ISO-10303-21;
HEADER;
FILE_DESCRIPTION(('ViewDefinition[CoordinationView_V2.0, QuantityTakeOffAddOnView]', 'ExchangeRequirement[Structural, SurfaceGeometry]', 'Option [BaseQuantities:On]', 'Option [GridExport:On]', 'Option [Assemblies:Off]', 'Option [Bolts:On]', 'Option [Rebars:On]', 'Option [PourObjects:Off]', 'Option [Welds:Off]', 'Option [SurfaceTreatments:On]', 'Option [LocationBy:0]', 'Option [ViewColors:Off]', 'Option [SectionedSpine:Off]', 'Option [PropertySets:On]', 'Option [Export all:Off]'),'2;1');
FILE_NAME('5-1-A14.ifc','2026-03-10T09:15:05',('DESKTOP-NLV509P\\Ahmed'),('Structural Designer'),'IFC Parser version: 3.13.2','Tekla Structures 2023 Service Pack 8, IFC Export Version: 4.0.0.0 Jan 19 2024','');
FILE_SCHEMA(('IFC2X3'));
ENDSEC;

DATA;
#1= IFCPERSON('DESKTOP-NLV509P\\Ahmed','Undefined',$,$,$,$,$,$);
#2= IFCORGANIZATION($,'Trimble Solutions Corporation',$,$,$);
#3= IFCPERSONANDORGANIZATION(#1,#2,$);
#4= IFCAPPLICATION(#2,'2023 Service Pack 8','Tekla Structures','Multi material modeling');
#5= IFCOWNERHISTORY(#3,#4,$,.NOCHANGE.,$,$,$,1773123305);
#6= IFCCARTESIANPOINT((0.,0.,0.));
#7= IFCDIRECTION((1.,0.,0.));
#8= IFCDIRECTION((0.,1.,0.));
#9= IFCDIRECTION((0.,0.,1.));
#10= IFCAXIS2PLACEMENT3D(#6,#9,#7);
#11= IFCGEOMETRICREPRESENTATIONCONTEXT($,'Model',3,1.E-05,#10,$);
#12= IFCGEOMETRICREPRESENTATIONSUBCONTEXT('Body','Model',*,*,*,*,#11,$,.MODEL_VIEW.,$);
#13= IFCGEOMETRICREPRESENTATIONSUBCONTEXT('Axis','Model',*,*,*,*,#11,$,.GRAPH_VIEW.,$);
#14= IFCGEOMETRICREPRESENTATIONSUBCONTEXT('FootPrint','Model',*,*,*,*,#11,$,.MODEL_VIEW.,$);
#15= IFCSIUNIT(*,.LENGTHUNIT.,.MILLI.,.METRE.);
#16= IFCMEASUREWITHUNIT(IFCRATIOMEASURE(304.8),#15);
#17= IFCDIMENSIONALEXPONENTS(1,0,0,0,0,0,0);
#18= IFCCONVERSIONBASEDUNIT(#17,.LENGTHUNIT.,'FOOT',#16);
#19= IFCSIUNIT(*,.AREAUNIT.,$,.SQUARE_METRE.);
#20= IFCMEASUREWITHUNIT(IFCRATIOMEASURE(0.09290304),#19);
#21= IFCDIMENSIONALEXPONENTS(2,0,0,0,0,0,0);
#22= IFCCONVERSIONBASEDUNIT(#21,.AREAUNIT.,'SQUARE FOOT',#20);
#23= IFCSIUNIT(*,.VOLUMEUNIT.,$,.CUBIC_METRE.);
#24= IFCMEASUREWITHUNIT(IFCRATIOMEASURE(0.028316846592),#23);
#25= IFCDIMENSIONALEXPONENTS(3,0,0,0,0,0,0);
#26= IFCCONVERSIONBASEDUNIT(#25,.VOLUMEUNIT.,'CUBIC FOOT',#24);
#27= IFCSIUNIT(*,.MASSUNIT.,.KILO.,.GRAM.);
#28= IFCSIUNIT(*,.TIMEUNIT.,$,.SECOND.);
#29= IFCSIUNIT(*,.PLANEANGLEUNIT.,$,.RADIAN.);
#30= IFCMEASUREWITHUNIT(IFCRATIOMEASURE(0.0174532925199433),#29);
#31= IFCDIMENSIONALEXPONENTS(0,0,0,0,0,0,0);
#32= IFCCONVERSIONBASEDUNIT(#31,.PLANEANGLEUNIT.,'DEGREE',#30);
#33= IFCSIUNIT(*,.SOLIDANGLEUNIT.,$,.STERADIAN.);
#34= IFCSIUNIT(*,.THERMODYNAMICTEMPERATUREUNIT.,$,.DEGREE_CELSIUS.);
#35= IFCSIUNIT(*,.LUMINOUSINTENSITYUNIT.,$,.LUMEN.);
#36= IFCUNITASSIGNMENT((#15,#19,#23,#27,#28,#29,#33,#34,#35));
#37= IFCPROJECT('0f6InxrpP1UPMImqcWiBiW',#5,'Undefined',$,$,$,$,(#11),#36);
#38= IFCLOCALPLACEMENT($,#10);
#39= IFCSITE('1sx_7KRVv87OSpPbx6XD_5',#5,'Undefined',$,$,#38,$,$,.ELEMENT.,$,$,$,$,$);
#40= IFCLOCALPLACEMENT(#38,#10);
#41= IFCBUILDING('0IMeDhm9574wkO7tD1jlvz',#5,'Undefined',$,$,#40,$,$,.ELEMENT.,$,$,$);
#42= IFCLOCALPLACEMENT(#40,#10);
#43= IFCBUILDINGSTOREY('3gJPpYF7LCbf7I109fNVl5',#5,'Undefined',$,$,#42,$,$,.ELEMENT.,0.);
#44= IFCOWNERHISTORY(#3,#4,$,.NOCHANGE.,$,$,$,1770796800);
#45= IFCCOLOURRGB($,0.698039215686274,0.4,0.);
#46= IFCSURFACESTYLERENDERING(#45,0.,$,$,$,$,IFCNORMALISEDRATIOMEASURE(0.00390625),IFCSPECULAREXPONENT(10.),.NOTDEFINED.);
#47= IFCSURFACESTYLE('Undefined',.POSITIVE.,(#46));
#48= IFCPRESENTATIONSTYLEASSIGNMENT((#47));
#49= IFCCARTESIANPOINT((15.,106.184051075429,0.));
#50= IFCCARTESIANPOINT((12.9903810567663,106.184051075429,7.50000000000045));
#51= IFCCARTESIANPOINT((7.4999999999991,106.184051075429,12.9903810567671));
#52= IFCCARTESIANPOINT((-1.55450397240048E-12,106.184051075429,15.));
#53= IFCCARTESIANPOINT((-7.50000000000179,106.184051075429,12.9903810567655));
#54= IFCCARTESIANPOINT((-12.9903810567679,106.184051075429,7.49999999999776));
#55= IFCCARTESIANPOINT((-15.,106.184051075429,-3.10900794480097E-12));
#56= IFCCARTESIANPOINT((-12.9903810567648,106.184051075429,-7.50000000000313));
#57= IFCCARTESIANPOINT((-7.49999999999642,106.184051075429,-12.9903810567686));
#58= IFCCARTESIANPOINT((4.64685857183207E-12,106.184051075429,-15.));
#59= IFCCARTESIANPOINT((7.50000000000448,106.184051075429,-12.990381056764));
#60= IFCCARTESIANPOINT((12.9903810567694,106.184051075429,-7.49999999999507));
#61= IFCCARTESIANPOINT((15.,126.284051075791,0.));
#62= IFCCARTESIANPOINT((12.9903810567663,126.284051075791,7.50000000000045));
#63= IFCCARTESIANPOINT((7.4999999999991,126.284051075791,12.9903810567671));
#64= IFCCARTESIANPOINT((-1.55450397240048E-12,126.284051075791,15.));
#65= IFCCARTESIANPOINT((-7.50000000000179,126.284051075791,12.9903810567655));
#66= IFCCARTESIANPOINT((-12.9903810567679,126.284051075791,7.49999999999776));
#67= IFCCARTESIANPOINT((-15.,126.284051075791,-3.10900794480097E-12));
#68= IFCCARTESIANPOINT((-12.9903810567648,126.284051075791,-7.50000000000313));
#69= IFCCARTESIANPOINT((-7.49999999999642,126.284051075791,-12.9903810567686));
#70= IFCCARTESIANPOINT((4.64685857183207E-12,126.284051075791,-15.));
#71= IFCCARTESIANPOINT((7.50000000000448,126.284051075791,-12.990381056764));
#72= IFCCARTESIANPOINT((12.9903810567694,126.284051075791,-7.49999999999507));
#73= IFCPOLYLOOP((#49,#50,#51,#52,#53,#54,#55,#56,#57,#58,#59,#60));
#74= IFCFACEOUTERBOUND(#73,.T.);
#75= IFCFACE((#74));
#76= IFCPOLYLOOP((#72,#71,#70,#69,#68,#67,#66,#65,#64,#63,#62,#61));
#77= IFCFACEOUTERBOUND(#76,.T.);
#78= IFCFACE((#77));
#79= IFCPOLYLOOP((#49,#61,#62,#50));
#80= IFCFACEOUTERBOUND(#79,.T.);
#81= IFCFACE((#80));
#82= IFCPOLYLOOP((#50,#62,#63,#51));
#83= IFCFACEOUTERBOUND(#82,.T.);
#84= IFCFACE((#83));
#85= IFCPOLYLOOP((#51,#63,#64,#52));
#86= IFCFACEOUTERBOUND(#85,.T.);
#87= IFCFACE((#86));
#88= IFCPOLYLOOP((#52,#64,#65,#53));
#89= IFCFACEOUTERBOUND(#88,.T.);
#90= IFCFACE((#89));
#91= IFCPOLYLOOP((#53,#65,#66,#54));
#92= IFCFACEOUTERBOUND(#91,.T.);
#93= IFCFACE((#92));
#94= IFCPOLYLOOP((#54,#66,#67,#55));
#95= IFCFACEOUTERBOUND(#94,.T.);
#96= IFCFACE((#95));
#97= IFCPOLYLOOP((#55,#67,#68,#56));
#98= IFCFACEOUTERBOUND(#97,.T.);
#99= IFCFACE((#98));
#100= IFCPOLYLOOP((#56,#68,#69,#57));
#101= IFCFACEOUTERBOUND(#100,.T.);
#102= IFCFACE((#101));
#103= IFCPOLYLOOP((#57,#69,#70,#58));
#104= IFCFACEOUTERBOUND(#103,.T.);
#105= IFCFACE((#104));
#106= IFCPOLYLOOP((#58,#70,#71,#59));
#107= IFCFACEOUTERBOUND(#106,.T.);
#108= IFCFACE((#107));
#109= IFCPOLYLOOP((#59,#71,#72,#60));
#110= IFCFACEOUTERBOUND(#109,.T.);
#111= IFCFACE((#110));
#112= IFCPOLYLOOP((#60,#72,#61,#49));
#113= IFCFACEOUTERBOUND(#112,.T.);
#114= IFCFACE((#113));
#115= IFCCLOSEDSHELL((#75,#78,#81,#84,#87,#90,#93,#96,#99,#102,#105,#108,#111,#114));
#116= IFCCOLOURRGB($,0.,0.,0.);
#117= IFCSURFACESTYLERENDERING(#116,0.,$,$,$,$,IFCNORMALISEDRATIOMEASURE(0.00390625),IFCSPECULAREXPONENT(10.),.NOTDEFINED.);
#118= IFCSURFACESTYLE($,.POSITIVE.,(#117));
#119= IFCPRESENTATIONSTYLEASSIGNMENT((#118));
#120= IFCFACETEDBREP(#115);
#121= IFCSTYLEDITEM(#120,(#119),$);
#122= IFCCARTESIANTRANSFORMATIONOPERATOR3D($,$,#6,$,$);
#123= IFCSHAPEREPRESENTATION(#12,'Body','Brep',(#120));
#124= IFCREPRESENTATIONMAP(#10,#123);
#125= IFCMAPPEDITEM(#124,#122);
#126= IFCSHAPEREPRESENTATION(#12,'Body','MappedRepresentation',(#125));
#127= IFCPRODUCTDEFINITIONSHAPE($,$,(#126));
#128= IFCCARTESIANPOINT((1625.11050573441,17308.4918727761,9535.00019073488));
#129= IFCDIRECTION((0.,0.,-1.));
#130= IFCDIRECTION((-0.999999999728112,-2.33190000775233E-05,0.));
#131= IFCAXIS2PLACEMENT3D(#128,#129,#130);
#132= IFCLOCALPLACEMENT(#42,#131);
#133= IFCMECHANICALFASTENER('11MeIGKSH5xekTxUykA_aS',#44,'Bolt assembly',$,$,#132,#127,'ID415a8490-51c4-45ee-8b9d-edef2e2be91c',28.,20.);
#134= IFCMECHANICALFASTENERTYPE('0D0h39DMH3rPiq2HEvCmcc',#5,'Bolt assembly',$,$,$,$,$,$);
#135= IFCPROPERTYSINGLEVALUE('Washer count',$,IFCINTEGER(0),$);
#136= IFCPROPERTYSINGLEVALUE('Washer diameter',$,IFCLENGTHMEASURE(28.),$);
#137= IFCPROPERTYSINGLEVALUE('Washer type',$,IFCLABEL('PLAIN'),$);
#138= IFCPROPERTYSINGLEVALUE('Washer name',$,IFCLABEL(''),$);
#139= IFCPROPERTYSINGLEVALUE('Nut count',$,IFCINTEGER(0),$);
#140= IFCPROPERTYSINGLEVALUE('Nut type',$,IFCLABEL('HEAVY_HEX'),$);
#141= IFCPROPERTYSINGLEVALUE('Nut name',$,IFCLABEL(''),$);
#142= IFCPROPERTYSINGLEVALUE('Slotted hole y',$,IFCLENGTHMEASURE(0.),$);
#143= IFCPROPERTYSINGLEVALUE('Slotted hole x',$,IFCLENGTHMEASURE(0.),$);
#144= IFCPROPERTYSINGLEVALUE('Bolt hole diameter',$,IFCLENGTHMEASURE(30.),$);
#145= IFCPROPERTYSINGLEVALUE('Location',$,IFCLABEL('Site'),$);
#146= IFCPROPERTYSINGLEVALUE('Bolt count',$,IFCINTEGER(1),$);
#147= IFCPROPERTYSINGLEVALUE('Bolt size',$,IFCLENGTHMEASURE(30.),$);
#148= IFCPROPERTYSINGLEVALUE('Bolt length',$,IFCLENGTHMEASURE(20.),$);
#149= IFCPROPERTYSINGLEVALUE('Bolt standard',$,IFCLABEL(''),$);
#150= IFCPROPERTYSINGLEVALUE('Bolt Name',$,IFCLABEL(''),$);
#151= IFCPROPERTYSET('2_r_uzsiv0gwb2P3SG_vNp',#5,'Tekla Bolt','Bolt Properties',(#135,#136,#137,#138,#139,#140,#141,#142,#143,#144,#145,#146,#147,#148,#149,#150));
#152= IFCMATERIAL('Undefined');
#153= IFCCARTESIANPOINT((15.,-9.99999999908366,0.));
#154= IFCCARTESIANPOINT((12.9903810567663,-9.99999999908366,7.50000000000045));
#155= IFCCARTESIANPOINT((7.4999999999991,-9.99999999908366,12.9903810567671));
#156= IFCCARTESIANPOINT((-1.55450397240048E-12,-9.99999999908366,15.));
#157= IFCCARTESIANPOINT((-7.50000000000179,-9.99999999908366,12.9903810567655));
#158= IFCCARTESIANPOINT((-12.9903810567679,-9.99999999908366,7.49999999999776));
#159= IFCCARTESIANPOINT((-15.,-9.99999999908366,-3.10900794480097E-12));
#160= IFCCARTESIANPOINT((-12.9903810567648,-9.99999999908366,-7.50000000000313));
#161= IFCCARTESIANPOINT((-7.49999999999642,-9.99999999908366,-12.9903810567686));
#162= IFCCARTESIANPOINT((4.64685857183207E-12,-9.99999999908366,-15.));
#163= IFCCARTESIANPOINT((7.50000000000448,-9.99999999908366,-12.990381056764));
#164= IFCCARTESIANPOINT((12.9903810567694,-9.99999999908366,-7.49999999999507));
#165= IFCCARTESIANPOINT((15.,10.1000000009636,0.));
#166= IFCCARTESIANPOINT((12.9903810567663,10.1000000009636,7.50000000000045));
#167= IFCCARTESIANPOINT((7.4999999999991,10.1000000009636,12.9903810567671));
#168= IFCCARTESIANPOINT((-1.55450397240048E-12,10.1000000009636,15.));
#169= IFCCARTESIANPOINT((-7.50000000000179,10.1000000009636,12.9903810567655));
#170= IFCCARTESIANPOINT((-12.9903810567679,10.1000000009636,7.49999999999776));
#171= IFCCARTESIANPOINT((-15.,10.1000000009636,-3.10900794480097E-12));
#172= IFCCARTESIANPOINT((-12.9903810567648,10.1000000009636,-7.50000000000313));
#173= IFCCARTESIANPOINT((-7.49999999999642,10.1000000009636,-12.9903810567686));
#174= IFCCARTESIANPOINT((4.64685857183207E-12,10.1000000009636,-15.));
#175= IFCCARTESIANPOINT((7.50000000000448,10.1000000009636,-12.990381056764));
#176= IFCCARTESIANPOINT((12.9903810567694,10.1000000009636,-7.49999999999507));
#177= IFCPOLYLOOP((#153,#154,#155,#156,#157,#158,#159,#160,#161,#162,#163,#164));
#178= IFCFACEOUTERBOUND(#177,.T.);
#179= IFCFACE((#178));
#180= IFCPOLYLOOP((#176,#175,#174,#173,#172,#171,#170,#169,#168,#167,#166,#165));
#181= IFCFACEOUTERBOUND(#180,.T.);
#182= IFCFACE((#181));
#183= IFCPOLYLOOP((#153,#165,#166,#154));
#184= IFCFACEOUTERBOUND(#183,.T.);
#185= IFCFACE((#184));
#186= IFCPOLYLOOP((#154,#166,#167,#155));
#187= IFCFACEOUTERBOUND(#186,.T.);
#188= IFCFACE((#187));
#189= IFCPOLYLOOP((#155,#167,#168,#156));
#190= IFCFACEOUTERBOUND(#189,.T.);
#191= IFCFACE((#190));
#192= IFCPOLYLOOP((#156,#168,#169,#157));
#193= IFCFACEOUTERBOUND(#192,.T.);
#194= IFCFACE((#193));
#195= IFCPOLYLOOP((#157,#169,#170,#158));
#196= IFCFACEOUTERBOUND(#195,.T.);
#197= IFCFACE((#196));
#198= IFCPOLYLOOP((#158,#170,#171,#159));
#199= IFCFACEOUTERBOUND(#198,.T.);
#200= IFCFACE((#199));
#201= IFCPOLYLOOP((#159,#171,#172,#160));
#202= IFCFACEOUTERBOUND(#201,.T.);
#203= IFCFACE((#202));
#204= IFCPOLYLOOP((#160,#172,#173,#161));
#205= IFCFACEOUTERBOUND(#204,.T.);
#206= IFCFACE((#205));
#207= IFCPOLYLOOP((#161,#173,#174,#162));
#208= IFCFACEOUTERBOUND(#207,.T.);
#209= IFCFACE((#208));
#210= IFCPOLYLOOP((#162,#174,#175,#163));
#211= IFCFACEOUTERBOUND(#210,.T.);
#212= IFCFACE((#211));
#213= IFCPOLYLOOP((#163,#175,#176,#164));
#214= IFCFACEOUTERBOUND(#213,.T.);
#215= IFCFACE((#214));
#216= IFCPOLYLOOP((#164,#176,#165,#153));
#217= IFCFACEOUTERBOUND(#216,.T.);
#218= IFCFACE((#217));
#219= IFCCLOSEDSHELL((#179,#182,#185,#188,#191,#194,#197,#200,#203,#206,#209,#212,#215,#218));
#220= IFCFACETEDBREP(#219);
#221= IFCSTYLEDITEM(#220,(#119),$);
#222= IFCSHAPEREPRESENTATION(#12,'Body','Brep',(#220));
#223= IFCREPRESENTATIONMAP(#10,#222);
#224= IFCMAPPEDITEM(#223,#122);
#225= IFCSHAPEREPRESENTATION(#12,'Body','MappedRepresentation',(#224));
#226= IFCPRODUCTDEFINITIONSHAPE($,$,(#225));
#227= IFCCARTESIANPOINT((1625.10966325744,17424.6759238508,9755.00019081113));
#228= IFCDIRECTION((-0.999999999849662,-1.73399999948742E-05,0.));
#229= IFCAXIS2PLACEMENT3D(#227,#228,#9);
#230= IFCLOCALPLACEMENT(#42,#229);
#231= IFCMECHANICALFASTENER('0V0$vNgaD24fCJYk1yZ4Cs',#44,'Bolt assembly',$,$,#230,#226,'ID1f03fe57-aa43-4212-9313-8ae07c8c4336',28.,20.);
#232= IFCMAPPEDITEM(#223,#122);
#233= IFCSHAPEREPRESENTATION(#12,'Body','MappedRepresentation',(#232));
#234= IFCPRODUCTDEFINITIONSHAPE($,$,(#233));
#235= IFCCARTESIANPOINT((1625.10966325799,17424.675923849,9975.00019081113));
#236= IFCAXIS2PLACEMENT3D(#235,#228,#9);
#237= IFCLOCALPLACEMENT(#42,#236);
#238= IFCMECHANICALFASTENER('2Cb0_2t9H4cvrUrR0CKS$C',#44,'Bolt assembly',$,$,#237,#234,'ID8c940f82-dc94-449b-9d5e-d5b00c51cfcc',28.,20.);
#239= IFCMAPPEDITEM(#223,#122);
#240= IFCSHAPEREPRESENTATION(#12,'Body','MappedRepresentation',(#239));
#241= IFCPRODUCTDEFINITIONSHAPE($,$,(#240));
#242= IFCCARTESIANPOINT((1625.10966325745,17424.6759238455,10475.0001908111));
#243= IFCAXIS2PLACEMENT3D(#242,#228,#9);
#244= IFCLOCALPLACEMENT(#42,#243);
#245= IFCMECHANICALFASTENER('19MUPMicfCTOaxRolqBo8r',#44,'Bolt assembly',$,$,#244,#241,'ID4959e656-b26a-4c75-893b-6f2bf42f2235',28.,20.);
#246= IFCMAPPEDITEM(#223,#122);
#247= IFCSHAPEREPRESENTATION(#12,'Body','MappedRepresentation',(#246));
#248= IFCPRODUCTDEFINITIONSHAPE($,$,(#247));
#249= IFCCARTESIANPOINT((1625.10966325745,17424.6759238472,10695.0001908111));
#250= IFCAXIS2PLACEMENT3D(#249,#228,#9);
#251= IFCLOCALPLACEMENT(#42,#250);
#252= IFCMECHANICALFASTENER('2uNmmnIML6CP3IkAtLCco_',#44,'Bolt assembly',$,$,#251,#248,'IDb85f0c31-4965-4631-90d2-b8add5326cbe',28.,20.);
#253= IFCMAPPEDITEM(#223,#122);
#254= IFCSHAPEREPRESENTATION(#12,'Body','MappedRepresentation',(#253));
#255= IFCPRODUCTDEFINITIONSHAPE($,$,(#254));
#256= IFCCARTESIANPOINT((1625.10966325727,17424.6759238472,10915.0001908111));
#257= IFCAXIS2PLACEMENT3D(#256,#228,#9);
#258= IFCLOCALPLACEMENT(#42,#257);
#259= IFCMECHANICALFASTENER('1ojROx2EHFZO_lK1CSA3l1',#44,'Bolt assembly',$,$,#258,#255,'ID72b5b63b-08e4-4f8d-8faf-50131c283bc1',28.,20.);
#260= IFCCARTESIANPOINT((15.,106.191333873719,0.));
#261= IFCCARTESIANPOINT((12.9903810567663,106.191333873719,7.50000000000045));
#262= IFCCARTESIANPOINT((7.4999999999991,106.191333873719,12.9903810567671));
#263= IFCCARTESIANPOINT((-1.55450397240048E-12,106.191333873719,15.));
#264= IFCCARTESIANPOINT((-7.50000000000179,106.191333873719,12.9903810567655));
#265= IFCCARTESIANPOINT((-12.9903810567679,106.191333873719,7.49999999999776));
#266= IFCCARTESIANPOINT((-15.,106.191333873719,-3.10900794480097E-12));
#267= IFCCARTESIANPOINT((-12.9903810567648,106.191333873719,-7.50000000000313));
#268= IFCCARTESIANPOINT((-7.49999999999642,106.191333873719,-12.9903810567686));
#269= IFCCARTESIANPOINT((4.64685857183207E-12,106.191333873719,-15.));
#270= IFCCARTESIANPOINT((7.50000000000448,106.191333873719,-12.990381056764));
#271= IFCCARTESIANPOINT((12.9903810567694,106.191333873719,-7.49999999999507));
#272= IFCCARTESIANPOINT((15.,126.29133387408,0.));
#273= IFCCARTESIANPOINT((12.9903810567663,126.29133387408,7.50000000000045));
#274= IFCCARTESIANPOINT((7.4999999999991,126.29133387408,12.9903810567671));
#275= IFCCARTESIANPOINT((-1.55450397240048E-12,126.29133387408,15.));
#276= IFCCARTESIANPOINT((-7.50000000000179,126.29133387408,12.9903810567655));
#277= IFCCARTESIANPOINT((-12.9903810567679,126.29133387408,7.49999999999776));
#278= IFCCARTESIANPOINT((-15.,126.29133387408,-3.10900794480097E-12));
#279= IFCCARTESIANPOINT((-12.9903810567648,126.29133387408,-7.50000000000313));
#280= IFCCARTESIANPOINT((-7.49999999999642,126.29133387408,-12.9903810567686));
#281= IFCCARTESIANPOINT((4.64685857183207E-12,126.29133387408,-15.));
#282= IFCCARTESIANPOINT((7.50000000000448,126.29133387408,-12.990381056764));
#283= IFCCARTESIANPOINT((12.9903810567694,126.29133387408,-7.49999999999507));
#284= IFCPOLYLOOP((#260,#261,#262,#263,#264,#265,#266,#267,#268,#269,#270,#271));
#285= IFCFACEOUTERBOUND(#284,.T.);
#286= IFCFACE((#285));
#287= IFCPOLYLOOP((#283,#282,#281,#280,#279,#278,#277,#276,#275,#274,#273,#272));
#288= IFCFACEOUTERBOUND(#287,.T.);
#289= IFCFACE((#288));
#290= IFCPOLYLOOP((#260,#272,#273,#261));
#291= IFCFACEOUTERBOUND(#290,.T.);
#292= IFCFACE((#291));
#293= IFCPOLYLOOP((#261,#273,#274,#262));
#294= IFCFACEOUTERBOUND(#293,.T.);
#295= IFCFACE((#294));
#296= IFCPOLYLOOP((#262,#274,#275,#263));
#297= IFCFACEOUTERBOUND(#296,.T.);
#298= IFCFACE((#297));
#299= IFCPOLYLOOP((#263,#275,#276,#264));
#300= IFCFACEOUTERBOUND(#299,.T.);
#301= IFCFACE((#300));
#302= IFCPOLYLOOP((#264,#276,#277,#265));
#303= IFCFACEOUTERBOUND(#302,.T.);
#304= IFCFACE((#303));
#305= IFCPOLYLOOP((#265,#277,#278,#266));
#306= IFCFACEOUTERBOUND(#305,.T.);
#307= IFCFACE((#306));
#308= IFCPOLYLOOP((#266,#278,#279,#267));
#309= IFCFACEOUTERBOUND(#308,.T.);
#310= IFCFACE((#309));
#311= IFCPOLYLOOP((#267,#279,#280,#268));
#312= IFCFACEOUTERBOUND(#311,.T.);
#313= IFCFACE((#312));
#314= IFCPOLYLOOP((#268,#280,#281,#269));
#315= IFCFACEOUTERBOUND(#314,.T.);
#316= IFCFACE((#315));
#317= IFCPOLYLOOP((#269,#281,#282,#270));
#318= IFCFACEOUTERBOUND(#317,.T.);
#319= IFCFACE((#318));
#320= IFCPOLYLOOP((#270,#282,#283,#271));
#321= IFCFACEOUTERBOUND(#320,.T.);
#322= IFCFACE((#321));
#323= IFCPOLYLOOP((#271,#283,#272,#260));
#324= IFCFACEOUTERBOUND(#323,.T.);
#325= IFCFACE((#324));
#326= IFCCLOSEDSHELL((#286,#289,#292,#295,#298,#301,#304,#307,#310,#313,#316,#319,#322,#325));
#327= IFCFACETEDBREP(#326);
#328= IFCSTYLEDITEM(#327,(#119),$);
#329= IFCSHAPEREPRESENTATION(#12,'Body','Brep',(#327));
#330= IFCREPRESENTATIONMAP(#10,#329);
#331= IFCMAPPEDITEM(#330,#122);
#332= IFCSHAPEREPRESENTATION(#12,'Body','MappedRepresentation',(#331));
#333= IFCPRODUCTDEFINITIONSHAPE($,$,(#332));
#334= IFCCARTESIANPOINT((2045.11050573439,17308.491872777,10915.0001907349));
#335= IFCAXIS2PLACEMENT3D(#334,#129,#130);
#336= IFCLOCALPLACEMENT(#42,#335);
#337= IFCMECHANICALFASTENER('36nDQjdPv6N8eC6Iiqq1IK',#44,'Bolt assembly',$,$,#336,#333,'IDc6c4d6ad-9d9e-465c-8a0c-192b34d01494',28.,20.);
#338= IFCMAPPEDITEM(#330,#122);
#339= IFCSHAPEREPRESENTATION(#12,'Body','MappedRepresentation',(#338));
#340= IFCPRODUCTDEFINITIONSHAPE($,$,(#339));
#341= IFCCARTESIANPOINT((2045.11050573439,17308.491872777,10695.0001907349));
#342= IFCAXIS2PLACEMENT3D(#341,#129,#130);
#343= IFCLOCALPLACEMENT(#42,#342);
#344= IFCMECHANICALFASTENER('1OqJTqEfz6o9bBLeZ$js1p',#44,'Bolt assembly',$,$,#343,#340,'ID58d13774-3a9f-46c8-994b-5688ffb76073',28.,20.);
#345= IFCMAPPEDITEM(#330,#122);
#346= IFCSHAPEREPRESENTATION(#12,'Body','MappedRepresentation',(#345));
#347= IFCPRODUCTDEFINITIONSHAPE($,$,(#346));
#348= IFCCARTESIANPOINT((2045.11050573439,17308.491872777,10475.0001907349));
#349= IFCAXIS2PLACEMENT3D(#348,#129,#130);
#350= IFCLOCALPLACEMENT(#42,#349);
#351= IFCMECHANICALFASTENER('2HDT13jFX4EA0JK_ZitUNN',#44,'Bolt assembly',$,$,#350,#347,'ID9135d043-b4f8-4438-a013-53e8ecdde5d7',28.,20.);
#352= IFCCARTESIANPOINT((15.,106.188906273578,0.));
#353= IFCCARTESIANPOINT((12.9903810567663,106.188906273578,7.50000000000045));
#354= IFCCARTESIANPOINT((7.4999999999991,106.188906273578,12.9903810567671));
#355= IFCCARTESIANPOINT((-1.55450397240048E-12,106.188906273578,15.));
#356= IFCCARTESIANPOINT((-7.50000000000179,106.188906273578,12.9903810567655));
#357= IFCCARTESIANPOINT((-12.9903810567679,106.188906273578,7.49999999999776));
#358= IFCCARTESIANPOINT((-15.,106.188906273578,-3.10900794480097E-12));
#359= IFCCARTESIANPOINT((-12.9903810567648,106.188906273578,-7.50000000000313));
#360= IFCCARTESIANPOINT((-7.49999999999642,106.188906273578,-12.9903810567686));
#361= IFCCARTESIANPOINT((4.64685857183207E-12,106.188906273578,-15.));
#362= IFCCARTESIANPOINT((7.50000000000448,106.188906273578,-12.990381056764));
#363= IFCCARTESIANPOINT((12.9903810567694,106.188906273578,-7.49999999999507));
#364= IFCCARTESIANPOINT((15.,126.28890627394,0.));
#365= IFCCARTESIANPOINT((12.9903810567663,126.28890627394,7.50000000000045));
#366= IFCCARTESIANPOINT((7.4999999999991,126.28890627394,12.9903810567671));
#367= IFCCARTESIANPOINT((-1.55450397240048E-12,126.28890627394,15.));
#368= IFCCARTESIANPOINT((-7.50000000000179,126.28890627394,12.9903810567655));
#369= IFCCARTESIANPOINT((-12.9903810567679,126.28890627394,7.49999999999776));
#370= IFCCARTESIANPOINT((-15.,126.28890627394,-3.10900794480097E-12));
#371= IFCCARTESIANPOINT((-12.9903810567648,126.28890627394,-7.50000000000313));
#372= IFCCARTESIANPOINT((-7.49999999999642,126.28890627394,-12.9903810567686));
#373= IFCCARTESIANPOINT((4.64685857183207E-12,126.28890627394,-15.));
#374= IFCCARTESIANPOINT((7.50000000000448,126.28890627394,-12.990381056764));
#375= IFCCARTESIANPOINT((12.9903810567694,126.28890627394,-7.49999999999507));
#376= IFCPOLYLOOP((#352,#353,#354,#355,#356,#357,#358,#359,#360,#361,#362,#363));
#377= IFCFACEOUTERBOUND(#376,.T.);
#378= IFCFACE((#377));
#379= IFCPOLYLOOP((#375,#374,#373,#372,#371,#370,#369,#368,#367,#366,#365,#364));
#380= IFCFACEOUTERBOUND(#379,.T.);
#381= IFCFACE((#380));
#382= IFCPOLYLOOP((#352,#364,#365,#353));
#383= IFCFACEOUTERBOUND(#382,.T.);
#384= IFCFACE((#383));
#385= IFCPOLYLOOP((#353,#365,#366,#354));
#386= IFCFACEOUTERBOUND(#385,.T.);
#387= IFCFACE((#386));
#388= IFCPOLYLOOP((#354,#366,#367,#355));
#389= IFCFACEOUTERBOUND(#388,.T.);
#390= IFCFACE((#389));
#391= IFCPOLYLOOP((#355,#367,#368,#356));
#392= IFCFACEOUTERBOUND(#391,.T.);
#393= IFCFACE((#392));
#394= IFCPOLYLOOP((#356,#368,#369,#357));
#395= IFCFACEOUTERBOUND(#394,.T.);
#396= IFCFACE((#395));
#397= IFCPOLYLOOP((#357,#369,#370,#358));
#398= IFCFACEOUTERBOUND(#397,.T.);
#399= IFCFACE((#398));
#400= IFCPOLYLOOP((#358,#370,#371,#359));
#401= IFCFACEOUTERBOUND(#400,.T.);
#402= IFCFACE((#401));
#403= IFCPOLYLOOP((#359,#371,#372,#360));
#404= IFCFACEOUTERBOUND(#403,.T.);
#405= IFCFACE((#404));
#406= IFCPOLYLOOP((#360,#372,#373,#361));
#407= IFCFACEOUTERBOUND(#406,.T.);
#408= IFCFACE((#407));
#409= IFCPOLYLOOP((#361,#373,#374,#362));
#410= IFCFACEOUTERBOUND(#409,.T.);
#411= IFCFACE((#410));
#412= IFCPOLYLOOP((#362,#374,#375,#363));
#413= IFCFACEOUTERBOUND(#412,.T.);
#414= IFCFACE((#413));
#415= IFCPOLYLOOP((#363,#375,#364,#352));
#416= IFCFACEOUTERBOUND(#415,.T.);
#417= IFCFACE((#416));
#418= IFCCLOSEDSHELL((#378,#381,#384,#387,#390,#393,#396,#399,#402,#405,#408,#411,#414,#417));
#419= IFCFACETEDBREP(#418);
#420= IFCSTYLEDITEM(#419,(#119),$);
#421= IFCSHAPEREPRESENTATION(#12,'Body','Brep',(#419));
#422= IFCREPRESENTATIONMAP(#10,#421);
#423= IFCMAPPEDITEM(#422,#122);
#424= IFCSHAPEREPRESENTATION(#12,'Body','MappedRepresentation',(#423));
#425= IFCPRODUCTDEFINITIONSHAPE($,$,(#424));
#426= IFCCARTESIANPOINT((1905.11050573439,17308.491872777,10915.0001907349));
#427= IFCAXIS2PLACEMENT3D(#426,#129,#130);
#428= IFCLOCALPLACEMENT(#42,#427);
#429= IFCMECHANICALFASTENER('2Qff1gqL98yRj_oOmwGLqO',#44,'Bolt assembly',$,$,#428,#425,'ID9aa6906a-d152-48f1-bb7e-c98c3a415d18',28.,20.);
#430= IFCCARTESIANPOINT((15.,106.186478673468,0.));
#431= IFCCARTESIANPOINT((12.9903810567663,106.186478673468,7.50000000000045));
#432= IFCCARTESIANPOINT((7.4999999999991,106.186478673468,12.9903810567671));
#433= IFCCARTESIANPOINT((-1.55450397240048E-12,106.186478673468,15.));
#434= IFCCARTESIANPOINT((-7.50000000000179,106.186478673468,12.9903810567655));
#435= IFCCARTESIANPOINT((-12.9903810567679,106.186478673468,7.49999999999776));
#436= IFCCARTESIANPOINT((-15.,106.186478673468,-3.10900794480097E-12));
#437= IFCCARTESIANPOINT((-12.9903810567648,106.186478673468,-7.50000000000313));
#438= IFCCARTESIANPOINT((-7.49999999999642,106.186478673468,-12.9903810567686));
#439= IFCCARTESIANPOINT((4.64685857183207E-12,106.186478673468,-15.));
#440= IFCCARTESIANPOINT((7.50000000000448,106.186478673468,-12.990381056764));
#441= IFCCARTESIANPOINT((12.9903810567694,106.186478673468,-7.49999999999507));
#442= IFCCARTESIANPOINT((15.,126.28647867383,0.));
#443= IFCCARTESIANPOINT((12.9903810567663,126.28647867383,7.50000000000045));
#444= IFCCARTESIANPOINT((7.4999999999991,126.28647867383,12.9903810567671));
#445= IFCCARTESIANPOINT((-1.55450397240048E-12,126.28647867383,15.));
#446= IFCCARTESIANPOINT((-7.50000000000179,126.28647867383,12.9903810567655));
#447= IFCCARTESIANPOINT((-12.9903810567679,126.28647867383,7.49999999999776));
#448= IFCCARTESIANPOINT((-15.,126.28647867383,-3.10900794480097E-12));
#449= IFCCARTESIANPOINT((-12.9903810567648,126.28647867383,-7.50000000000313));
#450= IFCCARTESIANPOINT((-7.49999999999642,126.28647867383,-12.9903810567686));
#451= IFCCARTESIANPOINT((4.64685857183207E-12,126.28647867383,-15.));
#452= IFCCARTESIANPOINT((7.50000000000448,126.28647867383,-12.990381056764));
#453= IFCCARTESIANPOINT((12.9903810567694,126.28647867383,-7.49999999999507));
#454= IFCPOLYLOOP((#430,#431,#432,#433,#434,#435,#436,#437,#438,#439,#440,#441));
#455= IFCFACEOUTERBOUND(#454,.T.);
#456= IFCFACE((#455));
#457= IFCPOLYLOOP((#453,#452,#451,#450,#449,#448,#447,#446,#445,#444,#443,#442));
#458= IFCFACEOUTERBOUND(#457,.T.);
#459= IFCFACE((#458));
#460= IFCPOLYLOOP((#430,#442,#443,#431));
#461= IFCFACEOUTERBOUND(#460,.T.);
#462= IFCFACE((#461));
#463= IFCPOLYLOOP((#431,#443,#444,#432));
#464= IFCFACEOUTERBOUND(#463,.T.);
#465= IFCFACE((#464));
#466= IFCPOLYLOOP((#432,#444,#445,#433));
#467= IFCFACEOUTERBOUND(#466,.T.);
#468= IFCFACE((#467));
#469= IFCPOLYLOOP((#433,#445,#446,#434));
#470= IFCFACEOUTERBOUND(#469,.T.);
#471= IFCFACE((#470));
#472= IFCPOLYLOOP((#434,#446,#447,#435));
#473= IFCFACEOUTERBOUND(#472,.T.);
#474= IFCFACE((#473));
#475= IFCPOLYLOOP((#435,#447,#448,#436));
#476= IFCFACEOUTERBOUND(#475,.T.);
#477= IFCFACE((#476));
#478= IFCPOLYLOOP((#436,#448,#449,#437));
#479= IFCFACEOUTERBOUND(#478,.T.);
#480= IFCFACE((#479));
#481= IFCPOLYLOOP((#437,#449,#450,#438));
#482= IFCFACEOUTERBOUND(#481,.T.);
#483= IFCFACE((#482));
#484= IFCPOLYLOOP((#438,#450,#451,#439));
#485= IFCFACEOUTERBOUND(#484,.T.);
#486= IFCFACE((#485));
#487= IFCPOLYLOOP((#439,#451,#452,#440));
#488= IFCFACEOUTERBOUND(#487,.T.);
#489= IFCFACE((#488));
#490= IFCPOLYLOOP((#440,#452,#453,#441));
#491= IFCFACEOUTERBOUND(#490,.T.);
#492= IFCFACE((#491));
#493= IFCPOLYLOOP((#441,#453,#442,#430));
#494= IFCFACEOUTERBOUND(#493,.T.);
#495= IFCFACE((#494));
#496= IFCCLOSEDSHELL((#456,#459,#462,#465,#468,#471,#474,#477,#480,#483,#486,#489,#492,#495));
#497= IFCFACETEDBREP(#496);
#498= IFCSTYLEDITEM(#497,(#119),$);
#499= IFCSHAPEREPRESENTATION(#12,'Body','Brep',(#497));
#500= IFCREPRESENTATIONMAP(#10,#499);
#501= IFCMAPPEDITEM(#500,#122);
#502= IFCSHAPEREPRESENTATION(#12,'Body','MappedRepresentation',(#501));
#503= IFCPRODUCTDEFINITIONSHAPE($,$,(#502));
#504= IFCCARTESIANPOINT((1765.11050573439,17308.491872777,10915.0001907349));
#505= IFCAXIS2PLACEMENT3D(#504,#129,#130);
#506= IFCLOCALPLACEMENT(#42,#505);
#507= IFCMECHANICALFASTENER('0v6WQhqZTE7wQfcayG_7pU',#44,'Bolt assembly',$,$,#506,#503,'ID391a06ab-d237-4e1f-a6a9-9a4f10f87cde',28.,20.);
#508= IFCMAPPEDITEM(#422,#122);
#509= IFCSHAPEREPRESENTATION(#12,'Body','MappedRepresentation',(#508));
#510= IFCPRODUCTDEFINITIONSHAPE($,$,(#509));
#511= IFCCARTESIANPOINT((1905.11050573492,17308.491872777,10695.0001907349));
#512= IFCAXIS2PLACEMENT3D(#511,#129,#130);
#513= IFCLOCALPLACEMENT(#42,#512);
#514= IFCMECHANICALFASTENER('2ET0h6f2r2ng2sRenjisue',#44,'Bolt assembly',$,$,#513,#510,'ID8e740ac6-a42d-42c6-a0b6-6e8c6db36e28',28.,20.);
#515= IFCMAPPEDITEM(#500,#122);
#516= IFCSHAPEREPRESENTATION(#12,'Body','MappedRepresentation',(#515));
#517= IFCPRODUCTDEFINITIONSHAPE($,$,(#516));
#518= IFCCARTESIANPOINT((1765.11050573439,17308.491872777,10695.0001907349));
#519= IFCAXIS2PLACEMENT3D(#518,#129,#130);
#520= IFCLOCALPLACEMENT(#42,#519);
#521= IFCMECHANICALFASTENER('2Uho15IDj4lgTdT5ySR8q$',#44,'Bolt assembly',$,$,#520,#517,'ID9eaf2045-48db-44be-a767-745f1c6c8d3f',28.,20.);
#522= IFCMAPPEDITEM(#422,#122);
#523= IFCSHAPEREPRESENTATION(#12,'Body','MappedRepresentation',(#522));
#524= IFCPRODUCTDEFINITIONSHAPE($,$,(#523));
#525= IFCCARTESIANPOINT((1905.11050573492,17308.491872777,10475.0001907349));
#526= IFCAXIS2PLACEMENT3D(#525,#129,#130);
#527= IFCLOCALPLACEMENT(#42,#526);
#528= IFCMECHANICALFASTENER('1ni0C$Zr196Qtrv6bqslSf',#44,'Bolt assembly',$,$,#527,#524,'ID71b0033f-8f50-4919-adf5-e46974daf729',28.,20.);
#529= IFCMAPPEDITEM(#500,#122);
#530= IFCSHAPEREPRESENTATION(#12,'Body','MappedRepresentation',(#529));
#531= IFCPRODUCTDEFINITIONSHAPE($,$,(#530));
#532= IFCCARTESIANPOINT((1765.11050573439,17308.491872777,10475.0001907349));
#533= IFCAXIS2PLACEMENT3D(#532,#129,#130);
#534= IFCLOCALPLACEMENT(#42,#533);
#535= IFCMECHANICALFASTENER('2IMOZrmuP8_BapDe12vDem',#44,'Bolt assembly',$,$,#534,#531,'ID925988f5-c386-48f8-b933-368042e4da30',28.,20.);
#536= IFCMAPPEDITEM(#330,#122);
#537= IFCSHAPEREPRESENTATION(#12,'Body','MappedRepresentation',(#536));
#538= IFCPRODUCTDEFINITIONSHAPE($,$,(#537));
#539= IFCCARTESIANPOINT((2045.11050573492,17308.491872777,9975.00019073488));
#540= IFCAXIS2PLACEMENT3D(#539,#129,#130);
#541= IFCLOCALPLACEMENT(#42,#540);
#542= IFCMECHANICALFASTENER('3$ZOi85bD5nOuSkAIi2iF2',#44,'Bolt assembly',$,$,#541,#538,'IDff8d8b08-1653-45c5-8e1c-b8a4ac0ac3c2',28.,20.);
#543= IFCMAPPEDITEM(#422,#122);
#544= IFCSHAPEREPRESENTATION(#12,'Body','MappedRepresentation',(#543));
#545= IFCPRODUCTDEFINITIONSHAPE($,$,(#544));
#546= IFCCARTESIANPOINT((1905.11050573492,17308.491872777,9975.00019073488));
#547= IFCAXIS2PLACEMENT3D(#546,#129,#130);
#548= IFCLOCALPLACEMENT(#42,#547);
#549= IFCMECHANICALFASTENER('0kcrV6Zv5F9QDfWqFE7Yl1',#44,'Bolt assembly',$,$,#548,#545,'ID2e9b57c6-8f91-4f25-a369-8343ce1e2bc1',28.,20.);
#550= IFCMAPPEDITEM(#500,#122);
#551= IFCSHAPEREPRESENTATION(#12,'Body','MappedRepresentation',(#550));
#552= IFCPRODUCTDEFINITIONSHAPE($,$,(#551));
#553= IFCCARTESIANPOINT((1765.11050573439,17308.491872777,9975.00019073488));
#554= IFCAXIS2PLACEMENT3D(#553,#129,#130);
#555= IFCLOCALPLACEMENT(#42,#554);
#556= IFCMECHANICALFASTENER('3IPwZVLpX7HAuGfk7TDyW9',#44,'Bolt assembly',$,$,#555,#552,'IDd267a8df-5738-4744-ae10-a6e1dd37c809',28.,20.);
#557= IFCMAPPEDITEM(#330,#122);
#558= IFCSHAPEREPRESENTATION(#12,'Body','MappedRepresentation',(#557));
#559= IFCPRODUCTDEFINITIONSHAPE($,$,(#558));
#560= IFCCARTESIANPOINT((2045.11050573492,17308.491872777,9755.00019073488));
#561= IFCAXIS2PLACEMENT3D(#560,#129,#130);
#562= IFCLOCALPLACEMENT(#42,#561);
#563= IFCMECHANICALFASTENER('1riTN7b917dhqcT8vH5wjF',#44,'Bolt assembly',$,$,#562,#559,'ID75b1d5c7-9490-479e-bd26-748e5117ab4f',28.,20.);
#564= IFCMAPPEDITEM(#422,#122);
#565= IFCSHAPEREPRESENTATION(#12,'Body','MappedRepresentation',(#564));
#566= IFCPRODUCTDEFINITIONSHAPE($,$,(#565));
#567= IFCCARTESIANPOINT((1905.11050573492,17308.491872777,9755.00019073488));
#568= IFCAXIS2PLACEMENT3D(#567,#129,#130);
#569= IFCLOCALPLACEMENT(#42,#568);
#570= IFCMECHANICALFASTENER('0PZ8V35qbFUvulN9wT04j2',#44,'Bolt assembly',$,$,#569,#566,'ID198c87c3-1749-4f7b-9e2f-5c9e9d004b42',28.,20.);
#571= IFCMAPPEDITEM(#500,#122);
#572= IFCSHAPEREPRESENTATION(#12,'Body','MappedRepresentation',(#571));
#573= IFCPRODUCTDEFINITIONSHAPE($,$,(#572));
#574= IFCCARTESIANPOINT((1765.11050573439,17308.491872777,9755.00019073488));
#575= IFCAXIS2PLACEMENT3D(#574,#129,#130);
#576= IFCLOCALPLACEMENT(#42,#575);
#577= IFCMECHANICALFASTENER('1OaKeXBJrElgBUtotbKyRx',#44,'Bolt assembly',$,$,#576,#573,'ID58914a21-2d3d-4ebe-a2de-df2de553c6fb',28.,20.);
#578= IFCMAPPEDITEM(#330,#122);
#579= IFCSHAPEREPRESENTATION(#12,'Body','MappedRepresentation',(#578));
#580= IFCPRODUCTDEFINITIONSHAPE($,$,(#579));
#581= IFCCARTESIANPOINT((2045.11050573492,17308.491872777,9535.00019073488));
#582= IFCAXIS2PLACEMENT3D(#581,#129,#130);
#583= IFCLOCALPLACEMENT(#42,#582);
#584= IFCMECHANICALFASTENER('1r6AAnE8rAk976ZOFd5u4T',#44,'Bolt assembly',$,$,#583,#580,'ID7518a2b1-388d-4ab8-91c6-8d83e717811d',28.,20.);
#585= IFCMAPPEDITEM(#422,#122);
#586= IFCSHAPEREPRESENTATION(#12,'Body','MappedRepresentation',(#585));
#587= IFCPRODUCTDEFINITIONSHAPE($,$,(#586));
#588= IFCCARTESIANPOINT((1905.11050573492,17308.491872777,9535.00019073488));
#589= IFCAXIS2PLACEMENT3D(#588,#129,#130);
#590= IFCLOCALPLACEMENT(#42,#589);
#591= IFCMECHANICALFASTENER('2JNfRCl351vucBaGihfgy5',#44,'Bolt assembly',$,$,#590,#587,'ID935e96cc-bc31-41e7-898b-910b2ba6af05',28.,20.);
#592= IFCMAPPEDITEM(#500,#122);
#593= IFCSHAPEREPRESENTATION(#12,'Body','MappedRepresentation',(#592));
#594= IFCPRODUCTDEFINITIONSHAPE($,$,(#593));
#595= IFCCARTESIANPOINT((1765.11050573439,17308.491872777,9535.00019073488));
#596= IFCAXIS2PLACEMENT3D(#595,#129,#130);
#597= IFCLOCALPLACEMENT(#42,#596);
#598= IFCMECHANICALFASTENER('0oRrV7rXbDbwj9MJDqMwdr',#44,'Bolt assembly',$,$,#597,#594,'ID326f57c7-d619-4d97-ab49-5933745ba9f5',28.,20.);
#599= IFCCARTESIANPOINT((30.,4.00024421392427,0.));
#600= IFCCARTESIANPOINT((25.9807621135326,4.00024421392427,15.0000000000009));
#601= IFCCARTESIANPOINT((14.9999999999982,4.00024421392427,25.9807621135342));
#602= IFCCARTESIANPOINT((-3.10900794480097E-12,4.00024421392427,30.));
#603= IFCCARTESIANPOINT((-15.0000000000036,4.00024421392427,25.9807621135311));
#604= IFCCARTESIANPOINT((-25.9807621135357,4.00024421392427,14.9999999999955));
#605= IFCCARTESIANPOINT((-30.,4.00024421392427,-6.21801588960193E-12));
#606= IFCCARTESIANPOINT((-25.9807621135295,4.00024421392427,-15.0000000000063));
#607= IFCCARTESIANPOINT((-14.9999999999928,4.00024421392427,-25.9807621135373));
#608= IFCCARTESIANPOINT((9.29371714366415E-12,4.00024421392427,-30.));
#609= IFCCARTESIANPOINT((15.000000000009,4.00024421392427,-25.980762113528));
#610= IFCCARTESIANPOINT((25.9807621135389,4.00024421392427,-14.9999999999901));
#611= IFCCARTESIANPOINT((30.,12.1002442138121,0.));
#612= IFCCARTESIANPOINT((25.9807621135326,12.1002442138121,15.0000000000009));
#613= IFCCARTESIANPOINT((14.9999999999982,12.1002442138121,25.9807621135342));
#614= IFCCARTESIANPOINT((-3.10900794480097E-12,12.1002442138121,30.));
#615= IFCCARTESIANPOINT((-15.0000000000036,12.1002442138121,25.9807621135311));
#616= IFCCARTESIANPOINT((-25.9807621135357,12.1002442138121,14.9999999999955));
#617= IFCCARTESIANPOINT((-30.,12.1002442138121,-6.21801588960193E-12));
#618= IFCCARTESIANPOINT((-25.9807621135295,12.1002442138121,-15.0000000000063));
#619= IFCCARTESIANPOINT((-14.9999999999928,12.1002442138121,-25.9807621135373));
#620= IFCCARTESIANPOINT((9.29371714366415E-12,12.1002442138121,-30.));
#621= IFCCARTESIANPOINT((15.000000000009,12.1002442138121,-25.980762113528));
#622= IFCCARTESIANPOINT((25.9807621135389,12.1002442138121,-14.9999999999901));
#623= IFCPOLYLOOP((#599,#600,#601,#602,#603,#604,#605,#606,#607,#608,#609,#610));
#624= IFCFACEOUTERBOUND(#623,.T.);
#625= IFCFACE((#624));
#626= IFCPOLYLOOP((#622,#621,#620,#619,#618,#617,#616,#615,#614,#613,#612,#611));
#627= IFCFACEOUTERBOUND(#626,.T.);
#628= IFCFACE((#627));
#629= IFCPOLYLOOP((#599,#611,#612,#600));
#630= IFCFACEOUTERBOUND(#629,.T.);
#631= IFCFACE((#630));
#632= IFCPOLYLOOP((#600,#612,#613,#601));
#633= IFCFACEOUTERBOUND(#632,.T.);
#634= IFCFACE((#633));
#635= IFCPOLYLOOP((#601,#613,#614,#602));
#636= IFCFACEOUTERBOUND(#635,.T.);
#637= IFCFACE((#636));
#638= IFCPOLYLOOP((#602,#614,#615,#603));
#639= IFCFACEOUTERBOUND(#638,.T.);
#640= IFCFACE((#639));
#641= IFCPOLYLOOP((#603,#615,#616,#604));
#642= IFCFACEOUTERBOUND(#641,.T.);
#643= IFCFACE((#642));
#644= IFCPOLYLOOP((#604,#616,#617,#605));
#645= IFCFACEOUTERBOUND(#644,.T.);
#646= IFCFACE((#645));
#647= IFCPOLYLOOP((#605,#617,#618,#606));
#648= IFCFACEOUTERBOUND(#647,.T.);
#649= IFCFACE((#648));
#650= IFCPOLYLOOP((#606,#618,#619,#607));
#651= IFCFACEOUTERBOUND(#650,.T.);
#652= IFCFACE((#651));
#653= IFCPOLYLOOP((#607,#619,#620,#608));
#654= IFCFACEOUTERBOUND(#653,.T.);
#655= IFCFACE((#654));
#656= IFCPOLYLOOP((#608,#620,#621,#609));
#657= IFCFACEOUTERBOUND(#656,.T.);
#658= IFCFACE((#657));
#659= IFCPOLYLOOP((#609,#621,#622,#610));
#660= IFCFACEOUTERBOUND(#659,.T.);
#661= IFCFACE((#660));
#662= IFCPOLYLOOP((#610,#622,#611,#599));
#663= IFCFACEOUTERBOUND(#662,.T.);
#664= IFCFACE((#663));
#665= IFCCLOSEDSHELL((#625,#628,#631,#634,#637,#640,#643,#646,#649,#652,#655,#658,#661,#664));
#666= IFCFACETEDBREP(#665);
#667= IFCSTYLEDITEM(#666,(#119),$);
#668= IFCSHAPEREPRESENTATION(#12,'Body','Brep',(#666));
#669= IFCREPRESENTATIONMAP(#10,#668);
#670= IFCMAPPEDITEM(#669,#122);
#671= IFCSHAPEREPRESENTATION(#12,'Body','MappedRepresentation',(#670));
#672= IFCPRODUCTDEFINITIONSHAPE($,$,(#671));
#673= IFCCARTESIANPOINT((1895.11359764597,17554.6809746427,10577.000028923));
#674= IFCDIRECTION((0.999999998754767,4.98339999830933E-05,-2.6529999995546E-06));
#675= IFCDIRECTION((-4.98339999844363E-05,0.999999998758286,0.));
#676= IFCAXIS2PLACEMENT3D(#673,#674,#675);
#677= IFCLOCALPLACEMENT(#42,#676);
#678= IFCMECHANICALFASTENER('3hp71cmaH3fB0IlBg0xwjS',#44,'Bolt assembly',$,$,#677,#672,'IDebcc7066-c244-43a4-b012-bcba80efab5c',58.,8.);
#679= IFCPROPERTYSINGLEVALUE('Washer diameter',$,IFCLENGTHMEASURE(58.),$);
#680= IFCPROPERTYSINGLEVALUE('Bolt hole diameter',$,IFCLENGTHMEASURE(60.),$);
#681= IFCPROPERTYSINGLEVALUE('Bolt size',$,IFCLENGTHMEASURE(60.),$);
#682= IFCPROPERTYSINGLEVALUE('Bolt length',$,IFCLENGTHMEASURE(8.),$);
#683= IFCPROPERTYSET('2jARErHl54buZXF1LQNpij',#5,'Tekla Bolt','Bolt Properties',(#135,#679,#137,#138,#139,#140,#141,#142,#143,#680,#145,#146,#681,#682,#149,#150));
#684= IFCCARTESIANPOINT((30.,4.00008365317324,0.));
#685= IFCCARTESIANPOINT((25.9807621135326,4.00008365317324,15.0000000000009));
#686= IFCCARTESIANPOINT((14.9999999999982,4.00008365317324,25.9807621135342));
#687= IFCCARTESIANPOINT((-3.10900794480097E-12,4.00008365317324,30.));
#688= IFCCARTESIANPOINT((-15.0000000000036,4.00008365317324,25.9807621135311));
#689= IFCCARTESIANPOINT((-25.9807621135357,4.00008365317324,14.9999999999955));
#690= IFCCARTESIANPOINT((-30.,4.00008365317324,-6.21801588960193E-12));
#691= IFCCARTESIANPOINT((-25.9807621135295,4.00008365317324,-15.0000000000063));
#692= IFCCARTESIANPOINT((-14.9999999999928,4.00008365317324,-25.9807621135373));
#693= IFCCARTESIANPOINT((9.29371714366415E-12,4.00008365317324,-30.));
#694= IFCCARTESIANPOINT((15.000000000009,4.00008365317324,-25.980762113528));
#695= IFCCARTESIANPOINT((25.9807621135389,4.00008365317324,-14.9999999999901));
#696= IFCCARTESIANPOINT((30.,12.1000836531647,0.));
#697= IFCCARTESIANPOINT((25.9807621135326,12.1000836531647,15.0000000000009));
#698= IFCCARTESIANPOINT((14.9999999999982,12.1000836531647,25.9807621135342));
#699= IFCCARTESIANPOINT((-3.10900794480097E-12,12.1000836531647,30.));
#700= IFCCARTESIANPOINT((-15.0000000000036,12.1000836531647,25.9807621135311));
#701= IFCCARTESIANPOINT((-25.9807621135357,12.1000836531647,14.9999999999955));
#702= IFCCARTESIANPOINT((-30.,12.1000836531647,-6.21801588960193E-12));
#703= IFCCARTESIANPOINT((-25.9807621135295,12.1000836531647,-15.0000000000063));
#704= IFCCARTESIANPOINT((-14.9999999999928,12.1000836531647,-25.9807621135373));
#705= IFCCARTESIANPOINT((9.29371714366415E-12,12.1000836531647,-30.));
#706= IFCCARTESIANPOINT((15.000000000009,12.1000836531647,-25.980762113528));
#707= IFCCARTESIANPOINT((25.9807621135389,12.1000836531647,-14.9999999999901));
#708= IFCPOLYLOOP((#684,#685,#686,#687,#688,#689,#690,#691,#692,#693,#694,#695));
#709= IFCFACEOUTERBOUND(#708,.T.);
#710= IFCFACE((#709));
#711= IFCPOLYLOOP((#707,#706,#705,#704,#703,#702,#701,#700,#699,#698,#697,#696));
#712= IFCFACEOUTERBOUND(#711,.T.);
#713= IFCFACE((#712));
#714= IFCPOLYLOOP((#684,#696,#697,#685));
#715= IFCFACEOUTERBOUND(#714,.T.);
#716= IFCFACE((#715));
#717= IFCPOLYLOOP((#685,#697,#698,#686));
#718= IFCFACEOUTERBOUND(#717,.T.);
#719= IFCFACE((#718));
#720= IFCPOLYLOOP((#686,#698,#699,#687));
#721= IFCFACEOUTERBOUND(#720,.T.);
#722= IFCFACE((#721));
#723= IFCPOLYLOOP((#687,#699,#700,#688));
#724= IFCFACEOUTERBOUND(#723,.T.);
#725= IFCFACE((#724));
#726= IFCPOLYLOOP((#688,#700,#701,#689));
#727= IFCFACEOUTERBOUND(#726,.T.);
#728= IFCFACE((#727));
#729= IFCPOLYLOOP((#689,#701,#702,#690));
#730= IFCFACEOUTERBOUND(#729,.T.);
#731= IFCFACE((#730));
#732= IFCPOLYLOOP((#690,#702,#703,#691));
#733= IFCFACEOUTERBOUND(#732,.T.);
#734= IFCFACE((#733));
#735= IFCPOLYLOOP((#691,#703,#704,#692));
#736= IFCFACEOUTERBOUND(#735,.T.);
#737= IFCFACE((#736));
#738= IFCPOLYLOOP((#692,#704,#705,#693));
#739= IFCFACEOUTERBOUND(#738,.T.);
#740= IFCFACE((#739));
#741= IFCPOLYLOOP((#693,#705,#706,#694));
#742= IFCFACEOUTERBOUND(#741,.T.);
#743= IFCFACE((#742));
#744= IFCPOLYLOOP((#694,#706,#707,#695));
#745= IFCFACEOUTERBOUND(#744,.T.);
#746= IFCFACE((#745));
#747= IFCPOLYLOOP((#695,#707,#696,#684));
#748= IFCFACEOUTERBOUND(#747,.T.);
#749= IFCFACE((#748));
#750= IFCCLOSEDSHELL((#710,#713,#716,#719,#722,#725,#728,#731,#734,#737,#740,#743,#746,#749));
#751= IFCFACETEDBREP(#750);
#752= IFCSTYLEDITEM(#751,(#119),$);
#753= IFCSHAPEREPRESENTATION(#12,'Body','Brep',(#751));
#754= IFCREPRESENTATIONMAP(#10,#753);
#755= IFCMAPPEDITEM(#754,#122);
#756= IFCSHAPEREPRESENTATION(#12,'Body','MappedRepresentation',(#755));
#757= IFCPRODUCTDEFINITIONSHAPE($,$,(#756));
#758= IFCCARTESIANPOINT((1775.11359779544,17554.6749945597,10577.0003472831));
#759= IFCAXIS2PLACEMENT3D(#758,#674,#675);
#760= IFCLOCALPLACEMENT(#42,#759);
#761= IFCMECHANICALFASTENER('0irSSFqn97r8STyZYow4TO',#44,'Bolt assembly',$,$,#760,#757,'ID2cd5c70f-d312-47d4-871d-f238b2e84758',58.,8.);
#762= IFCCARTESIANPOINT((10.,-5.99108573160362,0.));
#763= IFCCARTESIANPOINT((8.66025403784421,-5.99108573160362,5.0000000000003));
#764= IFCCARTESIANPOINT((4.9999999999994,-5.99108573160362,8.66025403784473));
#765= IFCCARTESIANPOINT((-1.03633598160032E-12,-5.99108573160362,10.));
#766= IFCCARTESIANPOINT((-5.00000000000119,-5.99108573160362,8.6602540378437));
#767= IFCCARTESIANPOINT((-8.66025403784525,-5.99108573160362,4.99999999999851));
#768= IFCCARTESIANPOINT((-10.,-5.99108573160362,-2.07267196320065E-12));
#769= IFCCARTESIANPOINT((-8.66025403784318,-5.99108573160362,-5.00000000000209));
#770= IFCCARTESIANPOINT((-4.99999999999761,-5.99108573160362,-8.66025403784576));
#771= IFCCARTESIANPOINT((3.09790571455472E-12,-5.99108573160362,-10.));
#772= IFCCARTESIANPOINT((5.00000000000299,-5.99108573160362,-8.66025403784266));
#773= IFCCARTESIANPOINT((8.66025403784628,-5.99108573160362,-4.99999999999671));
#774= IFCCARTESIANPOINT((10.,6.10891426983301,0.));
#775= IFCCARTESIANPOINT((8.66025403784421,6.10891426983301,5.0000000000003));
#776= IFCCARTESIANPOINT((4.9999999999994,6.10891426983301,8.66025403784473));
#777= IFCCARTESIANPOINT((-1.03633598160032E-12,6.10891426983301,10.));
#778= IFCCARTESIANPOINT((-5.00000000000119,6.10891426983301,8.6602540378437));
#779= IFCCARTESIANPOINT((-8.66025403784525,6.10891426983301,4.99999999999851));
#780= IFCCARTESIANPOINT((-10.,6.10891426983301,-2.07267196320065E-12));
#781= IFCCARTESIANPOINT((-8.66025403784318,6.10891426983301,-5.00000000000209));
#782= IFCCARTESIANPOINT((-4.99999999999761,6.10891426983301,-8.66025403784576));
#783= IFCCARTESIANPOINT((3.09790571455472E-12,6.10891426983301,-10.));
#784= IFCCARTESIANPOINT((5.00000000000299,6.10891426983301,-8.66025403784266));
#785= IFCCARTESIANPOINT((8.66025403784628,6.10891426983301,-4.99999999999671));
#786= IFCPOLYLOOP((#762,#763,#764,#765,#766,#767,#768,#769,#770,#771,#772,#773));
#787= IFCFACEOUTERBOUND(#786,.T.);
#788= IFCFACE((#787));
#789= IFCPOLYLOOP((#785,#784,#783,#782,#781,#780,#779,#778,#777,#776,#775,#774));
#790= IFCFACEOUTERBOUND(#789,.T.);
#791= IFCFACE((#790));
#792= IFCPOLYLOOP((#762,#774,#775,#763));
#793= IFCFACEOUTERBOUND(#792,.T.);
#794= IFCFACE((#793));
#795= IFCPOLYLOOP((#763,#775,#776,#764));
#796= IFCFACEOUTERBOUND(#795,.T.);
#797= IFCFACE((#796));
#798= IFCPOLYLOOP((#764,#776,#777,#765));
#799= IFCFACEOUTERBOUND(#798,.T.);
#800= IFCFACE((#799));
#801= IFCPOLYLOOP((#765,#777,#778,#766));
#802= IFCFACEOUTERBOUND(#801,.T.);
#803= IFCFACE((#802));
#804= IFCPOLYLOOP((#766,#778,#779,#767));
#805= IFCFACEOUTERBOUND(#804,.T.);
#806= IFCFACE((#805));
#807= IFCPOLYLOOP((#767,#779,#780,#768));
#808= IFCFACEOUTERBOUND(#807,.T.);
#809= IFCFACE((#808));
#810= IFCPOLYLOOP((#768,#780,#781,#769));
#811= IFCFACEOUTERBOUND(#810,.T.);
#812= IFCFACE((#811));
#813= IFCPOLYLOOP((#769,#781,#782,#770));
#814= IFCFACEOUTERBOUND(#813,.T.);
#815= IFCFACE((#814));
#816= IFCPOLYLOOP((#770,#782,#783,#771));
#817= IFCFACEOUTERBOUND(#816,.T.);
#818= IFCFACE((#817));
#819= IFCPOLYLOOP((#771,#783,#784,#772));
#820= IFCFACEOUTERBOUND(#819,.T.);
#821= IFCFACE((#820));
#822= IFCPOLYLOOP((#772,#784,#785,#773));
#823= IFCFACEOUTERBOUND(#822,.T.);
#824= IFCFACE((#823));
#825= IFCPOLYLOOP((#773,#785,#774,#762));
#826= IFCFACEOUTERBOUND(#825,.T.);
#827= IFCFACE((#826));
#828= IFCCLOSEDSHELL((#788,#791,#794,#797,#800,#803,#806,#809,#812,#815,#818,#821,#824,#827));
#829= IFCFACETEDBREP(#828);
#830= IFCSTYLEDITEM(#829,(#119),$);
#831= IFCSHAPEREPRESENTATION(#12,'Body','Brep',(#829));
#832= IFCREPRESENTATIONMAP(#10,#831);
#833= IFCMAPPEDITEM(#832,#122);
#834= IFCSHAPEREPRESENTATION(#12,'Body','MappedRepresentation',(#833));
#835= IFCPRODUCTDEFINITIONSHAPE($,$,(#834));
#836= IFCCARTESIANPOINT((1955.09945354838,17469.6829272222,10878.9987665831));
#837= IFCDIRECTION((-3.28480000152922E-05,0.999999999460504,0.));
#838= IFCAXIS2PLACEMENT3D(#836,#837,#9);
#839= IFCLOCALPLACEMENT(#42,#838);
#840= IFCMECHANICALFASTENER('3ujcEtgZr3UB5PyB_PEelV',#44,'Bolt assembly',$,$,#839,#835,'IDf8b663b7-aa3d-4378-b159-f0bf993a8bdf',18.,12.);
#841= IFCPROPERTYSINGLEVALUE('Washer diameter',$,IFCLENGTHMEASURE(18.),$);
#842= IFCPROPERTYSINGLEVALUE('Bolt hole diameter',$,IFCLENGTHMEASURE(20.),$);
#843= IFCPROPERTYSINGLEVALUE('Bolt size',$,IFCLENGTHMEASURE(20.),$);
#844= IFCPROPERTYSINGLEVALUE('Bolt length',$,IFCLENGTHMEASURE(12.),$);
#845= IFCPROPERTYSET('040RIai457ceTPxBUhW9F8',#5,'Tekla Bolt','Bolt Properties',(#135,#841,#137,#138,#139,#140,#141,#142,#143,#842,#145,#146,#843,#844,#149,#150));
#846= IFCMAPPEDITEM(#832,#122);
#847= IFCSHAPEREPRESENTATION(#12,'Body','MappedRepresentation',(#846));
#848= IFCPRODUCTDEFINITIONSHAPE($,$,(#847));
#849= IFCCARTESIANPOINT((1715.09945354838,17469.6829272221,10878.9987665831));
#850= IFCAXIS2PLACEMENT3D(#849,#837,#9);
#851= IFCLOCALPLACEMENT(#42,#850);
#852= IFCMECHANICALFASTENER('2NbtjCOfT40g9Yg8fBwmgs',#44,'Bolt assembly',$,$,#851,#848,'ID97977b4c-6297-4402-a262-a88a4beb0ab6',18.,12.);
#853= IFCSURFACESTYLE('TS10.9',.POSITIVE.,(#46));
#854= IFCPRESENTATIONSTYLEASSIGNMENT((#853));
#855= IFCCARTESIANPOINT((13.,-11.9000000000018,0.));
#856= IFCCARTESIANPOINT((11.2583302491975,-11.9000000000018,6.50000000000039));
#857= IFCCARTESIANPOINT((6.49999999999922,-11.9000000000018,11.2583302491982));
#858= IFCCARTESIANPOINT((-1.34723677608042E-12,-11.9000000000018,13.));
#859= IFCCARTESIANPOINT((-6.50000000000155,-11.9000000000018,11.2583302491968));
#860= IFCCARTESIANPOINT((-11.2583302491988,-11.9000000000018,6.49999999999806));
#861= IFCCARTESIANPOINT((-13.,-11.9000000000018,-2.69447355216084E-12));
#862= IFCCARTESIANPOINT((-11.2583302491961,-11.9000000000018,-6.50000000000272));
#863= IFCCARTESIANPOINT((-6.4999999999969,-11.9000000000018,-11.2583302491995));
#864= IFCCARTESIANPOINT((4.02727742892113E-12,-11.9000000000018,-13.));
#865= IFCCARTESIANPOINT((6.50000000000388,-11.9000000000018,-11.2583302491955));
#866= IFCCARTESIANPOINT((11.2583302492002,-11.9000000000018,-6.49999999999573));
#867= IFCCARTESIANPOINT((13.,0.0999999999981807,0.));
#868= IFCCARTESIANPOINT((11.2583302491975,0.0999999999981807,6.50000000000039));
#869= IFCCARTESIANPOINT((6.49999999999922,0.0999999999981807,11.2583302491982));
#870= IFCCARTESIANPOINT((-1.34723677608042E-12,0.0999999999981807,13.));
#871= IFCCARTESIANPOINT((-6.50000000000155,0.0999999999981807,11.2583302491968));
#872= IFCCARTESIANPOINT((-11.2583302491988,0.0999999999981807,6.49999999999806));
#873= IFCCARTESIANPOINT((-13.,0.0999999999981807,-2.69447355216084E-12));
#874= IFCCARTESIANPOINT((-11.2583302491961,0.0999999999981807,-6.50000000000272));
#875= IFCCARTESIANPOINT((-6.4999999999969,0.0999999999981807,-11.2583302491995));
#876= IFCCARTESIANPOINT((4.02727742892113E-12,0.0999999999981807,-13.));
#877= IFCCARTESIANPOINT((6.50000000000388,0.0999999999981807,-11.2583302491955));
#878= IFCCARTESIANPOINT((11.2583302492002,0.0999999999981807,-6.49999999999573));
#879= IFCPOLYLOOP((#855,#856,#857,#858,#859,#860,#861,#862,#863,#864,#865,#866));
#880= IFCFACEOUTERBOUND(#879,.T.);
#881= IFCFACE((#880));
#882= IFCPOLYLOOP((#878,#877,#876,#875,#874,#873,#872,#871,#870,#869,#868,#867));
#883= IFCFACEOUTERBOUND(#882,.T.);
#884= IFCFACE((#883));
#885= IFCPOLYLOOP((#855,#867,#868,#856));
#886= IFCFACEOUTERBOUND(#885,.T.);
#887= IFCFACE((#886));
#888= IFCPOLYLOOP((#856,#868,#869,#857));
#889= IFCFACEOUTERBOUND(#888,.T.);
#890= IFCFACE((#889));
#891= IFCPOLYLOOP((#857,#869,#870,#858));
#892= IFCFACEOUTERBOUND(#891,.T.);
#893= IFCFACE((#892));
#894= IFCPOLYLOOP((#858,#870,#871,#859));
#895= IFCFACEOUTERBOUND(#894,.T.);
#896= IFCFACE((#895));
#897= IFCPOLYLOOP((#859,#871,#872,#860));
#898= IFCFACEOUTERBOUND(#897,.T.);
#899= IFCFACE((#898));
#900= IFCPOLYLOOP((#860,#872,#873,#861));
#901= IFCFACEOUTERBOUND(#900,.T.);
#902= IFCFACE((#901));
#903= IFCPOLYLOOP((#861,#873,#874,#862));
#904= IFCFACEOUTERBOUND(#903,.T.);
#905= IFCFACE((#904));
#906= IFCPOLYLOOP((#862,#874,#875,#863));
#907= IFCFACEOUTERBOUND(#906,.T.);
#908= IFCFACE((#907));
#909= IFCPOLYLOOP((#863,#875,#876,#864));
#910= IFCFACEOUTERBOUND(#909,.T.);
#911= IFCFACE((#910));
#912= IFCPOLYLOOP((#864,#876,#877,#865));
#913= IFCFACEOUTERBOUND(#912,.T.);
#914= IFCFACE((#913));
#915= IFCPOLYLOOP((#865,#877,#878,#866));
#916= IFCFACEOUTERBOUND(#915,.T.);
#917= IFCFACE((#916));
#918= IFCPOLYLOOP((#866,#878,#867,#855));
#919= IFCFACEOUTERBOUND(#918,.T.);
#920= IFCFACE((#919));
#921= IFCCARTESIANPOINT((35.,0.,0.));
#922= IFCCARTESIANPOINT((34.0104339226466,0.,4.97488462074648));
#923= IFCCARTESIANPOINT((31.1923881554246,0.,9.19238815542559));
#924= IFCCARTESIANPOINT((26.9748846207452,0.,12.0104339226471));
#925= IFCCARTESIANPOINT((-22.0000000000013,0.,13.));
#926= IFCCARTESIANPOINT((-28.5000000000016,0.,11.2583302491968));
#927= IFCCARTESIANPOINT((-33.2583302491988,0.,6.49999999999806));
#928= IFCCARTESIANPOINT((-35.,0.,-2.69447355216084E-12));
#929= IFCCARTESIANPOINT((-33.2583302491961,0.,-6.50000000000272));
#930= IFCCARTESIANPOINT((-28.4999999999969,0.,-11.2583302491995));
#931= IFCCARTESIANPOINT((-21.999999999996,0.,-13.));
#932= IFCCARTESIANPOINT((22.000000000004,0.,-13.));
#933= IFCCARTESIANPOINT((28.5000000000039,0.,-11.2583302491955));
#934= IFCCARTESIANPOINT((33.2583302492002,0.,-6.49999999999573));
#935= IFCCARTESIANPOINT((35.,18.,0.));
#936= IFCCARTESIANPOINT((34.0104339226466,18.,4.97488462074648));
#937= IFCCARTESIANPOINT((31.1923881554246,18.,9.19238815542559));
#938= IFCCARTESIANPOINT((26.9748846207452,18.,12.0104339226471));
#939= IFCCARTESIANPOINT((-22.0000000000013,18.,13.));
#940= IFCCARTESIANPOINT((-28.5000000000016,18.,11.2583302491968));
#941= IFCCARTESIANPOINT((-33.2583302491988,18.,6.49999999999806));
#942= IFCCARTESIANPOINT((-35.,18.,-2.69447355216084E-12));
#943= IFCCARTESIANPOINT((-33.2583302491961,18.,-6.50000000000272));
#944= IFCCARTESIANPOINT((-28.4999999999969,18.,-11.2583302491995));
#945= IFCCARTESIANPOINT((-21.999999999996,18.,-13.));
#946= IFCCARTESIANPOINT((22.000000000004,18.,-13.));
#947= IFCCARTESIANPOINT((28.5000000000039,18.,-11.2583302491955));
#948= IFCCARTESIANPOINT((33.2583302492002,18.,-6.49999999999573));
#949= IFCPOLYLOOP((#921,#922,#923,#924,#925,#926,#927,#928,#929,#930,#931,#932,#933,#934));
#950= IFCFACEOUTERBOUND(#949,.T.);
#951= IFCFACE((#950));
#952= IFCPOLYLOOP((#935,#948,#947,#946,#945,#944,#943,#942,#941,#940,#939,#938,#937,#936));
#953= IFCFACEOUTERBOUND(#952,.T.);
#954= IFCFACE((#953));
#955= IFCPOLYLOOP((#921,#935,#936,#922));
#956= IFCFACEOUTERBOUND(#955,.T.);
#957= IFCFACE((#956));
#958= IFCPOLYLOOP((#922,#936,#937,#923));
#959= IFCFACEOUTERBOUND(#958,.T.);
#960= IFCFACE((#959));
#961= IFCPOLYLOOP((#923,#937,#938,#924));
#962= IFCFACEOUTERBOUND(#961,.T.);
#963= IFCFACE((#962));
#964= IFCPOLYLOOP((#924,#938,#939,#925));
#965= IFCFACEOUTERBOUND(#964,.T.);
#966= IFCFACE((#965));
#967= IFCPOLYLOOP((#925,#939,#940,#926));
#968= IFCFACEOUTERBOUND(#967,.T.);
#969= IFCFACE((#968));
#970= IFCPOLYLOOP((#926,#940,#941,#927));
#971= IFCFACEOUTERBOUND(#970,.T.);
#972= IFCFACE((#971));
#973= IFCPOLYLOOP((#927,#941,#942,#928));
#974= IFCFACEOUTERBOUND(#973,.T.);
#975= IFCFACE((#974));
#976= IFCPOLYLOOP((#928,#942,#943,#929));
#977= IFCFACEOUTERBOUND(#976,.T.);
#978= IFCFACE((#977));
#979= IFCPOLYLOOP((#929,#943,#944,#930));
#980= IFCFACEOUTERBOUND(#979,.T.);
#981= IFCFACE((#980));
#982= IFCPOLYLOOP((#930,#944,#945,#931));
#983= IFCFACEOUTERBOUND(#982,.T.);
#984= IFCFACE((#983));
#985= IFCPOLYLOOP((#931,#945,#946,#932));
#986= IFCFACEOUTERBOUND(#985,.T.);
#987= IFCFACE((#986));
#988= IFCPOLYLOOP((#932,#946,#947,#933));
#989= IFCFACEOUTERBOUND(#988,.T.);
#990= IFCFACE((#989));
#991= IFCPOLYLOOP((#933,#947,#948,#934));
#992= IFCFACEOUTERBOUND(#991,.T.);
#993= IFCFACE((#992));
#994= IFCPOLYLOOP((#934,#948,#935,#921));
#995= IFCFACEOUTERBOUND(#994,.T.);
#996= IFCFACE((#995));
#997= IFCCARTESIANPOINT((35.,376.,0.));
#998= IFCCARTESIANPOINT((34.0104339226466,376.,4.97488462074648));
#999= IFCCARTESIANPOINT((31.1923881554246,376.,9.19238815542559));
#1000= IFCCARTESIANPOINT((26.9748846207452,376.,12.0104339226471));
#1001= IFCCARTESIANPOINT((-22.0000000000013,376.,13.));
#1002= IFCCARTESIANPOINT((-28.5000000000016,376.,11.2583302491968));
#1003= IFCCARTESIANPOINT((-33.2583302491988,376.,6.49999999999806));
#1004= IFCCARTESIANPOINT((-35.,376.,-2.69447355216084E-12));
#1005= IFCCARTESIANPOINT((-33.2583302491961,376.,-6.50000000000272));
#1006= IFCCARTESIANPOINT((-28.4999999999969,376.,-11.2583302491995));
#1007= IFCCARTESIANPOINT((-21.999999999996,376.,-13.));
#1008= IFCCARTESIANPOINT((22.000000000004,376.,-13.));
#1009= IFCCARTESIANPOINT((28.5000000000039,376.,-11.2583302491955));
#1010= IFCCARTESIANPOINT((33.2583302492002,376.,-6.49999999999573));
#1011= IFCCARTESIANPOINT((35.,394.,0.));
#1012= IFCCARTESIANPOINT((34.0104339226466,394.,4.97488462074648));
#1013= IFCCARTESIANPOINT((31.1923881554246,394.,9.19238815542559));
#1014= IFCCARTESIANPOINT((26.9748846207452,394.,12.0104339226471));
#1015= IFCCARTESIANPOINT((-22.0000000000013,394.,13.));
#1016= IFCCARTESIANPOINT((-28.5000000000016,394.,11.2583302491968));
#1017= IFCCARTESIANPOINT((-33.2583302491988,394.,6.49999999999806));
#1018= IFCCARTESIANPOINT((-35.,394.,-2.69447355216084E-12));
#1019= IFCCARTESIANPOINT((-33.2583302491961,394.,-6.50000000000272));
#1020= IFCCARTESIANPOINT((-28.4999999999969,394.,-11.2583302491995));
#1021= IFCCARTESIANPOINT((-21.999999999996,394.,-13.));
#1022= IFCCARTESIANPOINT((22.000000000004,394.,-13.));
#1023= IFCCARTESIANPOINT((28.5000000000039,394.,-11.2583302491955));
#1024= IFCCARTESIANPOINT((33.2583302492002,394.,-6.49999999999573));
#1025= IFCPOLYLOOP((#997,#998,#999,#1000,#1001,#1002,#1003,#1004,#1005,#1006,#1007,#1008,#1009,#1010));
#1026= IFCFACEOUTERBOUND(#1025,.T.);
#1027= IFCFACE((#1026));
#1028= IFCPOLYLOOP((#1011,#1024,#1023,#1022,#1021,#1020,#1019,#1018,#1017,#1016,#1015,#1014,#1013,#1012));
#1029= IFCFACEOUTERBOUND(#1028,.T.);
#1030= IFCFACE((#1029));
#1031= IFCPOLYLOOP((#997,#1011,#1012,#998));
#1032= IFCFACEOUTERBOUND(#1031,.T.);
#1033= IFCFACE((#1032));
#1034= IFCPOLYLOOP((#998,#1012,#1013,#999));
#1035= IFCFACEOUTERBOUND(#1034,.T.);
#1036= IFCFACE((#1035));
#1037= IFCPOLYLOOP((#999,#1013,#1014,#1000));
#1038= IFCFACEOUTERBOUND(#1037,.T.);
#1039= IFCFACE((#1038));
#1040= IFCPOLYLOOP((#1000,#1014,#1015,#1001));
#1041= IFCFACEOUTERBOUND(#1040,.T.);
#1042= IFCFACE((#1041));
#1043= IFCPOLYLOOP((#1001,#1015,#1016,#1002));
#1044= IFCFACEOUTERBOUND(#1043,.T.);
#1045= IFCFACE((#1044));
#1046= IFCPOLYLOOP((#1002,#1016,#1017,#1003));
#1047= IFCFACEOUTERBOUND(#1046,.T.);
#1048= IFCFACE((#1047));
#1049= IFCPOLYLOOP((#1003,#1017,#1018,#1004));
#1050= IFCFACEOUTERBOUND(#1049,.T.);
#1051= IFCFACE((#1050));
#1052= IFCPOLYLOOP((#1004,#1018,#1019,#1005));
#1053= IFCFACEOUTERBOUND(#1052,.T.);
#1054= IFCFACE((#1053));
#1055= IFCPOLYLOOP((#1005,#1019,#1020,#1006));
#1056= IFCFACEOUTERBOUND(#1055,.T.);
#1057= IFCFACE((#1056));
#1058= IFCPOLYLOOP((#1006,#1020,#1021,#1007));
#1059= IFCFACEOUTERBOUND(#1058,.T.);
#1060= IFCFACE((#1059));
#1061= IFCPOLYLOOP((#1007,#1021,#1022,#1008));
#1062= IFCFACEOUTERBOUND(#1061,.T.);
#1063= IFCFACE((#1062));
#1064= IFCPOLYLOOP((#1008,#1022,#1023,#1009));
#1065= IFCFACEOUTERBOUND(#1064,.T.);
#1066= IFCFACE((#1065));
#1067= IFCPOLYLOOP((#1009,#1023,#1024,#1010));
#1068= IFCFACEOUTERBOUND(#1067,.T.);
#1069= IFCFACE((#1068));
#1070= IFCPOLYLOOP((#1010,#1024,#1011,#997));
#1071= IFCFACEOUTERBOUND(#1070,.T.);
#1072= IFCFACE((#1071));
#1073= IFCCARTESIANPOINT((13.,393.899999999998,0.));
#1074= IFCCARTESIANPOINT((11.2583302491975,393.899999999998,6.50000000000039));
#1075= IFCCARTESIANPOINT((6.49999999999922,393.899999999998,11.2583302491982));
#1076= IFCCARTESIANPOINT((-1.34723677608042E-12,393.899999999998,13.));
#1077= IFCCARTESIANPOINT((-6.50000000000155,393.899999999998,11.2583302491968));
#1078= IFCCARTESIANPOINT((-11.2583302491988,393.899999999998,6.49999999999806));
#1079= IFCCARTESIANPOINT((-13.,393.899999999998,-2.69447355216084E-12));
#1080= IFCCARTESIANPOINT((-11.2583302491961,393.899999999998,-6.50000000000272));
#1081= IFCCARTESIANPOINT((-6.4999999999969,393.899999999998,-11.2583302491995));
#1082= IFCCARTESIANPOINT((4.02727742892113E-12,393.899999999998,-13.));
#1083= IFCCARTESIANPOINT((6.50000000000388,393.899999999998,-11.2583302491955));
#1084= IFCCARTESIANPOINT((11.2583302492002,393.899999999998,-6.49999999999573));
#1085= IFCCARTESIANPOINT((13.,405.999999999998,0.));
#1086= IFCCARTESIANPOINT((11.2583302491975,405.999999999998,6.50000000000039));
#1087= IFCCARTESIANPOINT((6.49999999999922,405.999999999998,11.2583302491982));
#1088= IFCCARTESIANPOINT((-1.34723677608042E-12,405.999999999998,13.));
#1089= IFCCARTESIANPOINT((-6.50000000000155,405.999999999998,11.2583302491968));
#1090= IFCCARTESIANPOINT((-11.2583302491988,405.999999999998,6.49999999999806));
#1091= IFCCARTESIANPOINT((-13.,405.999999999998,-2.69447355216084E-12));
#1092= IFCCARTESIANPOINT((-11.2583302491961,405.999999999998,-6.50000000000272));
#1093= IFCCARTESIANPOINT((-6.4999999999969,405.999999999998,-11.2583302491995));
#1094= IFCCARTESIANPOINT((4.02727742892113E-12,405.999999999998,-13.));
#1095= IFCCARTESIANPOINT((6.50000000000388,405.999999999998,-11.2583302491955));
#1096= IFCCARTESIANPOINT((11.2583302492002,405.999999999998,-6.49999999999573));
#1097= IFCPOLYLOOP((#1073,#1074,#1075,#1076,#1077,#1078,#1079,#1080,#1081,#1082,#1083,#1084));
#1098= IFCFACEOUTERBOUND(#1097,.T.);
#1099= IFCFACE((#1098));
#1100= IFCPOLYLOOP((#1096,#1095,#1094,#1093,#1092,#1091,#1090,#1089,#1088,#1087,#1086,#1085));
#1101= IFCFACEOUTERBOUND(#1100,.T.);
#1102= IFCFACE((#1101));
#1103= IFCPOLYLOOP((#1073,#1085,#1086,#1074));
#1104= IFCFACEOUTERBOUND(#1103,.T.);
#1105= IFCFACE((#1104));
#1106= IFCPOLYLOOP((#1074,#1086,#1087,#1075));
#1107= IFCFACEOUTERBOUND(#1106,.T.);
#1108= IFCFACE((#1107));
#1109= IFCPOLYLOOP((#1075,#1087,#1088,#1076));
#1110= IFCFACEOUTERBOUND(#1109,.T.);
#1111= IFCFACE((#1110));
#1112= IFCPOLYLOOP((#1076,#1088,#1089,#1077));
#1113= IFCFACEOUTERBOUND(#1112,.T.);
#1114= IFCFACE((#1113));
#1115= IFCPOLYLOOP((#1077,#1089,#1090,#1078));
#1116= IFCFACEOUTERBOUND(#1115,.T.);
#1117= IFCFACE((#1116));
#1118= IFCPOLYLOOP((#1078,#1090,#1091,#1079));
#1119= IFCFACEOUTERBOUND(#1118,.T.);
#1120= IFCFACE((#1119));
#1121= IFCPOLYLOOP((#1079,#1091,#1092,#1080));
#1122= IFCFACEOUTERBOUND(#1121,.T.);
#1123= IFCFACE((#1122));
#1124= IFCPOLYLOOP((#1080,#1092,#1093,#1081));
#1125= IFCFACEOUTERBOUND(#1124,.T.);
#1126= IFCFACE((#1125));
#1127= IFCPOLYLOOP((#1081,#1093,#1094,#1082));
#1128= IFCFACEOUTERBOUND(#1127,.T.);
#1129= IFCFACE((#1128));
#1130= IFCPOLYLOOP((#1082,#1094,#1095,#1083));
#1131= IFCFACEOUTERBOUND(#1130,.T.);
#1132= IFCFACE((#1131));
#1133= IFCPOLYLOOP((#1083,#1095,#1096,#1084));
#1134= IFCFACEOUTERBOUND(#1133,.T.);
#1135= IFCFACE((#1134));
#1136= IFCPOLYLOOP((#1084,#1096,#1085,#1073));
#1137= IFCFACEOUTERBOUND(#1136,.T.);
#1138= IFCFACE((#1137));
#1139= IFCCLOSEDSHELL((#881,#884,#887,#890,#893,#896,#899,#902,#905,#908,#911,#914,#917,#920,#951,#954,#957,#960,#963,#966,#969,#972,#975,#978,#981,#984,#987,#990,#993,#996,#1027,#1030,#1033,#1036,#1039,#1042,#1045,#1048,#1051,#1054,#1057,#1060,#1063,#1066,#1069,#1072,#1099,#1102,#1105,#1108,#1111,#1114,#1117,#1120,#1123,#1126,#1129,#1132,#1135,#1138));
#1140= IFCFACETEDBREP(#1139);
#1141= IFCSTYLEDITEM(#1140,(#119),$);
#1142= IFCSHAPEREPRESENTATION(#12,'Body','Brep',(#1140));
#1143= IFCREPRESENTATIONMAP(#10,#1142);
#1144= IFCMAPPEDITEM(#1143,#122);
#1145= IFCSHAPEREPRESENTATION(#12,'Body','MappedRepresentation',(#1144));
#1146= IFCPRODUCTDEFINITIONSHAPE($,$,(#1145));
#1147= IFCCARTESIANPOINT((1775.10354033735,17554.6838456223,10424.0001907349));
#1148= IFCDIRECTION((-1.,0.,0.));
#1149= IFCAXIS2PLACEMENT3D(#1147,#1148,#8);
#1150= IFCLOCALPLACEMENT(#42,#1149);
#1151= IFCMECHANICALFASTENER('3_s$TNP6zFV97oE_yTH5Fn',#44,'Bolt assembly',$,$,#1150,#1146,'IDfedbf757-646f-4f7c-91f2-3bef1d4453f1',24.,418.);
#1152= IFCPROPERTYSINGLEVALUE('Washer diameter',$,IFCLENGTHMEASURE(24.),$);
#1153= IFCPROPERTYSINGLEVALUE('Washer type',$,IFCLABEL(''),$);
#1154= IFCPROPERTYSINGLEVALUE('Nut type',$,IFCLABEL(''),$);
#1155= IFCPROPERTYSINGLEVALUE('Slotted hole x',$,IFCLENGTHMEASURE(44.),$);
#1156= IFCPROPERTYSINGLEVALUE('Bolt hole diameter',$,IFCLENGTHMEASURE(26.),$);
#1157= IFCPROPERTYSINGLEVALUE('Bolt size',$,IFCLENGTHMEASURE(26.),$);
#1158= IFCPROPERTYSINGLEVALUE('Bolt length',$,IFCLENGTHMEASURE(418.),$);
#1159= IFCPROPERTYSINGLEVALUE('Bolt standard',$,IFCLABEL('TS10.9'),$);
#1160= IFCPROPERTYSET('232FCoUTH4oP9Ffn_h7oKk',#5,'Tekla Bolt','Bolt Properties',(#135,#1152,#1153,#138,#139,#1154,#141,#142,#1155,#1156,#145,#146,#1157,#1158,#1159,#150));
#1161= IFCMATERIAL('TS10.9');
#1162= IFCMAPPEDITEM(#1143,#122);
#1163= IFCSHAPEREPRESENTATION(#12,'Body','MappedRepresentation',(#1162));
#1164= IFCPRODUCTDEFINITIONSHAPE($,$,(#1163));
#1165= IFCCARTESIANPOINT((1895.1035403373,17554.6838456223,10424.0001907349));
#1166= IFCAXIS2PLACEMENT3D(#1165,#1148,#8);
#1167= IFCLOCALPLACEMENT(#42,#1166);
#1168= IFCMECHANICALFASTENER('1zBtERrNn8HwRCoBw1ltT5',#44,'Bolt assembly',$,$,#1167,#1164,'ID7d2f739b-d57c-4847-a6cc-c8be81bf7745',24.,418.);
#1169= IFCCOLOURRGB('Light Red',0.905882352941176,0.325490196078431,0.36078431372549);
#1170= IFCSURFACESTYLERENDERING(#1169,0.,$,$,$,$,IFCNORMALISEDRATIOMEASURE(0.00390625),IFCSPECULAREXPONENT(10.),.NOTDEFINED.);
#1171= IFCSURFACESTYLE('STEEL/S275',.POSITIVE.,(#1170));
#1172= IFCPRESENTATIONSTYLEASSIGNMENT((#1171));
#1173= IFCCARTESIANPOINT((5.45696821063757E-12,-6.,-7.27595761418343E-12));
#1174= IFCCARTESIANPOINT((5.45696821063757E-12,-6.00000000000159,53.9990844700551));
#1175= IFCCARTESIANPOINT((0.,5.99999999999909,53.999084470066));
#1176= IFCCARTESIANPOINT((0.,6.00000000000045,3.63797880709171E-12));
#1177= IFCPOLYLOOP((#1173,#1174,#1175,#1176));
#1178= IFCFACEOUTERBOUND(#1177,.T.);
#1179= IFCFACE((#1178));
#1180= IFCCARTESIANPOINT((429.999999999216,-6.00000000000728,269.999906286783));
#1181= IFCCARTESIANPOINT((429.999999999212,5.99999999999341,269.999906286794));
#1182= IFCPOLYLOOP((#1174,#1180,#1181,#1175));
#1183= IFCFACEOUTERBOUND(#1182,.T.);
#1184= IFCFACE((#1183));
#1185= IFCCARTESIANPOINT((494.999999999838,-6.00000000000705,270.000030514944));
#1186= IFCCARTESIANPOINT((494.999999999833,5.99999999999341,270.000030514955));
#1187= IFCPOLYLOOP((#1180,#1185,#1186,#1181));
#1188= IFCFACEOUTERBOUND(#1187,.T.);
#1189= IFCFACE((#1188));
#1190= IFCCARTESIANPOINT((494.999999999991,-6.00000000000068,19.99999999996));
#1191= IFCCARTESIANPOINT((494.999999999985,6.,19.9999999999709));
#1192= IFCPOLYLOOP((#1185,#1190,#1191,#1186));
#1193= IFCFACEOUTERBOUND(#1192,.T.);
#1194= IFCFACE((#1193));
#1195= IFCCARTESIANPOINT((491.09819355967,-6.00000000000068,19.6157056080228));
#1196= IFCCARTESIANPOINT((491.098193559666,5.99999999999977,19.6157056080337));
#1197= IFCPOLYLOOP((#1190,#1195,#1196,#1191));
#1198= IFCFACEOUTERBOUND(#1197,.T.);
#1199= IFCFACE((#1198));
#1200= IFCCARTESIANPOINT((487.346331352694,-6.00000000000068,18.4775906501818));
#1201= IFCCARTESIANPOINT((487.346331352688,5.99999999999977,18.4775906501927));
#1202= IFCPOLYLOOP((#1195,#1200,#1201,#1196));
#1203= IFCFACEOUTERBOUND(#1202,.T.);
#1204= IFCFACE((#1203));
#1205= IFCCARTESIANPOINT((483.888595339604,-6.00000000000068,16.6293922460063));
#1206= IFCCARTESIANPOINT((483.888595339598,6.,16.6293922460172));
#1207= IFCPOLYLOOP((#1200,#1205,#1206,#1201));
#1208= IFCFACEOUTERBOUND(#1207,.T.);
#1209= IFCFACE((#1208));
#1210= IFCCARTESIANPOINT((480.857864376268,-6.00000000000045,14.142135623697));
#1211= IFCCARTESIANPOINT((480.857864376263,6.,14.1421356237079));
#1212= IFCPOLYLOOP((#1205,#1210,#1211,#1206));
#1213= IFCFACEOUTERBOUND(#1212,.T.);
#1214= IFCFACE((#1213));
#1215= IFCCARTESIANPOINT((478.37060775395,-6.00000000000045,11.1114046603616));
#1216= IFCCARTESIANPOINT((478.370607753945,6.00000000000023,11.1114046603725));
#1217= IFCPOLYLOOP((#1210,#1215,#1216,#1211));
#1218= IFCFACEOUTERBOUND(#1217,.T.);
#1219= IFCFACE((#1218));
#1220= IFCCARTESIANPOINT((476.522409349776,-6.00000000000045,7.65366864727912));
#1221= IFCCARTESIANPOINT((476.522409349773,6.,7.65366864729003));
#1222= IFCPOLYLOOP((#1215,#1220,#1221,#1216));
#1223= IFCFACEOUTERBOUND(#1222,.T.);
#1224= IFCFACE((#1223));
#1225= IFCCARTESIANPOINT((475.384294391937,-6.00000000000023,3.90180644030625));
#1226= IFCCARTESIANPOINT((475.384294391934,6.00000000000045,3.90180644031716));
#1227= IFCPOLYLOOP((#1220,#1225,#1226,#1221));
#1228= IFCFACEOUTERBOUND(#1227,.T.);
#1229= IFCFACE((#1228));
#1230= IFCCARTESIANPOINT((475.000000000002,-6.,-1.09139364212751E-11));
#1231= IFCCARTESIANPOINT((474.999999999998,6.00000000000045,0.));
#1232= IFCPOLYLOOP((#1225,#1230,#1231,#1226));
#1233= IFCFACEOUTERBOUND(#1232,.T.);
#1234= IFCFACE((#1233));
#1235= IFCPOLYLOOP((#1230,#1173,#1176,#1231));
#1236= IFCFACEOUTERBOUND(#1235,.T.);
#1237= IFCFACE((#1236));
#1238= IFCPOLYLOOP((#1181,#1186,#1191,#1196,#1201,#1206,#1211,#1216,#1221,#1226,#1231,#1176,#1175));
#1239= IFCFACEOUTERBOUND(#1238,.T.);
#1240= IFCFACE((#1239));
#1241= IFCPOLYLOOP((#1230,#1225,#1220,#1215,#1210,#1205,#1200,#1195,#1190,#1185,#1180,#1174,#1173));
#1242= IFCFACEOUTERBOUND(#1241,.T.);
#1243= IFCFACE((#1242));
#1244= IFCCLOSEDSHELL((#1179,#1184,#1189,#1194,#1199,#1204,#1209,#1214,#1219,#1224,#1229,#1234,#1237,#1240,#1243));
#1245= IFCFACETEDBREP(#1244);
#1246= IFCSTYLEDITEM(#1245,(#1172),$);
#1247= IFCSHAPEREPRESENTATION(#12,'Body','Brep',(#1245));
#1248= IFCPRODUCTDEFINITIONSHAPE($,$,(#1247));
#1249= IFCCARTESIANPOINT((1715.10894265708,17434.6830239844,9534.99988566911));
#1250= IFCDIRECTION((-1.64239999976417E-05,0.999999999863308,1.90699999620847E-06));
#1251= IFCDIRECTION((0.,-1.90699999685508E-06,0.999999999998182));
#1252= IFCAXIS2PLACEMENT3D(#1249,#1250,#1251);
#1253= IFCLOCALPLACEMENT(#42,#1252);
#1254= IFCPLATE('2DTWtEoV5FYfa_eaU1bo0d',#44,'PLATE-12','PL12*270',$,#1253,#1248,'ID8d760dce-c9f1-4f8a-993e-a24781972027');
#1255= IFCPLATETYPE('1jn5Xysq93FgsjhIze4dQi',#5,'PL12*270',$,$,$,$,$,$,.NOTDEFINED.);
#1256= IFCPROPERTYSINGLEVALUE('Bottom elevation',$,IFCLABEL(' +9.535'),$);
#1257= IFCPROPERTYSINGLEVALUE('Top elevation',$,IFCLABEL(' +10.030'),$);
#1258= IFCPROPERTYSINGLEVALUE('Initial GUID',$,$,$);
#1259= IFCPROPERTYSINGLEVALUE('Preliminary mark',$,IFCLABEL('5-1-P23(?)'),$);
#1260= IFCPROPERTYSINGLEVALUE('Phase',$,IFCINTEGER(1),$);
#1261= IFCPROPERTYSINGLEVALUE('Class',$,IFCLABEL('16'),$);
#1262= IFCPROPERTYSET('0PJAFYTlf8u9XuE9HHSexS',#5,'Tekla Common','Common Properties to Shared building elements',(#1256,#1257,#1258,#1259,#1260,#1261));
#1263= IFCPROPERTYSINGLEVALUE('Weight',$,IFCMASSMEASURE(8.19),$);
#1264= IFCPROPERTYSINGLEVALUE('Volume',$,IFCVOLUMEMEASURE(0.001),$);
#1265= IFCPROPERTYSINGLEVALUE('Gross footprint area',$,IFCAREAMEASURE(0.003),$);
#1266= IFCPROPERTYSINGLEVALUE('Area per tons',$,IFCAREAMEASURE(23.22),$);
#1267= IFCPROPERTYSINGLEVALUE('Net surface area',$,IFCAREAMEASURE(0.19),$);
#1268= IFCPROPERTYSINGLEVALUE('Height',$,IFCLENGTHMEASURE(270.),$);
#1269= IFCPROPERTYSINGLEVALUE('Width',$,IFCLENGTHMEASURE(12.),$);
#1270= IFCPROPERTYSINGLEVALUE('Length',$,IFCLENGTHMEASURE(495.),$);
#1271= IFCPROPERTYSET('10vG8fUQ964ASmgp7SGXoO',#5,'Tekla Quantity','Quantity Properties to Shared building elements',(#1263,#1264,#1265,#1266,#1267,#1268,#1269,#1270));
#1272= IFCPROPERTYSINGLEVALUE('LoadBearing',$,IFCBOOLEAN(.F.),$);
#1273= IFCPROPERTYSINGLEVALUE('Reference',$,IFCIDENTIFIER('5-1-P23'),$);
#1274= IFCPROPERTYSET('0nTOcermT6SR72fkDah_SE',#5,'Pset_PlateCommon','Common Properties to plate elements',(#1272,#1273));
#1275= IFCQUANTITYLENGTH('Width',$,$,270.000030515361);
#1276= IFCQUANTITYAREA('NetArea',$,$,0.190074084433037);
#1277= IFCQUANTITYAREA('GrossArea',$,$,0.133650015105103);
#1278= IFCQUANTITYAREA('CrossSectionArea',$,$,0.000144);
#1279= IFCQUANTITYVOLUME('NetVolume',$,$,0.00104277163732503);
#1280= IFCQUANTITYVOLUME('GrossVolume',$,$,0.00104277163732503);
#1281= IFCELEMENTQUANTITY('1G1LlwPzP2G8R2yNj9FgVd',#5,'BaseQuantities',$,$,(#1275,#1276,#1277,#1278,#1279,#1280));
#1282= IFCMATERIAL('STEEL/S275');
#1283= IFCCOLOURRGB('Light Green',0.356862745098039,0.592156862745098,0.137254901960784);
#1284= IFCSURFACESTYLERENDERING(#1283,0.,$,$,$,$,IFCNORMALISEDRATIOMEASURE(0.00390625),IFCSPECULAREXPONENT(10.),.NOTDEFINED.);
#1285= IFCSURFACESTYLE('STEEL/S275',.POSITIVE.,(#1284));
#1286= IFCPRESENTATIONSTYLEASSIGNMENT((#1285));
#1287= IFCCARTESIANPOINT((5.95030505792238E-05,-3.99999999997999,19.9999999999104));
#1288= IFCCARTESIANPOINT((0.000383795057132374,-3.99999999987995,129.000137329046));
#1289= IFCCARTESIANPOINT((0.000383795053494396,4.00000000011096,129.000137329046));
#1290= IFCCARTESIANPOINT((5.95030433032662E-05,4.00000000001273,19.9999999999104));
#1291= IFCPOLYLOOP((#1287,#1288,#1289,#1290));
#1292= IFCFACEOUTERBOUND(#1291,.T.);
#1293= IFCFACE((#1292));
#1294= IFCCARTESIANPOINT((20.0001678469707,-3.99999999987631,129.000137329024));
#1295= IFCCARTESIANPOINT((20.0001678469634,4.00000000011642,129.000137329024));
#1296= IFCPOLYLOOP((#1288,#1294,#1295,#1289));
#1297= IFCFACEOUTERBOUND(#1296,.T.);
#1298= IFCFACE((#1297));
#1299= IFCCARTESIANPOINT((80.0000775957269,-3.99999999996362,20.0001373290027));
#1300= IFCCARTESIANPOINT((80.0000775957196,4.0000000000291,20.0001373290027));
#1301= IFCPOLYLOOP((#1294,#1299,#1300,#1295));
#1302= IFCFACEOUTERBOUND(#1301,.T.);
#1303= IFCFACE((#1302));
#1304= IFCCARTESIANPOINT((80.0000610357383,-3.99999999998181,-6.84394763084128E-11));
#1305= IFCCARTESIANPOINT((80.0000610357311,4.00000000001091,-6.82121026329696E-11));
#1306= IFCPOLYLOOP((#1299,#1304,#1305,#1300));
#1307= IFCFACEOUTERBOUND(#1306,.T.);
#1308= IFCFACE((#1307));
#1309= IFCCARTESIANPOINT((20.0000000000255,-3.99999999999454,-1.70530256582424E-11));
#1310= IFCCARTESIANPOINT((20.0000000000182,3.99999999999818,-1.68256519827992E-11));
#1311= IFCPOLYLOOP((#1304,#1309,#1310,#1305));
#1312= IFCFACEOUTERBOUND(#1311,.T.);
#1313= IFCFACE((#1312));
#1314= IFCCARTESIANPOINT((19.6157070591435,-3.99999999999091,3.90179914534042));
#1315= IFCCARTESIANPOINT((19.6157070591398,4.00000000000182,3.90179914534042));
#1316= IFCPOLYLOOP((#1309,#1314,#1315,#1310));
#1317= IFCFACEOUTERBOUND(#1316,.T.);
#1318= IFCFACE((#1317));
#1319= IFCCARTESIANPOINT((18.4775963429456,-3.99999999998727,7.65365490387012));
#1320= IFCCARTESIANPOINT((18.477596342942,4.00000000000546,7.65365490387012));
#1321= IFCPOLYLOOP((#1314,#1319,#1320,#1315));
#1322= IFCFACEOUTERBOUND(#1321,.T.);
#1323= IFCFACE((#1322));
#1324= IFCCARTESIANPOINT((16.629404642852,-3.99999999998363,11.1113861072524));
#1325= IFCCARTESIANPOINT((16.6294046428484,4.00000000000909,11.1113861072524));
#1326= IFCPOLYLOOP((#1319,#1324,#1325,#1320));
#1327= IFCFACEOUTERBOUND(#1326,.T.);
#1328= IFCFACE((#1327));
#1329= IFCCARTESIANPOINT((14.1421566612335,-3.99999999998181,14.1421145861959));
#1330= IFCCARTESIANPOINT((14.1421566612262,4.00000000001091,14.1421145861962));
#1331= IFCPOLYLOOP((#1324,#1329,#1330,#1325));
#1332= IFCFACEOUTERBOUND(#1331,.T.);
#1333= IFCFACE((#1332));
#1334= IFCCARTESIANPOINT((11.1114355822428,-3.99999999998181,16.6293715846832));
#1335= IFCCARTESIANPOINT((11.1114355822392,4.00000000001091,16.6293715846834));
#1336= IFCPOLYLOOP((#1329,#1334,#1335,#1330));
#1337= IFCFACEOUTERBOUND(#1336,.T.);
#1338= IFCFACE((#1337));
#1339= IFCCARTESIANPOINT((7.65370987752613,-3.99999999997999,18.4775735720475));
#1340= IFCCARTESIANPOINT((7.65370987752249,4.00000000001273,18.4775735720475));
#1341= IFCPOLYLOOP((#1334,#1339,#1340,#1335));
#1342= IFCFACEOUTERBOUND(#1341,.T.);
#1343= IFCFACE((#1342));
#1344= IFCCARTESIANPOINT((3.90185750506498,-3.99999999997999,19.6156954505825));
#1345= IFCCARTESIANPOINT((3.90185750505771,4.00000000001273,19.6156954505825));
#1346= IFCPOLYLOOP((#1339,#1344,#1345,#1340));
#1347= IFCFACEOUTERBOUND(#1346,.T.);
#1348= IFCFACE((#1347));
#1349= IFCPOLYLOOP((#1344,#1287,#1290,#1345));
#1350= IFCFACEOUTERBOUND(#1349,.T.);
#1351= IFCFACE((#1350));
#1352= IFCPOLYLOOP((#1295,#1300,#1305,#1310,#1315,#1320,#1325,#1330,#1335,#1340,#1345,#1290,#1289));
#1353= IFCFACEOUTERBOUND(#1352,.T.);
#1354= IFCFACE((#1353));
#1355= IFCPOLYLOOP((#1344,#1339,#1334,#1329,#1324,#1319,#1314,#1309,#1304,#1299,#1294,#1288,#1287));
#1356= IFCFACEOUTERBOUND(#1355,.T.);
#1357= IFCFACE((#1356));
#1358= IFCCLOSEDSHELL((#1293,#1298,#1303,#1308,#1313,#1318,#1323,#1328,#1333,#1338,#1343,#1348,#1351,#1354,#1357));
#1359= IFCFACETEDBREP(#1358);
#1360= IFCSTYLEDITEM(#1359,(#1286),$);
#1361= IFCSHAPEREPRESENTATION(#12,'Body','Brep',(#1359));
#1362= IFCPRODUCTDEFINITIONSHAPE($,$,(#1361));
#1363= IFCCARTESIANPOINT((1709.10936573114,17434.6792460965,9645.00049581975));
#1364= IFCDIRECTION((-0.999999999468688,-3.25120005800272E-05,-2.36500000210071E-06));
#1365= IFCAXIS2PLACEMENT3D(#1363,#1364,#837);
#1366= IFCLOCALPLACEMENT(#42,#1365);
#1367= IFCPLATE('0oC5Vs2RPFzfaP5l7ZmTxT',#44,'PLATE-8','PL8*80',$,#1366,#1362,'ID323057f6-09b6-4ff6-9919-16f1e3c1dedd');
#1368= IFCPLATETYPE('2eC_J0Flr38QnOg0bxPCu$',#5,'PL8*80',$,$,$,$,$,$,.NOTDEFINED.);
#1369= IFCPROPERTYSINGLEVALUE('Bottom elevation',$,IFCLABEL(' +9.641'),$);
#1370= IFCPROPERTYSINGLEVALUE('Top elevation',$,IFCLABEL(' +9.649'),$);
#1371= IFCPROPERTYSINGLEVALUE('Preliminary mark',$,IFCLABEL('5-1-P41(?)'),$);
#1372= IFCPROPERTYSINGLEVALUE('Class',$,IFCLABEL('17'),$);
#1373= IFCPROPERTYSET('0DZOtS6ZbE7hQzMkFeOu3w',#5,'Tekla Common','Common Properties to Shared building elements',(#1369,#1370,#1258,#1371,#1260,#1372));
#1374= IFCPROPERTYSINGLEVALUE('Weight',$,IFCMASSMEASURE(0.42),$);
#1375= IFCPROPERTYSINGLEVALUE('Volume',$,IFCVOLUMEMEASURE(0.),$);
#1376= IFCPROPERTYSINGLEVALUE('Gross footprint area',$,IFCAREAMEASURE(0.007),$);
#1377= IFCPROPERTYSINGLEVALUE('Area per tons',$,IFCAREAMEASURE(38.744),$);
#1378= IFCPROPERTYSINGLEVALUE('Net surface area',$,IFCAREAMEASURE(0.016),$);
#1379= IFCPROPERTYSINGLEVALUE('Height',$,IFCLENGTHMEASURE(80.),$);
#1380= IFCPROPERTYSINGLEVALUE('Width',$,IFCLENGTHMEASURE(8.),$);
#1381= IFCPROPERTYSINGLEVALUE('Length',$,IFCLENGTHMEASURE(129.),$);
#1382= IFCPROPERTYSET('2GoVcBl6L1VQryVbQYjgyt',#5,'Tekla Quantity','Quantity Properties to Shared building elements',(#1374,#1375,#1376,#1377,#1378,#1379,#1380,#1381));
#1383= IFCPROPERTYSINGLEVALUE('Reference',$,IFCIDENTIFIER('5-1-P41'),$);
#1384= IFCPROPERTYSET('1$wmoknvjCFO9o_Mt81kXG',#5,'Pset_PlateCommon','Common Properties to plate elements',(#1272,#1383));
#1385= IFCQUANTITYLENGTH('Width',$,$,80.000061035338);
#1386= IFCQUANTITYAREA('NetArea',$,$,0.0163940194749336);
#1387= IFCQUANTITYAREA('GrossArea',$,$,0.0103200188598853);
#1388= IFCQUANTITYAREA('CrossSectionArea',$,$,6.4E-05);
#1389= IFCQUANTITYVOLUME('NetVolume',$,$,5.39028565026537E-05);
#1390= IFCQUANTITYVOLUME('GrossVolume',$,$,5.39028565026537E-05);
#1391= IFCELEMENTQUANTITY('0dkX3fOzP0kvLDmmNrwc4P',#5,'BaseQuantities',$,$,(#1385,#1386,#1387,#1388,#1389,#1390));
#1392= IFCCARTESIANPOINT((-0.000330654340359615,-4.00000000001455,19.9999999972672));
#1393= IFCCARTESIANPOINT((-0.00213272276960197,-4.0000000001146,129.000137329146));
#1394= IFCCARTESIANPOINT((-0.00213272276596399,3.99999999987995,129.000137329147));
#1395= IFCCARTESIANPOINT((-0.000330654343997594,3.99999999997999,19.9999999972681));
#1396= IFCPOLYLOOP((#1392,#1393,#1394,#1395));
#1397= IFCFACEOUTERBOUND(#1396,.T.);
#1398= IFCFACE((#1397));
#1399= IFCCARTESIANPOINT((69.9976501481942,-4.00000000008913,129.000137329084));
#1400= IFCCARTESIANPOINT((69.9976501481942,3.99999999990541,129.000137329085));
#1401= IFCPOLYLOOP((#1393,#1399,#1400,#1394));
#1402= IFCFACEOUTERBOUND(#1401,.T.);
#1403= IFCFACE((#1402));
#1404= IFCCARTESIANPOINT((199.999145271122,-3.99999999996908,49.0001373429357));
#1405= IFCCARTESIANPOINT((199.999145271118,4.00000000002365,49.0001373429366));
#1406= IFCPOLYLOOP((#1399,#1404,#1405,#1400));
#1407= IFCFACEOUTERBOUND(#1406,.T.);
#1408= IFCFACE((#1407));
#1409= IFCCARTESIANPOINT((200.000061036411,-3.99999999992542,-3.51974449586123E-10));
#1410= IFCCARTESIANPOINT((200.000061036411,4.00000000006912,-3.5106495488435E-10));
#1411= IFCPOLYLOOP((#1404,#1409,#1410,#1405));
#1412= IFCFACEOUTERBOUND(#1411,.T.);
#1413= IFCFACE((#1412));
#1414= IFCPOLYLOOP((#1409,#1309,#1310,#1410));
#1415= IFCFACEOUTERBOUND(#1414,.T.);
#1416= IFCFACE((#1415));
#1417= IFCCARTESIANPOINT((19.6156975446174,-3.99999999999272,3.9018469778996));
#1418= IFCCARTESIANPOINT((19.6156975446138,4.,3.9018469779005));
#1419= IFCPOLYLOOP((#1309,#1417,#1418,#1310));
#1420= IFCFACEOUTERBOUND(#1419,.T.);
#1421= IFCFACE((#1420));
#1422= IFCCARTESIANPOINT((18.4775590161153,-3.99999999999818,7.65374501841052));
#1423= IFCCARTESIANPOINT((18.4775590161116,3.99999999999636,7.6537450184112));
#1424= IFCPOLYLOOP((#1417,#1422,#1423,#1418));
#1425= IFCFACEOUTERBOUND(#1424,.T.);
#1426= IFCFACE((#1425));
#1427= IFCCARTESIANPOINT((16.6293233576253,-4.,11.1115077585548));
#1428= IFCCARTESIANPOINT((16.6293233576216,3.99999999999272,11.1115077585555));
#1429= IFCPOLYLOOP((#1422,#1427,#1428,#1423));
#1430= IFCFACEOUTERBOUND(#1429,.T.);
#1431= IFCFACE((#1430));
#1432= IFCCARTESIANPOINT((14.1420187193144,-4.00000000000364,14.1422525272051));
#1433= IFCCARTESIANPOINT((14.1420187193144,3.99999999998909,14.142252527206));
#1434= IFCPOLYLOOP((#1427,#1432,#1433,#1428));
#1435= IFCFACEOUTERBOUND(#1434,.T.);
#1436= IFCFACE((#1435));
#1437= IFCCARTESIANPOINT((11.1112328291747,-4.00000000000728,16.6295070587305));
#1438= IFCCARTESIANPOINT((11.1112328291783,3.99999999998727,16.6295070587314));
#1439= IFCPOLYLOOP((#1432,#1437,#1438,#1433));
#1440= IFCFACEOUTERBOUND(#1439,.T.);
#1441= IFCFACE((#1440));
#1442= IFCCARTESIANPOINT((7.65343953314732,-4.00000000000909,18.4776855507612));
#1443= IFCCARTESIANPOINT((7.65343953314732,3.99999999998363,18.4776855507619));
#1444= IFCPOLYLOOP((#1437,#1442,#1443,#1438));
#1445= IFCFACEOUTERBOUND(#1444,.T.);
#1446= IFCFACE((#1445));
#1447= IFCCARTESIANPOINT((3.90152267662779,-4.00000000001455,19.6157620500437));
#1448= IFCCARTESIANPOINT((3.90152267662779,3.99999999997999,19.6157620500446));
#1449= IFCPOLYLOOP((#1442,#1447,#1448,#1443));
#1450= IFCFACEOUTERBOUND(#1449,.T.);
#1451= IFCFACE((#1450));
#1452= IFCPOLYLOOP((#1447,#1392,#1395,#1448));
#1453= IFCFACEOUTERBOUND(#1452,.T.);
#1454= IFCFACE((#1453));
#1455= IFCPOLYLOOP((#1400,#1405,#1410,#1310,#1418,#1423,#1428,#1433,#1438,#1443,#1448,#1395,#1394));
#1456= IFCFACEOUTERBOUND(#1455,.T.);
#1457= IFCFACE((#1456));
#1458= IFCPOLYLOOP((#1447,#1442,#1437,#1432,#1427,#1422,#1417,#1309,#1409,#1404,#1399,#1393,#1392));
#1459= IFCFACEOUTERBOUND(#1458,.T.);
#1460= IFCFACE((#1459));
#1461= IFCCLOSEDSHELL((#1398,#1403,#1408,#1413,#1416,#1421,#1426,#1431,#1436,#1441,#1446,#1451,#1454,#1457,#1460));
#1462= IFCFACETEDBREP(#1461);
#1463= IFCSTYLEDITEM(#1462,(#1286),$);
#1464= IFCSHAPEREPRESENTATION(#12,'Body','Brep',(#1462));
#1465= IFCPRODUCTDEFINITIONSHAPE($,$,(#1464));
#1466= IFCCARTESIANPOINT((1709.10936573114,17434.6792460965,9865.00049581975));
#1467= IFCDIRECTION((-0.999999999912638,-1.30050002226199E-05,-2.36500000028173E-06));
#1468= IFCDIRECTION((-1.30049999985723E-05,0.999999999915431,-9.50000031702658E-08));
#1469= IFCAXIS2PLACEMENT3D(#1466,#1467,#1468);
#1470= IFCLOCALPLACEMENT(#42,#1469);
#1471= IFCPLATE('1ap7uGbyf6QhpbvKk5nRU9',#44,'PLATE-8','PL8*129',$,#1470,#1465,'ID64cc7e10-97ca-466a-bce5-e54b85c5b789');
#1472= IFCPLATETYPE('271_Xpi$z6nOKbFPhP4rQR',#5,'PL8*129',$,$,$,$,$,$,.NOTDEFINED.);
#1473= IFCPROPERTYSINGLEVALUE('Bottom elevation',$,IFCLABEL(' +9.861'),$);
#1474= IFCPROPERTYSINGLEVALUE('Top elevation',$,IFCLABEL(' +9.869'),$);
#1475= IFCPROPERTYSINGLEVALUE('Preliminary mark',$,IFCLABEL('5-1-P45(?)'),$);
#1476= IFCPROPERTYSET('3ETc5oZiTA7BTbsnGhTil$',#5,'Tekla Common','Common Properties to Shared building elements',(#1473,#1474,#1258,#1475,#1260,#1372));
#1477= IFCPROPERTYSINGLEVALUE('Weight',$,IFCMASSMEASURE(1.27),$);
#1478= IFCPROPERTYSINGLEVALUE('Gross footprint area',$,IFCAREAMEASURE(0.02),$);
#1479= IFCPROPERTYSINGLEVALUE('Area per tons',$,IFCAREAMEASURE(35.564),$);
#1480= IFCPROPERTYSINGLEVALUE('Net surface area',$,IFCAREAMEASURE(0.045),$);
#1481= IFCPROPERTYSINGLEVALUE('Height',$,IFCLENGTHMEASURE(129.),$);
#1482= IFCPROPERTYSINGLEVALUE('Length',$,IFCLENGTHMEASURE(200.),$);
#1483= IFCPROPERTYSET('08TTr6uw1ARe0LFofxFFSx',#5,'Tekla Quantity','Quantity Properties to Shared building elements',(#1477,#1375,#1478,#1479,#1480,#1481,#1380,#1482));
#1484= IFCPROPERTYSINGLEVALUE('Reference',$,IFCIDENTIFIER('5-1-P45'),$);
#1485= IFCPROPERTYSET('0Pu$FWy4f1HhU4QjlhsKg1',#5,'Pset_PlateCommon','Common Properties to plate elements',(#1272,#1484));
#1486= IFCQUANTITYLENGTH('Width',$,$,129.000137329497);
#1487= IFCQUANTITYAREA('NetArea',$,$,0.0453118239300498);
#1488= IFCQUANTITYAREA('GrossArea',$,$,0.0258003104611262);
#1489= IFCQUANTITYVOLUME('NetVolume',$,$,0.000162302957124144);
#1490= IFCQUANTITYVOLUME('GrossVolume',$,$,0.000162302957124144);
#1491= IFCELEMENTQUANTITY('3t6K7HxoXB6hFcBzWF3IYZ',#5,'BaseQuantities',$,$,(#1486,#1487,#1488,#1388,#1489,#1490));
#1492= IFCCARTESIANPOINT((3.63797880709171E-12,-3.99999999999818,0.));
#1493= IFCCARTESIANPOINT((0.000324292028381024,-3.99999999989996,109.000137329337));
#1494= IFCCARTESIANPOINT((0.000324292024743045,4.00000000009277,109.000137329337));
#1495= IFCCARTESIANPOINT((-3.63797880709171E-12,3.99999999999454,0.));
#1496= IFCPOLYLOOP((#1492,#1493,#1494,#1495));
#1497= IFCFACEOUTERBOUND(#1496,.T.);
#1498= IFCFACE((#1497));
#1499= IFCCARTESIANPOINT((3.90213917063738,-3.99999999989814,109.384421563835));
#1500= IFCCARTESIANPOINT((3.90213917063375,4.00000000009459,109.384421563835));
#1501= IFCPOLYLOOP((#1493,#1499,#1500,#1494));
#1502= IFCFACEOUTERBOUND(#1501,.T.);
#1503= IFCFACE((#1502));
#1504= IFCCARTESIANPOINT((7.6540112121329,-3.99999999989632,110.522529600936));
#1505= IFCCARTESIANPOINT((7.65401121212562,4.00000000009641,110.522529600937));
#1506= IFCPOLYLOOP((#1499,#1504,#1505,#1500));
#1507= IFCFACEOUTERBOUND(#1506,.T.);
#1508= IFCFACE((#1507));
#1509= IFCCARTESIANPOINT((11.1117575336029,-3.9999999998945,112.370724421887));
#1510= IFCCARTESIANPOINT((11.1117575335957,4.00000000009823,112.370724421887));
#1511= IFCPOLYLOOP((#1504,#1509,#1510,#1505));
#1512= IFCFACEOUTERBOUND(#1511,.T.);
#1513= IFCFACE((#1512));
#1514= IFCCARTESIANPOINT((14.1424983813049,-3.99999999989086,114.857980668013));
#1515= IFCCARTESIANPOINT((14.1424983813013,4.00000000010186,114.857980668013));
#1516= IFCPOLYLOOP((#1509,#1514,#1515,#1510));
#1517= IFCFACEOUTERBOUND(#1516,.T.);
#1518= IFCFACE((#1517));
#1519= IFCCARTESIANPOINT((16.6297636443414,-3.99999999988722,117.888714115729));
#1520= IFCCARTESIANPOINT((16.6297636443342,4.0000000001055,117.888714115729));
#1521= IFCPOLYLOOP((#1514,#1519,#1520,#1515));
#1522= IFCFACEOUTERBOUND(#1521,.T.);
#1523= IFCFACE((#1522));
#1524= IFCCARTESIANPOINT((18.4779687526097,-3.99999999988358,121.346454938518));
#1525= IFCCARTESIANPOINT((18.4779687526025,4.00000000010914,121.346454938518));
#1526= IFCPOLYLOOP((#1519,#1524,#1525,#1520));
#1527= IFCFACEOUTERBOUND(#1526,.T.);
#1528= IFCFACE((#1527));
#1529= IFCCARTESIANPOINT((19.6160879521012,-3.99999999987995,125.098323593943));
#1530= IFCCARTESIANPOINT((19.6160879520976,4.00000000011278,125.098323593943));
#1531= IFCPOLYLOOP((#1524,#1529,#1530,#1525));
#1532= IFCFACEOUTERBOUND(#1531,.T.);
#1533= IFCFACE((#1532));
#1534= IFCCARTESIANPOINT((20.0003837951008,-3.99999999987631,129.00013732923));
#1535= IFCCARTESIANPOINT((20.0003837950935,4.00000000011642,129.00013732923));
#1536= IFCPOLYLOOP((#1529,#1534,#1535,#1530));
#1537= IFCFACEOUTERBOUND(#1536,.T.);
#1538= IFCFACE((#1537));
#1539= IFCCARTESIANPOINT((80.0001678470508,-3.99999999986358,129.000137329165));
#1540= IFCCARTESIANPOINT((80.0001678470435,4.00000000012915,129.000137329165));
#1541= IFCPOLYLOOP((#1534,#1539,#1540,#1535));
#1542= IFCFACEOUTERBOUND(#1541,.T.);
#1543= IFCFACE((#1542));
#1544= IFCCARTESIANPOINT((80.0001512870622,-3.99999999988177,108.999999999913));
#1545= IFCCARTESIANPOINT((80.0001512870549,4.00000000011096,108.999999999913));
#1546= IFCPOLYLOOP((#1539,#1544,#1545,#1540));
#1547= IFCFACEOUTERBOUND(#1546,.T.);
#1548= IFCFACE((#1547));
#1549= IFCCARTESIANPOINT((20.000061035691,-3.99999999999454,-1.63709046319127E-11));
#1550= IFCCARTESIANPOINT((20.0000610356838,3.99999999999818,-1.63709046319127E-11));
#1551= IFCPOLYLOOP((#1544,#1549,#1550,#1545));
#1552= IFCFACEOUTERBOUND(#1551,.T.);
#1553= IFCFACE((#1552));
#1554= IFCPOLYLOOP((#1549,#1492,#1495,#1550));
#1555= IFCFACEOUTERBOUND(#1554,.T.);
#1556= IFCFACE((#1555));
#1557= IFCPOLYLOOP((#1500,#1505,#1510,#1515,#1520,#1525,#1530,#1535,#1540,#1545,#1550,#1495,#1494));
#1558= IFCFACEOUTERBOUND(#1557,.T.);
#1559= IFCFACE((#1558));
#1560= IFCPOLYLOOP((#1549,#1544,#1539,#1534,#1529,#1524,#1519,#1514,#1509,#1504,#1499,#1493,#1492));
#1561= IFCFACEOUTERBOUND(#1560,.T.);
#1562= IFCFACE((#1561));
#1563= IFCCLOSEDSHELL((#1498,#1503,#1508,#1513,#1518,#1523,#1528,#1533,#1538,#1543,#1548,#1553,#1556,#1559,#1562));
#1564= IFCFACETEDBREP(#1563);
#1565= IFCSTYLEDITEM(#1564,(#1286),$);
#1566= IFCSHAPEREPRESENTATION(#12,'Body','Brep',(#1564));
#1567= IFCPRODUCTDEFINITIONSHAPE($,$,(#1566));
#1568= IFCCARTESIANPOINT((2090.109080071,17434.6821809836,9645.00019073488));
#1569= IFCAXIS2PLACEMENT3D(#1568,#1364,#837);
#1570= IFCLOCALPLACEMENT(#42,#1569);
#1571= IFCPLATE('14wnvTYW5Baus1s3wMDf39',#44,'PLATE-8','PL8*80',$,#1570,#1567,'ID44eb1e5d-8a01-4b93-8d81-d83e963690c9');
#1572= IFCQUANTITYLENGTH('Width',$,$,79.9998269952051);
#1573= IFCQUANTITYAREA('NetArea',$,$,0.0163940187843883);
#1574= IFCQUANTITYAREA('GrossArea',$,$,0.0103200077096202);
#1575= IFCQUANTITYVOLUME('NetVolume',$,$,5.39028471652172E-05);
#1576= IFCQUANTITYVOLUME('GrossVolume',$,$,5.39028471652172E-05);
#1577= IFCELEMENTQUANTITY('1JxeIU_h571PXGUCwwZW6E',#5,'BaseQuantities',$,$,(#1572,#1573,#1574,#1388,#1575,#1576));
#1578= IFCCARTESIANPOINT((-0.00180206849836395,-4.00000000009459,109.00013733188));
#1579= IFCCARTESIANPOINT((-0.00180206849836395,3.99999999989814,109.000137331879));
#1580= IFCPOLYLOOP((#1492,#1578,#1579,#1495));
#1581= IFCFACEOUTERBOUND(#1580,.T.);
#1582= IFCFACE((#1581));
#1583= IFCCARTESIANPOINT((3.89995748037836,-4.00000000009277,109.384488167169));
#1584= IFCCARTESIANPOINT((3.89995748037836,3.99999999989996,109.384488167168));
#1585= IFCPOLYLOOP((#1578,#1583,#1584,#1579));
#1586= IFCFACEOUTERBOUND(#1585,.T.);
#1587= IFCFACE((#1586));
#1588= IFCCARTESIANPOINT((7.65176503746989,-4.00000000009277,110.522641582306));
#1589= IFCCARTESIANPOINT((7.65176503746625,3.99999999990177,110.522641582305));
#1590= IFCPOLYLOOP((#1583,#1588,#1589,#1584));
#1591= IFCFACEOUTERBOUND(#1590,.T.);
#1592= IFCFACE((#1591));
#1593= IFCCARTESIANPOINT((11.109443767622,-4.00000000009277,112.370859897569));
#1594= IFCCARTESIANPOINT((11.109443767622,3.99999999990177,112.370859897568));
#1595= IFCPOLYLOOP((#1588,#1593,#1594,#1589));
#1596= IFCFACEOUTERBOUND(#1595,.T.);
#1597= IFCFACE((#1596));
#1598= IFCCARTESIANPOINT((14.1401198043895,-4.00000000009459,114.858118609885));
#1599= IFCCARTESIANPOINT((14.1401198043895,3.99999999989996,114.858118609884));
#1600= IFCPOLYLOOP((#1593,#1598,#1599,#1594));
#1601= IFCFACEOUTERBOUND(#1600,.T.);
#1602= IFCFACE((#1601));
#1603= IFCCARTESIANPOINT((16.6273284110539,-4.00000000009641,117.888835767385));
#1604= IFCCARTESIANPOINT((16.6273284110503,3.99999999989814,117.888835767384));
#1605= IFCPOLYLOOP((#1598,#1603,#1604,#1599));
#1606= IFCFACEOUTERBOUND(#1605,.T.);
#1607= IFCFACE((#1606));
#1608= IFCCARTESIANPOINT((18.4754895612314,-4.00000000009823,121.346545053137));
#1609= IFCCARTESIANPOINT((18.4754895612277,3.9999999998945,121.346545053136));
#1610= IFCPOLYLOOP((#1603,#1608,#1609,#1604));
#1611= IFCFACEOUTERBOUND(#1610,.T.);
#1612= IFCFACE((#1611));
#1613= IFCCARTESIANPOINT((19.6135809486295,-4.00000000010186,125.098371426482));
#1614= IFCCARTESIANPOINT((19.6135809486295,3.99999999989086,125.098371426481));
#1615= IFCPOLYLOOP((#1608,#1613,#1614,#1609));
#1616= IFCFACEOUTERBOUND(#1615,.T.);
#1617= IFCFACE((#1616));
#1618= IFCCARTESIANPOINT((19.9978672771686,-4.0000000001055,129.000137329185));
#1619= IFCCARTESIANPOINT((19.9978672771686,3.99999999988722,129.000137329184));
#1620= IFCPOLYLOOP((#1613,#1618,#1619,#1614));
#1621= IFCFACEOUTERBOUND(#1620,.T.);
#1622= IFCFACE((#1621));
#1623= IFCCARTESIANPOINT((199.997650148231,-4.00000000004184,129.000137329516));
#1624= IFCCARTESIANPOINT((199.997650148227,3.99999999995271,129.000137329514));
#1625= IFCPOLYLOOP((#1618,#1623,#1624,#1619));
#1626= IFCFACEOUTERBOUND(#1625,.T.);
#1627= IFCFACE((#1626));
#1628= IFCCARTESIANPOINT((199.998565913549,-3.99999999999636,79.9999999862723));
#1629= IFCCARTESIANPOINT((199.998565913549,3.99999999999636,79.9999999862712));
#1630= IFCPOLYLOOP((#1623,#1628,#1629,#1624));
#1631= IFCFACEOUTERBOUND(#1630,.T.);
#1632= IFCFACE((#1631));
#1633= IFCCARTESIANPOINT((70.0000610362949,-3.9999999999709,8.41282599139959E-11));
#1634= IFCCARTESIANPOINT((70.0000610362949,4.00000000002365,8.27640178613365E-11));
#1635= IFCPOLYLOOP((#1628,#1633,#1634,#1629));
#1636= IFCFACEOUTERBOUND(#1635,.T.);
#1637= IFCFACE((#1636));
#1638= IFCPOLYLOOP((#1633,#1492,#1495,#1634));
#1639= IFCFACEOUTERBOUND(#1638,.T.);
#1640= IFCFACE((#1639));
#1641= IFCPOLYLOOP((#1584,#1589,#1594,#1599,#1604,#1609,#1614,#1619,#1624,#1629,#1634,#1495,#1579));
#1642= IFCFACEOUTERBOUND(#1641,.T.);
#1643= IFCFACE((#1642));
#1644= IFCPOLYLOOP((#1633,#1628,#1623,#1618,#1613,#1608,#1603,#1598,#1593,#1588,#1583,#1578,#1492));
#1645= IFCFACEOUTERBOUND(#1644,.T.);
#1646= IFCFACE((#1645));
#1647= IFCCLOSEDSHELL((#1582,#1587,#1592,#1597,#1602,#1607,#1612,#1617,#1622,#1627,#1632,#1637,#1640,#1643,#1646));
#1648= IFCFACETEDBREP(#1647);
#1649= IFCSTYLEDITEM(#1648,(#1286),$);
#1650= IFCSHAPEREPRESENTATION(#12,'Body','Brep',(#1648));
#1651= IFCPRODUCTDEFINITIONSHAPE($,$,(#1650));
#1652= IFCCARTESIANPOINT((2090.109080071,17434.6821809836,9865.00019073488));
#1653= IFCAXIS2PLACEMENT3D(#1652,#1467,#1468);
#1654= IFCLOCALPLACEMENT(#42,#1653);
#1655= IFCPLATE('0WgpG3mcn8wxkyXE8VUDUe',#44,'PLATE-8','PL8*129',$,#1654,#1651,'ID20ab3403-c26c-48eb-bbbc-84e21f78d7a8');
#1656= IFCQUANTITYLENGTH('Width',$,$,129.000137329548);
#1657= IFCQUANTITYAREA('NetArea',$,$,0.0453118112637413);
#1658= IFCQUANTITYAREA('GrossArea',$,$,0.025800074935624);
#1659= IFCQUANTITYVOLUME('NetVolume',$,$,0.000162303009012257);
#1660= IFCQUANTITYVOLUME('GrossVolume',$,$,0.000162303009012257);
#1661= IFCELEMENTQUANTITY('3f1rmqGhD2mRn3Alvq5_1g',#5,'BaseQuantities',$,$,(#1656,#1657,#1658,#1388,#1659,#1660));
#1662= IFCCARTESIANPOINT((0.00367182436457369,-3.9999999999618,227.998931884778));
#1663= IFCCARTESIANPOINT((0.00367182437184965,4.00000000004366,227.998931884778));
#1664= IFCPOLYLOOP((#1492,#1662,#1663,#1495));
#1665= IFCFACEOUTERBOUND(#1664,.T.);
#1666= IFCFACE((#1665));
#1667= IFCCARTESIANPOINT((80.0034561154716,-3.99999999994543,227.998931884774));
#1668= IFCCARTESIANPOINT((80.0034561154789,4.00000000006185,227.998931884774));
#1669= IFCPOLYLOOP((#1662,#1667,#1668,#1663));
#1670= IFCFACEOUTERBOUND(#1669,.T.);
#1671= IFCFACE((#1670));
#1672= IFCPOLYLOOP((#1667,#1304,#1305,#1668));
#1673= IFCFACEOUTERBOUND(#1672,.T.);
#1674= IFCFACE((#1673));
#1675= IFCPOLYLOOP((#1304,#1492,#1495,#1305));
#1676= IFCFACEOUTERBOUND(#1675,.T.);
#1677= IFCFACE((#1676));
#1678= IFCPOLYLOOP((#1668,#1305,#1495,#1663));
#1679= IFCFACEOUTERBOUND(#1678,.T.);
#1680= IFCFACE((#1679));
#1681= IFCPOLYLOOP((#1304,#1667,#1662,#1492));
#1682= IFCFACEOUTERBOUND(#1681,.T.);
#1683= IFCFACE((#1682));
#1684= IFCCLOSEDSHELL((#1666,#1671,#1674,#1677,#1680,#1683));
#1685= IFCFACETEDBREP(#1684);
#1686= IFCSTYLEDITEM(#1685,(#1286),$);
#1687= IFCSHAPEREPRESENTATION(#12,'Body','Brep',(#1685));
#1688= IFCPRODUCTDEFINITIONSHAPE($,$,(#1687));
#1689= IFCCARTESIANPOINT((1949.10908007099,17434.6821809836,9645.00019073488));
#1690= IFCDIRECTION((-0.99999999947062,-3.25120003290067E-05,-1.31499999952212E-06));
#1691= IFCAXIS2PLACEMENT3D(#1689,#1690,#837);
#1692= IFCLOCALPLACEMENT(#42,#1691);
#1693= IFCPLATE('15vUhUij1E9gzfbiy8BVtJ',#44,'PLATE-8','PL8*80',$,#1692,#1688,'ID45e5eade-b2d0-4e26-af69-96cf082dfdd3');
#1694= IFCPROPERTYSINGLEVALUE('Preliminary mark',$,IFCLABEL('5-1-P48(?)'),$);
#1695= IFCPROPERTYSET('07GCKI5Mn6igalOxpRXtz$',#5,'Tekla Common','Common Properties to Shared building elements',(#1369,#1370,#1258,#1694,#1260,#1372));
#1696= IFCPROPERTYSINGLEVALUE('Weight',$,IFCMASSMEASURE(1.15),$);
#1697= IFCPROPERTYSINGLEVALUE('Gross footprint area',$,IFCAREAMEASURE(0.018),$);
#1698= IFCPROPERTYSINGLEVALUE('Area per tons',$,IFCAREAMEASURE(36.149),$);
#1699= IFCPROPERTYSINGLEVALUE('Net surface area',$,IFCAREAMEASURE(0.041),$);
#1700= IFCPROPERTYSINGLEVALUE('Length',$,IFCLENGTHMEASURE(228.),$);
#1701= IFCPROPERTYSET('07hvjv0PDEkAeKiGZXaY7Y',#5,'Tekla Quantity','Quantity Properties to Shared building elements',(#1696,#1375,#1697,#1698,#1699,#1379,#1380,#1700));
#1702= IFCPROPERTYSINGLEVALUE('Reference',$,IFCIDENTIFIER('5-1-P48'),$);
#1703= IFCPROPERTYSET('0w_ErcqJ5Da9V4Z5hl4aw5',#5,'Pset_PlateCommon','Common Properties to plate elements',(#1272,#1702));
#1704= IFCQUANTITYLENGTH('Width',$,$,80.0000610248689);
#1705= IFCQUANTITYAREA('NetArea',$,$,0.041407775509303);
#1706= IFCQUANTITYAREA('GrossArea',$,$,0.0182400315357792);
#1707= IFCQUANTITYVOLUME('NetVolume',$,$,0.000145919175344394);
#1708= IFCQUANTITYVOLUME('GrossVolume',$,$,0.000145919175344394);
#1709= IFCELEMENTQUANTITY('2jJNZuKDX0LQGXlUaE$Yvt',#5,'BaseQuantities',$,$,(#1704,#1705,#1706,#1388,#1707,#1708));
#1710= IFCCARTESIANPOINT((-0.000775870103097986,-3.99999999995998,228.001007080064));
#1711= IFCCARTESIANPOINT((-0.000775870114011923,4.00000000004729,228.001007080063));
#1712= IFCPOLYLOOP((#1492,#1710,#1711,#1495));
#1713= IFCFACEOUTERBOUND(#1712,.T.);
#1714= IFCFACE((#1713));
#1715= IFCCARTESIANPOINT((199.999008179075,-3.99999999988904,228.00100708007));
#1716= IFCCARTESIANPOINT((199.999008179064,4.00000000011642,228.001007080069));
#1717= IFCPOLYLOOP((#1710,#1715,#1716,#1711));
#1718= IFCFACEOUTERBOUND(#1717,.T.);
#1719= IFCFACE((#1718));
#1720= IFCPOLYLOOP((#1715,#1409,#1410,#1716));
#1721= IFCFACEOUTERBOUND(#1720,.T.);
#1722= IFCFACE((#1721));
#1723= IFCPOLYLOOP((#1409,#1492,#1495,#1410));
#1724= IFCFACEOUTERBOUND(#1723,.T.);
#1725= IFCFACE((#1724));
#1726= IFCPOLYLOOP((#1716,#1410,#1495,#1711));
#1727= IFCFACEOUTERBOUND(#1726,.T.);
#1728= IFCFACE((#1727));
#1729= IFCPOLYLOOP((#1409,#1715,#1710,#1492));
#1730= IFCFACEOUTERBOUND(#1729,.T.);
#1731= IFCFACE((#1730));
#1732= IFCCLOSEDSHELL((#1714,#1719,#1722,#1725,#1728,#1731));
#1733= IFCFACETEDBREP(#1732);
#1734= IFCSTYLEDITEM(#1733,(#1286),$);
#1735= IFCSHAPEREPRESENTATION(#12,'Body','Brep',(#1733));
#1736= IFCPRODUCTDEFINITIONSHAPE($,$,(#1735));
#1737= IFCCARTESIANPOINT((1949.10908007099,17434.6821809836,9865.00019073488));
#1738= IFCDIRECTION((-0.99999999991457,-1.30050001243944E-05,-1.31499999952212E-06));
#1739= IFCAXIS2PLACEMENT3D(#1737,#1738,#1468);
#1740= IFCLOCALPLACEMENT(#42,#1739);
#1741= IFCPLATE('3cL8dUkQb11QKkmrUEpAgM',#44,'PLATE-8','PL8*200',$,#1740,#1736,'IDe65489de-b9a9-4105-a52e-c3578eccaa96');
#1742= IFCPLATETYPE('0ny3o6u8D99vdD3ko3uQMZ',#5,'PL8*200',$,$,$,$,$,$,.NOTDEFINED.);
#1743= IFCPROPERTYSINGLEVALUE('Preliminary mark',$,IFCLABEL('5-1-P47(?)'),$);
#1744= IFCPROPERTYSET('30foozhtPD9RqEVf7bPLHZ',#5,'Tekla Common','Common Properties to Shared building elements',(#1473,#1474,#1258,#1743,#1260,#1372));
#1745= IFCPROPERTYSINGLEVALUE('Weight',$,IFCMASSMEASURE(2.86),$);
#1746= IFCPROPERTYSINGLEVALUE('Gross footprint area',$,IFCAREAMEASURE(0.046),$);
#1747= IFCPROPERTYSINGLEVALUE('Area per tons',$,IFCAREAMEASURE(34.238),$);
#1748= IFCPROPERTYSINGLEVALUE('Net surface area',$,IFCAREAMEASURE(0.098),$);
#1749= IFCPROPERTYSINGLEVALUE('Height',$,IFCLENGTHMEASURE(200.),$);
#1750= IFCPROPERTYSET('2DjxKn92PFxhuieGg1xTrO',#5,'Tekla Quantity','Quantity Properties to Shared building elements',(#1745,#1375,#1746,#1747,#1748,#1749,#1380,#1700));
#1751= IFCPROPERTYSINGLEVALUE('Reference',$,IFCIDENTIFIER('5-1-P47'),$);
#1752= IFCPROPERTYSET('0le8svZXPCxOq2naU0wZjz',#5,'Pset_PlateCommon','Common Properties to plate elements',(#1272,#1751));
#1753= IFCQUANTITYLENGTH('Width',$,$,200.000061034351);
#1754= IFCQUANTITYAREA('NetArea',$,$,0.0980483823849753);
#1755= IFCQUANTITYAREA('GrossArea',$,$,0.0456003514491658);
#1756= IFCQUANTITYVOLUME('NetVolume',$,$,0.000364801470043974);
#1757= IFCQUANTITYVOLUME('GrossVolume',$,$,0.000364801470043974);
#1758= IFCELEMENTQUANTITY('1f87hY6ID4Ae86WqhV4c9l',#5,'BaseQuantities',$,$,(#1753,#1754,#1755,#1388,#1756,#1757));
#1759= IFCSHAPEREPRESENTATION(#12,'Body','Brep',(#1245));
#1760= IFCPRODUCTDEFINITIONSHAPE($,$,(#1759));
#1761= IFCCARTESIANPOINT((1955.1089426571,17434.6830239844,9534.99988566911));
#1762= IFCAXIS2PLACEMENT3D(#1761,#1250,#1251);
#1763= IFCLOCALPLACEMENT(#42,#1762);
#1764= IFCPLATE('0DjMVL0FrClQFSG70chZ4h',#44,'PLATE-12','PL12*270',$,#1763,#1760,'ID0db567d5-00fd-4cbd-a3dc-407026ae312b');
#1765= IFCSHAPEREPRESENTATION(#12,'Body','Brep',(#1245));
#1766= IFCPRODUCTDEFINITIONSHAPE($,$,(#1765));
#1767= IFCCARTESIANPOINT((1715.10894265707,17434.6830239843,10919.0004958006));
#1768= IFCDIRECTION((-1.64239999976417E-05,0.999999999863308,-1.90699999620847E-06));
#1769= IFCDIRECTION((0.,-1.90699999685507E-06,-0.999999999998182));
#1770= IFCAXIS2PLACEMENT3D(#1767,#1768,#1769);
#1771= IFCLOCALPLACEMENT(#42,#1770);
#1772= IFCPLATE('37nAj5sSX7E9p$MPC$PRoa',#44,'PLATE-12','PL12*270',$,#1771,#1766,'IDc7c4ab45-d9c8-4738-9cff-59933f65bca4');
#1773= IFCPROPERTYSINGLEVALUE('Bottom elevation',$,IFCLABEL(' +10.424'),$);
#1774= IFCPROPERTYSINGLEVALUE('Top elevation',$,IFCLABEL(' +10.919'),$);
#1775= IFCPROPERTYSINGLEVALUE('Preliminary mark',$,IFCLABEL('5-1-P21(?)'),$);
#1776= IFCPROPERTYSET('2NC2tjP1r7EBC_zgxaz6tx',#5,'Tekla Common','Common Properties to Shared building elements',(#1773,#1774,#1258,#1775,#1260,#1261));
#1777= IFCPROPERTYSINGLEVALUE('Gross footprint area',$,IFCAREAMEASURE(0.001),$);
#1778= IFCPROPERTYSET('1JARuVirn0sA2Kr7gU9qAG',#5,'Tekla Quantity','Quantity Properties to Shared building elements',(#1263,#1264,#1777,#1266,#1267,#1268,#1269,#1270));
#1779= IFCPROPERTYSINGLEVALUE('Reference',$,IFCIDENTIFIER('5-1-P21'),$);
#1780= IFCPROPERTYSET('0_BMb3djz7YBlKAYMIUTlh',#5,'Pset_PlateCommon','Common Properties to plate elements',(#1272,#1779));
#1781= IFCSHAPEREPRESENTATION(#12,'Body','Brep',(#1359));
#1782= IFCPRODUCTDEFINITIONSHAPE($,$,(#1781));
#1783= IFCCARTESIANPOINT((1709.10936573112,17434.6792460965,10804.99988565));
#1784= IFCDIRECTION((-0.999999999468688,-3.25120005800272E-05,2.36500000210071E-06));
#1785= IFCAXIS2PLACEMENT3D(#1783,#1784,#837);
#1786= IFCLOCALPLACEMENT(#42,#1785);
#1787= IFCPLATE('2M3EfDnIj37vm6jUJ0lRHP',#44,'PLATE-8','PL8*80',$,#1786,#1782,'ID960cea4d-c52b-431f-9c06-b5e4c0bdb459');
#1788= IFCPROPERTYSINGLEVALUE('Bottom elevation',$,IFCLABEL(' +10.801'),$);
#1789= IFCPROPERTYSINGLEVALUE('Top elevation',$,IFCLABEL(' +10.809'),$);
#1790= IFCPROPERTYSET('0Em$koVqf1b9Qp$Ux7KhSC',#5,'Tekla Common','Common Properties to Shared building elements',(#1788,#1789,#1258,#1371,#1260,#1372));
#1791= IFCQUANTITYLENGTH('Width',$,$,80.0000610353334);
#1792= IFCQUANTITYAREA('GrossArea',$,$,0.0103200188598848);
#1793= IFCELEMENTQUANTITY('0LJ3FbIGnASwOjAdIyi$vW',#5,'BaseQuantities',$,$,(#1791,#1386,#1792,#1388,#1389,#1390));
#1794= IFCSHAPEREPRESENTATION(#12,'Body','Brep',(#1462));
#1795= IFCPRODUCTDEFINITIONSHAPE($,$,(#1794));
#1796= IFCCARTESIANPOINT((1709.10936573112,17434.6792460965,10584.99988565));
#1797= IFCDIRECTION((-0.999999999912638,-1.30050002226199E-05,2.36500000028173E-06));
#1798= IFCAXIS2PLACEMENT3D(#1796,#1797,#1468);
#1799= IFCLOCALPLACEMENT(#42,#1798);
#1800= IFCPLATE('3jMiVnyq90Pf7vyWzgG$fV',#44,'PLATE-8','PL8*129',$,#1799,#1795,'IDed5ac7f1-f342-4066-91f9-f20f6a43fa5f');
#1801= IFCPROPERTYSINGLEVALUE('Bottom elevation',$,IFCLABEL(' +10.581'),$);
#1802= IFCPROPERTYSINGLEVALUE('Top elevation',$,IFCLABEL(' +10.589'),$);
#1803= IFCPROPERTYSET('2OFhJUzmnBbOXgxk7eSFjo',#5,'Tekla Common','Common Properties to Shared building elements',(#1801,#1802,#1258,#1475,#1260,#1372));
#1804= IFCSHAPEREPRESENTATION(#12,'Body','Brep',(#1564));
#1805= IFCPRODUCTDEFINITIONSHAPE($,$,(#1804));
#1806= IFCCARTESIANPOINT((2090.10908007096,17434.6821809836,10805.0001907349));
#1807= IFCAXIS2PLACEMENT3D(#1806,#1784,#837);
#1808= IFCLOCALPLACEMENT(#42,#1807);
#1809= IFCPLATE('0eFsxOVtTDQ9iGDbfX2UZH',#44,'PLATE-8','PL8*80',$,#1808,#1805,'ID283f6ed8-7f77-4d68-9b10-365a6109e8d1');
#1810= IFCSHAPEREPRESENTATION(#12,'Body','Brep',(#1648));
#1811= IFCPRODUCTDEFINITIONSHAPE($,$,(#1810));
#1812= IFCCARTESIANPOINT((2090.10908007096,17434.6821809836,10585.0001907349));
#1813= IFCAXIS2PLACEMENT3D(#1812,#1797,#1468);
#1814= IFCLOCALPLACEMENT(#42,#1813);
#1815= IFCPLATE('1qZ9SBf050WxwWQcgeUUOr',#44,'PLATE-8','PL8*129',$,#1814,#1811,'ID748c970b-a401-4083-bea0-6a6aa879e635');
#1816= IFCSHAPEREPRESENTATION(#12,'Body','Brep',(#1685));
#1817= IFCPRODUCTDEFINITIONSHAPE($,$,(#1816));
#1818= IFCCARTESIANPOINT((1949.10908007096,17434.6821809836,10805.0001907349));
#1819= IFCDIRECTION((-0.99999999947062,-3.25120003290067E-05,1.31499999952212E-06));
#1820= IFCAXIS2PLACEMENT3D(#1818,#1819,#837);
#1821= IFCLOCALPLACEMENT(#42,#1820);
#1822= IFCPLATE('2hLGdPYbzBCu_5K6Rvgk2l',#44,'PLATE-8','PL8*80',$,#1821,#1817,'IDab5509d9-8a5f-4b33-8f85-5066f9aae0af');
#1823= IFCPROPERTYSET('2iEjciWG95dBrtzJsUj$Ax',#5,'Tekla Common','Common Properties to Shared building elements',(#1788,#1789,#1258,#1694,#1260,#1372));
#1824= IFCSHAPEREPRESENTATION(#12,'Body','Brep',(#1733));
#1825= IFCPRODUCTDEFINITIONSHAPE($,$,(#1824));
#1826= IFCCARTESIANPOINT((1949.10908007096,17434.6821809836,10585.0001907349));
#1827= IFCDIRECTION((-0.99999999991457,-1.30050001243944E-05,1.31499999952212E-06));
#1828= IFCAXIS2PLACEMENT3D(#1826,#1827,#1468);
#1829= IFCLOCALPLACEMENT(#42,#1828);
#1830= IFCPLATE('1Om$oEdRvE$hpbGYquVmJn',#44,'PLATE-8','PL8*200',$,#1829,#1825,'ID58c3fc8e-9dbe-4efe-bce5-422d387f04f1');
#1831= IFCPROPERTYSINGLEVALUE('Preliminary mark',$,IFCLABEL('5-1-P30(?)'),$);
#1832= IFCPROPERTYSET('1M88t9fqv4YAF6W6OKQWnm',#5,'Tekla Common','Common Properties to Shared building elements',(#1801,#1802,#1258,#1831,#1260,#1372));
#1833= IFCPROPERTYSINGLEVALUE('Reference',$,IFCIDENTIFIER('5-1-P30'),$);
#1834= IFCPROPERTYSET('2pfDl1cgT7dRbG68pzu09R',#5,'Pset_PlateCommon','Common Properties to plate elements',(#1272,#1833));
#1835= IFCSHAPEREPRESENTATION(#12,'Body','Brep',(#1245));
#1836= IFCPRODUCTDEFINITIONSHAPE($,$,(#1835));
#1837= IFCCARTESIANPOINT((1955.10894265707,17434.6830239843,10919.0004958006));
#1838= IFCAXIS2PLACEMENT3D(#1837,#1768,#1769);
#1839= IFCLOCALPLACEMENT(#42,#1838);
#1840= IFCPLATE('0aOzAORkX3IRKGfowGhBh3',#44,'PLATE-12','PL12*270',$,#1839,#1836,'ID2463d298-6ee8-4349-b510-a72e90acbac3');
#1841= IFCCOLOURRGB('Light Gray',0.615686274509804,0.615686274509804,0.611764705882353);
#1842= IFCSURFACESTYLERENDERING(#1841,0.,$,$,$,$,IFCNORMALISEDRATIOMEASURE(0.00390625),IFCSPECULAREXPONENT(10.),.NOTDEFINED.);
#1843= IFCSURFACESTYLE('STEEL/S275',.POSITIVE.,(#1842));
#1844= IFCPRESENTATIONSTYLEASSIGNMENT((#1843));
#1845= IFCCARTESIANPOINT((0.,1.,3.63797880709171E-12));
#1846= IFCCARTESIANPOINT((3.66562835552031E-06,9.,8.00000000001091));
#1847= IFCCARTESIANPOINT((420.000000000019,9.,8.00000000013461));
#1848= IFCCARTESIANPOINT((420.000000000018,1.,1.23691279441118E-10));
#1849= IFCPOLYLOOP((#1845,#1846,#1847,#1848));
#1850= IFCFACEOUTERBOUND(#1849,.T.);
#1851= IFCFACE((#1850));
#1852= IFCCARTESIANPOINT((3.66562835552031E-06,-9.,8.00000000001091));
#1853= IFCCARTESIANPOINT((0.,-1.,3.63797880709171E-12));
#1854= IFCCARTESIANPOINT((420.000000000018,-1.,1.23691279441118E-10));
#1855= IFCCARTESIANPOINT((420.000000000019,-9.,8.00000000013461));
#1856= IFCPOLYLOOP((#1852,#1853,#1854,#1855));
#1857= IFCFACEOUTERBOUND(#1856,.T.);
#1858= IFCFACE((#1857));
#1859= IFCCARTESIANPOINT((0.000146626907735481,-9.,320.003875732804));
#1860= IFCCARTESIANPOINT((0.000146626907735481,9.,320.003875732804));
#1861= IFCPOLYLOOP((#1853,#1852,#1859,#1860,#1846,#1845));
#1862= IFCFACEOUTERBOUND(#1861,.T.);
#1863= IFCFACE((#1862));
#1864= IFCCARTESIANPOINT((420.000000000053,-9.,320.003875732949));
#1865= IFCCARTESIANPOINT((420.000000000053,9.,320.003875732949));
#1866= IFCPOLYLOOP((#1859,#1864,#1865,#1860));
#1867= IFCFACEOUTERBOUND(#1866,.T.);
#1868= IFCFACE((#1867));
#1869= IFCPOLYLOOP((#1865,#1864,#1855,#1854,#1848,#1847));
#1870= IFCFACEOUTERBOUND(#1869,.T.);
#1871= IFCFACE((#1870));
#1872= IFCPOLYLOOP((#1854,#1853,#1845,#1848));
#1873= IFCFACEOUTERBOUND(#1872,.T.);
#1874= IFCFACE((#1873));
#1875= IFCPOLYLOOP((#1860,#1865,#1847,#1846));
#1876= IFCFACEOUTERBOUND(#1875,.T.);
#1877= IFCFACE((#1876));
#1878= IFCPOLYLOOP((#1864,#1859,#1852,#1855));
#1879= IFCFACEOUTERBOUND(#1878,.T.);
#1880= IFCFACE((#1879));
#1881= IFCCLOSEDSHELL((#1851,#1858,#1863,#1868,#1871,#1874,#1877,#1880));
#1882= IFCFACETEDBREP(#1881);
#1883= IFCSTYLEDITEM(#1882,(#1844),$);
#1884= IFCSHAPEREPRESENTATION(#12,'Body','Brep',(#1882));
#1885= IFCPRODUCTDEFINITIONSHAPE($,$,(#1884));
#1886= IFCCARTESIANPOINT((1625.10908926764,17434.6726870432,10039.0001907349));
#1887= IFCDIRECTION((-1.73399999939648E-05,0.999999999849662,0.));
#1888= IFCDIRECTION((0.999999999849662,1.73399999940205E-05,0.));
#1889= IFCAXIS2PLACEMENT3D(#1886,#1887,#1888);
#1890= IFCLOCALPLACEMENT(#42,#1889);
#1891= IFCPLATE('0FRNBjR6D1TBRhalZnVXIZ',#44,'PLATE-18','PL18*320',$,#1890,#1885,'ID0f6d72ed-6c63-4174-b6eb-92f8f17e14a3');
#1892= IFCPLATETYPE('0jkbXGrITDsvhomR_eDeya',#5,'PL18*320',$,$,$,$,$,$,.NOTDEFINED.);
#1893= IFCPROPERTYSINGLEVALUE('Bottom elevation',$,IFCLABEL(' +10.030'),$);
#1894= IFCPROPERTYSINGLEVALUE('Top elevation',$,IFCLABEL(' +10.048'),$);
#1895= IFCPROPERTYSINGLEVALUE('Preliminary mark',$,IFCLABEL('5-1-P53(?)'),$);
#1896= IFCPROPERTYSINGLEVALUE('Class',$,IFCLABEL('15'),$);
#1897= IFCPROPERTYSET('1nmMFlPUD7HRfCq05HqIoH',#5,'Tekla Common','Common Properties to Shared building elements',(#1893,#1894,#1258,#1895,#1260,#1896));
#1898= IFCPROPERTYSINGLEVALUE('Weight',$,IFCMASSMEASURE(18.78),$);
#1899= IFCPROPERTYSINGLEVALUE('Volume',$,IFCVOLUMEMEASURE(0.002),$);
#1900= IFCPROPERTYSINGLEVALUE('Gross footprint area',$,IFCAREAMEASURE(0.134),$);
#1901= IFCPROPERTYSINGLEVALUE('Area per tons',$,IFCAREAMEASURE(15.515),$);
#1902= IFCPROPERTYSINGLEVALUE('Net surface area',$,IFCAREAMEASURE(0.291),$);
#1903= IFCPROPERTYSINGLEVALUE('Height',$,IFCLENGTHMEASURE(320.),$);
#1904= IFCPROPERTYSINGLEVALUE('Width',$,IFCLENGTHMEASURE(18.),$);
#1905= IFCPROPERTYSINGLEVALUE('Length',$,IFCLENGTHMEASURE(420.),$);
#1906= IFCPROPERTYSET('0CfZGmWEbCAwRrtcD7ylCC',#5,'Tekla Quantity','Quantity Properties to Shared building elements',(#1898,#1899,#1900,#1901,#1902,#1903,#1904,#1905));
#1907= IFCPROPERTYSINGLEVALUE('Reference',$,IFCIDENTIFIER('5-1-P53'),$);
#1908= IFCPROPERTYSET('2hjZePY0jC9AdpHD_bS8Si',#5,'Pset_PlateCommon','Common Properties to plate elements',(#1272,#1907));
#1909= IFCQUANTITYLENGTH('Width',$,$,320.003875732447);
#1910= IFCQUANTITYAREA('NetArea',$,$,0.291378860708162);
#1911= IFCQUANTITYAREA('GrossArea',$,$,0.134401627807628);
#1912= IFCQUANTITYAREA('CrossSectionArea',$,$,0.000324);
#1913= IFCQUANTITYVOLUME('NetVolume',$,$,0.0023923488783249);
#1914= IFCQUANTITYVOLUME('GrossVolume',$,$,0.0024192288782467);
#1915= IFCELEMENTQUANTITY('1v9CqsOCT6bhxRN_nCAiQ4',#5,'BaseQuantities',$,$,(#1909,#1910,#1911,#1912,#1913,#1914));
#1916= IFCSHAPEREPRESENTATION(#12,'Body','Brep',(#1882));
#1917= IFCPRODUCTDEFINITIONSHAPE($,$,(#1916));
#1918= IFCCARTESIANPOINT((1625.10908926764,17434.6726870432,10415.0001907349));
#1919= IFCAXIS2PLACEMENT3D(#1918,#1887,#1888);
#1920= IFCLOCALPLACEMENT(#42,#1919);
#1921= IFCPLATE('21oJ_GSEr22efzlk4zlArk',#44,'PLATE-18','PL18*320',$,#1920,#1917,'ID81c93f90-70ed-420a-8a7d-bee13dbcad6e');
#1922= IFCPROPERTYSINGLEVALUE('Bottom elevation',$,IFCLABEL(' +10.406'),$);
#1923= IFCPROPERTYSINGLEVALUE('Top elevation',$,IFCLABEL(' +10.424'),$);
#1924= IFCPROPERTYSET('0KwpztNqPDLhAEspJPW6kl',#5,'Tekla Common','Common Properties to Shared building elements',(#1922,#1923,#1258,#1895,#1260,#1896));
#1925= IFCCOLOURRGB('Light Blue',0.23921568627451,0.,0.63921568627451);
#1926= IFCSURFACESTYLERENDERING(#1925,0.,$,$,$,$,IFCNORMALISEDRATIOMEASURE(0.00390625),IFCSPECULAREXPONENT(10.),.NOTDEFINED.);
#1927= IFCSURFACESTYLE('STEEL/S275',.POSITIVE.,(#1926));
#1928= IFCPRESENTATIONSTYLEASSIGNMENT((#1927));
#1929= IFCCARTESIANPOINT((9.09494701772928E-13,-10.0000000000109,0.));
#1930= IFCCARTESIANPOINT((1.36424205265939E-12,-10.0000000000109,1480.));
#1931= IFCCARTESIANPOINT((-9.09494701772928E-13,10.0000000000146,1480.));
#1932= IFCCARTESIANPOINT((-1.36424205265939E-12,10.0000000000146,0.));
#1933= IFCPOLYLOOP((#1929,#1930,#1931,#1932));
#1934= IFCFACEOUTERBOUND(#1933,.T.);
#1935= IFCFACE((#1934));
#1936= IFCCARTESIANPOINT((549.999694824119,-10.0000000001965,1480.));
#1937= IFCCARTESIANPOINT((549.999694824117,9.99999999982538,1480.));
#1938= IFCPOLYLOOP((#1930,#1936,#1937,#1931));
#1939= IFCFACEOUTERBOUND(#1938,.T.);
#1940= IFCFACE((#1939));
#1941= IFCCARTESIANPOINT((549.999694824119,-10.0000000001965,0.));
#1942= IFCCARTESIANPOINT((549.999694824117,9.99999999982538,0.));
#1943= IFCPOLYLOOP((#1936,#1941,#1942,#1937));
#1944= IFCFACEOUTERBOUND(#1943,.T.);
#1945= IFCFACE((#1944));
#1946= IFCPOLYLOOP((#1941,#1929,#1932,#1942));
#1947= IFCFACEOUTERBOUND(#1946,.T.);
#1948= IFCFACE((#1947));
#1949= IFCPOLYLOOP((#1937,#1942,#1932,#1931));
#1950= IFCFACEOUTERBOUND(#1949,.T.);
#1951= IFCFACE((#1950));
#1952= IFCPOLYLOOP((#1941,#1936,#1930,#1929));
#1953= IFCFACEOUTERBOUND(#1952,.T.);
#1954= IFCFACE((#1953));
#1955= IFCCLOSEDSHELL((#1935,#1940,#1945,#1948,#1951,#1954));
#1956= IFCFACETEDBREP(#1955);
#1957= IFCSTYLEDITEM(#1956,(#1928),$);
#1958= IFCSHAPEREPRESENTATION(#12,'Body','Brep',(#1956));
#1959= IFCPRODUCTDEFINITIONSHAPE($,$,(#1958));
#1960= IFCCARTESIANPOINT((2110.10935800256,17424.6843337464,10965.0001907349));
#1961= IFCAXIS2PLACEMENT3D(#1960,#129,#228);
#1962= IFCLOCALPLACEMENT(#42,#1961);
#1963= IFCPLATE('2eNcEI0tvEqxJ2Xgs7$rC8',#44,'MJ9','PL20*550',$,#1962,#1959,'IDa85e6392-037e-4ed3-b4c2-86ad87ff5308');
#1964= IFCPLATETYPE('0p1YpAF6rC9vyzZN5gr51w',#5,'PL20*550',$,$,$,$,$,$,.NOTDEFINED.);
#1965= IFCPROPERTYSINGLEVALUE('Bottom elevation',$,IFCLABEL(' +9.485'),$);
#1966= IFCPROPERTYSINGLEVALUE('Top elevation',$,IFCLABEL(' +10.965'),$);
#1967= IFCPROPERTYSINGLEVALUE('Preliminary mark',$,IFCLABEL('5-1-P56(?)'),$);
#1968= IFCPROPERTYSINGLEVALUE('Class',$,IFCLABEL('14'),$);
#1969= IFCPROPERTYSET('1H_UngimXFFx2z7K0FX_nL',#5,'Tekla Common','Common Properties to Shared building elements',(#1965,#1966,#1258,#1967,#1260,#1968));
#1970= IFCPROPERTYSINGLEVALUE('Weight',$,IFCMASSMEASURE(127.8),$);
#1971= IFCPROPERTYSINGLEVALUE('Volume',$,IFCVOLUMEMEASURE(0.016),$);
#1972= IFCPROPERTYSINGLEVALUE('Gross footprint area',$,IFCAREAMEASURE(0.011),$);
#1973= IFCPROPERTYSINGLEVALUE('Area per tons',$,IFCAREAMEASURE(13.374),$);
#1974= IFCPROPERTYSINGLEVALUE('Net surface area',$,IFCAREAMEASURE(1.709),$);
#1975= IFCPROPERTYSINGLEVALUE('Height',$,IFCLENGTHMEASURE(550.),$);
#1976= IFCPROPERTYSINGLEVALUE('Width',$,IFCLENGTHMEASURE(20.),$);
#1977= IFCPROPERTYSINGLEVALUE('Length',$,IFCLENGTHMEASURE(1480.),$);
#1978= IFCPROPERTYSET('3Uk4xxmNzF3hPASTPwNKXR',#5,'Tekla Quantity','Quantity Properties to Shared building elements',(#1970,#1971,#1972,#1973,#1974,#1975,#1976,#1977));
#1979= IFCPROPERTYSINGLEVALUE('Reference',$,IFCIDENTIFIER('5-1-P56'),$);
#1980= IFCPROPERTYSET('2Ej$xEZx12dxNgrL6RhmbW',#5,'Pset_PlateCommon','Common Properties to plate elements',(#1272,#1979));
#1981= IFCQUANTITYLENGTH('Width',$,$,549.999694824026);
#1982= IFCQUANTITYAREA('NetArea',$,$,1.70919908447266);
#1983= IFCQUANTITYAREA('GrossArea',$,$,0.813999548339558);
#1984= IFCQUANTITYAREA('CrossSectionArea',$,$,0.0004);
#1985= IFCQUANTITYVOLUME('NetVolume',$,$,0.0162799909667969);
#1986= IFCQUANTITYVOLUME('GrossVolume',$,$,0.0162799909667969);
#1987= IFCELEMENTQUANTITY('0n1MA_081CiA6I$j_Z7VB7',#5,'BaseQuantities',$,$,(#1981,#1982,#1983,#1984,#1985,#1986));
#1988= IFCRELAGGREGATES('3RQrJxMA5A_RIzeDo_VfV2',#5,$,$,#37,(#39));
#1989= IFCRELAGGREGATES('1KtrOvVTX8GvoeZthvLS1g',#5,$,$,#39,(#41));
#1990= IFCRELAGGREGATES('3tJCesj$r2euW9ZWp3X4ex',#5,$,$,#41,(#43));
#1991= IFCRELCONTAINEDINSPATIALSTRUCTURE('1Wh2sDBULCxw4j3FlIpkgp',#5,$,$,(#1963,#1921,#1891,#1840,#1830,#1822,#1815,#1809,#1800,#1787,#1772,#1764,#1741,#1693,#1655,#1571,#1471,#1367,#1254,#1168,#1151,#852,#840,#761,#678,#598,#591,#584,#577,#570,#563,#556,#549,#542,#535,#528,#521,#514,#507,#429,#351,#344,#337,#259,#252,#245,#238,#231,#133),#43);
#1992= IFCRELDEFINESBYPROPERTIES('3xqWLCUAL84ejkTy240I5_',#5,$,$,(#598,#591,#584,#577,#570,#563,#556,#549,#542,#535,#528,#521,#514,#507,#429,#351,#344,#337,#259,#252,#245,#238,#231,#133),#151);
#1993= IFCRELDEFINESBYPROPERTIES('0dIfCQfz15PwrdWDrUggqy',#5,$,$,(#761,#678),#683);
#1994= IFCRELDEFINESBYPROPERTIES('3AUpO200T53QcNJg$L$W4j',#5,$,$,(#852,#840),#845);
#1995= IFCRELDEFINESBYPROPERTIES('0YPRlzg598we6eW0ZVkYEr',#5,$,$,(#1168,#1151),#1160);
#1996= IFCRELDEFINESBYPROPERTIES('30tzhyMOT2Wx9J2An5gaNE',#5,$,$,(#1764,#1254),#1262);
#1997= IFCRELDEFINESBYPROPERTIES('0k_Xo7WiP29ej376mWJkqk',#5,$,$,(#1764,#1254),#1271);
#1998= IFCRELDEFINESBYPROPERTIES('292tkGv4D9jOpM2NarNAE$',#5,$,$,(#1764,#1254),#1274);
#1999= IFCRELDEFINESBYPROPERTIES('3TIIKvECf8bvPvqXQU4oNF',#5,$,$,(#1840,#1772,#1764,#1254),#1281);
#2000= IFCRELDEFINESBYPROPERTIES('1l5EzTqXb9lOmRQEsKiQBl',#5,$,$,(#1571,#1367),#1373);
#2001= IFCRELDEFINESBYPROPERTIES('0rpooOYur2w8D7s_1Tibbw',#5,$,$,(#1809,#1787,#1571,#1367),#1382);
#2002= IFCRELDEFINESBYPROPERTIES('0mpgsYuIv5CgcVTseekwYW',#5,$,$,(#1809,#1787,#1571,#1367),#1384);
#2003= IFCRELDEFINESBYPROPERTIES('0pWG14ecP1_fXXtHfwsjI2',#5,$,$,(#1367),#1391);
#2004= IFCRELDEFINESBYPROPERTIES('34WBVbeLT4NwQWnRCou_vu',#5,$,$,(#1655,#1471),#1476);
#2005= IFCRELDEFINESBYPROPERTIES('2JcwQlSqH2CfaR_rfU9mS_',#5,$,$,(#1815,#1800,#1655,#1471),#1483);
#2006= IFCRELDEFINESBYPROPERTIES('3GoWv4615389q18SGXOlvw',#5,$,$,(#1815,#1800,#1655,#1471),#1485);
#2007= IFCRELDEFINESBYPROPERTIES('32Ldhz1lz9jBD9WQhq3oAy',#5,$,$,(#1800,#1471),#1491);
#2008= IFCRELDEFINESBYPROPERTIES('2glJvpour1pOSaFdgj0nIx',#5,$,$,(#1809,#1571),#1577);
#2009= IFCRELDEFINESBYPROPERTIES('2Y4ls$Bhj3QBdnvTkvpYkb',#5,$,$,(#1815,#1655),#1661);
#2010= IFCRELDEFINESBYPROPERTIES('3A8MfjSLrCBeagT0Wp$MGT',#5,$,$,(#1693),#1695);
#2011= IFCRELDEFINESBYPROPERTIES('1blmFhB5z0ivKWIM$_BU2V',#5,$,$,(#1822,#1693),#1701);
#2012= IFCRELDEFINESBYPROPERTIES('17c6MWjJf9h9FGX_d1pS15',#5,$,$,(#1822,#1693),#1703);
#2013= IFCRELDEFINESBYPROPERTIES('1MsX28gEH4ax$w8c3BlPgv',#5,$,$,(#1822,#1693),#1709);
#2014= IFCRELDEFINESBYPROPERTIES('2vCvpHFK1BAOQm4sQGfm68',#5,$,$,(#1741),#1744);
#2015= IFCRELDEFINESBYPROPERTIES('2JJ03i1fD6axFSobOXJKKT',#5,$,$,(#1830,#1741),#1750);
#2016= IFCRELDEFINESBYPROPERTIES('0MOD4L$GDEJxceRTmRH3cj',#5,$,$,(#1741),#1752);
#2017= IFCRELDEFINESBYPROPERTIES('1F6O93w35A1RTfeEORk8MR',#5,$,$,(#1830,#1741),#1758);
#2018= IFCRELDEFINESBYPROPERTIES('1ydLYn3WnCQv1IX3dbbzql',#5,$,$,(#1840,#1772),#1776);
#2019= IFCRELDEFINESBYPROPERTIES('3U7AYtCwP2MvdRZ3IYJ8G1',#5,$,$,(#1840,#1772),#1778);
#2020= IFCRELDEFINESBYPROPERTIES('11X5$zYmDDMQCZD6rJ1eUf',#5,$,$,(#1840,#1772),#1780);
#2021= IFCRELDEFINESBYPROPERTIES('1MCuFNLYDADOWeuLVAGobo',#5,$,$,(#1809,#1787),#1790);
#2022= IFCRELDEFINESBYPROPERTIES('3k4EwaNdnDRegcEfGd3Qe$',#5,$,$,(#1787),#1793);
#2023= IFCRELDEFINESBYPROPERTIES('1_dRReg0P0L8WEtercuN8i',#5,$,$,(#1815,#1800),#1803);
#2024= IFCRELDEFINESBYPROPERTIES('2BRY4EK9H0jec$1pV6Gl2Z',#5,$,$,(#1822),#1823);
#2025= IFCRELDEFINESBYPROPERTIES('0ofO6wgcDB2PayNzkwv4ww',#5,$,$,(#1830),#1832);
#2026= IFCRELDEFINESBYPROPERTIES('0gD98IRpr2RhWItBBzX4Rg',#5,$,$,(#1830),#1834);
#2027= IFCRELDEFINESBYPROPERTIES('2PEYQha_r0V9TtGjRTxxNW',#5,$,$,(#1891),#1897);
#2028= IFCRELDEFINESBYPROPERTIES('1j6HeRdvL5ax6u_GHd_R0x',#5,$,$,(#1921,#1891),#1906);
#2029= IFCRELDEFINESBYPROPERTIES('0rmMWesEzEleclWjWSKYsm',#5,$,$,(#1921,#1891),#1908);
#2030= IFCRELDEFINESBYPROPERTIES('3L3eJ4Htj1Qe3or7XCJTD3',#5,$,$,(#1921,#1891),#1915);
#2031= IFCRELDEFINESBYPROPERTIES('0p5yL3AQT6dAhQQdxOaqXa',#5,$,$,(#1921),#1924);
#2032= IFCRELDEFINESBYPROPERTIES('0JiYYODBrAAhqdDs$l6MjF',#5,$,$,(#1963),#1969);
#2033= IFCRELDEFINESBYPROPERTIES('3QtI8OdcP32v76AeJ6dr79',#5,$,$,(#1963),#1978);
#2034= IFCRELDEFINESBYPROPERTIES('30ihe1up1Bvu$6V7FME7ll',#5,$,$,(#1963),#1980);
#2035= IFCRELDEFINESBYPROPERTIES('1wsXWoOLD7cPt3bZFJ$DRc',#5,$,$,(#1963),#1987);
#2036= IFCRELDEFINESBYTYPE('3R4m6L7RLDqhDo$8VFI5g8',#5,$,$,(#1168,#1151,#852,#840,#761,#678,#598,#591,#584,#577,#570,#563,#556,#549,#542,#535,#528,#521,#514,#507,#429,#351,#344,#337,#259,#252,#245,#238,#231,#133),#134);
#2037= IFCRELDEFINESBYTYPE('1CKhjSGi50nBrMwmLXga2P',#5,$,$,(#1840,#1772,#1764,#1254),#1255);
#2038= IFCRELDEFINESBYTYPE('2WP2hVpXL1ve8DAYyrwcJ2',#5,$,$,(#1822,#1809,#1787,#1693,#1571,#1367),#1368);
#2039= IFCRELDEFINESBYTYPE('3vx1ljXKnBXeOv2WM_mlnz',#5,$,$,(#1815,#1800,#1655,#1471),#1472);
#2040= IFCRELDEFINESBYTYPE('1A2YaTyIPCjgdg_MaUJRAn',#5,$,$,(#1830,#1741),#1742);
#2041= IFCRELDEFINESBYTYPE('3pmW38yPr1Xukc73XFDMxY',#5,$,$,(#1921,#1891),#1892);
#2042= IFCRELDEFINESBYTYPE('2pGts8Eg9DMg3QsBmVMLKi',#5,$,$,(#1963),#1964);
#2043= IFCRELASSOCIATESMATERIAL('2IjIWywUXCB832k1u5sTQL',#5,$,$,(#852,#840,#761,#678,#598,#591,#584,#577,#570,#563,#556,#549,#542,#535,#528,#521,#514,#507,#429,#351,#344,#337,#259,#252,#245,#238,#231,#133),#152);
#2044= IFCRELASSOCIATESMATERIAL('0WOBLIoL5FUglRVAASkzPJ',#5,$,$,(#1168,#1151),#1161);
#2045= IFCRELASSOCIATESMATERIAL('09HdbnX6z2kPcCzVeKYX1I',#5,$,$,(#1963,#1921,#1891,#1840,#1830,#1822,#1815,#1809,#1800,#1787,#1772,#1764,#1741,#1693,#1655,#1571,#1471,#1367,#1254),#1282);
#2046= IFCPRESENTATIONLAYERASSIGNMENT('BoltArray',$,(#126,#225,#233,#240,#247,#254,#332,#339,#346,#424,#502,#509,#516,#523,#530,#537,#544,#551,#558,#565,#572,#579,#586,#593,#671,#756,#834,#847,#1145,#1163),$);
#2047= IFCPRESENTATIONLAYERASSIGNMENT('PLATE-12',$,(#1247,#1759,#1765,#1835),$);
#2048= IFCPRESENTATIONLAYERASSIGNMENT('PLATE-8',$,(#1361,#1464,#1566,#1650,#1687,#1735,#1781,#1794,#1804,#1810,#1816,#1824),$);
#2049= IFCPRESENTATIONLAYERASSIGNMENT('PLATE-18',$,(#1884,#1916),$);
#2050= IFCPRESENTATIONLAYERASSIGNMENT('MJ9',$,(#1958),$);
ENDSEC;

END-ISO-10303-21;
