ISO-10303-21;
HEADER;
FILE_DESCRIPTION(('ViewDefinition[CoordinationView_V2.0, QuantityTakeOffAddOnView]', 'ExchangeRequirement[Structural, SurfaceGeometry]', 'Option [BaseQuantities:On]', 'Option [GridExport:On]', 'Option [Assemblies:Off]', 'Option [Bolts:On]', 'Option [Rebars:On]', 'Option [PourObjects:Off]', 'Option [Welds:Off]', 'Option [SurfaceTreatments:On]', 'Option [LocationBy:0]', 'Option [ViewColors:Off]', 'Option [SectionedSpine:Off]', 'Option [PropertySets:On]', 'Option [Export all:Off]'),'2;1');
FILE_NAME('5-1-A6.ifc','2026-03-10T09:15:02',('DESKTOP-NLV509P\\Ahmed'),('Structural Designer'),'IFC Parser version: 3.13.2','Tekla Structures 2023 Service Pack 8, IFC Export Version: 4.0.0.0 Jan 19 2024','');
FILE_SCHEMA(('IFC2X3'));
ENDSEC;

DATA;
#1= IFCPERSON('DESKTOP-NLV509P\\Ahmed','Undefined',$,$,$,$,$,$);
#2= IFCORGANIZATION($,'Trimble Solutions Corporation',$,$,$);
#3= IFCPERSONANDORGANIZATION(#1,#2,$);
#4= IFCAPPLICATION(#2,'2023 Service Pack 8','Tekla Structures','Multi material modeling');
#5= IFCOWNERHISTORY(#3,#4,$,.NOCHANGE.,$,$,$,1773123302);
#6= IFCCARTESIANPOINT((0.,0.,0.));
#7= IFCDIRECTION((1.,0.,0.));
#8= IFCDIRECTION((0.,1.,0.));
#9= IFCDIRECTION((0.,0.,1.));
#10= IFCAXIS2PLACEMENT3D(#6,#9,#7);
#11= IFCGEOMETRICREPRESENTATIONCONTEXT($,'Model',3,1.E-05,#10,$);
#12= IFCGEOMETRICREPRESENTATIONSUBCONTEXT('Body','Model',*,*,*,*,#11,$,.MODEL_VIEW.,$);
#13= IFCGEOMETRICREPRESENTATIONSUBCONTEXT('Axis','Model',*,*,*,*,#11,$,.GRAPH_VIEW.,$);
#14= IFCGEOMETRICREPRESENTATIONSUBCONTEXT('FootPrint','Model',*,*,*,*,#11,$,.MODEL_VIEW.,$);
#15= IFCSIUNIT(*,.LENGTHUNIT.,.MILLI.,.METRE.);
#16= IFCMEASUREWITHUNIT(IFCRATIOMEASURE(304.8),#15);
#17= IFCDIMENSIONALEXPONENTS(1,0,0,0,0,0,0);
#18= IFCCONVERSIONBASEDUNIT(#17,.LENGTHUNIT.,'FOOT',#16);
#19= IFCSIUNIT(*,.AREAUNIT.,$,.SQUARE_METRE.);
#20= IFCMEASUREWITHUNIT(IFCRATIOMEASURE(0.09290304),#19);
#21= IFCDIMENSIONALEXPONENTS(2,0,0,0,0,0,0);
#22= IFCCONVERSIONBASEDUNIT(#21,.AREAUNIT.,'SQUARE FOOT',#20);
#23= IFCSIUNIT(*,.VOLUMEUNIT.,$,.CUBIC_METRE.);
#24= IFCMEASUREWITHUNIT(IFCRATIOMEASURE(0.028316846592),#23);
#25= IFCDIMENSIONALEXPONENTS(3,0,0,0,0,0,0);
#26= IFCCONVERSIONBASEDUNIT(#25,.VOLUMEUNIT.,'CUBIC FOOT',#24);
#27= IFCSIUNIT(*,.MASSUNIT.,.KILO.,.GRAM.);
#28= IFCSIUNIT(*,.TIMEUNIT.,$,.SECOND.);
#29= IFCSIUNIT(*,.PLANEANGLEUNIT.,$,.RADIAN.);
#30= IFCMEASUREWITHUNIT(IFCRATIOMEASURE(0.0174532925199433),#29);
#31= IFCDIMENSIONALEXPONENTS(0,0,0,0,0,0,0);
#32= IFCCONVERSIONBASEDUNIT(#31,.PLANEANGLEUNIT.,'DEGREE',#30);
#33= IFCSIUNIT(*,.SOLIDANGLEUNIT.,$,.STERADIAN.);
#34= IFCSIUNIT(*,.THERMODYNAMICTEMPERATUREUNIT.,$,.DEGREE_CELSIUS.);
#35= IFCSIUNIT(*,.LUMINOUSINTENSITYUNIT.,$,.LUMEN.);
#36= IFCUNITASSIGNMENT((#15,#19,#23,#27,#28,#29,#33,#34,#35));
#37= IFCPROJECT('090GRzMgr9agDq3XRvSe3l',#5,'Undefined',$,$,$,$,(#11),#36);
#38= IFCLOCALPLACEMENT($,#10);
#39= IFCSITE('03eG4nFGnAEOhXnh11J9Y3',#5,'Undefined',$,$,#38,$,$,.ELEMENT.,$,$,$,$,$);
#40= IFCLOCALPLACEMENT(#38,#10);
#41= IFCBUILDING('0i23ZkEZ1Exe2PBCGYa$q3',#5,'Undefined',$,$,#40,$,$,.ELEMENT.,$,$,$);
#42= IFCLOCALPLACEMENT(#40,#10);
#43= IFCBUILDINGSTOREY('3gJPpYF7LCbf7I109fNVl5',#5,'Undefined',$,$,#42,$,$,.ELEMENT.,0.);
#44= IFCOWNERHISTORY(#3,#4,$,.NOCHANGE.,$,$,$,1770796800);
#45= IFCCOLOURRGB($,0.698039215686274,0.4,0.);
#46= IFCSURFACESTYLERENDERING(#45,0.,$,$,$,$,IFCNORMALISEDRATIOMEASURE(0.00390625),IFCSPECULAREXPONENT(10.),.NOTDEFINED.);
#47= IFCSURFACESTYLE('Undefined',.POSITIVE.,(#46));
#48= IFCPRESENTATIONSTYLEASSIGNMENT((#47));
#49= IFCCARTESIANPOINT((15.,101.189005219113,0.));
#50= IFCCARTESIANPOINT((12.9903810567663,101.189005219113,7.50000000000045));
#51= IFCCARTESIANPOINT((7.4999999999991,101.189005219113,12.9903810567671));
#52= IFCCARTESIANPOINT((-1.55450397240048E-12,101.189005219113,15.));
#53= IFCCARTESIANPOINT((-7.50000000000179,101.189005219113,12.9903810567655));
#54= IFCCARTESIANPOINT((-12.9903810567679,101.189005219113,7.49999999999776));
#55= IFCCARTESIANPOINT((-15.,101.189005219113,-3.10900794480097E-12));
#56= IFCCARTESIANPOINT((-12.9903810567648,101.189005219113,-7.50000000000313));
#57= IFCCARTESIANPOINT((-7.49999999999642,101.189005219113,-12.9903810567686));
#58= IFCCARTESIANPOINT((4.64685857183207E-12,101.189005219113,-15.));
#59= IFCCARTESIANPOINT((7.50000000000448,101.189005219113,-12.990381056764));
#60= IFCCARTESIANPOINT((12.9903810567694,101.189005219113,-7.49999999999507));
#61= IFCCARTESIANPOINT((15.,126.289005226004,0.));
#62= IFCCARTESIANPOINT((12.9903810567663,126.289005226004,7.50000000000045));
#63= IFCCARTESIANPOINT((7.4999999999991,126.289005226004,12.9903810567671));
#64= IFCCARTESIANPOINT((-1.55450397240048E-12,126.289005226004,15.));
#65= IFCCARTESIANPOINT((-7.50000000000179,126.289005226004,12.9903810567655));
#66= IFCCARTESIANPOINT((-12.9903810567679,126.289005226004,7.49999999999776));
#67= IFCCARTESIANPOINT((-15.,126.289005226004,-3.10900794480097E-12));
#68= IFCCARTESIANPOINT((-12.9903810567648,126.289005226004,-7.50000000000313));
#69= IFCCARTESIANPOINT((-7.49999999999642,126.289005226004,-12.9903810567686));
#70= IFCCARTESIANPOINT((4.64685857183207E-12,126.289005226004,-15.));
#71= IFCCARTESIANPOINT((7.50000000000448,126.289005226004,-12.990381056764));
#72= IFCCARTESIANPOINT((12.9903810567694,126.289005226004,-7.49999999999507));
#73= IFCPOLYLOOP((#49,#50,#51,#52,#53,#54,#55,#56,#57,#58,#59,#60));
#74= IFCFACEOUTERBOUND(#73,.T.);
#75= IFCFACE((#74));
#76= IFCPOLYLOOP((#72,#71,#70,#69,#68,#67,#66,#65,#64,#63,#62,#61));
#77= IFCFACEOUTERBOUND(#76,.T.);
#78= IFCFACE((#77));
#79= IFCPOLYLOOP((#49,#61,#62,#50));
#80= IFCFACEOUTERBOUND(#79,.T.);
#81= IFCFACE((#80));
#82= IFCPOLYLOOP((#50,#62,#63,#51));
#83= IFCFACEOUTERBOUND(#82,.T.);
#84= IFCFACE((#83));
#85= IFCPOLYLOOP((#51,#63,#64,#52));
#86= IFCFACEOUTERBOUND(#85,.T.);
#87= IFCFACE((#86));
#88= IFCPOLYLOOP((#52,#64,#65,#53));
#89= IFCFACEOUTERBOUND(#88,.T.);
#90= IFCFACE((#89));
#91= IFCPOLYLOOP((#53,#65,#66,#54));
#92= IFCFACEOUTERBOUND(#91,.T.);
#93= IFCFACE((#92));
#94= IFCPOLYLOOP((#54,#66,#67,#55));
#95= IFCFACEOUTERBOUND(#94,.T.);
#96= IFCFACE((#95));
#97= IFCPOLYLOOP((#55,#67,#68,#56));
#98= IFCFACEOUTERBOUND(#97,.T.);
#99= IFCFACE((#98));
#100= IFCPOLYLOOP((#56,#68,#69,#57));
#101= IFCFACEOUTERBOUND(#100,.T.);
#102= IFCFACE((#101));
#103= IFCPOLYLOOP((#57,#69,#70,#58));
#104= IFCFACEOUTERBOUND(#103,.T.);
#105= IFCFACE((#104));
#106= IFCPOLYLOOP((#58,#70,#71,#59));
#107= IFCFACEOUTERBOUND(#106,.T.);
#108= IFCFACE((#107));
#109= IFCPOLYLOOP((#59,#71,#72,#60));
#110= IFCFACEOUTERBOUND(#109,.T.);
#111= IFCFACE((#110));
#112= IFCPOLYLOOP((#60,#72,#61,#49));
#113= IFCFACEOUTERBOUND(#112,.T.);
#114= IFCFACE((#113));
#115= IFCCLOSEDSHELL((#75,#78,#81,#84,#87,#90,#93,#96,#99,#102,#105,#108,#111,#114));
#116= IFCCOLOURRGB($,0.,0.,0.);
#117= IFCSURFACESTYLERENDERING(#116,0.,$,$,$,$,IFCNORMALISEDRATIOMEASURE(0.00390625),IFCSPECULAREXPONENT(10.),.NOTDEFINED.);
#118= IFCSURFACESTYLE($,.POSITIVE.,(#117));
#119= IFCPRESENTATIONSTYLEASSIGNMENT((#118));
#120= IFCFACETEDBREP(#115);
#121= IFCSTYLEDITEM(#120,(#119),$);
#122= IFCCARTESIANTRANSFORMATIONOPERATOR3D($,$,#6,$,$);
#123= IFCSHAPEREPRESENTATION(#12,'Body','Brep',(#120));
#124= IFCREPRESENTATIONMAP(#10,#123);
#125= IFCMAPPEDITEM(#124,#122);
#126= IFCSHAPEREPRESENTATION(#12,'Body','MappedRepresentation',(#125));
#127= IFCPRODUCTDEFINITIONSHAPE($,$,(#126));
#128= IFCCARTESIANPOINT((53514.9315089096,26622.7184049035,10979.0001144206));
#129= IFCDIRECTION((0.,0.,-1.));
#130= IFCDIRECTION((-8.08430001292769E-05,0.999999996732205,0.));
#131= IFCAXIS2PLACEMENT3D(#128,#129,#130);
#132= IFCLOCALPLACEMENT(#42,#131);
#133= IFCMECHANICALFASTENER('2Yx7$In29EMOE1RMT25f5G',#44,'Bolt assembly',$,$,#132,#127,'IDa2ec7fd2-c422-4e59-8381-6d6742169150',28.,25.);
#134= IFCMECHANICALFASTENERTYPE('24BjGymOv4dgEO65l3fxJ3',#5,'Bolt assembly',$,$,$,$,$,$);
#135= IFCPROPERTYSINGLEVALUE('Washer count',$,IFCINTEGER(0),$);
#136= IFCPROPERTYSINGLEVALUE('Washer diameter',$,IFCLENGTHMEASURE(28.),$);
#137= IFCPROPERTYSINGLEVALUE('Washer type',$,IFCLABEL('PLAIN'),$);
#138= IFCPROPERTYSINGLEVALUE('Washer name',$,IFCLABEL(''),$);
#139= IFCPROPERTYSINGLEVALUE('Nut count',$,IFCINTEGER(0),$);
#140= IFCPROPERTYSINGLEVALUE('Nut type',$,IFCLABEL('HEAVY_HEX'),$);
#141= IFCPROPERTYSINGLEVALUE('Nut name',$,IFCLABEL(''),$);
#142= IFCPROPERTYSINGLEVALUE('Slotted hole y',$,IFCLENGTHMEASURE(0.),$);
#143= IFCPROPERTYSINGLEVALUE('Slotted hole x',$,IFCLENGTHMEASURE(0.),$);
#144= IFCPROPERTYSINGLEVALUE('Bolt hole diameter',$,IFCLENGTHMEASURE(30.),$);
#145= IFCPROPERTYSINGLEVALUE('Location',$,IFCLABEL('Site'),$);
#146= IFCPROPERTYSINGLEVALUE('Bolt count',$,IFCINTEGER(1),$);
#147= IFCPROPERTYSINGLEVALUE('Bolt size',$,IFCLENGTHMEASURE(30.),$);
#148= IFCPROPERTYSINGLEVALUE('Bolt length',$,IFCLENGTHMEASURE(25.),$);
#149= IFCPROPERTYSINGLEVALUE('Bolt standard',$,IFCLABEL(''),$);
#150= IFCPROPERTYSINGLEVALUE('Bolt Name',$,IFCLABEL(''),$);
#151= IFCPROPERTYSET('2cLFVV5AP7bQfzSIuMzsZA',#5,'Tekla Bolt','Bolt Properties',(#135,#136,#137,#138,#139,#140,#141,#142,#143,#144,#145,#146,#147,#148,#149,#150));
#152= IFCMATERIAL('Undefined');
#153= IFCMAPPEDITEM(#124,#122);
#154= IFCSHAPEREPRESENTATION(#12,'Body','MappedRepresentation',(#153));
#155= IFCPRODUCTDEFINITIONSHAPE($,$,(#154));
#156= IFCCARTESIANPOINT((53514.9217298025,26792.7184046221,10979.0001144207));
#157= IFCAXIS2PLACEMENT3D(#156,#129,#130);
#158= IFCLOCALPLACEMENT(#42,#157);
#159= IFCMECHANICALFASTENER('2dhc8g2Eb1suz3trmR98np',#44,'Bolt assembly',$,$,#158,#155,'IDa7ae622a-08e9-41db-8f43-df5c1b248c73',28.,25.);
#160= IFCMAPPEDITEM(#124,#122);
#161= IFCSHAPEREPRESENTATION(#12,'Body','MappedRepresentation',(#160));
#162= IFCPRODUCTDEFINITIONSHAPE($,$,(#161));
#163= IFCCARTESIANPOINT((53514.9119506954,26962.7184043407,10979.0001144208));
#164= IFCAXIS2PLACEMENT3D(#163,#129,#130);
#165= IFCLOCALPLACEMENT(#42,#164);
#166= IFCMECHANICALFASTENER('1wcNfG409AOQFNRl2PHlUB',#44,'Bolt assembly',$,$,#165,#162,'ID7a997a50-1002-4a61-a3d7-6ef09946f78b',28.,25.);
#167= IFCMAPPEDITEM(#124,#122);
#168= IFCSHAPEREPRESENTATION(#12,'Body','MappedRepresentation',(#167));
#169= IFCPRODUCTDEFINITIONSHAPE($,$,(#168));
#170= IFCCARTESIANPOINT((53514.9315089096,26622.7184049037,10779.0001144206));
#171= IFCAXIS2PLACEMENT3D(#170,#129,#130);
#172= IFCLOCALPLACEMENT(#42,#171);
#173= IFCMECHANICALFASTENER('3b6oBAEejEEwIaSnkt8fAz',#44,'Bolt assembly',$,$,#172,#169,'IDe51b22ca-3a8b-4e3b-a4a4-731bb72292bd',28.,25.);
#174= IFCMAPPEDITEM(#124,#122);
#175= IFCSHAPEREPRESENTATION(#12,'Body','MappedRepresentation',(#174));
#176= IFCPRODUCTDEFINITIONSHAPE($,$,(#175));
#177= IFCCARTESIANPOINT((53514.9217298025,26792.7184046223,10779.0001144207));
#178= IFCAXIS2PLACEMENT3D(#177,#129,#130);
#179= IFCLOCALPLACEMENT(#42,#178);
#180= IFCMECHANICALFASTENER('2aDEJrRGHECvMM20IHKYg1',#44,'Bolt assembly',$,$,#179,#176,'IDa434e4f5-6d04-4e33-9596-080491522a81',28.,25.);
#181= IFCMAPPEDITEM(#124,#122);
#182= IFCSHAPEREPRESENTATION(#12,'Body','MappedRepresentation',(#181));
#183= IFCPRODUCTDEFINITIONSHAPE($,$,(#182));
#184= IFCCARTESIANPOINT((53514.9119506954,26962.7184043409,10779.0001144208));
#185= IFCAXIS2PLACEMENT3D(#184,#129,#130);
#186= IFCLOCALPLACEMENT(#42,#185);
#187= IFCMECHANICALFASTENER('0nIExCjkT2jwq36x$Mx33n',#44,'Bolt assembly',$,$,#186,#183,'ID3148eecc-b6e7-42b7-ad03-1bbfd6ec30f1',28.,25.);
#188= IFCMAPPEDITEM(#124,#122);
#189= IFCSHAPEREPRESENTATION(#12,'Body','MappedRepresentation',(#188));
#190= IFCPRODUCTDEFINITIONSHAPE($,$,(#189));
#191= IFCCARTESIANPOINT((53514.9315089096,26622.7184049038,10579.0001144206));
#192= IFCAXIS2PLACEMENT3D(#191,#129,#130);
#193= IFCLOCALPLACEMENT(#42,#192);
#194= IFCMECHANICALFASTENER('1JmiKDG$vA1PMv7pIT6qF4',#44,'Bolt assembly',$,$,#193,#190,'ID53c2c50d-43fe-4a05-95b9-1f349d1b43c4',28.,25.);
#195= IFCMAPPEDITEM(#124,#122);
#196= IFCSHAPEREPRESENTATION(#12,'Body','MappedRepresentation',(#195));
#197= IFCPRODUCTDEFINITIONSHAPE($,$,(#196));
#198= IFCCARTESIANPOINT((53514.9217298025,26792.7184046224,10579.0001144207));
#199= IFCAXIS2PLACEMENT3D(#198,#129,#130);
#200= IFCLOCALPLACEMENT(#42,#199);
#201= IFCMECHANICALFASTENER('1qEfLvmvjDzx2I7kSIMwaI',#44,'Bolt assembly',$,$,#200,#197,'ID743a9579-c39b-4df7-b092-1ee7125ba912',28.,25.);
#202= IFCMAPPEDITEM(#124,#122);
#203= IFCSHAPEREPRESENTATION(#12,'Body','MappedRepresentation',(#202));
#204= IFCPRODUCTDEFINITIONSHAPE($,$,(#203));
#205= IFCCARTESIANPOINT((53514.9119506954,26962.718404341,10579.0001144208));
#206= IFCAXIS2PLACEMENT3D(#205,#129,#130);
#207= IFCLOCALPLACEMENT(#42,#206);
#208= IFCMECHANICALFASTENER('2mp5qLq412LAZoffMJ041A',#44,'Bolt assembly',$,$,#207,#204,'IDb0cc5d15-d040-4254-a8f2-a6959300404a',28.,25.);
#209= IFCMAPPEDITEM(#124,#122);
#210= IFCSHAPEREPRESENTATION(#12,'Body','MappedRepresentation',(#209));
#211= IFCPRODUCTDEFINITIONSHAPE($,$,(#210));
#212= IFCCARTESIANPOINT((53514.9315089096,26622.7184049039,10379.0001144206));
#213= IFCAXIS2PLACEMENT3D(#212,#129,#130);
#214= IFCLOCALPLACEMENT(#42,#213);
#215= IFCMECHANICALFASTENER('0ez6as33n3tuMQILf$TTI8',#44,'Bolt assembly',$,$,#214,#211,'ID28f46936-0c3c-43df-859a-495a7f75d488',28.,25.);
#216= IFCMAPPEDITEM(#124,#122);
#217= IFCSHAPEREPRESENTATION(#12,'Body','MappedRepresentation',(#216));
#218= IFCPRODUCTDEFINITIONSHAPE($,$,(#217));
#219= IFCCARTESIANPOINT((53514.9217298025,26792.7184046225,10379.0001144207));
#220= IFCAXIS2PLACEMENT3D(#219,#129,#130);
#221= IFCLOCALPLACEMENT(#42,#220);
#222= IFCMECHANICALFASTENER('02av6EToTAshB8AlPhaIgJ',#44,'Bolt assembly',$,$,#221,#218,'ID0293918e-7727-4ada-b2c8-2af66b912a93',28.,25.);
#223= IFCMAPPEDITEM(#124,#122);
#224= IFCSHAPEREPRESENTATION(#12,'Body','MappedRepresentation',(#223));
#225= IFCPRODUCTDEFINITIONSHAPE($,$,(#224));
#226= IFCCARTESIANPOINT((53514.9119506954,26962.7184043411,10379.0001144208));
#227= IFCAXIS2PLACEMENT3D(#226,#129,#130);
#228= IFCLOCALPLACEMENT(#42,#227);
#229= IFCMECHANICALFASTENER('08wxDgw6bBnggbWCghRC09',#44,'Bolt assembly',$,$,#228,#225,'ID08ebb36a-e869-4bc6-aaa5-80caab6cc009',28.,25.);
#230= IFCMAPPEDITEM(#124,#122);
#231= IFCSHAPEREPRESENTATION(#12,'Body','MappedRepresentation',(#230));
#232= IFCPRODUCTDEFINITIONSHAPE($,$,(#231));
#233= IFCCARTESIANPOINT((53514.9315089096,26622.7184049042,9979.00011442061));
#234= IFCAXIS2PLACEMENT3D(#233,#129,#130);
#235= IFCLOCALPLACEMENT(#42,#234);
#236= IFCMECHANICALFASTENER('1FqpfrnB12AeiR5fKBQqHJ',#44,'Bolt assembly',$,$,#235,#232,'ID4fd33a75-c4b0-422a-8b1b-16950b6b4453',28.,25.);
#237= IFCMAPPEDITEM(#124,#122);
#238= IFCSHAPEREPRESENTATION(#12,'Body','MappedRepresentation',(#237));
#239= IFCPRODUCTDEFINITIONSHAPE($,$,(#238));
#240= IFCCARTESIANPOINT((53514.9217298025,26792.7184046228,9979.00011442072));
#241= IFCAXIS2PLACEMENT3D(#240,#129,#130);
#242= IFCLOCALPLACEMENT(#42,#241);
#243= IFCMECHANICALFASTENER('194RYffsP0yBFzgRTNKqVZ',#44,'Bolt assembly',$,$,#242,#239,'ID4911b8a9-a766-40f0-b3fd-a9b7575347e3',28.,25.);
#244= IFCMAPPEDITEM(#124,#122);
#245= IFCSHAPEREPRESENTATION(#12,'Body','MappedRepresentation',(#244));
#246= IFCPRODUCTDEFINITIONSHAPE($,$,(#245));
#247= IFCCARTESIANPOINT((53514.9119506954,26962.7184043414,9979.00011442083));
#248= IFCAXIS2PLACEMENT3D(#247,#129,#130);
#249= IFCLOCALPLACEMENT(#42,#248);
#250= IFCMECHANICALFASTENER('2Jj8ZdiXv00eoHoXdR3XeC',#44,'Bolt assembly',$,$,#249,#246,'ID93b488e7-b21e-4002-8c91-ca19db0e1a0c',28.,25.);
#251= IFCMAPPEDITEM(#124,#122);
#252= IFCSHAPEREPRESENTATION(#12,'Body','MappedRepresentation',(#251));
#253= IFCPRODUCTDEFINITIONSHAPE($,$,(#252));
#254= IFCCARTESIANPOINT((53514.9315089096,26622.7184049043,9779.00011442061));
#255= IFCAXIS2PLACEMENT3D(#254,#129,#130);
#256= IFCLOCALPLACEMENT(#42,#255);
#257= IFCMECHANICALFASTENER('0CfDWcSATBGRUKTjneXiY0',#44,'Bolt assembly',$,$,#256,#253,'ID0ca4d826-70a7-4b41-b794-76dc6886c880',28.,25.);
#258= IFCMAPPEDITEM(#124,#122);
#259= IFCSHAPEREPRESENTATION(#12,'Body','MappedRepresentation',(#258));
#260= IFCPRODUCTDEFINITIONSHAPE($,$,(#259));
#261= IFCCARTESIANPOINT((53514.9217298025,26792.7184046229,9779.00011442072));
#262= IFCAXIS2PLACEMENT3D(#261,#129,#130);
#263= IFCLOCALPLACEMENT(#42,#262);
#264= IFCMECHANICALFASTENER('2DqDV$Hgf3cwryNkWBkQPK',#44,'Bolt assembly',$,$,#263,#260,'ID8dd0d7ff-46aa-439b-ad7c-5ee80bb9a654',28.,25.);
#265= IFCMAPPEDITEM(#124,#122);
#266= IFCSHAPEREPRESENTATION(#12,'Body','MappedRepresentation',(#265));
#267= IFCPRODUCTDEFINITIONSHAPE($,$,(#266));
#268= IFCCARTESIANPOINT((53514.9119506954,26962.7184043415,9779.00011442083));
#269= IFCAXIS2PLACEMENT3D(#268,#129,#130);
#270= IFCLOCALPLACEMENT(#42,#269);
#271= IFCMECHANICALFASTENER('1nJMFgABrEIv_k$DuWezsF',#44,'Bolt assembly',$,$,#270,#267,'ID714d63ea-28bd-4e4b-9fae-fcde20a3dd8f',28.,25.);
#272= IFCMAPPEDITEM(#124,#122);
#273= IFCSHAPEREPRESENTATION(#12,'Body','MappedRepresentation',(#272));
#274= IFCPRODUCTDEFINITIONSHAPE($,$,(#273));
#275= IFCCARTESIANPOINT((53514.9315089096,26622.7184049044,9579.00011442061));
#276= IFCAXIS2PLACEMENT3D(#275,#129,#130);
#277= IFCLOCALPLACEMENT(#42,#276);
#278= IFCMECHANICALFASTENER('3dHOr7N2b9DQDb34b2KxJW',#44,'Bolt assembly',$,$,#277,#274,'IDe7458d47-5c29-4935-a365-0c494253b4e0',28.,25.);
#279= IFCMAPPEDITEM(#124,#122);
#280= IFCSHAPEREPRESENTATION(#12,'Body','MappedRepresentation',(#279));
#281= IFCPRODUCTDEFINITIONSHAPE($,$,(#280));
#282= IFCCARTESIANPOINT((53514.9217298025,26792.718404623,9579.00011442072));
#283= IFCAXIS2PLACEMENT3D(#282,#129,#130);
#284= IFCLOCALPLACEMENT(#42,#283);
#285= IFCMECHANICALFASTENER('3_G9Kp8m58OQ1AF7WVrhXq',#44,'Bolt assembly',$,$,#284,#281,'IDfe409533-2301-4861-a04a-3c781fd6b874',28.,25.);
#286= IFCMAPPEDITEM(#124,#122);
#287= IFCSHAPEREPRESENTATION(#12,'Body','MappedRepresentation',(#286));
#288= IFCPRODUCTDEFINITIONSHAPE($,$,(#287));
#289= IFCCARTESIANPOINT((53514.9119506954,26962.7184043416,9579.00011442083));
#290= IFCAXIS2PLACEMENT3D(#289,#129,#130);
#291= IFCLOCALPLACEMENT(#42,#290);
#292= IFCMECHANICALFASTENER('0C2Ughfbn1KRdA6xiBx5n6',#44,'Bolt assembly',$,$,#291,#288,'ID0c09eaab-a65c-4151-b9ca-1bbb0bec5c46',28.,25.);
#293= IFCMAPPEDITEM(#124,#122);
#294= IFCSHAPEREPRESENTATION(#12,'Body','MappedRepresentation',(#293));
#295= IFCPRODUCTDEFINITIONSHAPE($,$,(#294));
#296= IFCCARTESIANPOINT((53514.9315089096,26622.7184049046,9379.00011442061));
#297= IFCAXIS2PLACEMENT3D(#296,#129,#130);
#298= IFCLOCALPLACEMENT(#42,#297);
#299= IFCMECHANICALFASTENER('1O$vCdHOH64eoKfoRzFHY0',#44,'Bolt assembly',$,$,#298,#295,'ID58ff9327-4584-4612-8c94-a726fd3d1880',28.,25.);
#300= IFCMAPPEDITEM(#124,#122);
#301= IFCSHAPEREPRESENTATION(#12,'Body','MappedRepresentation',(#300));
#302= IFCPRODUCTDEFINITIONSHAPE($,$,(#301));
#303= IFCCARTESIANPOINT((53514.9217298025,26792.7184046232,9379.00011442072));
#304= IFCAXIS2PLACEMENT3D(#303,#129,#130);
#305= IFCLOCALPLACEMENT(#42,#304);
#306= IFCMECHANICALFASTENER('1Eevujwsr1HhNh4WCgep8G',#44,'Bolt assembly',$,$,#305,#302,'ID4ea39e2d-eb6d-4146-b5eb-12032aa33210',28.,25.);
#307= IFCMAPPEDITEM(#124,#122);
#308= IFCSHAPEREPRESENTATION(#12,'Body','MappedRepresentation',(#307));
#309= IFCPRODUCTDEFINITIONSHAPE($,$,(#308));
#310= IFCCARTESIANPOINT((53514.9119506954,26962.7184043418,9379.00011442083));
#311= IFCAXIS2PLACEMENT3D(#310,#129,#130);
#312= IFCLOCALPLACEMENT(#42,#311);
#313= IFCMECHANICALFASTENER('33iGJH$j55uRaOCDVZRZkK',#44,'Bolt assembly',$,$,#312,#309,'IDc3b104d1-fed1-45e1-b918-30d7e36e3b94',28.,25.);
#314= IFCCARTESIANPOINT((30.,-4.00000000000728,0.));
#315= IFCCARTESIANPOINT((25.9807621135326,-4.00000000000728,15.0000000000009));
#316= IFCCARTESIANPOINT((14.9999999999982,-4.00000000000728,25.9807621135342));
#317= IFCCARTESIANPOINT((-3.10900794480097E-12,-4.00000000000728,30.));
#318= IFCCARTESIANPOINT((-15.0000000000036,-4.00000000000728,25.9807621135311));
#319= IFCCARTESIANPOINT((-25.9807621135357,-4.00000000000728,14.9999999999955));
#320= IFCCARTESIANPOINT((-30.,-4.00000000000728,-6.21801588960193E-12));
#321= IFCCARTESIANPOINT((-25.9807621135295,-4.00000000000728,-15.0000000000063));
#322= IFCCARTESIANPOINT((-14.9999999999928,-4.00000000000728,-25.9807621135373));
#323= IFCCARTESIANPOINT((9.29371714366415E-12,-4.00000000000728,-30.));
#324= IFCCARTESIANPOINT((15.000000000009,-4.00000000000728,-25.980762113528));
#325= IFCCARTESIANPOINT((25.9807621135389,-4.00000000000728,-14.9999999999901));
#326= IFCCARTESIANPOINT((30.,4.09999999999272,0.));
#327= IFCCARTESIANPOINT((25.9807621135326,4.09999999999272,15.0000000000009));
#328= IFCCARTESIANPOINT((14.9999999999982,4.09999999999272,25.9807621135342));
#329= IFCCARTESIANPOINT((-3.10900794480097E-12,4.09999999999272,30.));
#330= IFCCARTESIANPOINT((-15.0000000000036,4.09999999999272,25.9807621135311));
#331= IFCCARTESIANPOINT((-25.9807621135357,4.09999999999272,14.9999999999955));
#332= IFCCARTESIANPOINT((-30.,4.09999999999272,-6.21801588960193E-12));
#333= IFCCARTESIANPOINT((-25.9807621135295,4.09999999999272,-15.0000000000063));
#334= IFCCARTESIANPOINT((-14.9999999999928,4.09999999999272,-25.9807621135373));
#335= IFCCARTESIANPOINT((9.29371714366415E-12,4.09999999999272,-30.));
#336= IFCCARTESIANPOINT((15.000000000009,4.09999999999272,-25.980762113528));
#337= IFCCARTESIANPOINT((25.9807621135389,4.09999999999272,-14.9999999999901));
#338= IFCPOLYLOOP((#314,#315,#316,#317,#318,#319,#320,#321,#322,#323,#324,#325));
#339= IFCFACEOUTERBOUND(#338,.T.);
#340= IFCFACE((#339));
#341= IFCPOLYLOOP((#337,#336,#335,#334,#333,#332,#331,#330,#329,#328,#327,#326));
#342= IFCFACEOUTERBOUND(#341,.T.);
#343= IFCFACE((#342));
#344= IFCPOLYLOOP((#314,#326,#327,#315));
#345= IFCFACEOUTERBOUND(#344,.T.);
#346= IFCFACE((#345));
#347= IFCPOLYLOOP((#315,#327,#328,#316));
#348= IFCFACEOUTERBOUND(#347,.T.);
#349= IFCFACE((#348));
#350= IFCPOLYLOOP((#316,#328,#329,#317));
#351= IFCFACEOUTERBOUND(#350,.T.);
#352= IFCFACE((#351));
#353= IFCPOLYLOOP((#317,#329,#330,#318));
#354= IFCFACEOUTERBOUND(#353,.T.);
#355= IFCFACE((#354));
#356= IFCPOLYLOOP((#318,#330,#331,#319));
#357= IFCFACEOUTERBOUND(#356,.T.);
#358= IFCFACE((#357));
#359= IFCPOLYLOOP((#319,#331,#332,#320));
#360= IFCFACEOUTERBOUND(#359,.T.);
#361= IFCFACE((#360));
#362= IFCPOLYLOOP((#320,#332,#333,#321));
#363= IFCFACEOUTERBOUND(#362,.T.);
#364= IFCFACE((#363));
#365= IFCPOLYLOOP((#321,#333,#334,#322));
#366= IFCFACEOUTERBOUND(#365,.T.);
#367= IFCFACE((#366));
#368= IFCPOLYLOOP((#322,#334,#335,#323));
#369= IFCFACEOUTERBOUND(#368,.T.);
#370= IFCFACE((#369));
#371= IFCPOLYLOOP((#323,#335,#336,#324));
#372= IFCFACEOUTERBOUND(#371,.T.);
#373= IFCFACE((#372));
#374= IFCPOLYLOOP((#324,#336,#337,#325));
#375= IFCFACEOUTERBOUND(#374,.T.);
#376= IFCFACE((#375));
#377= IFCPOLYLOOP((#325,#337,#326,#314));
#378= IFCFACEOUTERBOUND(#377,.T.);
#379= IFCFACE((#378));
#380= IFCCLOSEDSHELL((#340,#343,#346,#349,#352,#355,#358,#361,#364,#367,#370,#373,#376,#379));
#381= IFCFACETEDBREP(#380);
#382= IFCSTYLEDITEM(#381,(#119),$);
#383= IFCSHAPEREPRESENTATION(#12,'Body','Brep',(#381));
#384= IFCREPRESENTATIONMAP(#10,#383);
#385= IFCMAPPEDITEM(#384,#122);
#386= IFCSHAPEREPRESENTATION(#12,'Body','MappedRepresentation',(#385));
#387= IFCPRODUCTDEFINITIONSHAPE($,$,(#386));
#388= IFCCARTESIANPOINT((53891.1191149898,26632.7285795064,10491.0001907349));
#389= IFCDIRECTION((-1.,0.,0.));
#390= IFCDIRECTION((0.,-1.,0.));
#391= IFCAXIS2PLACEMENT3D(#388,#389,#390);
#392= IFCLOCALPLACEMENT(#42,#391);
#393= IFCMECHANICALFASTENER('3849zmjej0duvHAPhhtQcp',#44,'Bolt assembly',$,$,#392,#387,'IDc8109f70-b68b-409f-8e51-299aebdda9b3',58.,8.);
#394= IFCPROPERTYSINGLEVALUE('Washer diameter',$,IFCLENGTHMEASURE(58.),$);
#395= IFCPROPERTYSINGLEVALUE('Bolt hole diameter',$,IFCLENGTHMEASURE(60.),$);
#396= IFCPROPERTYSINGLEVALUE('Bolt size',$,IFCLENGTHMEASURE(60.),$);
#397= IFCPROPERTYSINGLEVALUE('Bolt length',$,IFCLENGTHMEASURE(8.),$);
#398= IFCPROPERTYSET('1CzKdqDCDEYgZDdZiBbMZw',#5,'Tekla Bolt','Bolt Properties',(#135,#394,#137,#138,#139,#140,#141,#142,#143,#395,#145,#146,#396,#397,#149,#150));
#399= IFCMAPPEDITEM(#384,#122);
#400= IFCSHAPEREPRESENTATION(#12,'Body','MappedRepresentation',(#399));
#401= IFCPRODUCTDEFINITIONSHAPE($,$,(#400));
#402= IFCCARTESIANPOINT((53741.1191149898,26632.7285795064,10491.0001907349));
#403= IFCAXIS2PLACEMENT3D(#402,#389,#390);
#404= IFCLOCALPLACEMENT(#42,#403);
#405= IFCMECHANICALFASTENER('3JtxusG4fFTvitQ_yjQTpb',#44,'Bolt assembly',$,$,#404,#401,'IDd3dfbe36-404a-4f77-9b37-6bef2d69dce5',58.,8.);
#406= IFCMAPPEDITEM(#384,#122);
#407= IFCSHAPEREPRESENTATION(#12,'Body','MappedRepresentation',(#406));
#408= IFCPRODUCTDEFINITIONSHAPE($,$,(#407));
#409= IFCCARTESIANPOINT((53891.1191149898,26792.7285795064,10491.0001907349));
#410= IFCAXIS2PLACEMENT3D(#409,#389,#390);
#411= IFCLOCALPLACEMENT(#42,#410);
#412= IFCMECHANICALFASTENER('2WjXO5Q6T3XRvuq17iu7M3',#44,'Bolt assembly',$,$,#411,#408,'IDa0b61605-6867-4385-be78-d011ece07583',58.,8.);
#413= IFCMAPPEDITEM(#384,#122);
#414= IFCSHAPEREPRESENTATION(#12,'Body','MappedRepresentation',(#413));
#415= IFCPRODUCTDEFINITIONSHAPE($,$,(#414));
#416= IFCCARTESIANPOINT((53741.1191149898,26792.7285795064,10491.0001907349));
#417= IFCAXIS2PLACEMENT3D(#416,#389,#390);
#418= IFCLOCALPLACEMENT(#42,#417);
#419= IFCMECHANICALFASTENER('3adyzmJbb6Cf0GvhSH5y6s',#44,'Bolt assembly',$,$,#418,#415,'IDe49fcf70-4e59-4632-9010-e6b71117c1b6',58.,8.);
#420= IFCMAPPEDITEM(#384,#122);
#421= IFCSHAPEREPRESENTATION(#12,'Body','MappedRepresentation',(#420));
#422= IFCPRODUCTDEFINITIONSHAPE($,$,(#421));
#423= IFCCARTESIANPOINT((53891.1191149898,26952.7285795064,10491.0001907349));
#424= IFCAXIS2PLACEMENT3D(#423,#389,#390);
#425= IFCLOCALPLACEMENT(#42,#424);
#426= IFCMECHANICALFASTENER('0z5nd3goHAqOhRSq6rthlU',#44,'Bolt assembly',$,$,#425,#422,'ID3d1719c3-ab24-4ad1-8adb-7341b5debbde',58.,8.);
#427= IFCMAPPEDITEM(#384,#122);
#428= IFCSHAPEREPRESENTATION(#12,'Body','MappedRepresentation',(#427));
#429= IFCPRODUCTDEFINITIONSHAPE($,$,(#428));
#430= IFCCARTESIANPOINT((53741.1191149898,26952.7285795064,10491.0001907349));
#431= IFCAXIS2PLACEMENT3D(#430,#389,#390);
#432= IFCLOCALPLACEMENT(#42,#431);
#433= IFCMECHANICALFASTENER('0C2XmNZoD3EhmyMG_TkvfF',#44,'Bolt assembly',$,$,#432,#429,'ID0c0a1c17-8f23-433a-bc3c-590f9dbb9a4f',58.,8.);
#434= IFCCARTESIANPOINT((10.,-5.99108572735589,0.));
#435= IFCCARTESIANPOINT((8.66025403784421,-5.99108572735589,5.0000000000003));
#436= IFCCARTESIANPOINT((4.9999999999994,-5.99108572735589,8.66025403784473));
#437= IFCCARTESIANPOINT((-1.03633598160032E-12,-5.99108572735589,10.));
#438= IFCCARTESIANPOINT((-5.00000000000119,-5.99108572735589,8.6602540378437));
#439= IFCCARTESIANPOINT((-8.66025403784525,-5.99108572735589,4.99999999999851));
#440= IFCCARTESIANPOINT((-10.,-5.99108572735589,-2.07267196320065E-12));
#441= IFCCARTESIANPOINT((-8.66025403784318,-5.99108572735589,-5.00000000000209));
#442= IFCCARTESIANPOINT((-4.99999999999761,-5.99108572735589,-8.66025403784576));
#443= IFCCARTESIANPOINT((3.09790571455472E-12,-5.99108572735589,-10.));
#444= IFCCARTESIANPOINT((5.00000000000299,-5.99108572735589,-8.66025403784266));
#445= IFCCARTESIANPOINT((8.66025403784628,-5.99108572735589,-4.99999999999671));
#446= IFCCARTESIANPOINT((10.,6.10891427400526,0.));
#447= IFCCARTESIANPOINT((8.66025403784421,6.10891427400526,5.0000000000003));
#448= IFCCARTESIANPOINT((4.9999999999994,6.10891427400526,8.66025403784473));
#449= IFCCARTESIANPOINT((-1.03633598160032E-12,6.10891427400526,10.));
#450= IFCCARTESIANPOINT((-5.00000000000119,6.10891427400526,8.6602540378437));
#451= IFCCARTESIANPOINT((-8.66025403784525,6.10891427400526,4.99999999999851));
#452= IFCCARTESIANPOINT((-10.,6.10891427400526,-2.07267196320065E-12));
#453= IFCCARTESIANPOINT((-8.66025403784318,6.10891427400526,-5.00000000000209));
#454= IFCCARTESIANPOINT((-4.99999999999761,6.10891427400526,-8.66025403784576));
#455= IFCCARTESIANPOINT((3.09790571455472E-12,6.10891427400526,-10.));
#456= IFCCARTESIANPOINT((5.00000000000299,6.10891427400526,-8.66025403784266));
#457= IFCCARTESIANPOINT((8.66025403784628,6.10891427400526,-4.99999999999671));
#458= IFCPOLYLOOP((#434,#435,#436,#437,#438,#439,#440,#441,#442,#443,#444,#445));
#459= IFCFACEOUTERBOUND(#458,.T.);
#460= IFCFACE((#459));
#461= IFCPOLYLOOP((#457,#456,#455,#454,#453,#452,#451,#450,#449,#448,#447,#446));
#462= IFCFACEOUTERBOUND(#461,.T.);
#463= IFCFACE((#462));
#464= IFCPOLYLOOP((#434,#446,#447,#435));
#465= IFCFACEOUTERBOUND(#464,.T.);
#466= IFCFACE((#465));
#467= IFCPOLYLOOP((#435,#447,#448,#436));
#468= IFCFACEOUTERBOUND(#467,.T.);
#469= IFCFACE((#468));
#470= IFCPOLYLOOP((#436,#448,#449,#437));
#471= IFCFACEOUTERBOUND(#470,.T.);
#472= IFCFACE((#471));
#473= IFCPOLYLOOP((#437,#449,#450,#438));
#474= IFCFACEOUTERBOUND(#473,.T.);
#475= IFCFACE((#474));
#476= IFCPOLYLOOP((#438,#450,#451,#439));
#477= IFCFACEOUTERBOUND(#476,.T.);
#478= IFCFACE((#477));
#479= IFCPOLYLOOP((#439,#451,#452,#440));
#480= IFCFACEOUTERBOUND(#479,.T.);
#481= IFCFACE((#480));
#482= IFCPOLYLOOP((#440,#452,#453,#441));
#483= IFCFACEOUTERBOUND(#482,.T.);
#484= IFCFACE((#483));
#485= IFCPOLYLOOP((#441,#453,#454,#442));
#486= IFCFACEOUTERBOUND(#485,.T.);
#487= IFCFACE((#486));
#488= IFCPOLYLOOP((#442,#454,#455,#443));
#489= IFCFACEOUTERBOUND(#488,.T.);
#490= IFCFACE((#489));
#491= IFCPOLYLOOP((#443,#455,#456,#444));
#492= IFCFACEOUTERBOUND(#491,.T.);
#493= IFCFACE((#492));
#494= IFCPOLYLOOP((#444,#456,#457,#445));
#495= IFCFACEOUTERBOUND(#494,.T.);
#496= IFCFACE((#495));
#497= IFCPOLYLOOP((#445,#457,#446,#434));
#498= IFCFACEOUTERBOUND(#497,.T.);
#499= IFCFACE((#498));
#500= IFCCLOSEDSHELL((#460,#463,#466,#469,#472,#475,#478,#481,#484,#487,#490,#493,#496,#499));
#501= IFCFACETEDBREP(#500);
#502= IFCSTYLEDITEM(#501,(#119),$);
#503= IFCSHAPEREPRESENTATION(#12,'Body','Brep',(#501));
#504= IFCREPRESENTATIONMAP(#10,#503);
#505= IFCMAPPEDITEM(#504,#122);
#506= IFCSHAPEREPRESENTATION(#12,'Body','MappedRepresentation',(#505));
#507= IFCPRODUCTDEFINITIONSHAPE($,$,(#506));
#508= IFCCARTESIANPOINT((53676.1110413264,26712.7374935481,10938.9985282633));
#509= IFCDIRECTION((0.999999999863308,1.64239999976417E-05,1.90700011444278E-06));
#510= IFCDIRECTION((-1.90700011444278E-06,0.,0.999999999998182));
#511= IFCAXIS2PLACEMENT3D(#508,#509,#510);
#512= IFCLOCALPLACEMENT(#42,#511);
#513= IFCMECHANICALFASTENER('0$Al0k3Vf8Vh3A3sfZF3w_',#44,'Bolt assembly',$,$,#512,#507,'ID3f2af02e-0dfa-487e-b0ca-0f6a633c3ebe',18.,12.);
#514= IFCPROPERTYSINGLEVALUE('Washer diameter',$,IFCLENGTHMEASURE(18.),$);
#515= IFCPROPERTYSINGLEVALUE('Bolt hole diameter',$,IFCLENGTHMEASURE(20.),$);
#516= IFCPROPERTYSINGLEVALUE('Bolt size',$,IFCLENGTHMEASURE(20.),$);
#517= IFCPROPERTYSINGLEVALUE('Bolt length',$,IFCLENGTHMEASURE(12.),$);
#518= IFCPROPERTYSET('1cfkcsLk14IuHCByKZn_yU',#5,'Tekla Bolt','Bolt Properties',(#135,#514,#137,#138,#139,#140,#141,#142,#143,#515,#145,#146,#516,#517,#149,#150));
#519= IFCMAPPEDITEM(#504,#122);
#520= IFCSHAPEREPRESENTATION(#12,'Body','MappedRepresentation',(#519));
#521= IFCPRODUCTDEFINITIONSHAPE($,$,(#520));
#522= IFCCARTESIANPOINT((53676.1110413263,26872.7374935481,10938.9985282633));
#523= IFCAXIS2PLACEMENT3D(#522,#509,#510);
#524= IFCLOCALPLACEMENT(#42,#523);
#525= IFCMECHANICALFASTENER('2kUj7a92X8$gr_yKV0_Vk6',#44,'Bolt assembly',$,$,#524,#521,'IDae7ad1e4-2428-48fe-ad7e-f147c0f9fb86',18.,12.);
#526= IFCMAPPEDITEM(#384,#122);
#527= IFCSHAPEREPRESENTATION(#12,'Body','MappedRepresentation',(#526));
#528= IFCPRODUCTDEFINITIONSHAPE($,$,(#527));
#529= IFCCARTESIANPOINT((53741.1191149949,26632.7285795083,10691.0001907349));
#530= IFCAXIS2PLACEMENT3D(#529,#389,#390);
#531= IFCLOCALPLACEMENT(#42,#530);
#532= IFCMECHANICALFASTENER('26vxfksxbBSfIt1mDRyVj$',#44,'Bolt assembly',$,$,#531,#528,'ID86e7ba6e-dbb9-4b72-94b7-07035bf1fb7f',58.,8.);
#533= IFCMAPPEDITEM(#384,#122);
#534= IFCSHAPEREPRESENTATION(#12,'Body','MappedRepresentation',(#533));
#535= IFCPRODUCTDEFINITIONSHAPE($,$,(#534));
#536= IFCCARTESIANPOINT((53741.1191150019,26952.7285795053,10691.0001907349));
#537= IFCAXIS2PLACEMENT3D(#536,#389,#390);
#538= IFCLOCALPLACEMENT(#42,#537);
#539= IFCMECHANICALFASTENER('0xX$x5sNj0oumkmV99SYI9',#44,'Bolt assembly',$,$,#538,#535,'ID3b87fec5-d97b-40cb-8c2e-c1f249722489',58.,8.);
#540= IFCMAPPEDITEM(#384,#122);
#541= IFCSHAPEREPRESENTATION(#12,'Body','MappedRepresentation',(#540));
#542= IFCPRODUCTDEFINITIONSHAPE($,$,(#541));
#543= IFCCARTESIANPOINT((53741.1191149984,26792.7285795068,10691.0001907349));
#544= IFCAXIS2PLACEMENT3D(#543,#389,#390);
#545= IFCLOCALPLACEMENT(#42,#544);
#546= IFCMECHANICALFASTENER('1EkttGQVzFcB_lpWvhJRMm',#44,'Bolt assembly',$,$,#545,#542,'ID4ebb7dd0-69ff-4f98-bfaf-ce0e6b4db5b0',58.,8.);
#547= IFCSURFACESTYLE('TS10.9',.POSITIVE.,(#46));
#548= IFCPRESENTATIONSTYLEASSIGNMENT((#547));
#549= IFCCARTESIANPOINT((13.,-11.9000763140233,0.));
#550= IFCCARTESIANPOINT((11.2583302491975,-11.9000763140233,6.50000000000039));
#551= IFCCARTESIANPOINT((6.49999999999922,-11.9000763140233,11.2583302491982));
#552= IFCCARTESIANPOINT((-1.34723677608042E-12,-11.9000763140233,13.));
#553= IFCCARTESIANPOINT((-6.50000000000155,-11.9000763140233,11.2583302491968));
#554= IFCCARTESIANPOINT((-11.2583302491988,-11.9000763140233,6.49999999999806));
#555= IFCCARTESIANPOINT((-13.,-11.9000763140233,-2.69447355216084E-12));
#556= IFCCARTESIANPOINT((-11.2583302491961,-11.9000763140233,-6.50000000000272));
#557= IFCCARTESIANPOINT((-6.4999999999969,-11.9000763140233,-11.2583302491995));
#558= IFCCARTESIANPOINT((4.02727742892113E-12,-11.9000763140233,-13.));
#559= IFCCARTESIANPOINT((6.50000000000388,-11.9000763140233,-11.2583302491955));
#560= IFCCARTESIANPOINT((11.2583302492002,-11.9000763140233,-6.49999999999573));
#561= IFCCARTESIANPOINT((13.,0.0999236859766821,0.));
#562= IFCCARTESIANPOINT((11.2583302491975,0.0999236859766821,6.50000000000039));
#563= IFCCARTESIANPOINT((6.49999999999922,0.0999236859766821,11.2583302491982));
#564= IFCCARTESIANPOINT((-1.34723677608042E-12,0.0999236859766821,13.));
#565= IFCCARTESIANPOINT((-6.50000000000155,0.0999236859766821,11.2583302491968));
#566= IFCCARTESIANPOINT((-11.2583302491988,0.0999236859766821,6.49999999999806));
#567= IFCCARTESIANPOINT((-13.,0.0999236859766821,-2.69447355216084E-12));
#568= IFCCARTESIANPOINT((-11.2583302491961,0.0999236859766821,-6.50000000000272));
#569= IFCCARTESIANPOINT((-6.4999999999969,0.0999236859766821,-11.2583302491995));
#570= IFCCARTESIANPOINT((4.02727742892113E-12,0.0999236859766821,-13.));
#571= IFCCARTESIANPOINT((6.50000000000388,0.0999236859766821,-11.2583302491955));
#572= IFCCARTESIANPOINT((11.2583302492002,0.0999236859766821,-6.49999999999573));
#573= IFCPOLYLOOP((#549,#550,#551,#552,#553,#554,#555,#556,#557,#558,#559,#560));
#574= IFCFACEOUTERBOUND(#573,.T.);
#575= IFCFACE((#574));
#576= IFCPOLYLOOP((#572,#571,#570,#569,#568,#567,#566,#565,#564,#563,#562,#561));
#577= IFCFACEOUTERBOUND(#576,.T.);
#578= IFCFACE((#577));
#579= IFCPOLYLOOP((#549,#561,#562,#550));
#580= IFCFACEOUTERBOUND(#579,.T.);
#581= IFCFACE((#580));
#582= IFCPOLYLOOP((#550,#562,#563,#551));
#583= IFCFACEOUTERBOUND(#582,.T.);
#584= IFCFACE((#583));
#585= IFCPOLYLOOP((#551,#563,#564,#552));
#586= IFCFACEOUTERBOUND(#585,.T.);
#587= IFCFACE((#586));
#588= IFCPOLYLOOP((#552,#564,#565,#553));
#589= IFCFACEOUTERBOUND(#588,.T.);
#590= IFCFACE((#589));
#591= IFCPOLYLOOP((#553,#565,#566,#554));
#592= IFCFACEOUTERBOUND(#591,.T.);
#593= IFCFACE((#592));
#594= IFCPOLYLOOP((#554,#566,#567,#555));
#595= IFCFACEOUTERBOUND(#594,.T.);
#596= IFCFACE((#595));
#597= IFCPOLYLOOP((#555,#567,#568,#556));
#598= IFCFACEOUTERBOUND(#597,.T.);
#599= IFCFACE((#598));
#600= IFCPOLYLOOP((#556,#568,#569,#557));
#601= IFCFACEOUTERBOUND(#600,.T.);
#602= IFCFACE((#601));
#603= IFCPOLYLOOP((#557,#569,#570,#558));
#604= IFCFACEOUTERBOUND(#603,.T.);
#605= IFCFACE((#604));
#606= IFCPOLYLOOP((#558,#570,#571,#559));
#607= IFCFACEOUTERBOUND(#606,.T.);
#608= IFCFACE((#607));
#609= IFCPOLYLOOP((#559,#571,#572,#560));
#610= IFCFACEOUTERBOUND(#609,.T.);
#611= IFCFACE((#610));
#612= IFCPOLYLOOP((#560,#572,#561,#549));
#613= IFCFACEOUTERBOUND(#612,.T.);
#614= IFCFACE((#613));
#615= IFCCARTESIANPOINT((13.,-7.63140196795575E-05,22.));
#616= IFCCARTESIANPOINT((12.0104339226466,-7.63140196795575E-05,26.9748846207465));
#617= IFCCARTESIANPOINT((9.19238815542464,-7.63140196795575E-05,31.1923881554256));
#618= IFCCARTESIANPOINT((4.97488462074523,-7.63140196795575E-05,34.0104339226471));
#619= IFCCARTESIANPOINT((-1.34723677608042E-12,-7.63140196795575E-05,35.));
#620= IFCCARTESIANPOINT((-6.50000000000155,-7.63140196795575E-05,33.2583302491968));
#621= IFCCARTESIANPOINT((-11.2583302491988,-7.63140196795575E-05,28.4999999999981));
#622= IFCCARTESIANPOINT((-13.,-7.63140196795575E-05,21.9999999999973));
#623= IFCCARTESIANPOINT((-13.,-7.63140196795575E-05,-22.0000000000027));
#624= IFCCARTESIANPOINT((-11.2583302491961,-7.63140196795575E-05,-28.5000000000027));
#625= IFCCARTESIANPOINT((-6.4999999999969,-7.63140196795575E-05,-33.2583302491995));
#626= IFCCARTESIANPOINT((4.02727742892113E-12,-7.63140196795575E-05,-35.));
#627= IFCCARTESIANPOINT((6.50000000000388,-7.63140196795575E-05,-33.2583302491955));
#628= IFCCARTESIANPOINT((11.2583302492002,-7.63140196795575E-05,-28.4999999999957));
#629= IFCCARTESIANPOINT((13.,-7.63140196795575E-05,-21.9999999999946));
#630= IFCCARTESIANPOINT((13.,17.9999236859802,22.));
#631= IFCCARTESIANPOINT((12.0104339226466,17.9999236859802,26.9748846207465));
#632= IFCCARTESIANPOINT((9.19238815542464,17.9999236859802,31.1923881554256));
#633= IFCCARTESIANPOINT((4.97488462074523,17.9999236859802,34.0104339226471));
#634= IFCCARTESIANPOINT((-1.34723677608042E-12,17.9999236859802,35.));
#635= IFCCARTESIANPOINT((-6.50000000000155,17.9999236859802,33.2583302491968));
#636= IFCCARTESIANPOINT((-11.2583302491988,17.9999236859802,28.4999999999981));
#637= IFCCARTESIANPOINT((-13.,17.9999236859802,21.9999999999973));
#638= IFCCARTESIANPOINT((-13.,17.9999236859802,-22.0000000000027));
#639= IFCCARTESIANPOINT((-11.2583302491961,17.9999236859802,-28.5000000000027));
#640= IFCCARTESIANPOINT((-6.4999999999969,17.9999236859802,-33.2583302491995));
#641= IFCCARTESIANPOINT((4.02727742892113E-12,17.9999236859802,-35.));
#642= IFCCARTESIANPOINT((6.50000000000388,17.9999236859802,-33.2583302491955));
#643= IFCCARTESIANPOINT((11.2583302492002,17.9999236859802,-28.4999999999957));
#644= IFCCARTESIANPOINT((13.,17.9999236859802,-21.9999999999946));
#645= IFCPOLYLOOP((#615,#616,#617,#619,#620,#621,#622,#623,#624,#625,#626,#627,#628,#629));
#646= IFCFACEOUTERBOUND(#645,.T.);
#647= IFCFACE((#646));
#648= IFCPOLYLOOP((#644,#643,#642,#641,#640,#639,#638,#637,#636,#635,#634,#633,#632,#631,#630));
#649= IFCFACEOUTERBOUND(#648,.T.);
#650= IFCFACE((#649));
#651= IFCPOLYLOOP((#615,#630,#631,#616));
#652= IFCFACEOUTERBOUND(#651,.T.);
#653= IFCFACE((#652));
#654= IFCPOLYLOOP((#616,#631,#632,#617));
#655= IFCFACEOUTERBOUND(#654,.T.);
#656= IFCFACE((#655));
#657= IFCPOLYLOOP((#617,#632,#633,#618));
#658= IFCFACEOUTERBOUND(#657,.T.);
#659= IFCFACE((#658));
#660= IFCPOLYLOOP((#618,#633,#634,#619));
#661= IFCFACEOUTERBOUND(#660,.T.);
#662= IFCFACE((#661));
#663= IFCPOLYLOOP((#619,#634,#635,#620));
#664= IFCFACEOUTERBOUND(#663,.T.);
#665= IFCFACE((#664));
#666= IFCPOLYLOOP((#620,#635,#636,#621));
#667= IFCFACEOUTERBOUND(#666,.T.);
#668= IFCFACE((#667));
#669= IFCPOLYLOOP((#621,#636,#637,#622));
#670= IFCFACEOUTERBOUND(#669,.T.);
#671= IFCFACE((#670));
#672= IFCPOLYLOOP((#622,#637,#638,#623));
#673= IFCFACEOUTERBOUND(#672,.T.);
#674= IFCFACE((#673));
#675= IFCPOLYLOOP((#623,#638,#639,#624));
#676= IFCFACEOUTERBOUND(#675,.T.);
#677= IFCFACE((#676));
#678= IFCPOLYLOOP((#624,#639,#640,#625));
#679= IFCFACEOUTERBOUND(#678,.T.);
#680= IFCFACE((#679));
#681= IFCPOLYLOOP((#625,#640,#641,#626));
#682= IFCFACEOUTERBOUND(#681,.T.);
#683= IFCFACE((#682));
#684= IFCPOLYLOOP((#626,#641,#642,#627));
#685= IFCFACEOUTERBOUND(#684,.T.);
#686= IFCFACE((#685));
#687= IFCPOLYLOOP((#627,#642,#643,#628));
#688= IFCFACEOUTERBOUND(#687,.T.);
#689= IFCFACE((#688));
#690= IFCPOLYLOOP((#628,#643,#644,#629));
#691= IFCFACEOUTERBOUND(#690,.T.);
#692= IFCFACE((#691));
#693= IFCPOLYLOOP((#629,#644,#630,#615));
#694= IFCFACEOUTERBOUND(#693,.T.);
#695= IFCFACE((#694));
#696= IFCCARTESIANPOINT((13.,273.99992368598,22.));
#697= IFCCARTESIANPOINT((12.0104339226466,273.99992368598,26.9748846207465));
#698= IFCCARTESIANPOINT((9.19238815542464,273.99992368598,31.1923881554256));
#699= IFCCARTESIANPOINT((4.97488462074523,273.99992368598,34.0104339226471));
#700= IFCCARTESIANPOINT((-1.34723677608042E-12,273.99992368598,35.));
#701= IFCCARTESIANPOINT((-6.50000000000155,273.99992368598,33.2583302491968));
#702= IFCCARTESIANPOINT((-11.2583302491988,273.99992368598,28.4999999999981));
#703= IFCCARTESIANPOINT((-13.,273.99992368598,21.9999999999973));
#704= IFCCARTESIANPOINT((-13.,273.99992368598,-22.0000000000027));
#705= IFCCARTESIANPOINT((-11.2583302491961,273.99992368598,-28.5000000000027));
#706= IFCCARTESIANPOINT((-6.4999999999969,273.99992368598,-33.2583302491995));
#707= IFCCARTESIANPOINT((4.02727742892113E-12,273.99992368598,-35.));
#708= IFCCARTESIANPOINT((6.50000000000388,273.99992368598,-33.2583302491955));
#709= IFCCARTESIANPOINT((11.2583302492002,273.99992368598,-28.4999999999957));
#710= IFCCARTESIANPOINT((13.,273.99992368598,-21.9999999999946));
#711= IFCCARTESIANPOINT((13.,291.99992368598,22.));
#712= IFCCARTESIANPOINT((12.0104339226466,291.99992368598,26.9748846207465));
#713= IFCCARTESIANPOINT((9.19238815542464,291.99992368598,31.1923881554256));
#714= IFCCARTESIANPOINT((4.97488462074523,291.99992368598,34.0104339226471));
#715= IFCCARTESIANPOINT((-1.34723677608042E-12,291.99992368598,35.));
#716= IFCCARTESIANPOINT((-6.50000000000155,291.99992368598,33.2583302491968));
#717= IFCCARTESIANPOINT((-11.2583302491988,291.99992368598,28.4999999999981));
#718= IFCCARTESIANPOINT((-13.,291.99992368598,21.9999999999973));
#719= IFCCARTESIANPOINT((-13.,291.99992368598,-22.0000000000027));
#720= IFCCARTESIANPOINT((-11.2583302491961,291.99992368598,-28.5000000000027));
#721= IFCCARTESIANPOINT((-6.4999999999969,291.99992368598,-33.2583302491995));
#722= IFCCARTESIANPOINT((4.02727742892113E-12,291.99992368598,-35.));
#723= IFCCARTESIANPOINT((6.50000000000388,291.99992368598,-33.2583302491955));
#724= IFCCARTESIANPOINT((11.2583302492002,291.99992368598,-28.4999999999957));
#725= IFCCARTESIANPOINT((13.,291.99992368598,-21.9999999999946));
#726= IFCPOLYLOOP((#696,#697,#698,#700,#701,#702,#703,#704,#705,#706,#707,#708,#709,#710));
#727= IFCFACEOUTERBOUND(#726,.T.);
#728= IFCFACE((#727));
#729= IFCPOLYLOOP((#725,#724,#723,#722,#721,#720,#719,#718,#717,#716,#715,#714,#713,#712,#711));
#730= IFCFACEOUTERBOUND(#729,.T.);
#731= IFCFACE((#730));
#732= IFCPOLYLOOP((#696,#711,#712,#697));
#733= IFCFACEOUTERBOUND(#732,.T.);
#734= IFCFACE((#733));
#735= IFCPOLYLOOP((#697,#712,#713,#698));
#736= IFCFACEOUTERBOUND(#735,.T.);
#737= IFCFACE((#736));
#738= IFCPOLYLOOP((#698,#713,#714,#699));
#739= IFCFACEOUTERBOUND(#738,.T.);
#740= IFCFACE((#739));
#741= IFCPOLYLOOP((#699,#714,#715,#700));
#742= IFCFACEOUTERBOUND(#741,.T.);
#743= IFCFACE((#742));
#744= IFCPOLYLOOP((#700,#715,#716,#701));
#745= IFCFACEOUTERBOUND(#744,.T.);
#746= IFCFACE((#745));
#747= IFCPOLYLOOP((#701,#716,#717,#702));
#748= IFCFACEOUTERBOUND(#747,.T.);
#749= IFCFACE((#748));
#750= IFCPOLYLOOP((#702,#717,#718,#703));
#751= IFCFACEOUTERBOUND(#750,.T.);
#752= IFCFACE((#751));
#753= IFCPOLYLOOP((#703,#718,#719,#704));
#754= IFCFACEOUTERBOUND(#753,.T.);
#755= IFCFACE((#754));
#756= IFCPOLYLOOP((#704,#719,#720,#705));
#757= IFCFACEOUTERBOUND(#756,.T.);
#758= IFCFACE((#757));
#759= IFCPOLYLOOP((#705,#720,#721,#706));
#760= IFCFACEOUTERBOUND(#759,.T.);
#761= IFCFACE((#760));
#762= IFCPOLYLOOP((#706,#721,#722,#707));
#763= IFCFACEOUTERBOUND(#762,.T.);
#764= IFCFACE((#763));
#765= IFCPOLYLOOP((#707,#722,#723,#708));
#766= IFCFACEOUTERBOUND(#765,.T.);
#767= IFCFACE((#766));
#768= IFCPOLYLOOP((#708,#723,#724,#709));
#769= IFCFACEOUTERBOUND(#768,.T.);
#770= IFCFACE((#769));
#771= IFCPOLYLOOP((#709,#724,#725,#710));
#772= IFCFACEOUTERBOUND(#771,.T.);
#773= IFCFACE((#772));
#774= IFCPOLYLOOP((#710,#725,#711,#696));
#775= IFCFACEOUTERBOUND(#774,.T.);
#776= IFCFACE((#775));
#777= IFCCARTESIANPOINT((13.,291.899923685977,0.));
#778= IFCCARTESIANPOINT((11.2583302491975,291.899923685977,6.50000000000039));
#779= IFCCARTESIANPOINT((6.49999999999922,291.899923685977,11.2583302491982));
#780= IFCCARTESIANPOINT((-1.34723677608042E-12,291.899923685977,13.));
#781= IFCCARTESIANPOINT((-6.50000000000155,291.899923685977,11.2583302491968));
#782= IFCCARTESIANPOINT((-11.2583302491988,291.899923685977,6.49999999999806));
#783= IFCCARTESIANPOINT((-13.,291.899923685977,-2.69447355216084E-12));
#784= IFCCARTESIANPOINT((-11.2583302491961,291.899923685977,-6.50000000000272));
#785= IFCCARTESIANPOINT((-6.4999999999969,291.899923685977,-11.2583302491995));
#786= IFCCARTESIANPOINT((4.02727742892113E-12,291.899923685977,-13.));
#787= IFCCARTESIANPOINT((6.50000000000388,291.899923685977,-11.2583302491955));
#788= IFCCARTESIANPOINT((11.2583302492002,291.899923685977,-6.49999999999573));
#789= IFCCARTESIANPOINT((13.,303.999923685977,0.));
#790= IFCCARTESIANPOINT((11.2583302491975,303.999923685977,6.50000000000039));
#791= IFCCARTESIANPOINT((6.49999999999922,303.999923685977,11.2583302491982));
#792= IFCCARTESIANPOINT((-1.34723677608042E-12,303.999923685977,13.));
#793= IFCCARTESIANPOINT((-6.50000000000155,303.999923685977,11.2583302491968));
#794= IFCCARTESIANPOINT((-11.2583302491988,303.999923685977,6.49999999999806));
#795= IFCCARTESIANPOINT((-13.,303.999923685977,-2.69447355216084E-12));
#796= IFCCARTESIANPOINT((-11.2583302491961,303.999923685977,-6.50000000000272));
#797= IFCCARTESIANPOINT((-6.4999999999969,303.999923685977,-11.2583302491995));
#798= IFCCARTESIANPOINT((4.02727742892113E-12,303.999923685977,-13.));
#799= IFCCARTESIANPOINT((6.50000000000388,303.999923685977,-11.2583302491955));
#800= IFCCARTESIANPOINT((11.2583302492002,303.999923685977,-6.49999999999573));
#801= IFCPOLYLOOP((#777,#778,#779,#780,#781,#782,#783,#784,#785,#786,#787,#788));
#802= IFCFACEOUTERBOUND(#801,.T.);
#803= IFCFACE((#802));
#804= IFCPOLYLOOP((#800,#799,#798,#797,#796,#795,#794,#793,#792,#791,#790,#789));
#805= IFCFACEOUTERBOUND(#804,.T.);
#806= IFCFACE((#805));
#807= IFCPOLYLOOP((#777,#789,#790,#778));
#808= IFCFACEOUTERBOUND(#807,.T.);
#809= IFCFACE((#808));
#810= IFCPOLYLOOP((#778,#790,#791,#779));
#811= IFCFACEOUTERBOUND(#810,.T.);
#812= IFCFACE((#811));
#813= IFCPOLYLOOP((#779,#791,#792,#780));
#814= IFCFACEOUTERBOUND(#813,.T.);
#815= IFCFACE((#814));
#816= IFCPOLYLOOP((#780,#792,#793,#781));
#817= IFCFACEOUTERBOUND(#816,.T.);
#818= IFCFACE((#817));
#819= IFCPOLYLOOP((#781,#793,#794,#782));
#820= IFCFACEOUTERBOUND(#819,.T.);
#821= IFCFACE((#820));
#822= IFCPOLYLOOP((#782,#794,#795,#783));
#823= IFCFACEOUTERBOUND(#822,.T.);
#824= IFCFACE((#823));
#825= IFCPOLYLOOP((#783,#795,#796,#784));
#826= IFCFACEOUTERBOUND(#825,.T.);
#827= IFCFACE((#826));
#828= IFCPOLYLOOP((#784,#796,#797,#785));
#829= IFCFACEOUTERBOUND(#828,.T.);
#830= IFCFACE((#829));
#831= IFCPOLYLOOP((#785,#797,#798,#786));
#832= IFCFACEOUTERBOUND(#831,.T.);
#833= IFCFACE((#832));
#834= IFCPOLYLOOP((#786,#798,#799,#787));
#835= IFCFACEOUTERBOUND(#834,.T.);
#836= IFCFACE((#835));
#837= IFCPOLYLOOP((#787,#799,#800,#788));
#838= IFCFACEOUTERBOUND(#837,.T.);
#839= IFCFACE((#838));
#840= IFCPOLYLOOP((#788,#800,#789,#777));
#841= IFCFACEOUTERBOUND(#840,.T.);
#842= IFCFACE((#841));
#843= IFCCLOSEDSHELL((#575,#578,#581,#584,#587,#590,#593,#596,#599,#602,#605,#608,#611,#614,#647,#650,#653,#656,#659,#662,#665,#668,#671,#674,#677,#680,#683,#686,#689,#692,#695,#728,#731,#734,#737,#740,#743,#746,#749,#752,#755,#758,#761,#764,#767,#770,#773,#776,#803,#806,#809,#812,#815,#818,#821,#824,#827,#830,#833,#836,#839,#842));
#844= IFCFACETEDBREP(#843);
#845= IFCSTYLEDITEM(#844,(#119),$);
#846= IFCCARTESIANPOINT((3.63797880709171E-12,0.,-74.99999999992));
#847= IFCCARTESIANTRANSFORMATIONOPERATOR3D($,$,#846,$,$);
#848= IFCSHAPEREPRESENTATION(#12,'Body','Brep',(#844));
#849= IFCREPRESENTATIONMAP(#10,#848);
#850= IFCMAPPEDITEM(#849,#847);
#851= IFCCARTESIANPOINT((159.999999999836,0.,-74.99999999992));
#852= IFCCARTESIANTRANSFORMATIONOPERATOR3D($,$,#851,$,$);
#853= IFCMAPPEDITEM(#849,#852);
#854= IFCCARTESIANPOINT((319.999999999669,0.,-74.99999999992));
#855= IFCCARTESIANTRANSFORMATIONOPERATOR3D($,$,#854,$,$);
#856= IFCMAPPEDITEM(#849,#855);
#857= IFCCARTESIANPOINT((3.63797880709171E-12,0.,74.99999999992));
#858= IFCCARTESIANTRANSFORMATIONOPERATOR3D($,$,#857,$,$);
#859= IFCMAPPEDITEM(#849,#858);
#860= IFCCARTESIANPOINT((159.999999999836,0.,74.99999999992));
#861= IFCCARTESIANTRANSFORMATIONOPERATOR3D($,$,#860,$,$);
#862= IFCMAPPEDITEM(#849,#861);
#863= IFCCARTESIANPOINT((319.999999999669,0.,74.99999999992));
#864= IFCCARTESIANTRANSFORMATIONOPERATOR3D($,$,#863,$,$);
#865= IFCMAPPEDITEM(#849,#864);
#866= IFCSHAPEREPRESENTATION(#12,'Body','MappedRepresentation',(#850,#853,#856,#859,#862,#865));
#867= IFCPRODUCTDEFINITIONSHAPE($,$,(#866));
#868= IFCCARTESIANPOINT((53816.1086267386,26952.7283837535,10324.0001144209));
#869= IFCDIRECTION((0.999999997446663,7.14610000395623E-05,0.));
#870= IFCDIRECTION((7.14610000397957E-05,-0.999999997446663,0.));
#871= IFCAXIS2PLACEMENT3D(#868,#869,#870);
#872= IFCLOCALPLACEMENT(#42,#871);
#873= IFCMECHANICALFASTENER('1YrduPlUj4jeQAj87aF6nw',#44,'Bolt assembly',$,$,#872,#867,'ID62d67e19-bdeb-44b6-868a-b481e43c6c7a',24.,100.);
#874= IFCPROPERTYSINGLEVALUE('Washer diameter',$,IFCLENGTHMEASURE(24.),$);
#875= IFCPROPERTYSINGLEVALUE('Washer type',$,IFCLABEL(''),$);
#876= IFCPROPERTYSINGLEVALUE('Nut type',$,IFCLABEL(''),$);
#877= IFCPROPERTYSINGLEVALUE('Slotted hole y',$,IFCLENGTHMEASURE(44.),$);
#878= IFCPROPERTYSINGLEVALUE('Bolt hole diameter',$,IFCLENGTHMEASURE(26.),$);
#879= IFCPROPERTYSINGLEVALUE('Bolt count',$,IFCINTEGER(6),$);
#880= IFCPROPERTYSINGLEVALUE('Bolt size',$,IFCLENGTHMEASURE(26.),$);
#881= IFCPROPERTYSINGLEVALUE('Bolt length',$,IFCLENGTHMEASURE(100.),$);
#882= IFCPROPERTYSINGLEVALUE('Bolt standard',$,IFCLABEL('TS10.9'),$);
#883= IFCPROPERTYSET('1cUJAJCjf0pBxp7Tp16JOO',#5,'Tekla Bolt','Bolt Properties',(#135,#874,#875,#138,#139,#876,#141,#877,#143,#878,#145,#879,#880,#881,#882,#150));
#884= IFCMATERIAL('TS10.9');
#885= IFCCOLOURRGB('Light Green',0.356862745098039,0.592156862745098,0.137254901960784);
#886= IFCSURFACESTYLERENDERING(#885,0.,$,$,$,$,IFCNORMALISEDRATIOMEASURE(0.00390625),IFCSPECULAREXPONENT(10.),.NOTDEFINED.);
#887= IFCSURFACESTYLE('STEEL/S275',.POSITIVE.,(#886));
#888= IFCPRESENTATIONSTYLEASSIGNMENT((#887));
#889= IFCCARTESIANPOINT((0.,-4.,0.));
#890= IFCCARTESIANPOINT((1.67347025126219E-10,-4.,147.999999999902));
#891= IFCCARTESIANPOINT((1.67347025126219E-10,4.,147.999999999902));
#892= IFCCARTESIANPOINT((0.,4.,0.));
#893= IFCPOLYLOOP((#889,#890,#891,#892));
#894= IFCFACEOUTERBOUND(#893,.T.);
#895= IFCFACE((#894));
#896= IFCCARTESIANPOINT((179.995727541675,-4.,148.002883903981));
#897= IFCCARTESIANPOINT((179.995727541675,4.,148.002883903981));
#898= IFCPOLYLOOP((#890,#896,#897,#891));
#899= IFCFACEOUTERBOUND(#898,.T.);
#900= IFCFACE((#899));
#901= IFCCARTESIANPOINT((180.38009071409,-4.,144.101052125301));
#902= IFCCARTESIANPOINT((180.38009071409,4.,144.101052125301));
#903= IFCPOLYLOOP((#896,#901,#902,#897));
#904= IFCFACEOUTERBOUND(#903,.T.);
#905= IFCFACE((#904));
#906= IFCCARTESIANPOINT((181.518284098303,-4.,140.349180312776));
#907= IFCCARTESIANPOINT((181.518284098303,4.,140.349180312776));
#908= IFCPOLYLOOP((#901,#906,#907,#902));
#909= IFCFACEOUTERBOUND(#908,.T.);
#910= IFCFACE((#909));
#911= IFCCARTESIANPOINT((183.366566847799,-4.,136.891453146651));
#912= IFCCARTESIANPOINT((183.366566847799,4.,136.891453146651));
#913= IFCPOLYLOOP((#906,#911,#912,#907));
#914= IFCFACEOUTERBOUND(#913,.T.);
#915= IFCFACE((#914));
#916= IFCCARTESIANPOINT((185.853909335092,-4.,133.860751309061));
#917= IFCCARTESIANPOINT((185.853909335092,4.,133.860751309061));
#918= IFCPOLYLOOP((#911,#916,#917,#912));
#919= IFCFACEOUTERBOUND(#918,.T.);
#920= IFCFACE((#919));
#921= IFCCARTESIANPOINT((188.884722824987,-4.,131.37354487073));
#922= IFCCARTESIANPOINT((188.884722824987,4.,131.37354487073));
#923= IFCPOLYLOOP((#916,#921,#922,#917));
#924= IFCFACEOUTERBOUND(#923,.T.);
#925= IFCFACE((#924));
#926= IFCCARTESIANPOINT((192.342532955983,-4.,129.525417338475));
#927= IFCCARTESIANPOINT((192.342532955983,4.,129.525417338475));
#928= IFCPOLYLOOP((#921,#926,#927,#922));
#929= IFCFACEOUTERBOUND(#928,.T.);
#930= IFCFACE((#929));
#931= IFCCARTESIANPOINT((196.094455857565,-4.,128.387392374763));
#932= IFCCARTESIANPOINT((196.094455857565,4.,128.387392374763));
#933= IFCPOLYLOOP((#926,#931,#932,#927));
#934= IFCFACEOUTERBOUND(#933,.T.);
#935= IFCFACE((#934));
#936= IFCCARTESIANPOINT((199.996304886161,-4.,128.003204353721));
#937= IFCCARTESIANPOINT((199.996304886161,4.,128.003204353721));
#938= IFCPOLYLOOP((#931,#936,#937,#932));
#939= IFCFACEOUTERBOUND(#938,.T.);
#940= IFCFACE((#939));
#941= IFCCARTESIANPOINT((199.9994226528,-4.,19.9999999914253));
#942= IFCCARTESIANPOINT((199.9994226528,4.,19.9999999914253));
#943= IFCPOLYLOOP((#936,#941,#942,#937));
#944= IFCFACEOUTERBOUND(#943,.T.);
#945= IFCFACE((#944));
#946= IFCCARTESIANPOINT((196.097698088983,-4.,19.6156070460929));
#947= IFCCARTESIANPOINT((196.097698088983,4.,19.6156070460929));
#948= IFCPOLYLOOP((#941,#946,#947,#942));
#949= IFCFACEOUTERBOUND(#948,.T.);
#950= IFCFACE((#949));
#951= IFCCARTESIANPOINT((192.345931305019,-4.,18.4774249397888));
#952= IFCCARTESIANPOINT((192.345931305019,4.,18.4774249397888));
#953= IFCPOLYLOOP((#946,#951,#952,#947));
#954= IFCFACEOUTERBOUND(#953,.T.);
#955= IFCFACE((#954));
#956= IFCCARTESIANPOINT((188.888295312216,-4.,16.6291917700801));
#957= IFCCARTESIANPOINT((188.888295312216,4.,16.6291917700801));
#958= IFCPOLYLOOP((#951,#956,#957,#952));
#959= IFCFACEOUTERBOUND(#958,.T.);
#960= IFCFACE((#959));
#961= IFCCARTESIANPOINT((185.857660254616,-4.,14.1419314990162));
#962= IFCCARTESIANPOINT((185.857660254616,4.,14.1419314990162));
#963= IFCPOLYLOOP((#956,#961,#962,#957));
#964= IFCFACEOUTERBOUND(#963,.T.);
#965= IFCFACE((#964));
#966= IFCCARTESIANPOINT((183.370487470995,-4.,11.1112246420635));
#967= IFCCARTESIANPOINT((183.370487470995,4.,11.1112246420635));
#968= IFCPOLYLOOP((#961,#966,#967,#962));
#969= IFCFACEOUTERBOUND(#968,.T.);
#970= IFCFACE((#969));
#971= IFCCARTESIANPOINT((181.522354114852,-4.,7.65353529709682));
#972= IFCCARTESIANPOINT((181.522354114852,4.,7.65353529709682));
#973= IFCPOLYLOOP((#966,#971,#972,#967));
#974= IFCFACEOUTERBOUND(#973,.T.);
#975= IFCFACE((#974));
#976= IFCCARTESIANPOINT((180.384280312595,-4.,3.90173565839723));
#977= IFCCARTESIANPOINT((180.384280312595,4.,3.90173565839723));
#978= IFCPOLYLOOP((#971,#976,#977,#972));
#979= IFCFACEOUTERBOUND(#978,.T.);
#980= IFCFACE((#979));
#981= IFCCARTESIANPOINT((179.999999999876,-4.,-2.07364792004228E-10));
#982= IFCCARTESIANPOINT((179.999999999876,4.,-2.07364792004228E-10));
#983= IFCPOLYLOOP((#976,#981,#982,#977));
#984= IFCFACEOUTERBOUND(#983,.T.);
#985= IFCFACE((#984));
#986= IFCPOLYLOOP((#981,#889,#892,#982));
#987= IFCFACEOUTERBOUND(#986,.T.);
#988= IFCFACE((#987));
#989= IFCPOLYLOOP((#897,#902,#907,#912,#917,#922,#927,#932,#937,#942,#947,#952,#957,#962,#967,#972,#977,#982,#892,#891));
#990= IFCFACEOUTERBOUND(#989,.T.);
#991= IFCFACE((#990));
#992= IFCPOLYLOOP((#981,#976,#971,#966,#961,#956,#951,#946,#941,#936,#931,#926,#921,#916,#911,#906,#901,#896,#890,#889));
#993= IFCFACEOUTERBOUND(#992,.T.);
#994= IFCFACE((#993));
#995= IFCCLOSEDSHELL((#895,#900,#905,#910,#915,#920,#925,#930,#935,#940,#945,#950,#955,#960,#965,#970,#975,#980,#985,#988,#991,#994));
#996= IFCFACETEDBREP(#995);
#997= IFCSTYLEDITEM(#996,(#888),$);
#998= IFCSHAPEREPRESENTATION(#12,'Body','Brep',(#996));
#999= IFCPRODUCTDEFINITIONSHAPE($,$,(#998));
#1000= IFCCARTESIANPOINT((53841.1253281222,26718.7449277311,9667.00019073489));
#1001= IFCDIRECTION((-7.85409999880357E-05,0.999999996915656,0.));
#1002= IFCDIRECTION((-0.999999996915656,-7.85409999847469E-05,0.));
#1003= IFCAXIS2PLACEMENT3D(#1000,#1001,#1002);
#1004= IFCLOCALPLACEMENT(#42,#1003);
#1005= IFCPLATE('0AfbwFxA93gACynYvT3Gye',#44,'PLATE-8','PL8*148',$,#1004,#999,'ID0aa65e8f-eca2-43a8-a33c-c62e5d0d0f28');
#1006= IFCPLATETYPE('3Hi0i0_59E7xdcCeTpMm4f',#5,'PL8*148',$,$,$,$,$,$,.NOTDEFINED.);
#1007= IFCPROPERTYSINGLEVALUE('Bottom elevation',$,IFCLABEL(' +9.663'),$);
#1008= IFCPROPERTYSINGLEVALUE('Top elevation',$,IFCLABEL(' +9.671'),$);
#1009= IFCPROPERTYSINGLEVALUE('Initial GUID',$,$,$);
#1010= IFCPROPERTYSINGLEVALUE('Preliminary mark',$,IFCLABEL('5-1-P35(?)'),$);
#1011= IFCPROPERTYSINGLEVALUE('Phase',$,IFCINTEGER(1),$);
#1012= IFCPROPERTYSINGLEVALUE('Class',$,IFCLABEL('17'),$);
#1013= IFCPROPERTYSET('2NmBITznX61xYlHxNqfaia',#5,'Tekla Common','Common Properties to Shared building elements',(#1007,#1008,#1009,#1010,#1011,#1012));
#1014= IFCPROPERTYSINGLEVALUE('Weight',$,IFCMASSMEASURE(1.82),$);
#1015= IFCPROPERTYSINGLEVALUE('Volume',$,IFCVOLUMEMEASURE(0.),$);
#1016= IFCPROPERTYSINGLEVALUE('Gross footprint area',$,IFCAREAMEASURE(0.029),$);
#1017= IFCPROPERTYSINGLEVALUE('Area per tons',$,IFCAREAMEASURE(34.831),$);
#1018= IFCPROPERTYSINGLEVALUE('Net surface area',$,IFCAREAMEASURE(0.063),$);
#1019= IFCPROPERTYSINGLEVALUE('Height',$,IFCLENGTHMEASURE(148.),$);
#1020= IFCPROPERTYSINGLEVALUE('Width',$,IFCLENGTHMEASURE(8.),$);
#1021= IFCPROPERTYSINGLEVALUE('Length',$,IFCLENGTHMEASURE(200.),$);
#1022= IFCPROPERTYSET('11oVGAfg1DJREahdwwiUC1',#5,'Tekla Quantity','Quantity Properties to Shared building elements',(#1014,#1015,#1016,#1017,#1018,#1019,#1020,#1021));
#1023= IFCPROPERTYSINGLEVALUE('LoadBearing',$,IFCBOOLEAN(.F.),$);
#1024= IFCPROPERTYSINGLEVALUE('Reference',$,IFCIDENTIFIER('5-1-P35'),$);
#1025= IFCPROPERTYSET('3qWiVpesT6cB3x$cUkTONy',#5,'Pset_PlateCommon','Common Properties to plate elements',(#1023,#1024));
#1026= IFCQUANTITYLENGTH('Width',$,$,148.002883904288);
#1027= IFCQUANTITYAREA('NetArea',$,$,0.0633812734327845);
#1028= IFCQUANTITYAREA('GrossArea',$,$,0.0296004913318238);
#1029= IFCQUANTITYAREA('CrossSectionArea',$,$,6.4E-05);
#1030= IFCQUANTITYVOLUME('NetVolume',$,$,0.000231805747078832);
#1031= IFCQUANTITYVOLUME('GrossVolume',$,$,0.000231805747078832);
#1032= IFCELEMENTQUANTITY('2FgkN1ZjnBMfyCYn1MbHId',#5,'BaseQuantities',$,$,(#1026,#1027,#1028,#1029,#1030,#1031));
#1033= IFCMATERIAL('STEEL/S275');
#1034= IFCCARTESIANPOINT((6.54836185276508E-11,-4.,49.9999999999709));
#1035= IFCCARTESIANPOINT((1.74622982740402E-10,-4.,133.999999999378));
#1036= IFCCARTESIANPOINT((1.74622982740402E-10,4.,133.999999999378));
#1037= IFCCARTESIANPOINT((6.54836185276508E-11,4.,49.9999999999709));
#1038= IFCPOLYLOOP((#1034,#1035,#1036,#1037));
#1039= IFCFACEOUTERBOUND(#1038,.T.);
#1040= IFCFACE((#1039));
#1041= IFCCARTESIANPOINT((179.995727540852,-4.,134.002883903457));
#1042= IFCCARTESIANPOINT((179.995727540852,4.,134.002883903457));
#1043= IFCPOLYLOOP((#1035,#1041,#1042,#1036));
#1044= IFCFACEOUTERBOUND(#1043,.T.);
#1045= IFCFACE((#1044));
#1046= IFCCARTESIANPOINT((180.380092184336,-4.,130.101044729872));
#1047= IFCCARTESIANPOINT((180.380092184336,4.,130.101044729872));
#1048= IFCPOLYLOOP((#1041,#1046,#1047,#1042));
#1049= IFCFACEOUTERBOUND(#1048,.T.);
#1050= IFCFACE((#1049));
#1051= IFCCARTESIANPOINT((181.518289868465,-4.,126.349166380631));
#1052= IFCCARTESIANPOINT((181.518289868465,4.,126.349166380631));
#1053= IFCPOLYLOOP((#1046,#1051,#1052,#1047));
#1054= IFCFACEOUTERBOUND(#1053,.T.);
#1055= IFCFACE((#1054));
#1056= IFCCARTESIANPOINT((183.36657941404,-4.,122.89143433905));
#1057= IFCCARTESIANPOINT((183.36657941404,4.,122.89143433905));
#1058= IFCPOLYLOOP((#1051,#1056,#1057,#1052));
#1059= IFCFACEOUTERBOUND(#1058,.T.);
#1060= IFCFACE((#1059));
#1061= IFCCARTESIANPOINT((185.853930660538,-4.,119.860729983258));
#1062= IFCCARTESIANPOINT((185.853930660538,4.,119.860729983258));
#1063= IFCPOLYLOOP((#1056,#1061,#1062,#1057));
#1064= IFCFACEOUTERBOUND(#1063,.T.);
#1065= IFCFACE((#1064));
#1066= IFCCARTESIANPOINT((188.884754170271,-4.,117.373523926548));
#1067= IFCCARTESIANPOINT((188.884754170271,4.,117.373523926548));
#1068= IFCPOLYLOOP((#1061,#1066,#1067,#1062));
#1069= IFCFACEOUTERBOUND(#1068,.T.);
#1070= IFCFACE((#1069));
#1071= IFCCARTESIANPOINT((192.342574750823,-4.,115.525400026927));
#1072= IFCCARTESIANPOINT((192.342574750823,4.,115.525400026927));
#1073= IFCPOLYLOOP((#1066,#1071,#1072,#1067));
#1074= IFCFACEOUTERBOUND(#1073,.T.);
#1075= IFCFACE((#1074));
#1076= IFCCARTESIANPOINT((196.094507621521,-4.,114.387382079127));
#1077= IFCCARTESIANPOINT((196.094507621521,4.,114.387382079127));
#1078= IFCPOLYLOOP((#1071,#1076,#1077,#1072));
#1079= IFCFACEOUTERBOUND(#1078,.T.);
#1080= IFCFACE((#1079));
#1081= IFCCARTESIANPOINT((199.99636520374,-4.,114.003204355031));
#1082= IFCCARTESIANPOINT((199.99636520374,4.,114.003204355031));
#1083= IFCPOLYLOOP((#1076,#1081,#1082,#1077));
#1084= IFCFACEOUTERBOUND(#1083,.T.);
#1085= IFCFACE((#1084));
#1086= IFCCARTESIANPOINT((199.999999999083,-4.,-2.18278728425503E-10));
#1087= IFCCARTESIANPOINT((199.999999999083,4.,-2.18278728425503E-10));
#1088= IFCPOLYLOOP((#1081,#1086,#1087,#1082));
#1089= IFCFACEOUTERBOUND(#1088,.T.);
#1090= IFCFACE((#1089));
#1091= IFCCARTESIANPOINT((149.999999999898,-4.,-1.63709046319127E-10));
#1092= IFCCARTESIANPOINT((149.999999999898,4.,-1.63709046319127E-10));
#1093= IFCPOLYLOOP((#1086,#1091,#1092,#1087));
#1094= IFCFACEOUTERBOUND(#1093,.T.);
#1095= IFCFACE((#1094));
#1096= IFCPOLYLOOP((#1091,#1034,#1037,#1092));
#1097= IFCFACEOUTERBOUND(#1096,.T.);
#1098= IFCFACE((#1097));
#1099= IFCPOLYLOOP((#1042,#1047,#1052,#1057,#1062,#1067,#1072,#1077,#1082,#1087,#1092,#1037,#1036));
#1100= IFCFACEOUTERBOUND(#1099,.T.);
#1101= IFCFACE((#1100));
#1102= IFCPOLYLOOP((#1091,#1086,#1081,#1076,#1071,#1066,#1061,#1056,#1051,#1046,#1041,#1035,#1034));
#1103= IFCFACEOUTERBOUND(#1102,.T.);
#1104= IFCFACE((#1103));
#1105= IFCCLOSEDSHELL((#1040,#1045,#1050,#1055,#1060,#1065,#1070,#1075,#1080,#1085,#1090,#1095,#1098,#1101,#1104));
#1106= IFCFACETEDBREP(#1105);
#1107= IFCSTYLEDITEM(#1106,(#888),$);
#1108= IFCSHAPEREPRESENTATION(#12,'Body','Brep',(#1106));
#1109= IFCPRODUCTDEFINITIONSHAPE($,$,(#1108));
#1110= IFCCARTESIANPOINT((53841.1367951083,26572.7449281815,9667.00019073489));
#1111= IFCAXIS2PLACEMENT3D(#1110,#1001,#1002);
#1112= IFCLOCALPLACEMENT(#42,#1111);
#1113= IFCPLATE('09aq$0tsH9FObgn6VMlB$4',#44,'PLATE-8','PL8*134',$,#1112,#1109,'ID09934fc0-df64-493d-896a-c467d6bcbfc4');
#1114= IFCPLATETYPE('2r0vDTTGv22w2zRSLz7YW8',#5,'PL8*134',$,$,$,$,$,$,.NOTDEFINED.);
#1115= IFCPROPERTYSINGLEVALUE('Preliminary mark',$,IFCLABEL('5-1-P36(?)'),$);
#1116= IFCPROPERTYSET('1DU3boeXf3MOZqTT1bvHoM',#5,'Tekla Common','Common Properties to Shared building elements',(#1007,#1008,#1009,#1115,#1011,#1012));
#1117= IFCPROPERTYSINGLEVALUE('Weight',$,IFCMASSMEASURE(1.43),$);
#1118= IFCPROPERTYSINGLEVALUE('Gross footprint area',$,IFCAREAMEASURE(0.023),$);
#1119= IFCPROPERTYSINGLEVALUE('Area per tons',$,IFCAREAMEASURE(35.307),$);
#1120= IFCPROPERTYSINGLEVALUE('Net surface area',$,IFCAREAMEASURE(0.05),$);
#1121= IFCPROPERTYSINGLEVALUE('Height',$,IFCLENGTHMEASURE(134.),$);
#1122= IFCPROPERTYSET('2s$jHkFpT1HRXyTT_PlhIW',#5,'Tekla Quantity','Quantity Properties to Shared building elements',(#1117,#1015,#1118,#1119,#1120,#1121,#1020,#1021));
#1123= IFCPROPERTYSINGLEVALUE('Reference',$,IFCIDENTIFIER('5-1-P36'),$);
#1124= IFCPROPERTYSET('3PHJvU$Mr0OPcJuczWO8jG',#5,'Pset_PlateCommon','Common Properties to plate elements',(#1023,#1123));
#1125= IFCQUANTITYLENGTH('Width',$,$,134.002883903745);
#1126= IFCQUANTITYAREA('NetArea',$,$,0.050415602030608);
#1127= IFCQUANTITYAREA('GrossArea',$,$,0.0268005767806425);
#1128= IFCQUANTITYVOLUME('NetVolume',$,$,0.000181903092423672);
#1129= IFCQUANTITYVOLUME('GrossVolume',$,$,0.000181903092423672);
#1130= IFCELEMENTQUANTITY('3hnD3ScPb5yxlQpOjF3VMc',#5,'BaseQuantities',$,$,(#1125,#1126,#1127,#1029,#1128,#1129));
#1131= IFCCARTESIANPOINT((8.73114913702011E-11,-4.,83.999999999407));
#1132= IFCCARTESIANPOINT((8.73114913702011E-11,4.,83.999999999407));
#1133= IFCPOLYLOOP((#889,#1131,#1132,#892));
#1134= IFCFACEOUTERBOUND(#1133,.T.);
#1135= IFCFACE((#1134));
#1136= IFCCARTESIANPOINT((149.999999980784,-4.,134.00240330982));
#1137= IFCCARTESIANPOINT((149.999999980784,4.,134.00240330982));
#1138= IFCPOLYLOOP((#1131,#1136,#1137,#1132));
#1139= IFCFACEOUTERBOUND(#1138,.T.);
#1140= IFCFACE((#1139));
#1141= IFCCARTESIANPOINT((199.995727538277,-4.,134.003204344848));
#1142= IFCCARTESIANPOINT((199.995727538277,4.,134.003204344848));
#1143= IFCPOLYLOOP((#1136,#1141,#1142,#1137));
#1144= IFCFACEOUTERBOUND(#1143,.T.);
#1145= IFCFACE((#1144));
#1146= IFCCARTESIANPOINT((199.999362333598,-4.,19.9999999895881));
#1147= IFCCARTESIANPOINT((199.999362333598,4.,19.9999999895881));
#1148= IFCPOLYLOOP((#1141,#1146,#1147,#1142));
#1149= IFCFACEOUTERBOUND(#1148,.T.);
#1150= IFCFACE((#1149));
#1151= IFCCARTESIANPOINT((196.097646323971,-4.,19.6155967481209));
#1152= IFCCARTESIANPOINT((196.097646323971,4.,19.6155967481209));
#1153= IFCPOLYLOOP((#1146,#1151,#1152,#1147));
#1154= IFCFACEOUTERBOUND(#1153,.T.);
#1155= IFCFACE((#1154));
#1156= IFCCARTESIANPOINT((192.345889509401,-4.,18.4774076266949));
#1157= IFCCARTESIANPOINT((192.345889509401,4.,18.4774076266949));
#1158= IFCPOLYLOOP((#1151,#1156,#1157,#1152));
#1159= IFCFACEOUTERBOUND(#1158,.T.);
#1160= IFCFACE((#1159));
#1161= IFCCARTESIANPOINT((188.888263966226,-4.,16.6291708250392));
#1162= IFCCARTESIANPOINT((188.888263966226,4.,16.6291708250392));
#1163= IFCPOLYLOOP((#1156,#1161,#1162,#1157));
#1164= IFCFACEOUTERBOUND(#1163,.T.);
#1165= IFCFACE((#1164));
#1166= IFCPOLYLOOP((#1161,#961,#962,#1162));
#1167= IFCFACEOUTERBOUND(#1166,.T.);
#1168= IFCFACE((#1167));
#1169= IFCPOLYLOOP((#1137,#1142,#1147,#1152,#1157,#1162,#962,#967,#972,#977,#982,#892,#1132));
#1170= IFCFACEOUTERBOUND(#1169,.T.);
#1171= IFCFACE((#1170));
#1172= IFCPOLYLOOP((#981,#976,#971,#966,#961,#1161,#1156,#1151,#1146,#1141,#1136,#1131,#889));
#1173= IFCFACEOUTERBOUND(#1172,.T.);
#1174= IFCFACE((#1173));
#1175= IFCCLOSEDSHELL((#1135,#1140,#1145,#1150,#1155,#1160,#1165,#1168,#970,#975,#980,#985,#988,#1171,#1174));
#1176= IFCFACETEDBREP(#1175);
#1177= IFCSTYLEDITEM(#1176,(#888),$);
#1178= IFCSHAPEREPRESENTATION(#12,'Body','Brep',(#1176));
#1179= IFCPRODUCTDEFINITIONSHAPE($,$,(#1178));
#1180= IFCCARTESIANPOINT((53841.1127615621,26878.7449272375,9667.00019073489));
#1181= IFCAXIS2PLACEMENT3D(#1180,#1001,#1002);
#1182= IFCLOCALPLACEMENT(#42,#1181);
#1183= IFCPLATE('3Wv65qfJ18vQXvqJWtLFBf',#44,'PLATE-8','PL8*134',$,#1182,#1179,'IDe0e46174-a530-48e5-a879-d1383754f2e9');
#1184= IFCQUANTITYLENGTH('Width',$,$,134.003204345168);
#1185= IFCQUANTITYAREA('NetArea',$,$,0.0504156192400137);
#1186= IFCQUANTITYAREA('GrossArea',$,$,0.0268005554197086);
#1187= IFCQUANTITYVOLUME('NetVolume',$,$,0.000181903167350888);
#1188= IFCQUANTITYVOLUME('GrossVolume',$,$,0.000181903167350888);
#1189= IFCELEMENTQUANTITY('0QIp$I_AbDlOF2tb8RzYLU',#5,'BaseQuantities',$,$,(#1184,#1185,#1186,#1029,#1187,#1188));
#1190= IFCCARTESIANPOINT((289.995727540103,-4.,148.002997610449));
#1191= IFCCARTESIANPOINT((289.995727540103,4.,148.002997610449));
#1192= IFCPOLYLOOP((#890,#1190,#1191,#891));
#1193= IFCFACEOUTERBOUND(#1192,.T.);
#1194= IFCFACE((#1193));
#1195= IFCCARTESIANPOINT((290.380071302352,-4.,144.10114970641));
#1196= IFCCARTESIANPOINT((290.380071302352,4.,144.10114970641));
#1197= IFCPOLYLOOP((#1190,#1195,#1196,#1191));
#1198= IFCFACEOUTERBOUND(#1197,.T.);
#1199= IFCFACE((#1198));
#1200= IFCCARTESIANPOINT((291.518251461661,-4.,140.349259100487));
#1201= IFCCARTESIANPOINT((291.518251461661,4.,140.349259100487));
#1202= IFCPOLYLOOP((#1195,#1200,#1201,#1196));
#1203= IFCFACEOUTERBOUND(#1202,.T.);
#1204= IFCFACE((#1203));
#1205= IFCCARTESIANPOINT((293.366527364095,-4.,136.89151223551));
#1206= IFCCARTESIANPOINT((293.366527364095,4.,136.89151223551));
#1207= IFCPOLYLOOP((#1200,#1205,#1206,#1201));
#1208= IFCFACEOUTERBOUND(#1207,.T.);
#1209= IFCFACE((#1208));
#1210= IFCCARTESIANPOINT((295.853869132814,-4.,133.860791509447));
#1211= IFCCARTESIANPOINT((295.853869132814,4.,133.860791509447));
#1212= IFCPOLYLOOP((#1205,#1210,#1211,#1206));
#1213= IFCFACEOUTERBOUND(#1212,.T.);
#1214= IFCFACE((#1213));
#1215= IFCCARTESIANPOINT((298.884687370533,-4.,131.373568559295));
#1216= IFCCARTESIANPOINT((298.884687370533,4.,131.373568559295));
#1217= IFCPOLYLOOP((#1210,#1215,#1216,#1211));
#1218= IFCFACEOUTERBOUND(#1217,.T.);
#1219= IFCFACE((#1218));
#1220= IFCCARTESIANPOINT((302.342506692839,-4.,129.525428216104));
#1221= IFCCARTESIANPOINT((302.342506692839,4.,129.525428216104));
#1222= IFCPOLYLOOP((#1215,#1220,#1221,#1216));
#1223= IFCFACEOUTERBOUND(#1222,.T.);
#1224= IFCFACE((#1223));
#1225= IFCCARTESIANPOINT((306.094441917194,-4.,128.387395147154));
#1226= IFCCARTESIANPOINT((306.094441917194,4.,128.387395147154));
#1227= IFCPOLYLOOP((#1220,#1225,#1226,#1221));
#1228= IFCFACEOUTERBOUND(#1227,.T.);
#1229= IFCFACE((#1228));
#1230= IFCCARTESIANPOINT((309.996304886081,-4.,128.003204353601));
#1231= IFCCARTESIANPOINT((309.996304886081,4.,128.003204353601));
#1232= IFCPOLYLOOP((#1225,#1230,#1231,#1226));
#1233= IFCFACEOUTERBOUND(#1232,.T.);
#1234= IFCFACE((#1233));
#1235= IFCCARTESIANPOINT((309.99942265272,-4.,19.9999999913052));
#1236= IFCCARTESIANPOINT((309.99942265272,4.,19.9999999913052));
#1237= IFCPOLYLOOP((#1230,#1235,#1236,#1231));
#1238= IFCFACEOUTERBOUND(#1237,.T.);
#1239= IFCFACE((#1238));
#1240= IFCCARTESIANPOINT((306.097698088903,-4.,19.6156070459729));
#1241= IFCCARTESIANPOINT((306.097698088903,4.,19.6156070459729));
#1242= IFCPOLYLOOP((#1235,#1240,#1241,#1236));
#1243= IFCFACEOUTERBOUND(#1242,.T.);
#1244= IFCFACE((#1243));
#1245= IFCCARTESIANPOINT((302.345931304939,-4.,18.4774249396687));
#1246= IFCCARTESIANPOINT((302.345931304939,4.,18.4774249396687));
#1247= IFCPOLYLOOP((#1240,#1245,#1246,#1241));
#1248= IFCFACEOUTERBOUND(#1247,.T.);
#1249= IFCFACE((#1248));
#1250= IFCCARTESIANPOINT((298.888295312136,-4.,16.6291917699637));
#1251= IFCCARTESIANPOINT((298.888295312136,4.,16.6291917699637));
#1252= IFCPOLYLOOP((#1245,#1250,#1251,#1246));
#1253= IFCFACEOUTERBOUND(#1252,.T.);
#1254= IFCFACE((#1253));
#1255= IFCCARTESIANPOINT((295.857660254536,-4.,14.1419314988962));
#1256= IFCCARTESIANPOINT((295.857660254536,4.,14.1419314988962));
#1257= IFCPOLYLOOP((#1250,#1255,#1256,#1251));
#1258= IFCFACEOUTERBOUND(#1257,.T.);
#1259= IFCFACE((#1258));
#1260= IFCCARTESIANPOINT((293.370487470922,-4.,11.111224641947));
#1261= IFCCARTESIANPOINT((293.370487470922,4.,11.111224641947));
#1262= IFCPOLYLOOP((#1255,#1260,#1261,#1256));
#1263= IFCFACEOUTERBOUND(#1262,.T.);
#1264= IFCFACE((#1263));
#1265= IFCCARTESIANPOINT((291.522354114772,-4.,7.65353529698041));
#1266= IFCCARTESIANPOINT((291.522354114772,4.,7.65353529698041));
#1267= IFCPOLYLOOP((#1260,#1265,#1266,#1261));
#1268= IFCFACEOUTERBOUND(#1267,.T.);
#1269= IFCFACE((#1268));
#1270= IFCCARTESIANPOINT((290.384280312515,-4.,3.90173565827718));
#1271= IFCCARTESIANPOINT((290.384280312515,4.,3.90173565827718));
#1272= IFCPOLYLOOP((#1265,#1270,#1271,#1266));
#1273= IFCFACEOUTERBOUND(#1272,.T.);
#1274= IFCFACE((#1273));
#1275= IFCCARTESIANPOINT((289.999999999804,-4.,-3.27418092638254E-10));
#1276= IFCCARTESIANPOINT((289.999999999804,4.,-3.27418092638254E-10));
#1277= IFCPOLYLOOP((#1270,#1275,#1276,#1271));
#1278= IFCFACEOUTERBOUND(#1277,.T.);
#1279= IFCFACE((#1278));
#1280= IFCPOLYLOOP((#1275,#889,#892,#1276));
#1281= IFCFACEOUTERBOUND(#1280,.T.);
#1282= IFCFACE((#1281));
#1283= IFCPOLYLOOP((#1191,#1196,#1201,#1206,#1211,#1216,#1221,#1226,#1231,#1236,#1241,#1246,#1251,#1256,#1261,#1266,#1271,#1276,#892,#891));
#1284= IFCFACEOUTERBOUND(#1283,.T.);
#1285= IFCFACE((#1284));
#1286= IFCPOLYLOOP((#1275,#1270,#1265,#1260,#1255,#1250,#1245,#1240,#1235,#1230,#1225,#1220,#1215,#1210,#1205,#1200,#1195,#1190,#890,#889));
#1287= IFCFACEOUTERBOUND(#1286,.T.);
#1288= IFCFACE((#1287));
#1289= IFCCLOSEDSHELL((#895,#1194,#1199,#1204,#1209,#1214,#1219,#1224,#1229,#1234,#1239,#1244,#1249,#1254,#1259,#1264,#1269,#1274,#1279,#1282,#1285,#1288));
#1290= IFCFACETEDBREP(#1289);
#1291= IFCSTYLEDITEM(#1290,(#888),$);
#1292= IFCSHAPEREPRESENTATION(#12,'Body','Brep',(#1290));
#1293= IFCPRODUCTDEFINITIONSHAPE($,$,(#1292));
#1294= IFCCARTESIANPOINT((53951.1253277829,26718.7535672412,9867.00019073489));
#1295= IFCAXIS2PLACEMENT3D(#1294,#1001,#1002);
#1296= IFCLOCALPLACEMENT(#42,#1295);
#1297= IFCPLATE('0O7j_bCmTDb9sSlo03HmWg',#44,'PLATE-8','PL8*148',$,#1296,#1293,'ID181edfa5-3307-4d94-9d9c-bf200347082a');
#1298= IFCPROPERTYSINGLEVALUE('Bottom elevation',$,IFCLABEL(' +9.863'),$);
#1299= IFCPROPERTYSINGLEVALUE('Top elevation',$,IFCLABEL(' +9.871'),$);
#1300= IFCPROPERTYSINGLEVALUE('Preliminary mark',$,IFCLABEL('5-1-P37(?)'),$);
#1301= IFCPROPERTYSET('0yCxby1B18QxTRbhRZv6qZ',#5,'Tekla Common','Common Properties to Shared building elements',(#1298,#1299,#1009,#1300,#1011,#1012));
#1302= IFCPROPERTYSINGLEVALUE('Weight',$,IFCMASSMEASURE(2.84),$);
#1303= IFCPROPERTYSINGLEVALUE('Gross footprint area',$,IFCAREAMEASURE(0.045),$);
#1304= IFCPROPERTYSINGLEVALUE('Area per tons',$,IFCAREAMEASURE(34.377),$);
#1305= IFCPROPERTYSINGLEVALUE('Net surface area',$,IFCAREAMEASURE(0.098),$);
#1306= IFCPROPERTYSINGLEVALUE('Length',$,IFCLENGTHMEASURE(310.),$);
#1307= IFCPROPERTYSET('0P9maFWAXDBfXhV4nGaG6k',#5,'Tekla Quantity','Quantity Properties to Shared building elements',(#1302,#1015,#1303,#1304,#1305,#1019,#1020,#1306));
#1308= IFCPROPERTYSINGLEVALUE('Reference',$,IFCIDENTIFIER('5-1-P37'),$);
#1309= IFCPROPERTYSET('0AOfZmZOP719tEzy4LQ3Lt',#5,'Pset_PlateCommon','Common Properties to plate elements',(#1023,#1308));
#1310= IFCQUANTITYLENGTH('Width',$,$,148.002997610873);
#1311= IFCQUANTITYAREA('NetArea',$,$,0.0977016245855773);
#1312= IFCQUANTITYAREA('GrossArea',$,$,0.0458808438102713);
#1313= IFCQUANTITYVOLUME('NetVolume',$,$,0.000362047148069205);
#1314= IFCQUANTITYVOLUME('GrossVolume',$,$,0.000362047148069205);
#1315= IFCELEMENTQUANTITY('0dkUrS8c90yxzaY6$_WdZH',#5,'BaseQuantities',$,$,(#1310,#1311,#1312,#1029,#1313,#1314));
#1316= IFCCARTESIANPOINT((289.995727538837,-4.,134.002997609921));
#1317= IFCCARTESIANPOINT((289.995727538837,4.,134.002997609921));
#1318= IFCPOLYLOOP((#1035,#1316,#1317,#1036));
#1319= IFCFACEOUTERBOUND(#1318,.T.);
#1320= IFCFACE((#1319));
#1321= IFCCARTESIANPOINT((290.380072772125,-4.,130.101142310981));
#1322= IFCCARTESIANPOINT((290.380072772125,4.,130.101142310981));
#1323= IFCPOLYLOOP((#1316,#1321,#1322,#1317));
#1324= IFCFACEOUTERBOUND(#1323,.T.);
#1325= IFCFACE((#1324));
#1326= IFCCARTESIANPOINT((291.518257231313,-4.,126.34924516832));
#1327= IFCCARTESIANPOINT((291.518257231313,4.,126.34924516832));
#1328= IFCPOLYLOOP((#1321,#1326,#1327,#1322));
#1329= IFCFACEOUTERBOUND(#1328,.T.);
#1330= IFCFACE((#1329));
#1331= IFCCARTESIANPOINT((293.366539929833,-4.,122.891493427865));
#1332= IFCCARTESIANPOINT((293.366539929833,4.,122.891493427865));
#1333= IFCPOLYLOOP((#1326,#1331,#1332,#1327));
#1334= IFCFACEOUTERBOUND(#1333,.T.);
#1335= IFCFACE((#1334));
#1336= IFCCARTESIANPOINT((295.853890457758,-4.,119.860770183583));
#1337= IFCCARTESIANPOINT((295.853890457758,4.,119.860770183583));
#1338= IFCPOLYLOOP((#1331,#1336,#1337,#1332));
#1339= IFCFACEOUTERBOUND(#1338,.T.);
#1340= IFCFACE((#1339));
#1341= IFCCARTESIANPOINT((298.884718715322,-4.,117.37354761504));
#1342= IFCCARTESIANPOINT((298.884718715322,4.,117.37354761504));
#1343= IFCPOLYLOOP((#1336,#1341,#1342,#1337));
#1344= IFCFACEOUTERBOUND(#1343,.T.);
#1345= IFCFACE((#1344));
#1346= IFCCARTESIANPOINT((302.342548487213,-4.,115.525410904498));
#1347= IFCCARTESIANPOINT((302.342548487213,4.,115.525410904498));
#1348= IFCPOLYLOOP((#1341,#1346,#1347,#1342));
#1349= IFCFACEOUTERBOUND(#1348,.T.);
#1350= IFCFACE((#1349));
#1351= IFCCARTESIANPOINT((306.094493680699,-4.,114.387384851474));
#1352= IFCCARTESIANPOINT((306.094493680699,4.,114.387384851474));
#1353= IFCPOLYLOOP((#1346,#1351,#1352,#1347));
#1354= IFCFACEOUTERBOUND(#1353,.T.);
#1355= IFCFACE((#1354));
#1356= IFCCARTESIANPOINT((309.996365203217,-4.,114.003204354911));
#1357= IFCCARTESIANPOINT((309.996365203217,4.,114.003204354911));
#1358= IFCPOLYLOOP((#1351,#1356,#1357,#1352));
#1359= IFCFACEOUTERBOUND(#1358,.T.);
#1360= IFCFACE((#1359));
#1361= IFCCARTESIANPOINT((309.999999998559,-4.,-3.38332029059529E-10));
#1362= IFCCARTESIANPOINT((309.999999998559,4.,-3.38332029059529E-10));
#1363= IFCPOLYLOOP((#1356,#1361,#1362,#1357));
#1364= IFCFACEOUTERBOUND(#1363,.T.);
#1365= IFCFACE((#1364));
#1366= IFCPOLYLOOP((#1361,#981,#982,#1362));
#1367= IFCFACEOUTERBOUND(#1366,.T.);
#1368= IFCFACE((#1367));
#1369= IFCPOLYLOOP((#981,#1034,#1037,#982));
#1370= IFCFACEOUTERBOUND(#1369,.T.);
#1371= IFCFACE((#1370));
#1372= IFCPOLYLOOP((#1317,#1322,#1327,#1332,#1337,#1342,#1347,#1352,#1357,#1362,#982,#1037,#1036));
#1373= IFCFACEOUTERBOUND(#1372,.T.);
#1374= IFCFACE((#1373));
#1375= IFCPOLYLOOP((#981,#1361,#1356,#1351,#1346,#1341,#1336,#1331,#1326,#1321,#1316,#1035,#1034));
#1376= IFCFACEOUTERBOUND(#1375,.T.);
#1377= IFCFACE((#1376));
#1378= IFCCLOSEDSHELL((#1040,#1320,#1325,#1330,#1335,#1340,#1345,#1350,#1355,#1360,#1365,#1368,#1371,#1374,#1377));
#1379= IFCFACETEDBREP(#1378);
#1380= IFCSTYLEDITEM(#1379,(#888),$);
#1381= IFCSHAPEREPRESENTATION(#12,'Body','Brep',(#1379));
#1382= IFCPRODUCTDEFINITIONSHAPE($,$,(#1381));
#1383= IFCCARTESIANPOINT((53951.136794769,26572.7535676916,9867.00019073489));
#1384= IFCAXIS2PLACEMENT3D(#1383,#1001,#1002);
#1385= IFCLOCALPLACEMENT(#42,#1384);
#1386= IFCPLATE('1Iy6RzOb1ChvrIhTecB3Nb',#44,'PLATE-8','PL8*134',$,#1385,#1382,'ID52f066fd-6250-4caf-9d52-adda262c35e5');
#1387= IFCPROPERTYSINGLEVALUE('Preliminary mark',$,IFCLABEL('5-1-P38(?)'),$);
#1388= IFCPROPERTYSET('2_WWV8DsjDGeI0LJdL_6E2',#5,'Tekla Common','Common Properties to Shared building elements',(#1298,#1299,#1009,#1387,#1011,#1012));
#1389= IFCPROPERTYSINGLEVALUE('Weight',$,IFCMASSMEASURE(2.31),$);
#1390= IFCPROPERTYSINGLEVALUE('Gross footprint area',$,IFCAREAMEASURE(0.037),$);
#1391= IFCPROPERTYSINGLEVALUE('Area per tons',$,IFCAREAMEASURE(34.747),$);
#1392= IFCPROPERTYSINGLEVALUE('Net surface area',$,IFCAREAMEASURE(0.08),$);
#1393= IFCPROPERTYSET('35k4CcAEj5uvb7I2gtvifT',#5,'Tekla Quantity','Quantity Properties to Shared building elements',(#1389,#1015,#1390,#1391,#1392,#1121,#1020,#1306));
#1394= IFCPROPERTYSINGLEVALUE('Reference',$,IFCIDENTIFIER('5-1-P38'),$);
#1395= IFCPROPERTYSET('3PiP_YhXv6Aho4hSvlO_X9',#5,'Pset_PlateCommon','Common Properties to plate elements',(#1023,#1394));
#1396= IFCQUANTITYLENGTH('Width',$,$,134.002997610333);
#1397= IFCQUANTITYAREA('NetArea',$,$,0.0801455654544758);
#1398= IFCQUANTITYAREA('GrossArea',$,$,0.0415409292590382);
#1399= IFCQUANTITYVOLUME('NetVolume',$,$,0.000293824493413116);
#1400= IFCQUANTITYVOLUME('GrossVolume',$,$,0.000293824493413116);
#1401= IFCELEMENTQUANTITY('39uX9XyT17t9OxXs3oFAK5',#5,'BaseQuantities',$,$,(#1396,#1397,#1398,#1029,#1399,#1400));
#1402= IFCCARTESIANPOINT((179.999999990403,-4.,134.001860612643));
#1403= IFCCARTESIANPOINT((179.999999990403,4.,134.001860612643));
#1404= IFCPOLYLOOP((#1131,#1402,#1403,#1132));
#1405= IFCFACEOUTERBOUND(#1404,.T.);
#1406= IFCFACE((#1405));
#1407= IFCCARTESIANPOINT((309.995727537775,-4.,134.003204344725));
#1408= IFCCARTESIANPOINT((309.995727537775,4.,134.003204344725));
#1409= IFCPOLYLOOP((#1402,#1407,#1408,#1403));
#1410= IFCFACEOUTERBOUND(#1409,.T.);
#1411= IFCFACE((#1410));
#1412= IFCCARTESIANPOINT((309.999362333096,-4.,19.9999999894681));
#1413= IFCCARTESIANPOINT((309.999362333096,4.,19.9999999894681));
#1414= IFCPOLYLOOP((#1407,#1412,#1413,#1408));
#1415= IFCFACEOUTERBOUND(#1414,.T.);
#1416= IFCFACE((#1415));
#1417= IFCCARTESIANPOINT((306.097646323469,-4.,19.6155967480008));
#1418= IFCCARTESIANPOINT((306.097646323469,4.,19.6155967480008));
#1419= IFCPOLYLOOP((#1412,#1417,#1418,#1413));
#1420= IFCFACEOUTERBOUND(#1419,.T.);
#1421= IFCFACE((#1420));
#1422= IFCCARTESIANPOINT((302.345889508899,-4.,18.4774076265712));
#1423= IFCCARTESIANPOINT((302.345889508899,4.,18.4774076265712));
#1424= IFCPOLYLOOP((#1417,#1422,#1423,#1418));
#1425= IFCFACEOUTERBOUND(#1424,.T.);
#1426= IFCFACE((#1425));
#1427= IFCCARTESIANPOINT((298.888263965724,-4.,16.6291708249191));
#1428= IFCCARTESIANPOINT((298.888263965724,4.,16.6291708249191));
#1429= IFCPOLYLOOP((#1422,#1427,#1428,#1423));
#1430= IFCFACEOUTERBOUND(#1429,.T.);
#1431= IFCFACE((#1430));
#1432= IFCPOLYLOOP((#1427,#1255,#1256,#1428));
#1433= IFCFACEOUTERBOUND(#1432,.T.);
#1434= IFCFACE((#1433));
#1435= IFCPOLYLOOP((#1403,#1408,#1413,#1418,#1423,#1428,#1256,#1261,#1266,#1271,#1276,#892,#1132));
#1436= IFCFACEOUTERBOUND(#1435,.T.);
#1437= IFCFACE((#1436));
#1438= IFCPOLYLOOP((#1275,#1270,#1265,#1260,#1255,#1427,#1422,#1417,#1412,#1407,#1402,#1131,#889));
#1439= IFCFACEOUTERBOUND(#1438,.T.);
#1440= IFCFACE((#1439));
#1441= IFCCLOSEDSHELL((#1135,#1406,#1411,#1416,#1421,#1426,#1431,#1434,#1264,#1269,#1274,#1279,#1282,#1437,#1440));
#1442= IFCFACETEDBREP(#1441);
#1443= IFCSTYLEDITEM(#1442,(#888),$);
#1444= IFCSHAPEREPRESENTATION(#12,'Body','Brep',(#1442));
#1445= IFCPRODUCTDEFINITIONSHAPE($,$,(#1444));
#1446= IFCCARTESIANPOINT((53951.1127612228,26878.7535667476,9867.00019073489));
#1447= IFCAXIS2PLACEMENT3D(#1446,#1001,#1002);
#1448= IFCLOCALPLACEMENT(#42,#1447);
#1449= IFCPLATE('0Fmm5ZCuf2dg88UTlSFNiB',#44,'PLATE-8','PL8*134',$,#1448,#1445,'ID0fc30163-338a-429e-a208-79dbdc3d7b0b');
#1450= IFCQUANTITYAREA('NetArea',$,$,0.0801455818924741);
#1451= IFCQUANTITYAREA('GrossArea',$,$,0.0415409078976186);
#1452= IFCQUANTITYVOLUME('NetVolume',$,$,0.000293824577260131);
#1453= IFCQUANTITYVOLUME('GrossVolume',$,$,0.000293824577260131);
#1454= IFCELEMENTQUANTITY('0Xy7WJ2QTABABuV8at0SWJ',#5,'BaseQuantities',$,$,(#1184,#1450,#1451,#1029,#1452,#1453));
#1455= IFCCOLOURRGB('Light Red',0.905882352941176,0.325490196078431,0.36078431372549);
#1456= IFCSURFACESTYLERENDERING(#1455,0.,$,$,$,$,IFCNORMALISEDRATIOMEASURE(0.00390625),IFCSPECULAREXPONENT(10.),.NOTDEFINED.);
#1457= IFCSURFACESTYLE('STEEL/S275',.POSITIVE.,(#1456));
#1458= IFCPRESENTATIONSTYLEASSIGNMENT((#1457));
#1459= IFCCARTESIANPOINT((0.,-5.99999999999272,455.));
#1460= IFCCARTESIANPOINT((0.,-5.99999999999272,655.));
#1461= IFCCARTESIANPOINT((-7.27595761418343E-12,5.99999999999636,655.));
#1462= IFCCARTESIANPOINT((-7.27595761418343E-12,5.99999999999636,455.));
#1463= IFCPOLYLOOP((#1459,#1460,#1461,#1462));
#1464= IFCFACEOUTERBOUND(#1463,.T.);
#1465= IFCFACE((#1464));
#1466= IFCCARTESIANPOINT((299.999999999804,-5.99999999965439,655.));
#1467= IFCCARTESIANPOINT((299.999999999789,6.00000000033833,655.));
#1468= IFCPOLYLOOP((#1460,#1466,#1467,#1461));
#1469= IFCFACEOUTERBOUND(#1468,.T.);
#1470= IFCFACE((#1469));
#1471= IFCCARTESIANPOINT((300.384294391741,-5.99999999965439,651.098193559677));
#1472= IFCCARTESIANPOINT((300.384294391726,6.00000000033833,651.098193559677));
#1473= IFCPOLYLOOP((#1466,#1471,#1472,#1467));
#1474= IFCFACEOUTERBOUND(#1473,.T.);
#1475= IFCFACE((#1474));
#1476= IFCCARTESIANPOINT((301.522409349571,-5.99999999965075,647.346331352699));
#1477= IFCCARTESIANPOINT((301.522409349564,6.00000000034197,647.346331352699));
#1478= IFCPOLYLOOP((#1471,#1476,#1477,#1472));
#1479= IFCFACEOUTERBOUND(#1478,.T.);
#1480= IFCFACE((#1479));
#1481= IFCCARTESIANPOINT((303.37060775375,-5.99999999964712,643.888595339607));
#1482= IFCCARTESIANPOINT((303.370607753735,6.00000000034197,643.888595339607));
#1483= IFCPOLYLOOP((#1476,#1481,#1482,#1477));
#1484= IFCFACEOUTERBOUND(#1483,.T.);
#1485= IFCFACE((#1484));
#1486= IFCCARTESIANPOINT((305.857864376077,-5.99999999964348,640.857864376268));
#1487= IFCCARTESIANPOINT((305.857864376063,6.00000000034925,640.857864376268));
#1488= IFCPOLYLOOP((#1481,#1486,#1487,#1482));
#1489= IFCFACEOUTERBOUND(#1488,.T.);
#1490= IFCFACE((#1489));
#1491= IFCCARTESIANPOINT((308.888595339406,-5.99999999964348,638.370607753948));
#1492= IFCCARTESIANPOINT((308.888595339391,6.00000000034925,638.370607753948));
#1493= IFCPOLYLOOP((#1486,#1491,#1492,#1487));
#1494= IFCFACEOUTERBOUND(#1493,.T.);
#1495= IFCFACE((#1494));
#1496= IFCCARTESIANPOINT((312.346331352499,-5.99999999963984,636.522409349775));
#1497= IFCCARTESIANPOINT((312.346331352484,6.00000000035288,636.522409349775));
#1498= IFCPOLYLOOP((#1491,#1496,#1497,#1492));
#1499= IFCFACEOUTERBOUND(#1498,.T.);
#1500= IFCFACE((#1499));
#1501= IFCCARTESIANPOINT((316.098193559475,-5.9999999996362,635.384294391935));
#1502= IFCCARTESIANPOINT((316.098193559454,6.00000000035652,635.384294391935));
#1503= IFCPOLYLOOP((#1496,#1501,#1502,#1497));
#1504= IFCFACEOUTERBOUND(#1503,.T.);
#1505= IFCFACE((#1504));
#1506= IFCCARTESIANPOINT((319.999999999796,-5.99999999962893,635.));
#1507= IFCCARTESIANPOINT((319.999999999774,6.0000000003638,635.));
#1508= IFCPOLYLOOP((#1501,#1506,#1507,#1502));
#1509= IFCFACEOUTERBOUND(#1508,.T.);
#1510= IFCFACE((#1509));
#1511= IFCCARTESIANPOINT((319.999999999796,-5.99999999962893,-1.81898940354586E-12));
#1512= IFCCARTESIANPOINT((319.999999999774,6.0000000003638,-1.81898940354586E-12));
#1513= IFCPOLYLOOP((#1506,#1511,#1512,#1507));
#1514= IFCFACEOUTERBOUND(#1513,.T.);
#1515= IFCFACE((#1514));
#1516= IFCCARTESIANPOINT((219.999999999854,-5.99999999974534,-1.81898940354586E-12));
#1517= IFCCARTESIANPOINT((219.999999999847,6.00000000024738,-1.81898940354586E-12));
#1518= IFCPOLYLOOP((#1511,#1516,#1517,#1512));
#1519= IFCFACEOUTERBOUND(#1518,.T.);
#1520= IFCFACE((#1519));
#1521= IFCPOLYLOOP((#1516,#1459,#1462,#1517));
#1522= IFCFACEOUTERBOUND(#1521,.T.);
#1523= IFCFACE((#1522));
#1524= IFCPOLYLOOP((#1467,#1472,#1477,#1482,#1487,#1492,#1497,#1502,#1507,#1512,#1517,#1462,#1461));
#1525= IFCFACEOUTERBOUND(#1524,.T.);
#1526= IFCFACE((#1525));
#1527= IFCPOLYLOOP((#1516,#1511,#1506,#1501,#1496,#1491,#1486,#1481,#1476,#1471,#1466,#1460,#1459));
#1528= IFCFACEOUTERBOUND(#1527,.T.);
#1529= IFCFACE((#1528));
#1530= IFCCLOSEDSHELL((#1465,#1470,#1475,#1480,#1485,#1490,#1495,#1500,#1505,#1510,#1515,#1520,#1523,#1526,#1529));
#1531= IFCFACETEDBREP(#1530);
#1532= IFCSTYLEDITEM(#1531,(#1458),$);
#1533= IFCSHAPEREPRESENTATION(#12,'Body','Brep',(#1531));
#1534= IFCPRODUCTDEFINITIONSHAPE($,$,(#1533));
#1535= IFCCARTESIANPOINT((53961.1085418,26712.7543518107,9377.00019073488));
#1536= IFCAXIS2PLACEMENT3D(#1535,#9,#1002);
#1537= IFCLOCALPLACEMENT(#42,#1536);
#1538= IFCPLATE('3pTFvb2gT1Tg7VwrHtqEXc',#44,'PLATE-12','PL12*320',$,#1537,#1534,'IDf374fe65-0aa7-4176-a1df-eb5477d0e866');
#1539= IFCPLATETYPE('1Yeeu38jjBegIDpbS7PLTc',#5,'PL12*320',$,$,$,$,$,$,.NOTDEFINED.);
#1540= IFCPROPERTYSINGLEVALUE('Bottom elevation',$,IFCLABEL(' +9.377'),$);
#1541= IFCPROPERTYSINGLEVALUE('Top elevation',$,IFCLABEL(' +10.032'),$);
#1542= IFCPROPERTYSINGLEVALUE('Preliminary mark',$,IFCLABEL('5-1-P24(?)'),$);
#1543= IFCPROPERTYSINGLEVALUE('Class',$,IFCLABEL('16'),$);
#1544= IFCPROPERTYSET('2h1fSNqWDFk9g4nk28LqlV',#5,'Tekla Common','Common Properties to Shared building elements',(#1540,#1541,#1009,#1542,#1011,#1543));
#1545= IFCPROPERTYSINGLEVALUE('Weight',$,IFCMASSMEASURE(15.),$);
#1546= IFCPROPERTYSINGLEVALUE('Volume',$,IFCVOLUMEMEASURE(0.002),$);
#1547= IFCPROPERTYSINGLEVALUE('Gross footprint area',$,IFCAREAMEASURE(0.004),$);
#1548= IFCPROPERTYSINGLEVALUE('Area per tons',$,IFCAREAMEASURE(22.649),$);
#1549= IFCPROPERTYSINGLEVALUE('Net surface area',$,IFCAREAMEASURE(0.34),$);
#1550= IFCPROPERTYSINGLEVALUE('Height',$,IFCLENGTHMEASURE(320.),$);
#1551= IFCPROPERTYSINGLEVALUE('Width',$,IFCLENGTHMEASURE(12.),$);
#1552= IFCPROPERTYSINGLEVALUE('Length',$,IFCLENGTHMEASURE(655.),$);
#1553= IFCPROPERTYSET('0adyREuUr0kQ76t5dDtxYV',#5,'Tekla Quantity','Quantity Properties to Shared building elements',(#1545,#1546,#1547,#1548,#1549,#1550,#1551,#1552));
#1554= IFCPROPERTYSINGLEVALUE('Reference',$,IFCIDENTIFIER('5-1-P24'),$);
#1555= IFCPROPERTYSET('0KTm6S_ar5BhSEbRIAS_lN',#5,'Pset_PlateCommon','Common Properties to plate elements',(#1023,#1554));
#1556= IFCQUANTITYLENGTH('Width',$,$,319.999999999577);
#1557= IFCQUANTITYAREA('NetArea',$,$,0.339736847401589);
#1558= IFCQUANTITYAREA('GrossArea',$,$,0.209599999999723);
#1559= IFCQUANTITYAREA('CrossSectionArea',$,$,0.000144);
#1560= IFCQUANTITYVOLUME('NetVolume',$,$,0.00191085426581729);
#1561= IFCQUANTITYVOLUME('GrossVolume',$,$,0.00191085426581729);
#1562= IFCELEMENTQUANTITY('0O8ePlJSj0eQIo$J3pbFET',#5,'BaseQuantities',$,$,(#1556,#1557,#1558,#1559,#1560,#1561));
#1563= IFCSHAPEREPRESENTATION(#12,'Body','Brep',(#1531));
#1564= IFCPRODUCTDEFINITIONSHAPE($,$,(#1563));
#1565= IFCCARTESIANPOINT((53961.1051790789,26872.7543517752,9377.00019073489));
#1566= IFCAXIS2PLACEMENT3D(#1565,#9,#1002);
#1567= IFCLOCALPLACEMENT(#42,#1566);
#1568= IFCPLATE('3PVsdl_Fr2lx_W2S5Zrrro',#44,'PLATE-12','PL12*320',$,#1567,#1564,'IDd97f69ef-f8fd-42bf-bfa0-09c163d75d72');
#1569= IFCSHAPEREPRESENTATION(#12,'Body','Brep',(#996));
#1570= IFCPRODUCTDEFINITIONSHAPE($,$,(#1569));
#1571= IFCCARTESIANPOINT((53841.1191149903,26866.7285795065,10691.0001907349));
#1572= IFCAXIS2PLACEMENT3D(#1571,#390,#389);
#1573= IFCLOCALPLACEMENT(#42,#1572);
#1574= IFCPLATE('0FUyNsdFX449TqBp45qQoj',#44,'PLATE-8','PL8*148',$,#1573,#1570,'ID0f7bc5f6-9cf8-4410-9774-2f3105d1acad');
#1575= IFCPROPERTYSINGLEVALUE('Bottom elevation',$,IFCLABEL(' +10.687'),$);
#1576= IFCPROPERTYSINGLEVALUE('Top elevation',$,IFCLABEL(' +10.695'),$);
#1577= IFCPROPERTYSINGLEVALUE('Preliminary mark',$,IFCLABEL('5-1-P64(?)'),$);
#1578= IFCPROPERTYSET('0d_IujS19F9vr9VFg_nW4x',#5,'Tekla Common','Common Properties to Shared building elements',(#1575,#1576,#1009,#1577,#1011,#1012));
#1579= IFCPROPERTYSINGLEVALUE('Reference',$,IFCIDENTIFIER('5-1-P64'),$);
#1580= IFCPROPERTYSET('3HdFWu8lj97hgXs6YwC0_u',#5,'Pset_PlateCommon','Common Properties to plate elements',(#1023,#1579));
#1581= IFCPOLYLOOP((#889,#1035,#1036,#892));
#1582= IFCFACEOUTERBOUND(#1581,.T.);
#1583= IFCFACE((#1582));
#1584= IFCPOLYLOOP((#1086,#889,#892,#1087));
#1585= IFCFACEOUTERBOUND(#1584,.T.);
#1586= IFCFACE((#1585));
#1587= IFCPOLYLOOP((#1042,#1047,#1052,#1057,#1062,#1067,#1072,#1077,#1082,#1087,#892,#1036));
#1588= IFCFACEOUTERBOUND(#1587,.T.);
#1589= IFCFACE((#1588));
#1590= IFCPOLYLOOP((#1086,#1081,#1076,#1071,#1066,#1061,#1056,#1051,#1046,#1041,#1035,#889));
#1591= IFCFACEOUTERBOUND(#1590,.T.);
#1592= IFCFACE((#1591));
#1593= IFCCLOSEDSHELL((#1583,#1045,#1050,#1055,#1060,#1065,#1070,#1075,#1080,#1085,#1090,#1586,#1589,#1592));
#1594= IFCFACETEDBREP(#1593);
#1595= IFCSTYLEDITEM(#1594,(#888),$);
#1596= IFCSHAPEREPRESENTATION(#12,'Body','Brep',(#1594));
#1597= IFCPRODUCTDEFINITIONSHAPE($,$,(#1596));
#1598= IFCCARTESIANPOINT((53841.1191149903,27012.7285795065,10691.0001907349));
#1599= IFCAXIS2PLACEMENT3D(#1598,#390,#389);
#1600= IFCLOCALPLACEMENT(#42,#1599);
#1601= IFCPLATE('3fOma78_nD3v_AhtXHwyt_',#44,'PLATE-8','PL8*134',$,#1600,#1597,'IDe9630907-23ec-4d0f-9f8a-af7851ebcdfe');
#1602= IFCPROPERTYSINGLEVALUE('Preliminary mark',$,IFCLABEL('5-1-P34(?)'),$);
#1603= IFCPROPERTYSET('0P7n4UsbH3qvMBrNbGbPeU',#5,'Tekla Common','Common Properties to Shared building elements',(#1575,#1576,#1009,#1602,#1011,#1012));
#1604= IFCPROPERTYSINGLEVALUE('Weight',$,IFCMASSMEASURE(1.66),$);
#1605= IFCPROPERTYSINGLEVALUE('Gross footprint area',$,IFCAREAMEASURE(0.026),$);
#1606= IFCPROPERTYSINGLEVALUE('Area per tons',$,IFCAREAMEASURE(35.018),$);
#1607= IFCPROPERTYSINGLEVALUE('Net surface area',$,IFCAREAMEASURE(0.058),$);
#1608= IFCPROPERTYSET('24X$rX_srEs8z1nu3J78Ps',#5,'Tekla Quantity','Quantity Properties to Shared building elements',(#1604,#1015,#1605,#1606,#1607,#1121,#1020,#1021));
#1609= IFCPROPERTYSINGLEVALUE('Reference',$,IFCIDENTIFIER('5-1-P34'),$);
#1610= IFCPROPERTYSET('05UirYwG9A7RYwGOpqF92g',#5,'Pset_PlateCommon','Common Properties to plate elements',(#1023,#1609));
#1611= IFCQUANTITYLENGTH('Width',$,$,134.002883904288);
#1612= IFCQUANTITYAREA('NetArea',$,$,0.0582506909669949);
#1613= IFCQUANTITYAREA('GrossArea',$,$,0.0268005767808575);
#1614= IFCQUANTITYVOLUME('NetVolume',$,$,0.000211903092425402);
#1615= IFCQUANTITYVOLUME('GrossVolume',$,$,0.000211903092425402);
#1616= IFCELEMENTQUANTITY('25t7fvGXD0dQb3TySAKGsT',#5,'BaseQuantities',$,$,(#1611,#1612,#1613,#1029,#1614,#1615));
#1617= IFCPOLYLOOP((#1035,#1141,#1142,#1036));
#1618= IFCFACEOUTERBOUND(#1617,.T.);
#1619= IFCFACE((#1618));
#1620= IFCPOLYLOOP((#1142,#1147,#1152,#1157,#1162,#962,#967,#972,#977,#982,#892,#1036));
#1621= IFCFACEOUTERBOUND(#1620,.T.);
#1622= IFCFACE((#1621));
#1623= IFCPOLYLOOP((#981,#976,#971,#966,#961,#1161,#1156,#1151,#1146,#1141,#1035,#889));
#1624= IFCFACEOUTERBOUND(#1623,.T.);
#1625= IFCFACE((#1624));
#1626= IFCCLOSEDSHELL((#1583,#1619,#1150,#1155,#1160,#1165,#1168,#970,#975,#980,#985,#988,#1622,#1625));
#1627= IFCFACETEDBREP(#1626);
#1628= IFCSTYLEDITEM(#1627,(#888),$);
#1629= IFCSHAPEREPRESENTATION(#12,'Body','Brep',(#1627));
#1630= IFCPRODUCTDEFINITIONSHAPE($,$,(#1629));
#1631= IFCCARTESIANPOINT((53841.1191149903,26706.7285795065,10691.0001907349));
#1632= IFCAXIS2PLACEMENT3D(#1631,#390,#389);
#1633= IFCLOCALPLACEMENT(#42,#1632);
#1634= IFCPLATE('1dK1DdcFPDQAkBcy9dmgRM',#44,'PLATE-8','PL8*134',$,#1633,#1630,'ID67501367-98f6-4d68-ab8b-9bc267c2a6d6');
#1635= IFCQUANTITYLENGTH('Width',$,$,134.003204345703);
#1636= IFCQUANTITYAREA('NetArea',$,$,0.0582507020954988);
#1637= IFCQUANTITYAREA('GrossArea',$,$,0.0268005554199219);
#1638= IFCQUANTITYVOLUME('NetVolume',$,$,0.000211903167348747);
#1639= IFCQUANTITYVOLUME('GrossVolume',$,$,0.000211903167348747);
#1640= IFCELEMENTQUANTITY('28QuvgHYj0ugIXRcBsTEra',#5,'BaseQuantities',$,$,(#1635,#1636,#1637,#1029,#1638,#1639));
#1641= IFCSHAPEREPRESENTATION(#12,'Body','Brep',(#1290));
#1642= IFCPRODUCTDEFINITIONSHAPE($,$,(#1641));
#1643= IFCCARTESIANPOINT((53951.1191149903,26866.7285795065,10491.0001907349));
#1644= IFCAXIS2PLACEMENT3D(#1643,#390,#389);
#1645= IFCLOCALPLACEMENT(#42,#1644);
#1646= IFCPLATE('0wNUkSCbH5mw781E6n7ZaH',#44,'PLATE-8','PL8*148',$,#1645,#1642,'ID3a5deb9c-3254-45c3-a1c8-04e1b11e3911');
#1647= IFCPROPERTYSINGLEVALUE('Bottom elevation',$,IFCLABEL(' +10.487'),$);
#1648= IFCPROPERTYSINGLEVALUE('Top elevation',$,IFCLABEL(' +10.495'),$);
#1649= IFCPROPERTYSINGLEVALUE('Preliminary mark',$,IFCLABEL('5-1-P33(?)'),$);
#1650= IFCPROPERTYSET('0ngrMW9hr21wgQEVpEHOIZ',#5,'Tekla Common','Common Properties to Shared building elements',(#1647,#1648,#1009,#1649,#1011,#1012));
#1651= IFCPROPERTYSINGLEVALUE('Reference',$,IFCIDENTIFIER('5-1-P33'),$);
#1652= IFCPROPERTYSET('0tZyvPGF51qeDgww2piWDR',#5,'Pset_PlateCommon','Common Properties to plate elements',(#1023,#1651));
#1653= IFCPOLYLOOP((#1361,#889,#892,#1362));
#1654= IFCFACEOUTERBOUND(#1653,.T.);
#1655= IFCFACE((#1654));
#1656= IFCPOLYLOOP((#1317,#1322,#1327,#1332,#1337,#1342,#1347,#1352,#1357,#1362,#892,#1036));
#1657= IFCFACEOUTERBOUND(#1656,.T.);
#1658= IFCFACE((#1657));
#1659= IFCPOLYLOOP((#1361,#1356,#1351,#1346,#1341,#1336,#1331,#1326,#1321,#1316,#1035,#889));
#1660= IFCFACEOUTERBOUND(#1659,.T.);
#1661= IFCFACE((#1660));
#1662= IFCCLOSEDSHELL((#1583,#1320,#1325,#1330,#1335,#1340,#1345,#1350,#1355,#1360,#1365,#1655,#1658,#1661));
#1663= IFCFACETEDBREP(#1662);
#1664= IFCSTYLEDITEM(#1663,(#888),$);
#1665= IFCSHAPEREPRESENTATION(#12,'Body','Brep',(#1663));
#1666= IFCPRODUCTDEFINITIONSHAPE($,$,(#1665));
#1667= IFCCARTESIANPOINT((53951.1191149903,27012.7285795065,10491.0001907349));
#1668= IFCAXIS2PLACEMENT3D(#1667,#390,#389);
#1669= IFCLOCALPLACEMENT(#42,#1668);
#1670= IFCPLATE('2dWYpvz0z9mPAvbTGtoZdG',#44,'PLATE-8','PL8*134',$,#1669,#1666,'IDa7822cf9-f40f-49c1-92b9-95d437ca39d0');
#1671= IFCPROPERTYSINGLEVALUE('Preliminary mark',$,IFCLABEL('5-1-P31(?)'),$);
#1672= IFCPROPERTYSET('0rJ7MSigL9cPk9ruTb0rcn',#5,'Tekla Common','Common Properties to Shared building elements',(#1647,#1648,#1009,#1671,#1011,#1012));
#1673= IFCPROPERTYSINGLEVALUE('Weight',$,IFCMASSMEASURE(2.59),$);
#1674= IFCPROPERTYSINGLEVALUE('Gross footprint area',$,IFCAREAMEASURE(0.041),$);
#1675= IFCPROPERTYSINGLEVALUE('Area per tons',$,IFCAREAMEASURE(34.564),$);
#1676= IFCPROPERTYSINGLEVALUE('Net surface area',$,IFCAREAMEASURE(0.089),$);
#1677= IFCPROPERTYSET('3INMyt2kfDxeK83ifPsI$f',#5,'Tekla Quantity','Quantity Properties to Shared building elements',(#1673,#1015,#1674,#1675,#1676,#1121,#1020,#1306));
#1678= IFCPROPERTYSINGLEVALUE('Reference',$,IFCIDENTIFIER('5-1-P31'),$);
#1679= IFCPROPERTYSET('1WYJbkiTLEov9a43yMOZvI',#5,'Pset_PlateCommon','Common Properties to plate elements',(#1023,#1678));
#1680= IFCQUANTITYLENGTH('Width',$,$,134.002997610873);
#1681= IFCQUANTITYAREA('NetArea',$,$,0.0894910421197879);
#1682= IFCQUANTITYAREA('GrossArea',$,$,0.0415409292593706);
#1683= IFCQUANTITYVOLUME('NetVolume',$,$,0.000329824493415776);
#1684= IFCQUANTITYVOLUME('GrossVolume',$,$,0.000329824493415776);
#1685= IFCELEMENTQUANTITY('3s1IC6oRv7duvU9GxtIQ1I',#5,'BaseQuantities',$,$,(#1680,#1681,#1682,#1029,#1683,#1684));
#1686= IFCPOLYLOOP((#1035,#1407,#1408,#1036));
#1687= IFCFACEOUTERBOUND(#1686,.T.);
#1688= IFCFACE((#1687));
#1689= IFCPOLYLOOP((#1408,#1413,#1418,#1423,#1428,#1256,#1261,#1266,#1271,#1276,#892,#1036));
#1690= IFCFACEOUTERBOUND(#1689,.T.);
#1691= IFCFACE((#1690));
#1692= IFCPOLYLOOP((#1275,#1270,#1265,#1260,#1255,#1427,#1422,#1417,#1412,#1407,#1035,#889));
#1693= IFCFACEOUTERBOUND(#1692,.T.);
#1694= IFCFACE((#1693));
#1695= IFCCLOSEDSHELL((#1583,#1688,#1416,#1421,#1426,#1431,#1434,#1264,#1269,#1274,#1279,#1282,#1691,#1694));
#1696= IFCFACETEDBREP(#1695);
#1697= IFCSTYLEDITEM(#1696,(#888),$);
#1698= IFCSHAPEREPRESENTATION(#12,'Body','Brep',(#1696));
#1699= IFCPRODUCTDEFINITIONSHAPE($,$,(#1698));
#1700= IFCCARTESIANPOINT((53951.1191149903,26706.7285795065,10491.0001907349));
#1701= IFCAXIS2PLACEMENT3D(#1700,#390,#389);
#1702= IFCLOCALPLACEMENT(#42,#1701);
#1703= IFCPLATE('3rTgzAiHf2NeMNqqzpP8zw',#44,'PLATE-8','PL8*134',$,#1702,#1699,'IDf576af4a-b11a-425e-8597-d34f73648f7a');
#1704= IFCQUANTITYAREA('NetArea',$,$,0.0894910545734532);
#1705= IFCQUANTITYAREA('GrossArea',$,$,0.0415409078979493);
#1706= IFCQUANTITYVOLUME('NetVolume',$,$,0.000329824577260856);
#1707= IFCQUANTITYVOLUME('GrossVolume',$,$,0.000329824577260856);
#1708= IFCELEMENTQUANTITY('2CcY425PjB29FbTtAmowS_',#5,'BaseQuantities',$,$,(#1635,#1704,#1705,#1029,#1706,#1707));
#1709= IFCSHAPEREPRESENTATION(#12,'Body','Brep',(#1531));
#1710= IFCPRODUCTDEFINITIONSHAPE($,$,(#1709));
#1711= IFCCARTESIANPOINT((53961.1018577923,26872.7285790102,10979.0001907349));
#1712= IFCAXIS2PLACEMENT3D(#1711,#129,#389);
#1713= IFCLOCALPLACEMENT(#42,#1712);
#1714= IFCPLATE('1PHpD7Cp5EPPUFXznSZkp$',#44,'PLATE-12','PL12*320',$,#1713,#1710,'ID59473347-3331-4e65-978f-87dc5c8eecff');
#1715= IFCPROPERTYSINGLEVALUE('Bottom elevation',$,IFCLABEL(' +10.324'),$);
#1716= IFCPROPERTYSINGLEVALUE('Top elevation',$,IFCLABEL(' +10.979'),$);
#1717= IFCPROPERTYSINGLEVALUE('Preliminary mark',$,IFCLABEL('5-1-P22(?)'),$);
#1718= IFCPROPERTYSET('1$xx5Yugb9UgLat9LLMfxL',#5,'Tekla Common','Common Properties to Shared building elements',(#1715,#1716,#1009,#1717,#1011,#1543));
#1719= IFCPROPERTYSINGLEVALUE('Gross footprint area',$,IFCAREAMEASURE(0.001),$);
#1720= IFCPROPERTYSET('2msG3iaBXDxwItkjMAPxQb',#5,'Tekla Quantity','Quantity Properties to Shared building elements',(#1545,#1546,#1719,#1548,#1549,#1550,#1551,#1552));
#1721= IFCPROPERTYSINGLEVALUE('Reference',$,IFCIDENTIFIER('5-1-P22'),$);
#1722= IFCPROPERTYSET('3Sr4FgmFfDb8lbMDvmWLuj',#5,'Pset_PlateCommon','Common Properties to plate elements',(#1023,#1721));
#1723= IFCQUANTITYLENGTH('Width',$,$,320.);
#1724= IFCQUANTITYAREA('GrossArea',$,$,0.209600000000001);
#1725= IFCELEMENTQUANTITY('18n8rDq1jAAgogEHWxKft5',#5,'BaseQuantities',$,$,(#1723,#1557,#1724,#1559,#1560,#1561));
#1726= IFCSHAPEREPRESENTATION(#12,'Body','Brep',(#1531));
#1727= IFCPRODUCTDEFINITIONSHAPE($,$,(#1726));
#1728= IFCCARTESIANPOINT((53961.1110616312,26712.7285792749,10979.0001907349));
#1729= IFCAXIS2PLACEMENT3D(#1728,#129,#389);
#1730= IFCLOCALPLACEMENT(#42,#1729);
#1731= IFCPLATE('2oWJk45Xn7uuyI2D_FUWOR',#44,'PLATE-12','PL12*320',$,#1730,#1727,'IDb2813b84-161c-47e3-8f12-08df8f7a061b');
#1732= IFCCOLOURRGB('Light Gray',0.615686274509804,0.615686274509804,0.611764705882353);
#1733= IFCSURFACESTYLERENDERING(#1732,0.,$,$,$,$,IFCNORMALISEDRATIOMEASURE(0.00390625),IFCSPECULAREXPONENT(10.),.NOTDEFINED.);
#1734= IFCSURFACESTYLE('STEEL/S275',.POSITIVE.,(#1733));
#1735= IFCPRESENTATIONSTYLEASSIGNMENT((#1734));
#1736= IFCCARTESIANPOINT((0.000799668581748847,-1.,350.003875732684));
#1737= IFCCARTESIANPOINT((0.000781390644988278,-9.,342.003875732677));
#1738= IFCCARTESIANPOINT((440.000626221346,-9.,342.00387573248));
#1739= IFCCARTESIANPOINT((440.000640869628,-1.,350.003875732487));
#1740= IFCPOLYLOOP((#1736,#1737,#1738,#1739));
#1741= IFCFACEOUTERBOUND(#1740,.T.);
#1742= IFCFACE((#1741));
#1743= IFCCARTESIANPOINT((0.000781390644988278,9.,342.003875732677));
#1744= IFCCARTESIANPOINT((0.000799668581748847,1.,350.003875732684));
#1745= IFCCARTESIANPOINT((440.000640869628,1.,350.003875732487));
#1746= IFCCARTESIANPOINT((440.000626221346,9.,342.00387573248));
#1747= IFCPOLYLOOP((#1743,#1744,#1745,#1746));
#1748= IFCFACEOUTERBOUND(#1747,.T.);
#1749= IFCFACE((#1748));
#1750= IFCCARTESIANPOINT((-3.63797880709171E-12,9.,0.));
#1751= IFCCARTESIANPOINT((-3.63797880709171E-12,-9.,0.));
#1752= IFCPOLYLOOP((#1744,#1743,#1750,#1751,#1737,#1736));
#1753= IFCFACEOUTERBOUND(#1752,.T.);
#1754= IFCFACE((#1753));
#1755= IFCPOLYLOOP((#1745,#1744,#1736,#1739));
#1756= IFCFACEOUTERBOUND(#1755,.T.);
#1757= IFCFACE((#1756));
#1758= IFCCARTESIANPOINT((440.000000000331,-9.,-2.40106601268053E-10));
#1759= IFCCARTESIANPOINT((440.000000000331,9.,-2.40106601268053E-10));
#1760= IFCPOLYLOOP((#1758,#1759,#1746,#1745,#1739,#1738));
#1761= IFCFACEOUTERBOUND(#1760,.T.);
#1762= IFCFACE((#1761));
#1763= IFCPOLYLOOP((#1758,#1751,#1750,#1759));
#1764= IFCFACEOUTERBOUND(#1763,.T.);
#1765= IFCFACE((#1764));
#1766= IFCPOLYLOOP((#1759,#1750,#1743,#1746));
#1767= IFCFACEOUTERBOUND(#1766,.T.);
#1768= IFCFACE((#1767));
#1769= IFCPOLYLOOP((#1751,#1758,#1738,#1737));
#1770= IFCFACEOUTERBOUND(#1769,.T.);
#1771= IFCFACE((#1770));
#1772= IFCCLOSEDSHELL((#1742,#1749,#1754,#1757,#1762,#1765,#1768,#1771));
#1773= IFCFACETEDBREP(#1772);
#1774= IFCSTYLEDITEM(#1773,(#1735),$);
#1775= IFCSHAPEREPRESENTATION(#12,'Body','Brep',(#1773));
#1776= IFCPRODUCTDEFINITIONSHAPE($,$,(#1775));
#1777= IFCCARTESIANPOINT((53991.1061131595,27012.742643723,10041.0001907349));
#1778= IFCDIRECTION((-0.99999999926437,-3.83570000049076E-05,0.));
#1779= IFCDIRECTION((3.83570000035714E-05,-0.99999999926437,0.));
#1780= IFCAXIS2PLACEMENT3D(#1777,#1778,#1779);
#1781= IFCLOCALPLACEMENT(#42,#1780);
#1782= IFCPLATE('0FlmaWe5TBuP5fdpKeu9tV',#44,'PLATE-18','PL18*350',$,#1781,#1776,'ID0fbf0920-a057-4be1-9169-9f3528e09ddf');
#1783= IFCPLATETYPE('2kLwpDgZn8Tf6g9DesBohB',#5,'PL18*350',$,$,$,$,$,$,.NOTDEFINED.);
#1784= IFCPROPERTYSINGLEVALUE('Bottom elevation',$,IFCLABEL(' +10.032'),$);
#1785= IFCPROPERTYSINGLEVALUE('Top elevation',$,IFCLABEL(' +10.050'),$);
#1786= IFCPROPERTYSINGLEVALUE('Preliminary mark',$,IFCLABEL('5-1-P54(?)'),$);
#1787= IFCPROPERTYSINGLEVALUE('Class',$,IFCLABEL('15'),$);
#1788= IFCPROPERTYSET('2GTAT0ycH0eBMwmBunVdk4',#5,'Tekla Common','Common Properties to Shared building elements',(#1784,#1785,#1009,#1786,#1011,#1787));
#1789= IFCPROPERTYSINGLEVALUE('Weight',$,IFCMASSMEASURE(21.54),$);
#1790= IFCPROPERTYSINGLEVALUE('Volume',$,IFCVOLUMEMEASURE(0.003),$);
#1791= IFCPROPERTYSINGLEVALUE('Gross footprint area',$,IFCAREAMEASURE(0.154),$);
#1792= IFCPROPERTYSINGLEVALUE('Area per tons',$,IFCAREAMEASURE(15.423),$);
#1793= IFCPROPERTYSINGLEVALUE('Net surface area',$,IFCAREAMEASURE(0.332),$);
#1794= IFCPROPERTYSINGLEVALUE('Height',$,IFCLENGTHMEASURE(350.),$);
#1795= IFCPROPERTYSINGLEVALUE('Width',$,IFCLENGTHMEASURE(18.),$);
#1796= IFCPROPERTYSINGLEVALUE('Length',$,IFCLENGTHMEASURE(440.),$);
#1797= IFCPROPERTYSET('13uQYKbq1FDBNTKVnPQ1ds',#5,'Tekla Quantity','Quantity Properties to Shared building elements',(#1789,#1790,#1791,#1792,#1793,#1794,#1795,#1796));
#1798= IFCPROPERTYSINGLEVALUE('Reference',$,IFCIDENTIFIER('5-1-P54'),$);
#1799= IFCPROPERTYSET('0gYMmbkMb1FQJDs3O$vHhd',#5,'Pset_PlateCommon','Common Properties to plate elements',(#1023,#1798));
#1800= IFCQUANTITYLENGTH('Width',$,$,350.003875732466);
#1801= IFCQUANTITYAREA('NetArea',$,$,0.332191556711685);
#1802= IFCQUANTITYAREA('GrossArea',$,$,0.154001929628968);
#1803= IFCQUANTITYAREA('CrossSectionArea',$,$,0.000324);
#1804= IFCQUANTITYVOLUME('NetVolume',$,$,0.00274387020566338);
#1805= IFCQUANTITYVOLUME('GrossVolume',$,$,0.00277203027557486);
#1806= IFCELEMENTQUANTITY('1bwWiJkK5Ewxan$Zlr2ete',#5,'BaseQuantities',$,$,(#1800,#1801,#1802,#1803,#1804,#1805));
#1807= IFCCARTESIANPOINT((440.00000000012,-9.,342.003875732044));
#1808= IFCCARTESIANPOINT((440.000000000124,-1.,350.003875732036));
#1809= IFCCARTESIANPOINT((0.000160373212565901,-1.,350.003875732335));
#1810= IFCCARTESIANPOINT((0.000156707581481896,-9.,342.003875732335));
#1811= IFCPOLYLOOP((#1807,#1808,#1809,#1810));
#1812= IFCFACEOUTERBOUND(#1811,.T.);
#1813= IFCFACE((#1812));
#1814= IFCCARTESIANPOINT((440.000000000124,1.,350.003875732036));
#1815= IFCCARTESIANPOINT((440.00000000012,9.,342.003875732044));
#1816= IFCCARTESIANPOINT((0.000156707581481896,9.,342.003875732335));
#1817= IFCCARTESIANPOINT((0.000160373212565901,1.,350.003875732335));
#1818= IFCPOLYLOOP((#1814,#1815,#1816,#1817));
#1819= IFCFACEOUTERBOUND(#1818,.T.);
#1820= IFCFACE((#1819));
#1821= IFCPOLYLOOP((#1817,#1816,#1750,#1751,#1810,#1809));
#1822= IFCFACEOUTERBOUND(#1821,.T.);
#1823= IFCFACE((#1822));
#1824= IFCPOLYLOOP((#1814,#1817,#1809,#1808));
#1825= IFCFACEOUTERBOUND(#1824,.T.);
#1826= IFCFACE((#1825));
#1827= IFCPOLYLOOP((#1758,#1759,#1815,#1814,#1808,#1807));
#1828= IFCFACEOUTERBOUND(#1827,.T.);
#1829= IFCFACE((#1828));
#1830= IFCPOLYLOOP((#1759,#1750,#1816,#1815));
#1831= IFCFACEOUTERBOUND(#1830,.T.);
#1832= IFCFACE((#1831));
#1833= IFCPOLYLOOP((#1751,#1758,#1807,#1810));
#1834= IFCFACEOUTERBOUND(#1833,.T.);
#1835= IFCFACE((#1834));
#1836= IFCCLOSEDSHELL((#1813,#1820,#1823,#1826,#1829,#1765,#1832,#1835));
#1837= IFCFACETEDBREP(#1836);
#1838= IFCSTYLEDITEM(#1837,(#1735),$);
#1839= IFCSHAPEREPRESENTATION(#12,'Body','Brep',(#1837));
#1840= IFCPRODUCTDEFINITIONSHAPE($,$,(#1839));
#1841= IFCCARTESIANPOINT((53991.1053094796,27012.7426437069,10315.0001907349));
#1842= IFCDIRECTION((-0.999999999192623,-4.0184000004956E-05,0.));
#1843= IFCDIRECTION((4.0184000003762E-05,-0.999999999192623,0.));
#1844= IFCAXIS2PLACEMENT3D(#1841,#1842,#1843);
#1845= IFCLOCALPLACEMENT(#42,#1844);
#1846= IFCPLATE('0MiIGQsoz0txZOtjphTHAs',#44,'PLATE-18','PL18*350',$,#1845,#1840,'ID16b1241a-db2f-40df-b8d8-dedceb7512b6');
#1847= IFCPROPERTYSINGLEVALUE('Bottom elevation',$,IFCLABEL(' +10.306'),$);
#1848= IFCPROPERTYSINGLEVALUE('Top elevation',$,IFCLABEL(' +10.324'),$);
#1849= IFCPROPERTYSET('2eXBsLtPDA28$fN7SgJGD2',#5,'Tekla Common','Common Properties to Shared building elements',(#1847,#1848,#1009,#1786,#1011,#1787));
#1850= IFCQUANTITYLENGTH('Width',$,$,350.003875732436);
#1851= IFCQUANTITYAREA('NetArea',$,$,0.332191556147391);
#1852= IFCQUANTITYAREA('GrossArea',$,$,0.154001705322272);
#1853= IFCQUANTITYVOLUME('NetVolume',$,$,0.00274387020080604);
#1854= IFCELEMENTQUANTITY('0VlP8d4ATElxmDbEtwyJFA',#5,'BaseQuantities',$,$,(#1850,#1851,#1852,#1803,#1853,#1805));
#1855= IFCCOLOURRGB('Light Yellow',1.,0.898039215686275,0.);
#1856= IFCSURFACESTYLERENDERING(#1855,0.,$,$,$,$,IFCNORMALISEDRATIOMEASURE(0.00390625),IFCSPECULAREXPONENT(10.),.NOTDEFINED.);
#1857= IFCSURFACESTYLE('STEEL/S275',.POSITIVE.,(#1856));
#1858= IFCPRESENTATIONSTYLEASSIGNMENT((#1857));
#1859= IFCCARTESIANPOINT((-1.45519152283669E-11,-12.5000000000364,0.));
#1860= IFCCARTESIANPOINT((-2.18278728425503E-11,-12.5000000000364,1700.));
#1861= IFCCARTESIANPOINT((1.09139364212751E-11,12.5000000000437,1700.));
#1862= IFCCARTESIANPOINT((1.81898940354586E-11,12.5000000000437,0.));
#1863= IFCPOLYLOOP((#1859,#1860,#1861,#1862));
#1864= IFCFACEOUTERBOUND(#1863,.T.);
#1865= IFCFACE((#1864));
#1866= IFCCARTESIANPOINT((440.002441405897,-12.499999998865,1700.));
#1867= IFCCARTESIANPOINT((440.002441405919,12.5000000012005,1700.));
#1868= IFCPOLYLOOP((#1860,#1866,#1867,#1861));
#1869= IFCFACEOUTERBOUND(#1868,.T.);
#1870= IFCFACE((#1869));
#1871= IFCCARTESIANPOINT((440.002441405897,-12.499999998865,-7.27595761418343E-12));
#1872= IFCCARTESIANPOINT((440.002441405919,12.5000000012005,-7.27595761418343E-12));
#1873= IFCPOLYLOOP((#1866,#1871,#1872,#1867));
#1874= IFCFACEOUTERBOUND(#1873,.T.);
#1875= IFCFACE((#1874));
#1876= IFCPOLYLOOP((#1871,#1859,#1862,#1872));
#1877= IFCFACEOUTERBOUND(#1876,.T.);
#1878= IFCFACE((#1877));
#1879= IFCPOLYLOOP((#1867,#1872,#1862,#1861));
#1880= IFCFACEOUTERBOUND(#1879,.T.);
#1881= IFCFACE((#1880));
#1882= IFCPOLYLOOP((#1871,#1866,#1860,#1859));
#1883= IFCFACEOUTERBOUND(#1882,.T.);
#1884= IFCFACE((#1883));
#1885= IFCCLOSEDSHELL((#1865,#1870,#1875,#1878,#1881,#1884));
#1886= IFCFACETEDBREP(#1885);
#1887= IFCSTYLEDITEM(#1886,(#1858),$);
#1888= IFCSHAPEREPRESENTATION(#12,'Body','Brep',(#1886));
#1889= IFCPRODUCTDEFINITIONSHAPE($,$,(#1888));
#1890= IFCCARTESIANPOINT((53628.5980794302,27012.7270950052,11029.0007692049));
#1891= IFCDIRECTION((5.75240000159749E-05,-0.999999998345495,0.));
#1892= IFCAXIS2PLACEMENT3D(#1890,#129,#1891);
#1893= IFCLOCALPLACEMENT(#42,#1892);
#1894= IFCPLATE('0bS$xiXcTFYQVr9wB2FMz$',#44,'PLATE-25','PL25*440',$,#1893,#1889,'ID2573feec-8667-4f89-a7f5-27a2c23d6f7f');
#1895= IFCPLATETYPE('3x9N7uGPX7_8Bcul12aqMu',#5,'PL25*440',$,$,$,$,$,$,.NOTDEFINED.);
#1896= IFCPROPERTYSINGLEVALUE('Bottom elevation',$,IFCLABEL(' +9.329'),$);
#1897= IFCPROPERTYSINGLEVALUE('Top elevation',$,IFCLABEL(' +11.029'),$);
#1898= IFCPROPERTYSINGLEVALUE('Preliminary mark',$,IFCLABEL('5-1-P11(?)'),$);
#1899= IFCPROPERTYSINGLEVALUE('Class',$,IFCLABEL('20'),$);
#1900= IFCPROPERTYSET('0J7IAIeLD1ig6jU6vm5t$6',#5,'Tekla Common','Common Properties to Shared building elements',(#1896,#1897,#1009,#1898,#1011,#1899));
#1901= IFCPROPERTYSINGLEVALUE('Weight',$,IFCMASSMEASURE(146.8),$);
#1902= IFCPROPERTYSINGLEVALUE('Volume',$,IFCVOLUMEMEASURE(0.019),$);
#1903= IFCPROPERTYSINGLEVALUE('Gross footprint area',$,IFCAREAMEASURE(0.011),$);
#1904= IFCPROPERTYSINGLEVALUE('Area per tons',$,IFCAREAMEASURE(10.92),$);
#1905= IFCPROPERTYSINGLEVALUE('Net surface area',$,IFCAREAMEASURE(1.603),$);
#1906= IFCPROPERTYSINGLEVALUE('Height',$,IFCLENGTHMEASURE(440.),$);
#1907= IFCPROPERTYSINGLEVALUE('Width',$,IFCLENGTHMEASURE(25.),$);
#1908= IFCPROPERTYSINGLEVALUE('Length',$,IFCLENGTHMEASURE(1700.),$);
#1909= IFCPROPERTYSET('3lo2wHeDj1FwdY59F33K84',#5,'Tekla Quantity','Quantity Properties to Shared building elements',(#1901,#1902,#1903,#1904,#1905,#1906,#1907,#1908));
#1910= IFCPROPERTYSINGLEVALUE('Reference',$,IFCIDENTIFIER('5-1-P11'),$);
#1911= IFCPROPERTYSET('1H9Ce9sLj5NgBXP$WybdR6',#5,'Pset_PlateCommon','Common Properties to plate elements',(#1023,#1910));
#1912= IFCQUANTITYLENGTH('Width',$,$,440.002441405666);
#1913= IFCQUANTITYAREA('NetArea',$,$,1.60300842285158);
#1914= IFCQUANTITYAREA('GrossArea',$,$,0.748004150389636);
#1915= IFCQUANTITYAREA('CrossSectionArea',$,$,0.000625);
#1916= IFCQUANTITYVOLUME('NetVolume',$,$,0.0187001037597658);
#1917= IFCQUANTITYVOLUME('GrossVolume',$,$,0.0187001037597658);
#1918= IFCELEMENTQUANTITY('21PpR3nrr2WAuX34PxjuyP',#5,'BaseQuantities',$,$,(#1912,#1913,#1914,#1915,#1916,#1917));
#1919= IFCRELAGGREGATES('2fOl$Ue1P6$hr4y1efjOCB',#5,$,$,#37,(#39));
#1920= IFCRELAGGREGATES('1MJDc8tXbAOhPo8HIbDUoZ',#5,$,$,#39,(#41));
#1921= IFCRELAGGREGATES('0RXuhGm7v8ePCrNdEGg6$f',#5,$,$,#41,(#43));
#1922= IFCRELCONTAINEDINSPATIALSTRUCTURE('2$ONLCCUb1TRzILupq7R8R',#5,$,$,(#1894,#1846,#1782,#1731,#1714,#1703,#1670,#1646,#1634,#1601,#1574,#1568,#1538,#1449,#1386,#1297,#1183,#1113,#1005,#873,#546,#539,#532,#525,#513,#433,#426,#419,#412,#405,#393,#313,#306,#299,#292,#285,#278,#271,#264,#257,#250,#243,#236,#229,#222,#215,#208,#201,#194,#187,#180,#173,#166,#159,#133),#43);
#1923= IFCRELDEFINESBYPROPERTIES('0WoiniriL6SOIQUFmc_amv',#5,$,$,(#313,#306,#299,#292,#285,#278,#271,#264,#257,#250,#243,#236,#229,#222,#215,#208,#201,#194,#187,#180,#173,#166,#159,#133),#151);
#1924= IFCRELDEFINESBYPROPERTIES('3llXXy5lr1vvr3LNvvxQwL',#5,$,$,(#546,#539,#532,#433,#426,#419,#412,#405,#393),#398);
#1925= IFCRELDEFINESBYPROPERTIES('0nq01KdE16dBUA$EVjfZAu',#5,$,$,(#525,#513),#518);
#1926= IFCRELDEFINESBYPROPERTIES('0vLHPvbm5Ang2LzNqtojRs',#5,$,$,(#873),#883);
#1927= IFCRELDEFINESBYPROPERTIES('3SIxJaiazDHeL69NiUFSxJ',#5,$,$,(#1005),#1013);
#1928= IFCRELDEFINESBYPROPERTIES('2ArLYOQnDFFgFyI6rxT_Et',#5,$,$,(#1574,#1005),#1022);
#1929= IFCRELDEFINESBYPROPERTIES('2ZKj1tGMTEvPYKQpn3ZTBd',#5,$,$,(#1005),#1025);
#1930= IFCRELDEFINESBYPROPERTIES('0gm$g7rtbEOwFkyuQDW80w',#5,$,$,(#1574,#1005),#1032);
#1931= IFCRELDEFINESBYPROPERTIES('3f2WaibbbF9fgrxQTKBgRF',#5,$,$,(#1183,#1113),#1116);
#1932= IFCRELDEFINESBYPROPERTIES('0aeFuPvnHB8RWSC9m1iCPe',#5,$,$,(#1183,#1113),#1122);
#1933= IFCRELDEFINESBYPROPERTIES('0cWnpFLs1CnuUaSflgIw3W',#5,$,$,(#1183,#1113),#1124);
#1934= IFCRELDEFINESBYPROPERTIES('3VP6ZBKWPBwQ3V1OrU0_d_',#5,$,$,(#1113),#1130);
#1935= IFCRELDEFINESBYPROPERTIES('0DI82jqVLC8AGn5OXbnnxm',#5,$,$,(#1183),#1189);
#1936= IFCRELDEFINESBYPROPERTIES('12k9q7vh5C8AuEi1MZsrT7',#5,$,$,(#1297),#1301);
#1937= IFCRELDEFINESBYPROPERTIES('2AgDikzkD5jAltW2WL4Rlo',#5,$,$,(#1646,#1297),#1307);
#1938= IFCRELDEFINESBYPROPERTIES('0zFXpdcsT2whgZz049dFIB',#5,$,$,(#1297),#1309);
#1939= IFCRELDEFINESBYPROPERTIES('3VIeoh1hDBiAdID7zym7Lq',#5,$,$,(#1646,#1297),#1315);
#1940= IFCRELDEFINESBYPROPERTIES('3kIy2k6knABgkEBAE4ltd1',#5,$,$,(#1449,#1386),#1388);
#1941= IFCRELDEFINESBYPROPERTIES('3aTv$Lpe56nf1yP_dfgNEI',#5,$,$,(#1449,#1386),#1393);
#1942= IFCRELDEFINESBYPROPERTIES('0PJAzNRWDAMQsE9_5q7VIM',#5,$,$,(#1449,#1386),#1395);
#1943= IFCRELDEFINESBYPROPERTIES('192E2Bb9X7ThKpX6KyYnwC',#5,$,$,(#1386),#1401);
#1944= IFCRELDEFINESBYPROPERTIES('34Wu8AQ315q9vVrospQx6p',#5,$,$,(#1449),#1454);
#1945= IFCRELDEFINESBYPROPERTIES('2VNO_us8j64OqGLfab4iJl',#5,$,$,(#1568,#1538),#1544);
#1946= IFCRELDEFINESBYPROPERTIES('2APJMlMuT098D797tRJPC8',#5,$,$,(#1568,#1538),#1553);
#1947= IFCRELDEFINESBYPROPERTIES('1wKfDLbtD53uzyza1rkO1E',#5,$,$,(#1568,#1538),#1555);
#1948= IFCRELDEFINESBYPROPERTIES('38lMB7tqD1OBsCXv9xUT89',#5,$,$,(#1568,#1538),#1562);
#1949= IFCRELDEFINESBYPROPERTIES('2wFwCTQ6z0kOWfMBmem8M_',#5,$,$,(#1574),#1578);
#1950= IFCRELDEFINESBYPROPERTIES('2u$b172Ob29Q4v2gxRXtAJ',#5,$,$,(#1574),#1580);
#1951= IFCRELDEFINESBYPROPERTIES('31S8aa2vHETB$fUKzZV$Pn',#5,$,$,(#1634,#1601),#1603);
#1952= IFCRELDEFINESBYPROPERTIES('2LXJMb$TbDCvmR6g7dz78x',#5,$,$,(#1634,#1601),#1608);
#1953= IFCRELDEFINESBYPROPERTIES('0zrBAiLmzCnv1rYFpx3C7$',#5,$,$,(#1634,#1601),#1610);
#1954= IFCRELDEFINESBYPROPERTIES('0Wzf9rZTvBHwrndGql0Qi_',#5,$,$,(#1601),#1616);
#1955= IFCRELDEFINESBYPROPERTIES('3DqBWn9oD0SxWGPJqKlP9i',#5,$,$,(#1634),#1640);
#1956= IFCRELDEFINESBYPROPERTIES('0QGyEoez11Mwm3whlbTfTd',#5,$,$,(#1646),#1650);
#1957= IFCRELDEFINESBYPROPERTIES('1W_uGYo1DEswP4rnE41o4v',#5,$,$,(#1646),#1652);
#1958= IFCRELDEFINESBYPROPERTIES('3RSjlTtX54VhIyamJ2tB5$',#5,$,$,(#1703,#1670),#1672);
#1959= IFCRELDEFINESBYPROPERTIES('1mhbr2tHTFPw9p4UZzJECj',#5,$,$,(#1703,#1670),#1677);
#1960= IFCRELDEFINESBYPROPERTIES('3w67CZ8$98jOL$hmrz$Aj2',#5,$,$,(#1703,#1670),#1679);
#1961= IFCRELDEFINESBYPROPERTIES('3SNiaO4Nv6F9kI27FG8tPg',#5,$,$,(#1670),#1685);
#1962= IFCRELDEFINESBYPROPERTIES('3CMpodsbbBzgsawSN$Tkk8',#5,$,$,(#1703),#1708);
#1963= IFCRELDEFINESBYPROPERTIES('0HvZlTEoD4lRLUhGInZUCG',#5,$,$,(#1731,#1714),#1718);
#1964= IFCRELDEFINESBYPROPERTIES('2ip9edtuLAE9_AsJE7$RwR',#5,$,$,(#1731,#1714),#1720);
#1965= IFCRELDEFINESBYPROPERTIES('0l_TCyhxv1BgtyDKiUIFJL',#5,$,$,(#1731,#1714),#1722);
#1966= IFCRELDEFINESBYPROPERTIES('0szJiogkf5JPlZmWDeWo$B',#5,$,$,(#1731,#1714),#1725);
#1967= IFCRELDEFINESBYPROPERTIES('0qbTAFGzj36f5PNGezrJ8T',#5,$,$,(#1782),#1788);
#1968= IFCRELDEFINESBYPROPERTIES('2aJMrKeUXEOemtofwWqA_i',#5,$,$,(#1846,#1782),#1797);
#1969= IFCRELDEFINESBYPROPERTIES('2s_cAvcL1FdBHxGCcmZR4n',#5,$,$,(#1846,#1782),#1799);
#1970= IFCRELDEFINESBYPROPERTIES('2K$WAQfu5DlRrrGuIv$$2T',#5,$,$,(#1782),#1806);
#1971= IFCRELDEFINESBYPROPERTIES('3oVyeUkrX9d9baNWvDd97N',#5,$,$,(#1846),#1849);
#1972= IFCRELDEFINESBYPROPERTIES('1ykHML2aPFIx6sc0uLM1tw',#5,$,$,(#1846),#1854);
#1973= IFCRELDEFINESBYPROPERTIES('3Y$wnPUEPD9xNgAfmv3n61',#5,$,$,(#1894),#1900);
#1974= IFCRELDEFINESBYPROPERTIES('12nBEG0kz7qPR8c2vSEsaE',#5,$,$,(#1894),#1909);
#1975= IFCRELDEFINESBYPROPERTIES('0UNC5ggPzCcOnEHTo4sw2w',#5,$,$,(#1894),#1911);
#1976= IFCRELDEFINESBYPROPERTIES('31VrXCzhX2Pu$4_rQc5AL2',#5,$,$,(#1894),#1918);
#1977= IFCRELDEFINESBYTYPE('2fniL4$_f1lBkdJ3baK0fT',#5,$,$,(#873,#546,#539,#532,#525,#513,#433,#426,#419,#412,#405,#393,#313,#306,#299,#292,#285,#278,#271,#264,#257,#250,#243,#236,#229,#222,#215,#208,#201,#194,#187,#180,#173,#166,#159,#133),#134);
#1978= IFCRELDEFINESBYTYPE('0m51W77W5CWvwMVsQuqRvB',#5,$,$,(#1646,#1574,#1297,#1005),#1006);
#1979= IFCRELDEFINESBYTYPE('0Mqroeasn57RqX_T8NzR4f',#5,$,$,(#1703,#1670,#1634,#1601,#1449,#1386,#1183,#1113),#1114);
#1980= IFCRELDEFINESBYTYPE('1aiddwgSbCFebhArGWN8_0',#5,$,$,(#1731,#1714,#1568,#1538),#1539);
#1981= IFCRELDEFINESBYTYPE('3jftQgTNnCyvFepWsryKfi',#5,$,$,(#1846,#1782),#1783);
#1982= IFCRELDEFINESBYTYPE('3gIiCQkS542QoeDCOkFv9Y',#5,$,$,(#1894),#1895);
#1983= IFCRELASSOCIATESMATERIAL('23AoefZar7owa17FPDN_tL',#5,$,$,(#546,#539,#532,#525,#513,#433,#426,#419,#412,#405,#393,#313,#306,#299,#292,#285,#278,#271,#264,#257,#250,#243,#236,#229,#222,#215,#208,#201,#194,#187,#180,#173,#166,#159,#133),#152);
#1984= IFCRELASSOCIATESMATERIAL('26Agyc6jf9wRKasuINrxBi',#5,$,$,(#873),#884);
#1985= IFCRELASSOCIATESMATERIAL('3JKeZjaU983w2C5QrqmAg8',#5,$,$,(#1894,#1846,#1782,#1731,#1714,#1703,#1670,#1646,#1634,#1601,#1574,#1568,#1538,#1449,#1386,#1297,#1183,#1113,#1005),#1033);
#1986= IFCPRESENTATIONLAYERASSIGNMENT('BoltArray',$,(#126,#154,#161,#168,#175,#182,#189,#196,#203,#210,#217,#224,#231,#238,#245,#252,#259,#266,#273,#280,#287,#294,#301,#308,#386,#400,#407,#414,#421,#428,#506,#520,#527,#534,#541,#866),$);
#1987= IFCPRESENTATIONLAYERASSIGNMENT('PLATE-8',$,(#998,#1108,#1178,#1292,#1381,#1444,#1569,#1596,#1629,#1641,#1665,#1698),$);
#1988= IFCPRESENTATIONLAYERASSIGNMENT('PLATE-12',$,(#1533,#1563,#1709,#1726),$);
#1989= IFCPRESENTATIONLAYERASSIGNMENT('PLATE-18',$,(#1775,#1839),$);
#1990= IFCPRESENTATIONLAYERASSIGNMENT('PLATE-25',$,(#1888),$);
ENDSEC;

END-ISO-10303-21;
