ISO-10303-21;
HEADER;
FILE_DESCRIPTION(('ViewDefinition[CoordinationView_V2.0, QuantityTakeOffAddOnView]', 'ExchangeRequirement[Structural, SurfaceGeometry]', 'Option [BaseQuantities:On]', 'Option [GridExport:On]', 'Option [Assemblies:Off]', 'Option [Bolts:On]', 'Option [Rebars:On]', 'Option [PourObjects:Off]', 'Option [Welds:Off]', 'Option [SurfaceTreatments:On]', 'Option [LocationBy:0]', 'Option [ViewColors:Off]', 'Option [SectionedSpine:Off]', 'Option [PropertySets:On]', 'Option [Export all:Off]'),'2;1');
FILE_NAME('5-1-A5.ifc','2026-03-10T09:15:05',('DESKTOP-NLV509P\\Ahmed'),('Structural Designer'),'IFC Parser version: 3.13.2','Tekla Structures 2023 Service Pack 8, IFC Export Version: 4.0.0.0 Jan 19 2024','');
FILE_SCHEMA(('IFC2X3'));
ENDSEC;

DATA;
#1= IFCPERSON('DESKTOP-NLV509P\\Ahmed','Undefined',$,$,$,$,$,$);
#2= IFCORGANIZATION($,'Trimble Solutions Corporation',$,$,$);
#3= IFCPERSONANDORGANIZATION(#1,#2,$);
#4= IFCAPPLICATION(#2,'2023 Service Pack 8','Tekla Structures','Multi material modeling');
#5= IFCOWNERHISTORY(#3,#4,$,.NOCHANGE.,$,$,$,1773123305);
#6= IFCCARTESIANPOINT((0.,0.,0.));
#7= IFCDIRECTION((1.,0.,0.));
#8= IFCDIRECTION((0.,1.,0.));
#9= IFCDIRECTION((0.,0.,1.));
#10= IFCAXIS2PLACEMENT3D(#6,#9,#7);
#11= IFCGEOMETRICREPRESENTATIONCONTEXT($,'Model',3,1.E-05,#10,$);
#12= IFCGEOMETRICREPRESENTATIONSUBCONTEXT('Body','Model',*,*,*,*,#11,$,.MODEL_VIEW.,$);
#13= IFCGEOMETRICREPRESENTATIONSUBCONTEXT('Axis','Model',*,*,*,*,#11,$,.GRAPH_VIEW.,$);
#14= IFCGEOMETRICREPRESENTATIONSUBCONTEXT('FootPrint','Model',*,*,*,*,#11,$,.MODEL_VIEW.,$);
#15= IFCSIUNIT(*,.LENGTHUNIT.,.MILLI.,.METRE.);
#16= IFCMEASUREWITHUNIT(IFCRATIOMEASURE(304.8),#15);
#17= IFCDIMENSIONALEXPONENTS(1,0,0,0,0,0,0);
#18= IFCCONVERSIONBASEDUNIT(#17,.LENGTHUNIT.,'FOOT',#16);
#19= IFCSIUNIT(*,.AREAUNIT.,$,.SQUARE_METRE.);
#20= IFCMEASUREWITHUNIT(IFCRATIOMEASURE(0.09290304),#19);
#21= IFCDIMENSIONALEXPONENTS(2,0,0,0,0,0,0);
#22= IFCCONVERSIONBASEDUNIT(#21,.AREAUNIT.,'SQUARE FOOT',#20);
#23= IFCSIUNIT(*,.VOLUMEUNIT.,$,.CUBIC_METRE.);
#24= IFCMEASUREWITHUNIT(IFCRATIOMEASURE(0.028316846592),#23);
#25= IFCDIMENSIONALEXPONENTS(3,0,0,0,0,0,0);
#26= IFCCONVERSIONBASEDUNIT(#25,.VOLUMEUNIT.,'CUBIC FOOT',#24);
#27= IFCSIUNIT(*,.MASSUNIT.,.KILO.,.GRAM.);
#28= IFCSIUNIT(*,.TIMEUNIT.,$,.SECOND.);
#29= IFCSIUNIT(*,.PLANEANGLEUNIT.,$,.RADIAN.);
#30= IFCMEASUREWITHUNIT(IFCRATIOMEASURE(0.0174532925199433),#29);
#31= IFCDIMENSIONALEXPONENTS(0,0,0,0,0,0,0);
#32= IFCCONVERSIONBASEDUNIT(#31,.PLANEANGLEUNIT.,'DEGREE',#30);
#33= IFCSIUNIT(*,.SOLIDANGLEUNIT.,$,.STERADIAN.);
#34= IFCSIUNIT(*,.THERMODYNAMICTEMPERATUREUNIT.,$,.DEGREE_CELSIUS.);
#35= IFCSIUNIT(*,.LUMINOUSINTENSITYUNIT.,$,.LUMEN.);
#36= IFCUNITASSIGNMENT((#15,#19,#23,#27,#28,#29,#33,#34,#35));
#37= IFCPROJECT('03Z42lqOn5HhLl8ed7TJIl',#5,'Undefined',$,$,$,$,(#11),#36);
#38= IFCLOCALPLACEMENT($,#10);
#39= IFCSITE('12lB2ZOaXBWfQmkI3CZ_SE',#5,'Undefined',$,$,#38,$,$,.ELEMENT.,$,$,$,$,$);
#40= IFCLOCALPLACEMENT(#38,#10);
#41= IFCBUILDING('2d$Lc4jobBRxgNiwJyzEip',#5,'Undefined',$,$,#40,$,$,.ELEMENT.,$,$,$);
#42= IFCLOCALPLACEMENT(#40,#10);
#43= IFCBUILDINGSTOREY('3gJPpYF7LCbf7I109fNVl5',#5,'Undefined',$,$,#42,$,$,.ELEMENT.,0.);
#44= IFCOWNERHISTORY(#3,#4,$,.NOCHANGE.,$,$,$,1770840000);
#45= IFCCOLOURRGB($,0.698039215686274,0.4,0.);
#46= IFCSURFACESTYLERENDERING(#45,0.,$,$,$,$,IFCNORMALISEDRATIOMEASURE(0.00390625),IFCSPECULAREXPONENT(10.),.NOTDEFINED.);
#47= IFCSURFACESTYLE('EVENT',.POSITIVE.,(#46));
#48= IFCPRESENTATIONSTYLEASSIGNMENT((#47));
#49= IFCCARTESIANPOINT((7.5,-3.,0.));
#50= IFCCARTESIANPOINT((6.49519052838316,-3.,3.75000000000022));
#51= IFCCARTESIANPOINT((3.74999999999955,-3.,6.49519052838355));
#52= IFCCARTESIANPOINT((-7.77251986200242E-13,-3.,7.5));
#53= IFCCARTESIANPOINT((-3.7500000000009,-3.,6.49519052838277));
#54= IFCCARTESIANPOINT((-6.49519052838394,-3.,3.74999999999888));
#55= IFCCARTESIANPOINT((-7.5,-3.,-1.55450397240048E-12));
#56= IFCCARTESIANPOINT((-6.49519052838238,-3.,-3.75000000000157));
#57= IFCCARTESIANPOINT((-3.74999999999821,-3.,-6.49519052838432));
#58= IFCCARTESIANPOINT((2.32342928591604E-12,-3.,-7.5));
#59= IFCCARTESIANPOINT((3.75000000000224,-3.,-6.495190528382));
#60= IFCCARTESIANPOINT((6.49519052838471,-3.,-3.74999999999753));
#61= IFCCARTESIANPOINT((7.5,3.1,0.));
#62= IFCCARTESIANPOINT((6.49519052838316,3.1,3.75000000000022));
#63= IFCCARTESIANPOINT((3.74999999999955,3.1,6.49519052838355));
#64= IFCCARTESIANPOINT((-7.77251986200242E-13,3.1,7.5));
#65= IFCCARTESIANPOINT((-3.7500000000009,3.1,6.49519052838277));
#66= IFCCARTESIANPOINT((-6.49519052838394,3.1,3.74999999999888));
#67= IFCCARTESIANPOINT((-7.5,3.1,-1.55450397240048E-12));
#68= IFCCARTESIANPOINT((-6.49519052838238,3.1,-3.75000000000157));
#69= IFCCARTESIANPOINT((-3.74999999999821,3.1,-6.49519052838432));
#70= IFCCARTESIANPOINT((2.32342928591604E-12,3.1,-7.5));
#71= IFCCARTESIANPOINT((3.75000000000224,3.1,-6.495190528382));
#72= IFCCARTESIANPOINT((6.49519052838471,3.1,-3.74999999999753));
#73= IFCPOLYLOOP((#49,#50,#51,#52,#53,#54,#55,#56,#57,#58,#59,#60));
#74= IFCFACEOUTERBOUND(#73,.T.);
#75= IFCFACE((#74));
#76= IFCPOLYLOOP((#72,#71,#70,#69,#68,#67,#66,#65,#64,#63,#62,#61));
#77= IFCFACEOUTERBOUND(#76,.T.);
#78= IFCFACE((#77));
#79= IFCPOLYLOOP((#49,#61,#62,#50));
#80= IFCFACEOUTERBOUND(#79,.T.);
#81= IFCFACE((#80));
#82= IFCPOLYLOOP((#50,#62,#63,#51));
#83= IFCFACEOUTERBOUND(#82,.T.);
#84= IFCFACE((#83));
#85= IFCPOLYLOOP((#51,#63,#64,#52));
#86= IFCFACEOUTERBOUND(#85,.T.);
#87= IFCFACE((#86));
#88= IFCPOLYLOOP((#52,#64,#65,#53));
#89= IFCFACEOUTERBOUND(#88,.T.);
#90= IFCFACE((#89));
#91= IFCPOLYLOOP((#53,#65,#66,#54));
#92= IFCFACEOUTERBOUND(#91,.T.);
#93= IFCFACE((#92));
#94= IFCPOLYLOOP((#54,#66,#67,#55));
#95= IFCFACEOUTERBOUND(#94,.T.);
#96= IFCFACE((#95));
#97= IFCPOLYLOOP((#55,#67,#68,#56));
#98= IFCFACEOUTERBOUND(#97,.T.);
#99= IFCFACE((#98));
#100= IFCPOLYLOOP((#56,#68,#69,#57));
#101= IFCFACEOUTERBOUND(#100,.T.);
#102= IFCFACE((#101));
#103= IFCPOLYLOOP((#57,#69,#70,#58));
#104= IFCFACEOUTERBOUND(#103,.T.);
#105= IFCFACE((#104));
#106= IFCPOLYLOOP((#58,#70,#71,#59));
#107= IFCFACEOUTERBOUND(#106,.T.);
#108= IFCFACE((#107));
#109= IFCPOLYLOOP((#59,#71,#72,#60));
#110= IFCFACEOUTERBOUND(#109,.T.);
#111= IFCFACE((#110));
#112= IFCPOLYLOOP((#60,#72,#61,#49));
#113= IFCFACEOUTERBOUND(#112,.T.);
#114= IFCFACE((#113));
#115= IFCCLOSEDSHELL((#75,#78,#81,#84,#87,#90,#93,#96,#99,#102,#105,#108,#111,#114));
#116= IFCCOLOURRGB($,0.,0.,0.);
#117= IFCSURFACESTYLERENDERING(#116,0.,$,$,$,$,IFCNORMALISEDRATIOMEASURE(0.00390625),IFCSPECULAREXPONENT(10.),.NOTDEFINED.);
#118= IFCSURFACESTYLE($,.POSITIVE.,(#117));
#119= IFCPRESENTATIONSTYLEASSIGNMENT((#118));
#120= IFCFACETEDBREP(#115);
#121= IFCSTYLEDITEM(#120,(#119),$);
#122= IFCCARTESIANTRANSFORMATIONOPERATOR3D($,$,#6,$,$);
#123= IFCSHAPEREPRESENTATION(#12,'Body','Brep',(#120));
#124= IFCREPRESENTATIONMAP(#10,#123);
#125= IFCMAPPEDITEM(#124,#122);
#126= IFCSHAPEREPRESENTATION(#12,'Body','MappedRepresentation',(#125));
#127= IFCPRODUCTDEFINITIONSHAPE($,$,(#126));
#128= IFCCARTESIANPOINT((56515.4991149902,-3778.31981498718,10100.5001907349));
#129= IFCDIRECTION((-0.513481812030185,0.,0.858100477050443));
#130= IFCDIRECTION((0.858100477050444,0.,0.513481812030183));
#131= IFCAXIS2PLACEMENT3D(#128,#129,#130);
#132= IFCLOCALPLACEMENT(#42,#131);
#133= IFCMECHANICALFASTENER('1BjTgYea9FJvFd3hllTqAg',#44,'Bolt assembly',$,$,#132,#127,'ID4bb5daa2-a242-4f4f-93e7-0ebbef7742aa',15.,6.);
#134= IFCMECHANICALFASTENERTYPE('2c9dDluY556fRV2_LU_2vr',#5,'Bolt assembly',$,$,$,$,$,$);
#135= IFCPROPERTYSINGLEVALUE('Washer count',$,IFCINTEGER(0),$);
#136= IFCPROPERTYSINGLEVALUE('Washer diameter',$,IFCLENGTHMEASURE(15.),$);
#137= IFCPROPERTYSINGLEVALUE('Washer type',$,IFCLABEL(''),$);
#138= IFCPROPERTYSINGLEVALUE('Washer name',$,IFCLABEL(''),$);
#139= IFCPROPERTYSINGLEVALUE('Nut count',$,IFCINTEGER(0),$);
#140= IFCPROPERTYSINGLEVALUE('Nut type',$,IFCLABEL(''),$);
#141= IFCPROPERTYSINGLEVALUE('Nut name',$,IFCLABEL(''),$);
#142= IFCPROPERTYSINGLEVALUE('Slotted hole y',$,IFCLENGTHMEASURE(0.),$);
#143= IFCPROPERTYSINGLEVALUE('Slotted hole x',$,IFCLENGTHMEASURE(0.),$);
#144= IFCPROPERTYSINGLEVALUE('Bolt hole diameter',$,IFCLENGTHMEASURE(15.),$);
#145= IFCPROPERTYSINGLEVALUE('Location',$,IFCLABEL('Site'),$);
#146= IFCPROPERTYSINGLEVALUE('Bolt count',$,IFCINTEGER(1),$);
#147= IFCPROPERTYSINGLEVALUE('Bolt size',$,IFCLENGTHMEASURE(15.),$);
#148= IFCPROPERTYSINGLEVALUE('Bolt length',$,IFCLENGTHMEASURE(6.),$);
#149= IFCPROPERTYSINGLEVALUE('Bolt standard',$,IFCLABEL('EVENT'),$);
#150= IFCPROPERTYSINGLEVALUE('Bolt Name',$,IFCLABEL(''),$);
#151= IFCPROPERTYSET('09fNbcr8TEyO7tez2otFwn',#5,'Tekla Bolt','Bolt Properties',(#135,#136,#137,#138,#139,#140,#141,#142,#143,#144,#145,#146,#147,#148,#149,#150));
#152= IFCMATERIAL('EVENT');
#153= IFCMAPPEDITEM(#124,#122);
#154= IFCSHAPEREPRESENTATION(#12,'Body','MappedRepresentation',(#153));
#155= IFCPRODUCTDEFINITIONSHAPE($,$,(#154));
#156= IFCCARTESIANPOINT((56515.4991149902,-3778.31981498718,10249.5001907349));
#157= IFCDIRECTION((-0.513481812030185,0.,-0.858100477050443));
#158= IFCDIRECTION((0.858100477050444,0.,-0.513481812030183));
#159= IFCAXIS2PLACEMENT3D(#156,#157,#158);
#160= IFCLOCALPLACEMENT(#42,#159);
#161= IFCMECHANICALFASTENER('0UhdYU6Db9kfHwhdNx2UW4',#44,'Bolt assembly',$,$,#160,#155,'ID1eae789e-18d9-49ba-947a-ae75fb09e804',15.,6.);
#162= IFCMAPPEDITEM(#124,#122);
#163= IFCSHAPEREPRESENTATION(#12,'Body','MappedRepresentation',(#162));
#164= IFCPRODUCTDEFINITIONSHAPE($,$,(#163));
#165= IFCCARTESIANPOINT((56764.4991149902,-3778.31981498718,10249.5001907349));
#166= IFCDIRECTION((-0.858100477050444,0.,-0.513481812030183));
#167= IFCAXIS2PLACEMENT3D(#165,#129,#166);
#168= IFCLOCALPLACEMENT(#42,#167);
#169= IFCMECHANICALFASTENER('2e1FGrljHAQubI52MAIHks',#44,'Bolt assembly',$,$,#168,#164,'IDa804f435-bed4-4a6b-8952-14258a491bb6',15.,6.);
#170= IFCMAPPEDITEM(#124,#122);
#171= IFCSHAPEREPRESENTATION(#12,'Body','MappedRepresentation',(#170));
#172= IFCPRODUCTDEFINITIONSHAPE($,$,(#171));
#173= IFCCARTESIANPOINT((56764.4991149902,-3778.31981498718,10100.5001907349));
#174= IFCDIRECTION((0.513481812030185,0.,0.858100477050443));
#175= IFCDIRECTION((-0.858100477050444,0.,0.513481812030183));
#176= IFCAXIS2PLACEMENT3D(#173,#174,#175);
#177= IFCLOCALPLACEMENT(#42,#176);
#178= IFCMECHANICALFASTENER('3Q4lI3lPbEl9Hmx2Oq9vjF',#44,'Bolt assembly',$,$,#177,#172,'IDda12f483-bd99-4ebc-9470-ec2634279b4f',15.,6.);
#179= IFCCARTESIANPOINT((7.5,-6.,0.));
#180= IFCCARTESIANPOINT((6.49519052838316,-6.,3.75000000000022));
#181= IFCCARTESIANPOINT((3.74999999999955,-6.,6.49519052838355));
#182= IFCCARTESIANPOINT((-7.77251986200242E-13,-6.,7.5));
#183= IFCCARTESIANPOINT((-3.7500000000009,-6.,6.49519052838277));
#184= IFCCARTESIANPOINT((-6.49519052838394,-6.,3.74999999999888));
#185= IFCCARTESIANPOINT((-7.5,-6.,-1.55450397240048E-12));
#186= IFCCARTESIANPOINT((-6.49519052838238,-6.,-3.75000000000157));
#187= IFCCARTESIANPOINT((-3.74999999999821,-6.,-6.49519052838432));
#188= IFCCARTESIANPOINT((2.32342928591604E-12,-6.,-7.5));
#189= IFCCARTESIANPOINT((3.75000000000224,-6.,-6.495190528382));
#190= IFCCARTESIANPOINT((6.49519052838471,-6.,-3.74999999999753));
#191= IFCCARTESIANPOINT((7.5,6.1,0.));
#192= IFCCARTESIANPOINT((6.49519052838316,6.1,3.75000000000022));
#193= IFCCARTESIANPOINT((3.74999999999955,6.1,6.49519052838355));
#194= IFCCARTESIANPOINT((-7.77251986200242E-13,6.1,7.5));
#195= IFCCARTESIANPOINT((-3.7500000000009,6.1,6.49519052838277));
#196= IFCCARTESIANPOINT((-6.49519052838394,6.1,3.74999999999888));
#197= IFCCARTESIANPOINT((-7.5,6.1,-1.55450397240048E-12));
#198= IFCCARTESIANPOINT((-6.49519052838238,6.1,-3.75000000000157));
#199= IFCCARTESIANPOINT((-3.74999999999821,6.1,-6.49519052838432));
#200= IFCCARTESIANPOINT((2.32342928591604E-12,6.1,-7.5));
#201= IFCCARTESIANPOINT((3.75000000000224,6.1,-6.495190528382));
#202= IFCCARTESIANPOINT((6.49519052838471,6.1,-3.74999999999753));
#203= IFCPOLYLOOP((#179,#180,#181,#182,#183,#184,#185,#186,#187,#188,#189,#190));
#204= IFCFACEOUTERBOUND(#203,.T.);
#205= IFCFACE((#204));
#206= IFCPOLYLOOP((#202,#201,#200,#199,#198,#197,#196,#195,#194,#193,#192,#191));
#207= IFCFACEOUTERBOUND(#206,.T.);
#208= IFCFACE((#207));
#209= IFCPOLYLOOP((#179,#191,#192,#180));
#210= IFCFACEOUTERBOUND(#209,.T.);
#211= IFCFACE((#210));
#212= IFCPOLYLOOP((#180,#192,#193,#181));
#213= IFCFACEOUTERBOUND(#212,.T.);
#214= IFCFACE((#213));
#215= IFCPOLYLOOP((#181,#193,#194,#182));
#216= IFCFACEOUTERBOUND(#215,.T.);
#217= IFCFACE((#216));
#218= IFCPOLYLOOP((#182,#194,#195,#183));
#219= IFCFACEOUTERBOUND(#218,.T.);
#220= IFCFACE((#219));
#221= IFCPOLYLOOP((#183,#195,#196,#184));
#222= IFCFACEOUTERBOUND(#221,.T.);
#223= IFCFACE((#222));
#224= IFCPOLYLOOP((#184,#196,#197,#185));
#225= IFCFACEOUTERBOUND(#224,.T.);
#226= IFCFACE((#225));
#227= IFCPOLYLOOP((#185,#197,#198,#186));
#228= IFCFACEOUTERBOUND(#227,.T.);
#229= IFCFACE((#228));
#230= IFCPOLYLOOP((#186,#198,#199,#187));
#231= IFCFACEOUTERBOUND(#230,.T.);
#232= IFCFACE((#231));
#233= IFCPOLYLOOP((#187,#199,#200,#188));
#234= IFCFACEOUTERBOUND(#233,.T.);
#235= IFCFACE((#234));
#236= IFCPOLYLOOP((#188,#200,#201,#189));
#237= IFCFACEOUTERBOUND(#236,.T.);
#238= IFCFACE((#237));
#239= IFCPOLYLOOP((#189,#201,#202,#190));
#240= IFCFACEOUTERBOUND(#239,.T.);
#241= IFCFACE((#240));
#242= IFCPOLYLOOP((#190,#202,#191,#179));
#243= IFCFACEOUTERBOUND(#242,.T.);
#244= IFCFACE((#243));
#245= IFCCLOSEDSHELL((#205,#208,#211,#214,#217,#220,#223,#226,#229,#232,#235,#238,#241,#244));
#246= IFCFACETEDBREP(#245);
#247= IFCSTYLEDITEM(#246,(#119),$);
#248= IFCSHAPEREPRESENTATION(#12,'Body','Brep',(#246));
#249= IFCREPRESENTATIONMAP(#10,#248);
#250= IFCMAPPEDITEM(#249,#122);
#251= IFCSHAPEREPRESENTATION(#12,'Body','MappedRepresentation',(#250));
#252= IFCPRODUCTDEFINITIONSHAPE($,$,(#251));
#253= IFCCARTESIANPOINT((57050.9998779297,-6297.49919700623,10100.5001907349));
#254= IFCDIRECTION((0.,0.51348181203018,0.858100477050446));
#255= IFCDIRECTION((0.,-0.858100477050446,0.513481812030181));
#256= IFCAXIS2PLACEMENT3D(#253,#254,#255);
#257= IFCLOCALPLACEMENT(#42,#256);
#258= IFCMECHANICALFASTENER('0euQELnnD6QfV0vf_fqq61',#44,'Bolt assembly',$,$,#257,#252,'ID28e1a395-c713-466a-97c0-e69fa9d34181',15.,12.);
#259= IFCPROPERTYSINGLEVALUE('Bolt length',$,IFCLENGTHMEASURE(12.),$);
#260= IFCPROPERTYSET('1sRi5bccf0ogriK8l1nVsd',#5,'Tekla Bolt','Bolt Properties',(#135,#136,#137,#138,#139,#140,#141,#142,#143,#144,#145,#146,#147,#259,#149,#150));
#261= IFCMAPPEDITEM(#249,#122);
#262= IFCSHAPEREPRESENTATION(#12,'Body','MappedRepresentation',(#261));
#263= IFCPRODUCTDEFINITIONSHAPE($,$,(#262));
#264= IFCCARTESIANPOINT((57050.9998779297,-6297.49919700623,10249.5001907349));
#265= IFCDIRECTION((0.,0.51348181203018,-0.858100477050446));
#266= IFCDIRECTION((0.,-0.858100477050446,-0.513481812030181));
#267= IFCAXIS2PLACEMENT3D(#264,#265,#266);
#268= IFCLOCALPLACEMENT(#42,#267);
#269= IFCMECHANICALFASTENER('2dAm2cPW14m8FshO3yOw9G',#44,'Bolt assembly',$,$,#268,#263,'IDa72b00a6-6600-44c0-83f6-ad80fc63a250',15.,12.);
#270= IFCMAPPEDITEM(#249,#122);
#271= IFCSHAPEREPRESENTATION(#12,'Body','MappedRepresentation',(#270));
#272= IFCPRODUCTDEFINITIONSHAPE($,$,(#271));
#273= IFCCARTESIANPOINT((57050.9998779297,-6546.49919700623,10249.5001907349));
#274= IFCDIRECTION((0.,0.858100477050446,-0.513481812030181));
#275= IFCAXIS2PLACEMENT3D(#273,#254,#274);
#276= IFCLOCALPLACEMENT(#42,#275);
#277= IFCMECHANICALFASTENER('0yQ34pWGDC8eQ_0037LVMj',#44,'Bolt assembly',$,$,#276,#272,'ID3c683133-8103-4c22-86be-0000c755f5ad',15.,12.);
#278= IFCMAPPEDITEM(#249,#122);
#279= IFCSHAPEREPRESENTATION(#12,'Body','MappedRepresentation',(#278));
#280= IFCPRODUCTDEFINITIONSHAPE($,$,(#279));
#281= IFCCARTESIANPOINT((57050.9998779297,-6546.49919700623,10100.5001907349));
#282= IFCDIRECTION((0.,-0.51348181203018,0.858100477050446));
#283= IFCDIRECTION((0.,0.858100477050446,0.513481812030181));
#284= IFCAXIS2PLACEMENT3D(#281,#282,#283);
#285= IFCLOCALPLACEMENT(#42,#284);
#286= IFCMECHANICALFASTENER('0nIsND9P1CixS2eMVAhXAL',#44,'Bolt assembly',$,$,#285,#280,'ID314b65cd-2590-4cb3-b702-a167caae1295',15.,12.);
#287= IFCCARTESIANPOINT((7.5,-4.,0.));
#288= IFCCARTESIANPOINT((6.49519052838316,-4.,3.75000000000022));
#289= IFCCARTESIANPOINT((3.74999999999955,-4.,6.49519052838355));
#290= IFCCARTESIANPOINT((-7.77251986200242E-13,-4.,7.5));
#291= IFCCARTESIANPOINT((-3.7500000000009,-4.,6.49519052838277));
#292= IFCCARTESIANPOINT((-6.49519052838394,-4.,3.74999999999888));
#293= IFCCARTESIANPOINT((-7.5,-4.,-1.55450397240048E-12));
#294= IFCCARTESIANPOINT((-6.49519052838238,-4.,-3.75000000000157));
#295= IFCCARTESIANPOINT((-3.74999999999821,-4.,-6.49519052838432));
#296= IFCCARTESIANPOINT((2.32342928591604E-12,-4.,-7.5));
#297= IFCCARTESIANPOINT((3.75000000000224,-4.,-6.495190528382));
#298= IFCCARTESIANPOINT((6.49519052838471,-4.,-3.74999999999753));
#299= IFCCARTESIANPOINT((7.5,4.1,0.));
#300= IFCCARTESIANPOINT((6.49519052838316,4.1,3.75000000000022));
#301= IFCCARTESIANPOINT((3.74999999999955,4.1,6.49519052838355));
#302= IFCCARTESIANPOINT((-7.77251986200242E-13,4.1,7.5));
#303= IFCCARTESIANPOINT((-3.7500000000009,4.1,6.49519052838277));
#304= IFCCARTESIANPOINT((-6.49519052838394,4.1,3.74999999999888));
#305= IFCCARTESIANPOINT((-7.5,4.1,-1.55450397240048E-12));
#306= IFCCARTESIANPOINT((-6.49519052838238,4.1,-3.75000000000157));
#307= IFCCARTESIANPOINT((-3.74999999999821,4.1,-6.49519052838432));
#308= IFCCARTESIANPOINT((2.32342928591604E-12,4.1,-7.5));
#309= IFCCARTESIANPOINT((3.75000000000224,4.1,-6.495190528382));
#310= IFCCARTESIANPOINT((6.49519052838471,4.1,-3.74999999999753));
#311= IFCPOLYLOOP((#287,#288,#289,#290,#291,#292,#293,#294,#295,#296,#297,#298));
#312= IFCFACEOUTERBOUND(#311,.T.);
#313= IFCFACE((#312));
#314= IFCPOLYLOOP((#310,#309,#308,#307,#306,#305,#304,#303,#302,#301,#300,#299));
#315= IFCFACEOUTERBOUND(#314,.T.);
#316= IFCFACE((#315));
#317= IFCPOLYLOOP((#287,#299,#300,#288));
#318= IFCFACEOUTERBOUND(#317,.T.);
#319= IFCFACE((#318));
#320= IFCPOLYLOOP((#288,#300,#301,#289));
#321= IFCFACEOUTERBOUND(#320,.T.);
#322= IFCFACE((#321));
#323= IFCPOLYLOOP((#289,#301,#302,#290));
#324= IFCFACEOUTERBOUND(#323,.T.);
#325= IFCFACE((#324));
#326= IFCPOLYLOOP((#290,#302,#303,#291));
#327= IFCFACEOUTERBOUND(#326,.T.);
#328= IFCFACE((#327));
#329= IFCPOLYLOOP((#291,#303,#304,#292));
#330= IFCFACEOUTERBOUND(#329,.T.);
#331= IFCFACE((#330));
#332= IFCPOLYLOOP((#292,#304,#305,#293));
#333= IFCFACEOUTERBOUND(#332,.T.);
#334= IFCFACE((#333));
#335= IFCPOLYLOOP((#293,#305,#306,#294));
#336= IFCFACEOUTERBOUND(#335,.T.);
#337= IFCFACE((#336));
#338= IFCPOLYLOOP((#294,#306,#307,#295));
#339= IFCFACEOUTERBOUND(#338,.T.);
#340= IFCFACE((#339));
#341= IFCPOLYLOOP((#295,#307,#308,#296));
#342= IFCFACEOUTERBOUND(#341,.T.);
#343= IFCFACE((#342));
#344= IFCPOLYLOOP((#296,#308,#309,#297));
#345= IFCFACEOUTERBOUND(#344,.T.);
#346= IFCFACE((#345));
#347= IFCPOLYLOOP((#297,#309,#310,#298));
#348= IFCFACEOUTERBOUND(#347,.T.);
#349= IFCFACE((#348));
#350= IFCPOLYLOOP((#298,#310,#299,#287));
#351= IFCFACEOUTERBOUND(#350,.T.);
#352= IFCFACE((#351));
#353= IFCCLOSEDSHELL((#313,#316,#319,#322,#325,#328,#331,#334,#337,#340,#343,#346,#349,#352));
#354= IFCFACETEDBREP(#353);
#355= IFCSTYLEDITEM(#354,(#119),$);
#356= IFCSHAPEREPRESENTATION(#12,'Body','Brep',(#354));
#357= IFCREPRESENTATIONMAP(#10,#356);
#358= IFCMAPPEDITEM(#357,#122);
#359= IFCSHAPEREPRESENTATION(#12,'Body','MappedRepresentation',(#358));
#360= IFCPRODUCTDEFINITIONSHAPE($,$,(#359));
#361= IFCCARTESIANPOINT((56429.0012854004,-6297.49919700623,10249.5001907349));
#362= IFCAXIS2PLACEMENT3D(#361,#265,#266);
#363= IFCLOCALPLACEMENT(#42,#362);
#364= IFCMECHANICALFASTENER('2ezkGlM8f2RRofQhqYgTtG',#44,'Bolt assembly',$,$,#363,#360,'IDa8f6e42f-588a-426d-bca9-6abd22a9ddd0',15.,8.);
#365= IFCPROPERTYSINGLEVALUE('Bolt length',$,IFCLENGTHMEASURE(8.),$);
#366= IFCPROPERTYSET('3ZZthCul1B_RO4N3CXqU_g',#5,'Tekla Bolt','Bolt Properties',(#135,#136,#137,#138,#139,#140,#141,#142,#143,#144,#145,#146,#147,#365,#149,#150));
#367= IFCMAPPEDITEM(#357,#122);
#368= IFCSHAPEREPRESENTATION(#12,'Body','MappedRepresentation',(#367));
#369= IFCPRODUCTDEFINITIONSHAPE($,$,(#368));
#370= IFCCARTESIANPOINT((56429.0012854004,-6297.49919700623,10100.5001907349));
#371= IFCAXIS2PLACEMENT3D(#370,#254,#255);
#372= IFCLOCALPLACEMENT(#42,#371);
#373= IFCMECHANICALFASTENER('18XuLaovjDyfOKWDp8h79J',#44,'Bolt assembly',$,$,#372,#369,'ID48878564-cb9b-4df2-9614-80dcc8ac7253',15.,8.);
#374= IFCMAPPEDITEM(#357,#122);
#375= IFCSHAPEREPRESENTATION(#12,'Body','MappedRepresentation',(#374));
#376= IFCPRODUCTDEFINITIONSHAPE($,$,(#375));
#377= IFCCARTESIANPOINT((56429.0012854004,-6546.49919700623,10100.5001907349));
#378= IFCAXIS2PLACEMENT3D(#377,#265,#283);
#379= IFCLOCALPLACEMENT(#42,#378);
#380= IFCMECHANICALFASTENER('31Xd7dHGXAHPZbRs1aJZqZ',#44,'Bolt assembly',$,$,#379,#376,'IDc18671e7-4508-4a45-98e5-6f60644e3d23',15.,8.);
#381= IFCMAPPEDITEM(#357,#122);
#382= IFCSHAPEREPRESENTATION(#12,'Body','MappedRepresentation',(#381));
#383= IFCPRODUCTDEFINITIONSHAPE($,$,(#382));
#384= IFCCARTESIANPOINT((56429.0012854004,-6546.49919700623,10249.5001907349));
#385= IFCDIRECTION((0.,-0.51348181203018,-0.858100477050446));
#386= IFCAXIS2PLACEMENT3D(#384,#385,#274);
#387= IFCLOCALPLACEMENT(#42,#386);
#388= IFCMECHANICALFASTENER('3XdSPtA5n0xPM_exys7Mjh',#44,'Bolt assembly',$,$,#387,#383,'IDe19dc677-285c-40ed-95be-a3bf361d6b6b',15.,8.);
#389= IFCMAPPEDITEM(#357,#122);
#390= IFCSHAPEREPRESENTATION(#12,'Body','MappedRepresentation',(#389));
#391= IFCPRODUCTDEFINITIONSHAPE($,$,(#390));
#392= IFCCARTESIANPOINT((54204.1612854004,-5879.49919700621,10054.0001907349));
#393= IFCDIRECTION((-0.858100477050451,-0.513481812030171,0.));
#394= IFCDIRECTION((-0.513481812030171,0.858100477050451,0.));
#395= IFCAXIS2PLACEMENT3D(#392,#393,#394);
#396= IFCLOCALPLACEMENT(#42,#395);
#397= IFCMECHANICALFASTENER('3MRqaQ0X15GPJV$L_dIuIx',#44,'Bolt assembly',$,$,#396,#391,'IDd66f491a-0210-4541-94df-fd5fa74b84bb',15.,8.);
#398= IFCMAPPEDITEM(#357,#122);
#399= IFCSHAPEREPRESENTATION(#12,'Body','MappedRepresentation',(#398));
#400= IFCPRODUCTDEFINITIONSHAPE($,$,(#399));
#401= IFCCARTESIANPOINT((54055.1612854004,-5879.49919700621,10054.0001907349));
#402= IFCDIRECTION((0.858100477050451,-0.513481812030171,0.));
#403= IFCDIRECTION((0.513481812030171,0.858100477050451,0.));
#404= IFCAXIS2PLACEMENT3D(#401,#402,#403);
#405= IFCLOCALPLACEMENT(#42,#404);
#406= IFCMECHANICALFASTENER('389Q5YWHn7FAn1al_n8VRp',#44,'Bolt assembly',$,$,#405,#400,'IDc825a162-811c-473c-ac41-92ffb121f6f3',15.,8.);
#407= IFCMAPPEDITEM(#357,#122);
#408= IFCSHAPEREPRESENTATION(#12,'Body','MappedRepresentation',(#407));
#409= IFCPRODUCTDEFINITIONSHAPE($,$,(#408));
#410= IFCCARTESIANPOINT((54055.1612854004,-5630.49919700621,10054.0001907349));
#411= IFCDIRECTION((0.513481812030171,-0.858100477050451,0.));
#412= IFCAXIS2PLACEMENT3D(#410,#393,#411);
#413= IFCLOCALPLACEMENT(#42,#412);
#414= IFCMECHANICALFASTENER('1ZRhdxl9L08gDa_S9INyNL',#44,'Bolt assembly',$,$,#413,#409,'ID636eb9fb-bc95-4022-a364-f9c2525fc5d5',15.,8.);
#415= IFCMAPPEDITEM(#357,#122);
#416= IFCSHAPEREPRESENTATION(#12,'Body','MappedRepresentation',(#415));
#417= IFCPRODUCTDEFINITIONSHAPE($,$,(#416));
#418= IFCCARTESIANPOINT((54204.1612854004,-5630.49919700621,10054.0001907349));
#419= IFCDIRECTION((-0.858100477050451,0.513481812030171,0.));
#420= IFCDIRECTION((-0.513481812030171,-0.858100477050451,0.));
#421= IFCAXIS2PLACEMENT3D(#418,#419,#420);
#422= IFCLOCALPLACEMENT(#42,#421);
#423= IFCMECHANICALFASTENER('0I9l4QTuDE7gpHwIOqkdw0',#44,'Bolt assembly',$,$,#422,#417,'ID1226f11a-7783-4e1e-acd1-e92634ba7e80',15.,8.);
#424= IFCMAPPEDITEM(#357,#122);
#425= IFCSHAPEREPRESENTATION(#12,'Body','MappedRepresentation',(#424));
#426= IFCPRODUCTDEFINITIONSHAPE($,$,(#425));
#427= IFCCARTESIANPOINT((54204.1612854004,-5879.49919700621,10296.0001907349));
#428= IFCAXIS2PLACEMENT3D(#427,#393,#394);
#429= IFCLOCALPLACEMENT(#42,#428);
#430= IFCMECHANICALFASTENER('1YAwvzOCD5mxVtTgjXaExj',#44,'Bolt assembly',$,$,#429,#426,'ID622bae7d-60c3-45c3-b7f7-76ab6190eeed',15.,8.);
#431= IFCMAPPEDITEM(#357,#122);
#432= IFCSHAPEREPRESENTATION(#12,'Body','MappedRepresentation',(#431));
#433= IFCPRODUCTDEFINITIONSHAPE($,$,(#432));
#434= IFCCARTESIANPOINT((54055.1612854004,-5879.49919700621,10296.0001907349));
#435= IFCAXIS2PLACEMENT3D(#434,#402,#403);
#436= IFCLOCALPLACEMENT(#42,#435);
#437= IFCMECHANICALFASTENER('01AGg2DcD0Bfv$kXegVIed',#44,'Bolt assembly',$,$,#436,#433,'ID01290a82-3663-402e-9e7f-ba1a2a7d2a27',15.,8.);
#438= IFCMAPPEDITEM(#357,#122);
#439= IFCSHAPEREPRESENTATION(#12,'Body','MappedRepresentation',(#438));
#440= IFCPRODUCTDEFINITIONSHAPE($,$,(#439));
#441= IFCCARTESIANPOINT((54055.1612854004,-5630.49919700621,10296.0001907349));
#442= IFCAXIS2PLACEMENT3D(#441,#393,#411);
#443= IFCLOCALPLACEMENT(#42,#442);
#444= IFCMECHANICALFASTENER('3tEQ85ezXFew_kmEdEdMfI',#44,'Bolt assembly',$,$,#443,#440,'IDf739a205-a3d8-4fa3-afae-c0e9ce9d6a52',15.,8.);
#445= IFCMAPPEDITEM(#357,#122);
#446= IFCSHAPEREPRESENTATION(#12,'Body','MappedRepresentation',(#445));
#447= IFCPRODUCTDEFINITIONSHAPE($,$,(#446));
#448= IFCCARTESIANPOINT((54204.1612854004,-5630.49919700621,10296.0001907349));
#449= IFCAXIS2PLACEMENT3D(#448,#419,#420);
#450= IFCLOCALPLACEMENT(#42,#449);
#451= IFCMECHANICALFASTENER('0Bp2Frki90fe5sFl4_9TXX',#44,'Bolt assembly',$,$,#450,#447,'ID0bcc23f5-bac2-40a6-8176-3ef13e25d861',15.,8.);
#452= IFCCARTESIANPOINT((7.5,-8.,0.));
#453= IFCCARTESIANPOINT((6.49519052838316,-8.,3.75000000000022));
#454= IFCCARTESIANPOINT((3.74999999999955,-8.,6.49519052838355));
#455= IFCCARTESIANPOINT((-7.77251986200242E-13,-8.,7.5));
#456= IFCCARTESIANPOINT((-3.7500000000009,-8.,6.49519052838277));
#457= IFCCARTESIANPOINT((-6.49519052838394,-8.,3.74999999999888));
#458= IFCCARTESIANPOINT((-7.5,-8.,-1.55450397240048E-12));
#459= IFCCARTESIANPOINT((-6.49519052838238,-8.,-3.75000000000157));
#460= IFCCARTESIANPOINT((-3.74999999999821,-8.,-6.49519052838432));
#461= IFCCARTESIANPOINT((2.32342928591604E-12,-8.,-7.5));
#462= IFCCARTESIANPOINT((3.75000000000224,-8.,-6.495190528382));
#463= IFCCARTESIANPOINT((6.49519052838471,-8.,-3.74999999999753));
#464= IFCCARTESIANPOINT((7.5,8.1,0.));
#465= IFCCARTESIANPOINT((6.49519052838316,8.1,3.75000000000022));
#466= IFCCARTESIANPOINT((3.74999999999955,8.1,6.49519052838355));
#467= IFCCARTESIANPOINT((-7.77251986200242E-13,8.1,7.5));
#468= IFCCARTESIANPOINT((-3.7500000000009,8.1,6.49519052838277));
#469= IFCCARTESIANPOINT((-6.49519052838394,8.1,3.74999999999888));
#470= IFCCARTESIANPOINT((-7.5,8.1,-1.55450397240048E-12));
#471= IFCCARTESIANPOINT((-6.49519052838238,8.1,-3.75000000000157));
#472= IFCCARTESIANPOINT((-3.74999999999821,8.1,-6.49519052838432));
#473= IFCCARTESIANPOINT((2.32342928591604E-12,8.1,-7.5));
#474= IFCCARTESIANPOINT((3.75000000000224,8.1,-6.495190528382));
#475= IFCCARTESIANPOINT((6.49519052838471,8.1,-3.74999999999753));
#476= IFCPOLYLOOP((#452,#453,#454,#455,#456,#457,#458,#459,#460,#461,#462,#463));
#477= IFCFACEOUTERBOUND(#476,.T.);
#478= IFCFACE((#477));
#479= IFCPOLYLOOP((#475,#474,#473,#472,#471,#470,#469,#468,#467,#466,#465,#464));
#480= IFCFACEOUTERBOUND(#479,.T.);
#481= IFCFACE((#480));
#482= IFCPOLYLOOP((#452,#464,#465,#453));
#483= IFCFACEOUTERBOUND(#482,.T.);
#484= IFCFACE((#483));
#485= IFCPOLYLOOP((#453,#465,#466,#454));
#486= IFCFACEOUTERBOUND(#485,.T.);
#487= IFCFACE((#486));
#488= IFCPOLYLOOP((#454,#466,#467,#455));
#489= IFCFACEOUTERBOUND(#488,.T.);
#490= IFCFACE((#489));
#491= IFCPOLYLOOP((#455,#467,#468,#456));
#492= IFCFACEOUTERBOUND(#491,.T.);
#493= IFCFACE((#492));
#494= IFCPOLYLOOP((#456,#468,#469,#457));
#495= IFCFACEOUTERBOUND(#494,.T.);
#496= IFCFACE((#495));
#497= IFCPOLYLOOP((#457,#469,#470,#458));
#498= IFCFACEOUTERBOUND(#497,.T.);
#499= IFCFACE((#498));
#500= IFCPOLYLOOP((#458,#470,#471,#459));
#501= IFCFACEOUTERBOUND(#500,.T.);
#502= IFCFACE((#501));
#503= IFCPOLYLOOP((#459,#471,#472,#460));
#504= IFCFACEOUTERBOUND(#503,.T.);
#505= IFCFACE((#504));
#506= IFCPOLYLOOP((#460,#472,#473,#461));
#507= IFCFACEOUTERBOUND(#506,.T.);
#508= IFCFACE((#507));
#509= IFCPOLYLOOP((#461,#473,#474,#462));
#510= IFCFACEOUTERBOUND(#509,.T.);
#511= IFCFACE((#510));
#512= IFCPOLYLOOP((#462,#474,#475,#463));
#513= IFCFACEOUTERBOUND(#512,.T.);
#514= IFCFACE((#513));
#515= IFCPOLYLOOP((#463,#475,#464,#452));
#516= IFCFACEOUTERBOUND(#515,.T.);
#517= IFCFACE((#516));
#518= IFCCLOSEDSHELL((#478,#481,#484,#487,#490,#493,#496,#499,#502,#505,#508,#511,#514,#517));
#519= IFCFACETEDBREP(#518);
#520= IFCSTYLEDITEM(#519,(#119),$);
#521= IFCSHAPEREPRESENTATION(#12,'Body','Brep',(#519));
#522= IFCREPRESENTATIONMAP(#10,#521);
#523= IFCMAPPEDITEM(#522,#122);
#524= IFCSHAPEREPRESENTATION(#12,'Body','MappedRepresentation',(#523));
#525= IFCPRODUCTDEFINITIONSHAPE($,$,(#524));
#526= IFCCARTESIANPOINT((56764.4991149902,-4897.99971580506,11231.9031596998));
#527= IFCAXIS2PLACEMENT3D(#526,#403,#419);
#528= IFCLOCALPLACEMENT(#42,#527);
#529= IFCMECHANICALFASTENER('3vk35RzBb35ekAHjxVLrdD',#44,'Bolt assembly',$,$,#528,#525,'IDf9b8315b-f4b9-4316-8b8a-46dedf5759cd',15.,16.);
#530= IFCPROPERTYSINGLEVALUE('Bolt length',$,IFCLENGTHMEASURE(16.),$);
#531= IFCPROPERTYSET('3l_SqJslHEWPF$petPKihy',#5,'Tekla Bolt','Bolt Properties',(#135,#136,#137,#138,#139,#140,#141,#142,#143,#144,#145,#146,#147,#530,#149,#150));
#532= IFCMAPPEDITEM(#522,#122);
#533= IFCSHAPEREPRESENTATION(#12,'Body','MappedRepresentation',(#532));
#534= IFCPRODUCTDEFINITIONSHAPE($,$,(#533));
#535= IFCCARTESIANPOINT((56764.4991149902,-4748.99971580506,11231.9031596998));
#536= IFCAXIS2PLACEMENT3D(#535,#411,#393);
#537= IFCLOCALPLACEMENT(#42,#536);
#538= IFCMECHANICALFASTENER('2cZnsyy6jAS9aimrSbh8i1',#44,'Bolt assembly',$,$,#537,#534,'IDa68f1dbc-f06b-4a70-992c-c35725ac8b01',15.,16.);
#539= IFCMAPPEDITEM(#522,#122);
#540= IFCSHAPEREPRESENTATION(#12,'Body','MappedRepresentation',(#539));
#541= IFCPRODUCTDEFINITIONSHAPE($,$,(#540));
#542= IFCCARTESIANPOINT((56515.4991149902,-4748.99971580506,11231.9031596998));
#543= IFCAXIS2PLACEMENT3D(#542,#403,#402);
#544= IFCLOCALPLACEMENT(#42,#543);
#545= IFCMECHANICALFASTENER('0Z04ft7v91lARSbVB2X7XF',#44,'Bolt assembly',$,$,#544,#541,'ID23004a77-1f92-41bc-a6dc-95f2c284784f',15.,16.);
#546= IFCMAPPEDITEM(#522,#122);
#547= IFCSHAPEREPRESENTATION(#12,'Body','MappedRepresentation',(#546));
#548= IFCPRODUCTDEFINITIONSHAPE($,$,(#547));
#549= IFCCARTESIANPOINT((56515.4991149902,-4897.99971580506,11231.9031596998));
#550= IFCDIRECTION((0.858100477050441,0.513481812030188,0.));
#551= IFCAXIS2PLACEMENT3D(#549,#394,#550);
#552= IFCLOCALPLACEMENT(#42,#551);
#553= IFCMECHANICALFASTENER('3YX1fIhdn7IhLaXLXOglha',#44,'Bolt assembly',$,$,#552,#548,'IDe2841a52-ae7c-474a-b564-855858aafae4',15.,16.);
#554= IFCMAPPEDITEM(#522,#122);
#555= IFCSHAPEREPRESENTATION(#12,'Body','MappedRepresentation',(#554));
#556= IFCPRODUCTDEFINITIONSHAPE($,$,(#555));
#557= IFCCARTESIANPOINT((54055.1612854004,-5879.49919700621,11231.9031629878));
#558= IFCAXIS2PLACEMENT3D(#557,#402,#403);
#559= IFCLOCALPLACEMENT(#42,#558);
#560= IFCMECHANICALFASTENER('3vt$paIgj70OravuEH2BLh',#44,'Bolt assembly',$,$,#559,#556,'IDf9dffce4-4aab-4701-8d64-e7839108b56b',15.,16.);
#561= IFCMAPPEDITEM(#522,#122);
#562= IFCSHAPEREPRESENTATION(#12,'Body','MappedRepresentation',(#561));
#563= IFCPRODUCTDEFINITIONSHAPE($,$,(#562));
#564= IFCCARTESIANPOINT((54204.1612854004,-5879.49919700621,11231.9031629878));
#565= IFCAXIS2PLACEMENT3D(#564,#393,#394);
#566= IFCLOCALPLACEMENT(#42,#565);
#567= IFCMECHANICALFASTENER('1YemhI0A18efo0J8y2OTYh',#44,'Bolt assembly',$,$,#566,#563,'ID62a30ad2-00a0-48a2-9c80-4c8f0261d8ab',15.,16.);
#568= IFCMAPPEDITEM(#522,#122);
#569= IFCSHAPEREPRESENTATION(#12,'Body','MappedRepresentation',(#568));
#570= IFCPRODUCTDEFINITIONSHAPE($,$,(#569));
#571= IFCCARTESIANPOINT((54204.1612854004,-5630.49919700621,11231.9031629878));
#572= IFCAXIS2PLACEMENT3D(#571,#402,#420);
#573= IFCLOCALPLACEMENT(#42,#572);
#574= IFCMECHANICALFASTENER('1oS1gGo6LCu9lcBfrmKK9E',#44,'Bolt assembly',$,$,#573,#570,'ID72701a90-c865-4ce0-9be6-2e9d7051424e',15.,16.);
#575= IFCMAPPEDITEM(#522,#122);
#576= IFCSHAPEREPRESENTATION(#12,'Body','MappedRepresentation',(#575));
#577= IFCPRODUCTDEFINITIONSHAPE($,$,(#576));
#578= IFCCARTESIANPOINT((54055.1612854004,-5630.49919700621,11231.9031629878));
#579= IFCAXIS2PLACEMENT3D(#578,#550,#411);
#580= IFCLOCALPLACEMENT(#42,#579);
#581= IFCMECHANICALFASTENER('3nLuv59PrAaxYyVZ7MNzMW',#44,'Bolt assembly',$,$,#580,#577,'IDf1578e45-259d-4a93-b8bc-7e31d65fd5a0',15.,16.);
#582= IFCOWNERHISTORY(#3,#4,$,.NOCHANGE.,$,$,$,1770796800);
#583= IFCSURFACESTYLE('Undefined',.POSITIVE.,(#46));
#584= IFCPRESENTATIONSTYLEASSIGNMENT((#583));
#585= IFCCARTESIANPOINT((14.,42.5005465370632,0.));
#586= IFCCARTESIANPOINT((12.1243556529819,42.5005465370632,7.00000000000042));
#587= IFCCARTESIANPOINT((6.99999999999916,42.5005465370632,12.1243556529826));
#588= IFCCARTESIANPOINT((-1.45087037424045E-12,42.5005465370632,14.));
#589= IFCCARTESIANPOINT((-7.00000000000167,42.5005465370632,12.1243556529812));
#590= IFCCARTESIANPOINT((-12.1243556529833,42.5005465370632,6.99999999999791));
#591= IFCCARTESIANPOINT((-14.,42.5005465370632,-2.9017407484809E-12));
#592= IFCCARTESIANPOINT((-12.1243556529805,42.5005465370632,-7.00000000000293));
#593= IFCCARTESIANPOINT((-6.99999999999666,42.5005465370632,-12.1243556529841));
#594= IFCCARTESIANPOINT((4.3370680003766E-12,42.5005465370632,-14.));
#595= IFCCARTESIANPOINT((7.00000000000418,42.5005465370632,-12.1243556529797));
#596= IFCCARTESIANPOINT((12.1243556529848,42.5005465370632,-6.9999999999954));
#597= IFCCARTESIANPOINT((14.,64.6005465370632,0.));
#598= IFCCARTESIANPOINT((12.1243556529819,64.6005465370632,7.00000000000042));
#599= IFCCARTESIANPOINT((6.99999999999916,64.6005465370632,12.1243556529826));
#600= IFCCARTESIANPOINT((-1.45087037424045E-12,64.6005465370632,14.));
#601= IFCCARTESIANPOINT((-7.00000000000167,64.6005465370632,12.1243556529812));
#602= IFCCARTESIANPOINT((-12.1243556529833,64.6005465370632,6.99999999999791));
#603= IFCCARTESIANPOINT((-14.,64.6005465370632,-2.9017407484809E-12));
#604= IFCCARTESIANPOINT((-12.1243556529805,64.6005465370632,-7.00000000000293));
#605= IFCCARTESIANPOINT((-6.99999999999666,64.6005465370632,-12.1243556529841));
#606= IFCCARTESIANPOINT((4.3370680003766E-12,64.6005465370632,-14.));
#607= IFCCARTESIANPOINT((7.00000000000418,64.6005465370632,-12.1243556529797));
#608= IFCCARTESIANPOINT((12.1243556529848,64.6005465370632,-6.9999999999954));
#609= IFCPOLYLOOP((#585,#586,#587,#588,#589,#590,#591,#592,#593,#594,#595,#596));
#610= IFCFACEOUTERBOUND(#609,.T.);
#611= IFCFACE((#610));
#612= IFCPOLYLOOP((#608,#607,#606,#605,#604,#603,#602,#601,#600,#599,#598,#597));
#613= IFCFACEOUTERBOUND(#612,.T.);
#614= IFCFACE((#613));
#615= IFCPOLYLOOP((#585,#597,#598,#586));
#616= IFCFACEOUTERBOUND(#615,.T.);
#617= IFCFACE((#616));
#618= IFCPOLYLOOP((#586,#598,#599,#587));
#619= IFCFACEOUTERBOUND(#618,.T.);
#620= IFCFACE((#619));
#621= IFCPOLYLOOP((#587,#599,#600,#588));
#622= IFCFACEOUTERBOUND(#621,.T.);
#623= IFCFACE((#622));
#624= IFCPOLYLOOP((#588,#600,#601,#589));
#625= IFCFACEOUTERBOUND(#624,.T.);
#626= IFCFACE((#625));
#627= IFCPOLYLOOP((#589,#601,#602,#590));
#628= IFCFACEOUTERBOUND(#627,.T.);
#629= IFCFACE((#628));
#630= IFCPOLYLOOP((#590,#602,#603,#591));
#631= IFCFACEOUTERBOUND(#630,.T.);
#632= IFCFACE((#631));
#633= IFCPOLYLOOP((#591,#603,#604,#592));
#634= IFCFACEOUTERBOUND(#633,.T.);
#635= IFCFACE((#634));
#636= IFCPOLYLOOP((#592,#604,#605,#593));
#637= IFCFACEOUTERBOUND(#636,.T.);
#638= IFCFACE((#637));
#639= IFCPOLYLOOP((#593,#605,#606,#594));
#640= IFCFACEOUTERBOUND(#639,.T.);
#641= IFCFACE((#640));
#642= IFCPOLYLOOP((#594,#606,#607,#595));
#643= IFCFACEOUTERBOUND(#642,.T.);
#644= IFCFACE((#643));
#645= IFCPOLYLOOP((#595,#607,#608,#596));
#646= IFCFACEOUTERBOUND(#645,.T.);
#647= IFCFACE((#646));
#648= IFCPOLYLOOP((#596,#608,#597,#585));
#649= IFCFACEOUTERBOUND(#648,.T.);
#650= IFCFACE((#649));
#651= IFCCLOSEDSHELL((#611,#614,#617,#620,#623,#626,#629,#632,#635,#638,#641,#644,#647,#650));
#652= IFCFACETEDBREP(#651);
#653= IFCSTYLEDITEM(#652,(#119),$);
#654= IFCSHAPEREPRESENTATION(#12,'Body','Brep',(#652));
#655= IFCREPRESENTATIONMAP(#10,#654);
#656= IFCMAPPEDITEM(#655,#122);
#657= IFCSHAPEREPRESENTATION(#12,'Body','MappedRepresentation',(#656));
#658= IFCPRODUCTDEFINITIONSHAPE($,$,(#657));
#659= IFCCARTESIANPOINT((56693.4996615273,-4823.50045329902,11359.999701335));
#660= IFCDIRECTION((0.,0.,-1.));
#661= IFCDIRECTION((0.,-1.,0.));
#662= IFCAXIS2PLACEMENT3D(#659,#660,#661);
#663= IFCLOCALPLACEMENT(#42,#662);
#664= IFCMECHANICALFASTENER('2pHGGl1AD2lRLx3EH4bOoa',#582,'Bolt assembly',$,$,#663,#658,'IDb345042f-04a3-42bd-b57b-0ce444958ca4',26.,22.);
#665= IFCPROPERTYSINGLEVALUE('Washer diameter',$,IFCLENGTHMEASURE(26.),$);
#666= IFCPROPERTYSINGLEVALUE('Washer type',$,IFCLABEL('PLAIN'),$);
#667= IFCPROPERTYSINGLEVALUE('Nut type',$,IFCLABEL('HEAVY_HEX'),$);
#668= IFCPROPERTYSINGLEVALUE('Bolt hole diameter',$,IFCLENGTHMEASURE(28.),$);
#669= IFCPROPERTYSINGLEVALUE('Bolt size',$,IFCLENGTHMEASURE(28.),$);
#670= IFCPROPERTYSINGLEVALUE('Bolt length',$,IFCLENGTHMEASURE(22.),$);
#671= IFCPROPERTYSINGLEVALUE('Bolt standard',$,IFCLABEL(''),$);
#672= IFCPROPERTYSET('3BwS2C3Uz3kAf8D32EEoYf',#5,'Tekla Bolt','Bolt Properties',(#135,#665,#666,#138,#139,#667,#141,#142,#143,#668,#145,#146,#669,#670,#671,#150));
#673= IFCMATERIAL('Undefined');
#674= IFCCARTESIANPOINT((14.,37.4863702908769,0.));
#675= IFCCARTESIANPOINT((12.1243556529819,37.4863702908769,7.00000000000042));
#676= IFCCARTESIANPOINT((6.99999999999916,37.4863702908769,12.1243556529826));
#677= IFCCARTESIANPOINT((-1.45087037424045E-12,37.4863702908769,14.));
#678= IFCCARTESIANPOINT((-7.00000000000167,37.4863702908769,12.1243556529812));
#679= IFCCARTESIANPOINT((-12.1243556529833,37.4863702908769,6.99999999999791));
#680= IFCCARTESIANPOINT((-14.,37.4863702908769,-2.9017407484809E-12));
#681= IFCCARTESIANPOINT((-12.1243556529805,37.4863702908769,-7.00000000000293));
#682= IFCCARTESIANPOINT((-6.99999999999666,37.4863702908769,-12.1243556529841));
#683= IFCCARTESIANPOINT((4.3370680003766E-12,37.4863702908769,-14.));
#684= IFCCARTESIANPOINT((7.00000000000418,37.4863702908769,-12.1243556529797));
#685= IFCCARTESIANPOINT((12.1243556529848,37.4863702908769,-6.9999999999954));
#686= IFCCARTESIANPOINT((14.,59.5863702908769,0.));
#687= IFCCARTESIANPOINT((12.1243556529819,59.5863702908769,7.00000000000042));
#688= IFCCARTESIANPOINT((6.99999999999916,59.5863702908769,12.1243556529826));
#689= IFCCARTESIANPOINT((-1.45087037424045E-12,59.5863702908769,14.));
#690= IFCCARTESIANPOINT((-7.00000000000167,59.5863702908769,12.1243556529812));
#691= IFCCARTESIANPOINT((-12.1243556529833,59.5863702908769,6.99999999999791));
#692= IFCCARTESIANPOINT((-14.,59.5863702908769,-2.9017407484809E-12));
#693= IFCCARTESIANPOINT((-12.1243556529805,59.5863702908769,-7.00000000000293));
#694= IFCCARTESIANPOINT((-6.99999999999666,59.5863702908769,-12.1243556529841));
#695= IFCCARTESIANPOINT((4.3370680003766E-12,59.5863702908769,-14.));
#696= IFCCARTESIANPOINT((7.00000000000418,59.5863702908769,-12.1243556529797));
#697= IFCCARTESIANPOINT((12.1243556529848,59.5863702908769,-6.9999999999954));
#698= IFCPOLYLOOP((#674,#675,#676,#677,#678,#679,#680,#681,#682,#683,#684,#685));
#699= IFCFACEOUTERBOUND(#698,.T.);
#700= IFCFACE((#699));
#701= IFCPOLYLOOP((#697,#696,#695,#694,#693,#692,#691,#690,#689,#688,#687,#686));
#702= IFCFACEOUTERBOUND(#701,.T.);
#703= IFCFACE((#702));
#704= IFCPOLYLOOP((#674,#686,#687,#675));
#705= IFCFACEOUTERBOUND(#704,.T.);
#706= IFCFACE((#705));
#707= IFCPOLYLOOP((#675,#687,#688,#676));
#708= IFCFACEOUTERBOUND(#707,.T.);
#709= IFCFACE((#708));
#710= IFCPOLYLOOP((#676,#688,#689,#677));
#711= IFCFACEOUTERBOUND(#710,.T.);
#712= IFCFACE((#711));
#713= IFCPOLYLOOP((#677,#689,#690,#678));
#714= IFCFACEOUTERBOUND(#713,.T.);
#715= IFCFACE((#714));
#716= IFCPOLYLOOP((#678,#690,#691,#679));
#717= IFCFACEOUTERBOUND(#716,.T.);
#718= IFCFACE((#717));
#719= IFCPOLYLOOP((#679,#691,#692,#680));
#720= IFCFACEOUTERBOUND(#719,.T.);
#721= IFCFACE((#720));
#722= IFCPOLYLOOP((#680,#692,#693,#681));
#723= IFCFACEOUTERBOUND(#722,.T.);
#724= IFCFACE((#723));
#725= IFCPOLYLOOP((#681,#693,#694,#682));
#726= IFCFACEOUTERBOUND(#725,.T.);
#727= IFCFACE((#726));
#728= IFCPOLYLOOP((#682,#694,#695,#683));
#729= IFCFACEOUTERBOUND(#728,.T.);
#730= IFCFACE((#729));
#731= IFCPOLYLOOP((#683,#695,#696,#684));
#732= IFCFACEOUTERBOUND(#731,.T.);
#733= IFCFACE((#732));
#734= IFCPOLYLOOP((#684,#696,#697,#685));
#735= IFCFACEOUTERBOUND(#734,.T.);
#736= IFCFACE((#735));
#737= IFCPOLYLOOP((#685,#697,#686,#674));
#738= IFCFACEOUTERBOUND(#737,.T.);
#739= IFCFACE((#738));
#740= IFCCLOSEDSHELL((#700,#703,#706,#709,#712,#715,#718,#721,#724,#727,#730,#733,#736,#739));
#741= IFCFACETEDBREP(#740);
#742= IFCSTYLEDITEM(#741,(#119),$);
#743= IFCSHAPEREPRESENTATION(#12,'Body','Brep',(#741));
#744= IFCREPRESENTATIONMAP(#10,#743);
#745= IFCMAPPEDITEM(#744,#122);
#746= IFCSHAPEREPRESENTATION(#12,'Body','MappedRepresentation',(#745));
#747= IFCPRODUCTDEFINITIONSHAPE($,$,(#746));
#748= IFCCARTESIANPOINT((54129.6613644736,-5706.51282671533,11359.999701335));
#749= IFCAXIS2PLACEMENT3D(#748,#660,#7);
#750= IFCLOCALPLACEMENT(#42,#749);
#751= IFCMECHANICALFASTENER('2Xjz5qr$b9z9ti_H6Z1dAi',#582,'Bolt assembly',$,$,#750,#747,'IDa1b7d174-d7f9-49f4-9dec-f911a30672ac',26.,22.);
#752= IFCSURFACESTYLE('TS10.9',.POSITIVE.,(#46));
#753= IFCPRESENTATIONSTYLEASSIGNMENT((#752));
#754= IFCCARTESIANPOINT((11.,36.0000000031578,0.));
#755= IFCCARTESIANPOINT((9.52627944162863,36.0000000031578,5.50000000000033));
#756= IFCCARTESIANPOINT((5.49999999999934,36.0000000031578,9.5262794416292));
#757= IFCCARTESIANPOINT((-1.13996957976035E-12,36.0000000031578,11.));
#758= IFCCARTESIANPOINT((-5.50000000000131,36.0000000031578,9.52627944162807));
#759= IFCCARTESIANPOINT((-9.52627944162977,36.0000000031578,5.49999999999836));
#760= IFCCARTESIANPOINT((-11.,36.0000000031578,-2.27993915952071E-12));
#761= IFCCARTESIANPOINT((-9.5262794416275,36.0000000031578,-5.5000000000023));
#762= IFCCARTESIANPOINT((-5.49999999999737,36.0000000031578,-9.52627944163034));
#763= IFCCARTESIANPOINT((3.40769628601019E-12,36.0000000031578,-11.));
#764= IFCCARTESIANPOINT((5.50000000000328,36.0000000031578,-9.52627944162693));
#765= IFCCARTESIANPOINT((9.52627944163091,36.0000000031578,-5.49999999999638));
#766= IFCCARTESIANPOINT((11.,286.100000003158,0.));
#767= IFCCARTESIANPOINT((9.52627944162863,286.100000003158,5.50000000000033));
#768= IFCCARTESIANPOINT((5.49999999999934,286.100000003158,9.5262794416292));
#769= IFCCARTESIANPOINT((-1.13996957976035E-12,286.100000003158,11.));
#770= IFCCARTESIANPOINT((-5.50000000000131,286.100000003158,9.52627944162807));
#771= IFCCARTESIANPOINT((-9.52627944162977,286.100000003158,5.49999999999836));
#772= IFCCARTESIANPOINT((-11.,286.100000003158,-2.27993915952071E-12));
#773= IFCCARTESIANPOINT((-9.5262794416275,286.100000003158,-5.5000000000023));
#774= IFCCARTESIANPOINT((-5.49999999999737,286.100000003158,-9.52627944163034));
#775= IFCCARTESIANPOINT((3.40769628601019E-12,286.100000003158,-11.));
#776= IFCCARTESIANPOINT((5.50000000000328,286.100000003158,-9.52627944162693));
#777= IFCCARTESIANPOINT((9.52627944163091,286.100000003158,-5.49999999999638));
#778= IFCPOLYLOOP((#754,#755,#756,#757,#758,#759,#760,#761,#762,#763,#764,#765));
#779= IFCFACEOUTERBOUND(#778,.T.);
#780= IFCFACE((#779));
#781= IFCPOLYLOOP((#777,#776,#775,#774,#773,#772,#771,#770,#769,#768,#767,#766));
#782= IFCFACEOUTERBOUND(#781,.T.);
#783= IFCFACE((#782));
#784= IFCPOLYLOOP((#754,#766,#767,#755));
#785= IFCFACEOUTERBOUND(#784,.T.);
#786= IFCFACE((#785));
#787= IFCPOLYLOOP((#755,#767,#768,#756));
#788= IFCFACEOUTERBOUND(#787,.T.);
#789= IFCFACE((#788));
#790= IFCPOLYLOOP((#756,#768,#769,#757));
#791= IFCFACEOUTERBOUND(#790,.T.);
#792= IFCFACE((#791));
#793= IFCPOLYLOOP((#757,#769,#770,#758));
#794= IFCFACEOUTERBOUND(#793,.T.);
#795= IFCFACE((#794));
#796= IFCPOLYLOOP((#758,#770,#771,#759));
#797= IFCFACEOUTERBOUND(#796,.T.);
#798= IFCFACE((#797));
#799= IFCPOLYLOOP((#759,#771,#772,#760));
#800= IFCFACEOUTERBOUND(#799,.T.);
#801= IFCFACE((#800));
#802= IFCPOLYLOOP((#760,#772,#773,#761));
#803= IFCFACEOUTERBOUND(#802,.T.);
#804= IFCFACE((#803));
#805= IFCPOLYLOOP((#761,#773,#774,#762));
#806= IFCFACEOUTERBOUND(#805,.T.);
#807= IFCFACE((#806));
#808= IFCPOLYLOOP((#762,#774,#775,#763));
#809= IFCFACEOUTERBOUND(#808,.T.);
#810= IFCFACE((#809));
#811= IFCPOLYLOOP((#763,#775,#776,#764));
#812= IFCFACEOUTERBOUND(#811,.T.);
#813= IFCFACE((#812));
#814= IFCPOLYLOOP((#764,#776,#777,#765));
#815= IFCFACEOUTERBOUND(#814,.T.);
#816= IFCFACE((#815));
#817= IFCPOLYLOOP((#765,#777,#766,#754));
#818= IFCFACEOUTERBOUND(#817,.T.);
#819= IFCFACE((#818));
#820= IFCCLOSEDSHELL((#780,#783,#786,#789,#792,#795,#798,#801,#804,#807,#810,#813,#816,#819));
#821= IFCFACETEDBREP(#820);
#822= IFCSTYLEDITEM(#821,(#119),$);
#823= IFCCARTESIANPOINT((40.0000000000136,0.,39.9999999997817));
#824= IFCCARTESIANTRANSFORMATIONOPERATOR3D($,$,#823,$,$);
#825= IFCSHAPEREPRESENTATION(#12,'Body','Brep',(#821));
#826= IFCREPRESENTATIONMAP(#10,#825);
#827= IFCMAPPEDITEM(#826,#824);
#828= IFCSHAPEREPRESENTATION(#12,'Body','MappedRepresentation',(#827));
#829= IFCPRODUCTDEFINITIONSHAPE($,$,(#828));
#830= IFCCARTESIANPOINT((56660.0029454901,-3825.31176142275,10336.000190738));
#831= IFCDIRECTION((0.999999999398649,-3.4680000030221E-05,0.));
#832= IFCDIRECTION((-3.46800000302409E-05,-0.999999999398649,0.));
#833= IFCAXIS2PLACEMENT3D(#830,#831,#832);
#834= IFCLOCALPLACEMENT(#42,#833);
#835= IFCMECHANICALFASTENER('0v2jRfeLr5LAMsh7ESusxE',#582,'Bolt assembly',$,$,#834,#829,'ID390ad6e9-a15d-4554-a5b6-ac739ce36ece',20.,1250.);
#836= IFCPROPERTYSINGLEVALUE('Washer diameter',$,IFCLENGTHMEASURE(20.),$);
#837= IFCPROPERTYSINGLEVALUE('Bolt hole diameter',$,IFCLENGTHMEASURE(22.),$);
#838= IFCPROPERTYSINGLEVALUE('Bolt size',$,IFCLENGTHMEASURE(22.),$);
#839= IFCPROPERTYSINGLEVALUE('Bolt length',$,IFCLENGTHMEASURE(1250.),$);
#840= IFCPROPERTYSINGLEVALUE('Bolt standard',$,IFCLABEL('TS10.9'),$);
#841= IFCPROPERTYSET('2hh7NUoA9EPfqPQyVFcOLS',#5,'Tekla Bolt','Bolt Properties',(#135,#836,#137,#138,#139,#140,#141,#142,#143,#837,#145,#146,#838,#839,#840,#150));
#842= IFCMATERIAL('TS10.9');
#843= IFCMAPPEDITEM(#826,#824);
#844= IFCSHAPEREPRESENTATION(#12,'Body','MappedRepresentation',(#843));
#845= IFCPRODUCTDEFINITIONSHAPE($,$,(#844));
#846= IFCCARTESIANPOINT((56540.0029455629,-3825.30759982321,10336.000190738));
#847= IFCAXIS2PLACEMENT3D(#846,#831,#832);
#848= IFCLOCALPLACEMENT(#42,#847);
#849= IFCMECHANICALFASTENER('16uUl1bVn7XAnG0IGII7aC',#582,'Bolt assembly',$,$,#848,#845,'ID46e1ebc1-95fc-4784-ac50-01241248790c',20.,1250.);
#850= IFCCOLOURRGB('Light Red',0.905882352941176,0.325490196078431,0.36078431372549);
#851= IFCSURFACESTYLERENDERING(#850,0.,$,$,$,$,IFCNORMALISEDRATIOMEASURE(0.00390625),IFCSPECULAREXPONENT(10.),.NOTDEFINED.);
#852= IFCSURFACESTYLE('STEEL/S275',.POSITIVE.,(#851));
#853= IFCPRESENTATIONSTYLEASSIGNMENT((#852));
#854= IFCCARTESIANPOINT((0.,-6.,0.));
#855= IFCCARTESIANPOINT((3.63797880709171E-12,-6.,300.));
#856= IFCCARTESIANPOINT((3.63797880709171E-12,6.,300.));
#857= IFCCARTESIANPOINT((0.,6.,0.));
#858= IFCPOLYLOOP((#854,#855,#856,#857));
#859= IFCFACEOUTERBOUND(#858,.T.);
#860= IFCFACE((#859));
#861= IFCCARTESIANPOINT((400.,-6.,300.));
#862= IFCCARTESIANPOINT((400.,6.,300.));
#863= IFCPOLYLOOP((#855,#861,#862,#856));
#864= IFCFACEOUTERBOUND(#863,.T.);
#865= IFCFACE((#864));
#866= IFCCARTESIANPOINT((400.,-6.,3.63797880709171E-12));
#867= IFCCARTESIANPOINT((400.,6.,3.63797880709171E-12));
#868= IFCPOLYLOOP((#861,#866,#867,#862));
#869= IFCFACEOUTERBOUND(#868,.T.);
#870= IFCFACE((#869));
#871= IFCPOLYLOOP((#866,#854,#857,#867));
#872= IFCFACEOUTERBOUND(#871,.T.);
#873= IFCFACE((#872));
#874= IFCPOLYLOOP((#862,#867,#857,#856));
#875= IFCFACEOUTERBOUND(#874,.T.);
#876= IFCFACE((#875));
#877= IFCPOLYLOOP((#866,#861,#855,#854));
#878= IFCFACEOUTERBOUND(#877,.T.);
#879= IFCFACE((#878));
#880= IFCCLOSEDSHELL((#860,#865,#870,#873,#876,#879));
#881= IFCFACETEDBREP(#880);
#882= IFCSTYLEDITEM(#881,(#853),$);
#883= IFCSHAPEREPRESENTATION(#12,'Body','Brep',(#881));
#884= IFCPRODUCTDEFINITIONSHAPE($,$,(#883));
#885= IFCCARTESIANPOINT((57050.9998779297,-6621.99919700624,10325.0001907349));
#886= IFCAXIS2PLACEMENT3D(#885,#660,#8);
#887= IFCLOCALPLACEMENT(#42,#886);
#888= IFCPLATE('25Yk0w_DX0lAH0L_lnQb_O',#44,'PLATE-12','PL12*300',$,#887,#884,'ID858ae03a-f8d8-40bc-a440-57ebf16a5f98');
#889= IFCPLATETYPE('0UDixyLK13Tg$5vPKYSFNe',#5,'PL12*300',$,$,$,$,$,$,.NOTDEFINED.);
#890= IFCPROPERTYSINGLEVALUE('Bottom elevation',$,IFCLABEL(' +10.025'),$);
#891= IFCPROPERTYSINGLEVALUE('Top elevation',$,IFCLABEL(' +10.325'),$);
#892= IFCPROPERTYSINGLEVALUE('Initial GUID',$,$,$);
#893= IFCPROPERTYSINGLEVALUE('Preliminary mark',$,IFCLABEL('5-1-P18'),$);
#894= IFCPROPERTYSINGLEVALUE('Phase',$,IFCINTEGER(4),$);
#895= IFCPROPERTYSINGLEVALUE('Class',$,IFCLABEL('16'),$);
#896= IFCPROPERTYSET('0GJXVfcnj8YfN8KF0UP$qp',#5,'Tekla Common','Common Properties to Shared building elements',(#890,#891,#892,#893,#894,#895));
#897= IFCPROPERTYSINGLEVALUE('Weight',$,IFCMASSMEASURE(11.3),$);
#898= IFCPROPERTYSINGLEVALUE('Volume',$,IFCVOLUMEMEASURE(0.001),$);
#899= IFCPROPERTYSINGLEVALUE('Gross footprint area',$,IFCAREAMEASURE(0.005),$);
#900= IFCPROPERTYSINGLEVALUE('Area per tons',$,IFCAREAMEASURE(22.718),$);
#901= IFCPROPERTYSINGLEVALUE('Net surface area',$,IFCAREAMEASURE(0.257),$);
#902= IFCPROPERTYSINGLEVALUE('Height',$,IFCLENGTHMEASURE(300.),$);
#903= IFCPROPERTYSINGLEVALUE('Width',$,IFCLENGTHMEASURE(12.),$);
#904= IFCPROPERTYSINGLEVALUE('Length',$,IFCLENGTHMEASURE(400.),$);
#905= IFCPROPERTYSET('12R8A74qr2YA4RVaBqY_7e',#5,'Tekla Quantity','Quantity Properties to Shared building elements',(#897,#898,#899,#900,#901,#902,#903,#904));
#906= IFCPROPERTYSINGLEVALUE('LoadBearing',$,IFCBOOLEAN(.F.),$);
#907= IFCPROPERTYSINGLEVALUE('Reference',$,IFCIDENTIFIER('5-1-P18'),$);
#908= IFCPROPERTYSET('2r2KvdbaXB9eInU0H$v9p$',#5,'Pset_PlateCommon','Common Properties to plate elements',(#906,#907));
#909= IFCQUANTITYLENGTH('Width',$,$,300.);
#910= IFCQUANTITYAREA('NetArea',$,$,0.256799999999998);
#911= IFCQUANTITYAREA('GrossArea',$,$,0.12);
#912= IFCQUANTITYAREA('CrossSectionArea',$,$,0.000144);
#913= IFCQUANTITYVOLUME('NetVolume',$,$,0.00143999999999928);
#914= IFCQUANTITYVOLUME('GrossVolume',$,$,0.00143999999999928);
#915= IFCELEMENTQUANTITY('2D8V4ZVUL4TurGJ9dJ7wEl',#5,'BaseQuantities',$,$,(#909,#910,#911,#912,#913,#914));
#916= IFCMATERIAL('STEEL/S275');
#917= IFCCOLOURRGB('Light Green',0.356862745098039,0.592156862745098,0.137254901960784);
#918= IFCSURFACESTYLERENDERING(#917,0.,$,$,$,$,IFCNORMALISEDRATIOMEASURE(0.00390625),IFCSPECULAREXPONENT(10.),.NOTDEFINED.);
#919= IFCSURFACESTYLE('STEEL/S275',.POSITIVE.,(#918));
#920= IFCPRESENTATIONSTYLEASSIGNMENT((#919));
#921= IFCCARTESIANPOINT((0.,-4.,0.));
#922= IFCCARTESIANPOINT((0.,-4.,234.));
#923= IFCCARTESIANPOINT((0.,4.,234.));
#924= IFCCARTESIANPOINT((0.,4.,0.));
#925= IFCPOLYLOOP((#921,#922,#923,#924));
#926= IFCFACEOUTERBOUND(#925,.T.);
#927= IFCFACE((#926));
#928= IFCCARTESIANPOINT((334.,-4.,234.));
#929= IFCCARTESIANPOINT((334.,4.,234.));
#930= IFCPOLYLOOP((#922,#928,#929,#923));
#931= IFCFACEOUTERBOUND(#930,.T.);
#932= IFCFACE((#931));
#933= IFCCARTESIANPOINT((334.,-4.,5.45696821063757E-12));
#934= IFCCARTESIANPOINT((334.,4.,5.45696821063757E-12));
#935= IFCPOLYLOOP((#928,#933,#934,#929));
#936= IFCFACEOUTERBOUND(#935,.T.);
#937= IFCFACE((#936));
#938= IFCPOLYLOOP((#933,#921,#924,#934));
#939= IFCFACEOUTERBOUND(#938,.T.);
#940= IFCFACE((#939));
#941= IFCPOLYLOOP((#929,#934,#924,#923));
#942= IFCFACEOUTERBOUND(#941,.T.);
#943= IFCFACE((#942));
#944= IFCPOLYLOOP((#933,#928,#922,#921));
#945= IFCFACEOUTERBOUND(#944,.T.);
#946= IFCFACE((#945));
#947= IFCCLOSEDSHELL((#927,#932,#937,#940,#943,#946));
#948= IFCFACETEDBREP(#947);
#949= IFCSTYLEDITEM(#948,(#920),$);
#950= IFCSHAPEREPRESENTATION(#12,'Body','Brep',(#948));
#951= IFCPRODUCTDEFINITIONSHAPE($,$,(#950));
#952= IFCCARTESIANPOINT((56429.0012854004,-6588.99919700622,10292.0001907349));
#953= IFCAXIS2PLACEMENT3D(#952,#660,#8);
#954= IFCLOCALPLACEMENT(#42,#953);
#955= IFCPLATE('0koFMJLwT6CPLXPPJRzww0',#44,'PLATE-8','PL8*234',$,#954,#951,'ID2ec8f593-57a7-4631-9561-6594dbf7ae80');
#956= IFCPLATETYPE('3JlC$2idX6P8zgFWhkIiGI',#5,'PL8*234',$,$,$,$,$,$,.NOTDEFINED.);
#957= IFCPROPERTYSINGLEVALUE('Bottom elevation',$,IFCLABEL(' +10.058'),$);
#958= IFCPROPERTYSINGLEVALUE('Top elevation',$,IFCLABEL(' +10.292'),$);
#959= IFCPROPERTYSINGLEVALUE('Preliminary mark',$,IFCLABEL('5-1-P49'),$);
#960= IFCPROPERTYSINGLEVALUE('Class',$,IFCLABEL('17'),$);
#961= IFCPROPERTYSET('2$t9j_4Rr4YuRyYfZdTzcd',#5,'Tekla Common','Common Properties to Shared building elements',(#957,#958,#892,#959,#894,#960));
#962= IFCPROPERTYSINGLEVALUE('Weight',$,IFCMASSMEASURE(4.91),$);
#963= IFCPROPERTYSINGLEVALUE('Gross footprint area',$,IFCAREAMEASURE(0.003),$);
#964= IFCPROPERTYSINGLEVALUE('Area per tons',$,IFCAREAMEASURE(33.699),$);
#965= IFCPROPERTYSINGLEVALUE('Net surface area',$,IFCAREAMEASURE(0.165),$);
#966= IFCPROPERTYSINGLEVALUE('Height',$,IFCLENGTHMEASURE(234.),$);
#967= IFCPROPERTYSINGLEVALUE('Width',$,IFCLENGTHMEASURE(8.),$);
#968= IFCPROPERTYSINGLEVALUE('Length',$,IFCLENGTHMEASURE(334.),$);
#969= IFCPROPERTYSET('2zWaRhOqLD0wT9k4JIhGHO',#5,'Tekla Quantity','Quantity Properties to Shared building elements',(#962,#898,#963,#964,#965,#966,#967,#968));
#970= IFCPROPERTYSINGLEVALUE('Reference',$,IFCIDENTIFIER('5-1-P49'),$);
#971= IFCPROPERTYSET('3QKfvLuF902QcZbSaZ7mcM',#5,'Pset_PlateCommon','Common Properties to plate elements',(#906,#970));
#972= IFCQUANTITYLENGTH('Width',$,$,234.);
#973= IFCQUANTITYAREA('NetArea',$,$,0.165399999999998);
#974= IFCQUANTITYAREA('GrossArea',$,$,0.078156);
#975= IFCQUANTITYAREA('CrossSectionArea',$,$,6.4E-05);
#976= IFCQUANTITYVOLUME('NetVolume',$,$,0.000625248);
#977= IFCQUANTITYVOLUME('GrossVolume',$,$,0.000625248);
#978= IFCELEMENTQUANTITY('1v0zNDU$r0_uCdUbIyDpII',#5,'BaseQuantities',$,$,(#972,#973,#974,#975,#976,#977));
#979= IFCCARTESIANPOINT((0.,117.,-167.));
#980= IFCCARTESIANPOINT((0.,-117.,-167.));
#981= IFCCARTESIANPOINT((629.998592529293,-117.,-167.));
#982= IFCCARTESIANPOINT((629.998592529293,117.,-167.));
#983= IFCPOLYLOOP((#979,#980,#981,#982));
#984= IFCFACEOUTERBOUND(#983,.T.);
#985= IFCFACE((#984));
#986= IFCCARTESIANPOINT((0.,-117.,167.));
#987= IFCCARTESIANPOINT((629.998592529293,-117.,167.));
#988= IFCPOLYLOOP((#980,#986,#987,#981));
#989= IFCFACEOUTERBOUND(#988,.T.);
#990= IFCFACE((#989));
#991= IFCCARTESIANPOINT((0.,117.,167.));
#992= IFCCARTESIANPOINT((629.998592529293,117.,167.));
#993= IFCPOLYLOOP((#986,#991,#992,#987));
#994= IFCFACEOUTERBOUND(#993,.T.);
#995= IFCFACE((#994));
#996= IFCPOLYLOOP((#991,#979,#982,#992));
#997= IFCFACEOUTERBOUND(#996,.T.);
#998= IFCFACE((#997));
#999= IFCCARTESIANPOINT((0.,125.,-175.));
#1000= IFCCARTESIANPOINT((0.,125.,175.));
#1001= IFCCARTESIANPOINT((629.998592529293,125.,175.));
#1002= IFCCARTESIANPOINT((629.998592529293,125.,-175.));
#1003= IFCPOLYLOOP((#999,#1000,#1001,#1002));
#1004= IFCFACEOUTERBOUND(#1003,.T.);
#1005= IFCFACE((#1004));
#1006= IFCCARTESIANPOINT((0.,-125.,175.));
#1007= IFCCARTESIANPOINT((629.998592529293,-125.,175.));
#1008= IFCPOLYLOOP((#1000,#1006,#1007,#1001));
#1009= IFCFACEOUTERBOUND(#1008,.T.);
#1010= IFCFACE((#1009));
#1011= IFCCARTESIANPOINT((0.,-125.,-175.));
#1012= IFCCARTESIANPOINT((629.998592529293,-125.,-175.));
#1013= IFCPOLYLOOP((#1006,#1011,#1012,#1007));
#1014= IFCFACEOUTERBOUND(#1013,.T.);
#1015= IFCFACE((#1014));
#1016= IFCPOLYLOOP((#1011,#999,#1002,#1012));
#1017= IFCFACEOUTERBOUND(#1016,.T.);
#1018= IFCFACE((#1017));
#1019= IFCPOLYLOOP((#1007,#1012,#1002,#1001));
#1020= IFCFACEOUTERBOUND(#1019,.T.);
#1021= IFCPOLYLOOP((#987,#992,#982,#981));
#1022= IFCFACEBOUND(#1021,.T.);
#1023= IFCFACE((#1020,#1022));
#1024= IFCPOLYLOOP((#1011,#1006,#1000,#999));
#1025= IFCFACEOUTERBOUND(#1024,.T.);
#1026= IFCPOLYLOOP((#991,#986,#980,#979));
#1027= IFCFACEBOUND(#1026,.T.);
#1028= IFCFACE((#1025,#1027));
#1029= IFCCLOSEDSHELL((#985,#990,#995,#998,#1005,#1010,#1015,#1018,#1023,#1028));
#1030= IFCFACETEDBREP(#1029);
#1031= IFCSTYLEDITEM(#1030,(#920),$);
#1032= IFCSHAPEREPRESENTATION(#12,'Body','Brep',(#1030));
#1033= IFCPRODUCTDEFINITIONSHAPE($,$,(#1032));
#1034= IFCCARTESIANPOINT((57044.9998779297,-6421.99919700623,10175.0001907349));
#1035= IFCDIRECTION((-1.,0.,0.));
#1036= IFCAXIS2PLACEMENT3D(#1034,#661,#1035);
#1037= IFCLOCALPLACEMENT(#42,#1036);
#1038= IFCBEAM('0XYrn57jv2KBRRJVv1p3Oj',#44,'B1-\S\?\S\Z350x250x8','TUB350X250X8 ',$,#1037,#1033,'ID218b5c45-1ede-4250-b6db-4dfe41cc362d');
#1039= IFCBEAMTYPE('3Q07RlLtfCUvMe8eQ8bX6O',#5,'TUB350X250X8 ',$,$,$,$,$,$,.NOTDEFINED.);
#1040= IFCPROPERTYSINGLEVALUE('Bottom elevation',$,IFCLABEL(' +10.050'),$);
#1041= IFCPROPERTYSINGLEVALUE('Top elevation',$,IFCLABEL(' +10.300'),$);
#1042= IFCPROPERTYSINGLEVALUE('Preliminary mark',$,IFCLABEL('5-1-P9'),$);
#1043= IFCPROPERTYSINGLEVALUE('Class',$,IFCLABEL('3'),$);
#1044= IFCPROPERTYSET('0OVDp42B1FrQ1Mt1tTtIeg',#5,'Tekla Common','Common Properties to Shared building elements',(#1040,#1041,#892,#1042,#894,#1043));
#1045= IFCPROPERTYSINGLEVALUE('Weight',$,IFCMASSMEASURE(46.21),$);
#1046= IFCPROPERTYSINGLEVALUE('Volume',$,IFCVOLUMEMEASURE(0.006),$);
#1047= IFCPROPERTYSINGLEVALUE('Gross footprint area',$,IFCAREAMEASURE(0.22),$);
#1048= IFCPROPERTYSINGLEVALUE('Area per tons',$,IFCAREAMEASURE(16.503),$);
#1049= IFCPROPERTYSINGLEVALUE('Net surface area',$,IFCAREAMEASURE(0.763),$);
#1050= IFCPROPERTYSINGLEVALUE('Height',$,IFCLENGTHMEASURE(350.),$);
#1051= IFCPROPERTYSINGLEVALUE('Width',$,IFCLENGTHMEASURE(250.),$);
#1052= IFCPROPERTYSINGLEVALUE('Length',$,IFCLENGTHMEASURE(630.),$);
#1053= IFCPROPERTYSET('2tI3oIdqv8sOf0ffoW8akt',#5,'Tekla Quantity','Quantity Properties to Shared building elements',(#1045,#1046,#1047,#1048,#1049,#1050,#1051,#1052));
#1054= IFCPROPERTYSINGLEVALUE('Reference',$,IFCIDENTIFIER('5-1-P9'),$);
#1055= IFCPROPERTYSET('2ul9d3X5z2HuDoPTll99HW',#5,'Pset_BeamCommon','Common Properties to beam elements',(#906,#1054));
#1056= IFCQUANTITYLENGTH('Length',$,$,629.998592529293);
#1057= IFCQUANTITYAREA('OuterSurfaceArea',$,$,0.762613522298172);
#1058= IFCQUANTITYVOLUME('NetVolume',$,$,0.00588670684859347);
#1059= IFCQUANTITYWEIGHT('NetWeight',$,$,46.2106487614588);
#1060= IFCELEMENTQUANTITY('0BtFHNoKj8oOrVd2utI3nE',#5,'BaseQuantities',$,$,(#1056,#1057,#1058,#1059));
#1061= IFCCOLOURRGB('Light Magenta',0.686274509803922,0.505882352941176,0.752941176470588);
#1062= IFCSURFACESTYLERENDERING(#1061,0.,$,$,$,$,IFCNORMALISEDRATIOMEASURE(0.00390625),IFCSPECULAREXPONENT(10.),.NOTDEFINED.);
#1063= IFCSURFACESTYLE('STEEL/S275',.POSITIVE.,(#1062));
#1064= IFCPRESENTATIONSTYLEASSIGNMENT((#1063));
#1065= IFCCARTESIANPOINT((0.,-4.,20.));
#1066= IFCCARTESIANPOINT((0.,4.,20.));
#1067= IFCPOLYLOOP((#921,#1065,#1066,#924));
#1068= IFCFACEOUTERBOUND(#1067,.T.);
#1069= IFCFACE((#1068));
#1070= IFCCARTESIANPOINT((120.,-4.,60.));
#1071= IFCCARTESIANPOINT((120.,4.,60.));
#1072= IFCPOLYLOOP((#1065,#1070,#1071,#1066));
#1073= IFCFACEOUTERBOUND(#1072,.T.);
#1074= IFCFACE((#1073));
#1075= IFCCARTESIANPOINT((156.,-4.,60.));
#1076= IFCCARTESIANPOINT((156.,4.,60.));
#1077= IFCPOLYLOOP((#1070,#1075,#1076,#1071));
#1078= IFCFACEOUTERBOUND(#1077,.T.);
#1079= IFCFACE((#1078));
#1080= IFCCARTESIANPOINT((156.,-4.,20.0000000000018));
#1081= IFCCARTESIANPOINT((156.,4.,20.0000000000018));
#1082= IFCPOLYLOOP((#1075,#1080,#1081,#1076));
#1083= IFCFACEOUTERBOUND(#1082,.T.);
#1084= IFCFACE((#1083));
#1085= IFCCARTESIANPOINT((152.098193559679,-4.,19.6157056080665));
#1086= IFCCARTESIANPOINT((152.098193559679,4.,19.6157056080665));
#1087= IFCPOLYLOOP((#1080,#1085,#1086,#1081));
#1088= IFCFACEOUTERBOUND(#1087,.T.);
#1089= IFCFACE((#1088));
#1090= IFCCARTESIANPOINT((148.346331352695,-4.,18.4775906502273));
#1091= IFCCARTESIANPOINT((148.346331352695,4.,18.4775906502273));
#1092= IFCPOLYLOOP((#1085,#1090,#1091,#1086));
#1093= IFCFACEOUTERBOUND(#1092,.T.);
#1094= IFCFACE((#1093));
#1095= IFCCARTESIANPOINT((144.888595339609,-4.,16.6293922460518));
#1096= IFCCARTESIANPOINT((144.888595339609,4.,16.6293922460518));
#1097= IFCPOLYLOOP((#1090,#1095,#1096,#1091));
#1098= IFCFACEOUTERBOUND(#1097,.T.);
#1099= IFCFACE((#1098));
#1100= IFCCARTESIANPOINT((141.857864376267,-4.,14.1421356237333));
#1101= IFCCARTESIANPOINT((141.857864376267,4.,14.1421356237333));
#1102= IFCPOLYLOOP((#1095,#1100,#1101,#1096));
#1103= IFCFACEOUTERBOUND(#1102,.T.);
#1104= IFCFACE((#1103));
#1105= IFCCARTESIANPOINT((139.370607753946,-4.,11.1114046603943));
#1106= IFCCARTESIANPOINT((139.370607753946,4.,11.1114046603943));
#1107= IFCPOLYLOOP((#1100,#1105,#1106,#1101));
#1108= IFCFACEOUTERBOUND(#1107,.T.);
#1109= IFCFACE((#1108));
#1110= IFCCARTESIANPOINT((137.522409349775,-4.,7.65366864730277));
#1111= IFCCARTESIANPOINT((137.522409349775,4.,7.65366864730277));
#1112= IFCPOLYLOOP((#1105,#1110,#1111,#1106));
#1113= IFCFACEOUTERBOUND(#1112,.T.);
#1114= IFCFACE((#1113));
#1115= IFCCARTESIANPOINT((136.384294391937,-4.,3.90180644032444));
#1116= IFCCARTESIANPOINT((136.384294391937,4.,3.90180644032444));
#1117= IFCPOLYLOOP((#1110,#1115,#1116,#1111));
#1118= IFCFACEOUTERBOUND(#1117,.T.);
#1119= IFCFACE((#1118));
#1120= IFCCARTESIANPOINT((136.,-4.,1.81898940354586E-12));
#1121= IFCCARTESIANPOINT((136.,4.,1.81898940354586E-12));
#1122= IFCPOLYLOOP((#1115,#1120,#1121,#1116));
#1123= IFCFACEOUTERBOUND(#1122,.T.);
#1124= IFCFACE((#1123));
#1125= IFCPOLYLOOP((#1120,#921,#924,#1121));
#1126= IFCFACEOUTERBOUND(#1125,.T.);
#1127= IFCFACE((#1126));
#1128= IFCPOLYLOOP((#1071,#1076,#1081,#1086,#1091,#1096,#1101,#1106,#1111,#1116,#1121,#924,#1066));
#1129= IFCFACEOUTERBOUND(#1128,.T.);
#1130= IFCFACE((#1129));
#1131= IFCPOLYLOOP((#1120,#1115,#1110,#1105,#1100,#1095,#1090,#1085,#1080,#1075,#1070,#1065,#921));
#1132= IFCFACEOUTERBOUND(#1131,.T.);
#1133= IFCFACE((#1132));
#1134= IFCCLOSEDSHELL((#1069,#1074,#1079,#1084,#1089,#1094,#1099,#1104,#1109,#1114,#1119,#1124,#1127,#1130,#1133));
#1135= IFCFACETEDBREP(#1134);
#1136= IFCSTYLEDITEM(#1135,(#1064),$);
#1137= IFCSHAPEREPRESENTATION(#12,'Body','Brep',(#1135));
#1138= IFCPRODUCTDEFINITIONSHAPE($,$,(#1137));
#1139= IFCCARTESIANPOINT((56473.0008850097,-4723.49971713765,11239.903161191));
#1140= IFCAXIS2PLACEMENT3D(#1139,#9,#7);
#1141= IFCLOCALPLACEMENT(#42,#1140);
#1142= IFCPLATE('3UiStEVBX3Bv3mko24yL1p',#582,'PLATE-8','PL8*60',$,#1141,#1138,'IDdeb1cdce-7cb8-432f-90f0-bb2084f15073');
#1143= IFCPLATETYPE('0UJUP$bUTAhO3DVVepcQJ6',#5,'PL8*60',$,$,$,$,$,$,.NOTDEFINED.);
#1144= IFCPROPERTYSINGLEVALUE('Bottom elevation',$,IFCLABEL(' +11.240'),$);
#1145= IFCPROPERTYSINGLEVALUE('Top elevation',$,IFCLABEL(' +11.300'),$);
#1146= IFCPROPERTYSINGLEVALUE('Preliminary mark',$,IFCLABEL('5-1-P39(?)'),$);
#1147= IFCPROPERTYSINGLEVALUE('Class',$,IFCLABEL('12'),$);
#1148= IFCPROPERTYSET('2hvuVAZCPES8VRuwBlnzCE',#5,'Tekla Common','Common Properties to Shared building elements',(#1144,#1145,#892,#1146,#894,#1147));
#1149= IFCPROPERTYSINGLEVALUE('Weight',$,IFCMASSMEASURE(0.42),$);
#1150= IFCPROPERTYSINGLEVALUE('Volume',$,IFCVOLUMEMEASURE(0.),$);
#1151= IFCPROPERTYSINGLEVALUE('Gross footprint area',$,IFCAREAMEASURE(0.),$);
#1152= IFCPROPERTYSINGLEVALUE('Area per tons',$,IFCAREAMEASURE(39.318),$);
#1153= IFCPROPERTYSINGLEVALUE('Net surface area',$,IFCAREAMEASURE(0.016),$);
#1154= IFCPROPERTYSINGLEVALUE('Height',$,IFCLENGTHMEASURE(60.),$);
#1155= IFCPROPERTYSINGLEVALUE('Length',$,IFCLENGTHMEASURE(156.),$);
#1156= IFCPROPERTYSET('2feYVJtY11pRdx5KBE4Vg9',#5,'Tekla Quantity','Quantity Properties to Shared building elements',(#1149,#1150,#1151,#1152,#1153,#1154,#967,#1155));
#1157= IFCPROPERTYSINGLEVALUE('Reference',$,IFCIDENTIFIER('5-1-P39'),$);
#1158= IFCPROPERTYSET('0K1oXkh3bCEOvn7EkG4pJz',#5,'Pset_PlateCommon','Common Properties to plate elements',(#906,#1157));
#1159= IFCQUANTITYLENGTH('Width',$,$,60.);
#1160= IFCQUANTITYAREA('NetArea',$,$,0.0164145637000456);
#1161= IFCQUANTITYAREA('GrossArea',$,$,0.00936);
#1162= IFCQUANTITYVOLUME('NetVolume',$,$,5.31828438781924E-05);
#1163= IFCQUANTITYVOLUME('GrossVolume',$,$,5.31828438781924E-05);
#1164= IFCELEMENTQUANTITY('2XglgwNOzAWwSURUMP212W',#5,'BaseQuantities',$,$,(#1159,#1160,#1161,#975,#1162,#1163));
#1165= IFCSHAPEREPRESENTATION(#12,'Body','Brep',(#1135));
#1166= IFCPRODUCTDEFINITIONSHAPE($,$,(#1165));
#1167= IFCCARTESIANPOINT((56473.0008850097,-4923.49971713765,11239.903161191));
#1168= IFCAXIS2PLACEMENT3D(#1167,#9,#7);
#1169= IFCLOCALPLACEMENT(#42,#1168);
#1170= IFCPLATE('3W9FHNjdv0yu$bYX_AedwY',#582,'PLATE-8','PL8*60',$,#1169,#1166,'IDe024f457-b67e-40f3-8fe5-8a1f8aa27ea2');
#1171= IFCSHAPEREPRESENTATION(#12,'Body','Brep',(#1135));
#1172= IFCPRODUCTDEFINITIONSHAPE($,$,(#1171));
#1173= IFCCARTESIANPOINT((56806.9991149903,-4723.49971713765,11239.903161191));
#1174= IFCAXIS2PLACEMENT3D(#1173,#9,#1035);
#1175= IFCLOCALPLACEMENT(#42,#1174);
#1176= IFCPLATE('05Y6IaGMX62wXTc7tiUD6x',#582,'PLATE-8','PL8*60',$,#1175,#1172,'ID058864a4-4168-460b-a85d-987dec78d1bb');
#1177= IFCSHAPEREPRESENTATION(#12,'Body','Brep',(#1135));
#1178= IFCPRODUCTDEFINITIONSHAPE($,$,(#1177));
#1179= IFCCARTESIANPOINT((56806.9991149903,-4923.49971713765,11239.903161191));
#1180= IFCAXIS2PLACEMENT3D(#1179,#9,#1035);
#1181= IFCLOCALPLACEMENT(#42,#1180);
#1182= IFCPLATE('2KWjU92wvF99s0wu2AzwRE',#582,'PLATE-8','PL8*60',$,#1181,#1178,'ID9482d789-0bae-4f24-9d80-eb808af7a6ce');
#1183= IFCSHAPEREPRESENTATION(#12,'Body','Brep',(#1135));
#1184= IFCPRODUCTDEFINITIONSHAPE($,$,(#1183));
#1185= IFCCARTESIANPOINT((54029.6612853587,-5922.00080299382,11239.9031628997));
#1186= IFCAXIS2PLACEMENT3D(#1185,#9,#8);
#1187= IFCLOCALPLACEMENT(#42,#1186);
#1188= IFCPLATE('06x9Ejz5D2W8_EOTTQPDXf',#44,'PLATE-8','PL8*60',$,#1187,#1184,'ID06ec93ad-f453-4280-8f8e-61d75a64d869');
#1189= IFCSHAPEREPRESENTATION(#12,'Body','Brep',(#1135));
#1190= IFCPRODUCTDEFINITIONSHAPE($,$,(#1189));
#1191= IFCCARTESIANPOINT((54229.6612853587,-5922.00080299382,11239.9031628997));
#1192= IFCAXIS2PLACEMENT3D(#1191,#9,#8);
#1193= IFCLOCALPLACEMENT(#42,#1192);
#1194= IFCPLATE('124Ht6y5vF_v2M6JH3rQHK',#44,'PLATE-8','PL8*60',$,#1193,#1190,'ID42111dc6-f05e-4ffb-9096-193443d5a454');
#1195= IFCSHAPEREPRESENTATION(#12,'Body','Brep',(#1135));
#1196= IFCPRODUCTDEFINITIONSHAPE($,$,(#1195));
#1197= IFCCARTESIANPOINT((54029.6612853587,-5587.99919700618,11239.9031628997));
#1198= IFCAXIS2PLACEMENT3D(#1197,#9,#661);
#1199= IFCLOCALPLACEMENT(#42,#1198);
#1200= IFCPLATE('0IGQxFNNj3PAmTlalGxhIc',#44,'PLATE-8','PL8*60',$,#1199,#1196,'ID1241aecf-5d7b-4364-ac1d-be4bd0eeb4a6');
#1201= IFCSHAPEREPRESENTATION(#12,'Body','Brep',(#1135));
#1202= IFCPRODUCTDEFINITIONSHAPE($,$,(#1201));
#1203= IFCCARTESIANPOINT((54229.6612853587,-5587.99919700618,11239.9031628997));
#1204= IFCAXIS2PLACEMENT3D(#1203,#9,#661);
#1205= IFCLOCALPLACEMENT(#42,#1204);
#1206= IFCPLATE('1xjS0f9$T66fdNQN6cH6l2',#44,'PLATE-8','PL8*60',$,#1205,#1202,'ID7bb5c029-27f7-461a-99d7-6971a6446bc2');
#1207= IFCQUANTITYAREA('NetArea',$,$,0.0164145637000454);
#1208= IFCQUANTITYVOLUME('NetVolume',$,$,5.31828438783437E-05);
#1209= IFCQUANTITYVOLUME('GrossVolume',$,$,5.31828438783437E-05);
#1210= IFCELEMENTQUANTITY('3I27x9CzH7Zvd7RTS3f75w',#5,'BaseQuantities',$,$,(#1159,#1207,#1161,#975,#1208,#1209));
#1211= IFCCOLOURRGB('Dark Red',0.752941176470588,0.16078431372549,0.552941176470588);
#1212= IFCSURFACESTYLERENDERING(#1211,0.,$,$,$,$,IFCNORMALISEDRATIOMEASURE(0.00390625),IFCSPECULAREXPONENT(10.),.NOTDEFINED.);
#1213= IFCSURFACESTYLE('STEEL/S275',.POSITIVE.,(#1212));
#1214= IFCPRESENTATIONSTYLEASSIGNMENT((#1213));
#1215= IFCCARTESIANPOINT((141.195877075146,1.,-4.63842297904193E-11));
#1216= IFCCARTESIANPOINT((131.010372653882,11.,-4.18367562815547E-11));
#1217= IFCCARTESIANPOINT((84.2488897713374,11.,241.652525962442));
#1218= IFCCARTESIANPOINT((93.7001647947363,1.,245.446853637543));
#1219= IFCPOLYLOOP((#1215,#1216,#1217,#1218));
#1220= IFCFACEOUTERBOUND(#1219,.T.);
#1221= IFCFACE((#1220));
#1222= IFCCARTESIANPOINT((131.010372653882,-11.,-4.18367562815547E-11));
#1223= IFCCARTESIANPOINT((141.195877075146,-1.,-4.63842297904193E-11));
#1224= IFCCARTESIANPOINT((93.7001647947363,-1.,245.446853637543));
#1225= IFCCARTESIANPOINT((84.2488897713374,-11.,241.652525962442));
#1226= IFCPOLYLOOP((#1222,#1223,#1224,#1225));
#1227= IFCFACEOUTERBOUND(#1226,.T.);
#1228= IFCFACE((#1227));
#1229= IFCCARTESIANPOINT((0.,-11.,0.));
#1230= IFCCARTESIANPOINT((-22.8611619384719,-11.,2.53266515070436));
#1231= IFCCARTESIANPOINT((-22.8611619384719,11.,2.53266515070436));
#1232= IFCCARTESIANPOINT((0.,11.,0.));
#1233= IFCPOLYLOOP((#1229,#1230,#1231,#1232));
#1234= IFCFACEOUTERBOUND(#1233,.T.);
#1235= IFCFACE((#1234));
#1236= IFCCARTESIANPOINT((-44.5361233581007,-11.,10.2296233421107));
#1237= IFCCARTESIANPOINT((-44.5361233581007,11.,10.2296233421107));
#1238= IFCPOLYLOOP((#1230,#1236,#1237,#1231));
#1239= IFCFACEOUTERBOUND(#1238,.T.);
#1240= IFCFACE((#1239));
#1241= IFCCARTESIANPOINT((-63.874575057338,-11.,22.682390256296));
#1242= IFCCARTESIANPOINT((-63.874575057338,11.,22.682390256296));
#1243= IFCPOLYLOOP((#1236,#1241,#1242,#1237));
#1244= IFCFACEOUTERBOUND(#1243,.T.);
#1245= IFCFACE((#1244));
#1246= IFCCARTESIANPOINT((-79.8502084535448,-11.,39.2300866377514));
#1247= IFCCARTESIANPOINT((-79.8502084535448,11.,39.2300866377514));
#1248= IFCPOLYLOOP((#1241,#1246,#1247,#1242));
#1249= IFCFACEOUTERBOUND(#1248,.T.);
#1250= IFCFACE((#1249));
#1251= IFCCARTESIANPOINT((-91.6151826790719,-11.,58.9945117347634));
#1252= IFCCARTESIANPOINT((-91.6151826790719,11.,58.9945117347634));
#1253= IFCPOLYLOOP((#1246,#1251,#1252,#1247));
#1254= IFCFACEOUTERBOUND(#1253,.T.);
#1255= IFCFACE((#1254));
#1256= IFCCARTESIANPOINT((-98.545120239276,-11.,80.9267501830896));
#1257= IFCCARTESIANPOINT((-98.545120239276,11.,80.9267501830896));
#1258= IFCPOLYLOOP((#1251,#1256,#1257,#1252));
#1259= IFCFACEOUTERBOUND(#1258,.T.);
#1260= IFCFACE((#1259));
#1261= IFCCARTESIANPOINT((-100.284953761029,-11.,103.811352702938));
#1262= IFCCARTESIANPOINT((-100.284953761029,11.,103.811352702938));
#1263= IFCPOLYLOOP((#1256,#1261,#1262,#1257));
#1264= IFCFACEOUTERBOUND(#1263,.T.);
#1265= IFCFACE((#1264));
#1266= IFCCARTESIANPOINT((-96.7633998898727,-11.,126.490213157273));
#1267= IFCCARTESIANPOINT((-96.7633998898727,11.,126.490213157273));
#1268= IFCPOLYLOOP((#1261,#1266,#1267,#1262));
#1269= IFCFACEOUTERBOUND(#1268,.T.);
#1270= IFCFACE((#1269));
#1271= IFCCARTESIANPOINT((-88.1658155167188,-11.,147.769630351384));
#1272= IFCCARTESIANPOINT((-88.1658155167188,11.,147.769630351384));
#1273= IFCPOLYLOOP((#1266,#1271,#1272,#1267));
#1274= IFCFACEOUTERBOUND(#1273,.T.);
#1275= IFCFACE((#1274));
#1276= IFCCARTESIANPOINT((-74.944734257997,-11.,166.529562747975));
#1277= IFCCARTESIANPOINT((-74.944734257997,11.,166.529562747975));
#1278= IFCPOLYLOOP((#1271,#1276,#1277,#1272));
#1279= IFCFACEOUTERBOUND(#1278,.T.);
#1280= IFCFACE((#1279));
#1281= IFCCARTESIANPOINT((-57.7960473612238,-11.,181.782581822601));
#1282= IFCCARTESIANPOINT((-57.7960473612238,11.,181.782581822601));
#1283= IFCPOLYLOOP((#1276,#1281,#1282,#1277));
#1284= IFCFACEOUTERBOUND(#1283,.T.);
#1285= IFCFACE((#1284));
#1286= IFCCARTESIANPOINT((-37.6223754883886,-11.,192.725845336824));
#1287= IFCCARTESIANPOINT((-37.6223754883886,11.,192.725845336824));
#1288= IFCPOLYLOOP((#1281,#1286,#1287,#1282));
#1289= IFCFACEOUTERBOUND(#1288,.T.);
#1290= IFCFACE((#1289));
#1291= IFCPOLYLOOP((#1287,#1286,#1225,#1224,#1218,#1217));
#1292= IFCFACEOUTERBOUND(#1291,.T.);
#1293= IFCFACE((#1292));
#1294= IFCPOLYLOOP((#1224,#1223,#1215,#1218));
#1295= IFCFACEOUTERBOUND(#1294,.T.);
#1296= IFCFACE((#1295));
#1297= IFCPOLYLOOP((#1223,#1222,#1229,#1232,#1216,#1215));
#1298= IFCFACEOUTERBOUND(#1297,.T.);
#1299= IFCFACE((#1298));
#1300= IFCPOLYLOOP((#1232,#1231,#1237,#1242,#1247,#1252,#1257,#1262,#1267,#1272,#1277,#1282,#1287,#1217,#1216));
#1301= IFCFACEOUTERBOUND(#1300,.T.);
#1302= IFCFACE((#1301));
#1303= IFCPOLYLOOP((#1286,#1281,#1276,#1271,#1266,#1261,#1256,#1251,#1246,#1241,#1236,#1230,#1229,#1222,#1225));
#1304= IFCFACEOUTERBOUND(#1303,.T.);
#1305= IFCFACE((#1304));
#1306= IFCCLOSEDSHELL((#1221,#1228,#1235,#1240,#1245,#1250,#1255,#1260,#1265,#1270,#1275,#1280,#1285,#1290,#1293,#1296,#1299,#1302,#1305));
#1307= IFCFACETEDBREP(#1306);
#1308= IFCSTYLEDITEM(#1307,(#1214),$);
#1309= IFCSHAPEREPRESENTATION(#12,'Body','Brep',(#1307));
#1310= IFCPRODUCTDEFINITIONSHAPE($,$,(#1309));
#1311= IFCCARTESIANPOINT((56639.9991149903,-4725.3245098435,11378.527494164));
#1312= IFCDIRECTION((0.,-0.981787410679702,-0.189982841938019));
#1313= IFCDIRECTION((0.,0.189982841938019,-0.981787410679702));
#1314= IFCAXIS2PLACEMENT3D(#1311,#1312,#1313);
#1315= IFCLOCALPLACEMENT(#42,#1314);
#1316= IFCPLATE('3BxgpCXiT1_ODbJ5QWoIvK',#44,'PLATE-22','PL22*220',$,#1315,#1310,'IDcbeeaccc-86c7-41f9-8365-4c56a0c92e54');
#1317= IFCPLATETYPE('1fXoJCfJn1nRyn7HtcGHde',#5,'PL22*220',$,$,$,$,$,$,.NOTDEFINED.);
#1318= IFCPROPERTYSINGLEVALUE('Top elevation',$,IFCLABEL(' +11.460'),$);
#1319= IFCPROPERTYSINGLEVALUE('Preliminary mark',$,IFCLABEL('5-1-P10(?)'),$);
#1320= IFCPROPERTYSINGLEVALUE('Class',$,IFCLABEL('79'),$);
#1321= IFCPROPERTYSET('2pcoYEwHnB$PfmTKjavzb$',#5,'Tekla Common','Common Properties to Shared building elements',(#1144,#1318,#892,#1319,#894,#1320));
#1322= IFCPROPERTYSINGLEVALUE('Weight',$,IFCMASSMEASURE(7.2),$);
#1323= IFCPROPERTYSINGLEVALUE('Area per tons',$,IFCAREAMEASURE(13.928),$);
#1324= IFCPROPERTYSINGLEVALUE('Net surface area',$,IFCAREAMEASURE(0.1),$);
#1325= IFCPROPERTYSINGLEVALUE('Height',$,IFCLENGTHMEASURE(220.),$);
#1326= IFCPROPERTYSINGLEVALUE('Width',$,IFCLENGTHMEASURE(22.),$);
#1327= IFCPROPERTYSINGLEVALUE('Length',$,IFCLENGTHMEASURE(250.),$);
#1328= IFCPROPERTYSET('3cpQmaLJz7HO6xyPsPo$Nl',#5,'Tekla Quantity','Quantity Properties to Shared building elements',(#1322,#898,#1151,#1323,#1324,#1325,#1326,#1327));
#1329= IFCPROPERTYSINGLEVALUE('Reference',$,IFCIDENTIFIER('5-1-P10'),$);
#1330= IFCPROPERTYSET('3URatkH6r93gDgW84bCFhQ',#5,'Pset_PlateCommon','Common Properties to plate elements',(#906,#1329));
#1331= IFCQUANTITYLENGTH('Width',$,$,219.999998208923);
#1332= IFCQUANTITYAREA('NetArea',$,$,0.100282060566858);
#1333= IFCQUANTITYAREA('GrossArea',$,$,0.0549999998363016);
#1334= IFCQUANTITYAREA('CrossSectionArea',$,$,0.000484);
#1335= IFCQUANTITYVOLUME('NetVolume',$,$,0.00091722985776864);
#1336= IFCQUANTITYVOLUME('GrossVolume',$,$,0.000942101034093404);
#1337= IFCELEMENTQUANTITY('1pRmPR3Zz8yhS7qKqF6Sjd',#5,'BaseQuantities',$,$,(#1331,#1332,#1333,#1334,#1335,#1336));
#1338= IFCCOLOURRGB('Dark Magenta',0.572549019607843,0.219607843137255,0.694117647058824);
#1339= IFCSURFACESTYLERENDERING(#1338,0.,$,$,$,$,IFCNORMALISEDRATIOMEASURE(0.00390625),IFCSPECULAREXPONENT(10.),.NOTDEFINED.);
#1340= IFCSURFACESTYLE('STEEL/S275',.POSITIVE.,(#1339));
#1341= IFCPRESENTATIONSTYLEASSIGNMENT((#1340));
#1342= IFCCARTESIANPOINT((234.,6.,334.));
#1343= IFCCARTESIANPOINT((220.,-8.,320.));
#1344= IFCCARTESIANPOINT((220.,-8.,14.));
#1345= IFCCARTESIANPOINT((234.,6.,0.));
#1346= IFCPOLYLOOP((#1342,#1343,#1344,#1345));
#1347= IFCFACEOUTERBOUND(#1346,.T.);
#1348= IFCFACE((#1347));
#1349= IFCCARTESIANPOINT((14.,-8.,14.));
#1350= IFCPOLYLOOP((#1349,#857,#1345,#1344));
#1351= IFCFACEOUTERBOUND(#1350,.T.);
#1352= IFCFACE((#1351));
#1353= IFCCARTESIANPOINT((14.,-8.,320.));
#1354= IFCCARTESIANPOINT((0.,6.,334.));
#1355= IFCPOLYLOOP((#1353,#1354,#857,#1349));
#1356= IFCFACEOUTERBOUND(#1355,.T.);
#1357= IFCFACE((#1356));
#1358= IFCPOLYLOOP((#1354,#1353,#1343,#1342));
#1359= IFCFACEOUTERBOUND(#1358,.T.);
#1360= IFCFACE((#1359));
#1361= IFCCARTESIANPOINT((0.,8.,334.));
#1362= IFCCARTESIANPOINT((0.,8.,0.));
#1363= IFCPOLYLOOP((#1361,#1362,#857,#1354));
#1364= IFCFACEOUTERBOUND(#1363,.T.);
#1365= IFCFACE((#1364));
#1366= IFCCARTESIANPOINT((234.,8.,334.));
#1367= IFCPOLYLOOP((#1366,#1361,#1354,#1342));
#1368= IFCFACEOUTERBOUND(#1367,.T.);
#1369= IFCFACE((#1368));
#1370= IFCCARTESIANPOINT((234.,8.,0.));
#1371= IFCPOLYLOOP((#1370,#1366,#1342,#1345));
#1372= IFCFACEOUTERBOUND(#1371,.T.);
#1373= IFCFACE((#1372));
#1374= IFCPOLYLOOP((#1362,#1370,#1345,#857));
#1375= IFCFACEOUTERBOUND(#1374,.T.);
#1376= IFCFACE((#1375));
#1377= IFCPOLYLOOP((#1366,#1370,#1362,#1361));
#1378= IFCFACEOUTERBOUND(#1377,.T.);
#1379= IFCFACE((#1378));
#1380= IFCPOLYLOOP((#1353,#1349,#1344,#1343));
#1381= IFCFACEOUTERBOUND(#1380,.T.);
#1382= IFCFACE((#1381));
#1383= IFCCLOSEDSHELL((#1348,#1352,#1357,#1360,#1365,#1369,#1373,#1376,#1379,#1382));
#1384= IFCFACETEDBREP(#1383);
#1385= IFCSTYLEDITEM(#1384,(#1341),$);
#1386= IFCSHAPEREPRESENTATION(#12,'Body','Brep',(#1384));
#1387= IFCPRODUCTDEFINITIONSHAPE($,$,(#1386));
#1388= IFCCARTESIANPOINT((56472.9991149903,-4706.49971580511,11231.9031596998));
#1389= IFCAXIS2PLACEMENT3D(#1388,#7,#661);
#1390= IFCLOCALPLACEMENT(#42,#1389);
#1391= IFCPLATE('2UF3KhU5b24RklgONZ6S4D',#44,'PLATE-16','PL16*234',$,#1390,#1387,'ID9e3c352b-7859-4211-bbaf-a985e319c10d');
#1392= IFCPLATETYPE('0kQ$CIF6H8GwT14OMcPOoP',#5,'PL16*234',$,$,$,$,$,$,.NOTDEFINED.);
#1393= IFCPROPERTYSINGLEVALUE('Bottom elevation',$,IFCLABEL(' +11.224'),$);
#1394= IFCPROPERTYSINGLEVALUE('Top elevation',$,IFCLABEL(' +11.240'),$);
#1395= IFCPROPERTYSINGLEVALUE('Preliminary mark',$,IFCLABEL('5-1-P63(?)'),$);
#1396= IFCPROPERTYSINGLEVALUE('Class',$,IFCLABEL('77'),$);
#1397= IFCPROPERTYSET('2j5Mh5S2fCkvAf$Drzk70G',#5,'Tekla Common','Common Properties to Shared building elements',(#1393,#1394,#892,#1395,#894,#1396));
#1398= IFCPROPERTYSINGLEVALUE('Weight',$,IFCMASSMEASURE(8.97),$);
#1399= IFCPROPERTYSINGLEVALUE('Gross footprint area',$,IFCAREAMEASURE(0.078),$);
#1400= IFCPROPERTYSINGLEVALUE('Area per tons',$,IFCAREAMEASURE(18.375),$);
#1401= IFCPROPERTYSINGLEVALUE('Width',$,IFCLENGTHMEASURE(16.),$);
#1402= IFCPROPERTYSET('0CrhoiYVz5MPr1eWAKonWX',#5,'Tekla Quantity','Quantity Properties to Shared building elements',(#1398,#898,#1399,#1400,#965,#966,#1401,#968));
#1403= IFCPROPERTYSINGLEVALUE('Reference',$,IFCIDENTIFIER('5-1-P63'),$);
#1404= IFCPROPERTYSET('2OmcNb2WbApA5POEL2uiKb',#5,'Pset_PlateCommon','Common Properties to plate elements',(#906,#1403));
#1405= IFCQUANTITYAREA('NetArea',$,$,0.164846909063081);
#1406= IFCQUANTITYAREA('CrossSectionArea',$,$,0.000256);
#1407= IFCQUANTITYVOLUME('NetVolume',$,$,0.00114282666666666);
#1408= IFCQUANTITYVOLUME('GrossVolume',$,$,0.001250496);
#1409= IFCELEMENTQUANTITY('1YGRA1Inj6sxcZzVdbNZgg',#5,'BaseQuantities',$,$,(#972,#1405,#974,#1406,#1407,#1408));
#1410= IFCCLOSEDSHELL((#1228,#1221,#1235,#1240,#1245,#1250,#1255,#1260,#1265,#1270,#1275,#1280,#1285,#1290,#1293,#1296,#1299,#1302,#1305));
#1411= IFCFACETEDBREP(#1410);
#1412= IFCSTYLEDITEM(#1411,(#1214),$);
#1413= IFCSHAPEREPRESENTATION(#12,'Body','Brep',(#1411));
#1414= IFCPRODUCTDEFINITIONSHAPE($,$,(#1413));
#1415= IFCCARTESIANPOINT((54227.836491362,-5754.99919700621,11378.527497452));
#1416= IFCDIRECTION((-0.981787410679703,0.,-0.189982841938016));
#1417= IFCDIRECTION((0.189982841938016,0.,-0.981787410679703));
#1418= IFCAXIS2PLACEMENT3D(#1415,#1416,#1417);
#1419= IFCLOCALPLACEMENT(#42,#1418);
#1420= IFCPLATE('14Z2PaSIz8pfaDM2xlhCOq',#44,'PLATE-22','PL22*220',$,#1419,#1414,'ID448c2664-712f-48ce-990d-582eefacc634');
#1421= IFCQUANTITYLENGTH('Width',$,$,219.999998209491);
#1422= IFCQUANTITYAREA('NetArea',$,$,0.100282060566989);
#1423= IFCQUANTITYAREA('GrossArea',$,$,0.0549999998365708);
#1424= IFCQUANTITYVOLUME('NetVolume',$,$,0.000917229857768286);
#1425= IFCELEMENTQUANTITY('0N3uiqU_P1vQunfHlrJfMT',#5,'BaseQuantities',$,$,(#1421,#1422,#1423,#1334,#1424,#1336));
#1426= IFCCLOSEDSHELL((#1360,#1348,#1352,#1357,#1365,#1369,#1373,#1376,#1379,#1382));
#1427= IFCFACETEDBREP(#1426);
#1428= IFCSTYLEDITEM(#1427,(#1341),$);
#1429= IFCSHAPEREPRESENTATION(#12,'Body','Brep',(#1427));
#1430= IFCPRODUCTDEFINITIONSHAPE($,$,(#1429));
#1431= IFCCARTESIANPOINT((54246.6612854004,-5587.99919700621,11231.9031629878));
#1432= IFCAXIS2PLACEMENT3D(#1431,#661,#1035);
#1433= IFCLOCALPLACEMENT(#42,#1432);
#1434= IFCPLATE('2LFxCZU9TDsQntEgv8THiN',#44,'PLATE-16','PL16*234',$,#1433,#1430,'ID953fb323-7897-4dd9-ac77-3aae48751b17');
#1435= IFCQUANTITYAREA('NetArea',$,$,0.164846909063081);
#1436= IFCQUANTITYVOLUME('NetVolume',$,$,0.0011428266666667);
#1437= IFCELEMENTQUANTITY('2of37dBdD69xIXIW4Nqzl1',#5,'BaseQuantities',$,$,(#972,#1435,#974,#1406,#1436,#1408));
#1438= IFCCARTESIANPOINT((7.27595761418343E-12,-4.,334.));
#1439= IFCCARTESIANPOINT((7.27595761418343E-12,4.,334.));
#1440= IFCPOLYLOOP((#921,#1438,#1439,#924));
#1441= IFCFACEOUTERBOUND(#1440,.T.);
#1442= IFCFACE((#1441));
#1443= IFCCARTESIANPOINT((234.,-4.,334.));
#1444= IFCCARTESIANPOINT((234.,4.,334.));
#1445= IFCPOLYLOOP((#1438,#1443,#1444,#1439));
#1446= IFCFACEOUTERBOUND(#1445,.T.);
#1447= IFCFACE((#1446));
#1448= IFCCARTESIANPOINT((234.,-4.,-1.81898940354586E-12));
#1449= IFCCARTESIANPOINT((234.,4.,-1.81898940354586E-12));
#1450= IFCPOLYLOOP((#1443,#1448,#1449,#1444));
#1451= IFCFACEOUTERBOUND(#1450,.T.);
#1452= IFCFACE((#1451));
#1453= IFCPOLYLOOP((#1448,#921,#924,#1449));
#1454= IFCFACEOUTERBOUND(#1453,.T.);
#1455= IFCFACE((#1454));
#1456= IFCPOLYLOOP((#1444,#1449,#924,#1439));
#1457= IFCFACEOUTERBOUND(#1456,.T.);
#1458= IFCFACE((#1457));
#1459= IFCPOLYLOOP((#1448,#1443,#1438,#921));
#1460= IFCFACEOUTERBOUND(#1459,.T.);
#1461= IFCFACE((#1460));
#1462= IFCCLOSEDSHELL((#1442,#1447,#1452,#1455,#1458,#1461));
#1463= IFCFACETEDBREP(#1462);
#1464= IFCSTYLEDITEM(#1463,(#920),$);
#1465= IFCSHAPEREPRESENTATION(#12,'Body','Brep',(#1463));
#1466= IFCPRODUCTDEFINITIONSHAPE($,$,(#1465));
#1467= IFCCARTESIANPOINT((54246.6612854004,-5587.99919700621,10296.0001907349));
#1468= IFCAXIS2PLACEMENT3D(#1467,#661,#1035);
#1469= IFCLOCALPLACEMENT(#42,#1468);
#1470= IFCPLATE('2DUNp$jlb57R8yG5qUtTxy',#44,'PLATE-8','PL8*234',$,#1469,#1466,'ID8d797cff-b6f9-451d-b23c-405d1edddefc');
#1471= IFCPROPERTYSINGLEVALUE('Bottom elevation',$,IFCLABEL(' +10.292'),$);
#1472= IFCPROPERTYSINGLEVALUE('Preliminary mark',$,IFCLABEL('5-1-P49(?)'),$);
#1473= IFCPROPERTYSET('39z9j8XMr39OCeosRlOxlU',#5,'Tekla Common','Common Properties to Shared building elements',(#1471,#1041,#892,#1472,#894,#960));
#1474= IFCPROPERTYSET('1zgofnACr0fR7pWa6gYm8B',#5,'Tekla Quantity','Quantity Properties to Shared building elements',(#962,#898,#1399,#964,#965,#966,#967,#968));
#1475= IFCQUANTITYAREA('NetArea',$,$,0.165399999999998);
#1476= IFCQUANTITYAREA('GrossArea',$,$,0.0781560000000004);
#1477= IFCQUANTITYVOLUME('NetVolume',$,$,0.000625247999999992);
#1478= IFCQUANTITYVOLUME('GrossVolume',$,$,0.000625247999999992);
#1479= IFCELEMENTQUANTITY('2xrtLqsFnEq8c$PJJUdn_i',#5,'BaseQuantities',$,$,(#972,#1475,#1476,#975,#1477,#1478));
#1480= IFCSHAPEREPRESENTATION(#12,'Body','Brep',(#1463));
#1481= IFCPRODUCTDEFINITIONSHAPE($,$,(#1480));
#1482= IFCCARTESIANPOINT((54246.6612854004,-5587.99919700621,10054.0001907349));
#1483= IFCAXIS2PLACEMENT3D(#1482,#661,#1035);
#1484= IFCLOCALPLACEMENT(#42,#1483);
#1485= IFCPLATE('0uq5pM1h98YQLNI8Av9eOP',#44,'PLATE-8','PL8*234',$,#1484,#1481,'ID38d05cd6-06b2-4889-a557-4882b9268619');
#1486= IFCPROPERTYSINGLEVALUE('Top elevation',$,IFCLABEL(' +10.058'),$);
#1487= IFCPROPERTYSET('3Rc3N5i956eOBliY4M$5ej',#5,'Tekla Common','Common Properties to Shared building elements',(#1040,#1486,#892,#1472,#894,#960));
#1488= IFCCOLOURRGB('Dark Blue',0.117647058823529,0.262745098039216,0.513725490196078);
#1489= IFCSURFACESTYLERENDERING(#1488,0.,$,$,$,$,IFCNORMALISEDRATIOMEASURE(0.00390625),IFCSPECULAREXPONENT(10.),.NOTDEFINED.);
#1490= IFCSURFACESTYLE('STEEL/S275',.POSITIVE.,(#1489));
#1491= IFCPRESENTATIONSTYLEASSIGNMENT((#1490));
#1492= IFCCARTESIANPOINT((0.,-3.,0.));
#1493= IFCCARTESIANPOINT((0.,-3.,234.));
#1494= IFCCARTESIANPOINT((0.,3.,234.));
#1495= IFCCARTESIANPOINT((0.,3.,0.));
#1496= IFCPOLYLOOP((#1492,#1493,#1494,#1495));
#1497= IFCFACEOUTERBOUND(#1496,.T.);
#1498= IFCFACE((#1497));
#1499= IFCCARTESIANPOINT((334.,-3.,234.));
#1500= IFCCARTESIANPOINT((334.,3.,234.));
#1501= IFCPOLYLOOP((#1493,#1499,#1500,#1494));
#1502= IFCFACEOUTERBOUND(#1501,.T.);
#1503= IFCFACE((#1502));
#1504= IFCCARTESIANPOINT((334.,-3.,-1.81898940354586E-12));
#1505= IFCCARTESIANPOINT((334.,3.,-1.81898940354586E-12));
#1506= IFCPOLYLOOP((#1499,#1504,#1505,#1500));
#1507= IFCFACEOUTERBOUND(#1506,.T.);
#1508= IFCFACE((#1507));
#1509= IFCPOLYLOOP((#1504,#1492,#1495,#1505));
#1510= IFCFACEOUTERBOUND(#1509,.T.);
#1511= IFCFACE((#1510));
#1512= IFCPOLYLOOP((#1500,#1505,#1495,#1494));
#1513= IFCFACEOUTERBOUND(#1512,.T.);
#1514= IFCFACE((#1513));
#1515= IFCPOLYLOOP((#1504,#1499,#1493,#1492));
#1516= IFCFACEOUTERBOUND(#1515,.T.);
#1517= IFCFACE((#1516));
#1518= IFCCLOSEDSHELL((#1498,#1503,#1508,#1511,#1514,#1517));
#1519= IFCFACETEDBREP(#1518);
#1520= IFCSTYLEDITEM(#1519,(#1491),$);
#1521= IFCSHAPEREPRESENTATION(#12,'Body','Brep',(#1519));
#1522= IFCPRODUCTDEFINITIONSHAPE($,$,(#1521));
#1523= IFCCARTESIANPOINT((56472.9991149903,-3778.31981498718,10292.0001907349));
#1524= IFCAXIS2PLACEMENT3D(#1523,#660,#7);
#1525= IFCLOCALPLACEMENT(#42,#1524);
#1526= IFCPLATE('0fYRaMIjX4w847KQxBlFRT',#44,'PLATE-6','PL6*234',$,#1525,#1522,'ID2989b916-4ad8-44e8-8107-51aecbbcf6dd');
#1527= IFCPLATETYPE('2awCqa0S5E6fZ3dE_1Qijm',#5,'PL6*234',$,$,$,$,$,$,.NOTDEFINED.);
#1528= IFCPROPERTYSINGLEVALUE('Preliminary mark',$,IFCLABEL('5-1-P61'),$);
#1529= IFCPROPERTYSINGLEVALUE('Class',$,IFCLABEL('18'),$);
#1530= IFCPROPERTYSET('2xtI7q13z7ifUUoDim8dh3',#5,'Tekla Common','Common Properties to Shared building elements',(#957,#958,#892,#1528,#894,#1529));
#1531= IFCPROPERTYSINGLEVALUE('Weight',$,IFCMASSMEASURE(3.68),$);
#1532= IFCPROPERTYSINGLEVALUE('Gross footprint area',$,IFCAREAMEASURE(0.002),$);
#1533= IFCPROPERTYSINGLEVALUE('Area per tons',$,IFCAREAMEASURE(44.314),$);
#1534= IFCPROPERTYSINGLEVALUE('Net surface area',$,IFCAREAMEASURE(0.163),$);
#1535= IFCPROPERTYSINGLEVALUE('Width',$,IFCLENGTHMEASURE(6.),$);
#1536= IFCPROPERTYSET('0ao8zE69L9cveyXkV4l873',#5,'Tekla Quantity','Quantity Properties to Shared building elements',(#1531,#1150,#1532,#1533,#1534,#966,#1535,#968));
#1537= IFCPROPERTYSINGLEVALUE('Reference',$,IFCIDENTIFIER('5-1-P61'),$);
#1538= IFCPROPERTYSET('0FQ4eebMH6_g_NkurpglID',#5,'Pset_PlateCommon','Common Properties to plate elements',(#906,#1537));
#1539= IFCQUANTITYLENGTH('Width',$,$,234.000000000002);
#1540= IFCQUANTITYAREA('NetArea',$,$,0.163128);
#1541= IFCQUANTITYAREA('GrossArea',$,$,0.0781560000000006);
#1542= IFCQUANTITYAREA('CrossSectionArea',$,$,3.6E-05);
#1543= IFCQUANTITYVOLUME('NetVolume',$,$,0.00046893600000003);
#1544= IFCQUANTITYVOLUME('GrossVolume',$,$,0.00046893600000003);
#1545= IFCELEMENTQUANTITY('0Mdq5oZs53pgS4dFOespJ7',#5,'BaseQuantities',$,$,(#1539,#1540,#1541,#1542,#1543,#1544));
#1546= IFCCARTESIANPOINT((939.899809265142,125.,-175.));
#1547= IFCCARTESIANPOINT((939.899809265142,-125.,-175.));
#1548= IFCPOLYLOOP((#1011,#999,#1546,#1547));
#1549= IFCFACEOUTERBOUND(#1548,.T.);
#1550= IFCFACE((#1549));
#1551= IFCCARTESIANPOINT((939.899809265142,-125.,175.));
#1552= IFCPOLYLOOP((#1006,#1011,#1547,#1551));
#1553= IFCFACEOUTERBOUND(#1552,.T.);
#1554= IFCFACE((#1553));
#1555= IFCCARTESIANPOINT((939.899809265142,125.,175.));
#1556= IFCPOLYLOOP((#1000,#1006,#1551,#1555));
#1557= IFCFACEOUTERBOUND(#1556,.T.);
#1558= IFCFACE((#1557));
#1559= IFCPOLYLOOP((#999,#1000,#1555,#1546));
#1560= IFCFACEOUTERBOUND(#1559,.T.);
#1561= IFCFACE((#1560));
#1562= IFCCARTESIANPOINT((939.899809265142,-117.,167.));
#1563= IFCCARTESIANPOINT((939.899809265142,-117.,-167.));
#1564= IFCPOLYLOOP((#980,#986,#1562,#1563));
#1565= IFCFACEOUTERBOUND(#1564,.T.);
#1566= IFCFACE((#1565));
#1567= IFCCARTESIANPOINT((939.899809265142,117.,167.));
#1568= IFCPOLYLOOP((#986,#991,#1567,#1562));
#1569= IFCFACEOUTERBOUND(#1568,.T.);
#1570= IFCFACE((#1569));
#1571= IFCCARTESIANPOINT((939.899809265142,117.,-167.));
#1572= IFCPOLYLOOP((#991,#979,#1571,#1567));
#1573= IFCFACEOUTERBOUND(#1572,.T.);
#1574= IFCFACE((#1573));
#1575= IFCPOLYLOOP((#1551,#1547,#1546,#1555));
#1576= IFCFACEOUTERBOUND(#1575,.T.);
#1577= IFCPOLYLOOP((#1562,#1567,#1571,#1563));
#1578= IFCFACEBOUND(#1577,.T.);
#1579= IFCFACE((#1576,#1578));
#1580= IFCPOLYLOOP((#979,#980,#1563,#1571));
#1581= IFCFACEOUTERBOUND(#1580,.T.);
#1582= IFCFACE((#1581));
#1583= IFCCLOSEDSHELL((#1550,#1554,#1558,#1561,#1566,#1570,#1574,#1579,#1582,#1028));
#1584= IFCFACETEDBREP(#1583);
#1585= IFCSTYLEDITEM(#1584,(#920),$);
#1586= IFCSHAPEREPRESENTATION(#12,'Body','Brep',(#1584));
#1587= IFCPRODUCTDEFINITIONSHAPE($,$,(#1586));
#1588= IFCCARTESIANPOINT((56639.9991149902,-4823.49971580506,10300.0001907349));
#1589= IFCAXIS2PLACEMENT3D(#1588,#1035,#9);
#1590= IFCLOCALPLACEMENT(#42,#1589);
#1591= IFCBEAM('3IQ$OvLY16JRtUycpwxuFO',#44,'B1-\S\?\S\Z350x250x8','TUB350X250X8 ',$,#1590,#1587,'IDd26bf639-5620-464d-bdde-f26cfaef83d8');
#1592= IFCPROPERTYSINGLEVALUE('Bottom elevation',$,IFCLABEL(' +10.300'),$);
#1593= IFCPROPERTYSINGLEVALUE('Preliminary mark',$,IFCLABEL('5-1-P8(?)'),$);
#1594= IFCPROPERTYSET('2P7VlX3BPBBAWxTy7wtgwO',#5,'Tekla Common','Common Properties to Shared building elements',(#1592,#1394,#892,#1593,#894,#1043));
#1595= IFCPROPERTYSINGLEVALUE('Weight',$,IFCMASSMEASURE(68.94),$);
#1596= IFCPROPERTYSINGLEVALUE('Volume',$,IFCVOLUMEMEASURE(0.009),$);
#1597= IFCPROPERTYSINGLEVALUE('Gross footprint area',$,IFCAREAMEASURE(0.009),$);
#1598= IFCPROPERTYSINGLEVALUE('Area per tons',$,IFCAREAMEASURE(16.435),$);
#1599= IFCPROPERTYSINGLEVALUE('Net surface area',$,IFCAREAMEASURE(1.133),$);
#1600= IFCPROPERTYSINGLEVALUE('Length',$,IFCLENGTHMEASURE(939.9),$);
#1601= IFCPROPERTYSET('1u2U0o2U92FBnafyONBY0b',#5,'Tekla Quantity','Quantity Properties to Shared building elements',(#1595,#1596,#1597,#1598,#1599,#1050,#1051,#1600));
#1602= IFCPROPERTYSINGLEVALUE('Reference',$,IFCIDENTIFIER('5-1-P8'),$);
#1603= IFCPROPERTYSET('1JvzanbOH0IAAOSmAN86gx',#5,'Pset_BeamCommon','Common Properties to beam elements',(#906,#1602));
#1604= IFCQUANTITYLENGTH('Length',$,$,939.899809265142);
#1605= IFCQUANTITYAREA('OuterSurfaceArea',$,$,1.13304515212746);
#1606= IFCQUANTITYVOLUME('NetVolume',$,$,0.00878242381777525);
#1607= IFCQUANTITYWEIGHT('NetWeight',$,$,68.9420269695357);
#1608= IFCELEMENTQUANTITY('0rpZ02CHjAFudikMNBwGmt',#5,'BaseQuantities',$,$,(#1604,#1605,#1606,#1607));
#1609= IFCCARTESIANPOINT((1199.89980926514,125.,-175.));
#1610= IFCCARTESIANPOINT((1199.89980926514,-125.,-175.));
#1611= IFCPOLYLOOP((#1011,#999,#1609,#1610));
#1612= IFCFACEOUTERBOUND(#1611,.T.);
#1613= IFCFACE((#1612));
#1614= IFCCARTESIANPOINT((1199.89980926514,-125.,175.));
#1615= IFCPOLYLOOP((#1006,#1011,#1610,#1614));
#1616= IFCFACEOUTERBOUND(#1615,.T.);
#1617= IFCFACE((#1616));
#1618= IFCCARTESIANPOINT((1199.89980926514,125.,175.));
#1619= IFCPOLYLOOP((#1000,#1006,#1614,#1618));
#1620= IFCFACEOUTERBOUND(#1619,.T.);
#1621= IFCFACE((#1620));
#1622= IFCPOLYLOOP((#999,#1000,#1618,#1609));
#1623= IFCFACEOUTERBOUND(#1622,.T.);
#1624= IFCFACE((#1623));
#1625= IFCCARTESIANPOINT((1199.89980926514,-117.,167.));
#1626= IFCCARTESIANPOINT((1199.89980926514,-117.,-167.));
#1627= IFCPOLYLOOP((#980,#986,#1625,#1626));
#1628= IFCFACEOUTERBOUND(#1627,.T.);
#1629= IFCFACE((#1628));
#1630= IFCCARTESIANPOINT((1199.89980926514,117.,167.));
#1631= IFCPOLYLOOP((#986,#991,#1630,#1625));
#1632= IFCFACEOUTERBOUND(#1631,.T.);
#1633= IFCFACE((#1632));
#1634= IFCCARTESIANPOINT((1199.89980926514,117.,-167.));
#1635= IFCPOLYLOOP((#991,#979,#1634,#1630));
#1636= IFCFACEOUTERBOUND(#1635,.T.);
#1637= IFCFACE((#1636));
#1638= IFCPOLYLOOP((#1614,#1610,#1609,#1618));
#1639= IFCFACEOUTERBOUND(#1638,.T.);
#1640= IFCPOLYLOOP((#1625,#1630,#1634,#1626));
#1641= IFCFACEBOUND(#1640,.T.);
#1642= IFCFACE((#1639,#1641));
#1643= IFCPOLYLOOP((#979,#980,#1626,#1634));
#1644= IFCFACEOUTERBOUND(#1643,.T.);
#1645= IFCFACE((#1644));
#1646= IFCCLOSEDSHELL((#1613,#1617,#1621,#1624,#1629,#1633,#1637,#1642,#1645,#1028));
#1647= IFCFACETEDBREP(#1646);
#1648= IFCSTYLEDITEM(#1647,(#920),$);
#1649= IFCSHAPEREPRESENTATION(#12,'Body','Brep',(#1647));
#1650= IFCPRODUCTDEFINITIONSHAPE($,$,(#1649));
#1651= IFCCARTESIANPOINT((54129.6612854004,-5754.99919700621,10040.0001907349));
#1652= IFCAXIS2PLACEMENT3D(#1651,#8,#9);
#1653= IFCLOCALPLACEMENT(#42,#1652);
#1654= IFCBEAM('1kJCtoFYbCsBY3e2J0GQp_',#44,'B1-\S\?\S\Z350x250x8','TUB350X250X8 ',$,#1653,#1650,'ID6e4ccdf2-3e29-4cd8-b883-a024c041acfe');
#1655= IFCPROPERTYSINGLEVALUE('Bottom elevation',$,IFCLABEL(' +10.040'),$);
#1656= IFCPROPERTYSINGLEVALUE('Preliminary mark',$,IFCLABEL('5-1-P7(?)'),$);
#1657= IFCPROPERTYSET('2WKr19psT0LPPxUOZ5C0q_',#5,'Tekla Common','Common Properties to Shared building elements',(#1655,#1394,#892,#1656,#894,#1043));
#1658= IFCPROPERTYSINGLEVALUE('Weight',$,IFCMASSMEASURE(88.01),$);
#1659= IFCPROPERTYSINGLEVALUE('Volume',$,IFCVOLUMEMEASURE(0.011),$);
#1660= IFCPROPERTYSINGLEVALUE('Area per tons',$,IFCAREAMEASURE(16.405),$);
#1661= IFCPROPERTYSINGLEVALUE('Net surface area',$,IFCAREAMEASURE(1.444),$);
#1662= IFCPROPERTYSINGLEVALUE('Length',$,IFCLENGTHMEASURE(1199.9),$);
#1663= IFCPROPERTYSET('3LJQuudfr4h9qVxsgQQgp_',#5,'Tekla Quantity','Quantity Properties to Shared building elements',(#1658,#1659,#1597,#1660,#1661,#1050,#1051,#1662));
#1664= IFCPROPERTYSINGLEVALUE('Reference',$,IFCIDENTIFIER('5-1-P7'),$);
#1665= IFCPROPERTYSET('1s3ZL0nN9AVgfAkMm9sMQg',#5,'Pset_BeamCommon','Common Properties to beam elements',(#906,#1664));
#1666= IFCQUANTITYLENGTH('Length',$,$,1199.89980926514);
#1667= IFCQUANTITYAREA('OuterSurfaceArea',$,$,1.44382877785845);
#1668= IFCQUANTITYVOLUME('NetVolume',$,$,0.0112118638177777);
#1669= IFCQUANTITYWEIGHT('NetWeight',$,$,88.0131309695551);
#1670= IFCELEMENTQUANTITY('30eI_bpiXEW8bBjpTfbere',#5,'BaseQuantities',$,$,(#1666,#1667,#1668,#1669));
#1671= IFCCARTESIANPOINT((2210.33859252929,-117.,-167.));
#1672= IFCCARTESIANPOINT((2210.33859252929,117.,-167.));
#1673= IFCPOLYLOOP((#979,#980,#1671,#1672));
#1674= IFCFACEOUTERBOUND(#1673,.T.);
#1675= IFCFACE((#1674));
#1676= IFCCARTESIANPOINT((2210.33859252929,-117.,167.));
#1677= IFCPOLYLOOP((#980,#986,#1676,#1671));
#1678= IFCFACEOUTERBOUND(#1677,.T.);
#1679= IFCFACE((#1678));
#1680= IFCCARTESIANPOINT((2210.33859252929,117.,167.));
#1681= IFCPOLYLOOP((#986,#991,#1680,#1676));
#1682= IFCFACEOUTERBOUND(#1681,.T.);
#1683= IFCFACE((#1682));
#1684= IFCPOLYLOOP((#991,#979,#1672,#1680));
#1685= IFCFACEOUTERBOUND(#1684,.T.);
#1686= IFCFACE((#1685));
#1687= IFCCARTESIANPOINT((2210.33859252929,125.,175.));
#1688= IFCCARTESIANPOINT((2210.33859252929,125.,-175.));
#1689= IFCPOLYLOOP((#999,#1000,#1687,#1688));
#1690= IFCFACEOUTERBOUND(#1689,.T.);
#1691= IFCFACE((#1690));
#1692= IFCCARTESIANPOINT((2210.33859252929,-125.,175.));
#1693= IFCPOLYLOOP((#1000,#1006,#1692,#1687));
#1694= IFCFACEOUTERBOUND(#1693,.T.);
#1695= IFCFACE((#1694));
#1696= IFCCARTESIANPOINT((2210.33859252929,-125.,-175.));
#1697= IFCPOLYLOOP((#1006,#1011,#1696,#1692));
#1698= IFCFACEOUTERBOUND(#1697,.T.);
#1699= IFCFACE((#1698));
#1700= IFCPOLYLOOP((#1011,#999,#1688,#1696));
#1701= IFCFACEOUTERBOUND(#1700,.T.);
#1702= IFCFACE((#1701));
#1703= IFCPOLYLOOP((#1692,#1696,#1688,#1687));
#1704= IFCFACEOUTERBOUND(#1703,.T.);
#1705= IFCPOLYLOOP((#1676,#1680,#1672,#1671));
#1706= IFCFACEBOUND(#1705,.T.);
#1707= IFCFACE((#1704,#1706));
#1708= IFCCLOSEDSHELL((#1675,#1679,#1683,#1686,#1691,#1695,#1699,#1702,#1707,#1028));
#1709= IFCFACETEDBREP(#1708);
#1710= IFCSTYLEDITEM(#1709,(#920),$);
#1711= IFCSHAPEREPRESENTATION(#12,'Body','Brep',(#1709));
#1712= IFCPRODUCTDEFINITIONSHAPE($,$,(#1711));
#1713= IFCCARTESIANPOINT((56464.9998779297,-5754.99919700623,10175.0001907349));
#1714= IFCAXIS2PLACEMENT3D(#1713,#661,#1035);
#1715= IFCLOCALPLACEMENT(#42,#1714);
#1716= IFCBEAM('3RybyKKOn458QBb$0urMSG',#582,'B1-\S\?\S\Z350x250x8','TUB350X250X8 ',$,#1715,#1712,'IDdbf25f14-518c-4414-868b-97f038d56710');
#1717= IFCPROPERTYSINGLEVALUE('Preliminary mark',$,IFCLABEL('5-1-P6(?)'),$);
#1718= IFCPROPERTYSET('3beg4KkVj0PvWFjTorHGz8',#5,'Tekla Common','Common Properties to Shared building elements',(#1040,#1041,#892,#1717,#894,#1043));
#1719= IFCPROPERTYSINGLEVALUE('Weight',$,IFCMASSMEASURE(162.13),$);
#1720= IFCPROPERTYSINGLEVALUE('Volume',$,IFCVOLUMEMEASURE(0.021),$);
#1721= IFCPROPERTYSINGLEVALUE('Gross footprint area',$,IFCAREAMEASURE(0.774),$);
#1722= IFCPROPERTYSINGLEVALUE('Area per tons',$,IFCAREAMEASURE(16.355),$);
#1723= IFCPROPERTYSINGLEVALUE('Net surface area',$,IFCAREAMEASURE(2.652),$);
#1724= IFCPROPERTYSINGLEVALUE('Length',$,IFCLENGTHMEASURE(2210.3),$);
#1725= IFCPROPERTYSET('2YB3cITsLBXBMQl2W7Z2$g',#5,'Tekla Quantity','Quantity Properties to Shared building elements',(#1719,#1720,#1721,#1722,#1723,#1050,#1051,#1724));
#1726= IFCPROPERTYSINGLEVALUE('Reference',$,IFCIDENTIFIER('5-1-P6'),$);
#1727= IFCPROPERTYSET('1ZgOKNkLD9e9qBGP23NuiT',#5,'Pset_BeamCommon','Common Properties to beam elements',(#906,#1726));
#1728= IFCQUANTITYLENGTH('Length',$,$,2210.33859252929);
#1729= IFCQUANTITYAREA('OuterSurfaceArea',$,$,2.6516281187894);
#1730= IFCQUANTITYVOLUME('NetVolume',$,$,0.0206534038085935);
#1731= IFCQUANTITYWEIGHT('NetWeight',$,$,162.129219897459);
#1732= IFCELEMENTQUANTITY('2xHXeaEwX3EBNWjbuqako3',#5,'BaseQuantities',$,$,(#1728,#1729,#1730,#1731));
#1733= IFCCARTESIANPOINT((2481.68075531006,-117.,-167.));
#1734= IFCCARTESIANPOINT((2481.68075531006,117.,-167.));
#1735= IFCPOLYLOOP((#979,#980,#1733,#1734));
#1736= IFCFACEOUTERBOUND(#1735,.T.);
#1737= IFCFACE((#1736));
#1738= IFCCARTESIANPOINT((2481.68075531006,-117.,167.));
#1739= IFCPOLYLOOP((#980,#986,#1738,#1733));
#1740= IFCFACEOUTERBOUND(#1739,.T.);
#1741= IFCFACE((#1740));
#1742= IFCCARTESIANPOINT((2481.68075531006,117.,167.));
#1743= IFCPOLYLOOP((#986,#991,#1742,#1738));
#1744= IFCFACEOUTERBOUND(#1743,.T.);
#1745= IFCFACE((#1744));
#1746= IFCPOLYLOOP((#991,#979,#1734,#1742));
#1747= IFCFACEOUTERBOUND(#1746,.T.);
#1748= IFCFACE((#1747));
#1749= IFCCARTESIANPOINT((2481.68075531006,125.,175.));
#1750= IFCCARTESIANPOINT((2481.68075531006,125.,-175.));
#1751= IFCPOLYLOOP((#999,#1000,#1749,#1750));
#1752= IFCFACEOUTERBOUND(#1751,.T.);
#1753= IFCFACE((#1752));
#1754= IFCCARTESIANPOINT((2481.68075531006,-125.,175.));
#1755= IFCPOLYLOOP((#1000,#1006,#1754,#1749));
#1756= IFCFACEOUTERBOUND(#1755,.T.);
#1757= IFCFACE((#1756));
#1758= IFCCARTESIANPOINT((2481.68075531006,-125.,-175.));
#1759= IFCPOLYLOOP((#1006,#1011,#1758,#1754));
#1760= IFCFACEOUTERBOUND(#1759,.T.);
#1761= IFCFACE((#1760));
#1762= IFCPOLYLOOP((#1011,#999,#1750,#1758));
#1763= IFCFACEOUTERBOUND(#1762,.T.);
#1764= IFCFACE((#1763));
#1765= IFCPOLYLOOP((#1754,#1758,#1750,#1749));
#1766= IFCFACEOUTERBOUND(#1765,.T.);
#1767= IFCPOLYLOOP((#1738,#1742,#1734,#1733));
#1768= IFCFACEBOUND(#1767,.T.);
#1769= IFCFACE((#1766,#1768));
#1770= IFCCLOSEDSHELL((#1737,#1741,#1745,#1748,#1753,#1757,#1761,#1764,#1769,#1028));
#1771= IFCFACETEDBREP(#1770);
#1772= IFCSTYLEDITEM(#1771,(#920),$);
#1773= IFCSHAPEREPRESENTATION(#12,'Body','Brep',(#1771));
#1774= IFCPRODUCTDEFINITIONSHAPE($,$,(#1773));
#1775= IFCCARTESIANPOINT((56639.9991149902,-3765.31981498719,10175.0001907349));
#1776= IFCAXIS2PLACEMENT3D(#1775,#7,#661);
#1777= IFCLOCALPLACEMENT(#42,#1776);
#1778= IFCBEAM('1gg6J2QoT30h1HqsDf7Xy0',#44,'B1-\S\?\S\Z350x250x8','TUB350X250X8 ',$,#1777,#1774,'ID6aa864c2-6b27-4302-b051-d363691e1f00');
#1779= IFCPROPERTYSINGLEVALUE('Preliminary mark',$,IFCLABEL('5-1-P4(?)'),$);
#1780= IFCPROPERTYSET('0QUyDvpWzCuOn6l4nIrbGj',#5,'Tekla Common','Common Properties to Shared building elements',(#1040,#1041,#892,#1779,#894,#1043));
#1781= IFCPROPERTYSINGLEVALUE('Weight',$,IFCMASSMEASURE(182.03),$);
#1782= IFCPROPERTYSINGLEVALUE('Volume',$,IFCVOLUMEMEASURE(0.023),$);
#1783= IFCPROPERTYSINGLEVALUE('Gross footprint area',$,IFCAREAMEASURE(0.869),$);
#1784= IFCPROPERTYSINGLEVALUE('Area per tons',$,IFCAREAMEASURE(16.349),$);
#1785= IFCPROPERTYSINGLEVALUE('Net surface area',$,IFCAREAMEASURE(2.976),$);
#1786= IFCPROPERTYSINGLEVALUE('Length',$,IFCLENGTHMEASURE(2481.7),$);
#1787= IFCPROPERTYSET('1hHXfFr2z7fgIekr7CRo0d',#5,'Tekla Quantity','Quantity Properties to Shared building elements',(#1781,#1782,#1783,#1784,#1785,#1050,#1051,#1786));
#1788= IFCPROPERTYSINGLEVALUE('Reference',$,IFCIDENTIFIER('5-1-P4'),$);
#1789= IFCPROPERTYSET('2YqAzqqD90HOQ09eXqMokd',#5,'Pset_BeamCommon','Common Properties to beam elements',(#906,#1788));
#1790= IFCQUANTITYLENGTH('Length',$,$,2481.68075531006);
#1791= IFCQUANTITYAREA('OuterSurfaceArea',$,$,2.97596927710746);
#1792= IFCQUANTITYVOLUME('NetVolume',$,$,0.0231888249776153);
#1793= IFCQUANTITYWEIGHT('NetWeight',$,$,182.03227607428);
#1794= IFCELEMENTQUANTITY('0FVgopuZDC$vkS4sKCTtU7',#5,'BaseQuantities',$,$,(#1790,#1791,#1792,#1793));
#1795= IFCRELAGGREGATES('127jNwWBD20OY5D2p_YN7b',#5,$,$,#37,(#39));
#1796= IFCRELAGGREGATES('1gASFv30H3485WDLZyeNOC',#5,$,$,#39,(#41));
#1797= IFCRELAGGREGATES('2QYNqpl2PAww1a9GONnziW',#5,$,$,#41,(#43));
#1798= IFCRELCONTAINEDINSPATIALSTRUCTURE('33dKNroTH4DvUcvfsm3dcl',#5,$,$,(#1778,#1716,#1654,#1591,#1526,#1485,#1470,#1434,#1420,#1391,#1316,#1206,#1200,#1194,#1188,#1182,#1176,#1170,#1142,#1038,#955,#888,#849,#835,#751,#664,#581,#574,#567,#560,#553,#545,#538,#529,#451,#444,#437,#430,#423,#414,#406,#397,#388,#380,#373,#364,#286,#277,#269,#258,#178,#169,#161,#133),#43);
#1799= IFCRELDEFINESBYPROPERTIES('0PyTTU5sz7p88_$erD6U6a',#5,$,$,(#178,#169,#161,#133),#151);
#1800= IFCRELDEFINESBYPROPERTIES('1GLUH_q7DCx9VYD9aQIEha',#5,$,$,(#286,#277,#269,#258),#260);
#1801= IFCRELDEFINESBYPROPERTIES('0qOnOUmKLC$8OReCuaqJ_B',#5,$,$,(#451,#444,#437,#430,#423,#414,#406,#397,#388,#380,#373,#364),#366);
#1802= IFCRELDEFINESBYPROPERTIES('3cI4pM8Y98GvZTeQEgZQHW',#5,$,$,(#581,#574,#567,#560,#553,#545,#538,#529),#531);
#1803= IFCRELDEFINESBYPROPERTIES('14Yfd59uLDXRPdxXPzBIjb',#5,$,$,(#751,#664),#672);
#1804= IFCRELDEFINESBYPROPERTIES('2ItAuSb$f31w4X_rd60URj',#5,$,$,(#849,#835),#841);
#1805= IFCRELDEFINESBYPROPERTIES('1duGmQbTnB0Baern$kY7gA',#5,$,$,(#888),#896);
#1806= IFCRELDEFINESBYPROPERTIES('0uAZXyFCn1T9SQdxxHYuyw',#5,$,$,(#888),#905);
#1807= IFCRELDEFINESBYPROPERTIES('3HURV4LTjFv85G2ughq6BQ',#5,$,$,(#888),#908);
#1808= IFCRELDEFINESBYPROPERTIES('3VxGektPrB$9dxHTb8b86R',#5,$,$,(#888),#915);
#1809= IFCRELDEFINESBYPROPERTIES('1QGMUdEan4suD3zLdJplHk',#5,$,$,(#955),#961);
#1810= IFCRELDEFINESBYPROPERTIES('1utidr8vXEjg8Wuy$cbziU',#5,$,$,(#955),#969);
#1811= IFCRELDEFINESBYPROPERTIES('2QKigM7jL1ixqrQccxlE0k',#5,$,$,(#1485,#1470,#955),#971);
#1812= IFCRELDEFINESBYPROPERTIES('2SpJ_6ZQf9PfUkSV3aPorK',#5,$,$,(#955),#978);
#1813= IFCRELDEFINESBYPROPERTIES('2LmYKrCbHExevsFGwozzeN',#5,$,$,(#1038),#1044);
#1814= IFCRELDEFINESBYPROPERTIES('19sOM3tFf6XuAOZ$KMfkFj',#5,$,$,(#1038),#1053);
#1815= IFCRELDEFINESBYPROPERTIES('0YKdl5xkvBDxTD3kZThR4C',#5,$,$,(#1038),#1055);
#1816= IFCRELDEFINESBYPROPERTIES('1gahU5cNjBCPWznSF$R06l',#5,$,$,(#1038),#1060);
#1817= IFCRELDEFINESBYPROPERTIES('2aLmyAvMz6Y8y1qgweH36x',#5,$,$,(#1206,#1200,#1194,#1188,#1182,#1176,#1170,#1142),#1148);
#1818= IFCRELDEFINESBYPROPERTIES('3VguR6qt1CggALquQKC8$1',#5,$,$,(#1206,#1200,#1194,#1188,#1182,#1176,#1170,#1142),#1156);
#1819= IFCRELDEFINESBYPROPERTIES('1RBQnkGiz62hNwdXDgxCne',#5,$,$,(#1206,#1200,#1194,#1188,#1182,#1176,#1170,#1142),#1158);
#1820= IFCRELDEFINESBYPROPERTIES('0I0K2jaW9AQxzuP4wDy2XI',#5,$,$,(#1200,#1194,#1188,#1182,#1176,#1170,#1142),#1164);
#1821= IFCRELDEFINESBYPROPERTIES('1BoKcH6vfF8R7sCj9bkJj6',#5,$,$,(#1206),#1210);
#1822= IFCRELDEFINESBYPROPERTIES('3WLwBXjczCKehDIhESC6tw',#5,$,$,(#1420,#1316),#1321);
#1823= IFCRELDEFINESBYPROPERTIES('3P4CAc5f51KuN$y251isLz',#5,$,$,(#1420,#1316),#1328);
#1824= IFCRELDEFINESBYPROPERTIES('3RX3TjE0HCkuXxEzYu3bn7',#5,$,$,(#1420,#1316),#1330);
#1825= IFCRELDEFINESBYPROPERTIES('3_EBqeu2n4HBJXPoOd8nDC',#5,$,$,(#1316),#1337);
#1826= IFCRELDEFINESBYPROPERTIES('0OG6aKqfn8ehzl2s6HJtqR',#5,$,$,(#1434,#1391),#1397);
#1827= IFCRELDEFINESBYPROPERTIES('1s8FsLapX8KvyLDyX97_zx',#5,$,$,(#1434,#1391),#1402);
#1828= IFCRELDEFINESBYPROPERTIES('1KrNajTFvDGxB3RS1aXTNy',#5,$,$,(#1434,#1391),#1404);
#1829= IFCRELDEFINESBYPROPERTIES('04N6a6LEDBY8nJXRfOV9dK',#5,$,$,(#1391),#1409);
#1830= IFCRELDEFINESBYPROPERTIES('0gxdujlRv4o8pGWZ5TLQ$b',#5,$,$,(#1420),#1425);
#1831= IFCRELDEFINESBYPROPERTIES('2nML3eE$DAoPpYsHFIsg4C',#5,$,$,(#1434),#1437);
#1832= IFCRELDEFINESBYPROPERTIES('0R30oNWnHAFxnO1vtip9z9',#5,$,$,(#1470),#1473);
#1833= IFCRELDEFINESBYPROPERTIES('10AEpgk153ieIV5d_mMGHG',#5,$,$,(#1485,#1470),#1474);
#1834= IFCRELDEFINESBYPROPERTIES('1Wyz$BcBL4KhLjTulolcFG',#5,$,$,(#1485,#1470),#1479);
#1835= IFCRELDEFINESBYPROPERTIES('34Maampy91Ju8s6STEToru',#5,$,$,(#1485),#1487);
#1836= IFCRELDEFINESBYPROPERTIES('25rfNZ76zCBB4teVngtlRE',#5,$,$,(#1526),#1530);
#1837= IFCRELDEFINESBYPROPERTIES('0KY3nuRyH84ORcoYZj2OEn',#5,$,$,(#1526),#1536);
#1838= IFCRELDEFINESBYPROPERTIES('03i5QZd29APACNMkV78HYg',#5,$,$,(#1526),#1538);
#1839= IFCRELDEFINESBYPROPERTIES('30vDmMbqr52Ajsa19v4cej',#5,$,$,(#1526),#1545);
#1840= IFCRELDEFINESBYPROPERTIES('2OZry4ikzBgRwEfr_UUcct',#5,$,$,(#1591),#1594);
#1841= IFCRELDEFINESBYPROPERTIES('2lSv$k7tP6Evz26LUonGNd',#5,$,$,(#1591),#1601);
#1842= IFCRELDEFINESBYPROPERTIES('2dI3ZlK7n8Lft8gVqXB1nk',#5,$,$,(#1591),#1603);
#1843= IFCRELDEFINESBYPROPERTIES('2$IiPGL5v2tujvVyf60n0q',#5,$,$,(#1591),#1608);
#1844= IFCRELDEFINESBYPROPERTIES('30g_JMc_j3HPp_qinQUYaI',#5,$,$,(#1654),#1657);
#1845= IFCRELDEFINESBYPROPERTIES('3$5zaQ6qrFNuKeo9mguTdD',#5,$,$,(#1654),#1663);
#1846= IFCRELDEFINESBYPROPERTIES('0pHJiwPZr5DR5JE9Po$A4H',#5,$,$,(#1654),#1665);
#1847= IFCRELDEFINESBYPROPERTIES('0TBDDOxOj4hufREb9N5NI3',#5,$,$,(#1654),#1670);
#1848= IFCRELDEFINESBYPROPERTIES('24eeGh7rj02v0LANR4hNWi',#5,$,$,(#1716),#1718);
#1849= IFCRELDEFINESBYPROPERTIES('0CNMKdDfT35eEU46XSYOV8',#5,$,$,(#1716),#1725);
#1850= IFCRELDEFINESBYPROPERTIES('3b3_VfJAPD0fYsslgJu_5D',#5,$,$,(#1716),#1727);
#1851= IFCRELDEFINESBYPROPERTIES('0TbTyQYnzBGhmjLgNLzH_$',#5,$,$,(#1716),#1732);
#1852= IFCRELDEFINESBYPROPERTIES('0q5JDVg_L3ReccnI7xa5rd',#5,$,$,(#1778),#1780);
#1853= IFCRELDEFINESBYPROPERTIES('1eCkMVYdn5iAfXQwcCoHdh',#5,$,$,(#1778),#1787);
#1854= IFCRELDEFINESBYPROPERTIES('297iINftX72ASYBXn5baqq',#5,$,$,(#1778),#1789);
#1855= IFCRELDEFINESBYPROPERTIES('1CztgXaz98bgtNbIXOs9MI',#5,$,$,(#1778),#1794);
#1856= IFCRELDEFINESBYTYPE('0CaWN58MH3_B8x9yk_pMlc',#5,$,$,(#849,#835,#751,#664,#581,#574,#567,#560,#553,#545,#538,#529,#451,#444,#437,#430,#423,#414,#406,#397,#388,#380,#373,#364,#286,#277,#269,#258,#178,#169,#161,#133),#134);
#1857= IFCRELDEFINESBYTYPE('3nUdoCPAD4Ow3mX_Nxzrng',#5,$,$,(#888),#889);
#1858= IFCRELDEFINESBYTYPE('2H0pPKfVzB9hLcywFq1mSs',#5,$,$,(#1485,#1470,#955),#956);
#1859= IFCRELDEFINESBYTYPE('02zDs2d313IBgbpzZHm$Zi',#5,$,$,(#1778,#1716,#1654,#1591,#1038),#1039);
#1860= IFCRELDEFINESBYTYPE('3pMsG1zoz8c8xofIar5eoD',#5,$,$,(#1206,#1200,#1194,#1188,#1182,#1176,#1170,#1142),#1143);
#1861= IFCRELDEFINESBYTYPE('07R40Ixnz6vwMGjTalqmei',#5,$,$,(#1420,#1316),#1317);
#1862= IFCRELDEFINESBYTYPE('2g8AcTanX8$x59n_GXpn6_',#5,$,$,(#1434,#1391),#1392);
#1863= IFCRELDEFINESBYTYPE('0toFF7axL7VwPBrcCJWE6w',#5,$,$,(#1526),#1527);
#1864= IFCRELASSOCIATESMATERIAL('2t3UF_eqDAu8oF6FgEPJBQ',#5,$,$,(#581,#574,#567,#560,#553,#545,#538,#529,#451,#444,#437,#430,#423,#414,#406,#397,#388,#380,#373,#364,#286,#277,#269,#258,#178,#169,#161,#133),#152);
#1865= IFCRELASSOCIATESMATERIAL('2DRxxW94H0JB0YKxNLbELd',#5,$,$,(#751,#664),#673);
#1866= IFCRELASSOCIATESMATERIAL('0$$rlo3BT8HhVAIFU6DmX0',#5,$,$,(#849,#835),#842);
#1867= IFCRELASSOCIATESMATERIAL('3MqkFGlMXDc9tW9y3QXlNm',#5,$,$,(#1778,#1716,#1654,#1591,#1526,#1485,#1470,#1434,#1420,#1391,#1316,#1206,#1200,#1194,#1188,#1182,#1176,#1170,#1142,#1038,#955,#888),#916);
#1868= IFCPRESENTATIONLAYERASSIGNMENT('BoltArray',$,(#126,#154,#163,#171,#251,#262,#271,#279,#359,#368,#375,#382,#390,#399,#408,#416,#425,#432,#439,#446,#524,#533,#540,#547,#555,#562,#569,#576,#657,#746,#828,#844),$);
#1869= IFCPRESENTATIONLAYERASSIGNMENT('PLATE-12',$,(#883),$);
#1870= IFCPRESENTATIONLAYERASSIGNMENT('PLATE-8',$,(#950,#1137,#1165,#1171,#1177,#1183,#1189,#1195,#1201,#1465,#1480),$);
#1871= IFCPRESENTATIONLAYERASSIGNMENT('B1-\S\?\S\Z350x250x8',$,(#1032,#1586,#1649,#1711,#1773),$);
#1872= IFCPRESENTATIONLAYERASSIGNMENT('PLATE-22',$,(#1309,#1413),$);
#1873= IFCPRESENTATIONLAYERASSIGNMENT('PLATE-16',$,(#1386,#1429),$);
#1874= IFCPRESENTATIONLAYERASSIGNMENT('PLATE-6',$,(#1521),$);
ENDSEC;

END-ISO-10303-21;
