ISO-10303-21;
HEADER;
FILE_DESCRIPTION(('ViewDefinition[CoordinationView_V2.0, QuantityTakeOffAddOnView]', 'ExchangeRequirement[Structural, SurfaceGeometry]', 'Option [BaseQuantities:On]', 'Option [GridExport:On]', 'Option [Assemblies:Off]', 'Option [Bolts:On]', 'Option [Rebars:On]', 'Option [PourObjects:Off]', 'Option [Welds:Off]', 'Option [SurfaceTreatments:On]', 'Option [LocationBy:0]', 'Option [ViewColors:Off]', 'Option [SectionedSpine:Off]', 'Option [PropertySets:On]', 'Option [Export all:Off]'),'2;1');
FILE_NAME('5-1-A15_1.ifc','2026-03-10T08:04:21',('DESKTOP-NLV509P\\Ahmed'),('Structural Designer'),'IFC Parser version: 3.13.2','Tekla Structures 2023 Service Pack 8, IFC Export Version: 4.0.0.0 Jan 19 2024','');
FILE_SCHEMA(('IFC2X3'));
ENDSEC;

DATA;
#1= IFCPERSON('DESKTOP-NLV509P\\Ahmed','Undefined',$,$,$,$,$,$);
#2= IFCORGANIZATION($,'Trimble Solutions Corporation',$,$,$);
#3= IFCPERSONANDORGANIZATION(#1,#2,$);
#4= IFCAPPLICATION(#2,'2023 Service Pack 8','Tekla Structures','Multi material modeling');
#5= IFCOWNERHISTORY(#3,#4,$,.NOCHANGE.,$,$,$,1773119061);
#6= IFCCARTESIANPOINT((0.,0.,0.));
#7= IFCDIRECTION((1.,0.,0.));
#8= IFCDIRECTION((0.,1.,0.));
#9= IFCDIRECTION((0.,0.,1.));
#10= IFCAXIS2PLACEMENT3D(#6,#9,#7);
#11= IFCGEOMETRICREPRESENTATIONCONTEXT($,'Model',3,1.E-05,#10,$);
#12= IFCGEOMETRICREPRESENTATIONSUBCONTEXT('Body','Model',*,*,*,*,#11,$,.MODEL_VIEW.,$);
#13= IFCGEOMETRICREPRESENTATIONSUBCONTEXT('Axis','Model',*,*,*,*,#11,$,.GRAPH_VIEW.,$);
#14= IFCGEOMETRICREPRESENTATIONSUBCONTEXT('FootPrint','Model',*,*,*,*,#11,$,.MODEL_VIEW.,$);
#15= IFCSIUNIT(*,.LENGTHUNIT.,.MILLI.,.METRE.);
#16= IFCMEASUREWITHUNIT(IFCRATIOMEASURE(304.8),#15);
#17= IFCDIMENSIONALEXPONENTS(1,0,0,0,0,0,0);
#18= IFCCONVERSIONBASEDUNIT(#17,.LENGTHUNIT.,'FOOT',#16);
#19= IFCSIUNIT(*,.AREAUNIT.,$,.SQUARE_METRE.);
#20= IFCMEASUREWITHUNIT(IFCRATIOMEASURE(0.09290304),#19);
#21= IFCDIMENSIONALEXPONENTS(2,0,0,0,0,0,0);
#22= IFCCONVERSIONBASEDUNIT(#21,.AREAUNIT.,'SQUARE FOOT',#20);
#23= IFCSIUNIT(*,.VOLUMEUNIT.,$,.CUBIC_METRE.);
#24= IFCMEASUREWITHUNIT(IFCRATIOMEASURE(0.028316846592),#23);
#25= IFCDIMENSIONALEXPONENTS(3,0,0,0,0,0,0);
#26= IFCCONVERSIONBASEDUNIT(#25,.VOLUMEUNIT.,'CUBIC FOOT',#24);
#27= IFCSIUNIT(*,.MASSUNIT.,.KILO.,.GRAM.);
#28= IFCSIUNIT(*,.TIMEUNIT.,$,.SECOND.);
#29= IFCSIUNIT(*,.PLANEANGLEUNIT.,$,.RADIAN.);
#30= IFCMEASUREWITHUNIT(IFCRATIOMEASURE(0.0174532925199433),#29);
#31= IFCDIMENSIONALEXPONENTS(0,0,0,0,0,0,0);
#32= IFCCONVERSIONBASEDUNIT(#31,.PLANEANGLEUNIT.,'DEGREE',#30);
#33= IFCSIUNIT(*,.SOLIDANGLEUNIT.,$,.STERADIAN.);
#34= IFCSIUNIT(*,.THERMODYNAMICTEMPERATUREUNIT.,$,.DEGREE_CELSIUS.);
#35= IFCSIUNIT(*,.LUMINOUSINTENSITYUNIT.,$,.LUMEN.);
#36= IFCUNITASSIGNMENT((#15,#19,#23,#27,#28,#29,#33,#34,#35));
#37= IFCPROJECT('0S5G6fuNn3d9UzJglgkK_1',#5,'Undefined',$,$,$,$,(#11),#36);
#38= IFCLOCALPLACEMENT($,#10);
#39= IFCSITE('2LzjCzlXj6k9ZoaO$Z5rFI',#5,'Undefined',$,$,#38,$,$,.ELEMENT.,$,$,$,$,$);
#40= IFCLOCALPLACEMENT(#38,#10);
#41= IFCBUILDING('3Mb6kgiiPAzQKn0tC37gIa',#5,'Undefined',$,$,#40,$,$,.ELEMENT.,$,$,$);
#42= IFCLOCALPLACEMENT(#40,#10);
#43= IFCBUILDINGSTOREY('3gJPpYF7LCbf7I109fNVl5',#5,'Undefined',$,$,#42,$,$,.ELEMENT.,0.);
#44= IFCOWNERHISTORY(#3,#4,$,.NOCHANGE.,$,$,$,1770796800);
#45= IFCCOLOURRGB($,0.698039215686274,0.4,0.);
#46= IFCSURFACESTYLERENDERING(#45,0.,$,$,$,$,IFCNORMALISEDRATIOMEASURE(0.00390625),IFCSPECULAREXPONENT(10.),.NOTDEFINED.);
#47= IFCSURFACESTYLE('Undefined',.POSITIVE.,(#46));
#48= IFCPRESENTATIONSTYLEASSIGNMENT((#47));
#49= IFCCARTESIANPOINT((15.,106.184051075196,0.));
#50= IFCCARTESIANPOINT((12.9903810567663,106.184051075196,7.50000000000045));
#51= IFCCARTESIANPOINT((7.4999999999991,106.184051075196,12.9903810567671));
#52= IFCCARTESIANPOINT((-1.55450397240048E-12,106.184051075196,15.));
#53= IFCCARTESIANPOINT((-7.50000000000179,106.184051075196,12.9903810567655));
#54= IFCCARTESIANPOINT((-12.9903810567679,106.184051075196,7.49999999999776));
#55= IFCCARTESIANPOINT((-15.,106.184051075196,-3.10900794480097E-12));
#56= IFCCARTESIANPOINT((-12.9903810567648,106.184051075196,-7.50000000000313));
#57= IFCCARTESIANPOINT((-7.49999999999642,106.184051075196,-12.9903810567686));
#58= IFCCARTESIANPOINT((4.64685857183207E-12,106.184051075196,-15.));
#59= IFCCARTESIANPOINT((7.50000000000448,106.184051075196,-12.990381056764));
#60= IFCCARTESIANPOINT((12.9903810567694,106.184051075196,-7.49999999999507));
#61= IFCCARTESIANPOINT((15.,126.284051075572,0.));
#62= IFCCARTESIANPOINT((12.9903810567663,126.284051075572,7.50000000000045));
#63= IFCCARTESIANPOINT((7.4999999999991,126.284051075572,12.9903810567671));
#64= IFCCARTESIANPOINT((-1.55450397240048E-12,126.284051075572,15.));
#65= IFCCARTESIANPOINT((-7.50000000000179,126.284051075572,12.9903810567655));
#66= IFCCARTESIANPOINT((-12.9903810567679,126.284051075572,7.49999999999776));
#67= IFCCARTESIANPOINT((-15.,126.284051075572,-3.10900794480097E-12));
#68= IFCCARTESIANPOINT((-12.9903810567648,126.284051075572,-7.50000000000313));
#69= IFCCARTESIANPOINT((-7.49999999999642,126.284051075572,-12.9903810567686));
#70= IFCCARTESIANPOINT((4.64685857183207E-12,126.284051075572,-15.));
#71= IFCCARTESIANPOINT((7.50000000000448,126.284051075572,-12.990381056764));
#72= IFCCARTESIANPOINT((12.9903810567694,126.284051075572,-7.49999999999507));
#73= IFCPOLYLOOP((#49,#50,#51,#52,#53,#54,#55,#56,#57,#58,#59,#60));
#74= IFCFACEOUTERBOUND(#73,.T.);
#75= IFCFACE((#74));
#76= IFCPOLYLOOP((#72,#71,#70,#69,#68,#67,#66,#65,#64,#63,#62,#61));
#77= IFCFACEOUTERBOUND(#76,.T.);
#78= IFCFACE((#77));
#79= IFCPOLYLOOP((#49,#61,#62,#50));
#80= IFCFACEOUTERBOUND(#79,.T.);
#81= IFCFACE((#80));
#82= IFCPOLYLOOP((#50,#62,#63,#51));
#83= IFCFACEOUTERBOUND(#82,.T.);
#84= IFCFACE((#83));
#85= IFCPOLYLOOP((#51,#63,#64,#52));
#86= IFCFACEOUTERBOUND(#85,.T.);
#87= IFCFACE((#86));
#88= IFCPOLYLOOP((#52,#64,#65,#53));
#89= IFCFACEOUTERBOUND(#88,.T.);
#90= IFCFACE((#89));
#91= IFCPOLYLOOP((#53,#65,#66,#54));
#92= IFCFACEOUTERBOUND(#91,.T.);
#93= IFCFACE((#92));
#94= IFCPOLYLOOP((#54,#66,#67,#55));
#95= IFCFACEOUTERBOUND(#94,.T.);
#96= IFCFACE((#95));
#97= IFCPOLYLOOP((#55,#67,#68,#56));
#98= IFCFACEOUTERBOUND(#97,.T.);
#99= IFCFACE((#98));
#100= IFCPOLYLOOP((#56,#68,#69,#57));
#101= IFCFACEOUTERBOUND(#100,.T.);
#102= IFCFACE((#101));
#103= IFCPOLYLOOP((#57,#69,#70,#58));
#104= IFCFACEOUTERBOUND(#103,.T.);
#105= IFCFACE((#104));
#106= IFCPOLYLOOP((#58,#70,#71,#59));
#107= IFCFACEOUTERBOUND(#106,.T.);
#108= IFCFACE((#107));
#109= IFCPOLYLOOP((#59,#71,#72,#60));
#110= IFCFACEOUTERBOUND(#109,.T.);
#111= IFCFACE((#110));
#112= IFCPOLYLOOP((#60,#72,#61,#49));
#113= IFCFACEOUTERBOUND(#112,.T.);
#114= IFCFACE((#113));
#115= IFCCLOSEDSHELL((#75,#78,#81,#84,#87,#90,#93,#96,#99,#102,#105,#108,#111,#114));
#116= IFCCOLOURRGB($,0.,0.,0.);
#117= IFCSURFACESTYLERENDERING(#116,0.,$,$,$,$,IFCNORMALISEDRATIOMEASURE(0.00390625),IFCSPECULAREXPONENT(10.),.NOTDEFINED.);
#118= IFCSURFACESTYLE($,.POSITIVE.,(#117));
#119= IFCPRESENTATIONSTYLEASSIGNMENT((#118));
#120= IFCFACETEDBREP(#115);
#121= IFCSTYLEDITEM(#120,(#119),$);
#122= IFCCARTESIANTRANSFORMATIONOPERATOR3D($,$,#6,$,$);
#123= IFCSHAPEREPRESENTATION(#12,'Body','Brep',(#120));
#124= IFCREPRESENTATIONMAP(#10,#123);
#125= IFCMAPPEDITEM(#124,#122);
#126= IFCSHAPEREPRESENTATION(#12,'Body','MappedRepresentation',(#125));
#127= IFCPRODUCTDEFINITIONSHAPE($,$,(#126));
#128= IFCCARTESIANPOINT((1625.26373042707,26030.2055950227,10915.0001907348));
#129= IFCDIRECTION((-0.999999998289285,5.84929999604709E-05,0.));
#130= IFCAXIS2PLACEMENT3D(#128,#9,#129);
#131= IFCLOCALPLACEMENT(#42,#130);
#132= IFCMECHANICALFASTENER('2WUwN0J5D4YwxXgvSmyxtD',#44,'Bolt assembly',$,$,#131,#127,'IDa07ba5c0-4c53-448b-aee1-ab9730f3bdcd',28.,20.);
#133= IFCMECHANICALFASTENERTYPE('3my8i$RXrB$w_6QB4OVokS',#5,'Bolt assembly',$,$,$,$,$,$);
#134= IFCPROPERTYSINGLEVALUE('Washer count',$,IFCINTEGER(0),$);
#135= IFCPROPERTYSINGLEVALUE('Washer diameter',$,IFCLENGTHMEASURE(28.),$);
#136= IFCPROPERTYSINGLEVALUE('Washer type',$,IFCLABEL('PLAIN'),$);
#137= IFCPROPERTYSINGLEVALUE('Washer name',$,IFCLABEL(''),$);
#138= IFCPROPERTYSINGLEVALUE('Nut count',$,IFCINTEGER(0),$);
#139= IFCPROPERTYSINGLEVALUE('Nut type',$,IFCLABEL('HEAVY_HEX'),$);
#140= IFCPROPERTYSINGLEVALUE('Nut name',$,IFCLABEL(''),$);
#141= IFCPROPERTYSINGLEVALUE('Slotted hole y',$,IFCLENGTHMEASURE(0.),$);
#142= IFCPROPERTYSINGLEVALUE('Slotted hole x',$,IFCLENGTHMEASURE(0.),$);
#143= IFCPROPERTYSINGLEVALUE('Bolt hole diameter',$,IFCLENGTHMEASURE(30.),$);
#144= IFCPROPERTYSINGLEVALUE('Location',$,IFCLABEL('Site'),$);
#145= IFCPROPERTYSINGLEVALUE('Bolt count',$,IFCINTEGER(1),$);
#146= IFCPROPERTYSINGLEVALUE('Bolt size',$,IFCLENGTHMEASURE(30.),$);
#147= IFCPROPERTYSINGLEVALUE('Bolt length',$,IFCLENGTHMEASURE(20.),$);
#148= IFCPROPERTYSINGLEVALUE('Bolt standard',$,IFCLABEL(''),$);
#149= IFCPROPERTYSINGLEVALUE('Bolt Name',$,IFCLABEL(''),$);
#150= IFCPROPERTYSET('3D9pd$kWLA5wqcWmyucyju',#5,'Tekla Bolt','Bolt Properties',(#134,#135,#136,#137,#138,#139,#140,#141,#142,#143,#144,#145,#146,#147,#148,#149));
#151= IFCMATERIAL('Undefined');
#152= IFCCARTESIANPOINT((15.,-9.99999999880944,0.));
#153= IFCCARTESIANPOINT((12.9903810567663,-9.99999999880944,7.50000000000045));
#154= IFCCARTESIANPOINT((7.4999999999991,-9.99999999880944,12.9903810567671));
#155= IFCCARTESIANPOINT((-1.55450397240048E-12,-9.99999999880944,15.));
#156= IFCCARTESIANPOINT((-7.50000000000179,-9.99999999880944,12.9903810567655));
#157= IFCCARTESIANPOINT((-12.9903810567679,-9.99999999880944,7.49999999999776));
#158= IFCCARTESIANPOINT((-15.,-9.99999999880944,-3.10900794480097E-12));
#159= IFCCARTESIANPOINT((-12.9903810567648,-9.99999999880944,-7.50000000000313));
#160= IFCCARTESIANPOINT((-7.49999999999642,-9.99999999880944,-12.9903810567686));
#161= IFCCARTESIANPOINT((4.64685857183207E-12,-9.99999999880944,-15.));
#162= IFCCARTESIANPOINT((7.50000000000448,-9.99999999880944,-12.990381056764));
#163= IFCCARTESIANPOINT((12.9903810567694,-9.99999999880944,-7.49999999999507));
#164= IFCCARTESIANPOINT((15.,10.1000000011932,0.));
#165= IFCCARTESIANPOINT((12.9903810567663,10.1000000011932,7.50000000000045));
#166= IFCCARTESIANPOINT((7.4999999999991,10.1000000011932,12.9903810567671));
#167= IFCCARTESIANPOINT((-1.55450397240048E-12,10.1000000011932,15.));
#168= IFCCARTESIANPOINT((-7.50000000000179,10.1000000011932,12.9903810567655));
#169= IFCCARTESIANPOINT((-12.9903810567679,10.1000000011932,7.49999999999776));
#170= IFCCARTESIANPOINT((-15.,10.1000000011932,-3.10900794480097E-12));
#171= IFCCARTESIANPOINT((-12.9903810567648,10.1000000011932,-7.50000000000313));
#172= IFCCARTESIANPOINT((-7.49999999999642,10.1000000011932,-12.9903810567686));
#173= IFCCARTESIANPOINT((4.64685857183207E-12,10.1000000011932,-15.));
#174= IFCCARTESIANPOINT((7.50000000000448,10.1000000011932,-12.990381056764));
#175= IFCCARTESIANPOINT((12.9903810567694,10.1000000011932,-7.49999999999507));
#176= IFCPOLYLOOP((#152,#153,#154,#155,#156,#157,#158,#159,#160,#161,#162,#163));
#177= IFCFACEOUTERBOUND(#176,.T.);
#178= IFCFACE((#177));
#179= IFCPOLYLOOP((#175,#174,#173,#172,#171,#170,#169,#168,#167,#166,#165,#164));
#180= IFCFACEOUTERBOUND(#179,.T.);
#181= IFCFACE((#180));
#182= IFCPOLYLOOP((#152,#164,#165,#153));
#183= IFCFACEOUTERBOUND(#182,.T.);
#184= IFCFACE((#183));
#185= IFCPOLYLOOP((#153,#165,#166,#154));
#186= IFCFACEOUTERBOUND(#185,.T.);
#187= IFCFACE((#186));
#188= IFCPOLYLOOP((#154,#166,#167,#155));
#189= IFCFACEOUTERBOUND(#188,.T.);
#190= IFCFACE((#189));
#191= IFCPOLYLOOP((#155,#167,#168,#156));
#192= IFCFACEOUTERBOUND(#191,.T.);
#193= IFCFACE((#192));
#194= IFCPOLYLOOP((#156,#168,#169,#157));
#195= IFCFACEOUTERBOUND(#194,.T.);
#196= IFCFACE((#195));
#197= IFCPOLYLOOP((#157,#169,#170,#158));
#198= IFCFACEOUTERBOUND(#197,.T.);
#199= IFCFACE((#198));
#200= IFCPOLYLOOP((#158,#170,#171,#159));
#201= IFCFACEOUTERBOUND(#200,.T.);
#202= IFCFACE((#201));
#203= IFCPOLYLOOP((#159,#171,#172,#160));
#204= IFCFACEOUTERBOUND(#203,.T.);
#205= IFCFACE((#204));
#206= IFCPOLYLOOP((#160,#172,#173,#161));
#207= IFCFACEOUTERBOUND(#206,.T.);
#208= IFCFACE((#207));
#209= IFCPOLYLOOP((#161,#173,#174,#162));
#210= IFCFACEOUTERBOUND(#209,.T.);
#211= IFCFACE((#210));
#212= IFCPOLYLOOP((#162,#174,#175,#163));
#213= IFCFACEOUTERBOUND(#212,.T.);
#214= IFCFACE((#213));
#215= IFCPOLYLOOP((#163,#175,#164,#152));
#216= IFCFACEOUTERBOUND(#215,.T.);
#217= IFCFACE((#216));
#218= IFCCLOSEDSHELL((#178,#181,#184,#187,#190,#193,#196,#199,#202,#205,#208,#211,#214,#217));
#219= IFCFACETEDBREP(#218);
#220= IFCSTYLEDITEM(#219,(#119),$);
#221= IFCSHAPEREPRESENTATION(#12,'Body','Brep',(#219));
#222= IFCREPRESENTATIONMAP(#10,#221);
#223= IFCMAPPEDITEM(#222,#122);
#224= IFCSHAPEREPRESENTATION(#12,'Body','MappedRepresentation',(#223));
#225= IFCPRODUCTDEFINITIONSHAPE($,$,(#224));
#226= IFCCARTESIANPOINT((1625.25880129234,25914.0215440493,10695.0001906586));
#227= IFCDIRECTION((-0.99999999862114,5.25139999808744E-05,0.));
#228= IFCDIRECTION((0.,0.,-1.));
#229= IFCAXIS2PLACEMENT3D(#226,#227,#228);
#230= IFCLOCALPLACEMENT(#42,#229);
#231= IFCMECHANICALFASTENER('3t8ZKHRh1El85NlUiVXWFS',#44,'Bolt assembly',$,$,#230,#225,'IDf7223511-6eb0-4ebc-8157-bdeb1f8603dc',28.,20.);
#232= IFCMAPPEDITEM(#222,#122);
#233= IFCSHAPEREPRESENTATION(#12,'Body','MappedRepresentation',(#232));
#234= IFCPRODUCTDEFINITIONSHAPE($,$,(#233));
#235= IFCCARTESIANPOINT((1625.25880129289,25914.0215440511,10475.0001906586));
#236= IFCAXIS2PLACEMENT3D(#235,#227,#228);
#237= IFCLOCALPLACEMENT(#42,#236);
#238= IFCMECHANICALFASTENER('2quIPxafHDfBKMnUvIeg2X',#44,'Bolt assembly',$,$,#237,#234,'IDb4e1267b-9294-4da4-b516-c5ee52a2a0a1',28.,20.);
#239= IFCMAPPEDITEM(#222,#122);
#240= IFCSHAPEREPRESENTATION(#12,'Body','MappedRepresentation',(#239));
#241= IFCPRODUCTDEFINITIONSHAPE($,$,(#240));
#242= IFCCARTESIANPOINT((1625.25880129235,25914.0215440546,9975.00019065859));
#243= IFCAXIS2PLACEMENT3D(#242,#227,#228);
#244= IFCLOCALPLACEMENT(#42,#243);
#245= IFCMECHANICALFASTENER('0KDOibF4rAvBOfYyZzXZ3p',#44,'Bolt assembly',$,$,#244,#241,'ID14358b25-3c4d-4ae4-b629-8bc8fd8630f3',28.,20.);
#246= IFCMAPPEDITEM(#222,#122);
#247= IFCSHAPEREPRESENTATION(#12,'Body','MappedRepresentation',(#246));
#248= IFCPRODUCTDEFINITIONSHAPE($,$,(#247));
#249= IFCCARTESIANPOINT((1625.25880129235,25914.0215440528,9755.00019065859));
#250= IFCAXIS2PLACEMENT3D(#249,#227,#228);
#251= IFCLOCALPLACEMENT(#42,#250);
#252= IFCMECHANICALFASTENER('0m7VM$oCP9xesaHZri3x0b',#44,'Bolt assembly',$,$,#251,#248,'ID301df5bf-c8c6-49ee-8da4-463d6c0fb025',28.,20.);
#253= IFCMAPPEDITEM(#222,#122);
#254= IFCSHAPEREPRESENTATION(#12,'Body','MappedRepresentation',(#253));
#255= IFCPRODUCTDEFINITIONSHAPE($,$,(#254));
#256= IFCCARTESIANPOINT((1625.25880129217,25914.0215440528,9535.00019065859));
#257= IFCAXIS2PLACEMENT3D(#256,#227,#228);
#258= IFCLOCALPLACEMENT(#42,#257);
#259= IFCMECHANICALFASTENER('3CeUY19ib9OAINnVp$bPsE',#44,'Bolt assembly',$,$,#258,#255,'IDcca1e881-26c9-4960-a497-c5fcff959d8e',28.,20.);
#260= IFCCARTESIANPOINT((15.,106.19133387537,0.));
#261= IFCCARTESIANPOINT((12.9903810567663,106.19133387537,7.50000000000045));
#262= IFCCARTESIANPOINT((7.4999999999991,106.19133387537,12.9903810567671));
#263= IFCCARTESIANPOINT((-1.55450397240048E-12,106.19133387537,15.));
#264= IFCCARTESIANPOINT((-7.50000000000179,106.19133387537,12.9903810567655));
#265= IFCCARTESIANPOINT((-12.9903810567679,106.19133387537,7.49999999999776));
#266= IFCCARTESIANPOINT((-15.,106.19133387537,-3.10900794480097E-12));
#267= IFCCARTESIANPOINT((-12.9903810567648,106.19133387537,-7.50000000000313));
#268= IFCCARTESIANPOINT((-7.49999999999642,106.19133387537,-12.9903810567686));
#269= IFCCARTESIANPOINT((4.64685857183207E-12,106.19133387537,-15.));
#270= IFCCARTESIANPOINT((7.50000000000448,106.19133387537,-12.990381056764));
#271= IFCCARTESIANPOINT((12.9903810567694,106.19133387537,-7.49999999999507));
#272= IFCCARTESIANPOINT((15.,126.291333875747,0.));
#273= IFCCARTESIANPOINT((12.9903810567663,126.291333875747,7.50000000000045));
#274= IFCCARTESIANPOINT((7.4999999999991,126.291333875747,12.9903810567671));
#275= IFCCARTESIANPOINT((-1.55450397240048E-12,126.291333875747,15.));
#276= IFCCARTESIANPOINT((-7.50000000000179,126.291333875747,12.9903810567655));
#277= IFCCARTESIANPOINT((-12.9903810567679,126.291333875747,7.49999999999776));
#278= IFCCARTESIANPOINT((-15.,126.291333875747,-3.10900794480097E-12));
#279= IFCCARTESIANPOINT((-12.9903810567648,126.291333875747,-7.50000000000313));
#280= IFCCARTESIANPOINT((-7.49999999999642,126.291333875747,-12.9903810567686));
#281= IFCCARTESIANPOINT((4.64685857183207E-12,126.291333875747,-15.));
#282= IFCCARTESIANPOINT((7.50000000000448,126.291333875747,-12.990381056764));
#283= IFCCARTESIANPOINT((12.9903810567694,126.291333875747,-7.49999999999507));
#284= IFCPOLYLOOP((#260,#261,#262,#263,#264,#265,#266,#267,#268,#269,#270,#271));
#285= IFCFACEOUTERBOUND(#284,.T.);
#286= IFCFACE((#285));
#287= IFCPOLYLOOP((#283,#282,#281,#280,#279,#278,#277,#276,#275,#274,#273,#272));
#288= IFCFACEOUTERBOUND(#287,.T.);
#289= IFCFACE((#288));
#290= IFCPOLYLOOP((#260,#272,#273,#261));
#291= IFCFACEOUTERBOUND(#290,.T.);
#292= IFCFACE((#291));
#293= IFCPOLYLOOP((#261,#273,#274,#262));
#294= IFCFACEOUTERBOUND(#293,.T.);
#295= IFCFACE((#294));
#296= IFCPOLYLOOP((#262,#274,#275,#263));
#297= IFCFACEOUTERBOUND(#296,.T.);
#298= IFCFACE((#297));
#299= IFCPOLYLOOP((#263,#275,#276,#264));
#300= IFCFACEOUTERBOUND(#299,.T.);
#301= IFCFACE((#300));
#302= IFCPOLYLOOP((#264,#276,#277,#265));
#303= IFCFACEOUTERBOUND(#302,.T.);
#304= IFCFACE((#303));
#305= IFCPOLYLOOP((#265,#277,#278,#266));
#306= IFCFACEOUTERBOUND(#305,.T.);
#307= IFCFACE((#306));
#308= IFCPOLYLOOP((#266,#278,#279,#267));
#309= IFCFACEOUTERBOUND(#308,.T.);
#310= IFCFACE((#309));
#311= IFCPOLYLOOP((#267,#279,#280,#268));
#312= IFCFACEOUTERBOUND(#311,.T.);
#313= IFCFACE((#312));
#314= IFCPOLYLOOP((#268,#280,#281,#269));
#315= IFCFACEOUTERBOUND(#314,.T.);
#316= IFCFACE((#315));
#317= IFCPOLYLOOP((#269,#281,#282,#270));
#318= IFCFACEOUTERBOUND(#317,.T.);
#319= IFCFACE((#318));
#320= IFCPOLYLOOP((#270,#282,#283,#271));
#321= IFCFACEOUTERBOUND(#320,.T.);
#322= IFCFACE((#321));
#323= IFCPOLYLOOP((#271,#283,#272,#260));
#324= IFCFACEOUTERBOUND(#323,.T.);
#325= IFCFACE((#324));
#326= IFCCLOSEDSHELL((#286,#289,#292,#295,#298,#301,#304,#307,#310,#313,#316,#319,#322,#325));
#327= IFCFACETEDBREP(#326);
#328= IFCSTYLEDITEM(#327,(#119),$);
#329= IFCSHAPEREPRESENTATION(#12,'Body','Brep',(#327));
#330= IFCREPRESENTATIONMAP(#10,#329);
#331= IFCMAPPEDITEM(#330,#122);
#332= IFCSHAPEREPRESENTATION(#12,'Body','MappedRepresentation',(#331));
#333= IFCPRODUCTDEFINITIONSHAPE($,$,(#332));
#334= IFCCARTESIANPOINT((2045.26373016719,26030.1908219423,9535.00019073484));
#335= IFCAXIS2PLACEMENT3D(#334,#9,#129);
#336= IFCLOCALPLACEMENT(#42,#335);
#337= IFCMECHANICALFASTENER('0$AXF4phH2NRs7HaZ_sztZ',#44,'Bolt assembly',$,$,#336,#333,'ID3f2a13c4-ceb4-425d-bd87-4648fedbdde3',28.,20.);
#338= IFCMAPPEDITEM(#330,#122);
#339= IFCSHAPEREPRESENTATION(#12,'Body','MappedRepresentation',(#338));
#340= IFCPRODUCTDEFINITIONSHAPE($,$,(#339));
#341= IFCCARTESIANPOINT((2045.26373016719,26030.1908219423,9755.00019073484));
#342= IFCAXIS2PLACEMENT3D(#341,#9,#129);
#343= IFCLOCALPLACEMENT(#42,#342);
#344= IFCMECHANICALFASTENER('0UKA7TtfD6VRKEn86gHOYX',#44,'Bolt assembly',$,$,#343,#340,'ID1e50a1dd-de93-467d-b50e-c481aa4588a1',28.,20.);
#345= IFCMAPPEDITEM(#330,#122);
#346= IFCSHAPEREPRESENTATION(#12,'Body','MappedRepresentation',(#345));
#347= IFCPRODUCTDEFINITIONSHAPE($,$,(#346));
#348= IFCCARTESIANPOINT((2045.26373016719,26030.1908219423,9975.00019073484));
#349= IFCAXIS2PLACEMENT3D(#348,#9,#129);
#350= IFCLOCALPLACEMENT(#42,#349);
#351= IFCMECHANICALFASTENER('1_5p1AWmf2XeuDIgyPWT2p',#44,'Bolt assembly',$,$,#350,#347,'ID7e17304a-830a-4286-8e0d-4aaf1981d0b3',28.,20.);
#352= IFCCARTESIANPOINT((15.,106.188906275006,0.));
#353= IFCCARTESIANPOINT((12.9903810567663,106.188906275006,7.50000000000045));
#354= IFCCARTESIANPOINT((7.4999999999991,106.188906275006,12.9903810567671));
#355= IFCCARTESIANPOINT((-1.55450397240048E-12,106.188906275006,15.));
#356= IFCCARTESIANPOINT((-7.50000000000179,106.188906275006,12.9903810567655));
#357= IFCCARTESIANPOINT((-12.9903810567679,106.188906275006,7.49999999999776));
#358= IFCCARTESIANPOINT((-15.,106.188906275006,-3.10900794480097E-12));
#359= IFCCARTESIANPOINT((-12.9903810567648,106.188906275006,-7.50000000000313));
#360= IFCCARTESIANPOINT((-7.49999999999642,106.188906275006,-12.9903810567686));
#361= IFCCARTESIANPOINT((4.64685857183207E-12,106.188906275006,-15.));
#362= IFCCARTESIANPOINT((7.50000000000448,106.188906275006,-12.990381056764));
#363= IFCCARTESIANPOINT((12.9903810567694,106.188906275006,-7.49999999999507));
#364= IFCCARTESIANPOINT((15.,126.288906275382,0.));
#365= IFCCARTESIANPOINT((12.9903810567663,126.288906275382,7.50000000000045));
#366= IFCCARTESIANPOINT((7.4999999999991,126.288906275382,12.9903810567671));
#367= IFCCARTESIANPOINT((-1.55450397240048E-12,126.288906275382,15.));
#368= IFCCARTESIANPOINT((-7.50000000000179,126.288906275382,12.9903810567655));
#369= IFCCARTESIANPOINT((-12.9903810567679,126.288906275382,7.49999999999776));
#370= IFCCARTESIANPOINT((-15.,126.288906275382,-3.10900794480097E-12));
#371= IFCCARTESIANPOINT((-12.9903810567648,126.288906275382,-7.50000000000313));
#372= IFCCARTESIANPOINT((-7.49999999999642,126.288906275382,-12.9903810567686));
#373= IFCCARTESIANPOINT((4.64685857183207E-12,126.288906275382,-15.));
#374= IFCCARTESIANPOINT((7.50000000000448,126.288906275382,-12.990381056764));
#375= IFCCARTESIANPOINT((12.9903810567694,126.288906275382,-7.49999999999507));
#376= IFCPOLYLOOP((#352,#353,#354,#355,#356,#357,#358,#359,#360,#361,#362,#363));
#377= IFCFACEOUTERBOUND(#376,.T.);
#378= IFCFACE((#377));
#379= IFCPOLYLOOP((#375,#374,#373,#372,#371,#370,#369,#368,#367,#366,#365,#364));
#380= IFCFACEOUTERBOUND(#379,.T.);
#381= IFCFACE((#380));
#382= IFCPOLYLOOP((#352,#364,#365,#353));
#383= IFCFACEOUTERBOUND(#382,.T.);
#384= IFCFACE((#383));
#385= IFCPOLYLOOP((#353,#365,#366,#354));
#386= IFCFACEOUTERBOUND(#385,.T.);
#387= IFCFACE((#386));
#388= IFCPOLYLOOP((#354,#366,#367,#355));
#389= IFCFACEOUTERBOUND(#388,.T.);
#390= IFCFACE((#389));
#391= IFCPOLYLOOP((#355,#367,#368,#356));
#392= IFCFACEOUTERBOUND(#391,.T.);
#393= IFCFACE((#392));
#394= IFCPOLYLOOP((#356,#368,#369,#357));
#395= IFCFACEOUTERBOUND(#394,.T.);
#396= IFCFACE((#395));
#397= IFCPOLYLOOP((#357,#369,#370,#358));
#398= IFCFACEOUTERBOUND(#397,.T.);
#399= IFCFACE((#398));
#400= IFCPOLYLOOP((#358,#370,#371,#359));
#401= IFCFACEOUTERBOUND(#400,.T.);
#402= IFCFACE((#401));
#403= IFCPOLYLOOP((#359,#371,#372,#360));
#404= IFCFACEOUTERBOUND(#403,.T.);
#405= IFCFACE((#404));
#406= IFCPOLYLOOP((#360,#372,#373,#361));
#407= IFCFACEOUTERBOUND(#406,.T.);
#408= IFCFACE((#407));
#409= IFCPOLYLOOP((#361,#373,#374,#362));
#410= IFCFACEOUTERBOUND(#409,.T.);
#411= IFCFACE((#410));
#412= IFCPOLYLOOP((#362,#374,#375,#363));
#413= IFCFACEOUTERBOUND(#412,.T.);
#414= IFCFACE((#413));
#415= IFCPOLYLOOP((#363,#375,#364,#352));
#416= IFCFACEOUTERBOUND(#415,.T.);
#417= IFCFACE((#416));
#418= IFCCLOSEDSHELL((#378,#381,#384,#387,#390,#393,#396,#399,#402,#405,#408,#411,#414,#417));
#419= IFCFACETEDBREP(#418);
#420= IFCSTYLEDITEM(#419,(#119),$);
#421= IFCSHAPEREPRESENTATION(#12,'Body','Brep',(#419));
#422= IFCREPRESENTATIONMAP(#10,#421);
#423= IFCMAPPEDITEM(#422,#122);
#424= IFCSHAPEREPRESENTATION(#12,'Body','MappedRepresentation',(#423));
#425= IFCPRODUCTDEFINITIONSHAPE($,$,(#424));
#426= IFCCARTESIANPOINT((1905.26373025381,26030.1957463021,9535.00019073484));
#427= IFCAXIS2PLACEMENT3D(#426,#9,#129);
#428= IFCLOCALPLACEMENT(#42,#427);
#429= IFCMECHANICALFASTENER('24pMljAtjCUgSTiKrxh7d_',#44,'Bolt assembly',$,$,#428,#425,'ID84cd6bed-2b7b-4c7a-a71d-b14d7bac79fe',28.,20.);
#430= IFCCARTESIANPOINT((15.,106.186478674633,0.));
#431= IFCCARTESIANPOINT((12.9903810567663,106.186478674633,7.50000000000045));
#432= IFCCARTESIANPOINT((7.4999999999991,106.186478674633,12.9903810567671));
#433= IFCCARTESIANPOINT((-1.55450397240048E-12,106.186478674633,15.));
#434= IFCCARTESIANPOINT((-7.50000000000179,106.186478674633,12.9903810567655));
#435= IFCCARTESIANPOINT((-12.9903810567679,106.186478674633,7.49999999999776));
#436= IFCCARTESIANPOINT((-15.,106.186478674633,-3.10900794480097E-12));
#437= IFCCARTESIANPOINT((-12.9903810567648,106.186478674633,-7.50000000000313));
#438= IFCCARTESIANPOINT((-7.49999999999642,106.186478674633,-12.9903810567686));
#439= IFCCARTESIANPOINT((4.64685857183207E-12,106.186478674633,-15.));
#440= IFCCARTESIANPOINT((7.50000000000448,106.186478674633,-12.990381056764));
#441= IFCCARTESIANPOINT((12.9903810567694,106.186478674633,-7.49999999999507));
#442= IFCCARTESIANPOINT((15.,126.286478675009,0.));
#443= IFCCARTESIANPOINT((12.9903810567663,126.286478675009,7.50000000000045));
#444= IFCCARTESIANPOINT((7.4999999999991,126.286478675009,12.9903810567671));
#445= IFCCARTESIANPOINT((-1.55450397240048E-12,126.286478675009,15.));
#446= IFCCARTESIANPOINT((-7.50000000000179,126.286478675009,12.9903810567655));
#447= IFCCARTESIANPOINT((-12.9903810567679,126.286478675009,7.49999999999776));
#448= IFCCARTESIANPOINT((-15.,126.286478675009,-3.10900794480097E-12));
#449= IFCCARTESIANPOINT((-12.9903810567648,126.286478675009,-7.50000000000313));
#450= IFCCARTESIANPOINT((-7.49999999999642,126.286478675009,-12.9903810567686));
#451= IFCCARTESIANPOINT((4.64685857183207E-12,126.286478675009,-15.));
#452= IFCCARTESIANPOINT((7.50000000000448,126.286478675009,-12.990381056764));
#453= IFCCARTESIANPOINT((12.9903810567694,126.286478675009,-7.49999999999507));
#454= IFCPOLYLOOP((#430,#431,#432,#433,#434,#435,#436,#437,#438,#439,#440,#441));
#455= IFCFACEOUTERBOUND(#454,.T.);
#456= IFCFACE((#455));
#457= IFCPOLYLOOP((#453,#452,#451,#450,#449,#448,#447,#446,#445,#444,#443,#442));
#458= IFCFACEOUTERBOUND(#457,.T.);
#459= IFCFACE((#458));
#460= IFCPOLYLOOP((#430,#442,#443,#431));
#461= IFCFACEOUTERBOUND(#460,.T.);
#462= IFCFACE((#461));
#463= IFCPOLYLOOP((#431,#443,#444,#432));
#464= IFCFACEOUTERBOUND(#463,.T.);
#465= IFCFACE((#464));
#466= IFCPOLYLOOP((#432,#444,#445,#433));
#467= IFCFACEOUTERBOUND(#466,.T.);
#468= IFCFACE((#467));
#469= IFCPOLYLOOP((#433,#445,#446,#434));
#470= IFCFACEOUTERBOUND(#469,.T.);
#471= IFCFACE((#470));
#472= IFCPOLYLOOP((#434,#446,#447,#435));
#473= IFCFACEOUTERBOUND(#472,.T.);
#474= IFCFACE((#473));
#475= IFCPOLYLOOP((#435,#447,#448,#436));
#476= IFCFACEOUTERBOUND(#475,.T.);
#477= IFCFACE((#476));
#478= IFCPOLYLOOP((#436,#448,#449,#437));
#479= IFCFACEOUTERBOUND(#478,.T.);
#480= IFCFACE((#479));
#481= IFCPOLYLOOP((#437,#449,#450,#438));
#482= IFCFACEOUTERBOUND(#481,.T.);
#483= IFCFACE((#482));
#484= IFCPOLYLOOP((#438,#450,#451,#439));
#485= IFCFACEOUTERBOUND(#484,.T.);
#486= IFCFACE((#485));
#487= IFCPOLYLOOP((#439,#451,#452,#440));
#488= IFCFACEOUTERBOUND(#487,.T.);
#489= IFCFACE((#488));
#490= IFCPOLYLOOP((#440,#452,#453,#441));
#491= IFCFACEOUTERBOUND(#490,.T.);
#492= IFCFACE((#491));
#493= IFCPOLYLOOP((#441,#453,#442,#430));
#494= IFCFACEOUTERBOUND(#493,.T.);
#495= IFCFACE((#494));
#496= IFCCLOSEDSHELL((#456,#459,#462,#465,#468,#471,#474,#477,#480,#483,#486,#489,#492,#495));
#497= IFCFACETEDBREP(#496);
#498= IFCSTYLEDITEM(#497,(#119),$);
#499= IFCSHAPEREPRESENTATION(#12,'Body','Brep',(#497));
#500= IFCREPRESENTATIONMAP(#10,#499);
#501= IFCMAPPEDITEM(#500,#122);
#502= IFCSHAPEREPRESENTATION(#12,'Body','MappedRepresentation',(#501));
#503= IFCPRODUCTDEFINITIONSHAPE($,$,(#502));
#504= IFCCARTESIANPOINT((1765.26373034043,26030.2006706619,9535.00019073484));
#505= IFCAXIS2PLACEMENT3D(#504,#9,#129);
#506= IFCLOCALPLACEMENT(#42,#505);
#507= IFCMECHANICALFASTENER('02iUtYZ4n8vgddA5ntI7nU',#44,'Bolt assembly',$,$,#506,#503,'ID02b1ede2-8c4c-48e6-a9e7-285c77487c5e',28.,20.);
#508= IFCMAPPEDITEM(#422,#122);
#509= IFCSHAPEREPRESENTATION(#12,'Body','MappedRepresentation',(#508));
#510= IFCPRODUCTDEFINITIONSHAPE($,$,(#509));
#511= IFCCARTESIANPOINT((1905.26373025434,26030.1957463021,9755.00019073484));
#512= IFCAXIS2PLACEMENT3D(#511,#9,#129);
#513= IFCLOCALPLACEMENT(#42,#512);
#514= IFCMECHANICALFASTENER('3riO$argD5dRlSeVXCmpdx',#44,'Bolt assembly',$,$,#513,#510,'IDf5b18fe4-d6a3-459d-bbdc-a1f84cc339fb',28.,20.);
#515= IFCMAPPEDITEM(#500,#122);
#516= IFCSHAPEREPRESENTATION(#12,'Body','MappedRepresentation',(#515));
#517= IFCPRODUCTDEFINITIONSHAPE($,$,(#516));
#518= IFCCARTESIANPOINT((1765.26373034043,26030.2006706619,9755.00019073484));
#519= IFCAXIS2PLACEMENT3D(#518,#9,#129);
#520= IFCLOCALPLACEMENT(#42,#519);
#521= IFCMECHANICALFASTENER('39Mb6kqVDD4fUzGnw9LXpX',#44,'Bolt assembly',$,$,#520,#517,'IDc95a51ae-d1f3-4d12-97bd-431e89561ce1',28.,20.);
#522= IFCMAPPEDITEM(#422,#122);
#523= IFCSHAPEREPRESENTATION(#12,'Body','MappedRepresentation',(#522));
#524= IFCPRODUCTDEFINITIONSHAPE($,$,(#523));
#525= IFCCARTESIANPOINT((1905.26373025434,26030.1957463021,9975.00019073484));
#526= IFCAXIS2PLACEMENT3D(#525,#9,#129);
#527= IFCLOCALPLACEMENT(#42,#526);
#528= IFCMECHANICALFASTENER('0UmqAsi8r6uBAnx2Rxqb_C',#44,'Bolt assembly',$,$,#527,#524,'ID1ec342b6-b08d-46e0-b2b1-ec26fbd25f8c',28.,20.);
#529= IFCMAPPEDITEM(#500,#122);
#530= IFCSHAPEREPRESENTATION(#12,'Body','MappedRepresentation',(#529));
#531= IFCPRODUCTDEFINITIONSHAPE($,$,(#530));
#532= IFCCARTESIANPOINT((1765.26373034043,26030.2006706619,9975.00019073484));
#533= IFCAXIS2PLACEMENT3D(#532,#9,#129);
#534= IFCLOCALPLACEMENT(#42,#533);
#535= IFCMECHANICALFASTENER('1jBu1P$GD24RlDU6_ATpb$',#44,'Bolt assembly',$,$,#534,#531,'ID6d2f8059-fd03-4211-bbcd-786f8a77397f',28.,20.);
#536= IFCMAPPEDITEM(#330,#122);
#537= IFCSHAPEREPRESENTATION(#12,'Body','MappedRepresentation',(#536));
#538= IFCPRODUCTDEFINITIONSHAPE($,$,(#537));
#539= IFCCARTESIANPOINT((2045.26373016772,26030.1908219423,10475.0001907348));
#540= IFCAXIS2PLACEMENT3D(#539,#9,#129);
#541= IFCLOCALPLACEMENT(#42,#540);
#542= IFCMECHANICALFASTENER('0MqutuZd947g_NHO6BrrUe',#44,'Bolt assembly',$,$,#541,#538,'ID16d38df8-8e72-441e-af97-45818bd757a8',28.,20.);
#543= IFCMAPPEDITEM(#422,#122);
#544= IFCSHAPEREPRESENTATION(#12,'Body','MappedRepresentation',(#543));
#545= IFCPRODUCTDEFINITIONSHAPE($,$,(#544));
#546= IFCCARTESIANPOINT((1905.26373025434,26030.1957463021,10475.0001907348));
#547= IFCAXIS2PLACEMENT3D(#546,#9,#129);
#548= IFCLOCALPLACEMENT(#42,#547);
#549= IFCMECHANICALFASTENER('1ThqdcBFv67w0BP61IRiAm',#44,'Bolt assembly',$,$,#548,#545,'ID5daf49e6-2cfe-461f-a00b-6460526ec2b0',28.,20.);
#550= IFCMAPPEDITEM(#500,#122);
#551= IFCSHAPEREPRESENTATION(#12,'Body','MappedRepresentation',(#550));
#552= IFCPRODUCTDEFINITIONSHAPE($,$,(#551));
#553= IFCCARTESIANPOINT((1765.26373034043,26030.2006706619,10475.0001907348));
#554= IFCAXIS2PLACEMENT3D(#553,#9,#129);
#555= IFCLOCALPLACEMENT(#42,#554);
#556= IFCMECHANICALFASTENER('2llNo2bMr4seOlJxhG5Wks',#44,'Bolt assembly',$,$,#555,#552,'IDafbd7c82-956d-44da-862f-4fbad0160bb6',28.,20.);
#557= IFCMAPPEDITEM(#330,#122);
#558= IFCSHAPEREPRESENTATION(#12,'Body','MappedRepresentation',(#557));
#559= IFCPRODUCTDEFINITIONSHAPE($,$,(#558));
#560= IFCCARTESIANPOINT((2045.26373016772,26030.1908219423,10695.0001907348));
#561= IFCAXIS2PLACEMENT3D(#560,#9,#129);
#562= IFCLOCALPLACEMENT(#42,#561);
#563= IFCMECHANICALFASTENER('0DhfWUkz1CvRZqjdXSBQWm',#44,'Bolt assembly',$,$,#562,#559,'ID0dae981e-bbd0-4ce5-b8f4-b6785c2da830',28.,20.);
#564= IFCMAPPEDITEM(#422,#122);
#565= IFCSHAPEREPRESENTATION(#12,'Body','MappedRepresentation',(#564));
#566= IFCPRODUCTDEFINITIONSHAPE($,$,(#565));
#567= IFCCARTESIANPOINT((1905.26373025434,26030.1957463021,10695.0001907348));
#568= IFCAXIS2PLACEMENT3D(#567,#9,#129);
#569= IFCLOCALPLACEMENT(#42,#568);
#570= IFCMECHANICALFASTENER('37_owkAjTDahwcoyLxebSX',#44,'Bolt assembly',$,$,#569,#566,'IDc7fb2eae-2ad7-4d92-bea6-cbc57ba25721',28.,20.);
#571= IFCMAPPEDITEM(#500,#122);
#572= IFCSHAPEREPRESENTATION(#12,'Body','MappedRepresentation',(#571));
#573= IFCPRODUCTDEFINITIONSHAPE($,$,(#572));
#574= IFCCARTESIANPOINT((1765.26373034043,26030.2006706619,10695.0001907348));
#575= IFCAXIS2PLACEMENT3D(#574,#9,#129);
#576= IFCLOCALPLACEMENT(#42,#575);
#577= IFCMECHANICALFASTENER('09SdVtsmb3Y8rUUMhDkCUY',#44,'Bolt assembly',$,$,#576,#573,'ID097277f7-db09-4388-8d5e-796acdb8c7a2',28.,20.);
#578= IFCMAPPEDITEM(#330,#122);
#579= IFCSHAPEREPRESENTATION(#12,'Body','MappedRepresentation',(#578));
#580= IFCPRODUCTDEFINITIONSHAPE($,$,(#579));
#581= IFCCARTESIANPOINT((2045.26373016772,26030.1908219423,10915.0001907348));
#582= IFCAXIS2PLACEMENT3D(#581,#9,#129);
#583= IFCLOCALPLACEMENT(#42,#582);
#584= IFCMECHANICALFASTENER('3IbeZnoVX5XPj1DRdg4BHx',#44,'Bolt assembly',$,$,#583,#580,'IDd29688f1-c9f8-4585-9b41-35b9ea10b47b',28.,20.);
#585= IFCMAPPEDITEM(#422,#122);
#586= IFCSHAPEREPRESENTATION(#12,'Body','MappedRepresentation',(#585));
#587= IFCPRODUCTDEFINITIONSHAPE($,$,(#586));
#588= IFCCARTESIANPOINT((1905.26373025434,26030.1957463021,10915.0001907348));
#589= IFCAXIS2PLACEMENT3D(#588,#9,#129);
#590= IFCLOCALPLACEMENT(#42,#589);
#591= IFCMECHANICALFASTENER('2J5nEdPIPEouUyV2CIZeQ9',#44,'Bolt assembly',$,$,#590,#587,'ID931713a7-6526-4ecb-87bc-7c23128e8689',28.,20.);
#592= IFCMAPPEDITEM(#500,#122);
#593= IFCSHAPEREPRESENTATION(#12,'Body','MappedRepresentation',(#592));
#594= IFCPRODUCTDEFINITIONSHAPE($,$,(#593));
#595= IFCCARTESIANPOINT((1765.26373034043,26030.2006706619,10915.0001907348));
#596= IFCAXIS2PLACEMENT3D(#595,#9,#129);
#597= IFCLOCALPLACEMENT(#42,#596);
#598= IFCMECHANICALFASTENER('1$Ef3PKszCXe40o_IFlwTD',#44,'Bolt assembly',$,$,#597,#594,'ID7f3a90d9-536f-4c86-8100-cbe48fbfa74d',28.,20.);
#599= IFCCARTESIANPOINT((30.,4.00024422089795,0.));
#600= IFCCARTESIANPOINT((25.9807621135326,4.00024422089795,15.0000000000009));
#601= IFCCARTESIANPOINT((14.9999999999982,4.00024422089795,25.9807621135342));
#602= IFCCARTESIANPOINT((-3.10900794480097E-12,4.00024422089795,30.));
#603= IFCCARTESIANPOINT((-15.0000000000036,4.00024422089795,25.9807621135311));
#604= IFCCARTESIANPOINT((-25.9807621135357,4.00024422089795,14.9999999999955));
#605= IFCCARTESIANPOINT((-30.,4.00024422089795,-6.21801588960193E-12));
#606= IFCCARTESIANPOINT((-25.9807621135295,4.00024422089795,-15.0000000000063));
#607= IFCCARTESIANPOINT((-14.9999999999928,4.00024422089795,-25.9807621135373));
#608= IFCCARTESIANPOINT((9.29371714366415E-12,4.00024422089795,-30.));
#609= IFCCARTESIANPOINT((15.000000000009,4.00024422089795,-25.980762113528));
#610= IFCCARTESIANPOINT((25.9807621135389,4.00024422089795,-14.9999999999901));
#611= IFCCARTESIANPOINT((30.,12.1002442205729,0.));
#612= IFCCARTESIANPOINT((25.9807621135326,12.1002442205729,15.0000000000009));
#613= IFCCARTESIANPOINT((14.9999999999982,12.1002442205729,25.9807621135342));
#614= IFCCARTESIANPOINT((-3.10900794480097E-12,12.1002442205729,30.));
#615= IFCCARTESIANPOINT((-15.0000000000036,12.1002442205729,25.9807621135311));
#616= IFCCARTESIANPOINT((-25.9807621135357,12.1002442205729,14.9999999999955));
#617= IFCCARTESIANPOINT((-30.,12.1002442205729,-6.21801588960193E-12));
#618= IFCCARTESIANPOINT((-25.9807621135295,12.1002442205729,-15.0000000000063));
#619= IFCCARTESIANPOINT((-14.9999999999928,12.1002442205729,-25.9807621135373));
#620= IFCCARTESIANPOINT((9.29371714366415E-12,12.1002442205729,-30.));
#621= IFCCARTESIANPOINT((15.000000000009,12.1002442205729,-25.980762113528));
#622= IFCCARTESIANPOINT((25.9807621135389,12.1002442205729,-14.9999999999901));
#623= IFCPOLYLOOP((#599,#600,#601,#602,#603,#604,#605,#606,#607,#608,#609,#610));
#624= IFCFACEOUTERBOUND(#623,.T.);
#625= IFCFACE((#624));
#626= IFCPOLYLOOP((#622,#621,#620,#619,#618,#617,#616,#615,#614,#613,#612,#611));
#627= IFCFACEOUTERBOUND(#626,.T.);
#628= IFCFACE((#627));
#629= IFCPOLYLOOP((#599,#611,#612,#600));
#630= IFCFACEOUTERBOUND(#629,.T.);
#631= IFCFACE((#630));
#632= IFCPOLYLOOP((#600,#612,#613,#601));
#633= IFCFACEOUTERBOUND(#632,.T.);
#634= IFCFACE((#633));
#635= IFCPOLYLOOP((#601,#613,#614,#602));
#636= IFCFACEOUTERBOUND(#635,.T.);
#637= IFCFACE((#636));
#638= IFCPOLYLOOP((#602,#614,#615,#603));
#639= IFCFACEOUTERBOUND(#638,.T.);
#640= IFCFACE((#639));
#641= IFCPOLYLOOP((#603,#615,#616,#604));
#642= IFCFACEOUTERBOUND(#641,.T.);
#643= IFCFACE((#642));
#644= IFCPOLYLOOP((#604,#616,#617,#605));
#645= IFCFACEOUTERBOUND(#644,.T.);
#646= IFCFACE((#645));
#647= IFCPOLYLOOP((#605,#617,#618,#606));
#648= IFCFACEOUTERBOUND(#647,.T.);
#649= IFCFACE((#648));
#650= IFCPOLYLOOP((#606,#618,#619,#607));
#651= IFCFACEOUTERBOUND(#650,.T.);
#652= IFCFACE((#651));
#653= IFCPOLYLOOP((#607,#619,#620,#608));
#654= IFCFACEOUTERBOUND(#653,.T.);
#655= IFCFACE((#654));
#656= IFCPOLYLOOP((#608,#620,#621,#609));
#657= IFCFACEOUTERBOUND(#656,.T.);
#658= IFCFACE((#657));
#659= IFCPOLYLOOP((#609,#621,#622,#610));
#660= IFCFACEOUTERBOUND(#659,.T.);
#661= IFCFACE((#660));
#662= IFCPOLYLOOP((#610,#622,#611,#599));
#663= IFCFACEOUTERBOUND(#662,.T.);
#664= IFCFACE((#663));
#665= IFCCLOSEDSHELL((#625,#628,#631,#634,#637,#640,#643,#646,#649,#652,#655,#658,#661,#664));
#666= IFCFACETEDBREP(#665);
#667= IFCSTYLEDITEM(#666,(#119),$);
#668= IFCSHAPEREPRESENTATION(#12,'Body','Brep',(#666));
#669= IFCREPRESENTATIONMAP(#10,#668);
#670= IFCMAPPEDITEM(#669,#122);
#671= IFCSHAPEREPRESENTATION(#12,'Body','MappedRepresentation',(#670));
#672= IFCPRODUCTDEFINITIONSHAPE($,$,(#671));
#673= IFCCARTESIANPOINT((1775.24669844497,25784.0097536058,10581.0001907349));
#674= IFCDIRECTION((-1.,0.,0.));
#675= IFCDIRECTION((0.,-1.,0.));
#676= IFCAXIS2PLACEMENT3D(#673,#674,#675);
#677= IFCLOCALPLACEMENT(#42,#676);
#678= IFCMECHANICALFASTENER('1UQacKxHn8whQzytpFhkI4',#44,'Bolt assembly',$,$,#677,#672,'ID5e6a4994-ed1c-48ea-b6bd-f37ccfaee484',58.,8.);
#679= IFCPROPERTYSINGLEVALUE('Washer diameter',$,IFCLENGTHMEASURE(58.),$);
#680= IFCPROPERTYSINGLEVALUE('Bolt hole diameter',$,IFCLENGTHMEASURE(60.),$);
#681= IFCPROPERTYSINGLEVALUE('Bolt size',$,IFCLENGTHMEASURE(60.),$);
#682= IFCPROPERTYSINGLEVALUE('Bolt length',$,IFCLENGTHMEASURE(8.),$);
#683= IFCPROPERTYSET('2NPMCYCVzDMwYLbKnqJoqD',#5,'Tekla Bolt','Bolt Properties',(#134,#679,#136,#137,#138,#139,#140,#141,#142,#680,#144,#145,#681,#682,#148,#149));
#684= IFCCARTESIANPOINT((30.,4.00008366016032,0.));
#685= IFCCARTESIANPOINT((25.9807621135326,4.00008366016032,15.0000000000009));
#686= IFCCARTESIANPOINT((14.9999999999982,4.00008366016032,25.9807621135342));
#687= IFCCARTESIANPOINT((-3.10900794480097E-12,4.00008366016032,30.));
#688= IFCCARTESIANPOINT((-15.0000000000036,4.00008366016032,25.9807621135311));
#689= IFCCARTESIANPOINT((-25.9807621135357,4.00008366016032,14.9999999999955));
#690= IFCCARTESIANPOINT((-30.,4.00008366016032,-6.21801588960193E-12));
#691= IFCCARTESIANPOINT((-25.9807621135295,4.00008366016032,-15.0000000000063));
#692= IFCCARTESIANPOINT((-14.9999999999928,4.00008366016032,-25.9807621135373));
#693= IFCCARTESIANPOINT((9.29371714366415E-12,4.00008366016032,-30.));
#694= IFCCARTESIANPOINT((15.000000000009,4.00008366016032,-25.980762113528));
#695= IFCCARTESIANPOINT((25.9807621135389,4.00008366016032,-14.9999999999901));
#696= IFCCARTESIANPOINT((30.,12.1000836599389,0.));
#697= IFCCARTESIANPOINT((25.9807621135326,12.1000836599389,15.0000000000009));
#698= IFCCARTESIANPOINT((14.9999999999982,12.1000836599389,25.9807621135342));
#699= IFCCARTESIANPOINT((-3.10900794480097E-12,12.1000836599389,30.));
#700= IFCCARTESIANPOINT((-15.0000000000036,12.1000836599389,25.9807621135311));
#701= IFCCARTESIANPOINT((-25.9807621135357,12.1000836599389,14.9999999999955));
#702= IFCCARTESIANPOINT((-30.,12.1000836599389,-6.21801588960193E-12));
#703= IFCCARTESIANPOINT((-25.9807621135295,12.1000836599389,-15.0000000000063));
#704= IFCCARTESIANPOINT((-14.9999999999928,12.1000836599389,-25.9807621135373));
#705= IFCCARTESIANPOINT((9.29371714366415E-12,12.1000836599389,-30.));
#706= IFCCARTESIANPOINT((15.000000000009,12.1000836599389,-25.980762113528));
#707= IFCCARTESIANPOINT((25.9807621135389,12.1000836599389,-14.9999999999901));
#708= IFCPOLYLOOP((#684,#685,#686,#687,#688,#689,#690,#691,#692,#693,#694,#695));
#709= IFCFACEOUTERBOUND(#708,.T.);
#710= IFCFACE((#709));
#711= IFCPOLYLOOP((#707,#706,#705,#704,#703,#702,#701,#700,#699,#698,#697,#696));
#712= IFCFACEOUTERBOUND(#711,.T.);
#713= IFCFACE((#712));
#714= IFCPOLYLOOP((#684,#696,#697,#685));
#715= IFCFACEOUTERBOUND(#714,.T.);
#716= IFCFACE((#715));
#717= IFCPOLYLOOP((#685,#697,#698,#686));
#718= IFCFACEOUTERBOUND(#717,.T.);
#719= IFCFACE((#718));
#720= IFCPOLYLOOP((#686,#698,#699,#687));
#721= IFCFACEOUTERBOUND(#720,.T.);
#722= IFCFACE((#721));
#723= IFCPOLYLOOP((#687,#699,#700,#688));
#724= IFCFACEOUTERBOUND(#723,.T.);
#725= IFCFACE((#724));
#726= IFCPOLYLOOP((#688,#700,#701,#689));
#727= IFCFACEOUTERBOUND(#726,.T.);
#728= IFCFACE((#727));
#729= IFCPOLYLOOP((#689,#701,#702,#690));
#730= IFCFACEOUTERBOUND(#729,.T.);
#731= IFCFACE((#730));
#732= IFCPOLYLOOP((#690,#702,#703,#691));
#733= IFCFACEOUTERBOUND(#732,.T.);
#734= IFCFACE((#733));
#735= IFCPOLYLOOP((#691,#703,#704,#692));
#736= IFCFACEOUTERBOUND(#735,.T.);
#737= IFCFACE((#736));
#738= IFCPOLYLOOP((#692,#704,#705,#693));
#739= IFCFACEOUTERBOUND(#738,.T.);
#740= IFCFACE((#739));
#741= IFCPOLYLOOP((#693,#705,#706,#694));
#742= IFCFACEOUTERBOUND(#741,.T.);
#743= IFCFACE((#742));
#744= IFCPOLYLOOP((#694,#706,#707,#695));
#745= IFCFACEOUTERBOUND(#744,.T.);
#746= IFCFACE((#745));
#747= IFCPOLYLOOP((#695,#707,#696,#684));
#748= IFCFACEOUTERBOUND(#747,.T.);
#749= IFCFACE((#748));
#750= IFCCLOSEDSHELL((#710,#713,#716,#719,#722,#725,#728,#731,#734,#737,#740,#743,#746,#749));
#751= IFCFACETEDBREP(#750);
#752= IFCSTYLEDITEM(#751,(#119),$);
#753= IFCSHAPEREPRESENTATION(#12,'Body','Brep',(#751));
#754= IFCREPRESENTATIONMAP(#10,#753);
#755= IFCMAPPEDITEM(#754,#122);
#756= IFCSHAPEREPRESENTATION(#12,'Body','MappedRepresentation',(#755));
#757= IFCPRODUCTDEFINITIONSHAPE($,$,(#756));
#758= IFCCARTESIANPOINT((1895.24669844495,25784.0097536059,10581.0001907349));
#759= IFCAXIS2PLACEMENT3D(#758,#674,#675);
#760= IFCLOCALPLACEMENT(#42,#759);
#761= IFCMECHANICALFASTENER('0P7DtXbhD0YuXgq8MVJm2$',#44,'Bolt assembly',$,$,#760,#757,'ID191cdde1-96b3-408b-886a-d0859f4f00bf',58.,8.);
#762= IFCCARTESIANPOINT((10.,-5.99108572708525,0.));
#763= IFCCARTESIANPOINT((8.66025403784421,-5.99108572708525,5.0000000000003));
#764= IFCCARTESIANPOINT((4.9999999999994,-5.99108572708525,8.66025403784473));
#765= IFCCARTESIANPOINT((-1.03633598160032E-12,-5.99108572708525,10.));
#766= IFCCARTESIANPOINT((-5.00000000000119,-5.99108572708525,8.6602540378437));
#767= IFCCARTESIANPOINT((-8.66025403784525,-5.99108572708525,4.99999999999851));
#768= IFCCARTESIANPOINT((-10.,-5.99108572708525,-2.07267196320065E-12));
#769= IFCCARTESIANPOINT((-8.66025403784318,-5.99108572708525,-5.00000000000209));
#770= IFCCARTESIANPOINT((-4.99999999999761,-5.99108572708525,-8.66025403784576));
#771= IFCCARTESIANPOINT((3.09790571455472E-12,-5.99108572708525,-10.));
#772= IFCCARTESIANPOINT((5.00000000000299,-5.99108572708525,-8.66025403784266));
#773= IFCCARTESIANPOINT((8.66025403784628,-5.99108572708525,-4.99999999999671));
#774= IFCCARTESIANPOINT((10.,6.10891427441616,0.));
#775= IFCCARTESIANPOINT((8.66025403784421,6.10891427441616,5.0000000000003));
#776= IFCCARTESIANPOINT((4.9999999999994,6.10891427441616,8.66025403784473));
#777= IFCCARTESIANPOINT((-1.03633598160032E-12,6.10891427441616,10.));
#778= IFCCARTESIANPOINT((-5.00000000000119,6.10891427441616,8.6602540378437));
#779= IFCCARTESIANPOINT((-8.66025403784525,6.10891427441616,4.99999999999851));
#780= IFCCARTESIANPOINT((-10.,6.10891427441616,-2.07267196320065E-12));
#781= IFCCARTESIANPOINT((-8.66025403784318,6.10891427441616,-5.00000000000209));
#782= IFCCARTESIANPOINT((-4.99999999999761,6.10891427441616,-8.66025403784576));
#783= IFCCARTESIANPOINT((3.09790571455472E-12,6.10891427441616,-10.));
#784= IFCCARTESIANPOINT((5.00000000000299,6.10891427441616,-8.66025403784266));
#785= IFCCARTESIANPOINT((8.66025403784628,6.10891427441616,-4.99999999999671));
#786= IFCPOLYLOOP((#762,#763,#764,#765,#766,#767,#768,#769,#770,#771,#772,#773));
#787= IFCFACEOUTERBOUND(#786,.T.);
#788= IFCFACE((#787));
#789= IFCPOLYLOOP((#785,#784,#783,#782,#781,#780,#779,#778,#777,#776,#775,#774));
#790= IFCFACEOUTERBOUND(#789,.T.);
#791= IFCFACE((#790));
#792= IFCPOLYLOOP((#762,#774,#775,#763));
#793= IFCFACEOUTERBOUND(#792,.T.);
#794= IFCFACE((#793));
#795= IFCPOLYLOOP((#763,#775,#776,#764));
#796= IFCFACEOUTERBOUND(#795,.T.);
#797= IFCFACE((#796));
#798= IFCPOLYLOOP((#764,#776,#777,#765));
#799= IFCFACEOUTERBOUND(#798,.T.);
#800= IFCFACE((#799));
#801= IFCPOLYLOOP((#765,#777,#778,#766));
#802= IFCFACEOUTERBOUND(#801,.T.);
#803= IFCFACE((#802));
#804= IFCPOLYLOOP((#766,#778,#779,#767));
#805= IFCFACEOUTERBOUND(#804,.T.);
#806= IFCFACE((#805));
#807= IFCPOLYLOOP((#767,#779,#780,#768));
#808= IFCFACEOUTERBOUND(#807,.T.);
#809= IFCFACE((#808));
#810= IFCPOLYLOOP((#768,#780,#781,#769));
#811= IFCFACEOUTERBOUND(#810,.T.);
#812= IFCFACE((#811));
#813= IFCPOLYLOOP((#769,#781,#782,#770));
#814= IFCFACEOUTERBOUND(#813,.T.);
#815= IFCFACE((#814));
#816= IFCPOLYLOOP((#770,#782,#783,#771));
#817= IFCFACEOUTERBOUND(#816,.T.);
#818= IFCFACE((#817));
#819= IFCPOLYLOOP((#771,#783,#784,#772));
#820= IFCFACEOUTERBOUND(#819,.T.);
#821= IFCFACE((#820));
#822= IFCPOLYLOOP((#772,#784,#785,#773));
#823= IFCFACEOUTERBOUND(#822,.T.);
#824= IFCFACE((#823));
#825= IFCPOLYLOOP((#773,#785,#774,#762));
#826= IFCFACEOUTERBOUND(#825,.T.);
#827= IFCFACE((#826));
#828= IFCCLOSEDSHELL((#788,#791,#794,#797,#800,#803,#806,#809,#812,#815,#818,#821,#824,#827));
#829= IFCFACETEDBREP(#828);
#830= IFCSTYLEDITEM(#829,(#119),$);
#831= IFCSHAPEREPRESENTATION(#12,'Body','Brep',(#829));
#832= IFCREPRESENTATIONMAP(#10,#831);
#833= IFCMAPPEDITEM(#832,#122);
#834= IFCSHAPEREPRESENTATION(#12,'Body','MappedRepresentation',(#833));
#835= IFCPRODUCTDEFINITIONSHAPE($,$,(#834));
#836= IFCCARTESIANPOINT((1715.26483699098,25869.0113744403,10878.9987665854));
#837= IFCDIRECTION((-3.51740000135124E-05,-0.999999999381395,0.));
#838= IFCAXIS2PLACEMENT3D(#836,#837,#9);
#839= IFCLOCALPLACEMENT(#42,#838);
#840= IFCMECHANICALFASTENER('09LRRvS2PEnhPyF1eK_kZP',#44,'Bolt assembly',$,$,#839,#835,'ID0955b6f9-7026-4ec6-b67c-3c1a14fae8d9',18.,12.);
#841= IFCPROPERTYSINGLEVALUE('Washer diameter',$,IFCLENGTHMEASURE(18.),$);
#842= IFCPROPERTYSINGLEVALUE('Bolt hole diameter',$,IFCLENGTHMEASURE(20.),$);
#843= IFCPROPERTYSINGLEVALUE('Bolt size',$,IFCLENGTHMEASURE(20.),$);
#844= IFCPROPERTYSINGLEVALUE('Bolt length',$,IFCLENGTHMEASURE(12.),$);
#845= IFCPROPERTYSET('38ASzE_vn6Cupc0bb_sgCC',#5,'Tekla Bolt','Bolt Properties',(#134,#841,#136,#137,#138,#139,#140,#141,#142,#842,#144,#145,#843,#844,#148,#149));
#846= IFCMAPPEDITEM(#832,#122);
#847= IFCSHAPEREPRESENTATION(#12,'Body','MappedRepresentation',(#846));
#848= IFCPRODUCTDEFINITIONSHAPE($,$,(#847));
#849= IFCCARTESIANPOINT((1955.26483684258,25869.0029326803,10878.9987665854));
#850= IFCAXIS2PLACEMENT3D(#849,#837,#9);
#851= IFCLOCALPLACEMENT(#42,#850);
#852= IFCMECHANICALFASTENER('3lcwlvlv53U8BHxvo$6TDB',#44,'Bolt assembly',$,$,#851,#848,'IDef9babf9-bf91-4378-82d1-ef9cbf19d34b',18.,12.);
#853= IFCSURFACESTYLE('TS10.9',.POSITIVE.,(#46));
#854= IFCPRESENTATIONSTYLEASSIGNMENT((#853));
#855= IFCCARTESIANPOINT((13.,-13.9000000000018,0.));
#856= IFCCARTESIANPOINT((11.2583302491975,-13.9000000000018,6.50000000000039));
#857= IFCCARTESIANPOINT((6.49999999999922,-13.9000000000018,11.2583302491982));
#858= IFCCARTESIANPOINT((-1.34723677608042E-12,-13.9000000000018,13.));
#859= IFCCARTESIANPOINT((-6.50000000000155,-13.9000000000018,11.2583302491968));
#860= IFCCARTESIANPOINT((-11.2583302491988,-13.9000000000018,6.49999999999806));
#861= IFCCARTESIANPOINT((-13.,-13.9000000000018,-2.69447355216084E-12));
#862= IFCCARTESIANPOINT((-11.2583302491961,-13.9000000000018,-6.50000000000272));
#863= IFCCARTESIANPOINT((-6.4999999999969,-13.9000000000018,-11.2583302491995));
#864= IFCCARTESIANPOINT((4.02727742892113E-12,-13.9000000000018,-13.));
#865= IFCCARTESIANPOINT((6.50000000000388,-13.9000000000018,-11.2583302491955));
#866= IFCCARTESIANPOINT((11.2583302492002,-13.9000000000018,-6.49999999999573));
#867= IFCCARTESIANPOINT((13.,-1.90000000000182,0.));
#868= IFCCARTESIANPOINT((11.2583302491975,-1.90000000000182,6.50000000000039));
#869= IFCCARTESIANPOINT((6.49999999999922,-1.90000000000182,11.2583302491982));
#870= IFCCARTESIANPOINT((-1.34723677608042E-12,-1.90000000000182,13.));
#871= IFCCARTESIANPOINT((-6.50000000000155,-1.90000000000182,11.2583302491968));
#872= IFCCARTESIANPOINT((-11.2583302491988,-1.90000000000182,6.49999999999806));
#873= IFCCARTESIANPOINT((-13.,-1.90000000000182,-2.69447355216084E-12));
#874= IFCCARTESIANPOINT((-11.2583302491961,-1.90000000000182,-6.50000000000272));
#875= IFCCARTESIANPOINT((-6.4999999999969,-1.90000000000182,-11.2583302491995));
#876= IFCCARTESIANPOINT((4.02727742892113E-12,-1.90000000000182,-13.));
#877= IFCCARTESIANPOINT((6.50000000000388,-1.90000000000182,-11.2583302491955));
#878= IFCCARTESIANPOINT((11.2583302492002,-1.90000000000182,-6.49999999999573));
#879= IFCPOLYLOOP((#855,#856,#857,#858,#859,#860,#861,#862,#863,#864,#865,#866));
#880= IFCFACEOUTERBOUND(#879,.T.);
#881= IFCFACE((#880));
#882= IFCPOLYLOOP((#878,#877,#876,#875,#874,#873,#872,#871,#870,#869,#868,#867));
#883= IFCFACEOUTERBOUND(#882,.T.);
#884= IFCFACE((#883));
#885= IFCPOLYLOOP((#855,#867,#868,#856));
#886= IFCFACEOUTERBOUND(#885,.T.);
#887= IFCFACE((#886));
#888= IFCPOLYLOOP((#856,#868,#869,#857));
#889= IFCFACEOUTERBOUND(#888,.T.);
#890= IFCFACE((#889));
#891= IFCPOLYLOOP((#857,#869,#870,#858));
#892= IFCFACEOUTERBOUND(#891,.T.);
#893= IFCFACE((#892));
#894= IFCPOLYLOOP((#858,#870,#871,#859));
#895= IFCFACEOUTERBOUND(#894,.T.);
#896= IFCFACE((#895));
#897= IFCPOLYLOOP((#859,#871,#872,#860));
#898= IFCFACEOUTERBOUND(#897,.T.);
#899= IFCFACE((#898));
#900= IFCPOLYLOOP((#860,#872,#873,#861));
#901= IFCFACEOUTERBOUND(#900,.T.);
#902= IFCFACE((#901));
#903= IFCPOLYLOOP((#861,#873,#874,#862));
#904= IFCFACEOUTERBOUND(#903,.T.);
#905= IFCFACE((#904));
#906= IFCPOLYLOOP((#862,#874,#875,#863));
#907= IFCFACEOUTERBOUND(#906,.T.);
#908= IFCFACE((#907));
#909= IFCPOLYLOOP((#863,#875,#876,#864));
#910= IFCFACEOUTERBOUND(#909,.T.);
#911= IFCFACE((#910));
#912= IFCPOLYLOOP((#864,#876,#877,#865));
#913= IFCFACEOUTERBOUND(#912,.T.);
#914= IFCFACE((#913));
#915= IFCPOLYLOOP((#865,#877,#878,#866));
#916= IFCFACEOUTERBOUND(#915,.T.);
#917= IFCFACE((#916));
#918= IFCPOLYLOOP((#866,#878,#867,#855));
#919= IFCFACEOUTERBOUND(#918,.T.);
#920= IFCFACE((#919));
#921= IFCCARTESIANPOINT((35.,-2.,0.));
#922= IFCCARTESIANPOINT((34.0104339226466,-2.,4.97488462074648));
#923= IFCCARTESIANPOINT((31.1923881554246,-2.,9.19238815542559));
#924= IFCCARTESIANPOINT((26.9748846207452,-2.,12.0104339226471));
#925= IFCCARTESIANPOINT((-22.0000000000013,-2.,13.));
#926= IFCCARTESIANPOINT((-28.5000000000016,-2.,11.2583302491968));
#927= IFCCARTESIANPOINT((-33.2583302491988,-2.,6.49999999999806));
#928= IFCCARTESIANPOINT((-35.,-2.,-2.69447355216084E-12));
#929= IFCCARTESIANPOINT((-33.2583302491961,-2.,-6.50000000000272));
#930= IFCCARTESIANPOINT((-28.4999999999969,-2.,-11.2583302491995));
#931= IFCCARTESIANPOINT((-21.999999999996,-2.,-13.));
#932= IFCCARTESIANPOINT((22.000000000004,-2.,-13.));
#933= IFCCARTESIANPOINT((28.5000000000039,-2.,-11.2583302491955));
#934= IFCCARTESIANPOINT((33.2583302492002,-2.,-6.49999999999573));
#935= IFCCARTESIANPOINT((35.,16.,0.));
#936= IFCCARTESIANPOINT((34.0104339226466,16.,4.97488462074648));
#937= IFCCARTESIANPOINT((31.1923881554246,16.,9.19238815542559));
#938= IFCCARTESIANPOINT((26.9748846207452,16.,12.0104339226471));
#939= IFCCARTESIANPOINT((-22.0000000000013,16.,13.));
#940= IFCCARTESIANPOINT((-28.5000000000016,16.,11.2583302491968));
#941= IFCCARTESIANPOINT((-33.2583302491988,16.,6.49999999999806));
#942= IFCCARTESIANPOINT((-35.,16.,-2.69447355216084E-12));
#943= IFCCARTESIANPOINT((-33.2583302491961,16.,-6.50000000000272));
#944= IFCCARTESIANPOINT((-28.4999999999969,16.,-11.2583302491995));
#945= IFCCARTESIANPOINT((-21.999999999996,16.,-13.));
#946= IFCCARTESIANPOINT((22.000000000004,16.,-13.));
#947= IFCCARTESIANPOINT((28.5000000000039,16.,-11.2583302491955));
#948= IFCCARTESIANPOINT((33.2583302492002,16.,-6.49999999999573));
#949= IFCPOLYLOOP((#921,#922,#923,#924,#925,#926,#927,#928,#929,#930,#931,#932,#933,#934));
#950= IFCFACEOUTERBOUND(#949,.T.);
#951= IFCFACE((#950));
#952= IFCPOLYLOOP((#935,#948,#947,#946,#945,#944,#943,#942,#941,#940,#939,#938,#937,#936));
#953= IFCFACEOUTERBOUND(#952,.T.);
#954= IFCFACE((#953));
#955= IFCPOLYLOOP((#921,#935,#936,#922));
#956= IFCFACEOUTERBOUND(#955,.T.);
#957= IFCFACE((#956));
#958= IFCPOLYLOOP((#922,#936,#937,#923));
#959= IFCFACEOUTERBOUND(#958,.T.);
#960= IFCFACE((#959));
#961= IFCPOLYLOOP((#923,#937,#938,#924));
#962= IFCFACEOUTERBOUND(#961,.T.);
#963= IFCFACE((#962));
#964= IFCPOLYLOOP((#924,#938,#939,#925));
#965= IFCFACEOUTERBOUND(#964,.T.);
#966= IFCFACE((#965));
#967= IFCPOLYLOOP((#925,#939,#940,#926));
#968= IFCFACEOUTERBOUND(#967,.T.);
#969= IFCFACE((#968));
#970= IFCPOLYLOOP((#926,#940,#941,#927));
#971= IFCFACEOUTERBOUND(#970,.T.);
#972= IFCFACE((#971));
#973= IFCPOLYLOOP((#927,#941,#942,#928));
#974= IFCFACEOUTERBOUND(#973,.T.);
#975= IFCFACE((#974));
#976= IFCPOLYLOOP((#928,#942,#943,#929));
#977= IFCFACEOUTERBOUND(#976,.T.);
#978= IFCFACE((#977));
#979= IFCPOLYLOOP((#929,#943,#944,#930));
#980= IFCFACEOUTERBOUND(#979,.T.);
#981= IFCFACE((#980));
#982= IFCPOLYLOOP((#930,#944,#945,#931));
#983= IFCFACEOUTERBOUND(#982,.T.);
#984= IFCFACE((#983));
#985= IFCPOLYLOOP((#931,#945,#946,#932));
#986= IFCFACEOUTERBOUND(#985,.T.);
#987= IFCFACE((#986));
#988= IFCPOLYLOOP((#932,#946,#947,#933));
#989= IFCFACEOUTERBOUND(#988,.T.);
#990= IFCFACE((#989));
#991= IFCPOLYLOOP((#933,#947,#948,#934));
#992= IFCFACEOUTERBOUND(#991,.T.);
#993= IFCFACE((#992));
#994= IFCPOLYLOOP((#934,#948,#935,#921));
#995= IFCFACEOUTERBOUND(#994,.T.);
#996= IFCFACE((#995));
#997= IFCCARTESIANPOINT((35.,372.,0.));
#998= IFCCARTESIANPOINT((34.0104339226466,372.,4.97488462074648));
#999= IFCCARTESIANPOINT((31.1923881554246,372.,9.19238815542559));
#1000= IFCCARTESIANPOINT((26.9748846207452,372.,12.0104339226471));
#1001= IFCCARTESIANPOINT((-22.0000000000013,372.,13.));
#1002= IFCCARTESIANPOINT((-28.5000000000016,372.,11.2583302491968));
#1003= IFCCARTESIANPOINT((-33.2583302491988,372.,6.49999999999806));
#1004= IFCCARTESIANPOINT((-35.,372.,-2.69447355216084E-12));
#1005= IFCCARTESIANPOINT((-33.2583302491961,372.,-6.50000000000272));
#1006= IFCCARTESIANPOINT((-28.4999999999969,372.,-11.2583302491995));
#1007= IFCCARTESIANPOINT((-21.999999999996,372.,-13.));
#1008= IFCCARTESIANPOINT((22.000000000004,372.,-13.));
#1009= IFCCARTESIANPOINT((28.5000000000039,372.,-11.2583302491955));
#1010= IFCCARTESIANPOINT((33.2583302492002,372.,-6.49999999999573));
#1011= IFCCARTESIANPOINT((35.,390.,0.));
#1012= IFCCARTESIANPOINT((34.0104339226466,390.,4.97488462074648));
#1013= IFCCARTESIANPOINT((31.1923881554246,390.,9.19238815542559));
#1014= IFCCARTESIANPOINT((26.9748846207452,390.,12.0104339226471));
#1015= IFCCARTESIANPOINT((-22.0000000000013,390.,13.));
#1016= IFCCARTESIANPOINT((-28.5000000000016,390.,11.2583302491968));
#1017= IFCCARTESIANPOINT((-33.2583302491988,390.,6.49999999999806));
#1018= IFCCARTESIANPOINT((-35.,390.,-2.69447355216084E-12));
#1019= IFCCARTESIANPOINT((-33.2583302491961,390.,-6.50000000000272));
#1020= IFCCARTESIANPOINT((-28.4999999999969,390.,-11.2583302491995));
#1021= IFCCARTESIANPOINT((-21.999999999996,390.,-13.));
#1022= IFCCARTESIANPOINT((22.000000000004,390.,-13.));
#1023= IFCCARTESIANPOINT((28.5000000000039,390.,-11.2583302491955));
#1024= IFCCARTESIANPOINT((33.2583302492002,390.,-6.49999999999573));
#1025= IFCPOLYLOOP((#997,#998,#999,#1000,#1001,#1002,#1003,#1004,#1005,#1006,#1007,#1008,#1009,#1010));
#1026= IFCFACEOUTERBOUND(#1025,.T.);
#1027= IFCFACE((#1026));
#1028= IFCPOLYLOOP((#1011,#1024,#1023,#1022,#1021,#1020,#1019,#1018,#1017,#1016,#1015,#1014,#1013,#1012));
#1029= IFCFACEOUTERBOUND(#1028,.T.);
#1030= IFCFACE((#1029));
#1031= IFCPOLYLOOP((#997,#1011,#1012,#998));
#1032= IFCFACEOUTERBOUND(#1031,.T.);
#1033= IFCFACE((#1032));
#1034= IFCPOLYLOOP((#998,#1012,#1013,#999));
#1035= IFCFACEOUTERBOUND(#1034,.T.);
#1036= IFCFACE((#1035));
#1037= IFCPOLYLOOP((#999,#1013,#1014,#1000));
#1038= IFCFACEOUTERBOUND(#1037,.T.);
#1039= IFCFACE((#1038));
#1040= IFCPOLYLOOP((#1000,#1014,#1015,#1001));
#1041= IFCFACEOUTERBOUND(#1040,.T.);
#1042= IFCFACE((#1041));
#1043= IFCPOLYLOOP((#1001,#1015,#1016,#1002));
#1044= IFCFACEOUTERBOUND(#1043,.T.);
#1045= IFCFACE((#1044));
#1046= IFCPOLYLOOP((#1002,#1016,#1017,#1003));
#1047= IFCFACEOUTERBOUND(#1046,.T.);
#1048= IFCFACE((#1047));
#1049= IFCPOLYLOOP((#1003,#1017,#1018,#1004));
#1050= IFCFACEOUTERBOUND(#1049,.T.);
#1051= IFCFACE((#1050));
#1052= IFCPOLYLOOP((#1004,#1018,#1019,#1005));
#1053= IFCFACEOUTERBOUND(#1052,.T.);
#1054= IFCFACE((#1053));
#1055= IFCPOLYLOOP((#1005,#1019,#1020,#1006));
#1056= IFCFACEOUTERBOUND(#1055,.T.);
#1057= IFCFACE((#1056));
#1058= IFCPOLYLOOP((#1006,#1020,#1021,#1007));
#1059= IFCFACEOUTERBOUND(#1058,.T.);
#1060= IFCFACE((#1059));
#1061= IFCPOLYLOOP((#1007,#1021,#1022,#1008));
#1062= IFCFACEOUTERBOUND(#1061,.T.);
#1063= IFCFACE((#1062));
#1064= IFCPOLYLOOP((#1008,#1022,#1023,#1009));
#1065= IFCFACEOUTERBOUND(#1064,.T.);
#1066= IFCFACE((#1065));
#1067= IFCPOLYLOOP((#1009,#1023,#1024,#1010));
#1068= IFCFACEOUTERBOUND(#1067,.T.);
#1069= IFCFACE((#1068));
#1070= IFCPOLYLOOP((#1010,#1024,#1011,#997));
#1071= IFCFACEOUTERBOUND(#1070,.T.);
#1072= IFCFACE((#1071));
#1073= IFCCARTESIANPOINT((13.,389.899999999998,0.));
#1074= IFCCARTESIANPOINT((11.2583302491975,389.899999999998,6.50000000000039));
#1075= IFCCARTESIANPOINT((6.49999999999922,389.899999999998,11.2583302491982));
#1076= IFCCARTESIANPOINT((-1.34723677608042E-12,389.899999999998,13.));
#1077= IFCCARTESIANPOINT((-6.50000000000155,389.899999999998,11.2583302491968));
#1078= IFCCARTESIANPOINT((-11.2583302491988,389.899999999998,6.49999999999806));
#1079= IFCCARTESIANPOINT((-13.,389.899999999998,-2.69447355216084E-12));
#1080= IFCCARTESIANPOINT((-11.2583302491961,389.899999999998,-6.50000000000272));
#1081= IFCCARTESIANPOINT((-6.4999999999969,389.899999999998,-11.2583302491995));
#1082= IFCCARTESIANPOINT((4.02727742892113E-12,389.899999999998,-13.));
#1083= IFCCARTESIANPOINT((6.50000000000388,389.899999999998,-11.2583302491955));
#1084= IFCCARTESIANPOINT((11.2583302492002,389.899999999998,-6.49999999999573));
#1085= IFCCARTESIANPOINT((13.,401.999999999998,0.));
#1086= IFCCARTESIANPOINT((11.2583302491975,401.999999999998,6.50000000000039));
#1087= IFCCARTESIANPOINT((6.49999999999922,401.999999999998,11.2583302491982));
#1088= IFCCARTESIANPOINT((-1.34723677608042E-12,401.999999999998,13.));
#1089= IFCCARTESIANPOINT((-6.50000000000155,401.999999999998,11.2583302491968));
#1090= IFCCARTESIANPOINT((-11.2583302491988,401.999999999998,6.49999999999806));
#1091= IFCCARTESIANPOINT((-13.,401.999999999998,-2.69447355216084E-12));
#1092= IFCCARTESIANPOINT((-11.2583302491961,401.999999999998,-6.50000000000272));
#1093= IFCCARTESIANPOINT((-6.4999999999969,401.999999999998,-11.2583302491995));
#1094= IFCCARTESIANPOINT((4.02727742892113E-12,401.999999999998,-13.));
#1095= IFCCARTESIANPOINT((6.50000000000388,401.999999999998,-11.2583302491955));
#1096= IFCCARTESIANPOINT((11.2583302492002,401.999999999998,-6.49999999999573));
#1097= IFCPOLYLOOP((#1073,#1074,#1075,#1076,#1077,#1078,#1079,#1080,#1081,#1082,#1083,#1084));
#1098= IFCFACEOUTERBOUND(#1097,.T.);
#1099= IFCFACE((#1098));
#1100= IFCPOLYLOOP((#1096,#1095,#1094,#1093,#1092,#1091,#1090,#1089,#1088,#1087,#1086,#1085));
#1101= IFCFACEOUTERBOUND(#1100,.T.);
#1102= IFCFACE((#1101));
#1103= IFCPOLYLOOP((#1073,#1085,#1086,#1074));
#1104= IFCFACEOUTERBOUND(#1103,.T.);
#1105= IFCFACE((#1104));
#1106= IFCPOLYLOOP((#1074,#1086,#1087,#1075));
#1107= IFCFACEOUTERBOUND(#1106,.T.);
#1108= IFCFACE((#1107));
#1109= IFCPOLYLOOP((#1075,#1087,#1088,#1076));
#1110= IFCFACEOUTERBOUND(#1109,.T.);
#1111= IFCFACE((#1110));
#1112= IFCPOLYLOOP((#1076,#1088,#1089,#1077));
#1113= IFCFACEOUTERBOUND(#1112,.T.);
#1114= IFCFACE((#1113));
#1115= IFCPOLYLOOP((#1077,#1089,#1090,#1078));
#1116= IFCFACEOUTERBOUND(#1115,.T.);
#1117= IFCFACE((#1116));
#1118= IFCPOLYLOOP((#1078,#1090,#1091,#1079));
#1119= IFCFACEOUTERBOUND(#1118,.T.);
#1120= IFCFACE((#1119));
#1121= IFCPOLYLOOP((#1079,#1091,#1092,#1080));
#1122= IFCFACEOUTERBOUND(#1121,.T.);
#1123= IFCFACE((#1122));
#1124= IFCPOLYLOOP((#1080,#1092,#1093,#1081));
#1125= IFCFACEOUTERBOUND(#1124,.T.);
#1126= IFCFACE((#1125));
#1127= IFCPOLYLOOP((#1081,#1093,#1094,#1082));
#1128= IFCFACEOUTERBOUND(#1127,.T.);
#1129= IFCFACE((#1128));
#1130= IFCPOLYLOOP((#1082,#1094,#1095,#1083));
#1131= IFCFACEOUTERBOUND(#1130,.T.);
#1132= IFCFACE((#1131));
#1133= IFCPOLYLOOP((#1083,#1095,#1096,#1084));
#1134= IFCFACEOUTERBOUND(#1133,.T.);
#1135= IFCFACE((#1134));
#1136= IFCPOLYLOOP((#1084,#1096,#1085,#1073));
#1137= IFCFACEOUTERBOUND(#1136,.T.);
#1138= IFCFACE((#1137));
#1139= IFCCLOSEDSHELL((#881,#884,#887,#890,#893,#896,#899,#902,#905,#908,#911,#914,#917,#920,#951,#954,#957,#960,#963,#966,#969,#972,#975,#978,#981,#984,#987,#990,#993,#996,#1027,#1030,#1033,#1036,#1039,#1042,#1045,#1048,#1051,#1054,#1057,#1060,#1063,#1066,#1069,#1072,#1099,#1102,#1105,#1108,#1111,#1114,#1117,#1120,#1123,#1126,#1129,#1132,#1135,#1138));
#1140= IFCFACETEDBREP(#1139);
#1141= IFCSTYLEDITEM(#1140,(#119),$);
#1142= IFCSHAPEREPRESENTATION(#12,'Body','Brep',(#1140));
#1143= IFCREPRESENTATIONMAP(#10,#1142);
#1144= IFCMAPPEDITEM(#1143,#122);
#1145= IFCSHAPEREPRESENTATION(#12,'Body','MappedRepresentation',(#1144));
#1146= IFCPRODUCTDEFINITIONSHAPE($,$,(#1145));
#1147= IFCCARTESIANPOINT((1775.2481053804,25784.0083465689,10034.0001907349));
#1148= IFCDIRECTION((-0.999999999381395,3.5174000015104E-05,0.));
#1149= IFCAXIS2PLACEMENT3D(#1147,#1148,#837);
#1150= IFCLOCALPLACEMENT(#42,#1149);
#1151= IFCMECHANICALFASTENER('2XIy5e4499N8n7hpp637nS',#44,'Bolt assembly',$,$,#1150,#1146,'IDa14bc168-1042-495c-8c47-af3cc60c7c5c',24.,416.);
#1152= IFCPROPERTYSINGLEVALUE('Washer diameter',$,IFCLENGTHMEASURE(24.),$);
#1153= IFCPROPERTYSINGLEVALUE('Washer type',$,IFCLABEL(''),$);
#1154= IFCPROPERTYSINGLEVALUE('Nut type',$,IFCLABEL(''),$);
#1155= IFCPROPERTYSINGLEVALUE('Slotted hole x',$,IFCLENGTHMEASURE(44.),$);
#1156= IFCPROPERTYSINGLEVALUE('Bolt hole diameter',$,IFCLENGTHMEASURE(26.),$);
#1157= IFCPROPERTYSINGLEVALUE('Bolt size',$,IFCLENGTHMEASURE(26.),$);
#1158= IFCPROPERTYSINGLEVALUE('Bolt length',$,IFCLENGTHMEASURE(416.),$);
#1159= IFCPROPERTYSINGLEVALUE('Bolt standard',$,IFCLABEL('TS10.9'),$);
#1160= IFCPROPERTYSET('2999wLRvf7Bggc5ReInvM8',#5,'Tekla Bolt','Bolt Properties',(#134,#1152,#1153,#137,#138,#1154,#140,#141,#1155,#1156,#144,#145,#1157,#1158,#1159,#149));
#1161= IFCMATERIAL('TS10.9');
#1162= IFCMAPPEDITEM(#1143,#122);
#1163= IFCSHAPEREPRESENTATION(#12,'Body','MappedRepresentation',(#1162));
#1164= IFCPRODUCTDEFINITIONSHAPE($,$,(#1163));
#1165= IFCCARTESIANPOINT((1895.24810530618,25784.0041256889,10034.0001907349));
#1166= IFCAXIS2PLACEMENT3D(#1165,#1148,#837);
#1167= IFCLOCALPLACEMENT(#42,#1166);
#1168= IFCMECHANICALFASTENER('1_qfEWq$f1zB_c9LYoYNDs',#44,'Bolt assembly',$,$,#1167,#1164,'ID7ed293a0-d3fa-41f4-bfa6-2558b2897376',24.,416.);
#1169= IFCCOLOURRGB('Light Red',0.905882352941176,0.325490196078431,0.36078431372549);
#1170= IFCSURFACESTYLERENDERING(#1169,0.,$,$,$,$,IFCNORMALISEDRATIOMEASURE(0.00390625),IFCSPECULAREXPONENT(10.),.NOTDEFINED.);
#1171= IFCSURFACESTYLE('STEEL/S275',.POSITIVE.,(#1170));
#1172= IFCPRESENTATIONSTYLEASSIGNMENT((#1171));
#1173= IFCCARTESIANPOINT((0.,-5.99999999999909,0.));
#1174= IFCCARTESIANPOINT((-1.81898940354586E-12,-6.00000000000136,53.9990844702261));
#1175= IFCCARTESIANPOINT((-3.63797880709171E-12,5.9999999999975,53.9990844702188));
#1176= IFCCARTESIANPOINT((-1.81898940354586E-12,5.99999999999977,-7.27595761418343E-12));
#1177= IFCPOLYLOOP((#1173,#1174,#1175,#1176));
#1178= IFCFACEOUTERBOUND(#1177,.T.);
#1179= IFCFACE((#1178));
#1180= IFCCARTESIANPOINT((429.999999999212,-6.00000000001137,269.999906287612));
#1181= IFCCARTESIANPOINT((429.999999999211,5.99999999998749,269.999906287605));
#1182= IFCPOLYLOOP((#1174,#1180,#1181,#1175));
#1183= IFCFACEOUTERBOUND(#1182,.T.);
#1184= IFCFACE((#1183));
#1185= IFCCARTESIANPOINT((494.999999999834,-6.00000000001114,270.00003051577));
#1186= IFCCARTESIANPOINT((494.999999999833,5.99999999998772,270.000030515763));
#1187= IFCPOLYLOOP((#1180,#1185,#1186,#1181));
#1188= IFCFACEOUTERBOUND(#1187,.T.);
#1189= IFCFACE((#1188));
#1190= IFCCARTESIANPOINT((494.999999999987,-6.,20.0000000000255));
#1191= IFCCARTESIANPOINT((494.999999999984,5.99999999999886,20.0000000000146));
#1192= IFCPOLYLOOP((#1185,#1190,#1191,#1186));
#1193= IFCFACEOUTERBOUND(#1192,.T.);
#1194= IFCFACE((#1193));
#1195= IFCCARTESIANPOINT((491.098193559665,-5.99999999999977,19.615705608092));
#1196= IFCCARTESIANPOINT((491.098193559663,5.99999999999909,19.615705608081));
#1197= IFCPOLYLOOP((#1190,#1195,#1196,#1191));
#1198= IFCFACEOUTERBOUND(#1197,.T.);
#1199= IFCFACE((#1198));
#1200= IFCCARTESIANPOINT((487.346331352686,-6.,18.4775906502473));
#1201= IFCCARTESIANPOINT((487.346331352685,5.99999999999886,18.4775906502364));
#1202= IFCPOLYLOOP((#1195,#1200,#1201,#1196));
#1203= IFCFACEOUTERBOUND(#1202,.T.);
#1204= IFCFACE((#1203));
#1205= IFCCARTESIANPOINT((483.8885953396,-5.99999999999977,16.6293922460682));
#1206= IFCCARTESIANPOINT((483.888595339598,5.99999999999909,16.6293922460609));
#1207= IFCPOLYLOOP((#1200,#1205,#1206,#1201));
#1208= IFCFACEOUTERBOUND(#1207,.T.);
#1209= IFCFACE((#1208));
#1210= IFCCARTESIANPOINT((480.857864376265,-5.99999999999955,14.1421356237443));
#1211= IFCCARTESIANPOINT((480.857864376261,5.99999999999932,14.1421356237333));
#1212= IFCPOLYLOOP((#1205,#1210,#1211,#1206));
#1213= IFCFACEOUTERBOUND(#1212,.T.);
#1214= IFCFACE((#1213));
#1215= IFCCARTESIANPOINT((478.370607753943,-5.99999999999955,11.1114046604016));
#1216= IFCCARTESIANPOINT((478.370607753941,5.99999999999909,11.1114046603907));
#1217= IFCPOLYLOOP((#1210,#1215,#1216,#1211));
#1218= IFCFACEOUTERBOUND(#1217,.T.);
#1219= IFCFACE((#1218));
#1220= IFCCARTESIANPOINT((476.522409349771,-5.99999999999932,7.65366864731186));
#1221= IFCCARTESIANPOINT((476.522409349769,5.99999999999955,7.65366864730095));
#1222= IFCPOLYLOOP((#1215,#1220,#1221,#1216));
#1223= IFCFACEOUTERBOUND(#1222,.T.);
#1224= IFCFACE((#1223));
#1225= IFCCARTESIANPOINT((475.384294391932,-5.99999999999909,3.90180644032444));
#1226= IFCCARTESIANPOINT((475.38429439193,5.99999999999977,3.90180644030988));
#1227= IFCPOLYLOOP((#1220,#1225,#1226,#1221));
#1228= IFCFACEOUTERBOUND(#1227,.T.);
#1229= IFCFACE((#1228));
#1230= IFCCARTESIANPOINT((474.999999999998,-5.99999999999909,-7.27595761418343E-12));
#1231= IFCCARTESIANPOINT((474.999999999996,5.99999999999977,-1.45519152283669E-11));
#1232= IFCPOLYLOOP((#1225,#1230,#1231,#1226));
#1233= IFCFACEOUTERBOUND(#1232,.T.);
#1234= IFCFACE((#1233));
#1235= IFCPOLYLOOP((#1230,#1173,#1176,#1231));
#1236= IFCFACEOUTERBOUND(#1235,.T.);
#1237= IFCFACE((#1236));
#1238= IFCPOLYLOOP((#1181,#1186,#1191,#1196,#1201,#1206,#1211,#1216,#1221,#1226,#1231,#1176,#1175));
#1239= IFCFACEOUTERBOUND(#1238,.T.);
#1240= IFCFACE((#1239));
#1241= IFCPOLYLOOP((#1230,#1225,#1220,#1215,#1210,#1205,#1200,#1195,#1190,#1185,#1180,#1174,#1173));
#1242= IFCFACEOUTERBOUND(#1241,.T.);
#1243= IFCFACE((#1242));
#1244= IFCCLOSEDSHELL((#1179,#1184,#1189,#1194,#1199,#1204,#1209,#1214,#1219,#1224,#1229,#1234,#1237,#1240,#1243));
#1245= IFCFACETEDBREP(#1244);
#1246= IFCSTYLEDITEM(#1245,(#1172),$);
#1247= IFCSHAPEREPRESENTATION(#12,'Body','Brep',(#1245));
#1248= IFCPRODUCTDEFINITIONSHAPE($,$,(#1247));
#1249= IFCCARTESIANPOINT((1715.2577286464,25904.0112782881,10919.0004958006));
#1250= IFCDIRECTION((-5.15979999827323E-05,-0.999999998667005,-1.90699999438948E-06));
#1251= IFCDIRECTION((0.,1.90699999685506E-06,-0.999999999998182));
#1252= IFCAXIS2PLACEMENT3D(#1249,#1250,#1251);
#1253= IFCLOCALPLACEMENT(#42,#1252);
#1254= IFCPLATE('0$Y9jhr1b8yhVoGuPWRugL',#44,'PLATE-12','PL12*270',$,#1253,#1248,'ID3f889b6b-d419-48f2-b7f2-4386606f8a95');
#1255= IFCPLATETYPE('3pbXZoygv4oOqCY26GQM2U',#5,'PL12*270',$,$,$,$,$,$,.NOTDEFINED.);
#1256= IFCPROPERTYSINGLEVALUE('Bottom elevation',$,IFCLABEL(' +10.424'),$);
#1257= IFCPROPERTYSINGLEVALUE('Top elevation',$,IFCLABEL(' +10.919'),$);
#1258= IFCPROPERTYSINGLEVALUE('Initial GUID',$,$,$);
#1259= IFCPROPERTYSINGLEVALUE('Preliminary mark',$,IFCLABEL('5-1-P21(?)'),$);
#1260= IFCPROPERTYSINGLEVALUE('Phase',$,IFCINTEGER(1),$);
#1261= IFCPROPERTYSINGLEVALUE('Class',$,IFCLABEL('16'),$);
#1262= IFCPROPERTYSET('1x3M8dN9r0Z8QXs2mkn3TE',#5,'Tekla Common','Common Properties to Shared building elements',(#1256,#1257,#1258,#1259,#1260,#1261));
#1263= IFCPROPERTYSINGLEVALUE('Weight',$,IFCMASSMEASURE(8.19),$);
#1264= IFCPROPERTYSINGLEVALUE('Volume',$,IFCVOLUMEMEASURE(0.001),$);
#1265= IFCPROPERTYSINGLEVALUE('Gross footprint area',$,IFCAREAMEASURE(0.001),$);
#1266= IFCPROPERTYSINGLEVALUE('Area per tons',$,IFCAREAMEASURE(23.22),$);
#1267= IFCPROPERTYSINGLEVALUE('Net surface area',$,IFCAREAMEASURE(0.19),$);
#1268= IFCPROPERTYSINGLEVALUE('Height',$,IFCLENGTHMEASURE(270.),$);
#1269= IFCPROPERTYSINGLEVALUE('Width',$,IFCLENGTHMEASURE(12.),$);
#1270= IFCPROPERTYSINGLEVALUE('Length',$,IFCLENGTHMEASURE(495.),$);
#1271= IFCPROPERTYSET('2fykGwd3jCUvAavm3HeDdC',#5,'Tekla Quantity','Quantity Properties to Shared building elements',(#1263,#1264,#1265,#1266,#1267,#1268,#1269,#1270));
#1272= IFCPROPERTYSINGLEVALUE('LoadBearing',$,IFCBOOLEAN(.F.),$);
#1273= IFCPROPERTYSINGLEVALUE('Reference',$,IFCIDENTIFIER('5-1-P21'),$);
#1274= IFCPROPERTYSET('2$UrC48kT4mgTk4rA1KRGU',#5,'Pset_PlateCommon','Common Properties to plate elements',(#1272,#1273));
#1275= IFCQUANTITYLENGTH('Width',$,$,270.000030515361);
#1276= IFCQUANTITYAREA('NetArea',$,$,0.190074084433037);
#1277= IFCQUANTITYAREA('GrossArea',$,$,0.133650015105103);
#1278= IFCQUANTITYAREA('CrossSectionArea',$,$,0.000144);
#1279= IFCQUANTITYVOLUME('NetVolume',$,$,0.00104277163732503);
#1280= IFCQUANTITYVOLUME('GrossVolume',$,$,0.00104277163732503);
#1281= IFCELEMENTQUANTITY('3mTxkmDzjEjfrl8p7HXRJP',#5,'BaseQuantities',$,$,(#1275,#1276,#1277,#1278,#1279,#1280));
#1282= IFCMATERIAL('STEEL/S275');
#1283= IFCCOLOURRGB('Light Green',0.356862745098039,0.592156862745098,0.137254901960784);
#1284= IFCSURFACESTYLERENDERING(#1283,0.,$,$,$,$,IFCNORMALISEDRATIOMEASURE(0.00390625),IFCSPECULAREXPONENT(10.),.NOTDEFINED.);
#1285= IFCSURFACESTYLE('STEEL/S275',.POSITIVE.,(#1284));
#1286= IFCPRESENTATIONSTYLEASSIGNMENT((#1285));
#1287= IFCCARTESIANPOINT((5.9503083321033E-05,-4.00000000001273,19.9999999999113));
#1288= IFCCARTESIANPOINT((0.000383795286325039,-4.00000000011096,129.000137329051));
#1289= IFCCARTESIANPOINT((0.000383795282687061,3.99999999988177,129.000137329051));
#1290= IFCCARTESIANPOINT((5.95030796830542E-05,3.99999999997999,19.9999999999109));
#1291= IFCPOLYLOOP((#1287,#1288,#1289,#1290));
#1292= IFCFACEOUTERBOUND(#1291,.T.);
#1293= IFCFACE((#1292));
#1294= IFCCARTESIANPOINT((20.000167847149,-4.00000000010732,129.00013732903));
#1295= IFCCARTESIANPOINT((20.0001678471453,3.9999999998854,129.000137329029));
#1296= IFCPOLYLOOP((#1288,#1294,#1295,#1289));
#1297= IFCFACEOUTERBOUND(#1296,.T.);
#1298= IFCFACE((#1297));
#1299= IFCCARTESIANPOINT((80.0000775955777,-3.99999999999636,20.0001373290065));
#1300= IFCCARTESIANPOINT((80.0000775955777,3.99999999999636,20.0001373290063));
#1301= IFCPOLYLOOP((#1294,#1299,#1300,#1295));
#1302= IFCFACEOUTERBOUND(#1301,.T.);
#1303= IFCFACE((#1302));
#1304= IFCCARTESIANPOINT((80.0000610355564,-3.99999999997817,-6.52562448522076E-11));
#1305= IFCCARTESIANPOINT((80.0000610355528,4.00000000001455,-6.52562448522076E-11));
#1306= IFCPOLYLOOP((#1299,#1304,#1305,#1300));
#1307= IFCFACEOUTERBOUND(#1306,.T.);
#1308= IFCFACE((#1307));
#1309= IFCCARTESIANPOINT((19.9999999999745,-3.99999999999091,-1.61435309564695E-11));
#1310= IFCCARTESIANPOINT((19.9999999999745,4.00000000000182,-1.61435309564695E-11));
#1311= IFCPOLYLOOP((#1304,#1309,#1310,#1305));
#1312= IFCFACEOUTERBOUND(#1311,.T.);
#1313= IFCFACE((#1312));
#1314= IFCCARTESIANPOINT((19.6157070591034,-3.99999999999454,3.90179914534156));
#1315= IFCCARTESIANPOINT((19.6157070590998,3.99999999999818,3.90179914534133));
#1316= IFCPOLYLOOP((#1309,#1314,#1315,#1310));
#1317= IFCFACEOUTERBOUND(#1316,.T.);
#1318= IFCFACE((#1317));
#1319= IFCCARTESIANPOINT((18.4775963429129,-3.99999999999818,7.65365490387126));
#1320= IFCCARTESIANPOINT((18.4775963429129,3.99999999999454,7.65365490387103));
#1321= IFCPOLYLOOP((#1314,#1319,#1320,#1315));
#1322= IFCFACEOUTERBOUND(#1321,.T.);
#1323= IFCFACE((#1322));
#1324= IFCCARTESIANPOINT((16.6294046428338,-4.,11.1113861072536));
#1325= IFCCARTESIANPOINT((16.6294046428302,3.99999999999272,11.1113861072533));
#1326= IFCPOLYLOOP((#1319,#1324,#1325,#1320));
#1327= IFCFACEOUTERBOUND(#1326,.T.);
#1328= IFCFACE((#1327));
#1329= IFCCARTESIANPOINT((14.1421566612225,-4.00000000000546,14.1421145861968));
#1330= IFCCARTESIANPOINT((14.1421566612225,3.99999999998727,14.1421145861968));
#1331= IFCPOLYLOOP((#1324,#1329,#1330,#1325));
#1332= IFCFACEOUTERBOUND(#1331,.T.);
#1333= IFCFACE((#1332));
#1334= IFCCARTESIANPOINT((11.1114355822428,-4.00000000000728,16.6293715846846));
#1335= IFCCARTESIANPOINT((11.1114355822428,3.99999999998545,16.6293715846841));
#1336= IFCPOLYLOOP((#1329,#1334,#1335,#1330));
#1337= IFCFACEOUTERBOUND(#1336,.T.);
#1338= IFCFACE((#1337));
#1339= IFCCARTESIANPOINT((7.65370987754068,-4.00000000001091,18.4775735720489));
#1340= IFCCARTESIANPOINT((7.65370987753704,3.99999999998181,18.4775735720484));
#1341= IFCPOLYLOOP((#1334,#1339,#1340,#1335));
#1342= IFCFACEOUTERBOUND(#1341,.T.);
#1343= IFCFACE((#1342));
#1344= IFCCARTESIANPOINT((3.90185750508681,-4.00000000001091,19.6156954505836));
#1345= IFCCARTESIANPOINT((3.90185750508317,3.99999999998181,19.6156954505832));
#1346= IFCPOLYLOOP((#1339,#1344,#1345,#1340));
#1347= IFCFACEOUTERBOUND(#1346,.T.);
#1348= IFCFACE((#1347));
#1349= IFCPOLYLOOP((#1344,#1287,#1290,#1345));
#1350= IFCFACEOUTERBOUND(#1349,.T.);
#1351= IFCFACE((#1350));
#1352= IFCPOLYLOOP((#1295,#1300,#1305,#1310,#1315,#1320,#1325,#1330,#1335,#1340,#1345,#1290,#1289));
#1353= IFCFACEOUTERBOUND(#1352,.T.);
#1354= IFCFACE((#1353));
#1355= IFCPOLYLOOP((#1344,#1339,#1334,#1329,#1324,#1319,#1314,#1309,#1304,#1299,#1294,#1288,#1287));
#1356= IFCFACEOUTERBOUND(#1355,.T.);
#1357= IFCFACE((#1356));
#1358= IFCCLOSEDSHELL((#1293,#1298,#1303,#1308,#1313,#1318,#1323,#1328,#1333,#1338,#1343,#1348,#1351,#1354,#1357));
#1359= IFCFACETEDBREP(#1358);
#1360= IFCSTYLEDITEM(#1359,(#1286),$);
#1361= IFCSHAPEREPRESENTATION(#12,'Body','Brep',(#1359));
#1362= IFCPRODUCTDEFINITIONSHAPE($,$,(#1361));
#1363= IFCCARTESIANPOINT((1709.25815185705,25904.015267205,10808.99988565));
#1364= IFCDIRECTION((-0.999999997706506,6.76860005441995E-05,2.36500000028173E-06));
#1365= IFCDIRECTION((-6.76859999809203E-05,-0.999999997709274,2.38000007218346E-07));
#1366= IFCAXIS2PLACEMENT3D(#1363,#1364,#1365);
#1367= IFCLOCALPLACEMENT(#42,#1366);
#1368= IFCPLATE('2soQH1urP25uMvOsh1Oioh',#44,'PLATE-8','PL8*80',$,#1367,#1362,'IDb6c9a441-e356-4217-85b9-636ac162ccab');
#1369= IFCPLATETYPE('1CWstBytD4SQdG0W5iumjv',#5,'PL8*80',$,$,$,$,$,$,.NOTDEFINED.);
#1370= IFCPROPERTYSINGLEVALUE('Bottom elevation',$,IFCLABEL(' +10.805'),$);
#1371= IFCPROPERTYSINGLEVALUE('Top elevation',$,IFCLABEL(' +10.813'),$);
#1372= IFCPROPERTYSINGLEVALUE('Preliminary mark',$,IFCLABEL('5-1-P41(?)'),$);
#1373= IFCPROPERTYSINGLEVALUE('Class',$,IFCLABEL('17'),$);
#1374= IFCPROPERTYSET('13FBqbEsn71wpVm3EfPZHm',#5,'Tekla Common','Common Properties to Shared building elements',(#1370,#1371,#1258,#1372,#1260,#1373));
#1375= IFCPROPERTYSINGLEVALUE('Weight',$,IFCMASSMEASURE(0.42),$);
#1376= IFCPROPERTYSINGLEVALUE('Volume',$,IFCVOLUMEMEASURE(0.),$);
#1377= IFCPROPERTYSINGLEVALUE('Gross footprint area',$,IFCAREAMEASURE(0.007),$);
#1378= IFCPROPERTYSINGLEVALUE('Area per tons',$,IFCAREAMEASURE(38.744),$);
#1379= IFCPROPERTYSINGLEVALUE('Net surface area',$,IFCAREAMEASURE(0.016),$);
#1380= IFCPROPERTYSINGLEVALUE('Height',$,IFCLENGTHMEASURE(80.),$);
#1381= IFCPROPERTYSINGLEVALUE('Width',$,IFCLENGTHMEASURE(8.),$);
#1382= IFCPROPERTYSINGLEVALUE('Length',$,IFCLENGTHMEASURE(129.),$);
#1383= IFCPROPERTYSET('1BJtLmxWfBk9j4FVmTiiVD',#5,'Tekla Quantity','Quantity Properties to Shared building elements',(#1375,#1376,#1377,#1378,#1379,#1380,#1381,#1382));
#1384= IFCPROPERTYSINGLEVALUE('Reference',$,IFCIDENTIFIER('5-1-P41'),$);
#1385= IFCPROPERTYSET('0jjQIiefH6IggubQVF3Fai',#5,'Pset_PlateCommon','Common Properties to plate elements',(#1272,#1384));
#1386= IFCQUANTITYLENGTH('Width',$,$,80.0000610358319);
#1387= IFCQUANTITYAREA('NetArea',$,$,0.0163940194749336);
#1388= IFCQUANTITYAREA('GrossArea',$,$,0.0103200188599492);
#1389= IFCQUANTITYAREA('CrossSectionArea',$,$,6.4E-05);
#1390= IFCQUANTITYVOLUME('NetVolume',$,$,5.39028565026537E-05);
#1391= IFCQUANTITYVOLUME('GrossVolume',$,$,5.39028565026537E-05);
#1392= IFCELEMENTQUANTITY('1VGZ7FJ1bBjP4yt8gAW0mb',#5,'BaseQuantities',$,$,(#1386,#1387,#1388,#1389,#1390,#1391));
#1393= IFCCARTESIANPOINT((-0.000330654329445679,-3.99999999997817,19.9999999972642));
#1394= IFCCARTESIANPOINT((-0.00213272272594622,-3.99999999987813,129.000137329127));
#1395= IFCCARTESIANPOINT((-0.00213272273322218,4.0000000001146,129.000137329127));
#1396= IFCCARTESIANPOINT((-0.000330654336721636,4.00000000001637,19.9999999972651));
#1397= IFCPOLYLOOP((#1393,#1394,#1395,#1396));
#1398= IFCFACEOUTERBOUND(#1397,.T.);
#1399= IFCFACE((#1398));
#1400= IFCCARTESIANPOINT((69.9976501482233,-3.99999999985266,129.000137329063));
#1401= IFCCARTESIANPOINT((69.9976501482161,4.00000000014006,129.000137329064));
#1402= IFCPOLYLOOP((#1394,#1400,#1401,#1395));
#1403= IFCFACEOUTERBOUND(#1402,.T.);
#1404= IFCFACE((#1403));
#1405= IFCCARTESIANPOINT((199.999145271111,-3.99999999987995,49.0001373429261));
#1406= IFCCARTESIANPOINT((199.999145271104,4.0000000001146,49.0001373429268));
#1407= IFCPOLYLOOP((#1400,#1405,#1406,#1401));
#1408= IFCFACEOUTERBOUND(#1407,.T.);
#1409= IFCFACE((#1408));
#1410= IFCCARTESIANPOINT((200.000061036386,-3.99999999992542,-3.54248186340556E-10));
#1411= IFCCARTESIANPOINT((200.000061036382,4.00000000006912,-3.53338691638783E-10));
#1412= IFCPOLYLOOP((#1405,#1410,#1411,#1406));
#1413= IFCFACEOUTERBOUND(#1412,.T.);
#1414= IFCFACE((#1413));
#1415= IFCPOLYLOOP((#1410,#1309,#1310,#1411));
#1416= IFCFACEOUTERBOUND(#1415,.T.);
#1417= IFCFACE((#1416));
#1418= IFCCARTESIANPOINT((19.6156975446174,-3.99999999998545,3.90184697789891));
#1419= IFCCARTESIANPOINT((19.6156975446102,4.00000000000909,3.90184697789982));
#1420= IFCPOLYLOOP((#1309,#1418,#1419,#1310));
#1421= IFCFACEOUTERBOUND(#1420,.T.);
#1422= IFCFACE((#1421));
#1423= IFCCARTESIANPOINT((18.4775590161153,-3.99999999998181,7.65374501840938));
#1424= IFCCARTESIANPOINT((18.4775590161116,4.00000000001091,7.65374501841006));
#1425= IFCPOLYLOOP((#1418,#1423,#1424,#1419));
#1426= IFCFACEOUTERBOUND(#1425,.T.);
#1427= IFCFACE((#1426));
#1428= IFCCARTESIANPOINT((16.6293233576289,-3.99999999997999,11.1115077585525));
#1429= IFCCARTESIANPOINT((16.6293233576253,4.00000000001455,11.1115077585534));
#1430= IFCPOLYLOOP((#1423,#1428,#1429,#1424));
#1431= IFCFACEOUTERBOUND(#1430,.T.);
#1432= IFCFACE((#1431));
#1433= IFCCARTESIANPOINT((14.142018719318,-3.99999999997817,14.1422525272028));
#1434= IFCCARTESIANPOINT((14.1420187193144,4.00000000001637,14.1422525272037));
#1435= IFCPOLYLOOP((#1428,#1433,#1434,#1429));
#1436= IFCFACEOUTERBOUND(#1435,.T.);
#1437= IFCFACE((#1436));
#1438= IFCCARTESIANPOINT((11.1112328291856,-3.99999999997817,16.6295070587282));
#1439= IFCCARTESIANPOINT((11.1112328291783,4.00000000001637,16.6295070587289));
#1440= IFCPOLYLOOP((#1433,#1438,#1439,#1434));
#1441= IFCFACEOUTERBOUND(#1440,.T.);
#1442= IFCFACE((#1441));
#1443= IFCCARTESIANPOINT((7.65343953315823,-3.99999999997635,18.4776855507582));
#1444= IFCCARTESIANPOINT((7.65343953315096,4.00000000001819,18.4776855507589));
#1445= IFCPOLYLOOP((#1438,#1443,#1444,#1439));
#1446= IFCFACEOUTERBOUND(#1445,.T.);
#1447= IFCFACE((#1446));
#1448= IFCCARTESIANPOINT((3.90152267663507,-3.99999999997635,19.615762050041));
#1449= IFCCARTESIANPOINT((3.90152267663143,4.00000000001637,19.6157620500417));
#1450= IFCPOLYLOOP((#1443,#1448,#1449,#1444));
#1451= IFCFACEOUTERBOUND(#1450,.T.);
#1452= IFCFACE((#1451));
#1453= IFCPOLYLOOP((#1448,#1393,#1396,#1449));
#1454= IFCFACEOUTERBOUND(#1453,.T.);
#1455= IFCFACE((#1454));
#1456= IFCPOLYLOOP((#1401,#1406,#1411,#1310,#1419,#1424,#1429,#1434,#1439,#1444,#1449,#1396,#1395));
#1457= IFCFACEOUTERBOUND(#1456,.T.);
#1458= IFCFACE((#1457));
#1459= IFCPOLYLOOP((#1448,#1443,#1438,#1433,#1428,#1423,#1418,#1309,#1410,#1405,#1400,#1394,#1393));
#1460= IFCFACEOUTERBOUND(#1459,.T.);
#1461= IFCFACE((#1460));
#1462= IFCCLOSEDSHELL((#1399,#1404,#1409,#1414,#1417,#1422,#1427,#1432,#1437,#1442,#1447,#1452,#1455,#1458,#1461));
#1463= IFCFACETEDBREP(#1462);
#1464= IFCSTYLEDITEM(#1463,(#1286),$);
#1465= IFCSHAPEREPRESENTATION(#12,'Body','Brep',(#1463));
#1466= IFCPRODUCTDEFINITIONSHAPE($,$,(#1465));
#1467= IFCCARTESIANPOINT((1709.25815185705,25904.015267205,10588.99988565));
#1468= IFCDIRECTION((-0.999999999221575,3.93860002332076E-05,2.36500000028173E-06));
#1469= IFCDIRECTION((-3.9386000008847E-05,-0.999999999224367,9.50000031929142E-08));
#1470= IFCAXIS2PLACEMENT3D(#1467,#1468,#1469);
#1471= IFCLOCALPLACEMENT(#42,#1470);
#1472= IFCPLATE('0tqxNi9hTAMgiN9NhnSbCm',#44,'PLATE-8','PL8*129',$,#1471,#1466,'ID37d3b5ec-26b7-4a5a-ab17-257af1725330');
#1473= IFCPLATETYPE('2BfRIKYOb1zv$nQlFnbXMp',#5,'PL8*129',$,$,$,$,$,$,.NOTDEFINED.);
#1474= IFCPROPERTYSINGLEVALUE('Bottom elevation',$,IFCLABEL(' +10.585'),$);
#1475= IFCPROPERTYSINGLEVALUE('Top elevation',$,IFCLABEL(' +10.593'),$);
#1476= IFCPROPERTYSINGLEVALUE('Preliminary mark',$,IFCLABEL('5-1-P45(?)'),$);
#1477= IFCPROPERTYSET('2QPzGNRkPBXhlEW$lQcMA6',#5,'Tekla Common','Common Properties to Shared building elements',(#1474,#1475,#1258,#1476,#1260,#1373));
#1478= IFCPROPERTYSINGLEVALUE('Weight',$,IFCMASSMEASURE(1.27),$);
#1479= IFCPROPERTYSINGLEVALUE('Gross footprint area',$,IFCAREAMEASURE(0.02),$);
#1480= IFCPROPERTYSINGLEVALUE('Area per tons',$,IFCAREAMEASURE(35.564),$);
#1481= IFCPROPERTYSINGLEVALUE('Net surface area',$,IFCAREAMEASURE(0.045),$);
#1482= IFCPROPERTYSINGLEVALUE('Height',$,IFCLENGTHMEASURE(129.),$);
#1483= IFCPROPERTYSINGLEVALUE('Length',$,IFCLENGTHMEASURE(200.),$);
#1484= IFCPROPERTYSET('1OZeP1Jo5DhBry2H4zwFLP',#5,'Tekla Quantity','Quantity Properties to Shared building elements',(#1478,#1376,#1479,#1480,#1481,#1482,#1381,#1483));
#1485= IFCPROPERTYSINGLEVALUE('Reference',$,IFCIDENTIFIER('5-1-P45'),$);
#1486= IFCPROPERTYSET('0u_lcvofbBcuyFq2LN854Z',#5,'Pset_PlateCommon','Common Properties to plate elements',(#1272,#1485));
#1487= IFCQUANTITYLENGTH('Width',$,$,129.000137329497);
#1488= IFCQUANTITYAREA('NetArea',$,$,0.0453118239300498);
#1489= IFCQUANTITYAREA('GrossArea',$,$,0.0258003104611262);
#1490= IFCQUANTITYVOLUME('NetVolume',$,$,0.000162302957124144);
#1491= IFCQUANTITYVOLUME('GrossVolume',$,$,0.000162302957124144);
#1492= IFCELEMENTQUANTITY('2fwnZ4VCPEbfACs7BI7IHA',#5,'BaseQuantities',$,$,(#1487,#1488,#1489,#1389,#1490,#1491));
#1493= IFCCARTESIANPOINT((0.,-3.99999999999454,-4.54747350886464E-13));
#1494= IFCCARTESIANPOINT((0.0003242922211939,-4.00000000009459,109.00013732934));
#1495= IFCCARTESIANPOINT((0.000324292217555922,3.99999999989814,109.000137329341));
#1496= IFCCARTESIANPOINT((-3.63797880709171E-12,3.99999999999818,9.09494701772928E-13));
#1497= IFCPOLYLOOP((#1493,#1494,#1495,#1496));
#1498= IFCFACEOUTERBOUND(#1497,.T.);
#1499= IFCFACE((#1498));
#1500= IFCCARTESIANPOINT((3.90213917082656,-4.00000000009277,109.384421563838));
#1501= IFCCARTESIANPOINT((3.90213917082292,3.99999999989996,109.38442156384));
#1502= IFCPOLYLOOP((#1494,#1500,#1501,#1495));
#1503= IFCFACEOUTERBOUND(#1502,.T.);
#1504= IFCFACE((#1503));
#1505= IFCCARTESIANPOINT((7.65401121231116,-4.00000000009459,110.52252960094));
#1506= IFCCARTESIANPOINT((7.65401121230752,3.99999999989814,110.522529600942));
#1507= IFCPOLYLOOP((#1500,#1505,#1506,#1501));
#1508= IFCFACEOUTERBOUND(#1507,.T.);
#1509= IFCFACE((#1508));
#1510= IFCCARTESIANPOINT((11.1117575337703,-4.00000000009459,112.370724421891));
#1511= IFCCARTESIANPOINT((11.1117575337703,3.99999999989814,112.370724421892));
#1512= IFCPOLYLOOP((#1505,#1510,#1511,#1506));
#1513= IFCFACEOUTERBOUND(#1512,.T.);
#1514= IFCFACE((#1513));
#1515= IFCCARTESIANPOINT((14.1424983814723,-4.00000000009641,114.857980668017));
#1516= IFCCARTESIANPOINT((14.1424983814686,3.99999999989632,114.857980668018));
#1517= IFCPOLYLOOP((#1510,#1515,#1516,#1511));
#1518= IFCFACEOUTERBOUND(#1517,.T.);
#1519= IFCFACE((#1518));
#1520= IFCCARTESIANPOINT((16.6297636445088,-4.00000000009823,117.888714115734));
#1521= IFCCARTESIANPOINT((16.6297636445088,3.9999999998945,117.888714115735));
#1522= IFCPOLYLOOP((#1515,#1520,#1521,#1516));
#1523= IFCFACEOUTERBOUND(#1522,.T.);
#1524= IFCFACE((#1523));
#1525= IFCCARTESIANPOINT((18.4779687527844,-4.00000000010186,121.346454938522));
#1526= IFCCARTESIANPOINT((18.4779687527807,3.99999999989086,121.346454938524));
#1527= IFCPOLYLOOP((#1520,#1525,#1526,#1521));
#1528= IFCFACEOUTERBOUND(#1527,.T.);
#1529= IFCFACE((#1528));
#1530= IFCCARTESIANPOINT((19.6160879522758,-4.00000000010368,125.098323593948));
#1531= IFCCARTESIANPOINT((19.6160879522758,3.99999999988904,125.098323593949));
#1532= IFCPOLYLOOP((#1525,#1530,#1531,#1526));
#1533= IFCFACEOUTERBOUND(#1532,.T.);
#1534= IFCFACE((#1533));
#1535= IFCCARTESIANPOINT((20.000383795279,-4.00000000010732,129.000137329235));
#1536= IFCCARTESIANPOINT((20.0003837952754,3.9999999998854,129.000137329236));
#1537= IFCPOLYLOOP((#1530,#1535,#1536,#1531));
#1538= IFCFACEOUTERBOUND(#1537,.T.);
#1539= IFCFACE((#1538));
#1540= IFCCARTESIANPOINT((80.0001678470944,-4.00000000009459,129.000137329172));
#1541= IFCCARTESIANPOINT((80.0001678470908,3.99999999989814,129.000137329173));
#1542= IFCPOLYLOOP((#1535,#1540,#1541,#1536));
#1543= IFCFACEOUTERBOUND(#1542,.T.);
#1544= IFCFACE((#1543));
#1545= IFCCARTESIANPOINT((80.0001512870731,-4.0000000000764,108.99999999992));
#1546= IFCCARTESIANPOINT((80.0001512870695,3.99999999991451,108.999999999921));
#1547= IFCPOLYLOOP((#1540,#1545,#1546,#1541));
#1548= IFCFACEOUTERBOUND(#1547,.T.);
#1549= IFCFACE((#1548));
#1550= IFCCARTESIANPOINT((20.0000610356401,-3.99999999999091,-1.63709046319127E-11));
#1551= IFCCARTESIANPOINT((20.0000610356401,4.00000000000182,-1.50066625792533E-11));
#1552= IFCPOLYLOOP((#1545,#1550,#1551,#1546));
#1553= IFCFACEOUTERBOUND(#1552,.T.);
#1554= IFCFACE((#1553));
#1555= IFCPOLYLOOP((#1550,#1493,#1496,#1551));
#1556= IFCFACEOUTERBOUND(#1555,.T.);
#1557= IFCFACE((#1556));
#1558= IFCPOLYLOOP((#1501,#1506,#1511,#1516,#1521,#1526,#1531,#1536,#1541,#1546,#1551,#1496,#1495));
#1559= IFCFACEOUTERBOUND(#1558,.T.);
#1560= IFCFACE((#1559));
#1561= IFCPOLYLOOP((#1550,#1545,#1540,#1535,#1530,#1525,#1520,#1515,#1510,#1505,#1500,#1494,#1493));
#1562= IFCFACEOUTERBOUND(#1561,.T.);
#1563= IFCFACE((#1562));
#1564= IFCCLOSEDSHELL((#1499,#1504,#1509,#1514,#1519,#1524,#1529,#1534,#1539,#1544,#1549,#1554,#1557,#1560,#1563));
#1565= IFCFACETEDBREP(#1564);
#1566= IFCSTYLEDITEM(#1565,(#1286),$);
#1567= IFCSHAPEREPRESENTATION(#12,'Body','Brep',(#1565));
#1568= IFCPRODUCTDEFINITIONSHAPE($,$,(#1567));
#1569= IFCCARTESIANPOINT((2090.25786585805,25903.998931034,10809.0001907348));
#1570= IFCAXIS2PLACEMENT3D(#1569,#1364,#1365);
#1571= IFCLOCALPLACEMENT(#42,#1570);
#1572= IFCPLATE('3z3QNTApn1DOaHHXKNRH8R',#44,'PLATE-8','PL8*80',$,#1571,#1568,'IDfd0da5dd-2b3c-4135-8911-4615176d121b');
#1573= IFCQUANTITYLENGTH('Width',$,$,79.9998269947738);
#1574= IFCQUANTITYAREA('NetArea',$,$,0.0163940187843883);
#1575= IFCQUANTITYAREA('GrossArea',$,$,0.010320007709622);
#1576= IFCQUANTITYVOLUME('NetVolume',$,$,5.39028471652172E-05);
#1577= IFCQUANTITYVOLUME('GrossVolume',$,$,5.39028471652172E-05);
#1578= IFCELEMENTQUANTITY('3Xbel9cmnAQuXNqYAaNbwv',#5,'BaseQuantities',$,$,(#1573,#1574,#1575,#1389,#1576,#1577));
#1579= IFCCARTESIANPOINT((-0.00276056029542815,-3.99999999989814,109.000137335425));
#1580= IFCCARTESIANPOINT((-0.00276056030270411,4.00000000009459,109.000137335426));
#1581= IFCPOLYLOOP((#1493,#1579,#1580,#1496));
#1582= IFCFACEOUTERBOUND(#1581,.T.);
#1583= IFCFACE((#1582));
#1584= IFCCARTESIANPOINT((3.8989740474135,-3.99999999989632,109.384518191487));
#1585= IFCCARTESIANPOINT((3.89897404740987,4.00000000009641,109.384518191487));
#1586= IFCPOLYLOOP((#1579,#1584,#1585,#1580));
#1587= IFCFACEOUTERBOUND(#1586,.T.);
#1588= IFCFACE((#1587));
#1589= IFCCARTESIANPOINT((7.65075253693067,-3.99999999989268,110.522692060933));
#1590= IFCCARTESIANPOINT((7.65075253692703,4.00000000009823,110.522692060933));
#1591= IFCPOLYLOOP((#1584,#1589,#1590,#1585));
#1592= IFCFACEOUTERBOUND(#1591,.T.);
#1593= IFCFACE((#1592));
#1594= IFCCARTESIANPOINT((11.1084007991813,-3.99999999989086,112.370920966144));
#1595= IFCCARTESIANPOINT((11.108400799174,4.00000000010186,112.370920966145));
#1596= IFCPOLYLOOP((#1589,#1594,#1595,#1590));
#1597= IFCFACEOUTERBOUND(#1596,.T.);
#1598= IFCFACE((#1597));
#1599= IFCCARTESIANPOINT((14.139047621451,-3.9999999998854,114.858180789754));
#1600= IFCCARTESIANPOINT((14.1390476214438,4.0000000001055,114.858180789754));
#1601= IFCPOLYLOOP((#1594,#1599,#1600,#1595));
#1602= IFCFACEOUTERBOUND(#1601,.T.);
#1603= IFCFACE((#1602));
#1604= IFCCARTESIANPOINT((16.6262306894714,-3.99999999988358,117.888890603911));
#1605= IFCCARTESIANPOINT((16.6262306894641,4.00000000010914,117.888890603911));
#1606= IFCPOLYLOOP((#1599,#1604,#1605,#1600));
#1607= IFCFACEOUTERBOUND(#1606,.T.);
#1608= IFCFACE((#1607));
#1609= IFCCARTESIANPOINT((18.4743720249753,-3.99999999987995,121.346585673677));
#1610= IFCCARTESIANPOINT((18.474372024968,4.00000000011096,121.346585673677));
#1611= IFCPOLYLOOP((#1604,#1609,#1610,#1605));
#1612= IFCFACEOUTERBOUND(#1611,.T.);
#1613= IFCFACE((#1612));
#1614= IFCCARTESIANPOINT((19.6124508757384,-3.99999999987631,125.098392987615));
#1615= IFCCARTESIANPOINT((19.6124508757348,4.0000000001146,125.098392987616));
#1616= IFCPOLYLOOP((#1609,#1614,#1615,#1610));
#1617= IFCFACEOUTERBOUND(#1616,.T.);
#1618= IFCFACE((#1617));
#1619= IFCCARTESIANPOINT((19.996732915537,-3.99999999987267,129.000137328977));
#1620= IFCCARTESIANPOINT((19.9967329155297,4.00000000012005,129.000137328978));
#1621= IFCPOLYLOOP((#1614,#1619,#1620,#1615));
#1622= IFCFACEOUTERBOUND(#1621,.T.);
#1623= IFCFACE((#1622));
#1624= IFCCARTESIANPOINT((199.996520997836,-3.99999999980719,129.000137328693));
#1625= IFCCARTESIANPOINT((199.996520997829,4.00000000018372,129.000137328694));
#1626= IFCPOLYLOOP((#1619,#1624,#1625,#1620));
#1627= IFCFACEOUTERBOUND(#1626,.T.);
#1628= IFCFACE((#1627));
#1629= IFCCARTESIANPOINT((199.997865665911,-3.99999999985266,79.9999999697811));
#1630= IFCCARTESIANPOINT((199.997865665904,4.00000000013824,79.9999999697818));
#1631= IFCPOLYLOOP((#1624,#1629,#1630,#1625));
#1632= IFCFACEOUTERBOUND(#1631,.T.);
#1633= IFCFACE((#1632));
#1634= IFCCARTESIANPOINT((70.0000610361094,-3.99999999997272,-3.1377567211166E-11));
#1635= IFCCARTESIANPOINT((70.0000610361058,4.00000000002001,-3.04680725093931E-11));
#1636= IFCPOLYLOOP((#1629,#1634,#1635,#1630));
#1637= IFCFACEOUTERBOUND(#1636,.T.);
#1638= IFCFACE((#1637));
#1639= IFCPOLYLOOP((#1634,#1493,#1496,#1635));
#1640= IFCFACEOUTERBOUND(#1639,.T.);
#1641= IFCFACE((#1640));
#1642= IFCPOLYLOOP((#1585,#1590,#1595,#1600,#1605,#1610,#1615,#1620,#1625,#1630,#1635,#1496,#1580));
#1643= IFCFACEOUTERBOUND(#1642,.T.);
#1644= IFCFACE((#1643));
#1645= IFCPOLYLOOP((#1634,#1629,#1624,#1619,#1614,#1609,#1604,#1599,#1594,#1589,#1584,#1579,#1493));
#1646= IFCFACEOUTERBOUND(#1645,.T.);
#1647= IFCFACE((#1646));
#1648= IFCCLOSEDSHELL((#1583,#1588,#1593,#1598,#1603,#1608,#1613,#1618,#1623,#1628,#1633,#1638,#1641,#1644,#1647));
#1649= IFCFACETEDBREP(#1648);
#1650= IFCSTYLEDITEM(#1649,(#1286),$);
#1651= IFCSHAPEREPRESENTATION(#12,'Body','Brep',(#1649));
#1652= IFCPRODUCTDEFINITIONSHAPE($,$,(#1651));
#1653= IFCCARTESIANPOINT((2090.25786585805,25903.998931034,10589.0001907348));
#1654= IFCAXIS2PLACEMENT3D(#1653,#1468,#1469);
#1655= IFCLOCALPLACEMENT(#42,#1654);
#1656= IFCPLATE('07oOuqTobAJ9KXax8H2VJk',#44,'PLATE-8','PL8*129',$,#1655,#1652,'ID07c98e34-7729-4a4c-9521-93b21109f4ee');
#1657= IFCQUANTITYLENGTH('Width',$,$,129.000137329022);
#1658= IFCQUANTITYAREA('NetArea',$,$,0.0453118092586434);
#1659= IFCQUANTITYAREA('GrossArea',$,$,0.025800108249056);
#1660= IFCQUANTITYVOLUME('NetVolume',$,$,0.000162303025508365);
#1661= IFCQUANTITYVOLUME('GrossVolume',$,$,0.000162303025508365);
#1662= IFCELEMENTQUANTITY('0LHaLnQuHFW98g6hBF6KE_',#5,'BaseQuantities',$,$,(#1657,#1658,#1659,#1389,#1660,#1661));
#1663= IFCCARTESIANPOINT((0.00367182476475136,-4.00000000011096,227.998931884741));
#1664= IFCCARTESIANPOINT((0.00367182476838934,3.99999999988177,227.998931884741));
#1665= IFCPOLYLOOP((#1493,#1663,#1664,#1496));
#1666= IFCFACEOUTERBOUND(#1665,.T.);
#1667= IFCFACE((#1666));
#1668= IFCCARTESIANPOINT((80.0034561157008,-4.00000000009459,227.99893188474));
#1669= IFCCARTESIANPOINT((80.0034561157008,3.99999999989996,227.99893188474));
#1670= IFCPOLYLOOP((#1663,#1668,#1669,#1664));
#1671= IFCFACEOUTERBOUND(#1670,.T.);
#1672= IFCFACE((#1671));
#1673= IFCPOLYLOOP((#1668,#1304,#1305,#1669));
#1674= IFCFACEOUTERBOUND(#1673,.T.);
#1675= IFCFACE((#1674));
#1676= IFCPOLYLOOP((#1304,#1493,#1496,#1305));
#1677= IFCFACEOUTERBOUND(#1676,.T.);
#1678= IFCFACE((#1677));
#1679= IFCPOLYLOOP((#1669,#1305,#1496,#1664));
#1680= IFCFACEOUTERBOUND(#1679,.T.);
#1681= IFCFACE((#1680));
#1682= IFCPOLYLOOP((#1304,#1668,#1663,#1493));
#1683= IFCFACEOUTERBOUND(#1682,.T.);
#1684= IFCFACE((#1683));
#1685= IFCCLOSEDSHELL((#1667,#1672,#1675,#1678,#1681,#1684));
#1686= IFCFACETEDBREP(#1685);
#1687= IFCSTYLEDITEM(#1686,(#1286),$);
#1688= IFCSHAPEREPRESENTATION(#12,'Body','Brep',(#1686));
#1689= IFCPRODUCTDEFINITIONSHAPE($,$,(#1688));
#1690= IFCCARTESIANPOINT((1949.25786594524,25904.003890568,10809.0001907348));
#1691= IFCDIRECTION((-0.999999997708408,6.76860002968169E-05,1.33800000003248E-06));
#1692= IFCAXIS2PLACEMENT3D(#1690,#1691,#1365);
#1693= IFCLOCALPLACEMENT(#42,#1692);
#1694= IFCPLATE('3MwZC1h$XBawtVEdtK8Uq2',#44,'PLATE-8','PL8*80',$,#1693,#1689,'IDd6ea3301-aff8-4b93-addf-3a7dd421ed02');
#1695= IFCPROPERTYSINGLEVALUE('Preliminary mark',$,IFCLABEL('5-1-P48(?)'),$);
#1696= IFCPROPERTYSET('0rAEJC2JHArfbBtWRxp8vQ',#5,'Tekla Common','Common Properties to Shared building elements',(#1370,#1371,#1258,#1695,#1260,#1373));
#1697= IFCPROPERTYSINGLEVALUE('Weight',$,IFCMASSMEASURE(1.15),$);
#1698= IFCPROPERTYSINGLEVALUE('Gross footprint area',$,IFCAREAMEASURE(0.018),$);
#1699= IFCPROPERTYSINGLEVALUE('Area per tons',$,IFCAREAMEASURE(36.149),$);
#1700= IFCPROPERTYSINGLEVALUE('Net surface area',$,IFCAREAMEASURE(0.041),$);
#1701= IFCPROPERTYSINGLEVALUE('Length',$,IFCLENGTHMEASURE(228.),$);
#1702= IFCPROPERTYSET('1aNXdIMaD9UgUY5zojLQVX',#5,'Tekla Quantity','Quantity Properties to Shared building elements',(#1697,#1376,#1698,#1699,#1700,#1380,#1381,#1701));
#1703= IFCPROPERTYSINGLEVALUE('Reference',$,IFCIDENTIFIER('5-1-P48'),$);
#1704= IFCPROPERTYSET('2R0wKv0uj9Gxchc8d2g42b',#5,'Pset_PlateCommon','Common Properties to plate elements',(#1272,#1703));
#1705= IFCQUANTITYLENGTH('Width',$,$,80.0000621261875);
#1706= IFCQUANTITYAREA('NetArea',$,$,0.041407775509303);
#1707= IFCQUANTITYAREA('GrossArea',$,$,0.018240031817832);
#1708= IFCQUANTITYVOLUME('NetVolume',$,$,0.000145919175344394);
#1709= IFCQUANTITYVOLUME('GrossVolume',$,$,0.000145919175344394);
#1710= IFCELEMENTQUANTITY('3ifDOHS2T1uAOyZ3_GTGda',#5,'BaseQuantities',$,$,(#1705,#1706,#1707,#1389,#1708,#1709));
#1711= IFCCARTESIANPOINT((-0.000775870052166283,-4.00000000012005,228.001007080088));
#1712= IFCCARTESIANPOINT((-0.000775870055804262,3.99999999988722,228.001007080087));
#1713= IFCPOLYLOOP((#1493,#1711,#1712,#1496));
#1714= IFCFACEOUTERBOUND(#1713,.T.);
#1715= IFCFACE((#1714));
#1716= IFCCARTESIANPOINT((199.999008179089,-4.00000000004729,228.001007080092));
#1717= IFCCARTESIANPOINT((199.999008179086,3.99999999995998,228.001007080091));
#1718= IFCPOLYLOOP((#1711,#1716,#1717,#1712));
#1719= IFCFACEOUTERBOUND(#1718,.T.);
#1720= IFCFACE((#1719));
#1721= IFCPOLYLOOP((#1716,#1410,#1411,#1717));
#1722= IFCFACEOUTERBOUND(#1721,.T.);
#1723= IFCFACE((#1722));
#1724= IFCPOLYLOOP((#1410,#1493,#1496,#1411));
#1725= IFCFACEOUTERBOUND(#1724,.T.);
#1726= IFCFACE((#1725));
#1727= IFCPOLYLOOP((#1717,#1411,#1496,#1712));
#1728= IFCFACEOUTERBOUND(#1727,.T.);
#1729= IFCFACE((#1728));
#1730= IFCPOLYLOOP((#1410,#1716,#1711,#1493));
#1731= IFCFACEOUTERBOUND(#1730,.T.);
#1732= IFCFACE((#1731));
#1733= IFCCLOSEDSHELL((#1715,#1720,#1723,#1726,#1729,#1732));
#1734= IFCFACETEDBREP(#1733);
#1735= IFCSTYLEDITEM(#1734,(#1286),$);
#1736= IFCSHAPEREPRESENTATION(#12,'Body','Brep',(#1734));
#1737= IFCPRODUCTDEFINITIONSHAPE($,$,(#1736));
#1738= IFCCARTESIANPOINT((1949.25786594524,25904.003890568,10589.0001907348));
#1739= IFCDIRECTION((-0.999999999223476,3.93860001349822E-05,1.33800000003248E-06));
#1740= IFCAXIS2PLACEMENT3D(#1738,#1739,#1469);
#1741= IFCLOCALPLACEMENT(#42,#1740);
#1742= IFCPLATE('12UAegeSLCgP5gTqNnl8j8',#44,'PLATE-8','PL8*200',$,#1741,#1737,'ID4278aa2a-a1c5-4ca9-916a-7745f1bc8b48');
#1743= IFCPLATETYPE('2S865I8kz8kxyaeRL8WZ$9',#5,'PL8*200',$,$,$,$,$,$,.NOTDEFINED.);
#1744= IFCPROPERTYSINGLEVALUE('Preliminary mark',$,IFCLABEL('5-1-P30(?)'),$);
#1745= IFCPROPERTYSET('3bjrFVSvHB1gR_h5Oz2fVu',#5,'Tekla Common','Common Properties to Shared building elements',(#1474,#1475,#1258,#1744,#1260,#1373));
#1746= IFCPROPERTYSINGLEVALUE('Weight',$,IFCMASSMEASURE(2.86),$);
#1747= IFCPROPERTYSINGLEVALUE('Gross footprint area',$,IFCAREAMEASURE(0.046),$);
#1748= IFCPROPERTYSINGLEVALUE('Area per tons',$,IFCAREAMEASURE(34.238),$);
#1749= IFCPROPERTYSINGLEVALUE('Net surface area',$,IFCAREAMEASURE(0.098),$);
#1750= IFCPROPERTYSINGLEVALUE('Height',$,IFCLENGTHMEASURE(200.),$);
#1751= IFCPROPERTYSET('0C5BiDf916aBrSRWTZOM5g',#5,'Tekla Quantity','Quantity Properties to Shared building elements',(#1746,#1376,#1747,#1748,#1749,#1750,#1381,#1701));
#1752= IFCPROPERTYSINGLEVALUE('Reference',$,IFCIDENTIFIER('5-1-P30'),$);
#1753= IFCPROPERTYSET('2_t40Beqz5bAba8kaepw$B',#5,'Pset_PlateCommon','Common Properties to plate elements',(#1272,#1752));
#1754= IFCQUANTITYLENGTH('Width',$,$,200.002738562295);
#1755= IFCQUANTITYAREA('NetArea',$,$,0.0980483823849753);
#1756= IFCQUANTITYAREA('GrossArea',$,$,0.0456011594359658);
#1757= IFCQUANTITYVOLUME('NetVolume',$,$,0.000364801470043974);
#1758= IFCQUANTITYVOLUME('GrossVolume',$,$,0.000364801470043974);
#1759= IFCELEMENTQUANTITY('2MWu49SujDs8bpr8ZC5beh',#5,'BaseQuantities',$,$,(#1754,#1755,#1756,#1389,#1757,#1758));
#1760= IFCSHAPEREPRESENTATION(#12,'Body','Brep',(#1245));
#1761= IFCPRODUCTDEFINITIONSHAPE($,$,(#1760));
#1762= IFCCARTESIANPOINT((1955.25772849799,25904.0028365281,10919.0004958006));
#1763= IFCAXIS2PLACEMENT3D(#1762,#1250,#1251);
#1764= IFCLOCALPLACEMENT(#42,#1763);
#1765= IFCPLATE('2aXcKQF6PAYQ36oYwXwVTN',#44,'PLATE-12','PL12*270',$,#1764,#1761,'IDa486651a-3c66-4a89-a0c6-ca2ea1e9f757');
#1766= IFCSHAPEREPRESENTATION(#12,'Body','Brep',(#1245));
#1767= IFCPRODUCTDEFINITIONSHAPE($,$,(#1766));
#1768= IFCCARTESIANPOINT((1715.25772864639,25904.0112782881,9536.99988566909));
#1769= IFCDIRECTION((-5.15979999827323E-05,-0.999999998667005,1.90699999438948E-06));
#1770= IFCDIRECTION((0.,1.90699999685506E-06,0.999999999998182));
#1771= IFCAXIS2PLACEMENT3D(#1768,#1769,#1770);
#1772= IFCLOCALPLACEMENT(#42,#1771);
#1773= IFCPLATE('1WrmS_WGj92hHS1x9lMRfc',#44,'PLATE-12','PL12*270',$,#1772,#1767,'ID60d7073e-810b-490a-b45c-07b26f59ba66');
#1774= IFCPROPERTYSINGLEVALUE('Bottom elevation',$,IFCLABEL(' +9.537'),$);
#1775= IFCPROPERTYSINGLEVALUE('Top elevation',$,IFCLABEL(' +10.032'),$);
#1776= IFCPROPERTYSINGLEVALUE('Preliminary mark',$,IFCLABEL('5-1-P23(?)'),$);
#1777= IFCPROPERTYSET('2Vw5kLBLb2fe34xBYdC9bM',#5,'Tekla Common','Common Properties to Shared building elements',(#1774,#1775,#1258,#1776,#1260,#1261));
#1778= IFCPROPERTYSINGLEVALUE('Gross footprint area',$,IFCAREAMEASURE(0.003),$);
#1779= IFCPROPERTYSET('1RL27OfqLFPxuQXPN548TY',#5,'Tekla Quantity','Quantity Properties to Shared building elements',(#1263,#1264,#1778,#1266,#1267,#1268,#1269,#1270));
#1780= IFCPROPERTYSINGLEVALUE('Reference',$,IFCIDENTIFIER('5-1-P23'),$);
#1781= IFCPROPERTYSET('3x3YAFtdf4nxzR19y2_Xjv',#5,'Pset_PlateCommon','Common Properties to plate elements',(#1272,#1780));
#1782= IFCSHAPEREPRESENTATION(#12,'Body','Brep',(#1359));
#1783= IFCPRODUCTDEFINITIONSHAPE($,$,(#1782));
#1784= IFCCARTESIANPOINT((1709.25815185703,25904.0152672051,9647.00049581973));
#1785= IFCDIRECTION((-0.999999997706506,6.76860005441995E-05,-2.36500000028173E-06));
#1786= IFCAXIS2PLACEMENT3D(#1784,#1785,#1365);
#1787= IFCLOCALPLACEMENT(#42,#1786);
#1788= IFCPLATE('0ZntaKFFr4$exAohuq8GEc',#44,'PLATE-8','PL8*80',$,#1787,#1783,'ID23c77914-3cfd-44fe-8eca-cabe342103a6');
#1789= IFCPROPERTYSINGLEVALUE('Bottom elevation',$,IFCLABEL(' +9.643'),$);
#1790= IFCPROPERTYSINGLEVALUE('Top elevation',$,IFCLABEL(' +9.651'),$);
#1791= IFCPROPERTYSET('229Wg3PBb2pg9lncVfEA2G',#5,'Tekla Common','Common Properties to Shared building elements',(#1789,#1790,#1258,#1372,#1260,#1373));
#1792= IFCQUANTITYLENGTH('Width',$,$,80.0000610358613);
#1793= IFCQUANTITYAREA('GrossArea',$,$,0.010320018859953);
#1794= IFCELEMENTQUANTITY('05bZQfqDr01fDmcrWloFUq',#5,'BaseQuantities',$,$,(#1792,#1387,#1793,#1389,#1390,#1391));
#1795= IFCSHAPEREPRESENTATION(#12,'Body','Brep',(#1463));
#1796= IFCPRODUCTDEFINITIONSHAPE($,$,(#1795));
#1797= IFCCARTESIANPOINT((1709.25815185703,25904.0152672051,9867.00049581973));
#1798= IFCDIRECTION((-0.999999999221575,3.93860002332076E-05,-2.36500000028173E-06));
#1799= IFCAXIS2PLACEMENT3D(#1797,#1798,#1469);
#1800= IFCLOCALPLACEMENT(#42,#1799);
#1801= IFCPLATE('2r1vNv8n121PNdbfCO564G',#44,'PLATE-8','PL8*129',$,#1800,#1796,'IDb50795f9-2310-4205-95e7-969318146110');
#1802= IFCPROPERTYSINGLEVALUE('Bottom elevation',$,IFCLABEL(' +9.863'),$);
#1803= IFCPROPERTYSINGLEVALUE('Top elevation',$,IFCLABEL(' +9.871'),$);
#1804= IFCPROPERTYSET('2huxedjmv1lhDPcPwbPAD$',#5,'Tekla Common','Common Properties to Shared building elements',(#1802,#1803,#1258,#1476,#1260,#1373));
#1805= IFCSHAPEREPRESENTATION(#12,'Body','Brep',(#1565));
#1806= IFCPRODUCTDEFINITIONSHAPE($,$,(#1805));
#1807= IFCCARTESIANPOINT((2090.25786585801,25903.998931034,9647.00019073486));
#1808= IFCAXIS2PLACEMENT3D(#1807,#1785,#1365);
#1809= IFCLOCALPLACEMENT(#42,#1808);
#1810= IFCPLATE('1PmPG8K8L2vPUP5TbnyEqw',#44,'PLATE-8','PL8*80',$,#1809,#1806,'ID59c19408-5085-42e5-9799-15d971f0ed3a');
#1811= IFCSHAPEREPRESENTATION(#12,'Body','Brep',(#1649));
#1812= IFCPRODUCTDEFINITIONSHAPE($,$,(#1811));
#1813= IFCCARTESIANPOINT((2090.25786585801,25903.998931034,9867.00019073486));
#1814= IFCAXIS2PLACEMENT3D(#1813,#1798,#1469);
#1815= IFCLOCALPLACEMENT(#42,#1814);
#1816= IFCPLATE('1waEePY_PD$8MWB4Uwmfeh',#44,'PLATE-8','PL8*129',$,#1815,#1812,'ID7a90ea19-8be6-4dfc-85a0-2c47bac29a2b');
#1817= IFCSHAPEREPRESENTATION(#12,'Body','Brep',(#1686));
#1818= IFCPRODUCTDEFINITIONSHAPE($,$,(#1817));
#1819= IFCCARTESIANPOINT((1949.25786594521,25904.003890568,9647.00019073486));
#1820= IFCDIRECTION((-0.999999997708408,6.76860002968169E-05,-1.33800000003248E-06));
#1821= IFCAXIS2PLACEMENT3D(#1819,#1820,#1365);
#1822= IFCLOCALPLACEMENT(#42,#1821);
#1823= IFCPLATE('2T499tP2T7$xmNooqQQw8E',#44,'PLATE-8','PL8*80',$,#1822,#1818,'ID9d109277-6427-47ff-bc17-cb2d1a6ba20e');
#1824= IFCPROPERTYSET('3PdCPzGsj1KAAAnPncbEjX',#5,'Tekla Common','Common Properties to Shared building elements',(#1789,#1790,#1258,#1695,#1260,#1373));
#1825= IFCQUANTITYLENGTH('Width',$,$,80.0000610248007);
#1826= IFCQUANTITYAREA('GrossArea',$,$,0.0182400315357961);
#1827= IFCELEMENTQUANTITY('3OlUTh18v0_A8n6KxT68Wr',#5,'BaseQuantities',$,$,(#1825,#1706,#1826,#1389,#1708,#1709));
#1828= IFCSHAPEREPRESENTATION(#12,'Body','Brep',(#1734));
#1829= IFCPRODUCTDEFINITIONSHAPE($,$,(#1828));
#1830= IFCCARTESIANPOINT((1949.25786594521,25904.003890568,9867.00019073486));
#1831= IFCDIRECTION((-0.999999999223476,3.93860001349822E-05,-1.33800000003248E-06));
#1832= IFCAXIS2PLACEMENT3D(#1830,#1831,#1469);
#1833= IFCLOCALPLACEMENT(#42,#1832);
#1834= IFCPLATE('2hrTWq76rD7PzV5C3iNJbo',#44,'PLATE-8','PL8*200',$,#1833,#1829,'IDabd5d834-1c6d-4d1d-9f5f-14c0ec5d3972');
#1835= IFCPROPERTYSINGLEVALUE('Preliminary mark',$,IFCLABEL('5-1-P47(?)'),$);
#1836= IFCPROPERTYSET('3_nj3O_3H6bwxPT9M5b3CJ',#5,'Tekla Common','Common Properties to Shared building elements',(#1802,#1803,#1258,#1835,#1260,#1373));
#1837= IFCPROPERTYSINGLEVALUE('Reference',$,IFCIDENTIFIER('5-1-P47'),$);
#1838= IFCPROPERTYSET('3xElK$qSLFaO1sqLmmCJ76',#5,'Pset_PlateCommon','Common Properties to plate elements',(#1272,#1837));
#1839= IFCQUANTITYLENGTH('Width',$,$,200.001788960643);
#1840= IFCQUANTITYAREA('GrossArea',$,$,0.0456010971606388);
#1841= IFCELEMENTQUANTITY('3jGUXv7hz8Pwm3Tf3_fEMo',#5,'BaseQuantities',$,$,(#1839,#1755,#1840,#1389,#1757,#1758));
#1842= IFCSHAPEREPRESENTATION(#12,'Body','Brep',(#1245));
#1843= IFCPRODUCTDEFINITIONSHAPE($,$,(#1842));
#1844= IFCCARTESIANPOINT((1955.25772849796,25904.0028365281,9536.99988566909));
#1845= IFCAXIS2PLACEMENT3D(#1844,#1769,#1770);
#1846= IFCLOCALPLACEMENT(#42,#1845);
#1847= IFCPLATE('2msFohtfHDjfpXYYUcg_lg',#44,'PLATE-12','PL12*270',$,#1846,#1843,'IDb0d8fcab-de94-4db6-9ce1-8a27a6abebea');
#1848= IFCCOLOURRGB('Light Gray',0.615686274509804,0.615686274509804,0.611764705882353);
#1849= IFCSURFACESTYLERENDERING(#1848,0.,$,$,$,$,IFCNORMALISEDRATIOMEASURE(0.00390625),IFCSPECULAREXPONENT(10.),.NOTDEFINED.);
#1850= IFCSURFACESTYLE('STEEL/S275',.POSITIVE.,(#1849));
#1851= IFCPRESENTATIONSTYLEASSIGNMENT((#1850));
#1852= IFCCARTESIANPOINT((3.66562858289399E-06,-9.,8.));
#1853= IFCCARTESIANPOINT((2.27373675443232E-13,-1.,-3.63797880709171E-12));
#1854= IFCCARTESIANPOINT((420.000000000028,-1.,-6.40284270048141E-10));
#1855= IFCCARTESIANPOINT((420.000000000029,-9.,7.99999999935972));
#1856= IFCPOLYLOOP((#1852,#1853,#1854,#1855));
#1857= IFCFACEOUTERBOUND(#1856,.T.);
#1858= IFCFACE((#1857));
#1859= IFCCARTESIANPOINT((2.27373675443232E-13,1.,-3.63797880709171E-12));
#1860= IFCCARTESIANPOINT((3.66562858289399E-06,9.,8.));
#1861= IFCCARTESIANPOINT((420.000000000029,9.,7.99999999935972));
#1862= IFCCARTESIANPOINT((420.000000000028,1.,-6.40284270048141E-10));
#1863= IFCPOLYLOOP((#1859,#1860,#1861,#1862));
#1864= IFCFACEOUTERBOUND(#1863,.T.);
#1865= IFCFACE((#1864));
#1866= IFCCARTESIANPOINT((0.000146626902505886,-9.,320.00387573244));
#1867= IFCCARTESIANPOINT((0.000146626902505886,9.,320.00387573244));
#1868= IFCPOLYLOOP((#1866,#1867,#1860,#1859,#1853,#1852));
#1869= IFCFACEOUTERBOUND(#1868,.T.);
#1870= IFCFACE((#1869));
#1871= IFCCARTESIANPOINT((420.000000000057,-9.,320.003875731829));
#1872= IFCCARTESIANPOINT((420.000000000057,9.,320.003875731829));
#1873= IFCPOLYLOOP((#1866,#1871,#1872,#1867));
#1874= IFCFACEOUTERBOUND(#1873,.T.);
#1875= IFCFACE((#1874));
#1876= IFCPOLYLOOP((#1862,#1861,#1872,#1871,#1855,#1854));
#1877= IFCFACEOUTERBOUND(#1876,.T.);
#1878= IFCFACE((#1877));
#1879= IFCPOLYLOOP((#1859,#1862,#1854,#1853));
#1880= IFCFACEOUTERBOUND(#1879,.T.);
#1881= IFCFACE((#1880));
#1882= IFCPOLYLOOP((#1867,#1872,#1861,#1860));
#1883= IFCFACEOUTERBOUND(#1882,.T.);
#1884= IFCFACE((#1883));
#1885= IFCPOLYLOOP((#1871,#1866,#1852,#1855));
#1886= IFCFACEOUTERBOUND(#1885,.T.);
#1887= IFCFACE((#1886));
#1888= IFCCLOSEDSHELL((#1858,#1865,#1870,#1875,#1878,#1881,#1884,#1887));
#1889= IFCFACETEDBREP(#1888);
#1890= IFCSTYLEDITEM(#1889,(#1851),$);
#1891= IFCSHAPEREPRESENTATION(#12,'Body','Brep',(#1889));
#1892= IFCPRODUCTDEFINITIONSHAPE($,$,(#1891));
#1893= IFCCARTESIANPOINT((1625.25787567621,25904.0247808841,10415.0001907349));
#1894= IFCDIRECTION((-5.25139999808743E-05,-0.99999999862114,0.));
#1895= IFCDIRECTION((0.99999999862114,-5.25139999809064E-05,0.));
#1896= IFCAXIS2PLACEMENT3D(#1893,#1894,#1895);
#1897= IFCLOCALPLACEMENT(#42,#1896);
#1898= IFCPLATE('09dcTBx9TALxH_OYdixkjy',#44,'PLATE-18','PL18*320',$,#1897,#1892,'ID099e674b-ec97-4a57-b47e-6229eceeeb7c');
#1899= IFCPLATETYPE('2IAVIl11TBmBj_r7ZBGT3r',#5,'PL18*320',$,$,$,$,$,$,.NOTDEFINED.);
#1900= IFCPROPERTYSINGLEVALUE('Bottom elevation',$,IFCLABEL(' +10.406'),$);
#1901= IFCPROPERTYSINGLEVALUE('Top elevation',$,IFCLABEL(' +10.424'),$);
#1902= IFCPROPERTYSINGLEVALUE('Preliminary mark',$,IFCLABEL('5-1-P53(?)'),$);
#1903= IFCPROPERTYSINGLEVALUE('Class',$,IFCLABEL('15'),$);
#1904= IFCPROPERTYSET('0aVPld87vBjBvxVBmUEOC1',#5,'Tekla Common','Common Properties to Shared building elements',(#1900,#1901,#1258,#1902,#1260,#1903));
#1905= IFCPROPERTYSINGLEVALUE('Weight',$,IFCMASSMEASURE(18.78),$);
#1906= IFCPROPERTYSINGLEVALUE('Volume',$,IFCVOLUMEMEASURE(0.002),$);
#1907= IFCPROPERTYSINGLEVALUE('Gross footprint area',$,IFCAREAMEASURE(0.134),$);
#1908= IFCPROPERTYSINGLEVALUE('Area per tons',$,IFCAREAMEASURE(15.515),$);
#1909= IFCPROPERTYSINGLEVALUE('Net surface area',$,IFCAREAMEASURE(0.291),$);
#1910= IFCPROPERTYSINGLEVALUE('Height',$,IFCLENGTHMEASURE(320.),$);
#1911= IFCPROPERTYSINGLEVALUE('Width',$,IFCLENGTHMEASURE(18.),$);
#1912= IFCPROPERTYSINGLEVALUE('Length',$,IFCLENGTHMEASURE(420.),$);
#1913= IFCPROPERTYSET('29w4xNHSn488t68rKIAU72',#5,'Tekla Quantity','Quantity Properties to Shared building elements',(#1905,#1906,#1907,#1908,#1909,#1910,#1911,#1912));
#1914= IFCPROPERTYSINGLEVALUE('Reference',$,IFCIDENTIFIER('5-1-P53'),$);
#1915= IFCPROPERTYSET('2NYXb_fOvFJurGGkjL6Ju1',#5,'Pset_PlateCommon','Common Properties to plate elements',(#1272,#1914));
#1916= IFCQUANTITYLENGTH('Width',$,$,320.003875732447);
#1917= IFCQUANTITYAREA('NetArea',$,$,0.291378860708162);
#1918= IFCQUANTITYAREA('GrossArea',$,$,0.134401627807628);
#1919= IFCQUANTITYAREA('CrossSectionArea',$,$,0.000324);
#1920= IFCQUANTITYVOLUME('NetVolume',$,$,0.0023923488783249);
#1921= IFCQUANTITYVOLUME('GrossVolume',$,$,0.0024192288782467);
#1922= IFCELEMENTQUANTITY('3DwdUqisH8_vIzjSoyriGx',#5,'BaseQuantities',$,$,(#1916,#1917,#1918,#1919,#1920,#1921));
#1923= IFCSHAPEREPRESENTATION(#12,'Body','Brep',(#1889));
#1924= IFCPRODUCTDEFINITIONSHAPE($,$,(#1923));
#1925= IFCCARTESIANPOINT((1625.25787567621,25904.0247808841,10041.0001907349));
#1926= IFCAXIS2PLACEMENT3D(#1925,#1894,#1895);
#1927= IFCLOCALPLACEMENT(#42,#1926);
#1928= IFCPLATE('3ivP1K_Z57Eg8oz5DkhWTS',#44,'PLATE-18','PL18*320',$,#1927,#1924,'IDece59054-fa31-473a-a232-f4536eae075c');
#1929= IFCPROPERTYSINGLEVALUE('Bottom elevation',$,IFCLABEL(' +10.032'),$);
#1930= IFCPROPERTYSINGLEVALUE('Top elevation',$,IFCLABEL(' +10.050'),$);
#1931= IFCPROPERTYSET('2MpF8SmBnAjfL9dHnXitgu',#5,'Tekla Common','Common Properties to Shared building elements',(#1929,#1930,#1258,#1902,#1260,#1903));
#1932= IFCCOLOURRGB('Light Blue',0.23921568627451,0.,0.63921568627451);
#1933= IFCSURFACESTYLERENDERING(#1932,0.,$,$,$,$,IFCNORMALISEDRATIOMEASURE(0.00390625),IFCSPECULAREXPONENT(10.),.NOTDEFINED.);
#1934= IFCSURFACESTYLE('STEEL/S275',.POSITIVE.,(#1933));
#1935= IFCPRESENTATIONSTYLEASSIGNMENT((#1934));
#1936= IFCCARTESIANPOINT((4.54747350886464E-13,-10.0000000000073,0.));
#1937= IFCCARTESIANPOINT((9.09494701772928E-13,-10.0000000000073,1480.));
#1938= IFCCARTESIANPOINT((-4.54747350886464E-13,9.99999999999636,1480.));
#1939= IFCCARTESIANPOINT((-9.09494701772928E-13,9.99999999999636,0.));
#1940= IFCPOLYLOOP((#1936,#1937,#1938,#1939));
#1941= IFCFACEOUTERBOUND(#1940,.T.);
#1942= IFCFACE((#1941));
#1943= IFCCARTESIANPOINT((549.999694824256,-9.99999999920692,1480.));
#1944= IFCCARTESIANPOINT((549.999694824254,10.0000000007931,1480.));
#1945= IFCPOLYLOOP((#1937,#1943,#1944,#1938));
#1946= IFCFACEOUTERBOUND(#1945,.T.);
#1947= IFCFACE((#1946));
#1948= IFCCARTESIANPOINT((549.999694824256,-9.99999999920692,0.));
#1949= IFCCARTESIANPOINT((549.999694824254,10.0000000007931,0.));
#1950= IFCPOLYLOOP((#1943,#1948,#1949,#1944));
#1951= IFCFACEOUTERBOUND(#1950,.T.);
#1952= IFCFACE((#1951));
#1953= IFCPOLYLOOP((#1948,#1936,#1939,#1949));
#1954= IFCFACEOUTERBOUND(#1953,.T.);
#1955= IFCFACE((#1954));
#1956= IFCPOLYLOOP((#1944,#1949,#1939,#1938));
#1957= IFCFACEOUTERBOUND(#1956,.T.);
#1958= IFCFACE((#1957));
#1959= IFCPOLYLOOP((#1948,#1943,#1937,#1936));
#1960= IFCFACEOUTERBOUND(#1959,.T.);
#1961= IFCFACE((#1960));
#1962= IFCCLOSEDSHELL((#1942,#1947,#1952,#1955,#1958,#1961));
#1963= IFCFACETEDBREP(#1962);
#1964= IFCSTYLEDITEM(#1963,(#1935),$);
#1965= IFCSHAPEREPRESENTATION(#12,'Body','Brep',(#1963));
#1966= IFCPRODUCTDEFINITIONSHAPE($,$,(#1965));
#1967= IFCCARTESIANPOINT((2110.25849544157,25913.996074775,9485.00019073485));
#1968= IFCAXIS2PLACEMENT3D(#1967,#9,#227);
#1969= IFCLOCALPLACEMENT(#42,#1968);
#1970= IFCPLATE('0dPFLo9yL6MQeqloqxvxKl',#44,'MJ9','PL20*550',$,#1969,#1966,'ID2764f572-27c5-4659-aa34-bf2d3be7b52f');
#1971= IFCPLATETYPE('0fCrxZMJ13cQZ4iisH0$V4',#5,'PL20*550',$,$,$,$,$,$,.NOTDEFINED.);
#1972= IFCPROPERTYSINGLEVALUE('Bottom elevation',$,IFCLABEL(' +9.485'),$);
#1973= IFCPROPERTYSINGLEVALUE('Top elevation',$,IFCLABEL(' +10.965'),$);
#1974= IFCPROPERTYSINGLEVALUE('Preliminary mark',$,IFCLABEL('5-1-P56(?)'),$);
#1975= IFCPROPERTYSINGLEVALUE('Class',$,IFCLABEL('14'),$);
#1976= IFCPROPERTYSET('2rolkiJEjEPunkADauMLFQ',#5,'Tekla Common','Common Properties to Shared building elements',(#1972,#1973,#1258,#1974,#1260,#1975));
#1977= IFCPROPERTYSINGLEVALUE('Weight',$,IFCMASSMEASURE(127.8),$);
#1978= IFCPROPERTYSINGLEVALUE('Volume',$,IFCVOLUMEMEASURE(0.016),$);
#1979= IFCPROPERTYSINGLEVALUE('Gross footprint area',$,IFCAREAMEASURE(0.011),$);
#1980= IFCPROPERTYSINGLEVALUE('Area per tons',$,IFCAREAMEASURE(13.374),$);
#1981= IFCPROPERTYSINGLEVALUE('Net surface area',$,IFCAREAMEASURE(1.709),$);
#1982= IFCPROPERTYSINGLEVALUE('Height',$,IFCLENGTHMEASURE(550.),$);
#1983= IFCPROPERTYSINGLEVALUE('Width',$,IFCLENGTHMEASURE(20.),$);
#1984= IFCPROPERTYSINGLEVALUE('Length',$,IFCLENGTHMEASURE(1480.),$);
#1985= IFCPROPERTYSET('2mdf6maPTEy9tF3N3OPN6X',#5,'Tekla Quantity','Quantity Properties to Shared building elements',(#1977,#1978,#1979,#1980,#1981,#1982,#1983,#1984));
#1986= IFCPROPERTYSINGLEVALUE('Reference',$,IFCIDENTIFIER('5-1-P56'),$);
#1987= IFCPROPERTYSET('0CvrePxcLEhRTLNUmv75Rk',#5,'Pset_PlateCommon','Common Properties to plate elements',(#1272,#1986));
#1988= IFCQUANTITYLENGTH('Width',$,$,549.999694824319);
#1989= IFCQUANTITYAREA('NetArea',$,$,1.70919908447266);
#1990= IFCQUANTITYAREA('GrossArea',$,$,0.813999548339992);
#1991= IFCQUANTITYAREA('CrossSectionArea',$,$,0.0004);
#1992= IFCQUANTITYVOLUME('NetVolume',$,$,0.0162799909667969);
#1993= IFCQUANTITYVOLUME('GrossVolume',$,$,0.0162799909667969);
#1994= IFCELEMENTQUANTITY('3z91OnQH98mxq3XjEHS8Hg',#5,'BaseQuantities',$,$,(#1988,#1989,#1990,#1991,#1992,#1993));
#1995= IFCRELAGGREGATES('0a6zz6kIH2SwK6xgPmWrPP',#5,$,$,#37,(#39));
#1996= IFCRELAGGREGATES('2Wd0P21H10A8XQVt9_uDbW',#5,$,$,#39,(#41));
#1997= IFCRELAGGREGATES('0YXgyMVMX7wuC3P7UcfXT3',#5,$,$,#41,(#43));
#1998= IFCRELCONTAINEDINSPATIALSTRUCTURE('1ps9grk2n2HfNO5dr8XOfa',#5,$,$,(#1970,#1928,#1898,#1847,#1834,#1823,#1816,#1810,#1801,#1788,#1773,#1765,#1742,#1694,#1656,#1572,#1472,#1368,#1254,#1168,#1151,#852,#840,#761,#678,#598,#591,#584,#577,#570,#563,#556,#549,#542,#535,#528,#521,#514,#507,#429,#351,#344,#337,#259,#252,#245,#238,#231,#132),#43);
#1999= IFCRELDEFINESBYPROPERTIES('2rKlgo1Az54OrDeTTajOzI',#5,$,$,(#598,#591,#584,#577,#570,#563,#556,#549,#542,#535,#528,#521,#514,#507,#429,#351,#344,#337,#259,#252,#245,#238,#231,#132),#150);
#2000= IFCRELDEFINESBYPROPERTIES('3czFv5N9H6swZQDZRlBpL1',#5,$,$,(#761,#678),#683);
#2001= IFCRELDEFINESBYPROPERTIES('3moSTfK6b7nQ8HlMI_Tro6',#5,$,$,(#852,#840),#845);
#2002= IFCRELDEFINESBYPROPERTIES('3AHfV6EcXFWwp0GyQ0IXdn',#5,$,$,(#1168,#1151),#1160);
#2003= IFCRELDEFINESBYPROPERTIES('2ZdkZdn4zBovv_QvApUcO_',#5,$,$,(#1765,#1254),#1262);
#2004= IFCRELDEFINESBYPROPERTIES('0d1JZnoK93I9ZVonF$qvMG',#5,$,$,(#1765,#1254),#1271);
#2005= IFCRELDEFINESBYPROPERTIES('1NlR1j5_j6HwxMOrEyqnWX',#5,$,$,(#1765,#1254),#1274);
#2006= IFCRELDEFINESBYPROPERTIES('1z9KKvj9z9Gu6jaDLnsVyg',#5,$,$,(#1847,#1773,#1765,#1254),#1281);
#2007= IFCRELDEFINESBYPROPERTIES('0xEIYA_Iz9XOXcP1ivgpn5',#5,$,$,(#1572,#1368),#1374);
#2008= IFCRELDEFINESBYPROPERTIES('3WTYICYNTDnRgC$S2rAD1d',#5,$,$,(#1810,#1788,#1572,#1368),#1383);
#2009= IFCRELDEFINESBYPROPERTIES('1hR2eIJRT58wKy_QAwvSkR',#5,$,$,(#1810,#1788,#1572,#1368),#1385);
#2010= IFCRELDEFINESBYPROPERTIES('1p8M0LVD18KBcSptOi6V9V',#5,$,$,(#1368),#1392);
#2011= IFCRELDEFINESBYPROPERTIES('075yH77kX3aPZEBZrK7qxP',#5,$,$,(#1656,#1472),#1477);
#2012= IFCRELDEFINESBYPROPERTIES('1E8VodbB19Eg1JlOASWPUD',#5,$,$,(#1816,#1801,#1656,#1472),#1484);
#2013= IFCRELDEFINESBYPROPERTIES('2AFTblh$5EbBMT2IKWV0Iu',#5,$,$,(#1816,#1801,#1656,#1472),#1486);
#2014= IFCRELDEFINESBYPROPERTIES('1zrtvvowTDkOUKtLw7H9PE',#5,$,$,(#1801,#1472),#1492);
#2015= IFCRELDEFINESBYPROPERTIES('1o2SGPqLT4EusZi2lYjKsu',#5,$,$,(#1810,#1572),#1578);
#2016= IFCRELDEFINESBYPROPERTIES('1v4Hh4BinEJ8M7ez6GSEaC',#5,$,$,(#1816,#1656),#1662);
#2017= IFCRELDEFINESBYPROPERTIES('0E0uc7TYD6rhoUD$KXLZ0V',#5,$,$,(#1694),#1696);
#2018= IFCRELDEFINESBYPROPERTIES('3gXYTeINr78xFWI6BFw0AJ',#5,$,$,(#1823,#1694),#1702);
#2019= IFCRELDEFINESBYPROPERTIES('1dbNuqAcj6m9Nma8XkRApy',#5,$,$,(#1823,#1694),#1704);
#2020= IFCRELDEFINESBYPROPERTIES('2fy6BGYrD7YQkP3V2fnaMA',#5,$,$,(#1694),#1710);
#2021= IFCRELDEFINESBYPROPERTIES('1$0PeQvxLArejwt_5T80PH',#5,$,$,(#1742),#1745);
#2022= IFCRELDEFINESBYPROPERTIES('1Eo8zktKX8luarYNUqNdVK',#5,$,$,(#1834,#1742),#1751);
#2023= IFCRELDEFINESBYPROPERTIES('3MdTO22fTDQOc_a_BYoFBc',#5,$,$,(#1742),#1753);
#2024= IFCRELDEFINESBYPROPERTIES('2bcfhANWTDqPgvxL_z7a2w',#5,$,$,(#1742),#1759);
#2025= IFCRELDEFINESBYPROPERTIES('1Xg58KR3j4LBzg5pWbuFRb',#5,$,$,(#1847,#1773),#1777);
#2026= IFCRELDEFINESBYPROPERTIES('24H00R8gP6WBtFxRhgNssK',#5,$,$,(#1847,#1773),#1779);
#2027= IFCRELDEFINESBYPROPERTIES('0Wqis017D6mB3EStwHgXQJ',#5,$,$,(#1847,#1773),#1781);
#2028= IFCRELDEFINESBYPROPERTIES('3LJCTpAOL4uw_70UAvO2ip',#5,$,$,(#1810,#1788),#1791);
#2029= IFCRELDEFINESBYPROPERTIES('0yBMFQZ15Dmwi33HEVtjw1',#5,$,$,(#1788),#1794);
#2030= IFCRELDEFINESBYPROPERTIES('2y36ZrD3HEmwIUeEw8QJPd',#5,$,$,(#1816,#1801),#1804);
#2031= IFCRELDEFINESBYPROPERTIES('1XPFU8Qsr39Rft8dCK3sC7',#5,$,$,(#1823),#1824);
#2032= IFCRELDEFINESBYPROPERTIES('3Sppa_psbFcu5nJs2QbDs8',#5,$,$,(#1823),#1827);
#2033= IFCRELDEFINESBYPROPERTIES('2C4pnPgYDAffEu7qljkxPM',#5,$,$,(#1834),#1836);
#2034= IFCRELDEFINESBYPROPERTIES('2YreFjXADFNv0E849GclOW',#5,$,$,(#1834),#1838);
#2035= IFCRELDEFINESBYPROPERTIES('2TdnPtEuDBXAcIPu74vM2W',#5,$,$,(#1834),#1841);
#2036= IFCRELDEFINESBYPROPERTIES('2KN5IsvT5AJvnnxO4lKC9v',#5,$,$,(#1898),#1904);
#2037= IFCRELDEFINESBYPROPERTIES('0cn5b_jzjBwRAt6HBBBw3J',#5,$,$,(#1928,#1898),#1913);
#2038= IFCRELDEFINESBYPROPERTIES('1j$b90XSrCfwrPeO2T4ucc',#5,$,$,(#1928,#1898),#1915);
#2039= IFCRELDEFINESBYPROPERTIES('2IoxwXQbzCauegm4AP_CsE',#5,$,$,(#1928,#1898),#1922);
#2040= IFCRELDEFINESBYPROPERTIES('29ux4ai2DEIuXapkUUCZds',#5,$,$,(#1928),#1931);
#2041= IFCRELDEFINESBYPROPERTIES('3$GZmrkZPB1Am0cIiRrXOn',#5,$,$,(#1970),#1976);
#2042= IFCRELDEFINESBYPROPERTIES('1B2jg2j3PBc9Kz_qL$K$XQ',#5,$,$,(#1970),#1985);
#2043= IFCRELDEFINESBYPROPERTIES('1cn1sPpcXA0ehoSFuixu7_',#5,$,$,(#1970),#1987);
#2044= IFCRELDEFINESBYPROPERTIES('1MA7iVHEf9aBFt7YnYH8tP',#5,$,$,(#1970),#1994);
#2045= IFCRELDEFINESBYTYPE('3bts35cMz9hvTx1bnq0Bsc',#5,$,$,(#1168,#1151,#852,#840,#761,#678,#598,#591,#584,#577,#570,#563,#556,#549,#542,#535,#528,#521,#514,#507,#429,#351,#344,#337,#259,#252,#245,#238,#231,#132),#133);
#2046= IFCRELDEFINESBYTYPE('11UeELPkP9996TwXleDYuw',#5,$,$,(#1847,#1773,#1765,#1254),#1255);
#2047= IFCRELDEFINESBYTYPE('32hvYdkfb9v8glVpfgO1C4',#5,$,$,(#1823,#1810,#1788,#1694,#1572,#1368),#1369);
#2048= IFCRELDEFINESBYTYPE('2IM51Drif1GxpHfI5m0coo',#5,$,$,(#1816,#1801,#1656,#1472),#1473);
#2049= IFCRELDEFINESBYTYPE('1Zn7rfZsr50PAy_GT$7egB',#5,$,$,(#1834,#1742),#1743);
#2050= IFCRELDEFINESBYTYPE('0kUCA9VTb6k9lSoqNzT1$7',#5,$,$,(#1928,#1898),#1899);
#2051= IFCRELDEFINESBYTYPE('3NPRMp$1X6WQs9uZSedybk',#5,$,$,(#1970),#1971);
#2052= IFCRELASSOCIATESMATERIAL('1BtdiYjZjAdwPlxIgBJsQp',#5,$,$,(#852,#840,#761,#678,#598,#591,#584,#577,#570,#563,#556,#549,#542,#535,#528,#521,#514,#507,#429,#351,#344,#337,#259,#252,#245,#238,#231,#132),#151);
#2053= IFCRELASSOCIATESMATERIAL('2mQODP__122P0gBsZRGY0O',#5,$,$,(#1168,#1151),#1161);
#2054= IFCRELASSOCIATESMATERIAL('1xCOcvkyHAm9abJowo_$78',#5,$,$,(#1970,#1928,#1898,#1847,#1834,#1823,#1816,#1810,#1801,#1788,#1773,#1765,#1742,#1694,#1656,#1572,#1472,#1368,#1254),#1282);
#2055= IFCPRESENTATIONLAYERASSIGNMENT('BoltArray',$,(#126,#224,#233,#240,#247,#254,#332,#339,#346,#424,#502,#509,#516,#523,#530,#537,#544,#551,#558,#565,#572,#579,#586,#593,#671,#756,#834,#847,#1145,#1163),$);
#2056= IFCPRESENTATIONLAYERASSIGNMENT('PLATE-12',$,(#1247,#1760,#1766,#1842),$);
#2057= IFCPRESENTATIONLAYERASSIGNMENT('PLATE-8',$,(#1361,#1465,#1567,#1651,#1688,#1736,#1782,#1795,#1805,#1811,#1817,#1828),$);
#2058= IFCPRESENTATIONLAYERASSIGNMENT('PLATE-18',$,(#1891,#1923),$);
#2059= IFCPRESENTATIONLAYERASSIGNMENT('MJ9',$,(#1965),$);
ENDSEC;

END-ISO-10303-21;
