ISO-10303-21;
HEADER;
FILE_DESCRIPTION(('ViewDefinition[CoordinationView_V2.0, QuantityTakeOffAddOnView]', 'ExchangeRequirement[Structural, SurfaceGeometry]', 'Option [BaseQuantities:On]', 'Option [GridExport:On]', 'Option [Assemblies:Off]', 'Option [Bolts:On]', 'Option [Rebars:On]', 'Option [PourObjects:Off]', 'Option [Welds:Off]', 'Option [SurfaceTreatments:On]', 'Option [LocationBy:0]', 'Option [ViewColors:Off]', 'Option [SectionedSpine:Off]', 'Option [PropertySets:On]', 'Option [Export all:Off]'),'2;1');
FILE_NAME('5-1-A30_6.ifc','2026-03-10T08:04:20',('DESKTOP-NLV509P\\Ahmed'),('Structural Designer'),'IFC Parser version: 3.13.2','Tekla Structures 2023 Service Pack 8, IFC Export Version: 4.0.0.0 Jan 19 2024','');
FILE_SCHEMA(('IFC2X3'));
ENDSEC;

DATA;
#1= IFCPERSON('DESKTOP-NLV509P\\Ahmed','Undefined',$,$,$,$,$,$);
#2= IFCORGANIZATION($,'Trimble Solutions Corporation',$,$,$);
#3= IFCPERSONANDORGANIZATION(#1,#2,$);
#4= IFCAPPLICATION(#2,'2023 Service Pack 8','Tekla Structures','Multi material modeling');
#5= IFCOWNERHISTORY(#3,#4,$,.NOCHANGE.,$,$,$,1773119060);
#6= IFCCARTESIANPOINT((0.,0.,0.));
#7= IFCDIRECTION((1.,0.,0.));
#8= IFCDIRECTION((0.,1.,0.));
#9= IFCDIRECTION((0.,0.,1.));
#10= IFCAXIS2PLACEMENT3D(#6,#9,#7);
#11= IFCGEOMETRICREPRESENTATIONCONTEXT($,'Model',3,1.E-05,#10,$);
#12= IFCGEOMETRICREPRESENTATIONSUBCONTEXT('Body','Model',*,*,*,*,#11,$,.MODEL_VIEW.,$);
#13= IFCGEOMETRICREPRESENTATIONSUBCONTEXT('Axis','Model',*,*,*,*,#11,$,.GRAPH_VIEW.,$);
#14= IFCGEOMETRICREPRESENTATIONSUBCONTEXT('FootPrint','Model',*,*,*,*,#11,$,.MODEL_VIEW.,$);
#15= IFCSIUNIT(*,.LENGTHUNIT.,.MILLI.,.METRE.);
#16= IFCMEASUREWITHUNIT(IFCRATIOMEASURE(304.8),#15);
#17= IFCDIMENSIONALEXPONENTS(1,0,0,0,0,0,0);
#18= IFCCONVERSIONBASEDUNIT(#17,.LENGTHUNIT.,'FOOT',#16);
#19= IFCSIUNIT(*,.AREAUNIT.,$,.SQUARE_METRE.);
#20= IFCMEASUREWITHUNIT(IFCRATIOMEASURE(0.09290304),#19);
#21= IFCDIMENSIONALEXPONENTS(2,0,0,0,0,0,0);
#22= IFCCONVERSIONBASEDUNIT(#21,.AREAUNIT.,'SQUARE FOOT',#20);
#23= IFCSIUNIT(*,.VOLUMEUNIT.,$,.CUBIC_METRE.);
#24= IFCMEASUREWITHUNIT(IFCRATIOMEASURE(0.028316846592),#23);
#25= IFCDIMENSIONALEXPONENTS(3,0,0,0,0,0,0);
#26= IFCCONVERSIONBASEDUNIT(#25,.VOLUMEUNIT.,'CUBIC FOOT',#24);
#27= IFCSIUNIT(*,.MASSUNIT.,.KILO.,.GRAM.);
#28= IFCSIUNIT(*,.TIMEUNIT.,$,.SECOND.);
#29= IFCSIUNIT(*,.PLANEANGLEUNIT.,$,.RADIAN.);
#30= IFCMEASUREWITHUNIT(IFCRATIOMEASURE(0.0174532925199433),#29);
#31= IFCDIMENSIONALEXPONENTS(0,0,0,0,0,0,0);
#32= IFCCONVERSIONBASEDUNIT(#31,.PLANEANGLEUNIT.,'DEGREE',#30);
#33= IFCSIUNIT(*,.SOLIDANGLEUNIT.,$,.STERADIAN.);
#34= IFCSIUNIT(*,.THERMODYNAMICTEMPERATUREUNIT.,$,.DEGREE_CELSIUS.);
#35= IFCSIUNIT(*,.LUMINOUSINTENSITYUNIT.,$,.LUMEN.);
#36= IFCUNITASSIGNMENT((#15,#19,#23,#27,#28,#29,#33,#34,#35));
#37= IFCPROJECT('0wrKbB0RnB1B4HhvNEIoNY',#5,'Undefined',$,$,$,$,(#11),#36);
#38= IFCLOCALPLACEMENT($,#10);
#39= IFCSITE('21k32mJ$92geBrDqp1K9n6',#5,'Undefined',$,$,#38,$,$,.ELEMENT.,$,$,$,$,$);
#40= IFCLOCALPLACEMENT(#38,#10);
#41= IFCBUILDING('3EgOBd$WLFdBEwyMlhsSle',#5,'Undefined',$,$,#40,$,$,.ELEMENT.,$,$,$);
#42= IFCLOCALPLACEMENT(#40,#10);
#43= IFCBUILDINGSTOREY('3gJPpYF7LCbf7I109fNVl5',#5,'Undefined',$,$,#42,$,$,.ELEMENT.,0.);
#44= IFCOWNERHISTORY(#3,#4,$,.NOCHANGE.,$,$,$,1771484400);
#45= IFCCOLOURRGB($,0.698039215686274,0.4,0.);
#46= IFCSURFACESTYLERENDERING(#45,0.,$,$,$,$,IFCNORMALISEDRATIOMEASURE(0.00390625),IFCSPECULAREXPONENT(10.),.NOTDEFINED.);
#47= IFCSURFACESTYLE('Undefined',.POSITIVE.,(#46));
#48= IFCPRESENTATIONSTYLEASSIGNMENT((#47));
#49= IFCCARTESIANPOINT((15.,-144.80328360357,0.));
#50= IFCCARTESIANPOINT((12.9903810567663,-144.80328360357,7.50000000000045));
#51= IFCCARTESIANPOINT((7.4999999999991,-144.80328360357,12.9903810567671));
#52= IFCCARTESIANPOINT((-1.55450397240048E-12,-144.80328360357,15.));
#53= IFCCARTESIANPOINT((-7.50000000000179,-144.80328360357,12.9903810567655));
#54= IFCCARTESIANPOINT((-12.9903810567679,-144.80328360357,7.49999999999776));
#55= IFCCARTESIANPOINT((-15.,-144.80328360357,-3.10900794480097E-12));
#56= IFCCARTESIANPOINT((-12.9903810567648,-144.80328360357,-7.50000000000313));
#57= IFCCARTESIANPOINT((-7.49999999999642,-144.80328360357,-12.9903810567686));
#58= IFCCARTESIANPOINT((4.64685857183207E-12,-144.80328360357,-15.));
#59= IFCCARTESIANPOINT((7.50000000000448,-144.80328360357,-12.990381056764));
#60= IFCCARTESIANPOINT((12.9903810567694,-144.80328360357,-7.49999999999507));
#61= IFCCARTESIANPOINT((15.,-124.703283598151,0.));
#62= IFCCARTESIANPOINT((12.9903810567663,-124.703283598151,7.50000000000045));
#63= IFCCARTESIANPOINT((7.4999999999991,-124.703283598151,12.9903810567671));
#64= IFCCARTESIANPOINT((-1.55450397240048E-12,-124.703283598151,15.));
#65= IFCCARTESIANPOINT((-7.50000000000179,-124.703283598151,12.9903810567655));
#66= IFCCARTESIANPOINT((-12.9903810567679,-124.703283598151,7.49999999999776));
#67= IFCCARTESIANPOINT((-15.,-124.703283598151,-3.10900794480097E-12));
#68= IFCCARTESIANPOINT((-12.9903810567648,-124.703283598151,-7.50000000000313));
#69= IFCCARTESIANPOINT((-7.49999999999642,-124.703283598151,-12.9903810567686));
#70= IFCCARTESIANPOINT((4.64685857183207E-12,-124.703283598151,-15.));
#71= IFCCARTESIANPOINT((7.50000000000448,-124.703283598151,-12.990381056764));
#72= IFCCARTESIANPOINT((12.9903810567694,-124.703283598151,-7.49999999999507));
#73= IFCPOLYLOOP((#49,#50,#51,#52,#53,#54,#55,#56,#57,#58,#59,#60));
#74= IFCFACEOUTERBOUND(#73,.T.);
#75= IFCFACE((#74));
#76= IFCPOLYLOOP((#72,#71,#70,#69,#68,#67,#66,#65,#64,#63,#62,#61));
#77= IFCFACEOUTERBOUND(#76,.T.);
#78= IFCFACE((#77));
#79= IFCPOLYLOOP((#49,#61,#62,#50));
#80= IFCFACEOUTERBOUND(#79,.T.);
#81= IFCFACE((#80));
#82= IFCPOLYLOOP((#50,#62,#63,#51));
#83= IFCFACEOUTERBOUND(#82,.T.);
#84= IFCFACE((#83));
#85= IFCPOLYLOOP((#51,#63,#64,#52));
#86= IFCFACEOUTERBOUND(#85,.T.);
#87= IFCFACE((#86));
#88= IFCPOLYLOOP((#52,#64,#65,#53));
#89= IFCFACEOUTERBOUND(#88,.T.);
#90= IFCFACE((#89));
#91= IFCPOLYLOOP((#53,#65,#66,#54));
#92= IFCFACEOUTERBOUND(#91,.T.);
#93= IFCFACE((#92));
#94= IFCPOLYLOOP((#54,#66,#67,#55));
#95= IFCFACEOUTERBOUND(#94,.T.);
#96= IFCFACE((#95));
#97= IFCPOLYLOOP((#55,#67,#68,#56));
#98= IFCFACEOUTERBOUND(#97,.T.);
#99= IFCFACE((#98));
#100= IFCPOLYLOOP((#56,#68,#69,#57));
#101= IFCFACEOUTERBOUND(#100,.T.);
#102= IFCFACE((#101));
#103= IFCPOLYLOOP((#57,#69,#70,#58));
#104= IFCFACEOUTERBOUND(#103,.T.);
#105= IFCFACE((#104));
#106= IFCPOLYLOOP((#58,#70,#71,#59));
#107= IFCFACEOUTERBOUND(#106,.T.);
#108= IFCFACE((#107));
#109= IFCPOLYLOOP((#59,#71,#72,#60));
#110= IFCFACEOUTERBOUND(#109,.T.);
#111= IFCFACE((#110));
#112= IFCPOLYLOOP((#60,#72,#61,#49));
#113= IFCFACEOUTERBOUND(#112,.T.);
#114= IFCFACE((#113));
#115= IFCCLOSEDSHELL((#75,#78,#81,#84,#87,#90,#93,#96,#99,#102,#105,#108,#111,#114));
#116= IFCCOLOURRGB($,0.,0.,0.);
#117= IFCSURFACESTYLERENDERING(#116,0.,$,$,$,$,IFCNORMALISEDRATIOMEASURE(0.00390625),IFCSPECULAREXPONENT(10.),.NOTDEFINED.);
#118= IFCSURFACESTYLE($,.POSITIVE.,(#117));
#119= IFCPRESENTATIONSTYLEASSIGNMENT((#118));
#120= IFCFACETEDBREP(#115);
#121= IFCSTYLEDITEM(#120,(#119),$);
#122= IFCCARTESIANTRANSFORMATIONOPERATOR3D($,$,#6,$,$);
#123= IFCSHAPEREPRESENTATION(#12,'Body','Brep',(#120));
#124= IFCREPRESENTATIONMAP(#10,#123);
#125= IFCMAPPEDITEM(#124,#122);
#126= IFCSHAPEREPRESENTATION(#12,'Body','MappedRepresentation',(#125));
#127= IFCPRODUCTDEFINITIONSHAPE($,$,(#126));
#128= IFCCARTESIANPOINT((56420.0092501206,26385.1818727763,9775.00019073816));
#129= IFCDIRECTION((0.999999999728112,-2.33190000773246E-05,0.));
#130= IFCAXIS2PLACEMENT3D(#128,#9,#129);
#131= IFCLOCALPLACEMENT(#42,#130);
#132= IFCMECHANICALFASTENER('3fq5caXpf2zBVXMkkKZ05l',#44,'Bolt assembly',$,$,#131,#127,'IDe9d059a4-873a-42f4-b7e1-5aeb948c016f',28.,20.);
#133= IFCMECHANICALFASTENERTYPE('2Pfu2$3zbFM97K553e458N',#5,'Bolt assembly',$,$,$,$,$,$);
#134= IFCPROPERTYSINGLEVALUE('Washer count',$,IFCINTEGER(0),$);
#135= IFCPROPERTYSINGLEVALUE('Washer diameter',$,IFCLENGTHMEASURE(28.),$);
#136= IFCPROPERTYSINGLEVALUE('Washer type',$,IFCLABEL('PLAIN'),$);
#137= IFCPROPERTYSINGLEVALUE('Washer name',$,IFCLABEL(''),$);
#138= IFCPROPERTYSINGLEVALUE('Nut count',$,IFCINTEGER(0),$);
#139= IFCPROPERTYSINGLEVALUE('Nut type',$,IFCLABEL('HEAVY_HEX'),$);
#140= IFCPROPERTYSINGLEVALUE('Nut name',$,IFCLABEL(''),$);
#141= IFCPROPERTYSINGLEVALUE('Slotted hole y',$,IFCLENGTHMEASURE(0.),$);
#142= IFCPROPERTYSINGLEVALUE('Slotted hole x',$,IFCLENGTHMEASURE(0.),$);
#143= IFCPROPERTYSINGLEVALUE('Bolt hole diameter',$,IFCLENGTHMEASURE(30.),$);
#144= IFCPROPERTYSINGLEVALUE('Location',$,IFCLABEL('Site'),$);
#145= IFCPROPERTYSINGLEVALUE('Bolt count',$,IFCINTEGER(1),$);
#146= IFCPROPERTYSINGLEVALUE('Bolt size',$,IFCLENGTHMEASURE(30.),$);
#147= IFCPROPERTYSINGLEVALUE('Bolt length',$,IFCLENGTHMEASURE(20.),$);
#148= IFCPROPERTYSINGLEVALUE('Bolt standard',$,IFCLABEL(''),$);
#149= IFCPROPERTYSINGLEVALUE('Bolt Name',$,IFCLABEL(''),$);
#150= IFCPROPERTYSET('1ZBDcfHnjAh8AHlt1pF7pL',#5,'Tekla Bolt','Bolt Properties',(#134,#135,#136,#137,#138,#139,#140,#141,#142,#143,#144,#145,#146,#147,#148,#149));
#151= IFCMATERIAL('Undefined');
#152= IFCOWNERHISTORY(#3,#4,$,.NOCHANGE.,$,$,$,1770796800);
#153= IFCCARTESIANPOINT((15.,-10.,0.));
#154= IFCCARTESIANPOINT((12.9903810567663,-10.,7.50000000000045));
#155= IFCCARTESIANPOINT((7.4999999999991,-10.,12.9903810567671));
#156= IFCCARTESIANPOINT((-1.55450397240048E-12,-10.,15.));
#157= IFCCARTESIANPOINT((-7.50000000000179,-10.,12.9903810567655));
#158= IFCCARTESIANPOINT((-12.9903810567679,-10.,7.49999999999776));
#159= IFCCARTESIANPOINT((-15.,-10.,-3.10900794480097E-12));
#160= IFCCARTESIANPOINT((-12.9903810567648,-10.,-7.50000000000313));
#161= IFCCARTESIANPOINT((-7.49999999999642,-10.,-12.9903810567686));
#162= IFCCARTESIANPOINT((4.64685857183207E-12,-10.,-15.));
#163= IFCCARTESIANPOINT((7.50000000000448,-10.,-12.990381056764));
#164= IFCCARTESIANPOINT((12.9903810567694,-10.,-7.49999999999507));
#165= IFCCARTESIANPOINT((15.,10.1,0.));
#166= IFCCARTESIANPOINT((12.9903810567663,10.1,7.50000000000045));
#167= IFCCARTESIANPOINT((7.4999999999991,10.1,12.9903810567671));
#168= IFCCARTESIANPOINT((-1.55450397240048E-12,10.1,15.));
#169= IFCCARTESIANPOINT((-7.50000000000179,10.1,12.9903810567655));
#170= IFCCARTESIANPOINT((-12.9903810567679,10.1,7.49999999999776));
#171= IFCCARTESIANPOINT((-15.,10.1,-3.10900794480097E-12));
#172= IFCCARTESIANPOINT((-12.9903810567648,10.1,-7.50000000000313));
#173= IFCCARTESIANPOINT((-7.49999999999642,10.1,-12.9903810567686));
#174= IFCCARTESIANPOINT((4.64685857183207E-12,10.1,-15.));
#175= IFCCARTESIANPOINT((7.50000000000448,10.1,-12.990381056764));
#176= IFCCARTESIANPOINT((12.9903810567694,10.1,-7.49999999999507));
#177= IFCPOLYLOOP((#153,#154,#155,#156,#157,#158,#159,#160,#161,#162,#163,#164));
#178= IFCFACEOUTERBOUND(#177,.T.);
#179= IFCFACE((#178));
#180= IFCPOLYLOOP((#176,#175,#174,#173,#172,#171,#170,#169,#168,#167,#166,#165));
#181= IFCFACEOUTERBOUND(#180,.T.);
#182= IFCFACE((#181));
#183= IFCPOLYLOOP((#153,#165,#166,#154));
#184= IFCFACEOUTERBOUND(#183,.T.);
#185= IFCFACE((#184));
#186= IFCPOLYLOOP((#154,#166,#167,#155));
#187= IFCFACEOUTERBOUND(#186,.T.);
#188= IFCFACE((#187));
#189= IFCPOLYLOOP((#155,#167,#168,#156));
#190= IFCFACEOUTERBOUND(#189,.T.);
#191= IFCFACE((#190));
#192= IFCPOLYLOOP((#156,#168,#169,#157));
#193= IFCFACEOUTERBOUND(#192,.T.);
#194= IFCFACE((#193));
#195= IFCPOLYLOOP((#157,#169,#170,#158));
#196= IFCFACEOUTERBOUND(#195,.T.);
#197= IFCFACE((#196));
#198= IFCPOLYLOOP((#158,#170,#171,#159));
#199= IFCFACEOUTERBOUND(#198,.T.);
#200= IFCFACE((#199));
#201= IFCPOLYLOOP((#159,#171,#172,#160));
#202= IFCFACEOUTERBOUND(#201,.T.);
#203= IFCFACE((#202));
#204= IFCPOLYLOOP((#160,#172,#173,#161));
#205= IFCFACEOUTERBOUND(#204,.T.);
#206= IFCFACE((#205));
#207= IFCPOLYLOOP((#161,#173,#174,#162));
#208= IFCFACEOUTERBOUND(#207,.T.);
#209= IFCFACE((#208));
#210= IFCPOLYLOOP((#162,#174,#175,#163));
#211= IFCFACEOUTERBOUND(#210,.T.);
#212= IFCFACE((#211));
#213= IFCPOLYLOOP((#163,#175,#176,#164));
#214= IFCFACEOUTERBOUND(#213,.T.);
#215= IFCFACE((#214));
#216= IFCPOLYLOOP((#164,#176,#165,#153));
#217= IFCFACEOUTERBOUND(#216,.T.);
#218= IFCFACE((#217));
#219= IFCCLOSEDSHELL((#179,#182,#185,#188,#191,#194,#197,#200,#203,#206,#209,#212,#215,#218));
#220= IFCFACETEDBREP(#219);
#221= IFCSTYLEDITEM(#220,(#119),$);
#222= IFCSHAPEREPRESENTATION(#12,'Body','Brep',(#220));
#223= IFCREPRESENTATIONMAP(#10,#222);
#224= IFCMAPPEDITEM(#223,#122);
#225= IFCSHAPEREPRESENTATION(#12,'Body','MappedRepresentation',(#224));
#226= IFCPRODUCTDEFINITIONSHAPE($,$,(#225));
#227= IFCCARTESIANPOINT((56420.010092615,26250.378589212,9975.00019019187));
#228= IFCDIRECTION((0.,0.,-1.));
#229= IFCAXIS2PLACEMENT3D(#227,#7,#228);
#230= IFCLOCALPLACEMENT(#42,#229);
#231= IFCMECHANICALFASTENER('1YdBpCECz6ieUlMr24mfzd',#152,'Bolt assembly',$,$,#230,#226,'ID629cbccc-38cf-46b2-87af-5b5084c29f67',28.,20.);
#232= IFCMAPPEDITEM(#223,#122);
#233= IFCSHAPEREPRESENTATION(#12,'Body','MappedRepresentation',(#232));
#234= IFCPRODUCTDEFINITIONSHAPE($,$,(#233));
#235= IFCCARTESIANPOINT((56420.010092615,26250.378589212,10375.0001901919));
#236= IFCAXIS2PLACEMENT3D(#235,#7,#228);
#237= IFCLOCALPLACEMENT(#42,#236);
#238= IFCMECHANICALFASTENER('3MxuaZ1Y1EDPEEYEzC15eA',#152,'Bolt assembly',$,$,#237,#234,'IDd6ef8923-0620-4e35-938e-88ef4c045a0a',28.,20.);
#239= IFCMAPPEDITEM(#223,#122);
#240= IFCSHAPEREPRESENTATION(#12,'Body','MappedRepresentation',(#239));
#241= IFCPRODUCTDEFINITIONSHAPE($,$,(#240));
#242= IFCCARTESIANPOINT((56420.010092615,26250.378589212,10575.0001901919));
#243= IFCAXIS2PLACEMENT3D(#242,#7,#228);
#244= IFCLOCALPLACEMENT(#42,#243);
#245= IFCMECHANICALFASTENER('2KYteVMVn2YQNG8tBH5fFM',#152,'Bolt assembly',$,$,#244,#241,'ID948b7a1f-59fc-4289-a5d0-2372d11693d6',28.,20.);
#246= IFCMAPPEDITEM(#223,#122);
#247= IFCSHAPEREPRESENTATION(#12,'Body','MappedRepresentation',(#246));
#248= IFCPRODUCTDEFINITIONSHAPE($,$,(#247));
#249= IFCCARTESIANPOINT((56420.010092615,26250.378589212,10775.0001901919));
#250= IFCAXIS2PLACEMENT3D(#249,#7,#228);
#251= IFCLOCALPLACEMENT(#42,#250);
#252= IFCMECHANICALFASTENER('2gymNqCIb4VfeqUm74o1bv',#152,'Bolt assembly',$,$,#251,#248,'IDaaf305f4-3129-447e-9a34-7b01c4c81979',28.,20.);
#253= IFCMAPPEDITEM(#223,#122);
#254= IFCSHAPEREPRESENTATION(#12,'Body','MappedRepresentation',(#253));
#255= IFCPRODUCTDEFINITIONSHAPE($,$,(#254));
#256= IFCCARTESIANPOINT((56760.010092615,26250.378589212,10775.0001901919));
#257= IFCAXIS2PLACEMENT3D(#256,#7,#228);
#258= IFCLOCALPLACEMENT(#42,#257);
#259= IFCMECHANICALFASTENER('12NP8bJxn6IwWTH5YuvAer',#152,'Bolt assembly',$,$,#258,#255,'ID425d9225-4fbc-464b-a81d-4458b8e4aa35',28.,20.);
#260= IFCMAPPEDITEM(#223,#122);
#261= IFCSHAPEREPRESENTATION(#12,'Body','MappedRepresentation',(#260));
#262= IFCPRODUCTDEFINITIONSHAPE($,$,(#261));
#263= IFCCARTESIANPOINT((56760.010092615,26250.378589212,10575.0001901919));
#264= IFCAXIS2PLACEMENT3D(#263,#7,#228);
#265= IFCLOCALPLACEMENT(#42,#264);
#266= IFCMECHANICALFASTENER('1tcKkgZT16rxmNlJ71JTdd',#152,'Bolt assembly',$,$,#265,#262,'ID77994baa-8dd0-46d7-bc17-bd31c14dd9e7',28.,20.);
#267= IFCMAPPEDITEM(#223,#122);
#268= IFCSHAPEREPRESENTATION(#12,'Body','MappedRepresentation',(#267));
#269= IFCPRODUCTDEFINITIONSHAPE($,$,(#268));
#270= IFCCARTESIANPOINT((56760.010092615,26250.378589212,10375.0001901919));
#271= IFCAXIS2PLACEMENT3D(#270,#7,#228);
#272= IFCLOCALPLACEMENT(#42,#271);
#273= IFCMECHANICALFASTENER('3qAWh2Qpr4NPu_S8oCCX8_',#152,'Bolt assembly',$,$,#272,#269,'IDf42a0ac2-6b3d-445d-9e3e-708c8c32123e',28.,20.);
#274= IFCMAPPEDITEM(#223,#122);
#275= IFCSHAPEREPRESENTATION(#12,'Body','MappedRepresentation',(#274));
#276= IFCPRODUCTDEFINITIONSHAPE($,$,(#275));
#277= IFCCARTESIANPOINT((56760.010092615,26250.378589212,9975.00019019187));
#278= IFCAXIS2PLACEMENT3D(#277,#7,#228);
#279= IFCLOCALPLACEMENT(#42,#278);
#280= IFCMECHANICALFASTENER('0gnUCBfYH07uUCrB7mBIFU',#152,'Bolt assembly',$,$,#279,#276,'ID2ac5e30b-a624-401f-878c-d4b1f02d23de',28.,20.);
#281= IFCMAPPEDITEM(#223,#122);
#282= IFCSHAPEREPRESENTATION(#12,'Body','MappedRepresentation',(#281));
#283= IFCPRODUCTDEFINITIONSHAPE($,$,(#282));
#284= IFCCARTESIANPOINT((56760.010092615,26250.378589212,9775.00019019187));
#285= IFCAXIS2PLACEMENT3D(#284,#7,#228);
#286= IFCLOCALPLACEMENT(#42,#285);
#287= IFCMECHANICALFASTENER('0lBK5RGHb8NPZ3uaJZd_CL',#152,'Bolt assembly',$,$,#286,#283,'ID2f2d415b-4119-485d-98c3-e244e39fe315',28.,20.);
#288= IFCMAPPEDITEM(#223,#122);
#289= IFCSHAPEREPRESENTATION(#12,'Body','MappedRepresentation',(#288));
#290= IFCPRODUCTDEFINITIONSHAPE($,$,(#289));
#291= IFCCARTESIANPOINT((56760.010092615,26250.378589212,9575.00019019187));
#292= IFCAXIS2PLACEMENT3D(#291,#7,#228);
#293= IFCLOCALPLACEMENT(#42,#292);
#294= IFCMECHANICALFASTENER('3Q8c2hcfz8qx48o1KXCbY5',#152,'Bolt assembly',$,$,#293,#290,'IDda2260ab-9a9f-48d3-b108-c81521325885',28.,20.);
#295= IFCMAPPEDITEM(#223,#122);
#296= IFCSHAPEREPRESENTATION(#12,'Body','MappedRepresentation',(#295));
#297= IFCPRODUCTDEFINITIONSHAPE($,$,(#296));
#298= IFCCARTESIANPOINT((56420.010092615,26250.378589212,9575.00019019187));
#299= IFCAXIS2PLACEMENT3D(#298,#7,#228);
#300= IFCLOCALPLACEMENT(#42,#299);
#301= IFCMECHANICALFASTENER('2Rn$3hMNn3sOGfgWr5DrZd',#152,'Bolt assembly',$,$,#300,#297,'ID9bc7f0eb-597c-43d9-8429-aa0d453758e7',28.,20.);
#302= IFCMAPPEDITEM(#124,#122);
#303= IFCSHAPEREPRESENTATION(#12,'Body','MappedRepresentation',(#302));
#304= IFCPRODUCTDEFINITIONSHAPE($,$,(#303));
#305= IFCCARTESIANPOINT((56589.9992501206,26385.1818727763,9575.00019073816));
#306= IFCAXIS2PLACEMENT3D(#305,#9,#129);
#307= IFCLOCALPLACEMENT(#42,#306);
#308= IFCMECHANICALFASTENER('26XGtTTQLFHRFjFjDuiT5x',#152,'Bolt assembly',$,$,#307,#304,'ID86850ddd-75a5-4f45-b3ed-3ed378b1d17b',28.,20.);
#309= IFCMAPPEDITEM(#124,#122);
#310= IFCSHAPEREPRESENTATION(#12,'Body','MappedRepresentation',(#309));
#311= IFCPRODUCTDEFINITIONSHAPE($,$,(#310));
#312= IFCCARTESIANPOINT((56589.9992501206,26385.1818727763,9775.00019073816));
#313= IFCAXIS2PLACEMENT3D(#312,#9,#129);
#314= IFCLOCALPLACEMENT(#42,#313);
#315= IFCMECHANICALFASTENER('21rks6Rx95IRrWYV$$7PWR',#152,'Bolt assembly',$,$,#314,#311,'ID81d6ed86-6fb2-4549-bd60-89ffff1d981b',28.,20.);
#316= IFCMAPPEDITEM(#124,#122);
#317= IFCSHAPEREPRESENTATION(#12,'Body','MappedRepresentation',(#316));
#318= IFCPRODUCTDEFINITIONSHAPE($,$,(#317));
#319= IFCCARTESIANPOINT((56589.9992501206,26385.1818727763,9975.00019073816));
#320= IFCAXIS2PLACEMENT3D(#319,#9,#129);
#321= IFCLOCALPLACEMENT(#42,#320);
#322= IFCMECHANICALFASTENER('01Jq80l2P2TQRyOPogEsgp',#152,'Bolt assembly',$,$,#321,#318,'ID014f4200-bc26-4275-a6fc-619caa3b6ab3',28.,20.);
#323= IFCMAPPEDITEM(#124,#122);
#324= IFCSHAPEREPRESENTATION(#12,'Body','MappedRepresentation',(#323));
#325= IFCPRODUCTDEFINITIONSHAPE($,$,(#324));
#326= IFCCARTESIANPOINT((56589.9992501196,26385.1818727763,10375.0001907382));
#327= IFCAXIS2PLACEMENT3D(#326,#9,#129);
#328= IFCLOCALPLACEMENT(#42,#327);
#329= IFCMECHANICALFASTENER('0o149eHRbCUB3cYmIlX1s7',#152,'Bolt assembly',$,$,#328,#325,'ID32044268-45b9-4c78-b0e6-8b04af841d87',28.,20.);
#330= IFCMAPPEDITEM(#124,#122);
#331= IFCSHAPEREPRESENTATION(#12,'Body','MappedRepresentation',(#330));
#332= IFCPRODUCTDEFINITIONSHAPE($,$,(#331));
#333= IFCCARTESIANPOINT((56589.9992501201,26385.1818727763,10575.0001907382));
#334= IFCAXIS2PLACEMENT3D(#333,#9,#129);
#335= IFCLOCALPLACEMENT(#42,#334);
#336= IFCMECHANICALFASTENER('1h00PBK3j4YhWMmnvp9xcB',#152,'Bolt assembly',$,$,#335,#332,'ID6b00064b-503b-448a-b816-c31e7327b98b',28.,20.);
#337= IFCMAPPEDITEM(#124,#122);
#338= IFCSHAPEREPRESENTATION(#12,'Body','MappedRepresentation',(#337));
#339= IFCPRODUCTDEFINITIONSHAPE($,$,(#338));
#340= IFCCARTESIANPOINT((56589.9992501209,26385.1818727763,10775.0001907382));
#341= IFCAXIS2PLACEMENT3D(#340,#9,#129);
#342= IFCLOCALPLACEMENT(#42,#341);
#343= IFCMECHANICALFASTENER('2ZgglvuEXEjhHjXrOwm0zd',#152,'Bolt assembly',$,$,#342,#339,'IDa3aaabf9-e0e8-4eb6-b46d-87563ac00f67',28.,20.);
#344= IFCCARTESIANPOINT((30.,-2.00012951767685,0.));
#345= IFCCARTESIANPOINT((25.9807621135326,-2.00012951767685,15.0000000000009));
#346= IFCCARTESIANPOINT((14.9999999999982,-2.00012951767685,25.9807621135342));
#347= IFCCARTESIANPOINT((-3.10900794480097E-12,-2.00012951767685,30.));
#348= IFCCARTESIANPOINT((-15.0000000000036,-2.00012951767685,25.9807621135311));
#349= IFCCARTESIANPOINT((-25.9807621135357,-2.00012951767685,14.9999999999955));
#350= IFCCARTESIANPOINT((-30.,-2.00012951767685,-6.21801588960193E-12));
#351= IFCCARTESIANPOINT((-25.9807621135295,-2.00012951767685,-15.0000000000063));
#352= IFCCARTESIANPOINT((-14.9999999999928,-2.00012951767685,-25.9807621135373));
#353= IFCCARTESIANPOINT((9.29371714366415E-12,-2.00012951767685,-30.));
#354= IFCCARTESIANPOINT((15.000000000009,-2.00012951767685,-25.980762113528));
#355= IFCCARTESIANPOINT((25.9807621135389,-2.00012951767685,-14.9999999999901));
#356= IFCCARTESIANPOINT((30.,6.0998704827708,0.));
#357= IFCCARTESIANPOINT((25.9807621135326,6.0998704827708,15.0000000000009));
#358= IFCCARTESIANPOINT((14.9999999999982,6.0998704827708,25.9807621135342));
#359= IFCCARTESIANPOINT((-3.10900794480097E-12,6.0998704827708,30.));
#360= IFCCARTESIANPOINT((-15.0000000000036,6.0998704827708,25.9807621135311));
#361= IFCCARTESIANPOINT((-25.9807621135357,6.0998704827708,14.9999999999955));
#362= IFCCARTESIANPOINT((-30.,6.0998704827708,-6.21801588960193E-12));
#363= IFCCARTESIANPOINT((-25.9807621135295,6.0998704827708,-15.0000000000063));
#364= IFCCARTESIANPOINT((-14.9999999999928,6.0998704827708,-25.9807621135373));
#365= IFCCARTESIANPOINT((9.29371714366415E-12,6.0998704827708,-30.));
#366= IFCCARTESIANPOINT((15.000000000009,6.0998704827708,-25.980762113528));
#367= IFCCARTESIANPOINT((25.9807621135389,6.0998704827708,-14.9999999999901));
#368= IFCPOLYLOOP((#344,#345,#346,#347,#348,#349,#350,#351,#352,#353,#354,#355));
#369= IFCFACEOUTERBOUND(#368,.T.);
#370= IFCFACE((#369));
#371= IFCPOLYLOOP((#367,#366,#365,#364,#363,#362,#361,#360,#359,#358,#357,#356));
#372= IFCFACEOUTERBOUND(#371,.T.);
#373= IFCFACE((#372));
#374= IFCPOLYLOOP((#344,#356,#357,#345));
#375= IFCFACEOUTERBOUND(#374,.T.);
#376= IFCFACE((#375));
#377= IFCPOLYLOOP((#345,#357,#358,#346));
#378= IFCFACEOUTERBOUND(#377,.T.);
#379= IFCFACE((#378));
#380= IFCPOLYLOOP((#346,#358,#359,#347));
#381= IFCFACEOUTERBOUND(#380,.T.);
#382= IFCFACE((#381));
#383= IFCPOLYLOOP((#347,#359,#360,#348));
#384= IFCFACEOUTERBOUND(#383,.T.);
#385= IFCFACE((#384));
#386= IFCPOLYLOOP((#348,#360,#361,#349));
#387= IFCFACEOUTERBOUND(#386,.T.);
#388= IFCFACE((#387));
#389= IFCPOLYLOOP((#349,#361,#362,#350));
#390= IFCFACEOUTERBOUND(#389,.T.);
#391= IFCFACE((#390));
#392= IFCPOLYLOOP((#350,#362,#363,#351));
#393= IFCFACEOUTERBOUND(#392,.T.);
#394= IFCFACE((#393));
#395= IFCPOLYLOOP((#351,#363,#364,#352));
#396= IFCFACEOUTERBOUND(#395,.T.);
#397= IFCFACE((#396));
#398= IFCPOLYLOOP((#352,#364,#365,#353));
#399= IFCFACEOUTERBOUND(#398,.T.);
#400= IFCFACE((#399));
#401= IFCPOLYLOOP((#353,#365,#366,#354));
#402= IFCFACEOUTERBOUND(#401,.T.);
#403= IFCFACE((#402));
#404= IFCPOLYLOOP((#354,#366,#367,#355));
#405= IFCFACEOUTERBOUND(#404,.T.);
#406= IFCFACE((#405));
#407= IFCPOLYLOOP((#355,#367,#356,#344));
#408= IFCFACEOUTERBOUND(#407,.T.);
#409= IFCFACE((#408));
#410= IFCCLOSEDSHELL((#370,#373,#376,#379,#382,#385,#388,#391,#394,#397,#400,#403,#406,#409));
#411= IFCFACETEDBREP(#410);
#412= IFCSTYLEDITEM(#411,(#119),$);
#413= IFCSHAPEREPRESENTATION(#12,'Body','Brep',(#411));
#414= IFCREPRESENTATIONMAP(#10,#413);
#415= IFCMAPPEDITEM(#414,#122);
#416= IFCSHAPEREPRESENTATION(#12,'Body','MappedRepresentation',(#415));
#417= IFCPRODUCTDEFINITIONSHAPE($,$,(#416));
#418= IFCCARTESIANPOINT((56529.9903834798,26120.3770059886,10487.0000310381));
#419= IFCDIRECTION((0.,-0.999999999968415,-7.94800000039686E-06));
#420= IFCAXIS2PLACEMENT3D(#418,#419,#7);
#421= IFCLOCALPLACEMENT(#42,#420);
#422= IFCMECHANICALFASTENER('2qX0bhKKn7DRFe8s3U6Hs9',#152,'Bolt assembly',$,$,#421,#417,'IDb484096b-514c-4735-b3e8-2360de191d89',58.,8.);
#423= IFCPROPERTYSINGLEVALUE('Washer diameter',$,IFCLENGTHMEASURE(58.),$);
#424= IFCPROPERTYSINGLEVALUE('Bolt hole diameter',$,IFCLENGTHMEASURE(60.),$);
#425= IFCPROPERTYSINGLEVALUE('Bolt size',$,IFCLENGTHMEASURE(60.),$);
#426= IFCPROPERTYSINGLEVALUE('Bolt length',$,IFCLENGTHMEASURE(8.),$);
#427= IFCPROPERTYSET('2E5YB6U8HBrfHpMopEk_Fm',#5,'Tekla Bolt','Bolt Properties',(#134,#423,#136,#137,#138,#139,#140,#141,#142,#424,#144,#145,#425,#426,#148,#149));
#428= IFCCARTESIANPOINT((30.,-1.99971083101967,0.));
#429= IFCCARTESIANPOINT((25.9807621135326,-1.99971083101967,15.0000000000009));
#430= IFCCARTESIANPOINT((14.9999999999982,-1.99971083101967,25.9807621135342));
#431= IFCCARTESIANPOINT((-3.10900794480097E-12,-1.99971083101967,30.));
#432= IFCCARTESIANPOINT((-15.0000000000036,-1.99971083101967,25.9807621135311));
#433= IFCCARTESIANPOINT((-25.9807621135357,-1.99971083101967,14.9999999999955));
#434= IFCCARTESIANPOINT((-30.,-1.99971083101967,-6.21801588960193E-12));
#435= IFCCARTESIANPOINT((-25.9807621135295,-1.99971083101967,-15.0000000000063));
#436= IFCCARTESIANPOINT((-14.9999999999928,-1.99971083101967,-25.9807621135373));
#437= IFCCARTESIANPOINT((9.29371714366415E-12,-1.99971083101967,-30.));
#438= IFCCARTESIANPOINT((15.000000000009,-1.99971083101967,-25.980762113528));
#439= IFCCARTESIANPOINT((25.9807621135389,-1.99971083101967,-14.9999999999901));
#440= IFCCARTESIANPOINT((30.,6.10028916942797,0.));
#441= IFCCARTESIANPOINT((25.9807621135326,6.10028916942797,15.0000000000009));
#442= IFCCARTESIANPOINT((14.9999999999982,6.10028916942797,25.9807621135342));
#443= IFCCARTESIANPOINT((-3.10900794480097E-12,6.10028916942797,30.));
#444= IFCCARTESIANPOINT((-15.0000000000036,6.10028916942797,25.9807621135311));
#445= IFCCARTESIANPOINT((-25.9807621135357,6.10028916942797,14.9999999999955));
#446= IFCCARTESIANPOINT((-30.,6.10028916942797,-6.21801588960193E-12));
#447= IFCCARTESIANPOINT((-25.9807621135295,6.10028916942797,-15.0000000000063));
#448= IFCCARTESIANPOINT((-14.9999999999928,6.10028916942797,-25.9807621135373));
#449= IFCCARTESIANPOINT((9.29371714366415E-12,6.10028916942797,-30.));
#450= IFCCARTESIANPOINT((15.000000000009,6.10028916942797,-25.980762113528));
#451= IFCCARTESIANPOINT((25.9807621135389,6.10028916942797,-14.9999999999901));
#452= IFCPOLYLOOP((#428,#429,#430,#431,#432,#433,#434,#435,#436,#437,#438,#439));
#453= IFCFACEOUTERBOUND(#452,.T.);
#454= IFCFACE((#453));
#455= IFCPOLYLOOP((#451,#450,#449,#448,#447,#446,#445,#444,#443,#442,#441,#440));
#456= IFCFACEOUTERBOUND(#455,.T.);
#457= IFCFACE((#456));
#458= IFCPOLYLOOP((#428,#440,#441,#429));
#459= IFCFACEOUTERBOUND(#458,.T.);
#460= IFCFACE((#459));
#461= IFCPOLYLOOP((#429,#441,#442,#430));
#462= IFCFACEOUTERBOUND(#461,.T.);
#463= IFCFACE((#462));
#464= IFCPOLYLOOP((#430,#442,#443,#431));
#465= IFCFACEOUTERBOUND(#464,.T.);
#466= IFCFACE((#465));
#467= IFCPOLYLOOP((#431,#443,#444,#432));
#468= IFCFACEOUTERBOUND(#467,.T.);
#469= IFCFACE((#468));
#470= IFCPOLYLOOP((#432,#444,#445,#433));
#471= IFCFACEOUTERBOUND(#470,.T.);
#472= IFCFACE((#471));
#473= IFCPOLYLOOP((#433,#445,#446,#434));
#474= IFCFACEOUTERBOUND(#473,.T.);
#475= IFCFACE((#474));
#476= IFCPOLYLOOP((#434,#446,#447,#435));
#477= IFCFACEOUTERBOUND(#476,.T.);
#478= IFCFACE((#477));
#479= IFCPOLYLOOP((#435,#447,#448,#436));
#480= IFCFACEOUTERBOUND(#479,.T.);
#481= IFCFACE((#480));
#482= IFCPOLYLOOP((#436,#448,#449,#437));
#483= IFCFACEOUTERBOUND(#482,.T.);
#484= IFCFACE((#483));
#485= IFCPOLYLOOP((#437,#449,#450,#438));
#486= IFCFACEOUTERBOUND(#485,.T.);
#487= IFCFACE((#486));
#488= IFCPOLYLOOP((#438,#450,#451,#439));
#489= IFCFACEOUTERBOUND(#488,.T.);
#490= IFCFACE((#489));
#491= IFCPOLYLOOP((#439,#451,#440,#428));
#492= IFCFACEOUTERBOUND(#491,.T.);
#493= IFCFACE((#492));
#494= IFCCLOSEDSHELL((#454,#457,#460,#463,#466,#469,#472,#475,#478,#481,#484,#487,#490,#493));
#495= IFCFACETEDBREP(#494);
#496= IFCSTYLEDITEM(#495,(#119),$);
#497= IFCSHAPEREPRESENTATION(#12,'Body','Brep',(#495));
#498= IFCREPRESENTATIONMAP(#10,#497);
#499= IFCMAPPEDITEM(#498,#122);
#500= IFCSHAPEREPRESENTATION(#12,'Body','MappedRepresentation',(#499));
#501= IFCPRODUCTDEFINITIONSHAPE($,$,(#500));
#502= IFCCARTESIANPOINT((56649.9903834789,26120.3770114898,10487.000031038));
#503= IFCAXIS2PLACEMENT3D(#502,#419,#7);
#504= IFCLOCALPLACEMENT(#42,#503);
#505= IFCMECHANICALFASTENER('26IyxQYuv9mf$LMkOaph4w',#152,'Bolt assembly',$,$,#504,#501,'ID864bceda-8b8e-49c2-9fd5-5ae624ceb13a',58.,8.);
#506= IFCCARTESIANPOINT((10.,-17.9910857377442,0.));
#507= IFCCARTESIANPOINT((8.66025403784421,-17.9910857377442,5.0000000000003));
#508= IFCCARTESIANPOINT((4.9999999999994,-17.9910857377442,8.66025403784473));
#509= IFCCARTESIANPOINT((-1.03633598160032E-12,-17.9910857377442,10.));
#510= IFCCARTESIANPOINT((-5.00000000000119,-17.9910857377442,8.6602540378437));
#511= IFCCARTESIANPOINT((-8.66025403784525,-17.9910857377442,4.99999999999851));
#512= IFCCARTESIANPOINT((-10.,-17.9910857377442,-2.07267196320065E-12));
#513= IFCCARTESIANPOINT((-8.66025403784318,-17.9910857377442,-5.00000000000209));
#514= IFCCARTESIANPOINT((-4.99999999999761,-17.9910857377442,-8.66025403784576));
#515= IFCCARTESIANPOINT((3.09790571455472E-12,-17.9910857377442,-10.));
#516= IFCCARTESIANPOINT((5.00000000000299,-17.9910857377442,-8.66025403784266));
#517= IFCCARTESIANPOINT((8.66025403784628,-17.9910857377442,-4.99999999999671));
#518= IFCCARTESIANPOINT((10.,-5.89108573716636,0.));
#519= IFCCARTESIANPOINT((8.66025403784421,-5.89108573716636,5.0000000000003));
#520= IFCCARTESIANPOINT((4.9999999999994,-5.89108573716636,8.66025403784473));
#521= IFCCARTESIANPOINT((-1.03633598160032E-12,-5.89108573716636,10.));
#522= IFCCARTESIANPOINT((-5.00000000000119,-5.89108573716636,8.6602540378437));
#523= IFCCARTESIANPOINT((-8.66025403784525,-5.89108573716636,4.99999999999851));
#524= IFCCARTESIANPOINT((-10.,-5.89108573716636,-2.07267196320065E-12));
#525= IFCCARTESIANPOINT((-8.66025403784318,-5.89108573716636,-5.00000000000209));
#526= IFCCARTESIANPOINT((-4.99999999999761,-5.89108573716636,-8.66025403784576));
#527= IFCCARTESIANPOINT((3.09790571455472E-12,-5.89108573716636,-10.));
#528= IFCCARTESIANPOINT((5.00000000000299,-5.89108573716636,-8.66025403784266));
#529= IFCCARTESIANPOINT((8.66025403784628,-5.89108573716636,-4.99999999999671));
#530= IFCPOLYLOOP((#506,#507,#508,#509,#510,#511,#512,#513,#514,#515,#516,#517));
#531= IFCFACEOUTERBOUND(#530,.T.);
#532= IFCFACE((#531));
#533= IFCPOLYLOOP((#529,#528,#527,#526,#525,#524,#523,#522,#521,#520,#519,#518));
#534= IFCFACEOUTERBOUND(#533,.T.);
#535= IFCFACE((#534));
#536= IFCPOLYLOOP((#506,#518,#519,#507));
#537= IFCFACEOUTERBOUND(#536,.T.);
#538= IFCFACE((#537));
#539= IFCPOLYLOOP((#507,#519,#520,#508));
#540= IFCFACEOUTERBOUND(#539,.T.);
#541= IFCFACE((#540));
#542= IFCPOLYLOOP((#508,#520,#521,#509));
#543= IFCFACEOUTERBOUND(#542,.T.);
#544= IFCFACE((#543));
#545= IFCPOLYLOOP((#509,#521,#522,#510));
#546= IFCFACEOUTERBOUND(#545,.T.);
#547= IFCFACE((#546));
#548= IFCPOLYLOOP((#510,#522,#523,#511));
#549= IFCFACEOUTERBOUND(#548,.T.);
#550= IFCFACE((#549));
#551= IFCPOLYLOOP((#511,#523,#524,#512));
#552= IFCFACEOUTERBOUND(#551,.T.);
#553= IFCFACE((#552));
#554= IFCPOLYLOOP((#512,#524,#525,#513));
#555= IFCFACEOUTERBOUND(#554,.T.);
#556= IFCFACE((#555));
#557= IFCPOLYLOOP((#513,#525,#526,#514));
#558= IFCFACEOUTERBOUND(#557,.T.);
#559= IFCFACE((#558));
#560= IFCPOLYLOOP((#514,#526,#527,#515));
#561= IFCFACEOUTERBOUND(#560,.T.);
#562= IFCFACE((#561));
#563= IFCPOLYLOOP((#515,#527,#528,#516));
#564= IFCFACEOUTERBOUND(#563,.T.);
#565= IFCFACE((#564));
#566= IFCPOLYLOOP((#516,#528,#529,#517));
#567= IFCFACEOUTERBOUND(#566,.T.);
#568= IFCFACE((#567));
#569= IFCPOLYLOOP((#517,#529,#518,#506));
#570= IFCFACEOUTERBOUND(#569,.T.);
#571= IFCFACE((#570));
#572= IFCCLOSEDSHELL((#532,#535,#538,#541,#544,#547,#550,#553,#556,#559,#562,#565,#568,#571));
#573= IFCFACETEDBREP(#572);
#574= IFCSTYLEDITEM(#573,(#119),$);
#575= IFCSHAPEREPRESENTATION(#12,'Body','Brep',(#573));
#576= IFCREPRESENTATIONMAP(#10,#575);
#577= IFCMAPPEDITEM(#576,#122);
#578= IFCSHAPEREPRESENTATION(#12,'Body','MappedRepresentation',(#577));
#579= IFCPRODUCTDEFINITIONSHAPE($,$,(#578));
#580= IFCCARTESIANPOINT((56698.0035871008,26205.382206964,10778.9986713472));
#581= IFCDIRECTION((0.,-1.,0.));
#582= IFCAXIS2PLACEMENT3D(#580,#581,#9);
#583= IFCLOCALPLACEMENT(#42,#582);
#584= IFCMECHANICALFASTENER('2x0yC_x1f8Gh7He7UjYfIK',#152,'Bolt assembly',$,$,#583,#579,'IDbb03c33e-ec1a-4842-b1d1-a077ad8a9494',18.,12.);
#585= IFCPROPERTYSINGLEVALUE('Washer diameter',$,IFCLENGTHMEASURE(18.),$);
#586= IFCPROPERTYSINGLEVALUE('Bolt hole diameter',$,IFCLENGTHMEASURE(20.),$);
#587= IFCPROPERTYSINGLEVALUE('Bolt size',$,IFCLENGTHMEASURE(20.),$);
#588= IFCPROPERTYSINGLEVALUE('Bolt length',$,IFCLENGTHMEASURE(12.),$);
#589= IFCPROPERTYSET('0tILH1ior1rxLoRtJdjcMe',#5,'Tekla Bolt','Bolt Properties',(#134,#585,#136,#137,#138,#139,#140,#141,#142,#586,#144,#145,#587,#588,#148,#149));
#590= IFCCARTESIANPOINT((10.,-5.99108573774425,0.));
#591= IFCCARTESIANPOINT((8.66025403784421,-5.99108573774425,5.0000000000003));
#592= IFCCARTESIANPOINT((4.9999999999994,-5.99108573774425,8.66025403784473));
#593= IFCCARTESIANPOINT((-1.03633598160032E-12,-5.99108573774425,10.));
#594= IFCCARTESIANPOINT((-5.00000000000119,-5.99108573774425,8.6602540378437));
#595= IFCCARTESIANPOINT((-8.66025403784525,-5.99108573774425,4.99999999999851));
#596= IFCCARTESIANPOINT((-10.,-5.99108573774425,-2.07267196320065E-12));
#597= IFCCARTESIANPOINT((-8.66025403784318,-5.99108573774425,-5.00000000000209));
#598= IFCCARTESIANPOINT((-4.99999999999761,-5.99108573774425,-8.66025403784576));
#599= IFCCARTESIANPOINT((3.09790571455472E-12,-5.99108573774425,-10.));
#600= IFCCARTESIANPOINT((5.00000000000299,-5.99108573774425,-8.66025403784266));
#601= IFCCARTESIANPOINT((8.66025403784628,-5.99108573774425,-4.99999999999671));
#602= IFCCARTESIANPOINT((10.,6.10891426283364,0.));
#603= IFCCARTESIANPOINT((8.66025403784421,6.10891426283364,5.0000000000003));
#604= IFCCARTESIANPOINT((4.9999999999994,6.10891426283364,8.66025403784473));
#605= IFCCARTESIANPOINT((-1.03633598160032E-12,6.10891426283364,10.));
#606= IFCCARTESIANPOINT((-5.00000000000119,6.10891426283364,8.6602540378437));
#607= IFCCARTESIANPOINT((-8.66025403784525,6.10891426283364,4.99999999999851));
#608= IFCCARTESIANPOINT((-10.,6.10891426283364,-2.07267196320065E-12));
#609= IFCCARTESIANPOINT((-8.66025403784318,6.10891426283364,-5.00000000000209));
#610= IFCCARTESIANPOINT((-4.99999999999761,6.10891426283364,-8.66025403784576));
#611= IFCCARTESIANPOINT((3.09790571455472E-12,6.10891426283364,-10.));
#612= IFCCARTESIANPOINT((5.00000000000299,6.10891426283364,-8.66025403784266));
#613= IFCCARTESIANPOINT((8.66025403784628,6.10891426283364,-4.99999999999671));
#614= IFCPOLYLOOP((#590,#591,#592,#593,#594,#595,#596,#597,#598,#599,#600,#601));
#615= IFCFACEOUTERBOUND(#614,.T.);
#616= IFCFACE((#615));
#617= IFCPOLYLOOP((#613,#612,#611,#610,#609,#608,#607,#606,#605,#604,#603,#602));
#618= IFCFACEOUTERBOUND(#617,.T.);
#619= IFCFACE((#618));
#620= IFCPOLYLOOP((#590,#602,#603,#591));
#621= IFCFACEOUTERBOUND(#620,.T.);
#622= IFCFACE((#621));
#623= IFCPOLYLOOP((#591,#603,#604,#592));
#624= IFCFACEOUTERBOUND(#623,.T.);
#625= IFCFACE((#624));
#626= IFCPOLYLOOP((#592,#604,#605,#593));
#627= IFCFACEOUTERBOUND(#626,.T.);
#628= IFCFACE((#627));
#629= IFCPOLYLOOP((#593,#605,#606,#594));
#630= IFCFACEOUTERBOUND(#629,.T.);
#631= IFCFACE((#630));
#632= IFCPOLYLOOP((#594,#606,#607,#595));
#633= IFCFACEOUTERBOUND(#632,.T.);
#634= IFCFACE((#633));
#635= IFCPOLYLOOP((#595,#607,#608,#596));
#636= IFCFACEOUTERBOUND(#635,.T.);
#637= IFCFACE((#636));
#638= IFCPOLYLOOP((#596,#608,#609,#597));
#639= IFCFACEOUTERBOUND(#638,.T.);
#640= IFCFACE((#639));
#641= IFCPOLYLOOP((#597,#609,#610,#598));
#642= IFCFACEOUTERBOUND(#641,.T.);
#643= IFCFACE((#642));
#644= IFCPOLYLOOP((#598,#610,#611,#599));
#645= IFCFACEOUTERBOUND(#644,.T.);
#646= IFCFACE((#645));
#647= IFCPOLYLOOP((#599,#611,#612,#600));
#648= IFCFACEOUTERBOUND(#647,.T.);
#649= IFCFACE((#648));
#650= IFCPOLYLOOP((#600,#612,#613,#601));
#651= IFCFACEOUTERBOUND(#650,.T.);
#652= IFCFACE((#651));
#653= IFCPOLYLOOP((#601,#613,#602,#590));
#654= IFCFACEOUTERBOUND(#653,.T.);
#655= IFCFACE((#654));
#656= IFCCLOSEDSHELL((#616,#619,#622,#625,#628,#631,#634,#637,#640,#643,#646,#649,#652,#655));
#657= IFCFACETEDBREP(#656);
#658= IFCSTYLEDITEM(#657,(#119),$);
#659= IFCSHAPEREPRESENTATION(#12,'Body','Brep',(#657));
#660= IFCREPRESENTATIONMAP(#10,#659);
#661= IFCMAPPEDITEM(#660,#122);
#662= IFCSHAPEREPRESENTATION(#12,'Body','MappedRepresentation',(#661));
#663= IFCPRODUCTDEFINITIONSHAPE($,$,(#662));
#664= IFCCARTESIANPOINT((56470.0035871008,26205.382206964,10778.9986713471));
#665= IFCAXIS2PLACEMENT3D(#664,#581,#9);
#666= IFCLOCALPLACEMENT(#42,#665);
#667= IFCMECHANICALFASTENER('2BffyaLrv4OB_RsKEwBCYI',#152,'Bolt assembly',$,$,#666,#663,'ID8ba69f24-575e-4460-bf9b-d943ba2cc892',18.,12.);
#668= IFCCOLOURRGB('Light Red',0.905882352941176,0.325490196078431,0.36078431372549);
#669= IFCSURFACESTYLERENDERING(#668,0.,$,$,$,$,IFCNORMALISEDRATIOMEASURE(0.00390625),IFCSPECULAREXPONENT(10.),.NOTDEFINED.);
#670= IFCSURFACESTYLE('STEEL/S275',.POSITIVE.,(#669));
#671= IFCPRESENTATIONSTYLEASSIGNMENT((#670));
#672= IFCCARTESIANPOINT((0.,-5.99999999997817,3.63797880709171E-12));
#673= IFCCARTESIANPOINT((-2.29192664846778E-10,-6.00000000066211,249.999084471969));
#674= IFCCARTESIANPOINT((-2.25554686039686E-10,5.99999999930151,249.999084471958));
#675= IFCCARTESIANPOINT((3.63797880709171E-12,5.99999999998545,-1.09139364212751E-11));
#676= IFCPOLYLOOP((#672,#673,#674,#675));
#677= IFCFACEOUTERBOUND(#676,.T.);
#678= IFCFACE((#677));
#679= IFCCARTESIANPOINT((3.90181112629034,-6.00000000066211,250.383379796054));
#680= IFCCARTESIANPOINT((3.9018111262958,5.99999999930151,250.383379796043));
#681= IFCPOLYLOOP((#673,#679,#680,#674));
#682= IFCFACEOUTERBOUND(#681,.T.);
#683= IFCFACE((#682));
#684= IFCCARTESIANPOINT((7.65367747567507,-6.00000000065484,251.52149747868));
#685= IFCCARTESIANPOINT((7.65367747568052,5.99999999930151,251.521497478669));
#686= IFCPOLYLOOP((#679,#684,#685,#680));
#687= IFCFACEOUTERBOUND(#686,.T.);
#688= IFCFACE((#687));
#689= IFCCARTESIANPOINT((11.1114165784584,-6.00000000066939,253.36970018948));
#690= IFCCARTESIANPOINT((11.1114165784638,5.99999999929423,253.369700189469));
#691= IFCPOLYLOOP((#684,#689,#690,#685));
#692= IFCFACEOUTERBOUND(#691,.T.);
#693= IFCFACE((#692));
#694= IFCCARTESIANPOINT((14.142149137735,-6.00000000066939,255.856962362497));
#695= IFCCARTESIANPOINT((14.1421491377387,5.99999999929423,255.856962362486));
#696= IFCPOLYLOOP((#689,#694,#695,#690));
#697= IFCFACEOUTERBOUND(#696,.T.);
#698= IFCFACE((#697));
#699= IFCCARTESIANPOINT((16.6294055183935,-6.00000000068394,258.887699675422));
#700= IFCCARTESIANPOINT((16.6294055183989,5.99999999927968,258.887699675412));
#701= IFCPOLYLOOP((#694,#699,#700,#695));
#702= IFCFACEOUTERBOUND(#701,.T.);
#703= IFCFACE((#702));
#704= IFCCARTESIANPOINT((18.4776016207506,-6.00000000069122,262.345442310496));
#705= IFCCARTESIANPOINT((18.4776016207543,5.9999999992724,262.345442310485));
#706= IFCPOLYLOOP((#699,#704,#705,#700));
#707= IFCFACEOUTERBOUND(#706,.T.);
#708= IFCFACE((#707));
#709= IFCCARTESIANPOINT((19.6157121327924,-6.00000000070577,266.097310835041));
#710= IFCCARTESIANPOINT((19.615712132796,5.99999999925785,266.09731083503));
#711= IFCPOLYLOOP((#704,#709,#710,#705));
#712= IFCFACEOUTERBOUND(#711,.T.);
#713= IFCFACE((#712));
#714= IFCCARTESIANPOINT((19.9999999997144,-6.00000000070577,269.999122696019));
#715= IFCCARTESIANPOINT((19.9999999997199,5.99999999925785,269.999122696008));
#716= IFCPOLYLOOP((#709,#714,#715,#710));
#717= IFCFACEOUTERBOUND(#716,.T.);
#718= IFCFACE((#717));
#719= IFCCARTESIANPOINT((494.999999999587,-6.00000000071304,270.00003051784));
#720= IFCCARTESIANPOINT((494.999999999593,5.99999999925058,270.000030517829));
#721= IFCPOLYLOOP((#714,#719,#720,#715));
#722= IFCFACEOUTERBOUND(#721,.T.);
#723= IFCFACE((#722));
#724= IFCCARTESIANPOINT((494.999999999669,-6.00000000056752,216.000000000342));
#725= IFCCARTESIANPOINT((494.999999999674,5.9999999993961,216.000000000331));
#726= IFCPOLYLOOP((#719,#724,#725,#720));
#727= IFCFACEOUTERBOUND(#726,.T.);
#728= IFCFACE((#727));
#729= IFCCARTESIANPOINT((64.9999999999964,-5.99999999997817,9.09494701772928E-11));
#730= IFCCARTESIANPOINT((65.,5.99999999997817,7.6397554948926E-11));
#731= IFCPOLYLOOP((#724,#729,#730,#725));
#732= IFCFACEOUTERBOUND(#731,.T.);
#733= IFCFACE((#732));
#734= IFCPOLYLOOP((#729,#672,#675,#730));
#735= IFCFACEOUTERBOUND(#734,.T.);
#736= IFCFACE((#735));
#737= IFCPOLYLOOP((#680,#685,#690,#695,#700,#705,#710,#715,#720,#725,#730,#675,#674));
#738= IFCFACEOUTERBOUND(#737,.T.);
#739= IFCFACE((#738));
#740= IFCPOLYLOOP((#729,#724,#719,#714,#709,#704,#699,#694,#689,#684,#679,#673,#672));
#741= IFCFACEOUTERBOUND(#740,.T.);
#742= IFCFACE((#741));
#743= IFCCLOSEDSHELL((#678,#683,#688,#693,#698,#703,#708,#713,#718,#723,#728,#733,#736,#739,#742));
#744= IFCFACETEDBREP(#743);
#745= IFCSTYLEDITEM(#744,(#671),$);
#746= IFCSHAPEREPRESENTATION(#12,'Body','Brep',(#744));
#747= IFCPRODUCTDEFINITIONSHAPE($,$,(#746));
#748= IFCCARTESIANPOINT((56469.9908131978,25970.3830239843,10323.9998856724));
#749= IFCDIRECTION((1.64240000012797E-05,0.999999999863308,1.90699999620847E-06));
#750= IFCDIRECTION((0.,-1.90699999685518E-06,0.999999999998182));
#751= IFCAXIS2PLACEMENT3D(#748,#749,#750);
#752= IFCLOCALPLACEMENT(#42,#751);
#753= IFCPLATE('0C6Hf0ZqD7Se4_6hFuMbXR',#152,'PLATE-12','PL12*270',$,#752,#747,'ID0c191a40-8f43-4772-813e-1ab3f85a585b');
#754= IFCPLATETYPE('3db1wRtkHE8uHzZETvHshw',#5,'PL12*270',$,$,$,$,$,$,.NOTDEFINED.);
#755= IFCPROPERTYSINGLEVALUE('Bottom elevation',$,IFCLABEL(' +10.324'),$);
#756= IFCPROPERTYSINGLEVALUE('Top elevation',$,IFCLABEL(' +10.819'),$);
#757= IFCPROPERTYSINGLEVALUE('Initial GUID',$,$,$);
#758= IFCPROPERTYSINGLEVALUE('Preliminary mark',$,IFCLABEL('5-1-P21(?)'),$);
#759= IFCPROPERTYSINGLEVALUE('Phase',$,IFCINTEGER(1),$);
#760= IFCPROPERTYSINGLEVALUE('Class',$,IFCLABEL('16'),$);
#761= IFCPROPERTYSET('36LecBDJbCHxyyF5OVxKVg',#5,'Tekla Common','Common Properties to Shared building elements',(#755,#756,#757,#758,#759,#760));
#762= IFCPROPERTYSINGLEVALUE('Weight',$,IFCMASSMEASURE(8.19),$);
#763= IFCPROPERTYSINGLEVALUE('Volume',$,IFCVOLUMEMEASURE(0.001),$);
#764= IFCPROPERTYSINGLEVALUE('Gross footprint area',$,IFCAREAMEASURE(0.001),$);
#765= IFCPROPERTYSINGLEVALUE('Area per tons',$,IFCAREAMEASURE(23.22),$);
#766= IFCPROPERTYSINGLEVALUE('Net surface area',$,IFCAREAMEASURE(0.19),$);
#767= IFCPROPERTYSINGLEVALUE('Height',$,IFCLENGTHMEASURE(270.),$);
#768= IFCPROPERTYSINGLEVALUE('Width',$,IFCLENGTHMEASURE(12.),$);
#769= IFCPROPERTYSINGLEVALUE('Length',$,IFCLENGTHMEASURE(495.),$);
#770= IFCPROPERTYSET('2llaUx9crBYwtwyaB$JXCO',#5,'Tekla Quantity','Quantity Properties to Shared building elements',(#762,#763,#764,#765,#766,#767,#768,#769));
#771= IFCPROPERTYSINGLEVALUE('LoadBearing',$,IFCBOOLEAN(.F.),$);
#772= IFCPROPERTYSINGLEVALUE('Reference',$,IFCIDENTIFIER('5-1-P21'),$);
#773= IFCPROPERTYSET('1Mj09235XAtxeRthHHgcbo',#5,'Pset_PlateCommon','Common Properties to plate elements',(#771,#772));
#774= IFCQUANTITYLENGTH('Width',$,$,270.000030517951);
#775= IFCQUANTITYAREA('NetArea',$,$,0.190074079715074);
#776= IFCQUANTITYAREA('GrossArea',$,$,0.133650015106353);
#777= IFCQUANTITYAREA('CrossSectionArea',$,$,0.000144);
#778= IFCQUANTITYVOLUME('NetVolume',$,$,0.00104277163283837);
#779= IFCQUANTITYVOLUME('GrossVolume',$,$,0.00104277163283837);
#780= IFCELEMENTQUANTITY('2MKAzJMx1DXQ6vU_SXHxda',#5,'BaseQuantities',$,$,(#774,#775,#776,#777,#778,#779));
#781= IFCMATERIAL('STEEL/S275');
#782= IFCSHAPEREPRESENTATION(#12,'Body','Brep',(#744));
#783= IFCPRODUCTDEFINITIONSHAPE($,$,(#782));
#784= IFCCARTESIANPOINT((56709.9908131978,25970.3830239843,10323.9998856724));
#785= IFCAXIS2PLACEMENT3D(#784,#749,#750);
#786= IFCLOCALPLACEMENT(#42,#785);
#787= IFCPLATE('2_tIHA33H6kRw6mYRb92r6',#152,'PLATE-12','PL12*270',$,#786,#783,'IDbedd244a-0c34-46b9-be86-c226e5242d46');
#788= IFCCARTESIANPOINT((-3.63797880709171E-12,-6.00000000056025,215.999999999665));
#789= IFCCARTESIANPOINT((-3.63797880709171E-12,-6.00000000071304,269.999084469731));
#790= IFCCARTESIANPOINT((1.81898940354586E-12,5.99999999925058,269.99908446972));
#791= IFCCARTESIANPOINT((1.81898940354586E-12,5.9999999993961,215.999999999658));
#792= IFCPOLYLOOP((#788,#789,#790,#791));
#793= IFCFACEOUTERBOUND(#792,.T.);
#794= IFCFACE((#793));
#795= IFCCARTESIANPOINT((474.999999999871,-6.00000000069849,269.999992290908));
#796= IFCCARTESIANPOINT((474.999999999876,5.99999999925785,269.999992290897));
#797= IFCPOLYLOOP((#789,#795,#796,#790));
#798= IFCFACEOUTERBOUND(#797,.T.);
#799= IFCFACE((#798));
#800= IFCCARTESIANPOINT((475.384300916796,-6.00000000069849,266.098191271256));
#801= IFCCARTESIANPOINT((475.384300916799,5.99999999926513,266.098191271245));
#802= IFCPOLYLOOP((#795,#800,#801,#796));
#803= IFCFACEOUTERBOUND(#802,.T.);
#804= IFCFACE((#803));
#805= IFCCARTESIANPOINT((476.522420320411,-6.00000000068394,262.346335381859));
#806= IFCCARTESIANPOINT((476.522420320416,5.99999999927968,262.346335381848));
#807= IFCPOLYLOOP((#800,#805,#806,#801));
#808= IFCFACEOUTERBOUND(#807,.T.);
#809= IFCFACE((#808));
#810= IFCCARTESIANPOINT((478.370621026386,-6.00000000067666,258.888605990753));
#811= IFCCARTESIANPOINT((478.370621026392,5.99999999928696,258.888605990738));
#812= IFCPOLYLOOP((#805,#810,#811,#806));
#813= IFCFACEOUTERBOUND(#812,.T.);
#814= IFCFACE((#813));
#815= IFCCARTESIANPOINT((480.857877890356,-6.00000000066939,255.857881377011));
#816= IFCCARTESIANPOINT((480.857877890361,5.99999999928696,255.857881377));
#817= IFCPOLYLOOP((#810,#815,#816,#811));
#818= IFCFACEOUTERBOUND(#817,.T.);
#819= IFCFACE((#818));
#820= IFCCARTESIANPOINT((483.888607257752,-6.00000000066211,253.370630305377));
#821= IFCCARTESIANPOINT((483.888607257757,5.99999999930151,253.370630305366));
#822= IFCPOLYLOOP((#815,#820,#821,#816));
#823= IFCFACEOUTERBOUND(#822,.T.);
#824= IFCFACE((#823));
#825= IFCCARTESIANPOINT((487.346340181144,-6.00000000065484,251.52243620783));
#826= IFCCARTESIANPOINT((487.34634018115,5.99999999930878,251.522436207819));
#827= IFCPOLYLOOP((#820,#825,#826,#821));
#828= IFCFACEOUTERBOUND(#827,.T.);
#829= IFCFACE((#828));
#830= IFCCARTESIANPOINT((491.098198245722,-6.00000000066211,250.38432397478));
#831= IFCCARTESIANPOINT((491.098198245725,5.99999999930151,250.384323974769));
#832= IFCPOLYLOOP((#825,#830,#831,#826));
#833= IFCFACEOUTERBOUND(#832,.T.);
#834= IFCFACE((#833));
#835= IFCCARTESIANPOINT((494.999999999847,-6.00000000064756,250.000030514984));
#836= IFCCARTESIANPOINT((494.999999999851,5.99999999931606,250.000030514973));
#837= IFCPOLYLOOP((#830,#835,#836,#831));
#838= IFCFACEOUTERBOUND(#837,.T.);
#839= IFCFACE((#838));
#840= IFCCARTESIANPOINT((494.999999999998,-5.9999999999709,3.63797880709171E-12));
#841= IFCCARTESIANPOINT((495.000000000004,5.99999999998545,-1.09139364212751E-11));
#842= IFCPOLYLOOP((#835,#840,#841,#836));
#843= IFCFACEOUTERBOUND(#842,.T.);
#844= IFCFACE((#843));
#845= IFCCARTESIANPOINT((429.999999999998,-5.99999999997817,3.63797880709171E-12));
#846= IFCCARTESIANPOINT((430.000000000004,5.99999999998545,-1.09139364212751E-11));
#847= IFCPOLYLOOP((#840,#845,#846,#841));
#848= IFCFACEOUTERBOUND(#847,.T.);
#849= IFCFACE((#848));
#850= IFCPOLYLOOP((#845,#788,#791,#846));
#851= IFCFACEOUTERBOUND(#850,.T.);
#852= IFCFACE((#851));
#853= IFCPOLYLOOP((#796,#801,#806,#811,#816,#821,#826,#831,#836,#841,#846,#791,#790));
#854= IFCFACEOUTERBOUND(#853,.T.);
#855= IFCFACE((#854));
#856= IFCPOLYLOOP((#845,#840,#835,#830,#825,#820,#815,#810,#805,#800,#795,#789,#788));
#857= IFCFACEOUTERBOUND(#856,.T.);
#858= IFCFACE((#857));
#859= IFCCLOSEDSHELL((#794,#799,#804,#809,#814,#819,#824,#829,#834,#839,#844,#849,#852,#855,#858));
#860= IFCFACETEDBREP(#859);
#861= IFCSTYLEDITEM(#860,(#671),$);
#862= IFCSHAPEREPRESENTATION(#12,'Body','Brep',(#860));
#863= IFCPRODUCTDEFINITIONSHAPE($,$,(#862));
#864= IFCCARTESIANPOINT((56469.9908131978,25970.3830239844,9536.99988567236));
#865= IFCAXIS2PLACEMENT3D(#864,#749,#750);
#866= IFCLOCALPLACEMENT(#42,#865);
#867= IFCPLATE('0o69Iz_WnEC8v8BokvnonY',#152,'PLATE-12','PL12*270',$,#866,#863,'ID321894bd-fa0c-4e30-8e48-2f2bb9c72c62');
#868= IFCPROPERTYSINGLEVALUE('Bottom elevation',$,IFCLABEL(' +9.537'),$);
#869= IFCPROPERTYSINGLEVALUE('Top elevation',$,IFCLABEL(' +10.032'),$);
#870= IFCPROPERTYSINGLEVALUE('Preliminary mark',$,IFCLABEL('5-1-P23'),$);
#871= IFCPROPERTYSET('3AhZIaZEX5$RRult1rj2s9',#5,'Tekla Common','Common Properties to Shared building elements',(#868,#869,#757,#870,#759,#760));
#872= IFCPROPERTYSINGLEVALUE('Gross footprint area',$,IFCAREAMEASURE(0.003),$);
#873= IFCPROPERTYSET('2kP3bdk_H6k8Afxz1dbTiO',#5,'Tekla Quantity','Quantity Properties to Shared building elements',(#762,#763,#872,#765,#766,#767,#768,#769));
#874= IFCPROPERTYSINGLEVALUE('Reference',$,IFCIDENTIFIER('5-1-P23'),$);
#875= IFCPROPERTYSET('058KQEgTD3ChOrsZkuC5NU',#5,'Pset_PlateCommon','Common Properties to plate elements',(#771,#874));
#876= IFCQUANTITYLENGTH('Width',$,$,269.999992291336);
#877= IFCQUANTITYAREA('NetArea',$,$,0.19007408029946);
#878= IFCQUANTITYAREA('GrossArea',$,$,0.133649996184176);
#879= IFCQUANTITYVOLUME('NetVolume',$,$,0.00104277164182277);
#880= IFCQUANTITYVOLUME('GrossVolume',$,$,0.00104277164182277);
#881= IFCELEMENTQUANTITY('3AZhagEaTFNQO8g3jcbQPn',#5,'BaseQuantities',$,$,(#876,#877,#878,#777,#879,#880));
#882= IFCSHAPEREPRESENTATION(#12,'Body','Brep',(#860));
#883= IFCPRODUCTDEFINITIONSHAPE($,$,(#882));
#884= IFCCARTESIANPOINT((56709.9908131978,25970.3830239844,9536.99988567235));
#885= IFCAXIS2PLACEMENT3D(#884,#749,#750);
#886= IFCLOCALPLACEMENT(#42,#885);
#887= IFCPLATE('0Ahezv64f5av__GXPiN9dD',#152,'PLATE-12','PL12*270',$,#886,#883,'ID0aae8f79-184a-4593-9fbe-42166c5c99cd');
#888= IFCCOLOURRGB('Light Green',0.356862745098039,0.592156862745098,0.137254901960784);
#889= IFCSURFACESTYLERENDERING(#888,0.,$,$,$,$,IFCNORMALISEDRATIOMEASURE(0.00390625),IFCSPECULAREXPONENT(10.),.NOTDEFINED.);
#890= IFCSURFACESTYLE('STEEL/S275',.POSITIVE.,(#889));
#891= IFCPRESENTATIONSTYLEASSIGNMENT((#890));
#892= IFCCARTESIANPOINT((0.000324247350363294,-4.00000000009459,108.999999999549));
#893= IFCCARTESIANPOINT((0.000383742684789468,-4.0000000001146,129.000137329262));
#894= IFCCARTESIANPOINT((0.000383742688427446,3.99999999987813,129.000137329247));
#895= IFCCARTESIANPOINT((0.000324247354001272,3.99999999989814,108.999999999534));
#896= IFCPOLYLOOP((#892,#893,#894,#895));
#897= IFCFACEOUTERBOUND(#896,.T.);
#898= IFCFACE((#897));
#899= IFCCARTESIANPOINT((60.0001754757614,-4.00000000012733,129.000137329036));
#900= IFCCARTESIANPOINT((60.0001754757686,3.99999999986539,129.000137329022));
#901= IFCPOLYLOOP((#893,#899,#900,#894));
#902= IFCFACEOUTERBOUND(#901,.T.);
#903= IFCFACE((#902));
#904= IFCCARTESIANPOINT((60.3844694350191,-4.00000000012187,125.098333063921));
#905= IFCCARTESIANPOINT((60.3844694350264,3.99999999986903,125.098333063906));
#906= IFCPOLYLOOP((#899,#904,#905,#900));
#907= IFCFACEOUTERBOUND(#906,.T.);
#908= IFCFACE((#907));
#909= IFCCARTESIANPOINT((61.5225831280841,-4.00000000011823,121.346472779725));
#910= IFCCARTESIANPOINT((61.5225831280877,3.99999999987449,121.346472779718));
#911= IFCPOLYLOOP((#904,#909,#910,#905));
#912= IFCFACEOUTERBOUND(#911,.T.);
#913= IFCFACE((#912));
#914= IFCCARTESIANPOINT((63.3707795332302,-4.00000000011642,117.888738200789));
#915= IFCCARTESIANPOINT((63.3707795332375,3.99999999987631,117.888738200774));
#916= IFCPOLYLOOP((#909,#914,#915,#910));
#917= IFCFACEOUTERBOUND(#916,.T.);
#918= IFCFACE((#917));
#919= IFCCARTESIANPOINT((65.8580335790721,-4.0000000001146,114.858007978233));
#920= IFCCARTESIANPOINT((65.8580335790757,3.99999999987813,114.858007978226));
#921= IFCPOLYLOOP((#914,#919,#920,#915));
#922= IFCFACEOUTERBOUND(#921,.T.);
#923= IFCFACE((#922));
#924= IFCCARTESIANPOINT((68.8887615950916,-4.00000000011278,112.370751243732));
#925= IFCCARTESIANPOINT((68.8887615950989,3.99999999987995,112.370751243725));
#926= IFCPOLYLOOP((#919,#924,#925,#920));
#927= IFCFACEOUTERBOUND(#926,.T.);
#928= IFCFACE((#927));
#929= IFCCARTESIANPOINT((72.3464945344349,-4.00000000011278,110.522551771108));
#930= IFCCARTESIANPOINT((72.3464945344422,3.99999999987995,110.522551771093));
#931= IFCPOLYLOOP((#924,#929,#930,#925));
#932= IFCFACEOUTERBOUND(#931,.T.);
#933= IFCFACE((#932));
#934= IFCCARTESIANPOINT((76.098353808964,-4.00000000011096,109.384434749634));
#935= IFCCARTESIANPOINT((76.0983538089713,3.99999999988177,109.384434749627));
#936= IFCPOLYLOOP((#929,#934,#935,#930));
#937= IFCFACEOUTERBOUND(#936,.T.);
#938= IFCFACE((#937));
#939= IFCCARTESIANPOINT((80.0001577331568,-4.00000000011096,109.000137328963));
#940= IFCCARTESIANPOINT((80.0001577331641,3.99999999988177,109.000137328949));
#941= IFCPOLYLOOP((#934,#939,#940,#935));
#942= IFCFACEOUTERBOUND(#941,.T.);
#943= IFCFACE((#942));
#944= IFCCARTESIANPOINT((80.0000610357347,-4.00000000001273,-1.60071067512035E-10));
#945= IFCCARTESIANPOINT((80.000061035742,3.99999999997999,-1.74622982740402E-10));
#946= IFCPOLYLOOP((#939,#944,#945,#940));
#947= IFCFACEOUTERBOUND(#946,.T.);
#948= IFCFACE((#947));
#949= IFCCARTESIANPOINT((60.0000000000655,-4.00000000000909,-1.16415321826935E-10));
#950= IFCCARTESIANPOINT((60.0000000000691,3.99999999998363,-1.30967237055302E-10));
#951= IFCPOLYLOOP((#944,#949,#950,#945));
#952= IFCFACEOUTERBOUND(#951,.T.);
#953= IFCFACE((#952));
#954= IFCPOLYLOOP((#949,#892,#895,#950));
#955= IFCFACEOUTERBOUND(#954,.T.);
#956= IFCFACE((#955));
#957= IFCPOLYLOOP((#900,#905,#910,#915,#920,#925,#930,#935,#940,#945,#950,#895,#894));
#958= IFCFACEOUTERBOUND(#957,.T.);
#959= IFCFACE((#958));
#960= IFCPOLYLOOP((#949,#944,#939,#934,#929,#924,#919,#914,#909,#904,#899,#893,#892));
#961= IFCFACEOUTERBOUND(#960,.T.);
#962= IFCFACE((#961));
#963= IFCCLOSEDSHELL((#898,#903,#908,#913,#918,#923,#928,#933,#938,#943,#948,#953,#956,#959,#962));
#964= IFCFACETEDBREP(#963);
#965= IFCSTYLEDITEM(#964,(#891),$);
#966= IFCSHAPEREPRESENTATION(#12,'Body','Brep',(#964));
#967= IFCPRODUCTDEFINITIONSHAPE($,$,(#966));
#968= IFCCARTESIANPOINT((56334.995290503,26160.3785281987,10709.000495823));
#969= IFCDIRECTION((0.999999999468688,-3.25120005400095E-05,-2.36500000210072E-06));
#970= IFCDIRECTION((3.25119999757648E-05,0.999999999471457,-2.38000007146209E-07));
#971= IFCAXIS2PLACEMENT3D(#968,#969,#970);
#972= IFCLOCALPLACEMENT(#42,#971);
#973= IFCPLATE('2C8U82uIj2ehGsw6982QhH',#152,'PLATE-8','PL8*80',$,#972,#967,'ID8c21e202-e12b-42a2-b436-e8624809aad1');
#974= IFCPLATETYPE('3WoafMV05D7eFYbhI7cYqF',#5,'PL8*80',$,$,$,$,$,$,.NOTDEFINED.);
#975= IFCPROPERTYSINGLEVALUE('Bottom elevation',$,IFCLABEL(' +10.705'),$);
#976= IFCPROPERTYSINGLEVALUE('Top elevation',$,IFCLABEL(' +10.713'),$);
#977= IFCPROPERTYSINGLEVALUE('Preliminary mark',$,IFCLABEL('5-1-P41(?)'),$);
#978= IFCPROPERTYSINGLEVALUE('Class',$,IFCLABEL('17'),$);
#979= IFCPROPERTYSET('2H3EUwJTL7xPcYXXR_jCNd',#5,'Tekla Common','Common Properties to Shared building elements',(#975,#976,#757,#977,#759,#978));
#980= IFCPROPERTYSINGLEVALUE('Weight',$,IFCMASSMEASURE(0.42),$);
#981= IFCPROPERTYSINGLEVALUE('Volume',$,IFCVOLUMEMEASURE(0.),$);
#982= IFCPROPERTYSINGLEVALUE('Gross footprint area',$,IFCAREAMEASURE(0.007),$);
#983= IFCPROPERTYSINGLEVALUE('Area per tons',$,IFCAREAMEASURE(38.744),$);
#984= IFCPROPERTYSINGLEVALUE('Net surface area',$,IFCAREAMEASURE(0.016),$);
#985= IFCPROPERTYSINGLEVALUE('Height',$,IFCLENGTHMEASURE(80.),$);
#986= IFCPROPERTYSINGLEVALUE('Width',$,IFCLENGTHMEASURE(8.),$);
#987= IFCPROPERTYSINGLEVALUE('Length',$,IFCLENGTHMEASURE(129.),$);
#988= IFCPROPERTYSET('1meEundqvApQvQcP7W9lEi',#5,'Tekla Quantity','Quantity Properties to Shared building elements',(#980,#981,#982,#983,#984,#985,#986,#987));
#989= IFCPROPERTYSINGLEVALUE('Reference',$,IFCIDENTIFIER('5-1-P41'),$);
#990= IFCPROPERTYSET('1vU7fu8QzDsAAdYeudOqgw',#5,'Pset_PlateCommon','Common Properties to plate elements',(#771,#989));
#991= IFCQUANTITYLENGTH('Width',$,$,80.0000610347504);
#992= IFCQUANTITYAREA('NetArea',$,$,0.0163940191378952);
#993= IFCQUANTITYAREA('GrossArea',$,$,0.0103200188598469);
#994= IFCQUANTITYAREA('CrossSectionArea',$,$,6.4E-05);
#995= IFCQUANTITYVOLUME('NetVolume',$,$,5.39028571896579E-05);
#996= IFCQUANTITYVOLUME('GrossVolume',$,$,5.39028571896579E-05);
#997= IFCELEMENTQUANTITY('2zl1zIPwb29hRgrmOOZVkR',#5,'BaseQuantities',$,$,(#991,#992,#993,#994,#995,#996));
#998= IFCCARTESIANPOINT((0.000579287199798273,-4.00000000000182,19.9999999915308));
#999= IFCCARTESIANPOINT((0.00602472083846806,-3.99999999998909,208.004623415974));
#1000= IFCCARTESIANPOINT((0.00602472084210603,4.00000000001819,208.004623415967));
#1001= IFCCARTESIANPOINT((0.000579287207074231,4.00000000000546,19.9999999915235));
#1002= IFCPOLYLOOP((#998,#999,#1000,#1001));
#1003= IFCFACEOUTERBOUND(#1002,.T.);
#1004= IFCFACE((#1003));
#1005= IFCCARTESIANPOINT((3.90776225254376,-3.99999999999091,208.38878887648));
#1006= IFCCARTESIANPOINT((3.9077622525474,4.00000000001637,208.388788876473));
#1007= IFCPOLYLOOP((#999,#1005,#1006,#1000));
#1008= IFCFACEOUTERBOUND(#1007,.T.);
#1009= IFCFACE((#1008));
#1010= IFCCARTESIANPOINT((7.65958667145242,-3.99999999999272,209.526748628436));
#1011= IFCCARTESIANPOINT((7.65958667145969,4.00000000001273,209.526748628428));
#1012= IFCPOLYLOOP((#1005,#1010,#1011,#1006));
#1013= IFCFACEOUTERBOUND(#1012,.T.);
#1014= IFCFACE((#1013));
#1015= IFCCARTESIANPOINT((11.1173234421913,-3.99999999999272,211.374773328396));
#1016= IFCCARTESIANPOINT((11.1173234421949,4.00000000001455,211.374773328389));
#1017= IFCPOLYLOOP((#1010,#1015,#1016,#1011));
#1018= IFCFACEOUTERBOUND(#1017,.T.);
#1019= IFCFACE((#1018));
#1020= IFCCARTESIANPOINT((14.148099184582,-3.99999999999454,213.861847365632));
#1021= IFCCARTESIANPOINT((14.1480991845856,4.00000000001091,213.861847365624));
#1022= IFCPOLYLOOP((#1015,#1020,#1021,#1016));
#1023= IFCFACEOUTERBOUND(#1022,.T.);
#1024= IFCFACE((#1023));
#1025= IFCCARTESIANPOINT((16.6354477115929,-3.99999999999636,216.892397839139));
#1026= IFCCARTESIANPOINT((16.6354477116001,4.00000000001091,216.892397839132));
#1027= IFCPOLYLOOP((#1020,#1025,#1026,#1021));
#1028= IFCFACEOUTERBOUND(#1027,.T.);
#1029= IFCFACE((#1028));
#1030= IFCCARTESIANPOINT((18.4837855741716,-3.99999999999636,220.349967218492));
#1031= IFCCARTESIANPOINT((18.4837855741753,4.00000000001091,220.349967218484));
#1032= IFCPOLYLOOP((#1025,#1030,#1031,#1026));
#1033= IFCFACEOUTERBOUND(#1032,.T.);
#1034= IFCFACE((#1033));
#1035= IFCCARTESIANPOINT((19.6220851274193,-3.99999999999636,224.101688556009));
#1036= IFCCARTESIANPOINT((19.6220851274265,4.00000000001091,224.101688556002));
#1037= IFCPOLYLOOP((#1030,#1035,#1036,#1031));
#1038= IFCFACEOUTERBOUND(#1037,.T.);
#1039= IFCFACE((#1038));
#1040= IFCCARTESIANPOINT((20.0066039700796,-3.99999999999636,228.003391277511));
#1041= IFCCARTESIANPOINT((20.0066039700869,4.00000000001091,228.003391277503));
#1042= IFCPOLYLOOP((#1035,#1040,#1041,#1036));
#1043= IFCFACEOUTERBOUND(#1042,.T.);
#1044= IFCFACE((#1043));
#1045= IFCCARTESIANPOINT((80.0077209468109,-4.00000000002001,227.999694818682));
#1046= IFCCARTESIANPOINT((80.0077209468145,3.99999999998545,227.999694818674));
#1047= IFCPOLYLOOP((#1040,#1045,#1046,#1041));
#1048= IFCFACEOUTERBOUND(#1047,.T.);
#1049= IFCFACE((#1048));
#1050= IFCPOLYLOOP((#1045,#944,#945,#1046));
#1051= IFCFACEOUTERBOUND(#1050,.T.);
#1052= IFCFACE((#1051));
#1053= IFCCARTESIANPOINT((19.9999999999891,-4.00000000001091,-2.18278728425503E-11));
#1054= IFCCARTESIANPOINT((19.9999999999964,3.99999999999454,-2.91038304567337E-11));
#1055= IFCPOLYLOOP((#944,#1053,#1054,#945));
#1056= IFCFACEOUTERBOUND(#1055,.T.);
#1057= IFCFACE((#1056));
#1058= IFCCARTESIANPOINT((19.6157197345892,-4.00000000001091,3.90173542072444));
#1059= IFCCARTESIANPOINT((19.6157197345929,3.99999999999636,3.90173542070988));
#1060= IFCPOLYLOOP((#1053,#1058,#1059,#1054));
#1061= IFCFACEOUTERBOUND(#1060,.T.);
#1062= IFCFACE((#1061));
#1063= IFCCARTESIANPOINT((18.4776460706307,-4.00000000000909,7.65353484915249));
#1064= IFCCARTESIANPOINT((18.4776460706344,3.99999999999636,7.65353484914522));
#1065= IFCPOLYLOOP((#1058,#1063,#1064,#1059));
#1066= IFCFACEOUTERBOUND(#1065,.T.);
#1067= IFCFACE((#1066));
#1068= IFCCARTESIANPOINT((16.6295129330756,-4.00000000000909,11.1112240372822));
#1069= IFCCARTESIANPOINT((16.6295129330792,3.99999999999636,11.111224037275));
#1070= IFCPOLYLOOP((#1063,#1068,#1069,#1064));
#1071= IFCFACEOUTERBOUND(#1070,.T.);
#1072= IFCFACE((#1071));
#1073= IFCCARTESIANPOINT((14.1423404311827,-4.00000000000909,14.1419308132245));
#1074= IFCCARTESIANPOINT((14.1423404311863,3.99999999999818,14.1419308132172));
#1075= IFCPOLYLOOP((#1068,#1073,#1074,#1069));
#1076= IFCFACEOUTERBOUND(#1075,.T.);
#1077= IFCFACE((#1076));
#1078= IFCCARTESIANPOINT((11.1117056958719,-4.00000000000546,16.6291910965374));
#1079= IFCCARTESIANPOINT((11.1117056958756,4.00000000000182,16.6291910965301));
#1080= IFCPOLYLOOP((#1073,#1078,#1079,#1074));
#1081= IFCFACEOUTERBOUND(#1080,.T.);
#1082= IFCFACE((#1081));
#1083= IFCCARTESIANPOINT((7.65407003917426,-4.00000000000546,18.4774243830689));
#1084= IFCCARTESIANPOINT((7.65407003918153,4.00000000000182,18.4774243830616));
#1085= IFCPOLYLOOP((#1078,#1083,#1084,#1079));
#1086= IFCFACEOUTERBOUND(#1085,.T.);
#1087= IFCFACE((#1086));
#1088= IFCCARTESIANPOINT((3.90230357587643,-4.00000000000364,19.6156067150223));
#1089= IFCCARTESIANPOINT((3.90230357588371,4.00000000000182,19.615606715015));
#1090= IFCPOLYLOOP((#1083,#1088,#1089,#1084));
#1091= IFCFACEOUTERBOUND(#1090,.T.);
#1092= IFCFACE((#1091));
#1093= IFCPOLYLOOP((#1088,#998,#1001,#1089));
#1094= IFCFACEOUTERBOUND(#1093,.T.);
#1095= IFCFACE((#1094));
#1096= IFCPOLYLOOP((#1006,#1011,#1016,#1021,#1026,#1031,#1036,#1041,#1046,#945,#1054,#1059,#1064,#1069,#1074,#1079,#1084,#1089,#1001,#1000));
#1097= IFCFACEOUTERBOUND(#1096,.T.);
#1098= IFCFACE((#1097));
#1099= IFCPOLYLOOP((#1088,#1083,#1078,#1073,#1068,#1063,#1058,#1053,#944,#1045,#1040,#1035,#1030,#1025,#1020,#1015,#1010,#1005,#999,#998));
#1100= IFCFACEOUTERBOUND(#1099,.T.);
#1101= IFCFACE((#1100));
#1102= IFCCLOSEDSHELL((#1004,#1009,#1014,#1019,#1024,#1029,#1034,#1039,#1044,#1049,#1052,#1057,#1062,#1067,#1072,#1077,#1082,#1087,#1092,#1095,#1098,#1101));
#1103= IFCFACETEDBREP(#1102);
#1104= IFCSTYLEDITEM(#1103,(#891),$);
#1105= IFCSHAPEREPRESENTATION(#12,'Body','Brep',(#1103));
#1106= IFCPRODUCTDEFINITIONSHAPE($,$,(#1105));
#1107= IFCCARTESIANPOINT((56703.9998779259,26240.3809988122,10709.0009855393));
#1108= IFCDIRECTION((-0.999999999435965,3.34050346973526E-05,-3.48900000244611E-06));
#1109= IFCDIRECTION((-3.34050000275129E-05,-0.999999999392691,-9.93600000987829E-06));
#1110= IFCAXIS2PLACEMENT3D(#1107,#1108,#1109);
#1111= IFCLOCALPLACEMENT(#42,#1110);
#1112= IFCPLATE('3TxwXV2rLA7OIFkSIdijBM',#152,'PLATE-8','PL8*80',$,#1111,#1106,'IDddefa85f-0b55-4a1d-848f-b9c4a7b2d2d6');
#1113= IFCPROPERTYSINGLEVALUE('Preliminary mark',$,IFCLABEL('5-1-P42(?)'),$);
#1114= IFCPROPERTYSET('0xE6xK4RPEV9t7tfDSMCxN',#5,'Tekla Common','Common Properties to Shared building elements',(#975,#976,#757,#1113,#759,#978));
#1115= IFCPROPERTYSINGLEVALUE('Weight',$,IFCMASSMEASURE(1.11),$);
#1116= IFCPROPERTYSINGLEVALUE('Gross footprint area',$,IFCAREAMEASURE(0.018),$);
#1117= IFCPROPERTYSINGLEVALUE('Area per tons',$,IFCAREAMEASURE(36.177),$);
#1118= IFCPROPERTYSINGLEVALUE('Net surface area',$,IFCAREAMEASURE(0.04),$);
#1119= IFCPROPERTYSINGLEVALUE('Length',$,IFCLENGTHMEASURE(228.),$);
#1120= IFCPROPERTYSET('0mXEkBhfjDpu4X9Akt3q74',#5,'Tekla Quantity','Quantity Properties to Shared building elements',(#1115,#981,#1116,#1117,#1118,#985,#986,#1119));
#1121= IFCPROPERTYSINGLEVALUE('Reference',$,IFCIDENTIFIER('5-1-P42'),$);
#1122= IFCPROPERTYSET('1Bd5S3vN5FUe8iBz5NSiTS',#5,'Pset_PlateCommon','Common Properties to plate elements',(#771,#1121));
#1123= IFCQUANTITYLENGTH('Width',$,$,80.0011170482216);
#1124= IFCQUANTITYAREA('NetArea',$,$,0.0400219493058237);
#1125= IFCQUANTITYAREA('GrossArea',$,$,0.0182405260006622);
#1126= IFCQUANTITYVOLUME('NetVolume',$,$,0.000140928268560633);
#1127= IFCQUANTITYVOLUME('GrossVolume',$,$,0.000140928268560633);
#1128= IFCELEMENTQUANTITY('0QDoIXBmLCZvwWyR4cCqxv',#5,'BaseQuantities',$,$,(#1123,#1124,#1125,#994,#1126,#1127));
#1129= IFCCARTESIANPOINT((0.,-3.99999999999454,7.27595761418343E-12));
#1130= IFCCARTESIANPOINT((5.94953344261739E-05,-4.00000000001273,20.0001373297273));
#1131= IFCCARTESIANPOINT((5.94953417021316E-05,3.99999999997999,20.00013732972));
#1132= IFCCARTESIANPOINT((3.63797880709171E-12,3.99999999999818,0.));
#1133= IFCPOLYLOOP((#1129,#1130,#1131,#1132));
#1134= IFCFACEOUTERBOUND(#1133,.T.);
#1135= IFCFACE((#1134));
#1136= IFCCARTESIANPOINT((60.0003837427466,-4.00000000012551,129.000137329036));
#1137= IFCCARTESIANPOINT((60.0003837427503,3.99999999986721,129.000137329022));
#1138= IFCPOLYLOOP((#1130,#1136,#1137,#1131));
#1139= IFCFACEOUTERBOUND(#1138,.T.);
#1140= IFCFACE((#1139));
#1141= IFCCARTESIANPOINT((80.0001754757905,-4.00000000012915,129.000137328956));
#1142= IFCCARTESIANPOINT((80.0001754757977,3.99999999986358,129.000137328941));
#1143= IFCPOLYLOOP((#1136,#1141,#1142,#1137));
#1144= IFCFACEOUTERBOUND(#1143,.T.);
#1145= IFCFACE((#1144));
#1146= IFCCARTESIANPOINT((80.0000787783647,-4.0000000000291,19.9999999998545));
#1147= IFCCARTESIANPOINT((80.000078778372,3.99999999996362,19.9999999998399));
#1148= IFCPOLYLOOP((#1141,#1146,#1147,#1142));
#1149= IFCFACEOUTERBOUND(#1148,.T.);
#1150= IFCFACE((#1149));
#1151= IFCCARTESIANPOINT((76.0982698219086,-4.0000000000291,19.6157086366729));
#1152= IFCCARTESIANPOINT((76.0982698219159,3.99999999996362,19.6157086366584));
#1153= IFCPOLYLOOP((#1146,#1151,#1152,#1147));
#1154= IFCFACEOUTERBOUND(#1153,.T.);
#1155= IFCFACE((#1154));
#1156= IFCCARTESIANPOINT((72.3464046824665,-4.00000000002547,18.4775957424645));
#1157= IFCCARTESIANPOINT((72.3464046824702,3.99999999996726,18.4775957424572));
#1158= IFCPOLYLOOP((#1151,#1156,#1157,#1152));
#1159= IFCFACEOUTERBOUND(#1158,.T.);
#1160= IFCFACE((#1159));
#1161= IFCCARTESIANPOINT((68.8886655956194,-4.00000000002547,16.6293984067379));
#1162= IFCCARTESIANPOINT((68.888665595623,3.99999999996726,16.6293984067306));
#1163= IFCPOLYLOOP((#1156,#1161,#1162,#1157));
#1164= IFCFACEOUTERBOUND(#1163,.T.);
#1165= IFCFACE((#1164));
#1166= IFCCARTESIANPOINT((65.8579316849537,-4.00000000002183,14.1421418965911));
#1167= IFCCARTESIANPOINT((65.8579316849609,3.9999999999709,14.1421418965765));
#1168= IFCPOLYLOOP((#1161,#1166,#1167,#1162));
#1169= IFCFACEOUTERBOUND(#1168,.T.);
#1170= IFCFACE((#1169));
#1171= IFCCARTESIANPOINT((63.3706724861477,-4.00000000001819,11.1114101924541));
#1172= IFCCARTESIANPOINT((63.3706724861513,3.99999999997453,11.1114101924468));
#1173= IFCPOLYLOOP((#1166,#1171,#1172,#1167));
#1174= IFCFACEOUTERBOUND(#1173,.T.);
#1175= IFCFACE((#1174));
#1176= IFCCARTESIANPOINT((61.5224720829428,-4.00000000001455,7.65367274521122));
#1177= IFCCARTESIANPOINT((61.5224720829501,3.99999999997817,7.65367274520395));
#1178= IFCPOLYLOOP((#1171,#1176,#1177,#1172));
#1179= IFCFACEOUTERBOUND(#1178,.T.);
#1180= IFCFACE((#1179));
#1181= IFCCARTESIANPOINT((60.3843558603294,-4.00000000001091,3.90180861543922));
#1182= IFCCARTESIANPOINT((60.384355860333,3.99999999998181,3.90180861543195));
#1183= IFCPOLYLOOP((#1176,#1181,#1182,#1177));
#1184= IFCFACEOUTERBOUND(#1183,.T.);
#1185= IFCFACE((#1184));
#1186= IFCCARTESIANPOINT((60.0000610357201,-4.00000000000728,-1.01863406598568E-10));
#1187= IFCCARTESIANPOINT((60.0000610357238,3.99999999998545,-1.09139364212751E-10));
#1188= IFCPOLYLOOP((#1181,#1186,#1187,#1182));
#1189= IFCFACEOUTERBOUND(#1188,.T.);
#1190= IFCFACE((#1189));
#1191= IFCPOLYLOOP((#1186,#1129,#1132,#1187));
#1192= IFCFACEOUTERBOUND(#1191,.T.);
#1193= IFCFACE((#1192));
#1194= IFCPOLYLOOP((#1137,#1142,#1147,#1152,#1157,#1162,#1167,#1172,#1177,#1182,#1187,#1132,#1131));
#1195= IFCFACEOUTERBOUND(#1194,.T.);
#1196= IFCFACE((#1195));
#1197= IFCPOLYLOOP((#1186,#1181,#1176,#1171,#1166,#1161,#1156,#1151,#1146,#1141,#1136,#1130,#1129));
#1198= IFCFACEOUTERBOUND(#1197,.T.);
#1199= IFCFACE((#1198));
#1200= IFCCLOSEDSHELL((#1135,#1140,#1145,#1150,#1155,#1160,#1165,#1170,#1175,#1180,#1185,#1190,#1193,#1196,#1199));
#1201= IFCFACETEDBREP(#1200);
#1202= IFCSTYLEDITEM(#1201,(#891),$);
#1203= IFCSHAPEREPRESENTATION(#12,'Body','Brep',(#1201));
#1204= IFCPRODUCTDEFINITIONSHAPE($,$,(#1203));
#1205= IFCCARTESIANPOINT((56716.0003901238,26160.3792460964,10709.000495823));
#1206= IFCAXIS2PLACEMENT3D(#1205,#969,#970);
#1207= IFCLOCALPLACEMENT(#42,#1206);
#1208= IFCPLATE('3n0_zkxTv2_fZe1NfaCdce',#152,'PLATE-8','PL8*80',$,#1207,#1204,'IDf103ef6e-edde-42fa-98e8-057a643279a8');
#1209= IFCQUANTITYLENGTH('Width',$,$,80.0000192831785);
#1210= IFCQUANTITYAREA('NetArea',$,$,0.0163940212261182);
#1211= IFCQUANTITYAREA('GrossArea',$,$,0.0103200325122443);
#1212= IFCQUANTITYVOLUME('NetVolume',$,$,5.39028544053911E-05);
#1213= IFCQUANTITYVOLUME('GrossVolume',$,$,5.39028544053911E-05);
#1214= IFCELEMENTQUANTITY('3R2Cz3ILP5yhz$ptJzTMDF',#5,'BaseQuantities',$,$,(#1209,#1210,#1211,#994,#1212,#1213));
#1215= IFCCARTESIANPOINT((-0.00180206568620633,-3.99999999989814,108.999999985121));
#1216= IFCCARTESIANPOINT((-0.00213272220571525,-3.99999999987813,129.00013732916));
#1217= IFCCARTESIANPOINT((-0.00213272220571525,4.0000000001146,129.000137329145));
#1218= IFCCARTESIANPOINT((-0.00180206568256835,4.00000000009641,108.999999985106));
#1219= IFCPOLYLOOP((#1215,#1216,#1217,#1218));
#1220= IFCFACEOUTERBOUND(#1219,.T.);
#1221= IFCFACE((#1220));
#1222= IFCCARTESIANPOINT((179.997650150246,-3.99999999994361,129.000137329829));
#1223= IFCCARTESIANPOINT((179.99765015025,4.00000000005093,129.000137329807));
#1224= IFCPOLYLOOP((#1216,#1222,#1223,#1217));
#1225= IFCFACEOUTERBOUND(#1224,.T.);
#1226= IFCFACE((#1225));
#1227= IFCCARTESIANPOINT((180.381953657354,-3.99999999994725,125.09828506472));
#1228= IFCCARTESIANPOINT((180.381953657357,4.00000000004729,125.098285064705));
#1229= IFCPOLYLOOP((#1222,#1227,#1228,#1223));
#1230= IFCFACEOUTERBOUND(#1229,.T.);
#1231= IFCFACE((#1230));
#1232= IFCCARTESIANPOINT((181.520095260119,-3.99999999995089,121.346382350588));
#1233= IFCCARTESIANPOINT((181.520095260115,4.00000000004184,121.346382350574));
#1234= IFCPOLYLOOP((#1227,#1232,#1233,#1228));
#1235= IFCFACEOUTERBOUND(#1234,.T.);
#1236= IFCFACE((#1235));
#1237= IFCCARTESIANPOINT((183.368335777581,-3.99999999995453,117.888616124568));
#1238= IFCCARTESIANPOINT((183.368335777584,4.00000000004002,117.888616124554));
#1239= IFCPOLYLOOP((#1232,#1237,#1238,#1233));
#1240= IFCFACEOUTERBOUND(#1239,.T.);
#1241= IFCFACE((#1240));
#1242= IFCCARTESIANPOINT((185.855646678465,-3.99999999995816,114.857869555395));
#1243= IFCCARTESIANPOINT((185.855646678465,4.00000000003456,114.857869555381));
#1244= IFCPOLYLOOP((#1237,#1242,#1243,#1238));
#1245= IFCFACEOUTERBOUND(#1244,.T.);
#1246= IFCFACE((#1245));
#1247= IFCCARTESIANPOINT((188.88643973252,-3.9999999999618,112.370615296641));
#1248= IFCCARTESIANPOINT((188.886439732523,4.00000000003274,112.370615296626));
#1249= IFCPOLYLOOP((#1242,#1247,#1248,#1243));
#1250= IFCFACEOUTERBOUND(#1249,.T.);
#1251= IFCFACE((#1250));
#1252= IFCCARTESIANPOINT((192.344240499751,-3.99999999996544,110.522439401779));
#1253= IFCCARTESIANPOINT((192.344240499755,4.0000000000291,110.522439401764));
#1254= IFCPOLYLOOP((#1247,#1252,#1253,#1248));
#1255= IFCFACEOUTERBOUND(#1254,.T.);
#1256= IFCFACE((#1255));
#1257= IFCCARTESIANPOINT((196.096164483984,-3.99999999996726,109.384367918617));
#1258= IFCCARTESIANPOINT((196.096164483988,4.00000000002728,109.384367918603));
#1259= IFCPOLYLOOP((#1252,#1257,#1258,#1253));
#1260= IFCFACEOUTERBOUND(#1259,.T.);
#1261= IFCFACE((#1260));
#1262= IFCCARTESIANPOINT((199.998023930661,-3.99999999996726,109.000137333387));
#1263= IFCCARTESIANPOINT((199.998023930664,4.00000000002547,109.000137333373));
#1264= IFCPOLYLOOP((#1257,#1262,#1263,#1258));
#1265= IFCFACEOUTERBOUND(#1264,.T.);
#1266= IFCFACE((#1265));
#1267= IFCCARTESIANPOINT((200.0000610364,-4.0000000000673,7.34871719032526E-10));
#1268= IFCCARTESIANPOINT((200.000061036404,3.99999999992724,7.20319803804159E-10));
#1269= IFCPOLYLOOP((#1262,#1267,#1268,#1263));
#1270= IFCFACEOUTERBOUND(#1269,.T.);
#1271= IFCFACE((#1270));
#1272= IFCCARTESIANPOINT((130.000000000113,-4.00000000004184,4.80213202536106E-10));
#1273= IFCCARTESIANPOINT((130.000000000113,3.99999999995089,4.65661287307739E-10));
#1274= IFCPOLYLOOP((#1267,#1272,#1273,#1268));
#1275= IFCFACEOUTERBOUND(#1274,.T.);
#1276= IFCFACE((#1275));
#1277= IFCPOLYLOOP((#1272,#1215,#1218,#1273));
#1278= IFCFACEOUTERBOUND(#1277,.T.);
#1279= IFCFACE((#1278));
#1280= IFCPOLYLOOP((#1223,#1228,#1233,#1238,#1243,#1248,#1253,#1258,#1263,#1268,#1273,#1218,#1217));
#1281= IFCFACEOUTERBOUND(#1280,.T.);
#1282= IFCFACE((#1281));
#1283= IFCPOLYLOOP((#1272,#1267,#1262,#1257,#1252,#1247,#1242,#1237,#1232,#1227,#1222,#1216,#1215));
#1284= IFCFACEOUTERBOUND(#1283,.T.);
#1285= IFCFACE((#1284));
#1286= IFCCLOSEDSHELL((#1221,#1226,#1231,#1236,#1241,#1246,#1251,#1256,#1261,#1266,#1271,#1276,#1279,#1282,#1285));
#1287= IFCFACETEDBREP(#1286);
#1288= IFCSTYLEDITEM(#1287,(#891),$);
#1289= IFCSHAPEREPRESENTATION(#12,'Body','Brep',(#1287));
#1290= IFCPRODUCTDEFINITIONSHAPE($,$,(#1289));
#1291= IFCCARTESIANPOINT((56334.995290503,26040.3785281987,10489.000495823));
#1292= IFCDIRECTION((0.999999999912638,-1.30050002226199E-05,-2.36500000028173E-06));
#1293= IFCDIRECTION((1.30049999972523E-05,0.999999999915431,-9.50000031689283E-08));
#1294= IFCAXIS2PLACEMENT3D(#1291,#1292,#1293);
#1295= IFCLOCALPLACEMENT(#42,#1294);
#1296= IFCPLATE('154Dtgv$P8vgBXvwkTdd4q',#152,'PLATE-8','PL8*129',$,#1295,#1290,'ID4510ddea-e7f6-48e6-a2e1-e7ab9d9e7134');
#1297= IFCPLATETYPE('2clMHwvXXEowc940Z8l5ne',#5,'PL8*129',$,$,$,$,$,$,.NOTDEFINED.);
#1298= IFCPROPERTYSINGLEVALUE('Bottom elevation',$,IFCLABEL(' +10.485'),$);
#1299= IFCPROPERTYSINGLEVALUE('Top elevation',$,IFCLABEL(' +10.493'),$);
#1300= IFCPROPERTYSINGLEVALUE('Preliminary mark',$,IFCLABEL('5-1-P43(?)'),$);
#1301= IFCPROPERTYSET('3Ubas0U5v2qfSi_WB5qxVL',#5,'Tekla Common','Common Properties to Shared building elements',(#1298,#1299,#757,#1300,#759,#978));
#1302= IFCPROPERTYSINGLEVALUE('Weight',$,IFCMASSMEASURE(1.16),$);
#1303= IFCPROPERTYSINGLEVALUE('Area per tons',$,IFCAREAMEASURE(35.862),$);
#1304= IFCPROPERTYSINGLEVALUE('Net surface area',$,IFCAREAMEASURE(0.041),$);
#1305= IFCPROPERTYSINGLEVALUE('Height',$,IFCLENGTHMEASURE(129.),$);
#1306= IFCPROPERTYSINGLEVALUE('Length',$,IFCLENGTHMEASURE(200.),$);
#1307= IFCPROPERTYSET('04Aj7HpV58l9Nv5VnFQvHs',#5,'Tekla Quantity','Quantity Properties to Shared building elements',(#1302,#981,#1116,#1303,#1304,#1305,#986,#1306));
#1308= IFCPROPERTYSINGLEVALUE('Reference',$,IFCIDENTIFIER('5-1-P43'),$);
#1309= IFCPROPERTYSET('04NC4XAKn9rAoRwFDHZIl4',#5,'Pset_PlateCommon','Common Properties to plate elements',(#771,#1308));
#1310= IFCQUANTITYLENGTH('Width',$,$,129.00013732918);
#1311= IFCQUANTITYAREA('NetArea',$,$,0.0414458743981214);
#1312= IFCQUANTITYAREA('GrossArea',$,$,0.025800310460989);
#1313= IFCQUANTITYVOLUME('NetVolume',$,$,0.000147222953741423);
#1314= IFCQUANTITYVOLUME('GrossVolume',$,$,0.000147222953741423);
#1315= IFCELEMENTQUANTITY('3mB3nR_Nb7aOcIMP5hQAzC',#5,'BaseQuantities',$,$,(#1310,#1311,#1312,#994,#1313,#1314));
#1316= IFCSURFACESTYLE('TS10.9',.POSITIVE.,(#46));
#1317= IFCPRESENTATIONSTYLEASSIGNMENT((#1316));
#1318= IFCCARTESIANPOINT((11.,0.0999999998653948,0.));
#1319= IFCCARTESIANPOINT((9.52627944162863,0.0999999998653948,5.50000000000033));
#1320= IFCCARTESIANPOINT((5.49999999999934,0.0999999998653948,9.5262794416292));
#1321= IFCCARTESIANPOINT((-1.13996957976035E-12,0.0999999998653948,11.));
#1322= IFCCARTESIANPOINT((-5.50000000000131,0.0999999998653948,9.52627944162807));
#1323= IFCCARTESIANPOINT((-9.52627944162977,0.0999999998653948,5.49999999999836));
#1324= IFCCARTESIANPOINT((-11.,0.0999999998653948,-2.27993915952071E-12));
#1325= IFCCARTESIANPOINT((-9.5262794416275,0.0999999998653948,-5.5000000000023));
#1326= IFCCARTESIANPOINT((-5.49999999999737,0.0999999998653948,-9.52627944163034));
#1327= IFCCARTESIANPOINT((3.40769628601019E-12,0.0999999998653948,-11.));
#1328= IFCCARTESIANPOINT((5.50000000000328,0.0999999998653948,-9.52627944162693));
#1329= IFCCARTESIANPOINT((9.52627944163091,0.0999999998653948,-5.49999999999638));
#1330= IFCCARTESIANPOINT((11.,12.0999999998654,0.));
#1331= IFCCARTESIANPOINT((9.52627944162863,12.0999999998654,5.50000000000033));
#1332= IFCCARTESIANPOINT((5.49999999999934,12.0999999998654,9.5262794416292));
#1333= IFCCARTESIANPOINT((-1.13996957976035E-12,12.0999999998654,11.));
#1334= IFCCARTESIANPOINT((-5.50000000000131,12.0999999998654,9.52627944162807));
#1335= IFCCARTESIANPOINT((-9.52627944162977,12.0999999998654,5.49999999999836));
#1336= IFCCARTESIANPOINT((-11.,12.0999999998654,-2.27993915952071E-12));
#1337= IFCCARTESIANPOINT((-9.5262794416275,12.0999999998654,-5.5000000000023));
#1338= IFCCARTESIANPOINT((-5.49999999999737,12.0999999998654,-9.52627944163034));
#1339= IFCCARTESIANPOINT((3.40769628601019E-12,12.0999999998654,-11.));
#1340= IFCCARTESIANPOINT((5.50000000000328,12.0999999998654,-9.52627944162693));
#1341= IFCCARTESIANPOINT((9.52627944163091,12.0999999998654,-5.49999999999638));
#1342= IFCPOLYLOOP((#1318,#1319,#1320,#1321,#1322,#1323,#1324,#1325,#1326,#1327,#1328,#1329));
#1343= IFCFACEOUTERBOUND(#1342,.T.);
#1344= IFCFACE((#1343));
#1345= IFCPOLYLOOP((#1341,#1340,#1339,#1338,#1337,#1336,#1335,#1334,#1333,#1332,#1331,#1330));
#1346= IFCFACEOUTERBOUND(#1345,.T.);
#1347= IFCFACE((#1346));
#1348= IFCPOLYLOOP((#1318,#1330,#1331,#1319));
#1349= IFCFACEOUTERBOUND(#1348,.T.);
#1350= IFCFACE((#1349));
#1351= IFCPOLYLOOP((#1319,#1331,#1332,#1320));
#1352= IFCFACEOUTERBOUND(#1351,.T.);
#1353= IFCFACE((#1352));
#1354= IFCPOLYLOOP((#1320,#1332,#1333,#1321));
#1355= IFCFACEOUTERBOUND(#1354,.T.);
#1356= IFCFACE((#1355));
#1357= IFCPOLYLOOP((#1321,#1333,#1334,#1322));
#1358= IFCFACEOUTERBOUND(#1357,.T.);
#1359= IFCFACE((#1358));
#1360= IFCPOLYLOOP((#1322,#1334,#1335,#1323));
#1361= IFCFACEOUTERBOUND(#1360,.T.);
#1362= IFCFACE((#1361));
#1363= IFCPOLYLOOP((#1323,#1335,#1336,#1324));
#1364= IFCFACEOUTERBOUND(#1363,.T.);
#1365= IFCFACE((#1364));
#1366= IFCPOLYLOOP((#1324,#1336,#1337,#1325));
#1367= IFCFACEOUTERBOUND(#1366,.T.);
#1368= IFCFACE((#1367));
#1369= IFCPOLYLOOP((#1325,#1337,#1338,#1326));
#1370= IFCFACEOUTERBOUND(#1369,.T.);
#1371= IFCFACE((#1370));
#1372= IFCPOLYLOOP((#1326,#1338,#1339,#1327));
#1373= IFCFACEOUTERBOUND(#1372,.T.);
#1374= IFCFACE((#1373));
#1375= IFCPOLYLOOP((#1327,#1339,#1340,#1328));
#1376= IFCFACEOUTERBOUND(#1375,.T.);
#1377= IFCFACE((#1376));
#1378= IFCPOLYLOOP((#1328,#1340,#1341,#1329));
#1379= IFCFACEOUTERBOUND(#1378,.T.);
#1380= IFCFACE((#1379));
#1381= IFCPOLYLOOP((#1329,#1341,#1330,#1318));
#1382= IFCFACEOUTERBOUND(#1381,.T.);
#1383= IFCFACE((#1382));
#1384= IFCCARTESIANPOINT((30.,11.9999999999218,0.));
#1385= IFCCARTESIANPOINT((29.162674857624,11.9999999999218,4.20951775601625));
#1386= IFCCARTESIANPOINT((26.7781745930516,11.9999999999218,7.77817459305242));
#1387= IFCCARTESIANPOINT((23.2095177560152,11.9999999999218,10.1626748576245));
#1388= IFCCARTESIANPOINT((-19.0000000000011,11.9999999999218,11.));
#1389= IFCCARTESIANPOINT((-24.5000000000013,11.9999999999218,9.52627944162807));
#1390= IFCCARTESIANPOINT((-28.5262794416298,11.9999999999218,5.49999999999836));
#1391= IFCCARTESIANPOINT((-30.,11.9999999999218,-2.27993915952071E-12));
#1392= IFCCARTESIANPOINT((-28.5262794416275,11.9999999999218,-5.5000000000023));
#1393= IFCCARTESIANPOINT((-24.4999999999974,11.9999999999218,-9.52627944163034));
#1394= IFCCARTESIANPOINT((-18.9999999999966,11.9999999999218,-11.));
#1395= IFCCARTESIANPOINT((19.0000000000034,11.9999999999218,-11.));
#1396= IFCCARTESIANPOINT((24.5000000000033,11.9999999999218,-9.52627944162693));
#1397= IFCCARTESIANPOINT((28.5262794416309,11.9999999999218,-5.49999999999638));
#1398= IFCCARTESIANPOINT((30.,29.9999999999218,0.));
#1399= IFCCARTESIANPOINT((29.162674857624,29.9999999999218,4.20951775601625));
#1400= IFCCARTESIANPOINT((26.7781745930516,29.9999999999218,7.77817459305242));
#1401= IFCCARTESIANPOINT((23.2095177560152,29.9999999999218,10.1626748576245));
#1402= IFCCARTESIANPOINT((-19.0000000000011,29.9999999999218,11.));
#1403= IFCCARTESIANPOINT((-24.5000000000013,29.9999999999218,9.52627944162807));
#1404= IFCCARTESIANPOINT((-28.5262794416298,29.9999999999218,5.49999999999836));
#1405= IFCCARTESIANPOINT((-30.,29.9999999999218,-2.27993915952071E-12));
#1406= IFCCARTESIANPOINT((-28.5262794416275,29.9999999999218,-5.5000000000023));
#1407= IFCCARTESIANPOINT((-24.4999999999974,29.9999999999218,-9.52627944163034));
#1408= IFCCARTESIANPOINT((-18.9999999999966,29.9999999999218,-11.));
#1409= IFCCARTESIANPOINT((19.0000000000034,29.9999999999218,-11.));
#1410= IFCCARTESIANPOINT((24.5000000000033,29.9999999999218,-9.52627944162693));
#1411= IFCCARTESIANPOINT((28.5262794416309,29.9999999999218,-5.49999999999638));
#1412= IFCPOLYLOOP((#1384,#1385,#1386,#1387,#1388,#1389,#1390,#1391,#1392,#1393,#1394,#1395,#1396,#1397));
#1413= IFCFACEOUTERBOUND(#1412,.T.);
#1414= IFCFACE((#1413));
#1415= IFCPOLYLOOP((#1398,#1411,#1410,#1409,#1408,#1407,#1406,#1405,#1404,#1403,#1402,#1401,#1400,#1399));
#1416= IFCFACEOUTERBOUND(#1415,.T.);
#1417= IFCFACE((#1416));
#1418= IFCPOLYLOOP((#1384,#1398,#1399,#1385));
#1419= IFCFACEOUTERBOUND(#1418,.T.);
#1420= IFCFACE((#1419));
#1421= IFCPOLYLOOP((#1385,#1399,#1400,#1386));
#1422= IFCFACEOUTERBOUND(#1421,.T.);
#1423= IFCFACE((#1422));
#1424= IFCPOLYLOOP((#1386,#1400,#1401,#1387));
#1425= IFCFACEOUTERBOUND(#1424,.T.);
#1426= IFCFACE((#1425));
#1427= IFCPOLYLOOP((#1387,#1401,#1402,#1388));
#1428= IFCFACEOUTERBOUND(#1427,.T.);
#1429= IFCFACE((#1428));
#1430= IFCPOLYLOOP((#1388,#1402,#1403,#1389));
#1431= IFCFACEOUTERBOUND(#1430,.T.);
#1432= IFCFACE((#1431));
#1433= IFCPOLYLOOP((#1389,#1403,#1404,#1390));
#1434= IFCFACEOUTERBOUND(#1433,.T.);
#1435= IFCFACE((#1434));
#1436= IFCPOLYLOOP((#1390,#1404,#1405,#1391));
#1437= IFCFACEOUTERBOUND(#1436,.T.);
#1438= IFCFACE((#1437));
#1439= IFCPOLYLOOP((#1391,#1405,#1406,#1392));
#1440= IFCFACEOUTERBOUND(#1439,.T.);
#1441= IFCFACE((#1440));
#1442= IFCPOLYLOOP((#1392,#1406,#1407,#1393));
#1443= IFCFACEOUTERBOUND(#1442,.T.);
#1444= IFCFACE((#1443));
#1445= IFCPOLYLOOP((#1393,#1407,#1408,#1394));
#1446= IFCFACEOUTERBOUND(#1445,.T.);
#1447= IFCFACE((#1446));
#1448= IFCPOLYLOOP((#1394,#1408,#1409,#1395));
#1449= IFCFACEOUTERBOUND(#1448,.T.);
#1450= IFCFACE((#1449));
#1451= IFCPOLYLOOP((#1395,#1409,#1410,#1396));
#1452= IFCFACEOUTERBOUND(#1451,.T.);
#1453= IFCFACE((#1452));
#1454= IFCPOLYLOOP((#1396,#1410,#1411,#1397));
#1455= IFCFACEOUTERBOUND(#1454,.T.);
#1456= IFCFACE((#1455));
#1457= IFCPOLYLOOP((#1397,#1411,#1398,#1384));
#1458= IFCFACEOUTERBOUND(#1457,.T.);
#1459= IFCFACE((#1458));
#1460= IFCCARTESIANPOINT((30.,285.999999999922,0.));
#1461= IFCCARTESIANPOINT((29.162674857624,285.999999999922,4.20951775601625));
#1462= IFCCARTESIANPOINT((26.7781745930516,285.999999999922,7.77817459305242));
#1463= IFCCARTESIANPOINT((23.2095177560152,285.999999999922,10.1626748576245));
#1464= IFCCARTESIANPOINT((-19.0000000000011,285.999999999922,11.));
#1465= IFCCARTESIANPOINT((-24.5000000000013,285.999999999922,9.52627944162807));
#1466= IFCCARTESIANPOINT((-28.5262794416298,285.999999999922,5.49999999999836));
#1467= IFCCARTESIANPOINT((-30.,285.999999999922,-2.27993915952071E-12));
#1468= IFCCARTESIANPOINT((-28.5262794416275,285.999999999922,-5.5000000000023));
#1469= IFCCARTESIANPOINT((-24.4999999999974,285.999999999922,-9.52627944163034));
#1470= IFCCARTESIANPOINT((-18.9999999999966,285.999999999922,-11.));
#1471= IFCCARTESIANPOINT((19.0000000000034,285.999999999922,-11.));
#1472= IFCCARTESIANPOINT((24.5000000000033,285.999999999922,-9.52627944162693));
#1473= IFCCARTESIANPOINT((28.5262794416309,285.999999999922,-5.49999999999638));
#1474= IFCCARTESIANPOINT((30.,303.999999999922,0.));
#1475= IFCCARTESIANPOINT((29.162674857624,303.999999999922,4.20951775601625));
#1476= IFCCARTESIANPOINT((26.7781745930516,303.999999999922,7.77817459305242));
#1477= IFCCARTESIANPOINT((23.2095177560152,303.999999999922,10.1626748576245));
#1478= IFCCARTESIANPOINT((-19.0000000000011,303.999999999922,11.));
#1479= IFCCARTESIANPOINT((-24.5000000000013,303.999999999922,9.52627944162807));
#1480= IFCCARTESIANPOINT((-28.5262794416298,303.999999999922,5.49999999999836));
#1481= IFCCARTESIANPOINT((-30.,303.999999999922,-2.27993915952071E-12));
#1482= IFCCARTESIANPOINT((-28.5262794416275,303.999999999922,-5.5000000000023));
#1483= IFCCARTESIANPOINT((-24.4999999999974,303.999999999922,-9.52627944163034));
#1484= IFCCARTESIANPOINT((-18.9999999999966,303.999999999922,-11.));
#1485= IFCCARTESIANPOINT((19.0000000000034,303.999999999922,-11.));
#1486= IFCCARTESIANPOINT((24.5000000000033,303.999999999922,-9.52627944162693));
#1487= IFCCARTESIANPOINT((28.5262794416309,303.999999999922,-5.49999999999638));
#1488= IFCPOLYLOOP((#1460,#1461,#1462,#1463,#1464,#1465,#1466,#1467,#1468,#1469,#1470,#1471,#1472,#1473));
#1489= IFCFACEOUTERBOUND(#1488,.T.);
#1490= IFCFACE((#1489));
#1491= IFCPOLYLOOP((#1474,#1487,#1486,#1485,#1484,#1483,#1482,#1481,#1480,#1479,#1478,#1477,#1476,#1475));
#1492= IFCFACEOUTERBOUND(#1491,.T.);
#1493= IFCFACE((#1492));
#1494= IFCPOLYLOOP((#1460,#1474,#1475,#1461));
#1495= IFCFACEOUTERBOUND(#1494,.T.);
#1496= IFCFACE((#1495));
#1497= IFCPOLYLOOP((#1461,#1475,#1476,#1462));
#1498= IFCFACEOUTERBOUND(#1497,.T.);
#1499= IFCFACE((#1498));
#1500= IFCPOLYLOOP((#1462,#1476,#1477,#1463));
#1501= IFCFACEOUTERBOUND(#1500,.T.);
#1502= IFCFACE((#1501));
#1503= IFCPOLYLOOP((#1463,#1477,#1478,#1464));
#1504= IFCFACEOUTERBOUND(#1503,.T.);
#1505= IFCFACE((#1504));
#1506= IFCPOLYLOOP((#1464,#1478,#1479,#1465));
#1507= IFCFACEOUTERBOUND(#1506,.T.);
#1508= IFCFACE((#1507));
#1509= IFCPOLYLOOP((#1465,#1479,#1480,#1466));
#1510= IFCFACEOUTERBOUND(#1509,.T.);
#1511= IFCFACE((#1510));
#1512= IFCPOLYLOOP((#1466,#1480,#1481,#1467));
#1513= IFCFACEOUTERBOUND(#1512,.T.);
#1514= IFCFACE((#1513));
#1515= IFCPOLYLOOP((#1467,#1481,#1482,#1468));
#1516= IFCFACEOUTERBOUND(#1515,.T.);
#1517= IFCFACE((#1516));
#1518= IFCPOLYLOOP((#1468,#1482,#1483,#1469));
#1519= IFCFACEOUTERBOUND(#1518,.T.);
#1520= IFCFACE((#1519));
#1521= IFCPOLYLOOP((#1469,#1483,#1484,#1470));
#1522= IFCFACEOUTERBOUND(#1521,.T.);
#1523= IFCFACE((#1522));
#1524= IFCPOLYLOOP((#1470,#1484,#1485,#1471));
#1525= IFCFACEOUTERBOUND(#1524,.T.);
#1526= IFCFACE((#1525));
#1527= IFCPOLYLOOP((#1471,#1485,#1486,#1472));
#1528= IFCFACEOUTERBOUND(#1527,.T.);
#1529= IFCFACE((#1528));
#1530= IFCPOLYLOOP((#1472,#1486,#1487,#1473));
#1531= IFCFACEOUTERBOUND(#1530,.T.);
#1532= IFCFACE((#1531));
#1533= IFCPOLYLOOP((#1473,#1487,#1474,#1460));
#1534= IFCFACEOUTERBOUND(#1533,.T.);
#1535= IFCFACE((#1534));
#1536= IFCCARTESIANPOINT((11.,303.899999999865,0.));
#1537= IFCCARTESIANPOINT((9.52627944162863,303.899999999865,5.50000000000033));
#1538= IFCCARTESIANPOINT((5.49999999999934,303.899999999865,9.5262794416292));
#1539= IFCCARTESIANPOINT((-1.13996957976035E-12,303.899999999865,11.));
#1540= IFCCARTESIANPOINT((-5.50000000000131,303.899999999865,9.52627944162807));
#1541= IFCCARTESIANPOINT((-9.52627944162977,303.899999999865,5.49999999999836));
#1542= IFCCARTESIANPOINT((-11.,303.899999999865,-2.27993915952071E-12));
#1543= IFCCARTESIANPOINT((-9.5262794416275,303.899999999865,-5.5000000000023));
#1544= IFCCARTESIANPOINT((-5.49999999999737,303.899999999865,-9.52627944163034));
#1545= IFCCARTESIANPOINT((3.40769628601019E-12,303.899999999865,-11.));
#1546= IFCCARTESIANPOINT((5.50000000000328,303.899999999865,-9.52627944162693));
#1547= IFCCARTESIANPOINT((9.52627944163091,303.899999999865,-5.49999999999638));
#1548= IFCCARTESIANPOINT((11.,315.999999999865,0.));
#1549= IFCCARTESIANPOINT((9.52627944162863,315.999999999865,5.50000000000033));
#1550= IFCCARTESIANPOINT((5.49999999999934,315.999999999865,9.5262794416292));
#1551= IFCCARTESIANPOINT((-1.13996957976035E-12,315.999999999865,11.));
#1552= IFCCARTESIANPOINT((-5.50000000000131,315.999999999865,9.52627944162807));
#1553= IFCCARTESIANPOINT((-9.52627944162977,315.999999999865,5.49999999999836));
#1554= IFCCARTESIANPOINT((-11.,315.999999999865,-2.27993915952071E-12));
#1555= IFCCARTESIANPOINT((-9.5262794416275,315.999999999865,-5.5000000000023));
#1556= IFCCARTESIANPOINT((-5.49999999999737,315.999999999865,-9.52627944163034));
#1557= IFCCARTESIANPOINT((3.40769628601019E-12,315.999999999865,-11.));
#1558= IFCCARTESIANPOINT((5.50000000000328,315.999999999865,-9.52627944162693));
#1559= IFCCARTESIANPOINT((9.52627944163091,315.999999999865,-5.49999999999638));
#1560= IFCPOLYLOOP((#1536,#1537,#1538,#1539,#1540,#1541,#1542,#1543,#1544,#1545,#1546,#1547));
#1561= IFCFACEOUTERBOUND(#1560,.T.);
#1562= IFCFACE((#1561));
#1563= IFCPOLYLOOP((#1559,#1558,#1557,#1556,#1555,#1554,#1553,#1552,#1551,#1550,#1549,#1548));
#1564= IFCFACEOUTERBOUND(#1563,.T.);
#1565= IFCFACE((#1564));
#1566= IFCPOLYLOOP((#1536,#1548,#1549,#1537));
#1567= IFCFACEOUTERBOUND(#1566,.T.);
#1568= IFCFACE((#1567));
#1569= IFCPOLYLOOP((#1537,#1549,#1550,#1538));
#1570= IFCFACEOUTERBOUND(#1569,.T.);
#1571= IFCFACE((#1570));
#1572= IFCPOLYLOOP((#1538,#1550,#1551,#1539));
#1573= IFCFACEOUTERBOUND(#1572,.T.);
#1574= IFCFACE((#1573));
#1575= IFCPOLYLOOP((#1539,#1551,#1552,#1540));
#1576= IFCFACEOUTERBOUND(#1575,.T.);
#1577= IFCFACE((#1576));
#1578= IFCPOLYLOOP((#1540,#1552,#1553,#1541));
#1579= IFCFACEOUTERBOUND(#1578,.T.);
#1580= IFCFACE((#1579));
#1581= IFCPOLYLOOP((#1541,#1553,#1554,#1542));
#1582= IFCFACEOUTERBOUND(#1581,.T.);
#1583= IFCFACE((#1582));
#1584= IFCPOLYLOOP((#1542,#1554,#1555,#1543));
#1585= IFCFACEOUTERBOUND(#1584,.T.);
#1586= IFCFACE((#1585));
#1587= IFCPOLYLOOP((#1543,#1555,#1556,#1544));
#1588= IFCFACEOUTERBOUND(#1587,.T.);
#1589= IFCFACE((#1588));
#1590= IFCPOLYLOOP((#1544,#1556,#1557,#1545));
#1591= IFCFACEOUTERBOUND(#1590,.T.);
#1592= IFCFACE((#1591));
#1593= IFCPOLYLOOP((#1545,#1557,#1558,#1546));
#1594= IFCFACEOUTERBOUND(#1593,.T.);
#1595= IFCFACE((#1594));
#1596= IFCPOLYLOOP((#1546,#1558,#1559,#1547));
#1597= IFCFACEOUTERBOUND(#1596,.T.);
#1598= IFCFACE((#1597));
#1599= IFCPOLYLOOP((#1547,#1559,#1548,#1536));
#1600= IFCFACEOUTERBOUND(#1599,.T.);
#1601= IFCFACE((#1600));
#1602= IFCCLOSEDSHELL((#1344,#1347,#1350,#1353,#1356,#1359,#1362,#1365,#1368,#1371,#1374,#1377,#1380,#1383,#1414,#1417,#1420,#1423,#1426,#1429,#1432,#1435,#1438,#1441,#1444,#1447,#1450,#1453,#1456,#1459,#1490,#1493,#1496,#1499,#1502,#1505,#1508,#1511,#1514,#1517,#1520,#1523,#1526,#1529,#1532,#1535,#1562,#1565,#1568,#1571,#1574,#1577,#1580,#1583,#1586,#1589,#1592,#1595,#1598,#1601));
#1603= IFCFACETEDBREP(#1602);
#1604= IFCSTYLEDITEM(#1603,(#119),$);
#1605= IFCCARTESIANPOINT((40.0000000000873,0.,39.9999999997963));
#1606= IFCCARTESIANTRANSFORMATIONOPERATOR3D($,$,#1605,$,$);
#1607= IFCSHAPEREPRESENTATION(#12,'Body','Brep',(#1603));
#1608= IFCREPRESENTATIONMAP(#10,#1607);
#1609= IFCMAPPEDITEM(#1608,#1606);
#1610= IFCSHAPEREPRESENTATION(#12,'Body','MappedRepresentation',(#1609));
#1611= IFCPRODUCTDEFINITIONSHAPE($,$,(#1610));
#1612= IFCCARTESIANPOINT((56609.9929454901,26160.3782385773,10336.000190738));
#1613= IFCDIRECTION((0.999999999398649,-3.46800000297662E-05,0.));
#1614= IFCDIRECTION((-3.46800000302394E-05,-0.999999999398649,0.));
#1615= IFCAXIS2PLACEMENT3D(#1612,#1613,#1614);
#1616= IFCLOCALPLACEMENT(#42,#1615);
#1617= IFCMECHANICALFASTENER('1EShMQn_D7gBnzZROkZPf0',#152,'Bolt assembly',$,$,#1616,#1611,'ID4e72b59a-c7e3-47a8-bc7d-8db62e8d9a40',20.,1316.);
#1618= IFCPROPERTYSINGLEVALUE('Washer diameter',$,IFCLENGTHMEASURE(20.),$);
#1619= IFCPROPERTYSINGLEVALUE('Washer type',$,IFCLABEL(''),$);
#1620= IFCPROPERTYSINGLEVALUE('Nut type',$,IFCLABEL(''),$);
#1621= IFCPROPERTYSINGLEVALUE('Slotted hole x',$,IFCLENGTHMEASURE(38.),$);
#1622= IFCPROPERTYSINGLEVALUE('Bolt hole diameter',$,IFCLENGTHMEASURE(22.),$);
#1623= IFCPROPERTYSINGLEVALUE('Bolt size',$,IFCLENGTHMEASURE(22.),$);
#1624= IFCPROPERTYSINGLEVALUE('Bolt length',$,IFCLENGTHMEASURE(1316.),$);
#1625= IFCPROPERTYSINGLEVALUE('Bolt standard',$,IFCLABEL('TS10.9'),$);
#1626= IFCPROPERTYSET('2lc_5C3cf9fvB00AFPV35r',#5,'Tekla Bolt','Bolt Properties',(#134,#1618,#1619,#137,#138,#1620,#140,#141,#1621,#1622,#144,#145,#1623,#1624,#1625,#149));
#1627= IFCMATERIAL('TS10.9');
#1628= IFCMAPPEDITEM(#1608,#1606);
#1629= IFCSHAPEREPRESENTATION(#12,'Body','MappedRepresentation',(#1628));
#1630= IFCPRODUCTDEFINITIONSHAPE($,$,(#1629));
#1631= IFCCARTESIANPOINT((56489.9929455629,26160.3824001768,10336.000190738));
#1632= IFCAXIS2PLACEMENT3D(#1631,#1613,#1614);
#1633= IFCLOCALPLACEMENT(#42,#1632);
#1634= IFCMECHANICALFASTENER('2EnHSkE811MxFIUiq1tDHO',#152,'Bolt assembly',$,$,#1633,#1630,'ID8ec5172e-3880-415b-b3d2-7acd01dcd458',20.,1316.);
#1635= IFCCARTESIANPOINT((0.000178427413629834,-3.99999999999818,19.9999999992142));
#1636= IFCCARTESIANPOINT((0.00185568642336875,-3.99999999998545,208.004623415116));
#1637= IFCCARTESIANPOINT((0.00185568642336875,4.00000000001091,208.00462341513));
#1638= IFCCARTESIANPOINT((0.000178427417267812,3.99999999999818,19.9999999992287));
#1639= IFCPOLYLOOP((#1635,#1636,#1637,#1638));
#1640= IFCFACEOUTERBOUND(#1639,.T.);
#1641= IFCFACE((#1640));
#1642= IFCCARTESIANPOINT((3.90362700655896,-3.99999999998909,208.388875330202));
#1643= IFCCARTESIANPOINT((3.9036270065626,4.00000000000728,208.388875330216));
#1644= IFCPOLYLOOP((#1636,#1642,#1643,#1637));
#1645= IFCFACEOUTERBOUND(#1644,.T.);
#1646= IFCFACE((#1645));
#1647= IFCCARTESIANPOINT((7.65546529149651,-3.99999999999272,209.526934402733));
#1648= IFCCARTESIANPOINT((7.65546529150015,4.00000000000364,209.526934402747));
#1649= IFCPOLYLOOP((#1642,#1647,#1648,#1643));
#1650= IFCFACEOUTERBOUND(#1649,.T.);
#1651= IFCFACE((#1650));
#1652= IFCCARTESIANPOINT((11.1131923768007,-3.99999999999272,211.375066533416));
#1653= IFCCARTESIANPOINT((11.1131923768044,4.00000000000364,211.37506653343));
#1654= IFCPOLYLOOP((#1647,#1652,#1653,#1648));
#1655= IFCFACEOUTERBOUND(#1654,.T.);
#1656= IFCFACE((#1655));
#1657= IFCCARTESIANPOINT((14.143932400988,-3.99999999999454,213.862250457998));
#1658= IFCCARTESIANPOINT((14.1439324009843,4.00000000000182,213.862250458005));
#1659= IFCPOLYLOOP((#1652,#1657,#1658,#1653));
#1660= IFCFACEOUTERBOUND(#1659,.T.);
#1661= IFCFACE((#1660));
#1662= IFCCARTESIANPOINT((16.6312180484674,-3.99999999999636,216.892907000198));
#1663= IFCCARTESIANPOINT((16.6312180484674,4.,216.892907000212));
#1664= IFCPOLYLOOP((#1657,#1662,#1663,#1658));
#1665= IFCFACEOUTERBOUND(#1664,.T.);
#1666= IFCFACE((#1665));
#1667= IFCCARTESIANPOINT((18.4794662338682,-3.99999999999818,220.350572052514));
#1668= IFCCARTESIANPOINT((18.4794662338682,3.99999999999818,220.350572052528));
#1669= IFCPOLYLOOP((#1662,#1667,#1668,#1663));
#1670= IFCFACEOUTERBOUND(#1669,.T.);
#1671= IFCFACE((#1670));
#1672= IFCCARTESIANPOINT((19.6176512331331,-3.99999999999818,224.102372137328));
#1673= IFCCARTESIANPOINT((19.6176512331294,3.99999999999818,224.102372137335));
#1674= IFCPOLYLOOP((#1667,#1672,#1673,#1668));
#1675= IFCFACEOUTERBOUND(#1674,.T.);
#1676= IFCFACE((#1675));
#1677= IFCCARTESIANPOINT((20.0020341077507,-4.,228.004130558176));
#1678= IFCCARTESIANPOINT((20.0020341077507,3.99999999999636,228.004130558191));
#1679= IFCPOLYLOOP((#1672,#1677,#1678,#1673));
#1680= IFCFACEOUTERBOUND(#1679,.T.);
#1681= IFCFACE((#1680));
#1682= IFCCARTESIANPOINT((200.003143308939,-4.00000000012915,227.999694825361));
#1683= IFCCARTESIANPOINT((200.003143308939,3.99999999986721,227.999694825376));
#1684= IFCPOLYLOOP((#1677,#1682,#1683,#1678));
#1685= IFCFACEOUTERBOUND(#1684,.T.);
#1686= IFCFACE((#1685));
#1687= IFCPOLYLOOP((#1682,#1267,#1268,#1683));
#1688= IFCFACEOUTERBOUND(#1687,.T.);
#1689= IFCFACE((#1688));
#1690= IFCPOLYLOOP((#1267,#1053,#1054,#1268));
#1691= IFCFACEOUTERBOUND(#1690,.T.);
#1692= IFCFACE((#1691));
#1693= IFCCARTESIANPOINT((19.6157099592056,-4.00000000001273,3.90178456543072));
#1694= IFCCARTESIANPOINT((19.6157099592092,3.99999999998363,3.90178456544527));
#1695= IFCPOLYLOOP((#1053,#1693,#1694,#1054));
#1696= IFCFACEOUTERBOUND(#1695,.T.);
#1697= IFCFACE((#1696));
#1698= IFCCARTESIANPOINT((18.4776077204588,-4.00000000001091,7.65362743590958));
#1699= IFCCARTESIANPOINT((18.4776077204551,3.99999999998545,7.65362743592414));
#1700= IFCPOLYLOOP((#1693,#1698,#1699,#1694));
#1701= IFCFACEOUTERBOUND(#1700,.T.);
#1702= IFCFACE((#1701));
#1703= IFCCARTESIANPOINT((16.6294294192958,-4.00000000001091,11.1113490264615));
#1704= IFCCARTESIANPOINT((16.6294294192958,3.99999999998545,11.1113490264688));
#1705= IFCPOLYLOOP((#1698,#1703,#1704,#1699));
#1706= IFCFACEOUTERBOUND(#1705,.T.);
#1707= IFCFACE((#1706));
#1708= IFCCARTESIANPOINT((14.1421987071917,-4.00000000000909,14.142072539973));
#1709= IFCCARTESIANPOINT((14.1421987071881,3.99999999998727,14.1420725399803));
#1710= IFCPOLYLOOP((#1703,#1708,#1709,#1704));
#1711= IFCFACEOUTERBOUND(#1710,.T.);
#1712= IFCFACE((#1711));
#1713= IFCCARTESIANPOINT((11.1114973833137,-4.00000000000546,16.6293302901831));
#1714= IFCCARTESIANPOINT((11.1114973833137,3.99999999999091,16.6293302901977));
#1715= IFCPOLYLOOP((#1708,#1713,#1714,#1709));
#1716= IFCFACEOUTERBOUND(#1715,.T.);
#1717= IFCFACE((#1716));
#1718= IFCCARTESIANPOINT((7.65379228119855,-4.00000000000364,18.4775394389071));
#1719= IFCCARTESIANPOINT((7.65379228119855,3.99999999999272,18.4775394389144));
#1720= IFCPOLYLOOP((#1713,#1718,#1719,#1714));
#1721= IFCFACEOUTERBOUND(#1720,.T.);
#1722= IFCFACE((#1721));
#1723= IFCCARTESIANPOINT((3.90195956431126,-4.,19.6156751491872));
#1724= IFCCARTESIANPOINT((3.90195956431489,3.99999999999636,19.6156751491944));
#1725= IFCPOLYLOOP((#1718,#1723,#1724,#1719));
#1726= IFCFACEOUTERBOUND(#1725,.T.);
#1727= IFCFACE((#1726));
#1728= IFCPOLYLOOP((#1723,#1635,#1638,#1724));
#1729= IFCFACEOUTERBOUND(#1728,.T.);
#1730= IFCFACE((#1729));
#1731= IFCPOLYLOOP((#1643,#1648,#1653,#1658,#1663,#1668,#1673,#1678,#1683,#1268,#1054,#1694,#1699,#1704,#1709,#1714,#1719,#1724,#1638,#1637));
#1732= IFCFACEOUTERBOUND(#1731,.T.);
#1733= IFCFACE((#1732));
#1734= IFCPOLYLOOP((#1723,#1718,#1713,#1708,#1703,#1698,#1693,#1053,#1267,#1682,#1677,#1672,#1667,#1662,#1657,#1652,#1647,#1642,#1636,#1635));
#1735= IFCFACEOUTERBOUND(#1734,.T.);
#1736= IFCFACE((#1735));
#1737= IFCCLOSEDSHELL((#1641,#1646,#1651,#1656,#1661,#1666,#1671,#1676,#1681,#1686,#1689,#1692,#1697,#1702,#1707,#1712,#1717,#1722,#1727,#1730,#1733,#1736));
#1738= IFCFACETEDBREP(#1737);
#1739= IFCSTYLEDITEM(#1738,(#891),$);
#1740= IFCSHAPEREPRESENTATION(#12,'Body','Brep',(#1738));
#1741= IFCPRODUCTDEFINITIONSHAPE($,$,(#1740));
#1742= IFCCARTESIANPOINT((56703.9998779258,26240.3809988122,10489.0009855393));
#1743= IFCDIRECTION((-0.999999999904642,1.33620138512924E-05,-3.48900000062713E-06));
#1744= IFCDIRECTION((-1.33619999862937E-05,-0.999999999902832,-3.97400000110339E-06));
#1745= IFCAXIS2PLACEMENT3D(#1742,#1743,#1744);
#1746= IFCLOCALPLACEMENT(#42,#1745);
#1747= IFCPLATE('1e9xefCFvB99u5jcZeWAMr',#152,'PLATE-8','PL8*200',$,#1746,#1741,'ID6827ba29-30fe-4b24-9e05-b668e880a5b5');
#1748= IFCPLATETYPE('0HNjaGk6D2BxB$QqaqOTyi',#5,'PL8*200',$,$,$,$,$,$,.NOTDEFINED.);
#1749= IFCPROPERTYSINGLEVALUE('Preliminary mark',$,IFCLABEL('5-1-P32(?)'),$);
#1750= IFCPROPERTYSET('0x88$Cm9D6SBp1solMNoAq',#5,'Tekla Common','Common Properties to Shared building elements',(#1298,#1299,#757,#1749,#759,#978));
#1751= IFCPROPERTYSINGLEVALUE('Weight',$,IFCMASSMEASURE(2.82),$);
#1752= IFCPROPERTYSINGLEVALUE('Gross footprint area',$,IFCAREAMEASURE(0.045),$);
#1753= IFCPROPERTYSINGLEVALUE('Area per tons',$,IFCAREAMEASURE(34.223),$);
#1754= IFCPROPERTYSINGLEVALUE('Net surface area',$,IFCAREAMEASURE(0.097),$);
#1755= IFCPROPERTYSINGLEVALUE('Height',$,IFCLENGTHMEASURE(200.),$);
#1756= IFCPROPERTYSET('2ONBRrT7LE5BLteBaz03CK',#5,'Tekla Quantity','Quantity Properties to Shared building elements',(#1751,#981,#1752,#1753,#1754,#1755,#986,#1119));
#1757= IFCPROPERTYSINGLEVALUE('Reference',$,IFCIDENTIFIER('5-1-P32'),$);
#1758= IFCPROPERTYSET('346E9DOl1DWPUucu5e0hdB',#5,'Pset_PlateCommon','Common Properties to plate elements',(#771,#1757));
#1759= IFCQUANTITYLENGTH('Width',$,$,200.001109230968);
#1760= IFCQUANTITYAREA('NetArea',$,$,0.0966624570273395);
#1761= IFCQUANTITYAREA('GrossArea',$,$,0.0456010790227627);
#1762= IFCQUANTITYVOLUME('NetVolume',$,$,0.000359810276160416);
#1763= IFCQUANTITYVOLUME('GrossVolume',$,$,0.000359810276160416);
#1764= IFCELEMENTQUANTITY('1UPs0apwz9vAVApzHzahx3',#5,'BaseQuantities',$,$,(#1759,#1760,#1761,#994,#1762,#1763));
#1765= IFCCARTESIANPOINT((-0.000330656523146899,-3.99999999997817,20.0001373440609));
#1766= IFCCARTESIANPOINT((-0.000330656523146899,4.00000000001637,20.0001373440464));
#1767= IFCPOLYLOOP((#1129,#1765,#1766,#1132));
#1768= IFCFACEOUTERBOUND(#1767,.T.);
#1769= IFCFACE((#1768));
#1770= IFCCARTESIANPOINT((129.997867277914,-3.99999999992542,129.00013732964));
#1771= IFCCARTESIANPOINT((129.997867277914,4.00000000006912,129.000137329625));
#1772= IFCPOLYLOOP((#1765,#1770,#1771,#1766));
#1773= IFCFACEOUTERBOUND(#1772,.T.);
#1774= IFCFACE((#1773));
#1775= IFCCARTESIANPOINT((199.997650150268,-3.99999999995089,129.000137329902));
#1776= IFCCARTESIANPOINT((199.997650150272,4.00000000004366,129.000137329887));
#1777= IFCPOLYLOOP((#1770,#1775,#1776,#1771));
#1778= IFCFACEOUTERBOUND(#1777,.T.);
#1779= IFCFACE((#1778));
#1780= IFCCARTESIANPOINT((199.999687256008,-4.00000000004911,19.999999997257));
#1781= IFCCARTESIANPOINT((199.999687256008,3.99999999994361,19.9999999972424));
#1782= IFCPOLYLOOP((#1775,#1780,#1781,#1776));
#1783= IFCFACEOUTERBOUND(#1782,.T.);
#1784= IFCFACE((#1783));
#1785= IFCCARTESIANPOINT((196.097933823079,-4.00000000004911,19.615641800352));
#1786= IFCCARTESIANPOINT((196.097933823079,3.99999999994543,19.6156418003302));
#1787= IFCPOLYLOOP((#1780,#1785,#1786,#1781));
#1788= IFCFACEOUTERBOUND(#1787,.T.);
#1789= IFCFACE((#1788));
#1790= IFCCARTESIANPOINT((192.346133393803,-4.00000000004729,18.4774833694537));
#1791= IFCCARTESIANPOINT((192.346133393807,3.99999999994543,18.4774833694391));
#1792= IFCPOLYLOOP((#1785,#1790,#1791,#1786));
#1793= IFCFACEOUTERBOUND(#1792,.T.);
#1794= IFCFACE((#1793));
#1795= IFCCARTESIANPOINT((188.888462134859,-4.00000000004729,16.6292624573325));
#1796= IFCCARTESIANPOINT((188.888462134862,3.99999999994543,16.629262457318));
#1797= IFCPOLYLOOP((#1790,#1795,#1796,#1791));
#1798= IFCFACEOUTERBOUND(#1797,.T.);
#1799= IFCFACE((#1798));
#1800= IFCCARTESIANPOINT((185.857793261952,-4.00000000004911,14.1420034724797));
#1801= IFCCARTESIANPOINT((185.857793261956,3.99999999994361,14.1420034724651));
#1802= IFCPOLYLOOP((#1795,#1800,#1801,#1796));
#1803= IFCFACEOUTERBOUND(#1802,.T.);
#1804= IFCFACE((#1803));
#1805= IFCCARTESIANPOINT((183.370590917777,-4.00000000005275,11.1112881156514));
#1806= IFCCARTESIANPOINT((183.370590917781,3.99999999994179,11.1112881156369));
#1807= IFCPOLYLOOP((#1800,#1805,#1806,#1801));
#1808= IFCFACEOUTERBOUND(#1807,.T.);
#1809= IFCFACE((#1808));
#1810= IFCCARTESIANPOINT((181.522434626477,-4.00000000005457,7.65358231588471));
#1811= IFCCARTESIANPOINT((181.522434626477,3.99999999993997,7.65358231586288));
#1812= IFCPOLYLOOP((#1805,#1810,#1811,#1806));
#1813= IFCFACEOUTERBOUND(#1812,.T.);
#1814= IFCFACE((#1813));
#1815= IFCCARTESIANPOINT((180.384346313258,-4.00000000005639,3.90176061619422));
#1816= IFCCARTESIANPOINT((180.384346313262,3.99999999993634,3.90176061617967));
#1817= IFCPOLYLOOP((#1810,#1815,#1816,#1811));
#1818= IFCFACEOUTERBOUND(#1817,.T.);
#1819= IFCFACE((#1818));
#1820= IFCCARTESIANPOINT((180.000061036386,-4.00000000006003,6.76664058119059E-10));
#1821= IFCCARTESIANPOINT((180.00006103639,3.99999999993452,6.54836185276508E-10));
#1822= IFCPOLYLOOP((#1815,#1820,#1821,#1816));
#1823= IFCFACEOUTERBOUND(#1822,.T.);
#1824= IFCFACE((#1823));
#1825= IFCPOLYLOOP((#1820,#1129,#1132,#1821));
#1826= IFCFACEOUTERBOUND(#1825,.T.);
#1827= IFCFACE((#1826));
#1828= IFCPOLYLOOP((#1771,#1776,#1781,#1786,#1791,#1796,#1801,#1806,#1811,#1816,#1821,#1132,#1766));
#1829= IFCFACEOUTERBOUND(#1828,.T.);
#1830= IFCFACE((#1829));
#1831= IFCPOLYLOOP((#1820,#1815,#1810,#1805,#1800,#1795,#1790,#1785,#1780,#1775,#1770,#1765,#1129));
#1832= IFCFACEOUTERBOUND(#1831,.T.);
#1833= IFCFACE((#1832));
#1834= IFCCLOSEDSHELL((#1769,#1774,#1779,#1784,#1789,#1794,#1799,#1804,#1809,#1814,#1819,#1824,#1827,#1830,#1833));
#1835= IFCFACETEDBREP(#1834);
#1836= IFCSTYLEDITEM(#1835,(#891),$);
#1837= IFCSHAPEREPRESENTATION(#12,'Body','Brep',(#1835));
#1838= IFCPRODUCTDEFINITIONSHAPE($,$,(#1837));
#1839= IFCCARTESIANPOINT((56716.0003901238,26040.3792460964,10489.000495823));
#1840= IFCAXIS2PLACEMENT3D(#1839,#1292,#1293);
#1841= IFCLOCALPLACEMENT(#42,#1840);
#1842= IFCPLATE('16go0zw1L7AxmGCpKsdZxa',#152,'PLATE-8','PL8*129',$,#1841,#1838,'ID46ab203d-e815-472b-bc10-3335369e3ee4');
#1843= IFCQUANTITYLENGTH('Width',$,$,129.000137329283);
#1844= IFCQUANTITYAREA('NetArea',$,$,0.0414458610160277);
#1845= IFCQUANTITYAREA('GrossArea',$,$,0.0258000297765524);
#1846= IFCQUANTITYVOLUME('NetVolume',$,$,0.000147223012397159);
#1847= IFCQUANTITYVOLUME('GrossVolume',$,$,0.000147223012397159);
#1848= IFCELEMENTQUANTITY('1aYgCBVTL8mARopsqK1Hhv',#5,'BaseQuantities',$,$,(#1843,#1844,#1845,#994,#1846,#1847));
#1849= IFCSHAPEREPRESENTATION(#12,'Body','Brep',(#964));
#1850= IFCPRODUCTDEFINITIONSHAPE($,$,(#1849));
#1851= IFCCARTESIANPOINT((56334.9952905029,26160.3785281988,9647.00049582303));
#1852= IFCAXIS2PLACEMENT3D(#1851,#969,#970);
#1853= IFCLOCALPLACEMENT(#42,#1852);
#1854= IFCPLATE('2_IShUHPj4SBFMWHPqd6_T',#152,'PLATE-8','PL8*80',$,#1853,#1850,'IDbe49cade-459b-4470-b3d6-8116749c6f9d');
#1855= IFCPROPERTYSINGLEVALUE('Bottom elevation',$,IFCLABEL(' +9.643'),$);
#1856= IFCPROPERTYSINGLEVALUE('Top elevation',$,IFCLABEL(' +9.651'),$);
#1857= IFCPROPERTYSET('2Ay7raNI9FxwpxHk4L3G5X',#5,'Tekla Common','Common Properties to Shared building elements',(#1855,#1856,#757,#977,#759,#978));
#1858= IFCSHAPEREPRESENTATION(#12,'Body','Brep',(#1103));
#1859= IFCPRODUCTDEFINITIONSHAPE($,$,(#1858));
#1860= IFCCARTESIANPOINT((56703.9998779258,26240.3809988123,9647.00098553931));
#1861= IFCAXIS2PLACEMENT3D(#1860,#1108,#1109);
#1862= IFCLOCALPLACEMENT(#42,#1861);
#1863= IFCPLATE('0FaRkp3259_epaU$huWByU',#152,'PLATE-8','PL8*80',$,#1862,#1859,'ID0f91bbb3-0c21-49fa-8ce4-7bfaf880bf1e');
#1864= IFCPROPERTYSET('29hLv1LXv8nArl1jBpL56$',#5,'Tekla Common','Common Properties to Shared building elements',(#1855,#1856,#757,#1113,#759,#978));
#1865= IFCSHAPEREPRESENTATION(#12,'Body','Brep',(#1201));
#1866= IFCPRODUCTDEFINITIONSHAPE($,$,(#1865));
#1867= IFCCARTESIANPOINT((56716.0003901237,26160.3792460965,9647.00049582301));
#1868= IFCAXIS2PLACEMENT3D(#1867,#969,#970);
#1869= IFCLOCALPLACEMENT(#42,#1868);
#1870= IFCPLATE('2ihM12B9T2Dx3k5fVgZngU',#152,'PLATE-8','PL8*80',$,#1869,#1866,'IDacad6042-2c97-4237-b0ee-1697ea8f1a9e');
#1871= IFCSHAPEREPRESENTATION(#12,'Body','Brep',(#1287));
#1872= IFCPRODUCTDEFINITIONSHAPE($,$,(#1871));
#1873= IFCCARTESIANPOINT((56334.995290503,26040.3785281988,9867.00049582301));
#1874= IFCAXIS2PLACEMENT3D(#1873,#1292,#1293);
#1875= IFCLOCALPLACEMENT(#42,#1874);
#1876= IFCPLATE('0ri_X_6Sn4p8eNixkPDiSg',#152,'PLATE-8','PL8*129',$,#1875,#1872,'ID35b3e87e-19cc-44cc-8a17-b3bb9936c72a');
#1877= IFCPROPERTYSINGLEVALUE('Bottom elevation',$,IFCLABEL(' +9.863'),$);
#1878= IFCPROPERTYSINGLEVALUE('Top elevation',$,IFCLABEL(' +9.871'),$);
#1879= IFCPROPERTYSET('3m760_f3H80A6CUwFzaO9L',#5,'Tekla Common','Common Properties to Shared building elements',(#1877,#1878,#757,#1300,#759,#978));
#1880= IFCSHAPEREPRESENTATION(#12,'Body','Brep',(#1738));
#1881= IFCPRODUCTDEFINITIONSHAPE($,$,(#1880));
#1882= IFCCARTESIANPOINT((56703.9998779258,26240.3809988123,9867.00098553931));
#1883= IFCAXIS2PLACEMENT3D(#1882,#1743,#1744);
#1884= IFCLOCALPLACEMENT(#42,#1883);
#1885= IFCPLATE('3h03ptjUX3hRyRa6wFed17',#152,'PLATE-8','PL8*200',$,#1884,#1881,'IDeb003cf7-b5e8-43ad-bf1b-906e8fa27047');
#1886= IFCPROPERTYSINGLEVALUE('Preliminary mark',$,IFCLABEL('5-1-P44(?)'),$);
#1887= IFCPROPERTYSET('2jNDfu6X1EC8H8lz5wtonw',#5,'Tekla Common','Common Properties to Shared building elements',(#1877,#1878,#757,#1886,#759,#978));
#1888= IFCPROPERTYSINGLEVALUE('Reference',$,IFCIDENTIFIER('5-1-P44'),$);
#1889= IFCPROPERTYSET('3N8iNhRpX7r8iyUlp_VwKG',#5,'Pset_PlateCommon','Common Properties to plate elements',(#771,#1888));
#1890= IFCSHAPEREPRESENTATION(#12,'Body','Brep',(#1835));
#1891= IFCPRODUCTDEFINITIONSHAPE($,$,(#1890));
#1892= IFCCARTESIANPOINT((56716.0003901238,26040.3792460965,9867.000495823));
#1893= IFCAXIS2PLACEMENT3D(#1892,#1292,#1293);
#1894= IFCLOCALPLACEMENT(#42,#1893);
#1895= IFCPLATE('271ET7p2rEzBItGd5u5Utd',#152,'PLATE-8','PL8*129',$,#1894,#1891,'ID8704e747-cc2d-4ef4-b4b7-42717815ede7');
#1896= IFCCOLOURRGB('Light Gray',0.615686274509804,0.615686274509804,0.611764705882353);
#1897= IFCSURFACESTYLERENDERING(#1896,0.,$,$,$,$,IFCNORMALISEDRATIOMEASURE(0.00390625),IFCSPECULAREXPONENT(10.),.NOTDEFINED.);
#1898= IFCSURFACESTYLE('STEEL/S275',.POSITIVE.,(#1897));
#1899= IFCPRESENTATIONSTYLEASSIGNMENT((#1898));
#1900= IFCCARTESIANPOINT((419.999999999978,-9.,312.003875732938));
#1901= IFCCARTESIANPOINT((420.000000000007,-1.,320.003875732946));
#1902= IFCCARTESIANPOINT((0.000146627913636621,-1.,320.003875732804));
#1903= IFCCARTESIANPOINT((0.000142962257086765,-9.,312.003875732789));
#1904= IFCPOLYLOOP((#1900,#1901,#1902,#1903));
#1905= IFCFACEOUTERBOUND(#1904,.T.);
#1906= IFCFACE((#1905));
#1907= IFCCARTESIANPOINT((420.000000000007,1.,320.003875732946));
#1908= IFCCARTESIANPOINT((419.999999999978,9.,312.003875732938));
#1909= IFCCARTESIANPOINT((0.000142962257086765,9.,312.003875732789));
#1910= IFCCARTESIANPOINT((0.000146627913636621,1.,320.003875732804));
#1911= IFCPOLYLOOP((#1907,#1908,#1909,#1910));
#1912= IFCFACEOUTERBOUND(#1911,.T.);
#1913= IFCFACE((#1912));
#1914= IFCCARTESIANPOINT((-7.27595761418343E-12,9.,3.63797880709171E-12));
#1915= IFCCARTESIANPOINT((-7.27595761418343E-12,-9.,3.63797880709171E-12));
#1916= IFCPOLYLOOP((#1910,#1909,#1914,#1915,#1903,#1902));
#1917= IFCFACEOUTERBOUND(#1916,.T.);
#1918= IFCFACE((#1917));
#1919= IFCPOLYLOOP((#1907,#1910,#1902,#1901));
#1920= IFCFACEOUTERBOUND(#1919,.T.);
#1921= IFCFACE((#1920));
#1922= IFCCARTESIANPOINT((419.99999999896,-9.,1.20053300634027E-10));
#1923= IFCCARTESIANPOINT((419.99999999896,9.,1.20053300634027E-10));
#1924= IFCPOLYLOOP((#1922,#1923,#1908,#1907,#1901,#1900));
#1925= IFCFACEOUTERBOUND(#1924,.T.);
#1926= IFCFACE((#1925));
#1927= IFCPOLYLOOP((#1922,#1915,#1914,#1923));
#1928= IFCFACEOUTERBOUND(#1927,.T.);
#1929= IFCFACE((#1928));
#1930= IFCPOLYLOOP((#1923,#1914,#1909,#1908));
#1931= IFCFACEOUTERBOUND(#1930,.T.);
#1932= IFCFACE((#1931));
#1933= IFCPOLYLOOP((#1915,#1922,#1900,#1903));
#1934= IFCFACEOUTERBOUND(#1933,.T.);
#1935= IFCFACE((#1934));
#1936= IFCCLOSEDSHELL((#1906,#1913,#1918,#1921,#1926,#1929,#1932,#1935));
#1937= IFCFACETEDBREP(#1936);
#1938= IFCSTYLEDITEM(#1937,(#1899),$);
#1939= IFCSHAPEREPRESENTATION(#12,'Body','Brep',(#1937));
#1940= IFCPRODUCTDEFINITIONSHAPE($,$,(#1939));
#1941= IFCCARTESIANPOINT((56799.9944756849,25920.3770245817,10315.0001907381));
#1942= IFCDIRECTION((1.73399999912363E-05,0.999999999849662,0.));
#1943= IFCDIRECTION((-0.999999999849662,1.73399999942796E-05,0.));
#1944= IFCAXIS2PLACEMENT3D(#1941,#1942,#1943);
#1945= IFCLOCALPLACEMENT(#42,#1944);
#1946= IFCPLATE('3x9IuCUXzClxuVgbkqnic1',#152,'PLATE-18','PL18*320',$,#1945,#1940,'IDfb252e0c-7a1f-4cbf-be1f-aa5bb4c6c981');
#1947= IFCPLATETYPE('15G79czCL9EfSsoam0LM4T',#5,'PL18*320',$,$,$,$,$,$,.NOTDEFINED.);
#1948= IFCPROPERTYSINGLEVALUE('Bottom elevation',$,IFCLABEL(' +10.306'),$);
#1949= IFCPROPERTYSINGLEVALUE('Top elevation',$,IFCLABEL(' +10.324'),$);
#1950= IFCPROPERTYSINGLEVALUE('Preliminary mark',$,IFCLABEL('5-1-P55(?)'),$);
#1951= IFCPROPERTYSINGLEVALUE('Class',$,IFCLABEL('15'),$);
#1952= IFCPROPERTYSET('3Bqhc6EhfDVezyWeb8ynvL',#5,'Tekla Common','Common Properties to Shared building elements',(#1948,#1949,#757,#1950,#759,#1951));
#1953= IFCPROPERTYSINGLEVALUE('Weight',$,IFCMASSMEASURE(18.78),$);
#1954= IFCPROPERTYSINGLEVALUE('Volume',$,IFCVOLUMEMEASURE(0.002),$);
#1955= IFCPROPERTYSINGLEVALUE('Gross footprint area',$,IFCAREAMEASURE(0.134),$);
#1956= IFCPROPERTYSINGLEVALUE('Area per tons',$,IFCAREAMEASURE(15.515),$);
#1957= IFCPROPERTYSINGLEVALUE('Net surface area',$,IFCAREAMEASURE(0.291),$);
#1958= IFCPROPERTYSINGLEVALUE('Height',$,IFCLENGTHMEASURE(320.),$);
#1959= IFCPROPERTYSINGLEVALUE('Width',$,IFCLENGTHMEASURE(18.),$);
#1960= IFCPROPERTYSINGLEVALUE('Length',$,IFCLENGTHMEASURE(420.),$);
#1961= IFCPROPERTYSET('1PLsRKsyL7kBceVX6eN5LR',#5,'Tekla Quantity','Quantity Properties to Shared building elements',(#1953,#1954,#1955,#1956,#1957,#1958,#1959,#1960));
#1962= IFCPROPERTYSINGLEVALUE('Reference',$,IFCIDENTIFIER('5-1-P55'),$);
#1963= IFCPROPERTYSET('1XythRVAnCuv$ADIOphwVq',#5,'Pset_PlateCommon','Common Properties to plate elements',(#771,#1962));
#1964= IFCQUANTITYLENGTH('Width',$,$,320.003875732447);
#1965= IFCQUANTITYAREA('NetArea',$,$,0.291378862106728);
#1966= IFCQUANTITYAREA('GrossArea',$,$,0.134401627807628);
#1967= IFCQUANTITYAREA('CrossSectionArea',$,$,0.000324);
#1968= IFCQUANTITYVOLUME('NetVolume',$,$,0.00239234888755262);
#1969= IFCQUANTITYVOLUME('GrossVolume',$,$,0.0024192288782467);
#1970= IFCELEMENTQUANTITY('1eNIbRGKbDXuA73D5GxFZ8',#5,'BaseQuantities',$,$,(#1964,#1965,#1966,#1967,#1968,#1969));
#1971= IFCSHAPEREPRESENTATION(#12,'Body','Brep',(#1937));
#1972= IFCPRODUCTDEFINITIONSHAPE($,$,(#1971));
#1973= IFCCARTESIANPOINT((56799.9944756849,25920.3770245817,10041.0001907381));
#1974= IFCAXIS2PLACEMENT3D(#1973,#1942,#1943);
#1975= IFCLOCALPLACEMENT(#42,#1974);
#1976= IFCPLATE('2gYt0QM$b1mR0YcVB4fWCc',#152,'PLATE-18','PL18*320',$,#1975,#1972,'IDaa8b701a-5bf9-41c1-b022-99f2c4a60326');
#1977= IFCPROPERTYSINGLEVALUE('Bottom elevation',$,IFCLABEL(' +10.032'),$);
#1978= IFCPROPERTYSINGLEVALUE('Top elevation',$,IFCLABEL(' +10.050'),$);
#1979= IFCPROPERTYSET('1P9m0aYCPFmOw34_0PgcT$',#5,'Tekla Common','Common Properties to Shared building elements',(#1977,#1978,#757,#1950,#759,#1951));
#1980= IFCCOLOURRGB('Light Blue',0.23921568627451,0.,0.63921568627451);
#1981= IFCSURFACESTYLERENDERING(#1980,0.,$,$,$,$,IFCNORMALISEDRATIOMEASURE(0.00390625),IFCSPECULAREXPONENT(10.),.NOTDEFINED.);
#1982= IFCSURFACESTYLE('STEEL/S275',.POSITIVE.,(#1981));
#1983= IFCPRESENTATIONSTYLEASSIGNMENT((#1982));
#1984= IFCCARTESIANPOINT((0.,-10.,0.));
#1985= IFCCARTESIANPOINT((7.27595761418343E-12,-10.,1300.));
#1986= IFCCARTESIANPOINT((7.27595761418343E-12,10.,1300.));
#1987= IFCCARTESIANPOINT((0.,10.,0.));
#1988= IFCPOLYLOOP((#1984,#1985,#1986,#1987));
#1989= IFCFACEOUTERBOUND(#1988,.T.);
#1990= IFCFACE((#1989));
#1991= IFCCARTESIANPOINT((550.003051757812,-10.,1300.));
#1992= IFCCARTESIANPOINT((550.003051757812,10.,1300.));
#1993= IFCPOLYLOOP((#1985,#1991,#1992,#1986));
#1994= IFCFACEOUTERBOUND(#1993,.T.);
#1995= IFCFACE((#1994));
#1996= IFCCARTESIANPOINT((550.003051757812,-10.,1.0550138540566E-10));
#1997= IFCCARTESIANPOINT((550.003051757812,10.,1.0550138540566E-10));
#1998= IFCPOLYLOOP((#1991,#1996,#1997,#1992));
#1999= IFCFACEOUTERBOUND(#1998,.T.);
#2000= IFCFACE((#1999));
#2001= IFCPOLYLOOP((#1996,#1984,#1987,#1997));
#2002= IFCFACEOUTERBOUND(#2001,.T.);
#2003= IFCFACE((#2002));
#2004= IFCPOLYLOOP((#1992,#1997,#1987,#1986));
#2005= IFCFACEOUTERBOUND(#2004,.T.);
#2006= IFCFACE((#2005));
#2007= IFCPOLYLOOP((#1996,#1991,#1985,#1984));
#2008= IFCFACEOUTERBOUND(#2007,.T.);
#2009= IFCFACE((#2008));
#2010= IFCCLOSEDSHELL((#1990,#1995,#2000,#2003,#2006,#2009));
#2011= IFCFACETEDBREP(#2010);
#2012= IFCSTYLEDITEM(#2011,(#1983),$);
#2013= IFCSHAPEREPRESENTATION(#12,'Body','Brep',(#2011));
#2014= IFCPRODUCTDEFINITIONSHAPE($,$,(#2013));
#2015= IFCCARTESIANPOINT((56314.9978915032,26250.378589212,9524.99953595407));
#2016= IFCAXIS2PLACEMENT3D(#2015,#9,#7);
#2017= IFCLOCALPLACEMENT(#42,#2016);
#2018= IFCPLATE('0odVcKrpHFIvuY3JCMQ8rb',#44,'PLATE-20','PL20*550',$,#2017,#2014,'ID329df994-d734-4f4b-9e22-0d3316688d65');
#2019= IFCPLATETYPE('3vVRmLtEL6nxard24j4d6b',#5,'PL20*550',$,$,$,$,$,$,.NOTDEFINED.);
#2020= IFCPROPERTYSINGLEVALUE('Bottom elevation',$,IFCLABEL(' +9.525'),$);
#2021= IFCPROPERTYSINGLEVALUE('Top elevation',$,IFCLABEL(' +10.825'),$);
#2022= IFCPROPERTYSINGLEVALUE('Preliminary mark',$,IFCLABEL('5-1-P70(?)'),$);
#2023= IFCPROPERTYSINGLEVALUE('Class',$,IFCLABEL('14'),$);
#2024= IFCPROPERTYSET('2sDjNQIPX03P80KKGIH$xd',#5,'Tekla Common','Common Properties to Shared building elements',(#2020,#2021,#757,#2022,#759,#2023));
#2025= IFCPROPERTYSINGLEVALUE('Weight',$,IFCMASSMEASURE(112.26),$);
#2026= IFCPROPERTYSINGLEVALUE('Volume',$,IFCVOLUMEMEASURE(0.014),$);
#2027= IFCPROPERTYSINGLEVALUE('Gross footprint area',$,IFCAREAMEASURE(0.011),$);
#2028= IFCPROPERTYSINGLEVALUE('Area per tons',$,IFCAREAMEASURE(13.398),$);
#2029= IFCPROPERTYSINGLEVALUE('Net surface area',$,IFCAREAMEASURE(1.504),$);
#2030= IFCPROPERTYSINGLEVALUE('Height',$,IFCLENGTHMEASURE(550.),$);
#2031= IFCPROPERTYSINGLEVALUE('Width',$,IFCLENGTHMEASURE(20.),$);
#2032= IFCPROPERTYSINGLEVALUE('Length',$,IFCLENGTHMEASURE(1300.),$);
#2033= IFCPROPERTYSET('3RvxLM3XXEL8Mh_ru0Zi94',#5,'Tekla Quantity','Quantity Properties to Shared building elements',(#2025,#2026,#2027,#2028,#2029,#2030,#2031,#2032));
#2034= IFCPROPERTYSINGLEVALUE('Reference',$,IFCIDENTIFIER('5-1-P70'),$);
#2035= IFCPROPERTYSET('1cc77amrn5cfKZ4NcNG3jf',#5,'Pset_PlateCommon','Common Properties to plate elements',(#771,#2034));
#2036= IFCQUANTITYLENGTH('Width',$,$,550.003051757812);
#2037= IFCQUANTITYAREA('NetArea',$,$,1.50400805664056);
#2038= IFCQUANTITYAREA('GrossArea',$,$,0.715003967285156);
#2039= IFCQUANTITYAREA('CrossSectionArea',$,$,0.0004);
#2040= IFCQUANTITYVOLUME('NetVolume',$,$,0.0143000793457025);
#2041= IFCQUANTITYVOLUME('GrossVolume',$,$,0.0143000793457025);
#2042= IFCELEMENTQUANTITY('3J1nb7KiH4392uZ9TSGZJY',#5,'BaseQuantities',$,$,(#2036,#2037,#2038,#2039,#2040,#2041));
#2043= IFCRELAGGREGATES('3QjfIMRd52cx4XCCzHQcGl',#5,$,$,#37,(#39));
#2044= IFCRELAGGREGATES('0vHi2OSqDAtORvsrq1V34Q',#5,$,$,#39,(#41));
#2045= IFCRELAGGREGATES('3aIE677Of04OGaRlXu650o',#5,$,$,#41,(#43));
#2046= IFCRELCONTAINEDINSPATIALSTRUCTURE('3O1LUyUuf9EAKAnvjYplJ2',#5,$,$,(#2018,#1976,#1946,#1895,#1885,#1876,#1870,#1863,#1854,#1842,#1747,#1634,#1617,#1296,#1208,#1112,#973,#887,#867,#787,#753,#667,#584,#505,#422,#343,#336,#329,#322,#315,#308,#301,#294,#287,#280,#273,#266,#259,#252,#245,#238,#231,#132),#43);
#2047= IFCRELDEFINESBYPROPERTIES('1U33a7MTbC_xTvoYz_141L',#5,$,$,(#343,#336,#329,#322,#315,#308,#301,#294,#287,#280,#273,#266,#259,#252,#245,#238,#231,#132),#150);
#2048= IFCRELDEFINESBYPROPERTIES('2HbUdUMuLDhReNrgHWj5u2',#5,$,$,(#505,#422),#427);
#2049= IFCRELDEFINESBYPROPERTIES('2UV7YHhM5EyuMdTAuFwC_S',#5,$,$,(#667,#584),#589);
#2050= IFCRELDEFINESBYPROPERTIES('36AxjZ6OvBWBQj44NK1f6J',#5,$,$,(#787,#753),#761);
#2051= IFCRELDEFINESBYPROPERTIES('3TkSCyTn9Bs8UKjzYMjmqh',#5,$,$,(#787,#753),#770);
#2052= IFCRELDEFINESBYPROPERTIES('2RPh76s1HA8xsaun4nj$wB',#5,$,$,(#787,#753),#773);
#2053= IFCRELDEFINESBYPROPERTIES('1MH6vNh8f66u$GlxJ3j7FU',#5,$,$,(#787,#753),#780);
#2054= IFCRELDEFINESBYPROPERTIES('0eVPWg1gj6RBc63Ti1Y6ui',#5,$,$,(#887,#867),#871);
#2055= IFCRELDEFINESBYPROPERTIES('0A_sNBoyv6$uBziu0rQpsw',#5,$,$,(#887,#867),#873);
#2056= IFCRELDEFINESBYPROPERTIES('1oEQ$A8o1CAR65XHE$Gv2a',#5,$,$,(#887,#867),#875);
#2057= IFCRELDEFINESBYPROPERTIES('2niSiYIubAaetasl2B_G0G',#5,$,$,(#887,#867),#881);
#2058= IFCRELDEFINESBYPROPERTIES('0WDrb9z0D5UBY3EpQfPClp',#5,$,$,(#1208,#973),#979);
#2059= IFCRELDEFINESBYPROPERTIES('3UZ3v0nW5BqQpkkA7N8zf4',#5,$,$,(#1870,#1854,#1208,#973),#988);
#2060= IFCRELDEFINESBYPROPERTIES('3ZykMKJc5AT8h3l7S931C2',#5,$,$,(#1870,#1854,#1208,#973),#990);
#2061= IFCRELDEFINESBYPROPERTIES('14DFu8QkD58BJOzVxDs5AE',#5,$,$,(#1854,#973),#997);
#2062= IFCRELDEFINESBYPROPERTIES('3DlxsO_1jBUO3XgmtwS3$2',#5,$,$,(#1112),#1114);
#2063= IFCRELDEFINESBYPROPERTIES('0dB63l5bD9PeVB0OIx5pYJ',#5,$,$,(#1863,#1112),#1120);
#2064= IFCRELDEFINESBYPROPERTIES('0WHwffeJD8N8w4IpqKWvKZ',#5,$,$,(#1863,#1112),#1122);
#2065= IFCRELDEFINESBYPROPERTIES('27oE2oxgL1tedQQnXRDZUN',#5,$,$,(#1863,#1112),#1128);
#2066= IFCRELDEFINESBYPROPERTIES('1pZarl64rEnPthDr91YEo8',#5,$,$,(#1870,#1208),#1214);
#2067= IFCRELDEFINESBYPROPERTIES('1slj_Bl0DBguuzNXcqkuL9',#5,$,$,(#1842,#1296),#1301);
#2068= IFCRELDEFINESBYPROPERTIES('1fOA9_Ua1CgOBL$J$YM84N',#5,$,$,(#1895,#1876,#1842,#1296),#1307);
#2069= IFCRELDEFINESBYPROPERTIES('2eXSbRpcD7yRSlj8FQzINF',#5,$,$,(#1895,#1876,#1842,#1296),#1309);
#2070= IFCRELDEFINESBYPROPERTIES('3BTCOkHT51uegPlafo3FFK',#5,$,$,(#1876,#1296),#1315);
#2071= IFCRELDEFINESBYPROPERTIES('0Rm3j0yATCGgPEJAWdSgYS',#5,$,$,(#1634,#1617),#1626);
#2072= IFCRELDEFINESBYPROPERTIES('3z$4zs8mbFrgykNr7dEsIr',#5,$,$,(#1747),#1750);
#2073= IFCRELDEFINESBYPROPERTIES('1IF2FB9yP0ZOMXFxB5WLPa',#5,$,$,(#1885,#1747),#1756);
#2074= IFCRELDEFINESBYPROPERTIES('2MXrTwe4HEmfEhqSBcJOQQ',#5,$,$,(#1747),#1758);
#2075= IFCRELDEFINESBYPROPERTIES('3E6tYu4Rz9xvzqiaIMEeyE',#5,$,$,(#1885,#1747),#1764);
#2076= IFCRELDEFINESBYPROPERTIES('0tza9ksXv5qxNIzXw1jbNN',#5,$,$,(#1895,#1842),#1848);
#2077= IFCRELDEFINESBYPROPERTIES('0U5Gq9pU580wqzVZp5$Uxk',#5,$,$,(#1870,#1854),#1857);
#2078= IFCRELDEFINESBYPROPERTIES('0cuKyzl7L7AA9tJspSEzo0',#5,$,$,(#1863),#1864);
#2079= IFCRELDEFINESBYPROPERTIES('1jcvyJomH4r8I09gUH95Y2',#5,$,$,(#1895,#1876),#1879);
#2080= IFCRELDEFINESBYPROPERTIES('2PwmxOKUT1qfe37dxEfho5',#5,$,$,(#1885),#1887);
#2081= IFCRELDEFINESBYPROPERTIES('2zvmyjxXL8PxMqBn_Gocn2',#5,$,$,(#1885),#1889);
#2082= IFCRELDEFINESBYPROPERTIES('1tft4QMZ5FMuXYAeLKA3rF',#5,$,$,(#1946),#1952);
#2083= IFCRELDEFINESBYPROPERTIES('1IQV24kdX7m8MYLwr9sZMq',#5,$,$,(#1976,#1946),#1961);
#2084= IFCRELDEFINESBYPROPERTIES('1WALsZRFL5Rw9XYMh6EpcW',#5,$,$,(#1976,#1946),#1963);
#2085= IFCRELDEFINESBYPROPERTIES('0QZyJRHE94KuB6QWsojkgn',#5,$,$,(#1976,#1946),#1970);
#2086= IFCRELDEFINESBYPROPERTIES('2yM4$ybPbDIxUZsSMJUB5Z',#5,$,$,(#1976),#1979);
#2087= IFCRELDEFINESBYPROPERTIES('2Zd2X_ABHDEuCAu$ajHzBS',#5,$,$,(#2018),#2024);
#2088= IFCRELDEFINESBYPROPERTIES('38pzcaz$9DrvoMhKJvE4P6',#5,$,$,(#2018),#2033);
#2089= IFCRELDEFINESBYPROPERTIES('1CHKOZ7sf8IQs9$N1aB_dc',#5,$,$,(#2018),#2035);
#2090= IFCRELDEFINESBYPROPERTIES('13xcws3tL0aOe_7KqnBRLZ',#5,$,$,(#2018),#2042);
#2091= IFCRELDEFINESBYTYPE('2$nonEWXHFPOqb5TAd93d0',#5,$,$,(#1634,#1617,#667,#584,#505,#422,#343,#336,#329,#322,#315,#308,#301,#294,#287,#280,#273,#266,#259,#252,#245,#238,#231,#132),#133);
#2092= IFCRELDEFINESBYTYPE('3bnurXt5vBbwrWwIUhpsjL',#5,$,$,(#887,#867,#787,#753),#754);
#2093= IFCRELDEFINESBYTYPE('11Q1ubSzn3SBIEH8Jmxap0',#5,$,$,(#1870,#1863,#1854,#1208,#1112,#973),#974);
#2094= IFCRELDEFINESBYTYPE('3Q9dcLXEP7g8JotbdwFH_K',#5,$,$,(#1895,#1876,#1842,#1296),#1297);
#2095= IFCRELDEFINESBYTYPE('0SB44TKFbAS9rQZ7egJyKp',#5,$,$,(#1885,#1747),#1748);
#2096= IFCRELDEFINESBYTYPE('1NXZ6FffP7PwtYvfGjOx5u',#5,$,$,(#1976,#1946),#1947);
#2097= IFCRELDEFINESBYTYPE('1LRSbHjJPCEvJvTFVn$IuE',#5,$,$,(#2018),#2019);
#2098= IFCRELASSOCIATESMATERIAL('3SmGE3Civ439857ehuo6GI',#5,$,$,(#667,#584,#505,#422,#343,#336,#329,#322,#315,#308,#301,#294,#287,#280,#273,#266,#259,#252,#245,#238,#231,#132),#151);
#2099= IFCRELASSOCIATESMATERIAL('1_Ld9tugP7ZPifvxomGl0h',#5,$,$,(#2018,#1976,#1946,#1895,#1885,#1876,#1870,#1863,#1854,#1842,#1747,#1296,#1208,#1112,#973,#887,#867,#787,#753),#781);
#2100= IFCRELASSOCIATESMATERIAL('3sm26oDH9BCeUFYWadqkwD',#5,$,$,(#1634,#1617),#1627);
#2101= IFCPRESENTATIONLAYERASSIGNMENT('BoltArray',$,(#126,#225,#233,#240,#247,#254,#261,#268,#275,#282,#289,#296,#303,#310,#317,#324,#331,#338,#416,#500,#578,#662,#1610,#1629),$);
#2102= IFCPRESENTATIONLAYERASSIGNMENT('PLATE-12',$,(#746,#782,#862,#882),$);
#2103= IFCPRESENTATIONLAYERASSIGNMENT('PLATE-8',$,(#966,#1105,#1203,#1289,#1740,#1837,#1849,#1858,#1865,#1871,#1880,#1890),$);
#2104= IFCPRESENTATIONLAYERASSIGNMENT('PLATE-18',$,(#1939,#1971),$);
#2105= IFCPRESENTATIONLAYERASSIGNMENT('PLATE-20',$,(#2013),$);
ENDSEC;

END-ISO-10303-21;
