ISO-10303-21;
HEADER;
FILE_DESCRIPTION(('ViewDefinition[CoordinationView_V2.0, QuantityTakeOffAddOnView]', 'ExchangeRequirement[Structural, SurfaceGeometry]', 'Option [BaseQuantities:On]', 'Option [GridExport:On]', 'Option [Assemblies:Off]', 'Option [Bolts:On]', 'Option [Rebars:On]', 'Option [PourObjects:Off]', 'Option [Welds:Off]', 'Option [SurfaceTreatments:On]', 'Option [LocationBy:0]', 'Option [ViewColors:Off]', 'Option [SectionedSpine:Off]', 'Option [PropertySets:On]', 'Option [Export all:Off]'),'2;1');
FILE_NAME('5-1-A28_1.ifc','2026-03-10T08:04:11',('DESKTOP-NLV509P\\Ahmed'),('Structural Designer'),'IFC Parser version: 3.13.2','Tekla Structures 2023 Service Pack 8, IFC Export Version: 4.0.0.0 Jan 19 2024','');
FILE_SCHEMA(('IFC2X3'));
ENDSEC;

DATA;
#1= IFCPERSON('DESKTOP-NLV509P\\Ahmed','Undefined',$,$,$,$,$,$);
#2= IFCORGANIZATION($,'Trimble Solutions Corporation',$,$,$);
#3= IFCPERSONANDORGANIZATION(#1,#2,$);
#4= IFCAPPLICATION(#2,'2023 Service Pack 8','Tekla Structures','Multi material modeling');
#5= IFCOWNERHISTORY(#3,#4,$,.NOCHANGE.,$,$,$,1773119051);
#6= IFCCARTESIANPOINT((0.,0.,0.));
#7= IFCDIRECTION((1.,0.,0.));
#8= IFCDIRECTION((0.,1.,0.));
#9= IFCDIRECTION((0.,0.,1.));
#10= IFCAXIS2PLACEMENT3D(#6,#9,#7);
#11= IFCGEOMETRICREPRESENTATIONCONTEXT($,'Model',3,1.E-05,#10,$);
#12= IFCGEOMETRICREPRESENTATIONSUBCONTEXT('Body','Model',*,*,*,*,#11,$,.MODEL_VIEW.,$);
#13= IFCGEOMETRICREPRESENTATIONSUBCONTEXT('Axis','Model',*,*,*,*,#11,$,.GRAPH_VIEW.,$);
#14= IFCGEOMETRICREPRESENTATIONSUBCONTEXT('FootPrint','Model',*,*,*,*,#11,$,.MODEL_VIEW.,$);
#15= IFCSIUNIT(*,.LENGTHUNIT.,.MILLI.,.METRE.);
#16= IFCMEASUREWITHUNIT(IFCRATIOMEASURE(304.8),#15);
#17= IFCDIMENSIONALEXPONENTS(1,0,0,0,0,0,0);
#18= IFCCONVERSIONBASEDUNIT(#17,.LENGTHUNIT.,'FOOT',#16);
#19= IFCSIUNIT(*,.AREAUNIT.,$,.SQUARE_METRE.);
#20= IFCMEASUREWITHUNIT(IFCRATIOMEASURE(0.09290304),#19);
#21= IFCDIMENSIONALEXPONENTS(2,0,0,0,0,0,0);
#22= IFCCONVERSIONBASEDUNIT(#21,.AREAUNIT.,'SQUARE FOOT',#20);
#23= IFCSIUNIT(*,.VOLUMEUNIT.,$,.CUBIC_METRE.);
#24= IFCMEASUREWITHUNIT(IFCRATIOMEASURE(0.028316846592),#23);
#25= IFCDIMENSIONALEXPONENTS(3,0,0,0,0,0,0);
#26= IFCCONVERSIONBASEDUNIT(#25,.VOLUMEUNIT.,'CUBIC FOOT',#24);
#27= IFCSIUNIT(*,.MASSUNIT.,.KILO.,.GRAM.);
#28= IFCSIUNIT(*,.TIMEUNIT.,$,.SECOND.);
#29= IFCSIUNIT(*,.PLANEANGLEUNIT.,$,.RADIAN.);
#30= IFCMEASUREWITHUNIT(IFCRATIOMEASURE(0.0174532925199433),#29);
#31= IFCDIMENSIONALEXPONENTS(0,0,0,0,0,0,0);
#32= IFCCONVERSIONBASEDUNIT(#31,.PLANEANGLEUNIT.,'DEGREE',#30);
#33= IFCSIUNIT(*,.SOLIDANGLEUNIT.,$,.STERADIAN.);
#34= IFCSIUNIT(*,.THERMODYNAMICTEMPERATUREUNIT.,$,.DEGREE_CELSIUS.);
#35= IFCSIUNIT(*,.LUMINOUSINTENSITYUNIT.,$,.LUMEN.);
#36= IFCUNITASSIGNMENT((#15,#19,#23,#27,#28,#29,#33,#34,#35));
#37= IFCPROJECT('3yqI8yYcbCVwG4kOxUX_9$',#5,'Undefined',$,$,$,$,(#11),#36);
#38= IFCLOCALPLACEMENT($,#10);
#39= IFCSITE('2CIUmIjFP9GOvqCMIXtxqZ',#5,'Undefined',$,$,#38,$,$,.ELEMENT.,$,$,$,$,$);
#40= IFCLOCALPLACEMENT(#38,#10);
#41= IFCBUILDING('219YSraUn3DgL3J3b1Fi28',#5,'Undefined',$,$,#40,$,$,.ELEMENT.,$,$,$);
#42= IFCLOCALPLACEMENT(#40,#10);
#43= IFCBUILDINGSTOREY('3gJPpYF7LCbf7I109fNVl5',#5,'Undefined',$,$,#42,$,$,.ELEMENT.,0.);
#44= IFCOWNERHISTORY(#3,#4,$,.NOCHANGE.,$,$,$,1771484400);
#45= IFCCOLOURRGB($,0.698039215686274,0.4,0.);
#46= IFCSURFACESTYLERENDERING(#45,0.,$,$,$,$,IFCNORMALISEDRATIOMEASURE(0.00390625),IFCSPECULAREXPONENT(10.),.NOTDEFINED.);
#47= IFCSURFACESTYLE('Undefined',.POSITIVE.,(#46));
#48= IFCPRESENTATIONSTYLEASSIGNMENT((#47));
#49= IFCCARTESIANPOINT((15.,-144.803283603573,0.));
#50= IFCCARTESIANPOINT((12.9903810567663,-144.803283603573,7.50000000000045));
#51= IFCCARTESIANPOINT((7.4999999999991,-144.803283603573,12.9903810567671));
#52= IFCCARTESIANPOINT((-1.55450397240048E-12,-144.803283603573,15.));
#53= IFCCARTESIANPOINT((-7.50000000000179,-144.803283603573,12.9903810567655));
#54= IFCCARTESIANPOINT((-12.9903810567679,-144.803283603573,7.49999999999776));
#55= IFCCARTESIANPOINT((-15.,-144.803283603573,-3.10900794480097E-12));
#56= IFCCARTESIANPOINT((-12.9903810567648,-144.803283603573,-7.50000000000313));
#57= IFCCARTESIANPOINT((-7.49999999999642,-144.803283603573,-12.9903810567686));
#58= IFCCARTESIANPOINT((4.64685857183207E-12,-144.803283603573,-15.));
#59= IFCCARTESIANPOINT((7.50000000000448,-144.803283603573,-12.990381056764));
#60= IFCCARTESIANPOINT((12.9903810567694,-144.803283603573,-7.49999999999507));
#61= IFCCARTESIANPOINT((15.,-124.703283598155,0.));
#62= IFCCARTESIANPOINT((12.9903810567663,-124.703283598155,7.50000000000045));
#63= IFCCARTESIANPOINT((7.4999999999991,-124.703283598155,12.9903810567671));
#64= IFCCARTESIANPOINT((-1.55450397240048E-12,-124.703283598155,15.));
#65= IFCCARTESIANPOINT((-7.50000000000179,-124.703283598155,12.9903810567655));
#66= IFCCARTESIANPOINT((-12.9903810567679,-124.703283598155,7.49999999999776));
#67= IFCCARTESIANPOINT((-15.,-124.703283598155,-3.10900794480097E-12));
#68= IFCCARTESIANPOINT((-12.9903810567648,-124.703283598155,-7.50000000000313));
#69= IFCCARTESIANPOINT((-7.49999999999642,-124.703283598155,-12.9903810567686));
#70= IFCCARTESIANPOINT((4.64685857183207E-12,-124.703283598155,-15.));
#71= IFCCARTESIANPOINT((7.50000000000448,-124.703283598155,-12.990381056764));
#72= IFCCARTESIANPOINT((12.9903810567694,-124.703283598155,-7.49999999999507));
#73= IFCPOLYLOOP((#49,#50,#51,#52,#53,#54,#55,#56,#57,#58,#59,#60));
#74= IFCFACEOUTERBOUND(#73,.T.);
#75= IFCFACE((#74));
#76= IFCPOLYLOOP((#72,#71,#70,#69,#68,#67,#66,#65,#64,#63,#62,#61));
#77= IFCFACEOUTERBOUND(#76,.T.);
#78= IFCFACE((#77));
#79= IFCPOLYLOOP((#49,#61,#62,#50));
#80= IFCFACEOUTERBOUND(#79,.T.);
#81= IFCFACE((#80));
#82= IFCPOLYLOOP((#50,#62,#63,#51));
#83= IFCFACEOUTERBOUND(#82,.T.);
#84= IFCFACE((#83));
#85= IFCPOLYLOOP((#51,#63,#64,#52));
#86= IFCFACEOUTERBOUND(#85,.T.);
#87= IFCFACE((#86));
#88= IFCPOLYLOOP((#52,#64,#65,#53));
#89= IFCFACEOUTERBOUND(#88,.T.);
#90= IFCFACE((#89));
#91= IFCPOLYLOOP((#53,#65,#66,#54));
#92= IFCFACEOUTERBOUND(#91,.T.);
#93= IFCFACE((#92));
#94= IFCPOLYLOOP((#54,#66,#67,#55));
#95= IFCFACEOUTERBOUND(#94,.T.);
#96= IFCFACE((#95));
#97= IFCPOLYLOOP((#55,#67,#68,#56));
#98= IFCFACEOUTERBOUND(#97,.T.);
#99= IFCFACE((#98));
#100= IFCPOLYLOOP((#56,#68,#69,#57));
#101= IFCFACEOUTERBOUND(#100,.T.);
#102= IFCFACE((#101));
#103= IFCPOLYLOOP((#57,#69,#70,#58));
#104= IFCFACEOUTERBOUND(#103,.T.);
#105= IFCFACE((#104));
#106= IFCPOLYLOOP((#58,#70,#71,#59));
#107= IFCFACEOUTERBOUND(#106,.T.);
#108= IFCFACE((#107));
#109= IFCPOLYLOOP((#59,#71,#72,#60));
#110= IFCFACEOUTERBOUND(#109,.T.);
#111= IFCFACE((#110));
#112= IFCPOLYLOOP((#60,#72,#61,#49));
#113= IFCFACEOUTERBOUND(#112,.T.);
#114= IFCFACE((#113));
#115= IFCCLOSEDSHELL((#75,#78,#81,#84,#87,#90,#93,#96,#99,#102,#105,#108,#111,#114));
#116= IFCCOLOURRGB($,0.,0.,0.);
#117= IFCSURFACESTYLERENDERING(#116,0.,$,$,$,$,IFCNORMALISEDRATIOMEASURE(0.00390625),IFCSPECULAREXPONENT(10.),.NOTDEFINED.);
#118= IFCSURFACESTYLE($,.POSITIVE.,(#117));
#119= IFCPRESENTATIONSTYLEASSIGNMENT((#118));
#120= IFCFACETEDBREP(#115);
#121= IFCSTYLEDITEM(#120,(#119),$);
#122= IFCCARTESIANTRANSFORMATIONOPERATOR3D($,$,#6,$,$);
#123= IFCSHAPEREPRESENTATION(#12,'Body','Brep',(#120));
#124= IFCREPRESENTATIONMAP(#10,#123);
#125= IFCMAPPEDITEM(#124,#122);
#126= IFCSHAPEREPRESENTATION(#12,'Body','MappedRepresentation',(#125));
#127= IFCPRODUCTDEFINITIONSHAPE($,$,(#126));
#128= IFCCARTESIANPOINT((56759.9883362068,27214.2166404979,10575.3265148457));
#129= IFCDIRECTION((0.,0.,-1.));
#130= IFCDIRECTION((-0.999999999728112,-2.33190000773246E-05,0.));
#131= IFCAXIS2PLACEMENT3D(#128,#129,#130);
#132= IFCLOCALPLACEMENT(#42,#131);
#133= IFCMECHANICALFASTENER('3i1Je2Kgn8fhpN3NXmAepd',#44,'Bolt assembly',$,$,#132,#127,'IDec053a02-52ac-48a6-bcd7-0d78702a8ce7',28.,20.);
#134= IFCMECHANICALFASTENERTYPE('0uDgrjLzf6vv3gRXO47MFb',#5,'Bolt assembly',$,$,$,$,$,$);
#135= IFCPROPERTYSINGLEVALUE('Washer count',$,IFCINTEGER(0),$);
#136= IFCPROPERTYSINGLEVALUE('Washer diameter',$,IFCLENGTHMEASURE(28.),$);
#137= IFCPROPERTYSINGLEVALUE('Washer type',$,IFCLABEL('PLAIN'),$);
#138= IFCPROPERTYSINGLEVALUE('Washer name',$,IFCLABEL(''),$);
#139= IFCPROPERTYSINGLEVALUE('Nut count',$,IFCINTEGER(0),$);
#140= IFCPROPERTYSINGLEVALUE('Nut type',$,IFCLABEL('HEAVY_HEX'),$);
#141= IFCPROPERTYSINGLEVALUE('Nut name',$,IFCLABEL(''),$);
#142= IFCPROPERTYSINGLEVALUE('Slotted hole y',$,IFCLENGTHMEASURE(0.),$);
#143= IFCPROPERTYSINGLEVALUE('Slotted hole x',$,IFCLENGTHMEASURE(0.),$);
#144= IFCPROPERTYSINGLEVALUE('Bolt hole diameter',$,IFCLENGTHMEASURE(30.),$);
#145= IFCPROPERTYSINGLEVALUE('Location',$,IFCLABEL('Site'),$);
#146= IFCPROPERTYSINGLEVALUE('Bolt count',$,IFCINTEGER(1),$);
#147= IFCPROPERTYSINGLEVALUE('Bolt size',$,IFCLENGTHMEASURE(30.),$);
#148= IFCPROPERTYSINGLEVALUE('Bolt length',$,IFCLENGTHMEASURE(20.),$);
#149= IFCPROPERTYSINGLEVALUE('Bolt standard',$,IFCLABEL(''),$);
#150= IFCPROPERTYSINGLEVALUE('Bolt Name',$,IFCLABEL(''),$);
#151= IFCPROPERTYSET('2iU_nYO2L91v1v7jiowTOD',#5,'Tekla Bolt','Bolt Properties',(#135,#136,#137,#138,#139,#140,#141,#142,#143,#144,#145,#146,#147,#148,#149,#150));
#152= IFCMATERIAL('Undefined');
#153= IFCOWNERHISTORY(#3,#4,$,.NOCHANGE.,$,$,$,1770796800);
#154= IFCCARTESIANPOINT((15.,-10.,0.));
#155= IFCCARTESIANPOINT((12.9903810567663,-10.,7.50000000000045));
#156= IFCCARTESIANPOINT((7.4999999999991,-10.,12.9903810567671));
#157= IFCCARTESIANPOINT((-1.55450397240048E-12,-10.,15.));
#158= IFCCARTESIANPOINT((-7.50000000000179,-10.,12.9903810567655));
#159= IFCCARTESIANPOINT((-12.9903810567679,-10.,7.49999999999776));
#160= IFCCARTESIANPOINT((-15.,-10.,-3.10900794480097E-12));
#161= IFCCARTESIANPOINT((-12.9903810567648,-10.,-7.50000000000313));
#162= IFCCARTESIANPOINT((-7.49999999999642,-10.,-12.9903810567686));
#163= IFCCARTESIANPOINT((4.64685857183207E-12,-10.,-15.));
#164= IFCCARTESIANPOINT((7.50000000000448,-10.,-12.990381056764));
#165= IFCCARTESIANPOINT((12.9903810567694,-10.,-7.49999999999507));
#166= IFCCARTESIANPOINT((15.,10.1,0.));
#167= IFCCARTESIANPOINT((12.9903810567663,10.1,7.50000000000045));
#168= IFCCARTESIANPOINT((7.4999999999991,10.1,12.9903810567671));
#169= IFCCARTESIANPOINT((-1.55450397240048E-12,10.1,15.));
#170= IFCCARTESIANPOINT((-7.50000000000179,10.1,12.9903810567655));
#171= IFCCARTESIANPOINT((-12.9903810567679,10.1,7.49999999999776));
#172= IFCCARTESIANPOINT((-15.,10.1,-3.10900794480097E-12));
#173= IFCCARTESIANPOINT((-12.9903810567648,10.1,-7.50000000000313));
#174= IFCCARTESIANPOINT((-7.49999999999642,10.1,-12.9903810567686));
#175= IFCCARTESIANPOINT((4.64685857183207E-12,10.1,-15.));
#176= IFCCARTESIANPOINT((7.50000000000448,10.1,-12.990381056764));
#177= IFCCARTESIANPOINT((12.9903810567694,10.1,-7.49999999999507));
#178= IFCPOLYLOOP((#154,#155,#156,#157,#158,#159,#160,#161,#162,#163,#164,#165));
#179= IFCFACEOUTERBOUND(#178,.T.);
#180= IFCFACE((#179));
#181= IFCPOLYLOOP((#177,#176,#175,#174,#173,#172,#171,#170,#169,#168,#167,#166));
#182= IFCFACEOUTERBOUND(#181,.T.);
#183= IFCFACE((#182));
#184= IFCPOLYLOOP((#154,#166,#167,#155));
#185= IFCFACEOUTERBOUND(#184,.T.);
#186= IFCFACE((#185));
#187= IFCPOLYLOOP((#155,#167,#168,#156));
#188= IFCFACEOUTERBOUND(#187,.T.);
#189= IFCFACE((#188));
#190= IFCPOLYLOOP((#156,#168,#169,#157));
#191= IFCFACEOUTERBOUND(#190,.T.);
#192= IFCFACE((#191));
#193= IFCPOLYLOOP((#157,#169,#170,#158));
#194= IFCFACEOUTERBOUND(#193,.T.);
#195= IFCFACE((#194));
#196= IFCPOLYLOOP((#158,#170,#171,#159));
#197= IFCFACEOUTERBOUND(#196,.T.);
#198= IFCFACE((#197));
#199= IFCPOLYLOOP((#159,#171,#172,#160));
#200= IFCFACEOUTERBOUND(#199,.T.);
#201= IFCFACE((#200));
#202= IFCPOLYLOOP((#160,#172,#173,#161));
#203= IFCFACEOUTERBOUND(#202,.T.);
#204= IFCFACE((#203));
#205= IFCPOLYLOOP((#161,#173,#174,#162));
#206= IFCFACEOUTERBOUND(#205,.T.);
#207= IFCFACE((#206));
#208= IFCPOLYLOOP((#162,#174,#175,#163));
#209= IFCFACEOUTERBOUND(#208,.T.);
#210= IFCFACE((#209));
#211= IFCPOLYLOOP((#163,#175,#176,#164));
#212= IFCFACEOUTERBOUND(#211,.T.);
#213= IFCFACE((#212));
#214= IFCPOLYLOOP((#164,#176,#177,#165));
#215= IFCFACEOUTERBOUND(#214,.T.);
#216= IFCFACE((#215));
#217= IFCPOLYLOOP((#165,#177,#166,#154));
#218= IFCFACEOUTERBOUND(#217,.T.);
#219= IFCFACE((#218));
#220= IFCCLOSEDSHELL((#180,#183,#186,#189,#192,#195,#198,#201,#204,#207,#210,#213,#216,#219));
#221= IFCFACETEDBREP(#220);
#222= IFCSTYLEDITEM(#221,(#119),$);
#223= IFCSHAPEREPRESENTATION(#12,'Body','Brep',(#221));
#224= IFCREPRESENTATIONMAP(#10,#223);
#225= IFCMAPPEDITEM(#224,#122);
#226= IFCSHAPEREPRESENTATION(#12,'Body','MappedRepresentation',(#225));
#227= IFCPRODUCTDEFINITIONSHAPE($,$,(#226));
#228= IFCCARTESIANPOINT((56759.9874937124,27079.4133569336,10375.326515392));
#229= IFCDIRECTION((-1.,0.,0.));
#230= IFCAXIS2PLACEMENT3D(#228,#229,#9);
#231= IFCLOCALPLACEMENT(#42,#230);
#232= IFCMECHANICALFASTENER('0ZShMAjYn9VAVZdOKIUzlZ',#153,'Bolt assembly',$,$,#231,#227,'ID2372b58a-b62c-497c-a7e3-9d85127bdbe3',28.,20.);
#233= IFCMAPPEDITEM(#224,#122);
#234= IFCSHAPEREPRESENTATION(#12,'Body','MappedRepresentation',(#233));
#235= IFCPRODUCTDEFINITIONSHAPE($,$,(#234));
#236= IFCCARTESIANPOINT((56759.9874937124,27079.4133569336,9975.32651539197));
#237= IFCAXIS2PLACEMENT3D(#236,#229,#9);
#238= IFCLOCALPLACEMENT(#42,#237);
#239= IFCMECHANICALFASTENER('0BFrEknID7L9JDgd632PrO',#153,'Bolt assembly',$,$,#238,#235,'ID0b3f53ae-c523-4754-94cd-aa7183099d58',28.,20.);
#240= IFCMAPPEDITEM(#224,#122);
#241= IFCSHAPEREPRESENTATION(#12,'Body','MappedRepresentation',(#240));
#242= IFCPRODUCTDEFINITIONSHAPE($,$,(#241));
#243= IFCCARTESIANPOINT((56759.9874937124,27079.4133569336,9775.32651539197));
#244= IFCAXIS2PLACEMENT3D(#243,#229,#9);
#245= IFCLOCALPLACEMENT(#42,#244);
#246= IFCMECHANICALFASTENER('3BUTTSk6X0W8RVqxIEXYIB',#153,'Bolt assembly',$,$,#245,#242,'IDcb79d75c-b868-4080-86df-d3b48e86248b',28.,20.);
#247= IFCMAPPEDITEM(#224,#122);
#248= IFCSHAPEREPRESENTATION(#12,'Body','MappedRepresentation',(#247));
#249= IFCPRODUCTDEFINITIONSHAPE($,$,(#248));
#250= IFCCARTESIANPOINT((56759.9874937124,27079.4133569336,9575.32651539197));
#251= IFCAXIS2PLACEMENT3D(#250,#229,#9);
#252= IFCLOCALPLACEMENT(#42,#251);
#253= IFCMECHANICALFASTENER('0yXLgHA79CvgmUQQI8rj6M',#153,'Bolt assembly',$,$,#252,#249,'ID3c855a91-2872-4ce6-ac1e-69a488d6d196',28.,20.);
#254= IFCMAPPEDITEM(#224,#122);
#255= IFCSHAPEREPRESENTATION(#12,'Body','MappedRepresentation',(#254));
#256= IFCPRODUCTDEFINITIONSHAPE($,$,(#255));
#257= IFCCARTESIANPOINT((56419.9874937124,27079.4133569336,9575.32651539197));
#258= IFCAXIS2PLACEMENT3D(#257,#229,#9);
#259= IFCLOCALPLACEMENT(#42,#258);
#260= IFCMECHANICALFASTENER('3He1arE5r1Pv6hlhBhMtLO',#153,'Bolt assembly',$,$,#259,#256,'IDd1a01935-385d-4167-91ab-beb2eb5b7558',28.,20.);
#261= IFCMAPPEDITEM(#224,#122);
#262= IFCSHAPEREPRESENTATION(#12,'Body','MappedRepresentation',(#261));
#263= IFCPRODUCTDEFINITIONSHAPE($,$,(#262));
#264= IFCCARTESIANPOINT((56419.9874937124,27079.4133569336,9775.32651539197));
#265= IFCAXIS2PLACEMENT3D(#264,#229,#9);
#266= IFCLOCALPLACEMENT(#42,#265);
#267= IFCMECHANICALFASTENER('2CYdAUMIr21PPwgWH6U7Jd',#153,'Bolt assembly',$,$,#266,#263,'ID8c8a729e-592d-4205-967a-aa04467874e7',28.,20.);
#268= IFCMAPPEDITEM(#224,#122);
#269= IFCSHAPEREPRESENTATION(#12,'Body','MappedRepresentation',(#268));
#270= IFCPRODUCTDEFINITIONSHAPE($,$,(#269));
#271= IFCCARTESIANPOINT((56419.9874937124,27079.4133569336,9975.32651539197));
#272= IFCAXIS2PLACEMENT3D(#271,#229,#9);
#273= IFCLOCALPLACEMENT(#42,#272);
#274= IFCMECHANICALFASTENER('3xY7CIumT4jQ8ms$PfpndQ',#153,'Bolt assembly',$,$,#273,#270,'IDfb887312-e307-44b5-a230-dbf669cf19da',28.,20.);
#275= IFCMAPPEDITEM(#224,#122);
#276= IFCSHAPEREPRESENTATION(#12,'Body','MappedRepresentation',(#275));
#277= IFCPRODUCTDEFINITIONSHAPE($,$,(#276));
#278= IFCCARTESIANPOINT((56419.9874937124,27079.4133569336,10375.326515392));
#279= IFCAXIS2PLACEMENT3D(#278,#229,#9);
#280= IFCLOCALPLACEMENT(#42,#279);
#281= IFCMECHANICALFASTENER('0oCqlGILvF6ehIW3LwmW2F',#153,'Bolt assembly',$,$,#280,#277,'ID32334bd0-495e-4f1a-8ad2-80357ac2008f',28.,20.);
#282= IFCMAPPEDITEM(#224,#122);
#283= IFCSHAPEREPRESENTATION(#12,'Body','MappedRepresentation',(#282));
#284= IFCPRODUCTDEFINITIONSHAPE($,$,(#283));
#285= IFCCARTESIANPOINT((56419.9874937124,27079.4133569336,10575.326515392));
#286= IFCAXIS2PLACEMENT3D(#285,#229,#9);
#287= IFCLOCALPLACEMENT(#42,#286);
#288= IFCMECHANICALFASTENER('0Xj8bQDvD72R9TryW8wCrD',#153,'Bolt assembly',$,$,#287,#284,'ID21b4895a-3793-4709-b25d-d7c808e8cd4d',28.,20.);
#289= IFCMAPPEDITEM(#224,#122);
#290= IFCSHAPEREPRESENTATION(#12,'Body','MappedRepresentation',(#289));
#291= IFCPRODUCTDEFINITIONSHAPE($,$,(#290));
#292= IFCCARTESIANPOINT((56419.9874937124,27079.4133569336,10775.326515392));
#293= IFCAXIS2PLACEMENT3D(#292,#229,#9);
#294= IFCLOCALPLACEMENT(#42,#293);
#295= IFCMECHANICALFASTENER('13b0BWCvD0TAWKg6fyd527',#153,'Bolt assembly',$,$,#294,#291,'ID439402e0-3393-4074-a814-a86a7c9c5087',28.,20.);
#296= IFCMAPPEDITEM(#224,#122);
#297= IFCSHAPEREPRESENTATION(#12,'Body','MappedRepresentation',(#296));
#298= IFCPRODUCTDEFINITIONSHAPE($,$,(#297));
#299= IFCCARTESIANPOINT((56759.9874937124,27079.4133569336,10775.326515392));
#300= IFCAXIS2PLACEMENT3D(#299,#229,#9);
#301= IFCLOCALPLACEMENT(#42,#300);
#302= IFCMECHANICALFASTENER('0e9Kkvic9BdBGYSsya9o_y',#153,'Bolt assembly',$,$,#301,#298,'ID28254bb9-b262-4b9c-b422-736f24272fbc',28.,20.);
#303= IFCMAPPEDITEM(#124,#122);
#304= IFCSHAPEREPRESENTATION(#12,'Body','MappedRepresentation',(#303));
#305= IFCPRODUCTDEFINITIONSHAPE($,$,(#304));
#306= IFCCARTESIANPOINT((56589.9983362068,27214.2166404979,10775.3265148457));
#307= IFCAXIS2PLACEMENT3D(#306,#129,#130);
#308= IFCLOCALPLACEMENT(#42,#307);
#309= IFCMECHANICALFASTENER('08ZHQW67P2BPla2Ip8t84g',#153,'Bolt assembly',$,$,#308,#305,'ID088d16a0-1876-422d-9be4-092cc8dc812a',28.,20.);
#310= IFCMAPPEDITEM(#124,#122);
#311= IFCSHAPEREPRESENTATION(#12,'Body','MappedRepresentation',(#310));
#312= IFCPRODUCTDEFINITIONSHAPE($,$,(#311));
#313= IFCCARTESIANPOINT((56589.9983362068,27214.2166404979,10575.3265148457));
#314= IFCAXIS2PLACEMENT3D(#313,#129,#130);
#315= IFCLOCALPLACEMENT(#42,#314);
#316= IFCMECHANICALFASTENER('3swMCJAif2FxBS2LZLswQK',#153,'Bolt assembly',$,$,#315,#312,'IDf6e96313-2aca-423f-b2dc-0958d5dba694',28.,20.);
#317= IFCMAPPEDITEM(#124,#122);
#318= IFCSHAPEREPRESENTATION(#12,'Body','MappedRepresentation',(#317));
#319= IFCPRODUCTDEFINITIONSHAPE($,$,(#318));
#320= IFCCARTESIANPOINT((56589.9983362068,27214.2166404979,10375.3265148457));
#321= IFCAXIS2PLACEMENT3D(#320,#129,#130);
#322= IFCLOCALPLACEMENT(#42,#321);
#323= IFCMECHANICALFASTENER('2ZNdPOOkf3vRdcFIdm_dQ4',#153,'Bolt assembly',$,$,#322,#319,'IDa35e7658-62ea-43e5-b9e6-3d29f0fa7684',28.,20.);
#324= IFCMAPPEDITEM(#124,#122);
#325= IFCSHAPEREPRESENTATION(#12,'Body','MappedRepresentation',(#324));
#326= IFCPRODUCTDEFINITIONSHAPE($,$,(#325));
#327= IFCCARTESIANPOINT((56589.9983362079,27214.2166404979,9975.32651484568));
#328= IFCAXIS2PLACEMENT3D(#327,#129,#130);
#329= IFCLOCALPLACEMENT(#42,#328);
#330= IFCMECHANICALFASTENER('0XXniSLSvACw3e68aeqsdn',#153,'Bolt assembly',$,$,#329,#326,'ID21871b1c-55ce-4a33-a0e8-188928d369f1',28.,20.);
#331= IFCMAPPEDITEM(#124,#122);
#332= IFCSHAPEREPRESENTATION(#12,'Body','MappedRepresentation',(#331));
#333= IFCPRODUCTDEFINITIONSHAPE($,$,(#332));
#334= IFCCARTESIANPOINT((56589.9983362073,27214.2166404979,9775.32651484568));
#335= IFCAXIS2PLACEMENT3D(#334,#129,#130);
#336= IFCLOCALPLACEMENT(#42,#335);
#337= IFCMECHANICALFASTENER('2R4PKtR_v72eVfga7heRcc',#153,'Bolt assembly',$,$,#336,#333,'ID9b119537-6fee-470a-87e9-aa41eba1b9a6',28.,20.);
#338= IFCMAPPEDITEM(#124,#122);
#339= IFCSHAPEREPRESENTATION(#12,'Body','MappedRepresentation',(#338));
#340= IFCPRODUCTDEFINITIONSHAPE($,$,(#339));
#341= IFCCARTESIANPOINT((56589.9983362066,27214.2166404979,9575.32651484568));
#342= IFCAXIS2PLACEMENT3D(#341,#129,#130);
#343= IFCLOCALPLACEMENT(#42,#342);
#344= IFCMECHANICALFASTENER('0N1Lg9QKPCXxXrsaKpg0Qj',#153,'Bolt assembly',$,$,#343,#340,'ID17055a89-6946-4c87-b875-da4533a806ad',28.,20.);
#345= IFCCARTESIANPOINT((30.,-0.000163425971077658,0.));
#346= IFCCARTESIANPOINT((25.9807621135326,-0.000163425971077658,15.0000000000009));
#347= IFCCARTESIANPOINT((14.9999999999982,-0.000163425971077658,25.9807621135342));
#348= IFCCARTESIANPOINT((-3.10900794480097E-12,-0.000163425971077658,30.));
#349= IFCCARTESIANPOINT((-15.0000000000036,-0.000163425971077658,25.9807621135311));
#350= IFCCARTESIANPOINT((-25.9807621135357,-0.000163425971077658,14.9999999999955));
#351= IFCCARTESIANPOINT((-30.,-0.000163425971077658,-6.21801588960193E-12));
#352= IFCCARTESIANPOINT((-25.9807621135295,-0.000163425971077658,-15.0000000000063));
#353= IFCCARTESIANPOINT((-14.9999999999928,-0.000163425971077658,-25.9807621135373));
#354= IFCCARTESIANPOINT((9.29371714366415E-12,-0.000163425971077658,-30.));
#355= IFCCARTESIANPOINT((15.000000000009,-0.000163425971077658,-25.980762113528));
#356= IFCCARTESIANPOINT((25.9807621135389,-0.000163425971077658,-14.9999999999901));
#357= IFCCARTESIANPOINT((30.,8.09983657421609,0.));
#358= IFCCARTESIANPOINT((25.9807621135326,8.09983657421609,15.0000000000009));
#359= IFCCARTESIANPOINT((14.9999999999982,8.09983657421609,25.9807621135342));
#360= IFCCARTESIANPOINT((-3.10900794480097E-12,8.09983657421609,30.));
#361= IFCCARTESIANPOINT((-15.0000000000036,8.09983657421609,25.9807621135311));
#362= IFCCARTESIANPOINT((-25.9807621135357,8.09983657421609,14.9999999999955));
#363= IFCCARTESIANPOINT((-30.,8.09983657421609,-6.21801588960193E-12));
#364= IFCCARTESIANPOINT((-25.9807621135295,8.09983657421609,-15.0000000000063));
#365= IFCCARTESIANPOINT((-14.9999999999928,8.09983657421609,-25.9807621135373));
#366= IFCCARTESIANPOINT((9.29371714366415E-12,8.09983657421609,-30.));
#367= IFCCARTESIANPOINT((15.000000000009,8.09983657421609,-25.980762113528));
#368= IFCCARTESIANPOINT((25.9807621135389,8.09983657421609,-14.9999999999901));
#369= IFCPOLYLOOP((#345,#346,#347,#348,#349,#350,#351,#352,#353,#354,#355,#356));
#370= IFCFACEOUTERBOUND(#369,.T.);
#371= IFCFACE((#370));
#372= IFCPOLYLOOP((#368,#367,#366,#365,#364,#363,#362,#361,#360,#359,#358,#357));
#373= IFCFACEOUTERBOUND(#372,.T.);
#374= IFCFACE((#373));
#375= IFCPOLYLOOP((#345,#357,#358,#346));
#376= IFCFACEOUTERBOUND(#375,.T.);
#377= IFCFACE((#376));
#378= IFCPOLYLOOP((#346,#358,#359,#347));
#379= IFCFACEOUTERBOUND(#378,.T.);
#380= IFCFACE((#379));
#381= IFCPOLYLOOP((#347,#359,#360,#348));
#382= IFCFACEOUTERBOUND(#381,.T.);
#383= IFCFACE((#382));
#384= IFCPOLYLOOP((#348,#360,#361,#349));
#385= IFCFACEOUTERBOUND(#384,.T.);
#386= IFCFACE((#385));
#387= IFCPOLYLOOP((#349,#361,#362,#350));
#388= IFCFACEOUTERBOUND(#387,.T.);
#389= IFCFACE((#388));
#390= IFCPOLYLOOP((#350,#362,#363,#351));
#391= IFCFACEOUTERBOUND(#390,.T.);
#392= IFCFACE((#391));
#393= IFCPOLYLOOP((#351,#363,#364,#352));
#394= IFCFACEOUTERBOUND(#393,.T.);
#395= IFCFACE((#394));
#396= IFCPOLYLOOP((#352,#364,#365,#353));
#397= IFCFACEOUTERBOUND(#396,.T.);
#398= IFCFACE((#397));
#399= IFCPOLYLOOP((#353,#365,#366,#354));
#400= IFCFACEOUTERBOUND(#399,.T.);
#401= IFCFACE((#400));
#402= IFCPOLYLOOP((#354,#366,#367,#355));
#403= IFCFACEOUTERBOUND(#402,.T.);
#404= IFCFACE((#403));
#405= IFCPOLYLOOP((#355,#367,#368,#356));
#406= IFCFACEOUTERBOUND(#405,.T.);
#407= IFCFACE((#406));
#408= IFCPOLYLOOP((#356,#368,#357,#345));
#409= IFCFACEOUTERBOUND(#408,.T.);
#410= IFCFACE((#409));
#411= IFCCLOSEDSHELL((#371,#374,#377,#380,#383,#386,#389,#392,#395,#398,#401,#404,#407,#410));
#412= IFCFACETEDBREP(#411);
#413= IFCSTYLEDITEM(#412,(#119),$);
#414= IFCSHAPEREPRESENTATION(#12,'Body','Brep',(#412));
#415= IFCREPRESENTATIONMAP(#10,#414);
#416= IFCMAPPEDITEM(#415,#122);
#417= IFCSHAPEREPRESENTATION(#12,'Body','MappedRepresentation',(#416));
#418= IFCPRODUCTDEFINITIONSHAPE($,$,(#417));
#419= IFCCARTESIANPOINT((56579.9932572676,27209.4082076447,10474.3265148479));
#420= IFCAXIS2PLACEMENT3D(#419,#8,#229);
#421= IFCLOCALPLACEMENT(#42,#420);
#422= IFCMECHANICALFASTENER('07gkcMk7r8ue0fAYXrK4Vw',#153,'Bolt assembly',$,$,#421,#418,'ID07aae996-b87d-48e2-8029-2a28755047fa',58.,8.);
#423= IFCPROPERTYSINGLEVALUE('Washer diameter',$,IFCLENGTHMEASURE(58.),$);
#424= IFCPROPERTYSINGLEVALUE('Bolt hole diameter',$,IFCLENGTHMEASURE(60.),$);
#425= IFCPROPERTYSINGLEVALUE('Bolt size',$,IFCLENGTHMEASURE(60.),$);
#426= IFCPROPERTYSINGLEVALUE('Bolt length',$,IFCLENGTHMEASURE(8.),$);
#427= IFCPROPERTYSET('3Xt3ivJ8L1HPqnmAQob3Nq',#5,'Tekla Bolt','Bolt Properties',(#135,#423,#137,#138,#139,#140,#141,#142,#143,#424,#145,#146,#425,#426,#149,#150));
#428= IFCCARTESIANPOINT((30.,0.000179900300754099,0.));
#429= IFCCARTESIANPOINT((25.9807621135326,0.000179900300754099,15.0000000000009));
#430= IFCCARTESIANPOINT((14.9999999999982,0.000179900300754099,25.9807621135342));
#431= IFCCARTESIANPOINT((-3.10900794480097E-12,0.000179900300754099,30.));
#432= IFCCARTESIANPOINT((-15.0000000000036,0.000179900300754099,25.9807621135311));
#433= IFCCARTESIANPOINT((-25.9807621135357,0.000179900300754099,14.9999999999955));
#434= IFCCARTESIANPOINT((-30.,0.000179900300754099,-6.21801588960193E-12));
#435= IFCCARTESIANPOINT((-25.9807621135295,0.000179900300754099,-15.0000000000063));
#436= IFCCARTESIANPOINT((-14.9999999999928,0.000179900300754099,-25.9807621135373));
#437= IFCCARTESIANPOINT((9.29371714366415E-12,0.000179900300754099,-30.));
#438= IFCCARTESIANPOINT((15.000000000009,0.000179900300754099,-25.980762113528));
#439= IFCCARTESIANPOINT((25.9807621135389,0.000179900300754099,-14.9999999999901));
#440= IFCCARTESIANPOINT((30.,8.10017990048792,0.));
#441= IFCCARTESIANPOINT((25.9807621135326,8.10017990048792,15.0000000000009));
#442= IFCCARTESIANPOINT((14.9999999999982,8.10017990048792,25.9807621135342));
#443= IFCCARTESIANPOINT((-3.10900794480097E-12,8.10017990048792,30.));
#444= IFCCARTESIANPOINT((-15.0000000000036,8.10017990048792,25.9807621135311));
#445= IFCCARTESIANPOINT((-25.9807621135357,8.10017990048792,14.9999999999955));
#446= IFCCARTESIANPOINT((-30.,8.10017990048792,-6.21801588960193E-12));
#447= IFCCARTESIANPOINT((-25.9807621135295,8.10017990048792,-15.0000000000063));
#448= IFCCARTESIANPOINT((-14.9999999999928,8.10017990048792,-25.9807621135373));
#449= IFCCARTESIANPOINT((9.29371714366415E-12,8.10017990048792,-30.));
#450= IFCCARTESIANPOINT((15.000000000009,8.10017990048792,-25.980762113528));
#451= IFCCARTESIANPOINT((25.9807621135389,8.10017990048792,-14.9999999999901));
#452= IFCPOLYLOOP((#428,#429,#430,#431,#432,#433,#434,#435,#436,#437,#438,#439));
#453= IFCFACEOUTERBOUND(#452,.T.);
#454= IFCFACE((#453));
#455= IFCPOLYLOOP((#451,#450,#449,#448,#447,#446,#445,#444,#443,#442,#441,#440));
#456= IFCFACEOUTERBOUND(#455,.T.);
#457= IFCFACE((#456));
#458= IFCPOLYLOOP((#428,#440,#441,#429));
#459= IFCFACEOUTERBOUND(#458,.T.);
#460= IFCFACE((#459));
#461= IFCPOLYLOOP((#429,#441,#442,#430));
#462= IFCFACEOUTERBOUND(#461,.T.);
#463= IFCFACE((#462));
#464= IFCPOLYLOOP((#430,#442,#443,#431));
#465= IFCFACEOUTERBOUND(#464,.T.);
#466= IFCFACE((#465));
#467= IFCPOLYLOOP((#431,#443,#444,#432));
#468= IFCFACEOUTERBOUND(#467,.T.);
#469= IFCFACE((#468));
#470= IFCPOLYLOOP((#432,#444,#445,#433));
#471= IFCFACEOUTERBOUND(#470,.T.);
#472= IFCFACE((#471));
#473= IFCPOLYLOOP((#433,#445,#446,#434));
#474= IFCFACEOUTERBOUND(#473,.T.);
#475= IFCFACE((#474));
#476= IFCPOLYLOOP((#434,#446,#447,#435));
#477= IFCFACEOUTERBOUND(#476,.T.);
#478= IFCFACE((#477));
#479= IFCPOLYLOOP((#435,#447,#448,#436));
#480= IFCFACEOUTERBOUND(#479,.T.);
#481= IFCFACE((#480));
#482= IFCPOLYLOOP((#436,#448,#449,#437));
#483= IFCFACEOUTERBOUND(#482,.T.);
#484= IFCFACE((#483));
#485= IFCPOLYLOOP((#437,#449,#450,#438));
#486= IFCFACEOUTERBOUND(#485,.T.);
#487= IFCFACE((#486));
#488= IFCPOLYLOOP((#438,#450,#451,#439));
#489= IFCFACEOUTERBOUND(#488,.T.);
#490= IFCFACE((#489));
#491= IFCPOLYLOOP((#439,#451,#440,#428));
#492= IFCFACEOUTERBOUND(#491,.T.);
#493= IFCFACE((#492));
#494= IFCCLOSEDSHELL((#454,#457,#460,#463,#466,#469,#472,#475,#478,#481,#484,#487,#490,#493));
#495= IFCFACETEDBREP(#494);
#496= IFCSTYLEDITEM(#495,(#119),$);
#497= IFCSHAPEREPRESENTATION(#12,'Body','Brep',(#495));
#498= IFCREPRESENTATIONMAP(#10,#497);
#499= IFCMAPPEDITEM(#498,#122);
#500= IFCSHAPEREPRESENTATION(#12,'Body','MappedRepresentation',(#499));
#501= IFCPRODUCTDEFINITIONSHAPE($,$,(#500));
#502= IFCCARTESIANPOINT((56699.993257267,27209.4082076443,10474.3265148479));
#503= IFCAXIS2PLACEMENT3D(#502,#8,#229);
#504= IFCLOCALPLACEMENT(#42,#503);
#505= IFCMECHANICALFASTENER('1JImGaGTD4D9NXtBoB6xRk',#153,'Bolt assembly',$,$,#504,#501,'ID534b0424-41d3-4434-95e1-dcbc8b1bb6ee',58.,8.);
#506= IFCCARTESIANPOINT((10.,-6.00057483932441,0.));
#507= IFCCARTESIANPOINT((8.66025403784421,-6.00057483932441,5.0000000000003));
#508= IFCCARTESIANPOINT((4.9999999999994,-6.00057483932441,8.66025403784473));
#509= IFCCARTESIANPOINT((-1.03633598160032E-12,-6.00057483932441,10.));
#510= IFCCARTESIANPOINT((-5.00000000000119,-6.00057483932441,8.6602540378437));
#511= IFCCARTESIANPOINT((-8.66025403784525,-6.00057483932441,4.99999999999851));
#512= IFCCARTESIANPOINT((-10.,-6.00057483932441,-2.07267196320065E-12));
#513= IFCCARTESIANPOINT((-8.66025403784318,-6.00057483932441,-5.00000000000209));
#514= IFCCARTESIANPOINT((-4.99999999999761,-6.00057483932441,-8.66025403784576));
#515= IFCCARTESIANPOINT((3.09790571455472E-12,-6.00057483932441,-10.));
#516= IFCCARTESIANPOINT((5.00000000000299,-6.00057483932441,-8.66025403784266));
#517= IFCCARTESIANPOINT((8.66025403784628,-6.00057483932441,-4.99999999999671));
#518= IFCCARTESIANPOINT((10.,6.09942516321801,0.));
#519= IFCCARTESIANPOINT((8.66025403784421,6.09942516321801,5.0000000000003));
#520= IFCCARTESIANPOINT((4.9999999999994,6.09942516321801,8.66025403784473));
#521= IFCCARTESIANPOINT((-1.03633598160032E-12,6.09942516321801,10.));
#522= IFCCARTESIANPOINT((-5.00000000000119,6.09942516321801,8.6602540378437));
#523= IFCCARTESIANPOINT((-8.66025403784525,6.09942516321801,4.99999999999851));
#524= IFCCARTESIANPOINT((-10.,6.09942516321801,-2.07267196320065E-12));
#525= IFCCARTESIANPOINT((-8.66025403784318,6.09942516321801,-5.00000000000209));
#526= IFCCARTESIANPOINT((-4.99999999999761,6.09942516321801,-8.66025403784576));
#527= IFCCARTESIANPOINT((3.09790571455472E-12,6.09942516321801,-10.));
#528= IFCCARTESIANPOINT((5.00000000000299,6.09942516321801,-8.66025403784266));
#529= IFCCARTESIANPOINT((8.66025403784628,6.09942516321801,-4.99999999999671));
#530= IFCPOLYLOOP((#506,#507,#508,#509,#510,#511,#512,#513,#514,#515,#516,#517));
#531= IFCFACEOUTERBOUND(#530,.T.);
#532= IFCFACE((#531));
#533= IFCPOLYLOOP((#529,#528,#527,#526,#525,#524,#523,#522,#521,#520,#519,#518));
#534= IFCFACEOUTERBOUND(#533,.T.);
#535= IFCFACE((#534));
#536= IFCPOLYLOOP((#506,#518,#519,#507));
#537= IFCFACEOUTERBOUND(#536,.T.);
#538= IFCFACE((#537));
#539= IFCPOLYLOOP((#507,#519,#520,#508));
#540= IFCFACEOUTERBOUND(#539,.T.);
#541= IFCFACE((#540));
#542= IFCPOLYLOOP((#508,#520,#521,#509));
#543= IFCFACEOUTERBOUND(#542,.T.);
#544= IFCFACE((#543));
#545= IFCPOLYLOOP((#509,#521,#522,#510));
#546= IFCFACEOUTERBOUND(#545,.T.);
#547= IFCFACE((#546));
#548= IFCPOLYLOOP((#510,#522,#523,#511));
#549= IFCFACEOUTERBOUND(#548,.T.);
#550= IFCFACE((#549));
#551= IFCPOLYLOOP((#511,#523,#524,#512));
#552= IFCFACEOUTERBOUND(#551,.T.);
#553= IFCFACE((#552));
#554= IFCPOLYLOOP((#512,#524,#525,#513));
#555= IFCFACEOUTERBOUND(#554,.T.);
#556= IFCFACE((#555));
#557= IFCPOLYLOOP((#513,#525,#526,#514));
#558= IFCFACEOUTERBOUND(#557,.T.);
#559= IFCFACE((#558));
#560= IFCPOLYLOOP((#514,#526,#527,#515));
#561= IFCFACEOUTERBOUND(#560,.T.);
#562= IFCFACE((#561));
#563= IFCPOLYLOOP((#515,#527,#528,#516));
#564= IFCFACEOUTERBOUND(#563,.T.);
#565= IFCFACE((#564));
#566= IFCPOLYLOOP((#516,#528,#529,#517));
#567= IFCFACEOUTERBOUND(#566,.T.);
#568= IFCFACE((#567));
#569= IFCPOLYLOOP((#517,#529,#518,#506));
#570= IFCFACEOUTERBOUND(#569,.T.);
#571= IFCFACE((#570));
#572= IFCCLOSEDSHELL((#532,#535,#538,#541,#544,#547,#550,#553,#556,#559,#562,#565,#568,#571));
#573= IFCFACETEDBREP(#572);
#574= IFCSTYLEDITEM(#573,(#119),$);
#575= IFCSHAPEREPRESENTATION(#12,'Body','Brep',(#573));
#576= IFCREPRESENTATIONMAP(#10,#575);
#577= IFCMAPPEDITEM(#576,#122);
#578= IFCSHAPEREPRESENTATION(#12,'Body','MappedRepresentation',(#577));
#579= IFCPRODUCTDEFINITIONSHAPE($,$,(#578));
#580= IFCCARTESIANPOINT((56520.0026671405,27124.4040599772,10778.9999809231));
#581= IFCAXIS2PLACEMENT3D(#580,#8,#129);
#582= IFCLOCALPLACEMENT(#42,#581);
#583= IFCMECHANICALFASTENER('1i8CHSp3v7uh1T19UVfiwf',#153,'Bolt assembly',$,$,#582,#579,'ID6c20c45c-cc3e-47e2-b05d-04979fa6cea9',18.,12.);
#584= IFCPROPERTYSINGLEVALUE('Washer diameter',$,IFCLENGTHMEASURE(18.),$);
#585= IFCPROPERTYSINGLEVALUE('Bolt hole diameter',$,IFCLENGTHMEASURE(20.),$);
#586= IFCPROPERTYSINGLEVALUE('Bolt size',$,IFCLENGTHMEASURE(20.),$);
#587= IFCPROPERTYSINGLEVALUE('Bolt length',$,IFCLENGTHMEASURE(12.),$);
#588= IFCPROPERTYSET('3h96J1M1P6l8Lk1lDqsz1W',#5,'Tekla Bolt','Bolt Properties',(#135,#584,#137,#138,#139,#140,#141,#142,#143,#585,#145,#146,#586,#587,#149,#150));
#589= IFCCARTESIANPOINT((10.,-18.0005748394554,0.));
#590= IFCCARTESIANPOINT((8.66025403784421,-18.0005748394554,5.0000000000003));
#591= IFCCARTESIANPOINT((4.9999999999994,-18.0005748394554,8.66025403784473));
#592= IFCCARTESIANPOINT((-1.03633598160032E-12,-18.0005748394554,10.));
#593= IFCCARTESIANPOINT((-5.00000000000119,-18.0005748394554,8.6602540378437));
#594= IFCCARTESIANPOINT((-8.66025403784525,-18.0005748394554,4.99999999999851));
#595= IFCCARTESIANPOINT((-10.,-18.0005748394554,-2.07267196320065E-12));
#596= IFCCARTESIANPOINT((-8.66025403784318,-18.0005748394554,-5.00000000000209));
#597= IFCCARTESIANPOINT((-4.99999999999761,-18.0005748394554,-8.66025403784576));
#598= IFCCARTESIANPOINT((3.09790571455472E-12,-18.0005748394554,-10.));
#599= IFCCARTESIANPOINT((5.00000000000299,-18.0005748394554,-8.66025403784266));
#600= IFCCARTESIANPOINT((8.66025403784628,-18.0005748394554,-4.99999999999671));
#601= IFCCARTESIANPOINT((10.,-5.9005748359307,0.));
#602= IFCCARTESIANPOINT((8.66025403784421,-5.9005748359307,5.0000000000003));
#603= IFCCARTESIANPOINT((4.9999999999994,-5.9005748359307,8.66025403784473));
#604= IFCCARTESIANPOINT((-1.03633598160032E-12,-5.9005748359307,10.));
#605= IFCCARTESIANPOINT((-5.00000000000119,-5.9005748359307,8.6602540378437));
#606= IFCCARTESIANPOINT((-8.66025403784525,-5.9005748359307,4.99999999999851));
#607= IFCCARTESIANPOINT((-10.,-5.9005748359307,-2.07267196320065E-12));
#608= IFCCARTESIANPOINT((-8.66025403784318,-5.9005748359307,-5.00000000000209));
#609= IFCCARTESIANPOINT((-4.99999999999761,-5.9005748359307,-8.66025403784576));
#610= IFCCARTESIANPOINT((3.09790571455472E-12,-5.9005748359307,-10.));
#611= IFCCARTESIANPOINT((5.00000000000299,-5.9005748359307,-8.66025403784266));
#612= IFCCARTESIANPOINT((8.66025403784628,-5.9005748359307,-4.99999999999671));
#613= IFCPOLYLOOP((#589,#590,#591,#592,#593,#594,#595,#596,#597,#598,#599,#600));
#614= IFCFACEOUTERBOUND(#613,.T.);
#615= IFCFACE((#614));
#616= IFCPOLYLOOP((#612,#611,#610,#609,#608,#607,#606,#605,#604,#603,#602,#601));
#617= IFCFACEOUTERBOUND(#616,.T.);
#618= IFCFACE((#617));
#619= IFCPOLYLOOP((#589,#601,#602,#590));
#620= IFCFACEOUTERBOUND(#619,.T.);
#621= IFCFACE((#620));
#622= IFCPOLYLOOP((#590,#602,#603,#591));
#623= IFCFACEOUTERBOUND(#622,.T.);
#624= IFCFACE((#623));
#625= IFCPOLYLOOP((#591,#603,#604,#592));
#626= IFCFACEOUTERBOUND(#625,.T.);
#627= IFCFACE((#626));
#628= IFCPOLYLOOP((#592,#604,#605,#593));
#629= IFCFACEOUTERBOUND(#628,.T.);
#630= IFCFACE((#629));
#631= IFCPOLYLOOP((#593,#605,#606,#594));
#632= IFCFACEOUTERBOUND(#631,.T.);
#633= IFCFACE((#632));
#634= IFCPOLYLOOP((#594,#606,#607,#595));
#635= IFCFACEOUTERBOUND(#634,.T.);
#636= IFCFACE((#635));
#637= IFCPOLYLOOP((#595,#607,#608,#596));
#638= IFCFACEOUTERBOUND(#637,.T.);
#639= IFCFACE((#638));
#640= IFCPOLYLOOP((#596,#608,#609,#597));
#641= IFCFACEOUTERBOUND(#640,.T.);
#642= IFCFACE((#641));
#643= IFCPOLYLOOP((#597,#609,#610,#598));
#644= IFCFACEOUTERBOUND(#643,.T.);
#645= IFCFACE((#644));
#646= IFCPOLYLOOP((#598,#610,#611,#599));
#647= IFCFACEOUTERBOUND(#646,.T.);
#648= IFCFACE((#647));
#649= IFCPOLYLOOP((#599,#611,#612,#600));
#650= IFCFACEOUTERBOUND(#649,.T.);
#651= IFCFACE((#650));
#652= IFCPOLYLOOP((#600,#612,#601,#589));
#653= IFCFACEOUTERBOUND(#652,.T.);
#654= IFCFACE((#653));
#655= IFCCLOSEDSHELL((#615,#618,#621,#624,#627,#630,#633,#636,#639,#642,#645,#648,#651,#654));
#656= IFCFACETEDBREP(#655);
#657= IFCSTYLEDITEM(#656,(#119),$);
#658= IFCSHAPEREPRESENTATION(#12,'Body','Brep',(#656));
#659= IFCREPRESENTATIONMAP(#10,#658);
#660= IFCMAPPEDITEM(#659,#122);
#661= IFCSHAPEREPRESENTATION(#12,'Body','MappedRepresentation',(#660));
#662= IFCPRODUCTDEFINITIONSHAPE($,$,(#661));
#663= IFCCARTESIANPOINT((56798.0026671405,27124.4040599771,10778.9999809231));
#664= IFCAXIS2PLACEMENT3D(#663,#8,#129);
#665= IFCLOCALPLACEMENT(#42,#664);
#666= IFCMECHANICALFASTENER('1me_$q4YTFnhHxeLqTPdkr',#153,'Bolt assembly',$,$,#665,#662,'ID70a3eff4-1227-4fc6-b47b-a15d1d667bb5',18.,12.);
#667= IFCSURFACESTYLE('TS10.9',.POSITIVE.,(#46));
#668= IFCPRESENTATIONSTYLEASSIGNMENT((#667));
#669= IFCCARTESIANPOINT((11.,0.100000000114596,0.));
#670= IFCCARTESIANPOINT((9.52627944162863,0.100000000114596,5.50000000000033));
#671= IFCCARTESIANPOINT((5.49999999999934,0.100000000114596,9.5262794416292));
#672= IFCCARTESIANPOINT((-1.13996957976035E-12,0.100000000114596,11.));
#673= IFCCARTESIANPOINT((-5.50000000000131,0.100000000114596,9.52627944162807));
#674= IFCCARTESIANPOINT((-9.52627944162977,0.100000000114596,5.49999999999836));
#675= IFCCARTESIANPOINT((-11.,0.100000000114596,-2.27993915952071E-12));
#676= IFCCARTESIANPOINT((-9.5262794416275,0.100000000114596,-5.5000000000023));
#677= IFCCARTESIANPOINT((-5.49999999999737,0.100000000114596,-9.52627944163034));
#678= IFCCARTESIANPOINT((3.40769628601019E-12,0.100000000114596,-11.));
#679= IFCCARTESIANPOINT((5.50000000000328,0.100000000114596,-9.52627944162693));
#680= IFCCARTESIANPOINT((9.52627944163091,0.100000000114596,-5.49999999999638));
#681= IFCCARTESIANPOINT((11.,12.1000000001146,0.));
#682= IFCCARTESIANPOINT((9.52627944162863,12.1000000001146,5.50000000000033));
#683= IFCCARTESIANPOINT((5.49999999999934,12.1000000001146,9.5262794416292));
#684= IFCCARTESIANPOINT((-1.13996957976035E-12,12.1000000001146,11.));
#685= IFCCARTESIANPOINT((-5.50000000000131,12.1000000001146,9.52627944162807));
#686= IFCCARTESIANPOINT((-9.52627944162977,12.1000000001146,5.49999999999836));
#687= IFCCARTESIANPOINT((-11.,12.1000000001146,-2.27993915952071E-12));
#688= IFCCARTESIANPOINT((-9.5262794416275,12.1000000001146,-5.5000000000023));
#689= IFCCARTESIANPOINT((-5.49999999999737,12.1000000001146,-9.52627944163034));
#690= IFCCARTESIANPOINT((3.40769628601019E-12,12.1000000001146,-11.));
#691= IFCCARTESIANPOINT((5.50000000000328,12.1000000001146,-9.52627944162693));
#692= IFCCARTESIANPOINT((9.52627944163091,12.1000000001146,-5.49999999999638));
#693= IFCPOLYLOOP((#669,#670,#671,#672,#673,#674,#675,#676,#677,#678,#679,#680));
#694= IFCFACEOUTERBOUND(#693,.T.);
#695= IFCFACE((#694));
#696= IFCPOLYLOOP((#692,#691,#690,#689,#688,#687,#686,#685,#684,#683,#682,#681));
#697= IFCFACEOUTERBOUND(#696,.T.);
#698= IFCFACE((#697));
#699= IFCPOLYLOOP((#669,#681,#682,#670));
#700= IFCFACEOUTERBOUND(#699,.T.);
#701= IFCFACE((#700));
#702= IFCPOLYLOOP((#670,#682,#683,#671));
#703= IFCFACEOUTERBOUND(#702,.T.);
#704= IFCFACE((#703));
#705= IFCPOLYLOOP((#671,#683,#684,#672));
#706= IFCFACEOUTERBOUND(#705,.T.);
#707= IFCFACE((#706));
#708= IFCPOLYLOOP((#672,#684,#685,#673));
#709= IFCFACEOUTERBOUND(#708,.T.);
#710= IFCFACE((#709));
#711= IFCPOLYLOOP((#673,#685,#686,#674));
#712= IFCFACEOUTERBOUND(#711,.T.);
#713= IFCFACE((#712));
#714= IFCPOLYLOOP((#674,#686,#687,#675));
#715= IFCFACEOUTERBOUND(#714,.T.);
#716= IFCFACE((#715));
#717= IFCPOLYLOOP((#675,#687,#688,#676));
#718= IFCFACEOUTERBOUND(#717,.T.);
#719= IFCFACE((#718));
#720= IFCPOLYLOOP((#676,#688,#689,#677));
#721= IFCFACEOUTERBOUND(#720,.T.);
#722= IFCFACE((#721));
#723= IFCPOLYLOOP((#677,#689,#690,#678));
#724= IFCFACEOUTERBOUND(#723,.T.);
#725= IFCFACE((#724));
#726= IFCPOLYLOOP((#678,#690,#691,#679));
#727= IFCFACEOUTERBOUND(#726,.T.);
#728= IFCFACE((#727));
#729= IFCPOLYLOOP((#679,#691,#692,#680));
#730= IFCFACEOUTERBOUND(#729,.T.);
#731= IFCFACE((#730));
#732= IFCPOLYLOOP((#680,#692,#681,#669));
#733= IFCFACEOUTERBOUND(#732,.T.);
#734= IFCFACE((#733));
#735= IFCCARTESIANPOINT((30.,12.0000000001182,0.));
#736= IFCCARTESIANPOINT((29.162674857624,12.0000000001182,4.20951775601625));
#737= IFCCARTESIANPOINT((26.7781745930516,12.0000000001182,7.77817459305242));
#738= IFCCARTESIANPOINT((23.2095177560152,12.0000000001182,10.1626748576245));
#739= IFCCARTESIANPOINT((-19.0000000000011,12.0000000001182,11.));
#740= IFCCARTESIANPOINT((-24.5000000000013,12.0000000001182,9.52627944162807));
#741= IFCCARTESIANPOINT((-28.5262794416298,12.0000000001182,5.49999999999836));
#742= IFCCARTESIANPOINT((-30.,12.0000000001182,-2.27993915952071E-12));
#743= IFCCARTESIANPOINT((-28.5262794416275,12.0000000001182,-5.5000000000023));
#744= IFCCARTESIANPOINT((-24.4999999999974,12.0000000001182,-9.52627944163034));
#745= IFCCARTESIANPOINT((-18.9999999999966,12.0000000001182,-11.));
#746= IFCCARTESIANPOINT((19.0000000000034,12.0000000001182,-11.));
#747= IFCCARTESIANPOINT((24.5000000000033,12.0000000001182,-9.52627944162693));
#748= IFCCARTESIANPOINT((28.5262794416309,12.0000000001182,-5.49999999999638));
#749= IFCCARTESIANPOINT((30.,30.0000000001182,0.));
#750= IFCCARTESIANPOINT((29.162674857624,30.0000000001182,4.20951775601625));
#751= IFCCARTESIANPOINT((26.7781745930516,30.0000000001182,7.77817459305242));
#752= IFCCARTESIANPOINT((23.2095177560152,30.0000000001182,10.1626748576245));
#753= IFCCARTESIANPOINT((-19.0000000000011,30.0000000001182,11.));
#754= IFCCARTESIANPOINT((-24.5000000000013,30.0000000001182,9.52627944162807));
#755= IFCCARTESIANPOINT((-28.5262794416298,30.0000000001182,5.49999999999836));
#756= IFCCARTESIANPOINT((-30.,30.0000000001182,-2.27993915952071E-12));
#757= IFCCARTESIANPOINT((-28.5262794416275,30.0000000001182,-5.5000000000023));
#758= IFCCARTESIANPOINT((-24.4999999999974,30.0000000001182,-9.52627944163034));
#759= IFCCARTESIANPOINT((-18.9999999999966,30.0000000001182,-11.));
#760= IFCCARTESIANPOINT((19.0000000000034,30.0000000001182,-11.));
#761= IFCCARTESIANPOINT((24.5000000000033,30.0000000001182,-9.52627944162693));
#762= IFCCARTESIANPOINT((28.5262794416309,30.0000000001182,-5.49999999999638));
#763= IFCPOLYLOOP((#735,#736,#737,#738,#739,#740,#741,#742,#743,#744,#745,#746,#747,#748));
#764= IFCFACEOUTERBOUND(#763,.T.);
#765= IFCFACE((#764));
#766= IFCPOLYLOOP((#749,#762,#761,#760,#759,#758,#757,#756,#755,#754,#753,#752,#751,#750));
#767= IFCFACEOUTERBOUND(#766,.T.);
#768= IFCFACE((#767));
#769= IFCPOLYLOOP((#735,#749,#750,#736));
#770= IFCFACEOUTERBOUND(#769,.T.);
#771= IFCFACE((#770));
#772= IFCPOLYLOOP((#736,#750,#751,#737));
#773= IFCFACEOUTERBOUND(#772,.T.);
#774= IFCFACE((#773));
#775= IFCPOLYLOOP((#737,#751,#752,#738));
#776= IFCFACEOUTERBOUND(#775,.T.);
#777= IFCFACE((#776));
#778= IFCPOLYLOOP((#738,#752,#753,#739));
#779= IFCFACEOUTERBOUND(#778,.T.);
#780= IFCFACE((#779));
#781= IFCPOLYLOOP((#739,#753,#754,#740));
#782= IFCFACEOUTERBOUND(#781,.T.);
#783= IFCFACE((#782));
#784= IFCPOLYLOOP((#740,#754,#755,#741));
#785= IFCFACEOUTERBOUND(#784,.T.);
#786= IFCFACE((#785));
#787= IFCPOLYLOOP((#741,#755,#756,#742));
#788= IFCFACEOUTERBOUND(#787,.T.);
#789= IFCFACE((#788));
#790= IFCPOLYLOOP((#742,#756,#757,#743));
#791= IFCFACEOUTERBOUND(#790,.T.);
#792= IFCFACE((#791));
#793= IFCPOLYLOOP((#743,#757,#758,#744));
#794= IFCFACEOUTERBOUND(#793,.T.);
#795= IFCFACE((#794));
#796= IFCPOLYLOOP((#744,#758,#759,#745));
#797= IFCFACEOUTERBOUND(#796,.T.);
#798= IFCFACE((#797));
#799= IFCPOLYLOOP((#745,#759,#760,#746));
#800= IFCFACEOUTERBOUND(#799,.T.);
#801= IFCFACE((#800));
#802= IFCPOLYLOOP((#746,#760,#761,#747));
#803= IFCFACEOUTERBOUND(#802,.T.);
#804= IFCFACE((#803));
#805= IFCPOLYLOOP((#747,#761,#762,#748));
#806= IFCFACEOUTERBOUND(#805,.T.);
#807= IFCFACE((#806));
#808= IFCPOLYLOOP((#748,#762,#749,#735));
#809= IFCFACEOUTERBOUND(#808,.T.);
#810= IFCFACE((#809));
#811= IFCCARTESIANPOINT((30.,286.000000008173,0.));
#812= IFCCARTESIANPOINT((29.162674857624,286.000000008173,4.20951775601625));
#813= IFCCARTESIANPOINT((26.7781745930516,286.000000008173,7.77817459305242));
#814= IFCCARTESIANPOINT((23.2095177560152,286.000000008173,10.1626748576245));
#815= IFCCARTESIANPOINT((-19.0000000000011,286.000000008173,11.));
#816= IFCCARTESIANPOINT((-24.5000000000013,286.000000008173,9.52627944162807));
#817= IFCCARTESIANPOINT((-28.5262794416298,286.000000008173,5.49999999999836));
#818= IFCCARTESIANPOINT((-30.,286.000000008173,-2.27993915952071E-12));
#819= IFCCARTESIANPOINT((-28.5262794416275,286.000000008173,-5.5000000000023));
#820= IFCCARTESIANPOINT((-24.4999999999974,286.000000008173,-9.52627944163034));
#821= IFCCARTESIANPOINT((-18.9999999999966,286.000000008173,-11.));
#822= IFCCARTESIANPOINT((19.0000000000034,286.000000008173,-11.));
#823= IFCCARTESIANPOINT((24.5000000000033,286.000000008173,-9.52627944162693));
#824= IFCCARTESIANPOINT((28.5262794416309,286.000000008173,-5.49999999999638));
#825= IFCCARTESIANPOINT((30.,304.000000008173,0.));
#826= IFCCARTESIANPOINT((29.162674857624,304.000000008173,4.20951775601625));
#827= IFCCARTESIANPOINT((26.7781745930516,304.000000008173,7.77817459305242));
#828= IFCCARTESIANPOINT((23.2095177560152,304.000000008173,10.1626748576245));
#829= IFCCARTESIANPOINT((-19.0000000000011,304.000000008173,11.));
#830= IFCCARTESIANPOINT((-24.5000000000013,304.000000008173,9.52627944162807));
#831= IFCCARTESIANPOINT((-28.5262794416298,304.000000008173,5.49999999999836));
#832= IFCCARTESIANPOINT((-30.,304.000000008173,-2.27993915952071E-12));
#833= IFCCARTESIANPOINT((-28.5262794416275,304.000000008173,-5.5000000000023));
#834= IFCCARTESIANPOINT((-24.4999999999974,304.000000008173,-9.52627944163034));
#835= IFCCARTESIANPOINT((-18.9999999999966,304.000000008173,-11.));
#836= IFCCARTESIANPOINT((19.0000000000034,304.000000008173,-11.));
#837= IFCCARTESIANPOINT((24.5000000000033,304.000000008173,-9.52627944162693));
#838= IFCCARTESIANPOINT((28.5262794416309,304.000000008173,-5.49999999999638));
#839= IFCPOLYLOOP((#811,#812,#813,#814,#815,#816,#817,#818,#819,#820,#821,#822,#823,#824));
#840= IFCFACEOUTERBOUND(#839,.T.);
#841= IFCFACE((#840));
#842= IFCPOLYLOOP((#825,#838,#837,#836,#835,#834,#833,#832,#831,#830,#829,#828,#827,#826));
#843= IFCFACEOUTERBOUND(#842,.T.);
#844= IFCFACE((#843));
#845= IFCPOLYLOOP((#811,#825,#826,#812));
#846= IFCFACEOUTERBOUND(#845,.T.);
#847= IFCFACE((#846));
#848= IFCPOLYLOOP((#812,#826,#827,#813));
#849= IFCFACEOUTERBOUND(#848,.T.);
#850= IFCFACE((#849));
#851= IFCPOLYLOOP((#813,#827,#828,#814));
#852= IFCFACEOUTERBOUND(#851,.T.);
#853= IFCFACE((#852));
#854= IFCPOLYLOOP((#814,#828,#829,#815));
#855= IFCFACEOUTERBOUND(#854,.T.);
#856= IFCFACE((#855));
#857= IFCPOLYLOOP((#815,#829,#830,#816));
#858= IFCFACEOUTERBOUND(#857,.T.);
#859= IFCFACE((#858));
#860= IFCPOLYLOOP((#816,#830,#831,#817));
#861= IFCFACEOUTERBOUND(#860,.T.);
#862= IFCFACE((#861));
#863= IFCPOLYLOOP((#817,#831,#832,#818));
#864= IFCFACEOUTERBOUND(#863,.T.);
#865= IFCFACE((#864));
#866= IFCPOLYLOOP((#818,#832,#833,#819));
#867= IFCFACEOUTERBOUND(#866,.T.);
#868= IFCFACE((#867));
#869= IFCPOLYLOOP((#819,#833,#834,#820));
#870= IFCFACEOUTERBOUND(#869,.T.);
#871= IFCFACE((#870));
#872= IFCPOLYLOOP((#820,#834,#835,#821));
#873= IFCFACEOUTERBOUND(#872,.T.);
#874= IFCFACE((#873));
#875= IFCPOLYLOOP((#821,#835,#836,#822));
#876= IFCFACEOUTERBOUND(#875,.T.);
#877= IFCFACE((#876));
#878= IFCPOLYLOOP((#822,#836,#837,#823));
#879= IFCFACEOUTERBOUND(#878,.T.);
#880= IFCFACE((#879));
#881= IFCPOLYLOOP((#823,#837,#838,#824));
#882= IFCFACEOUTERBOUND(#881,.T.);
#883= IFCFACE((#882));
#884= IFCPOLYLOOP((#824,#838,#825,#811));
#885= IFCFACEOUTERBOUND(#884,.T.);
#886= IFCFACE((#885));
#887= IFCCARTESIANPOINT((11.,303.900305075529,0.));
#888= IFCCARTESIANPOINT((9.52627944162863,303.900305075529,5.50000000000033));
#889= IFCCARTESIANPOINT((5.49999999999934,303.900305075529,9.5262794416292));
#890= IFCCARTESIANPOINT((-1.13996957976035E-12,303.900305075529,11.));
#891= IFCCARTESIANPOINT((-5.50000000000131,303.900305075529,9.52627944162807));
#892= IFCCARTESIANPOINT((-9.52627944162977,303.900305075529,5.49999999999836));
#893= IFCCARTESIANPOINT((-11.,303.900305075529,-2.27993915952071E-12));
#894= IFCCARTESIANPOINT((-9.5262794416275,303.900305075529,-5.5000000000023));
#895= IFCCARTESIANPOINT((-5.49999999999737,303.900305075529,-9.52627944163034));
#896= IFCCARTESIANPOINT((3.40769628601019E-12,303.900305075529,-11.));
#897= IFCCARTESIANPOINT((5.50000000000328,303.900305075529,-9.52627944162693));
#898= IFCCARTESIANPOINT((9.52627944163091,303.900305075529,-5.49999999999638));
#899= IFCCARTESIANPOINT((11.,316.000305075529,0.));
#900= IFCCARTESIANPOINT((9.52627944162863,316.000305075529,5.50000000000033));
#901= IFCCARTESIANPOINT((5.49999999999934,316.000305075529,9.5262794416292));
#902= IFCCARTESIANPOINT((-1.13996957976035E-12,316.000305075529,11.));
#903= IFCCARTESIANPOINT((-5.50000000000131,316.000305075529,9.52627944162807));
#904= IFCCARTESIANPOINT((-9.52627944162977,316.000305075529,5.49999999999836));
#905= IFCCARTESIANPOINT((-11.,316.000305075529,-2.27993915952071E-12));
#906= IFCCARTESIANPOINT((-9.5262794416275,316.000305075529,-5.5000000000023));
#907= IFCCARTESIANPOINT((-5.49999999999737,316.000305075529,-9.52627944163034));
#908= IFCCARTESIANPOINT((3.40769628601019E-12,316.000305075529,-11.));
#909= IFCCARTESIANPOINT((5.50000000000328,316.000305075529,-9.52627944162693));
#910= IFCCARTESIANPOINT((9.52627944163091,316.000305075529,-5.49999999999638));
#911= IFCPOLYLOOP((#887,#888,#889,#890,#891,#892,#893,#894,#895,#896,#897,#898));
#912= IFCFACEOUTERBOUND(#911,.T.);
#913= IFCFACE((#912));
#914= IFCPOLYLOOP((#910,#909,#908,#907,#906,#905,#904,#903,#902,#901,#900,#899));
#915= IFCFACEOUTERBOUND(#914,.T.);
#916= IFCFACE((#915));
#917= IFCPOLYLOOP((#887,#899,#900,#888));
#918= IFCFACEOUTERBOUND(#917,.T.);
#919= IFCFACE((#918));
#920= IFCPOLYLOOP((#888,#900,#901,#889));
#921= IFCFACEOUTERBOUND(#920,.T.);
#922= IFCFACE((#921));
#923= IFCPOLYLOOP((#889,#901,#902,#890));
#924= IFCFACEOUTERBOUND(#923,.T.);
#925= IFCFACE((#924));
#926= IFCPOLYLOOP((#890,#902,#903,#891));
#927= IFCFACEOUTERBOUND(#926,.T.);
#928= IFCFACE((#927));
#929= IFCPOLYLOOP((#891,#903,#904,#892));
#930= IFCFACEOUTERBOUND(#929,.T.);
#931= IFCFACE((#930));
#932= IFCPOLYLOOP((#892,#904,#905,#893));
#933= IFCFACEOUTERBOUND(#932,.T.);
#934= IFCFACE((#933));
#935= IFCPOLYLOOP((#893,#905,#906,#894));
#936= IFCFACEOUTERBOUND(#935,.T.);
#937= IFCFACE((#936));
#938= IFCPOLYLOOP((#894,#906,#907,#895));
#939= IFCFACEOUTERBOUND(#938,.T.);
#940= IFCFACE((#939));
#941= IFCPOLYLOOP((#895,#907,#908,#896));
#942= IFCFACEOUTERBOUND(#941,.T.);
#943= IFCFACE((#942));
#944= IFCPOLYLOOP((#896,#908,#909,#897));
#945= IFCFACEOUTERBOUND(#944,.T.);
#946= IFCFACE((#945));
#947= IFCPOLYLOOP((#897,#909,#910,#898));
#948= IFCFACEOUTERBOUND(#947,.T.);
#949= IFCFACE((#948));
#950= IFCPOLYLOOP((#898,#910,#899,#887));
#951= IFCFACEOUTERBOUND(#950,.T.);
#952= IFCFACE((#951));
#953= IFCCLOSEDSHELL((#695,#698,#701,#704,#707,#710,#713,#716,#719,#722,#725,#728,#731,#734,#765,#768,#771,#774,#777,#780,#783,#786,#789,#792,#795,#798,#801,#804,#807,#810,#841,#844,#847,#850,#853,#856,#859,#862,#865,#868,#871,#874,#877,#880,#883,#886,#913,#916,#919,#922,#925,#928,#931,#934,#937,#940,#943,#946,#949,#952));
#954= IFCFACETEDBREP(#953);
#955= IFCSTYLEDITEM(#954,(#119),$);
#956= IFCCARTESIANPOINT((40.0000000000546,0.,40.0000000000582));
#957= IFCCARTESIANTRANSFORMATIONOPERATOR3D($,$,#956,$,$);
#958= IFCSHAPEREPRESENTATION(#12,'Body','Brep',(#954));
#959= IFCREPRESENTATIONMAP(#10,#958);
#960= IFCMAPPEDITEM(#959,#957);
#961= IFCSHAPEREPRESENTATION(#12,'Body','MappedRepresentation',(#960));
#962= IFCPRODUCTDEFINITIONSHAPE($,$,(#961));
#963= IFCCARTESIANPOINT((56620.0005055425,27169.407687812,10336.000190743));
#964= IFCDIRECTION((-0.999999995895639,-9.0602000022045E-05,0.));
#965= IFCDIRECTION((-9.06020000208335E-05,0.999999995895639,0.));
#966= IFCAXIS2PLACEMENT3D(#963,#964,#965);
#967= IFCLOCALPLACEMENT(#42,#966);
#968= IFCMECHANICALFASTENER('2xtGBWZVj5Rhfq7q6O0xUt',#153,'Bolt assembly',$,$,#967,#962,'IDbbdd02e0-8dfb-456e-ba74-1f419803b7b7',20.,1316.);
#969= IFCPROPERTYSINGLEVALUE('Washer diameter',$,IFCLENGTHMEASURE(20.),$);
#970= IFCPROPERTYSINGLEVALUE('Washer type',$,IFCLABEL(''),$);
#971= IFCPROPERTYSINGLEVALUE('Nut type',$,IFCLABEL(''),$);
#972= IFCPROPERTYSINGLEVALUE('Slotted hole x',$,IFCLENGTHMEASURE(38.),$);
#973= IFCPROPERTYSINGLEVALUE('Bolt hole diameter',$,IFCLENGTHMEASURE(22.),$);
#974= IFCPROPERTYSINGLEVALUE('Bolt size',$,IFCLENGTHMEASURE(22.),$);
#975= IFCPROPERTYSINGLEVALUE('Bolt length',$,IFCLENGTHMEASURE(1316.),$);
#976= IFCPROPERTYSINGLEVALUE('Bolt standard',$,IFCLABEL('TS10.9'),$);
#977= IFCPROPERTYSET('0y1yzJjyfBVgyu9mb$9bvh',#5,'Tekla Bolt','Bolt Properties',(#135,#969,#970,#138,#139,#971,#141,#142,#972,#973,#145,#146,#974,#975,#976,#150));
#978= IFCMATERIAL('TS10.9');
#979= IFCCARTESIANPOINT((11.,303.900209766707,0.));
#980= IFCCARTESIANPOINT((9.52627944162863,303.900209766707,5.50000000000033));
#981= IFCCARTESIANPOINT((5.49999999999934,303.900209766707,9.5262794416292));
#982= IFCCARTESIANPOINT((-1.13996957976035E-12,303.900209766707,11.));
#983= IFCCARTESIANPOINT((-5.50000000000131,303.900209766707,9.52627944162807));
#984= IFCCARTESIANPOINT((-9.52627944162977,303.900209766707,5.49999999999836));
#985= IFCCARTESIANPOINT((-11.,303.900209766707,-2.27993915952071E-12));
#986= IFCCARTESIANPOINT((-9.5262794416275,303.900209766707,-5.5000000000023));
#987= IFCCARTESIANPOINT((-5.49999999999737,303.900209766707,-9.52627944163034));
#988= IFCCARTESIANPOINT((3.40769628601019E-12,303.900209766707,-11.));
#989= IFCCARTESIANPOINT((5.50000000000328,303.900209766707,-9.52627944162693));
#990= IFCCARTESIANPOINT((9.52627944163091,303.900209766707,-5.49999999999638));
#991= IFCCARTESIANPOINT((11.,316.000209766707,0.));
#992= IFCCARTESIANPOINT((9.52627944162863,316.000209766707,5.50000000000033));
#993= IFCCARTESIANPOINT((5.49999999999934,316.000209766707,9.5262794416292));
#994= IFCCARTESIANPOINT((-1.13996957976035E-12,316.000209766707,11.));
#995= IFCCARTESIANPOINT((-5.50000000000131,316.000209766707,9.52627944162807));
#996= IFCCARTESIANPOINT((-9.52627944162977,316.000209766707,5.49999999999836));
#997= IFCCARTESIANPOINT((-11.,316.000209766707,-2.27993915952071E-12));
#998= IFCCARTESIANPOINT((-9.5262794416275,316.000209766707,-5.5000000000023));
#999= IFCCARTESIANPOINT((-5.49999999999737,316.000209766707,-9.52627944163034));
#1000= IFCCARTESIANPOINT((3.40769628601019E-12,316.000209766707,-11.));
#1001= IFCCARTESIANPOINT((5.50000000000328,316.000209766707,-9.52627944162693));
#1002= IFCCARTESIANPOINT((9.52627944163091,316.000209766707,-5.49999999999638));
#1003= IFCPOLYLOOP((#979,#980,#981,#982,#983,#984,#985,#986,#987,#988,#989,#990));
#1004= IFCFACEOUTERBOUND(#1003,.T.);
#1005= IFCFACE((#1004));
#1006= IFCPOLYLOOP((#1002,#1001,#1000,#999,#998,#997,#996,#995,#994,#993,#992,#991));
#1007= IFCFACEOUTERBOUND(#1006,.T.);
#1008= IFCFACE((#1007));
#1009= IFCPOLYLOOP((#979,#991,#992,#980));
#1010= IFCFACEOUTERBOUND(#1009,.T.);
#1011= IFCFACE((#1010));
#1012= IFCPOLYLOOP((#980,#992,#993,#981));
#1013= IFCFACEOUTERBOUND(#1012,.T.);
#1014= IFCFACE((#1013));
#1015= IFCPOLYLOOP((#981,#993,#994,#982));
#1016= IFCFACEOUTERBOUND(#1015,.T.);
#1017= IFCFACE((#1016));
#1018= IFCPOLYLOOP((#982,#994,#995,#983));
#1019= IFCFACEOUTERBOUND(#1018,.T.);
#1020= IFCFACE((#1019));
#1021= IFCPOLYLOOP((#983,#995,#996,#984));
#1022= IFCFACEOUTERBOUND(#1021,.T.);
#1023= IFCFACE((#1022));
#1024= IFCPOLYLOOP((#984,#996,#997,#985));
#1025= IFCFACEOUTERBOUND(#1024,.T.);
#1026= IFCFACE((#1025));
#1027= IFCPOLYLOOP((#985,#997,#998,#986));
#1028= IFCFACEOUTERBOUND(#1027,.T.);
#1029= IFCFACE((#1028));
#1030= IFCPOLYLOOP((#986,#998,#999,#987));
#1031= IFCFACEOUTERBOUND(#1030,.T.);
#1032= IFCFACE((#1031));
#1033= IFCPOLYLOOP((#987,#999,#1000,#988));
#1034= IFCFACEOUTERBOUND(#1033,.T.);
#1035= IFCFACE((#1034));
#1036= IFCPOLYLOOP((#988,#1000,#1001,#989));
#1037= IFCFACEOUTERBOUND(#1036,.T.);
#1038= IFCFACE((#1037));
#1039= IFCPOLYLOOP((#989,#1001,#1002,#990));
#1040= IFCFACEOUTERBOUND(#1039,.T.);
#1041= IFCFACE((#1040));
#1042= IFCPOLYLOOP((#990,#1002,#991,#979));
#1043= IFCFACEOUTERBOUND(#1042,.T.);
#1044= IFCFACE((#1043));
#1045= IFCCLOSEDSHELL((#695,#698,#701,#704,#707,#710,#713,#716,#719,#722,#725,#728,#731,#734,#765,#768,#771,#774,#777,#780,#783,#786,#789,#792,#795,#798,#801,#804,#807,#810,#841,#844,#847,#850,#853,#856,#859,#862,#865,#868,#871,#874,#877,#880,#883,#886,#1005,#1008,#1011,#1014,#1017,#1020,#1023,#1026,#1029,#1032,#1035,#1038,#1041,#1044));
#1046= IFCFACETEDBREP(#1045);
#1047= IFCSTYLEDITEM(#1046,(#119),$);
#1048= IFCSHAPEREPRESENTATION(#12,'Body','Brep',(#1046));
#1049= IFCREPRESENTATIONMAP(#10,#1048);
#1050= IFCMAPPEDITEM(#1049,#957);
#1051= IFCSHAPEREPRESENTATION(#12,'Body','MappedRepresentation',(#1050));
#1052= IFCPRODUCTDEFINITIONSHAPE($,$,(#1051));
#1053= IFCCARTESIANPOINT((56740.0005055425,27169.407687812,10336.000190743));
#1054= IFCAXIS2PLACEMENT3D(#1053,#964,#965);
#1055= IFCLOCALPLACEMENT(#42,#1054);
#1056= IFCMECHANICALFASTENER('0jl37kH_LFmOAQQ4wge4_t',#153,'Bolt assembly',$,$,#1055,#1052,'ID2dbc31ee-47e5-4fc1-829a-684eaaa04fb7',20.,1316.);
#1057= IFCCOLOURRGB('Light Green',0.356862745098039,0.592156862745098,0.137254901960784);
#1058= IFCSURFACESTYLERENDERING(#1057,0.,$,$,$,$,IFCNORMALISEDRATIOMEASURE(0.00390625),IFCSPECULAREXPONENT(10.),.NOTDEFINED.);
#1059= IFCSURFACESTYLE('STEEL/S275',.POSITIVE.,(#1058));
#1060= IFCPRESENTATIONSTYLEASSIGNMENT((#1059));
#1061= IFCCARTESIANPOINT((0.000595260487898486,-4.00000000001273,19.999999991167));
#1062= IFCCARTESIANPOINT((0.00767899739003042,-4.00000000018008,258.004608166608));
#1063= IFCCARTESIANPOINT((0.00767899738275446,3.99999999982356,258.00460816663));
#1064= IFCCARTESIANPOINT((0.000595260476984549,3.99999999999272,19.9999999911888));
#1065= IFCPOLYLOOP((#1061,#1062,#1063,#1064));
#1066= IFCFACEOUTERBOUND(#1065,.T.);
#1067= IFCFACE((#1066));
#1068= IFCCARTESIANPOINT((3.90941926189407,-4.00000000018008,258.388770993413));
#1069= IFCCARTESIANPOINT((3.90941926187952,3.99999999982538,258.388770993442));
#1070= IFCPOLYLOOP((#1062,#1068,#1069,#1063));
#1071= IFCFACEOUTERBOUND(#1070,.T.);
#1072= IFCFACE((#1071));
#1073= IFCCARTESIANPOINT((7.6612467341547,-4.00000000018008,259.526729159406));
#1074= IFCCARTESIANPOINT((7.66124673414379,3.99999999982538,259.526729159435));
#1075= IFCPOLYLOOP((#1068,#1073,#1074,#1069));
#1076= IFCFACEOUTERBOUND(#1075,.T.);
#1077= IFCFACE((#1076));
#1078= IFCCARTESIANPOINT((11.1189865804226,-4.00000000017826,261.374753327182));
#1079= IFCCARTESIANPOINT((11.1189865804117,3.99999999982538,261.374753327211));
#1080= IFCPOLYLOOP((#1073,#1078,#1079,#1074));
#1081= IFCFACEOUTERBOUND(#1080,.T.);
#1082= IFCFACE((#1081));
#1083= IFCCARTESIANPOINT((14.1497651354839,-4.00000000017826,263.861827817294));
#1084= IFCCARTESIANPOINT((14.149765135473,3.99999999982538,263.861827817316));
#1085= IFCPOLYLOOP((#1078,#1083,#1084,#1079));
#1086= IFCFACEOUTERBOUND(#1085,.T.);
#1087= IFCFACE((#1086));
#1088= IFCCARTESIANPOINT((16.6371159579721,-4.00000000018008,266.892379591322));
#1089= IFCCARTESIANPOINT((16.6371159579685,3.99999999982356,266.892379591343));
#1090= IFCPOLYLOOP((#1083,#1088,#1089,#1084));
#1091= IFCFACEOUTERBOUND(#1090,.T.);
#1092= IFCFACE((#1091));
#1093= IFCCARTESIANPOINT((18.4854553906152,-4.00000000018008,270.349950922609));
#1094= IFCCARTESIANPOINT((18.4854553906043,3.99999999982356,270.349950922639));
#1095= IFCPOLYLOOP((#1088,#1093,#1094,#1089));
#1096= IFCFACEOUTERBOUND(#1095,.T.);
#1097= IFCFACE((#1096));
#1098= IFCCARTESIANPOINT((19.6237556389751,-4.00000000018372,274.101674621626));
#1099= IFCCARTESIANPOINT((19.6237556389606,3.99999999982174,274.101674621648));
#1100= IFCPOLYLOOP((#1093,#1098,#1099,#1094));
#1101= IFCFACEOUTERBOUND(#1100,.T.);
#1102= IFCFACE((#1101));
#1103= IFCCARTESIANPOINT((20.0082742201521,-4.00000000018554,278.003379842412));
#1104= IFCCARTESIANPOINT((20.0082742201375,3.9999999998181,278.003379842441));
#1105= IFCPOLYLOOP((#1098,#1103,#1104,#1099));
#1106= IFCFACEOUTERBOUND(#1105,.T.);
#1107= IFCFACE((#1106));
#1108= IFCCARTESIANPOINT((80.0093917842969,-4.00000000016189,277.999694827682));
#1109= IFCCARTESIANPOINT((80.009391784286,3.99999999984175,277.999694827711));
#1110= IFCPOLYLOOP((#1103,#1108,#1109,#1104));
#1111= IFCFACEOUTERBOUND(#1110,.T.);
#1112= IFCFACE((#1111));
#1113= IFCCARTESIANPOINT((80.0000915526107,-3.99999999996726,-3.63797880709171E-11));
#1114= IFCCARTESIANPOINT((80.0000915526034,4.00000000003638,-7.27595761418343E-12));
#1115= IFCPOLYLOOP((#1108,#1113,#1114,#1109));
#1116= IFCFACEOUTERBOUND(#1115,.T.);
#1117= IFCFACE((#1116));
#1118= IFCCARTESIANPOINT((20.0000000000036,-3.99999999999091,-1.45519152283669E-11));
#1119= IFCCARTESIANPOINT((19.9999999999927,4.00000000001455,7.27595761418343E-12));
#1120= IFCPOLYLOOP((#1113,#1118,#1119,#1114));
#1121= IFCFACEOUTERBOUND(#1120,.T.);
#1122= IFCFACE((#1121));
#1123= IFCCARTESIANPOINT((19.6157201241258,-3.99999999999454,3.9017334624441));
#1124= IFCCARTESIANPOINT((19.6157201241112,4.00000000001091,3.9017334624732));
#1125= IFCPOLYLOOP((#1118,#1123,#1124,#1119));
#1126= IFCFACEOUTERBOUND(#1125,.T.);
#1127= IFCFACE((#1126));
#1128= IFCCARTESIANPOINT((18.4776475987965,-3.99999999999818,7.6535311598418));
#1129= IFCCARTESIANPOINT((18.4776475987856,4.00000000000728,7.65353115987091));
#1130= IFCPOLYLOOP((#1123,#1128,#1129,#1124));
#1131= IFCFACEOUTERBOUND(#1130,.T.);
#1132= IFCFACE((#1131));
#1133= IFCCARTESIANPOINT((16.6295162608949,-4.00000000000182,11.111219056831));
#1134= IFCCARTESIANPOINT((16.629516260884,4.00000000000364,11.1112190568601));
#1135= IFCPOLYLOOP((#1128,#1133,#1134,#1129));
#1136= IFCFACEOUTERBOUND(#1135,.T.);
#1137= IFCFACE((#1136));
#1138= IFCCARTESIANPOINT((14.14234607853,-4.00000000000364,14.1419251658153));
#1139= IFCCARTESIANPOINT((14.142346078519,4.00000000000182,14.1419251658372));
#1140= IFCPOLYLOOP((#1133,#1138,#1139,#1134));
#1141= IFCFACEOUTERBOUND(#1140,.T.);
#1142= IFCFACE((#1141));
#1143= IFCCARTESIANPOINT((11.1117139965972,-4.00000000000728,16.6291855500676));
#1144= IFCCARTESIANPOINT((11.1117139965827,4.,16.6291855500895));
#1145= IFCPOLYLOOP((#1138,#1143,#1144,#1139));
#1146= IFCFACEOUTERBOUND(#1145,.T.);
#1147= IFCFACE((#1146));
#1148= IFCCARTESIANPOINT((7.65408110713543,-4.00000000000909,18.4774197984007));
#1149= IFCCARTESIANPOINT((7.65408110712451,3.99999999999636,18.4774197984298));
#1150= IFCPOLYLOOP((#1143,#1148,#1149,#1144));
#1151= IFCFACEOUTERBOUND(#1150,.T.);
#1152= IFCFACE((#1151));
#1153= IFCCARTESIANPOINT((3.90231728388608,-4.00000000001273,19.6156039880734));
#1154= IFCCARTESIANPOINT((3.90231728387516,3.99999999999454,19.6156039881025));
#1155= IFCPOLYLOOP((#1148,#1153,#1154,#1149));
#1156= IFCFACEOUTERBOUND(#1155,.T.);
#1157= IFCFACE((#1156));
#1158= IFCPOLYLOOP((#1153,#1061,#1064,#1154));
#1159= IFCFACEOUTERBOUND(#1158,.T.);
#1160= IFCFACE((#1159));
#1161= IFCPOLYLOOP((#1069,#1074,#1079,#1084,#1089,#1094,#1099,#1104,#1109,#1114,#1119,#1124,#1129,#1134,#1139,#1144,#1149,#1154,#1064,#1063));
#1162= IFCFACEOUTERBOUND(#1161,.T.);
#1163= IFCFACE((#1162));
#1164= IFCPOLYLOOP((#1153,#1148,#1143,#1138,#1133,#1128,#1123,#1118,#1113,#1108,#1103,#1098,#1093,#1088,#1083,#1078,#1073,#1068,#1062,#1061));
#1165= IFCFACEOUTERBOUND(#1164,.T.);
#1166= IFCFACE((#1165));
#1167= IFCCLOSEDSHELL((#1067,#1072,#1077,#1082,#1087,#1092,#1097,#1102,#1107,#1112,#1117,#1122,#1127,#1132,#1137,#1142,#1147,#1152,#1157,#1160,#1163,#1166));
#1168= IFCFACETEDBREP(#1167);
#1169= IFCSTYLEDITEM(#1168,(#1060),$);
#1170= IFCSHAPEREPRESENTATION(#12,'Body','Brep',(#1168));
#1171= IFCPRODUCTDEFINITIONSHAPE($,$,(#1170));
#1172= IFCCARTESIANPOINT((56525.9973800935,27089.4144693129,9636.3257201278));
#1173= IFCDIRECTION((0.999999999437959,-3.3405028454581E-05,2.86100000266742E-06));
#1174= IFCDIRECTION((3.34050000274506E-05,0.999999999392691,9.93600000985977E-06));
#1175= IFCAXIS2PLACEMENT3D(#1172,#1173,#1174);
#1176= IFCLOCALPLACEMENT(#42,#1175);
#1177= IFCPLATE('27eGh4bFX3_OXd_7C0kmwG',#153,'PLATE-8','PL8*80',$,#1176,#1171,'ID87a10ac4-94f8-43f9-8867-f87300bb0e90');
#1178= IFCPLATETYPE('1Bp44k0Fn6hgBfQYEsn67X',#5,'PL8*80',$,$,$,$,$,$,.NOTDEFINED.);
#1179= IFCPROPERTYSINGLEVALUE('Bottom elevation',$,IFCLABEL(' +9.632'),$);
#1180= IFCPROPERTYSINGLEVALUE('Top elevation',$,IFCLABEL(' +9.640'),$);
#1181= IFCPROPERTYSINGLEVALUE('Initial GUID',$,$,$);
#1182= IFCPROPERTYSINGLEVALUE('Preliminary mark',$,IFCLABEL('5-1-P65(?)'),$);
#1183= IFCPROPERTYSINGLEVALUE('Phase',$,IFCINTEGER(1),$);
#1184= IFCPROPERTYSINGLEVALUE('Class',$,IFCLABEL('17'),$);
#1185= IFCPROPERTYSET('1C0E8OHzPAI8VBVaEcZGsn',#5,'Tekla Common','Common Properties to Shared building elements',(#1179,#1180,#1181,#1182,#1183,#1184));
#1186= IFCPROPERTYSINGLEVALUE('Weight',$,IFCMASSMEASURE(1.36),$);
#1187= IFCPROPERTYSINGLEVALUE('Volume',$,IFCVOLUMEMEASURE(0.),$);
#1188= IFCPROPERTYSINGLEVALUE('Gross footprint area',$,IFCAREAMEASURE(0.022),$);
#1189= IFCPROPERTYSINGLEVALUE('Area per tons',$,IFCAREAMEASURE(35.965),$);
#1190= IFCPROPERTYSINGLEVALUE('Net surface area',$,IFCAREAMEASURE(0.049),$);
#1191= IFCPROPERTYSINGLEVALUE('Height',$,IFCLENGTHMEASURE(80.),$);
#1192= IFCPROPERTYSINGLEVALUE('Width',$,IFCLENGTHMEASURE(8.),$);
#1193= IFCPROPERTYSINGLEVALUE('Length',$,IFCLENGTHMEASURE(278.),$);
#1194= IFCPROPERTYSET('3v33wllTD9R8nlnS1btIIl',#5,'Tekla Quantity','Quantity Properties to Shared building elements',(#1186,#1187,#1188,#1189,#1190,#1191,#1192,#1193));
#1195= IFCPROPERTYSINGLEVALUE('LoadBearing',$,IFCBOOLEAN(.F.),$);
#1196= IFCPROPERTYSINGLEVALUE('Reference',$,IFCIDENTIFIER('5-1-P65'),$);
#1197= IFCPROPERTYSET('1B9qxuE957yfklPStK5dKz',#5,'Pset_PlateCommon','Common Properties to plate elements',(#1195,#1196));
#1198= IFCQUANTITYLENGTH('Width',$,$,80.0011176373);
#1199= IFCQUANTITYAREA('NetArea',$,$,0.0488220085211229);
#1200= IFCQUANTITYAREA('GrossArea',$,$,0.0222405811042747);
#1201= IFCQUANTITYAREA('CrossSectionArea',$,$,6.4E-05);
#1202= IFCQUANTITYVOLUME('NetVolume',$,$,0.000172928505767587);
#1203= IFCQUANTITYVOLUME('GrossVolume',$,$,0.000172928505767587);
#1204= IFCELEMENTQUANTITY('03vJBVCEb5wffJoEitTh3K',#5,'BaseQuantities',$,$,(#1198,#1199,#1200,#1201,#1202,#1203));
#1205= IFCMATERIAL('STEEL/S275');
#1206= IFCCARTESIANPOINT((-3.63797880709171E-12,-3.99999999999454,-7.27595761418343E-12));
#1207= IFCCARTESIANPOINT((5.94953380641527E-05,-3.99999999997635,20.0001373297055));
#1208= IFCCARTESIANPOINT((5.94953307881951E-05,4.00000000001637,20.00013732972));
#1209= IFCCARTESIANPOINT((-1.09139364212751E-11,3.99999999999818,0.));
#1210= IFCPOLYLOOP((#1206,#1207,#1208,#1209));
#1211= IFCFACEOUTERBOUND(#1210,.T.);
#1212= IFCFACE((#1211));
#1213= IFCCARTESIANPOINT((60.000383742743,-3.99999999986539,129.000137329007));
#1214= IFCCARTESIANPOINT((60.0003837427357,4.00000000012733,129.000137329022));
#1215= IFCPOLYLOOP((#1207,#1213,#1214,#1208));
#1216= IFCFACEOUTERBOUND(#1215,.T.);
#1217= IFCFACE((#1216));
#1218= IFCCARTESIANPOINT((80.0001754757868,-3.99999999985994,129.000137328934));
#1219= IFCCARTESIANPOINT((80.0001754757832,4.00000000013279,129.000137328949));
#1220= IFCPOLYLOOP((#1213,#1218,#1219,#1214));
#1221= IFCFACEOUTERBOUND(#1220,.T.);
#1222= IFCFACE((#1221));
#1223= IFCCARTESIANPOINT((80.0000787783647,-3.99999999995998,19.9999999998254));
#1224= IFCCARTESIANPOINT((80.0000787783611,4.00000000003274,19.9999999998399));
#1225= IFCPOLYLOOP((#1218,#1223,#1224,#1219));
#1226= IFCFACEOUTERBOUND(#1225,.T.);
#1227= IFCFACE((#1226));
#1228= IFCCARTESIANPOINT((76.098269821905,-3.99999999995998,19.6157086366438));
#1229= IFCCARTESIANPOINT((76.0982698219013,4.00000000003274,19.6157086366584));
#1230= IFCPOLYLOOP((#1223,#1228,#1229,#1224));
#1231= IFCFACEOUTERBOUND(#1230,.T.);
#1232= IFCFACE((#1231));
#1233= IFCCARTESIANPOINT((72.3464046824629,-3.99999999996362,18.4775957424426));
#1234= IFCCARTESIANPOINT((72.3464046824556,4.0000000000291,18.4775957424499));
#1235= IFCPOLYLOOP((#1228,#1233,#1234,#1229));
#1236= IFCFACEOUTERBOUND(#1235,.T.);
#1237= IFCFACE((#1236));
#1238= IFCCARTESIANPOINT((68.8886655956121,-3.99999999996362,16.6293984067161));
#1239= IFCCARTESIANPOINT((68.8886655956085,4.00000000002728,16.6293984067306));
#1240= IFCPOLYLOOP((#1233,#1238,#1239,#1234));
#1241= IFCFACEOUTERBOUND(#1240,.T.);
#1242= IFCFACE((#1241));
#1243= IFCCARTESIANPOINT((65.8579316849537,-3.99999999996726,14.1421418965692));
#1244= IFCCARTESIANPOINT((65.85793168495,4.00000000002547,14.1421418965765));
#1245= IFCPOLYLOOP((#1238,#1243,#1244,#1239));
#1246= IFCFACEOUTERBOUND(#1245,.T.);
#1247= IFCFACE((#1246));
#1248= IFCCARTESIANPOINT((63.370672486144,-3.9999999999709,11.1114101924322));
#1249= IFCCARTESIANPOINT((63.3706724861368,4.00000000002183,11.1114101924395));
#1250= IFCPOLYLOOP((#1243,#1248,#1249,#1244));
#1251= IFCFACEOUTERBOUND(#1250,.T.);
#1252= IFCFACE((#1251));
#1253= IFCCARTESIANPOINT((61.5224720829392,-3.99999999997453,7.65367274518212));
#1254= IFCCARTESIANPOINT((61.5224720829319,4.00000000001819,7.65367274519667));
#1255= IFCPOLYLOOP((#1248,#1253,#1254,#1249));
#1256= IFCFACEOUTERBOUND(#1255,.T.);
#1257= IFCFACE((#1256));
#1258= IFCCARTESIANPOINT((60.3843558603294,-3.99999999997817,3.90180861541012));
#1259= IFCCARTESIANPOINT((60.3843558603221,4.00000000001455,3.90180861542467));
#1260= IFCPOLYLOOP((#1253,#1258,#1259,#1254));
#1261= IFCFACEOUTERBOUND(#1260,.T.);
#1262= IFCFACE((#1261));
#1263= IFCCARTESIANPOINT((60.0000610357201,-3.99999999998181,-1.30967237055302E-10));
#1264= IFCCARTESIANPOINT((60.0000610357129,4.00000000001091,-1.16415321826935E-10));
#1265= IFCPOLYLOOP((#1258,#1263,#1264,#1259));
#1266= IFCFACEOUTERBOUND(#1265,.T.);
#1267= IFCFACE((#1266));
#1268= IFCPOLYLOOP((#1263,#1206,#1209,#1264));
#1269= IFCFACEOUTERBOUND(#1268,.T.);
#1270= IFCFACE((#1269));
#1271= IFCPOLYLOOP((#1214,#1219,#1224,#1229,#1234,#1239,#1244,#1249,#1254,#1259,#1264,#1209,#1208));
#1272= IFCFACEOUTERBOUND(#1271,.T.);
#1273= IFCFACE((#1272));
#1274= IFCPOLYLOOP((#1263,#1258,#1253,#1248,#1243,#1238,#1233,#1228,#1223,#1218,#1213,#1207,#1206));
#1275= IFCFACEOUTERBOUND(#1274,.T.);
#1276= IFCFACE((#1275));
#1277= IFCCLOSEDSHELL((#1212,#1217,#1222,#1227,#1232,#1237,#1242,#1247,#1252,#1257,#1262,#1267,#1270,#1273,#1276));
#1278= IFCFACETEDBREP(#1277);
#1279= IFCSTYLEDITEM(#1278,(#1060),$);
#1280= IFCSHAPEREPRESENTATION(#12,'Body','Brep',(#1278));
#1281= IFCPRODUCTDEFINITIONSHAPE($,$,(#1280));
#1282= IFCCARTESIANPOINT((56513.9968678957,27169.4162220288,9636.32620984411));
#1283= IFCDIRECTION((-0.999999999468688,3.25120005400095E-05,2.36500000210072E-06));
#1284= IFCDIRECTION((-3.25119999758757E-05,-0.999999999471457,2.38000007147021E-07));
#1285= IFCAXIS2PLACEMENT3D(#1282,#1283,#1284);
#1286= IFCLOCALPLACEMENT(#42,#1285);
#1287= IFCPLATE('2d9JgOCJ58oea3enVbw556',#153,'PLATE-8','PL8*80',$,#1286,#1281,'IDa7253a98-3131-48ca-8903-a317e5e85146');
#1288= IFCPROPERTYSINGLEVALUE('Preliminary mark',$,IFCLABEL('5-1-P41(?)'),$);
#1289= IFCPROPERTYSET('3QY$wWmzv7POHyuCsTTjze',#5,'Tekla Common','Common Properties to Shared building elements',(#1179,#1180,#1181,#1288,#1183,#1184));
#1290= IFCPROPERTYSINGLEVALUE('Weight',$,IFCMASSMEASURE(0.42),$);
#1291= IFCPROPERTYSINGLEVALUE('Gross footprint area',$,IFCAREAMEASURE(0.007),$);
#1292= IFCPROPERTYSINGLEVALUE('Area per tons',$,IFCAREAMEASURE(38.744),$);
#1293= IFCPROPERTYSINGLEVALUE('Net surface area',$,IFCAREAMEASURE(0.016),$);
#1294= IFCPROPERTYSINGLEVALUE('Length',$,IFCLENGTHMEASURE(129.),$);
#1295= IFCPROPERTYSET('2z1JSAF$T5cfnwG6AhQxKM',#5,'Tekla Quantity','Quantity Properties to Shared building elements',(#1290,#1187,#1291,#1292,#1293,#1191,#1192,#1294));
#1296= IFCPROPERTYSINGLEVALUE('Reference',$,IFCIDENTIFIER('5-1-P41'),$);
#1297= IFCPROPERTYSET('1AtnAnDan1c8CaPpwc8V5x',#5,'Pset_PlateCommon','Common Properties to plate elements',(#1195,#1296));
#1298= IFCQUANTITYLENGTH('Width',$,$,80.0000192831785);
#1299= IFCQUANTITYAREA('NetArea',$,$,0.0163940212261182);
#1300= IFCQUANTITYAREA('GrossArea',$,$,0.0103200325122431);
#1301= IFCQUANTITYVOLUME('NetVolume',$,$,5.39028544053911E-05);
#1302= IFCQUANTITYVOLUME('GrossVolume',$,$,5.39028544053911E-05);
#1303= IFCELEMENTQUANTITY('2TMhHeB712SBV3FqOXUOFH',#5,'BaseQuantities',$,$,(#1298,#1299,#1300,#1201,#1301,#1302));
#1304= IFCCARTESIANPOINT((0.000194400548934937,-4.00000000001091,19.9999999990468));
#1305= IFCCARTESIANPOINT((0.00250781189606641,-4.00000000017644,258.004608152893));
#1306= IFCCARTESIANPOINT((0.00250781190334237,3.99999999981628,258.0046081529));
#1307= IFCCARTESIANPOINT((0.000194400556210894,3.99999999998363,19.9999999990468));
#1308= IFCPOLYLOOP((#1304,#1305,#1306,#1307));
#1309= IFCFACEOUTERBOUND(#1308,.T.);
#1310= IFCFACE((#1309));
#1311= IFCCARTESIANPOINT((3.90428158427676,-4.00000000017462,258.388857378508));
#1312= IFCCARTESIANPOINT((3.90428158428404,3.99999999981992,258.388857378523));
#1313= IFCPOLYLOOP((#1305,#1311,#1312,#1306));
#1314= IFCFACEOUTERBOUND(#1313,.T.);
#1315= IFCFACE((#1314));
#1316= IFCCARTESIANPOINT((7.65612267455072,-4.0000000001728,259.526914701979));
#1317= IFCCARTESIANPOINT((7.65612267455799,3.99999999981992,259.526914701986));
#1318= IFCPOLYLOOP((#1311,#1316,#1317,#1312));
#1319= IFCFACEOUTERBOUND(#1318,.T.);
#1320= IFCFACE((#1319));
#1321= IFCCARTESIANPOINT((11.1138526503746,-4.00000000017099,261.375046042653));
#1322= IFCCARTESIANPOINT((11.1138526503855,3.99999999982174,261.37504604266));
#1323= IFCPOLYLOOP((#1316,#1321,#1322,#1317));
#1324= IFCFACEOUTERBOUND(#1323,.T.);
#1325= IFCFACE((#1324));
#1326= IFCCARTESIANPOINT((14.1445953916445,-4.00000000017099,263.862230087798));
#1327= IFCCARTESIANPOINT((14.1445953916555,3.99999999982174,263.862230087805));
#1328= IFCPOLYLOOP((#1321,#1326,#1327,#1322));
#1329= IFCFACEOUTERBOUND(#1328,.T.);
#1330= IFCFACE((#1329));
#1331= IFCCARTESIANPOINT((16.6318833490186,-4.00000000017099,266.892887550341));
#1332= IFCCARTESIANPOINT((16.6318833490259,3.99999999982356,266.892887550355));
#1333= IFCPOLYLOOP((#1326,#1331,#1332,#1327));
#1334= IFCFACEOUTERBOUND(#1333,.T.);
#1335= IFCFACE((#1334));
#1336= IFCCARTESIANPOINT((18.4801332422176,-4.0000000001728,270.350554158111));
#1337= IFCCARTESIANPOINT((18.4801332422248,3.99999999982174,270.350554158118));
#1338= IFCPOLYLOOP((#1331,#1336,#1337,#1332));
#1339= IFCFACEOUTERBOUND(#1338,.T.);
#1340= IFCFACE((#1339));
#1341= IFCCARTESIANPOINT((19.6183192026729,-4.0000000001728,274.102356226125));
#1342= IFCCARTESIANPOINT((19.6183192026838,3.99999999981992,274.102356226133));
#1343= IFCPOLYLOOP((#1336,#1341,#1342,#1337));
#1344= IFCFACEOUTERBOUND(#1343,.T.);
#1345= IFCFACE((#1344));
#1346= IFCCARTESIANPOINT((20.0027022063914,-4.00000000017644,278.004116821634));
#1347= IFCCARTESIANPOINT((20.0027022063987,3.9999999998181,278.004116821648));
#1348= IFCPOLYLOOP((#1341,#1346,#1347,#1342));
#1349= IFCFACEOUTERBOUND(#1348,.T.);
#1350= IFCFACE((#1349));
#1351= IFCCARTESIANPOINT((200.003814694865,-4.00000000004729,277.999694821701));
#1352= IFCCARTESIANPOINT((200.003814694875,3.99999999994543,277.999694821709));
#1353= IFCPOLYLOOP((#1346,#1351,#1352,#1347));
#1354= IFCFACEOUTERBOUND(#1353,.T.);
#1355= IFCFACE((#1354));
#1356= IFCCARTESIANPOINT((200.000091551261,-3.99999999985266,-1.89174897968769E-10));
#1357= IFCCARTESIANPOINT((200.000091551268,4.00000000014006,-1.81898940354586E-10));
#1358= IFCPOLYLOOP((#1351,#1356,#1357,#1352));
#1359= IFCFACEOUTERBOUND(#1358,.T.);
#1360= IFCFACE((#1359));
#1361= IFCPOLYLOOP((#1356,#1118,#1119,#1357));
#1362= IFCFACEOUTERBOUND(#1361,.T.);
#1363= IFCFACE((#1362));
#1364= IFCCARTESIANPOINT((19.6157103487276,-3.99999999998363,3.9017826071431));
#1365= IFCCARTESIANPOINT((19.6157103487349,4.00000000000909,3.90178260715766));
#1366= IFCPOLYLOOP((#1118,#1364,#1365,#1119));
#1367= IFCFACEOUTERBOUND(#1366,.T.);
#1368= IFCFACE((#1367));
#1369= IFCCARTESIANPOINT((18.4776092486063,-3.99999999998909,7.65362374658434));
#1370= IFCCARTESIANPOINT((18.4776092486136,4.00000000000546,7.65362374658434));
#1371= IFCPOLYLOOP((#1364,#1369,#1370,#1365));
#1372= IFCFACEOUTERBOUND(#1371,.T.);
#1373= IFCFACE((#1372));
#1374= IFCCARTESIANPOINT((16.6294327470896,-3.99999999999272,11.1113440459812));
#1375= IFCCARTESIANPOINT((16.6294327471005,4.,11.1113440459885));
#1376= IFCPOLYLOOP((#1369,#1374,#1375,#1370));
#1377= IFCFACEOUTERBOUND(#1376,.T.);
#1378= IFCFACE((#1377));
#1379= IFCCARTESIANPOINT((14.1422043545026,-3.99999999999636,14.1420668925493));
#1380= IFCCARTESIANPOINT((14.1422043545099,3.99999999999636,14.1420668925639));
#1381= IFCPOLYLOOP((#1374,#1379,#1380,#1375));
#1382= IFCFACEOUTERBOUND(#1381,.T.);
#1383= IFCFACE((#1382));
#1384= IFCCARTESIANPOINT((11.1115056840026,-4.,16.6293247437352));
#1385= IFCCARTESIANPOINT((11.1115056840099,3.99999999999272,16.6293247437425));
#1386= IFCPOLYLOOP((#1379,#1384,#1385,#1380));
#1387= IFCFACEOUTERBOUND(#1386,.T.);
#1388= IFCFACE((#1387));
#1389= IFCCARTESIANPOINT((7.65380334909787,-4.00000000000364,18.4775348542971));
#1390= IFCCARTESIANPOINT((7.65380334910878,3.99999999998909,18.4775348543044));
#1391= IFCPOLYLOOP((#1384,#1389,#1390,#1385));
#1392= IFCFACEOUTERBOUND(#1391,.T.);
#1393= IFCFACE((#1392));
#1394= IFCCARTESIANPOINT((3.90197327221904,-4.00000000000728,19.6156724223692));
#1395= IFCCARTESIANPOINT((3.90197327222631,3.99999999998545,19.6156724223765));
#1396= IFCPOLYLOOP((#1389,#1394,#1395,#1390));
#1397= IFCFACEOUTERBOUND(#1396,.T.);
#1398= IFCFACE((#1397));
#1399= IFCPOLYLOOP((#1394,#1304,#1307,#1395));
#1400= IFCFACEOUTERBOUND(#1399,.T.);
#1401= IFCFACE((#1400));
#1402= IFCPOLYLOOP((#1312,#1317,#1322,#1327,#1332,#1337,#1342,#1347,#1352,#1357,#1119,#1365,#1370,#1375,#1380,#1385,#1390,#1395,#1307,#1306));
#1403= IFCFACEOUTERBOUND(#1402,.T.);
#1404= IFCFACE((#1403));
#1405= IFCPOLYLOOP((#1394,#1389,#1384,#1379,#1374,#1369,#1364,#1118,#1356,#1351,#1346,#1341,#1336,#1331,#1326,#1321,#1316,#1311,#1305,#1304));
#1406= IFCFACEOUTERBOUND(#1405,.T.);
#1407= IFCFACE((#1406));
#1408= IFCCLOSEDSHELL((#1310,#1315,#1320,#1325,#1330,#1335,#1340,#1345,#1350,#1355,#1360,#1363,#1368,#1373,#1378,#1383,#1388,#1393,#1398,#1401,#1404,#1407));
#1409= IFCFACETEDBREP(#1408);
#1410= IFCSTYLEDITEM(#1409,(#1060),$);
#1411= IFCSHAPEREPRESENTATION(#12,'Body','Brep',(#1409));
#1412= IFCPRODUCTDEFINITIONSHAPE($,$,(#1411));
#1413= IFCCARTESIANPOINT((56525.9973800931,27089.4144693129,9856.3257201278));
#1414= IFCDIRECTION((0.999999999906636,-1.3362011355639E-05,2.86100000084844E-06));
#1415= IFCDIRECTION((1.33619999862385E-05,0.999999999902832,3.97400000108698E-06));
#1416= IFCAXIS2PLACEMENT3D(#1413,#1414,#1415);
#1417= IFCLOCALPLACEMENT(#42,#1416);
#1418= IFCPLATE('1hDHxLwPHCgB26W$hmDBbs',#153,'PLATE-8','PL8*200',$,#1417,#1412,'ID6b351ed5-e994-4ca8-b086-83faf034b976');
#1419= IFCPLATETYPE('1om2pcwEj4M9itObkBVaqg',#5,'PL8*200',$,$,$,$,$,$,.NOTDEFINED.);
#1420= IFCPROPERTYSINGLEVALUE('Bottom elevation',$,IFCLABEL(' +9.852'),$);
#1421= IFCPROPERTYSINGLEVALUE('Top elevation',$,IFCLABEL(' +9.860'),$);
#1422= IFCPROPERTYSINGLEVALUE('Preliminary mark',$,IFCLABEL('5-1-P66(?)'),$);
#1423= IFCPROPERTYSET('2LpQqVEUjEugnxBa16$CUw',#5,'Tekla Common','Common Properties to Shared building elements',(#1420,#1421,#1181,#1422,#1183,#1184));
#1424= IFCPROPERTYSINGLEVALUE('Weight',$,IFCMASSMEASURE(3.45),$);
#1425= IFCPROPERTYSINGLEVALUE('Gross footprint area',$,IFCAREAMEASURE(0.055),$);
#1426= IFCPROPERTYSINGLEVALUE('Area per tons',$,IFCAREAMEASURE(34.022),$);
#1427= IFCPROPERTYSINGLEVALUE('Net surface area',$,IFCAREAMEASURE(0.117),$);
#1428= IFCPROPERTYSINGLEVALUE('Height',$,IFCLENGTHMEASURE(200.),$);
#1429= IFCPROPERTYSET('0x3_mvo8P0WADE_hEosrnQ',#5,'Tekla Quantity','Quantity Properties to Shared building elements',(#1424,#1187,#1425,#1426,#1427,#1428,#1192,#1193));
#1430= IFCPROPERTYSINGLEVALUE('Reference',$,IFCIDENTIFIER('5-1-P66'),$);
#1431= IFCPROPERTYSET('2CzTQ_gOv1tuivGCamI9PN',#5,'Pset_PlateCommon','Common Properties to plate elements',(#1195,#1430));
#1432= IFCQUANTITYLENGTH('Width',$,$,200.001112520967);
#1433= IFCQUANTITYAREA('NetArea',$,$,0.117462514815269);
#1434= IFCQUANTITYAREA('GrossArea',$,$,0.0556011326525587);
#1435= IFCQUANTITYVOLUME('NetVolume',$,$,0.000439810507646562);
#1436= IFCQUANTITYVOLUME('GrossVolume',$,$,0.000439810507646562);
#1437= IFCELEMENTQUANTITY('0hgIndg0f8mgqbwPuEoYSO',#5,'BaseQuantities',$,$,(#1432,#1433,#1434,#1201,#1435,#1436));
#1438= IFCCARTESIANPOINT((-0.000330656901496695,-4.00000000001455,20.0001373439882));
#1439= IFCCARTESIANPOINT((-0.000330656901496695,3.99999999997817,20.0001373440027));
#1440= IFCPOLYLOOP((#1206,#1438,#1439,#1209));
#1441= IFCFACEOUTERBOUND(#1440,.T.);
#1442= IFCFACE((#1441));
#1443= IFCCARTESIANPOINT((129.997867275491,-4.0000000000673,129.000137329487));
#1444= IFCCARTESIANPOINT((129.997867275488,3.99999999992542,129.000137329509));
#1445= IFCPOLYLOOP((#1438,#1443,#1444,#1439));
#1446= IFCFACEOUTERBOUND(#1445,.T.);
#1447= IFCFACE((#1446));
#1448= IFCCARTESIANPOINT((199.997650146775,-4.00000000004184,129.000137329698));
#1449= IFCCARTESIANPOINT((199.997650146772,3.99999999995089,129.000137329713));
#1450= IFCPOLYLOOP((#1443,#1448,#1449,#1444));
#1451= IFCFACEOUTERBOUND(#1450,.T.);
#1452= IFCFACE((#1451));
#1453= IFCPOLYLOOP((#1448,#1356,#1357,#1449));
#1454= IFCFACEOUTERBOUND(#1453,.T.);
#1455= IFCFACE((#1454));
#1456= IFCPOLYLOOP((#1356,#1206,#1209,#1357));
#1457= IFCFACEOUTERBOUND(#1456,.T.);
#1458= IFCFACE((#1457));
#1459= IFCPOLYLOOP((#1444,#1449,#1357,#1209,#1439));
#1460= IFCFACEOUTERBOUND(#1459,.T.);
#1461= IFCFACE((#1460));
#1462= IFCPOLYLOOP((#1356,#1448,#1443,#1438,#1206));
#1463= IFCFACEOUTERBOUND(#1462,.T.);
#1464= IFCFACE((#1463));
#1465= IFCCLOSEDSHELL((#1442,#1447,#1452,#1455,#1458,#1461,#1464));
#1466= IFCFACETEDBREP(#1465);
#1467= IFCSTYLEDITEM(#1466,(#1060),$);
#1468= IFCSHAPEREPRESENTATION(#12,'Body','Brep',(#1466));
#1469= IFCPRODUCTDEFINITIONSHAPE($,$,(#1468));
#1470= IFCCARTESIANPOINT((56513.9968678953,27289.4162220288,9856.32620984411));
#1471= IFCDIRECTION((-0.999999999912638,1.30050002226199E-05,2.36500000028173E-06));
#1472= IFCDIRECTION((-1.3004999997292E-05,-0.999999999915431,9.50000031692186E-08));
#1473= IFCAXIS2PLACEMENT3D(#1470,#1471,#1472);
#1474= IFCLOCALPLACEMENT(#42,#1473);
#1475= IFCPLATE('13ESxHD453hxX$efdz$Y65',#153,'PLATE-8','PL8*129',$,#1474,#1469,'ID4339ced1-3441-43af-b87f-a299fdfe2185');
#1476= IFCPLATETYPE('12dpm4Bz11kfjr8GcI9uB9',#5,'PL8*129',$,$,$,$,$,$,.NOTDEFINED.);
#1477= IFCPROPERTYSINGLEVALUE('Preliminary mark',$,IFCLABEL('5-1-P67(?)'),$);
#1478= IFCPROPERTYSET('1fdH$9rQvBuutMLOb12dfU',#5,'Tekla Common','Common Properties to Shared building elements',(#1420,#1421,#1181,#1477,#1183,#1184));
#1479= IFCPROPERTYSINGLEVALUE('Weight',$,IFCMASSMEASURE(1.18),$);
#1480= IFCPROPERTYSINGLEVALUE('Gross footprint area',$,IFCAREAMEASURE(0.019),$);
#1481= IFCPROPERTYSINGLEVALUE('Area per tons',$,IFCAREAMEASURE(35.854),$);
#1482= IFCPROPERTYSINGLEVALUE('Net surface area',$,IFCAREAMEASURE(0.042),$);
#1483= IFCPROPERTYSINGLEVALUE('Height',$,IFCLENGTHMEASURE(129.),$);
#1484= IFCPROPERTYSINGLEVALUE('Length',$,IFCLENGTHMEASURE(200.),$);
#1485= IFCPROPERTYSET('2VsGPIZS5C0BPY7NR1QW5M',#5,'Tekla Quantity','Quantity Properties to Shared building elements',(#1479,#1187,#1480,#1481,#1482,#1483,#1192,#1484));
#1486= IFCPROPERTYSINGLEVALUE('Reference',$,IFCIDENTIFIER('5-1-P67'),$);
#1487= IFCPROPERTYSET('3RKLTX3t13Jxkq7jFdjO2z',#5,'Pset_PlateCommon','Common Properties to plate elements',(#1195,#1486));
#1488= IFCQUANTITYLENGTH('Width',$,$,129.000137329102);
#1489= IFCQUANTITYAREA('NetArea',$,$,0.0421392218107864);
#1490= IFCQUANTITYAREA('GrossArea',$,$,0.0258000779941515);
#1491= IFCQUANTITYVOLUME('NetVolume',$,$,0.000149720139189914);
#1492= IFCQUANTITYVOLUME('GrossVolume',$,$,0.000149720139189914);
#1493= IFCELEMENTQUANTITY('0aTiUPtXj2V8xpAJOV8frI',#5,'BaseQuantities',$,$,(#1488,#1489,#1490,#1201,#1491,#1492));
#1494= IFCCOLOURRGB('Light Red',0.905882352941176,0.325490196078431,0.36078431372549);
#1495= IFCSURFACESTYLERENDERING(#1494,0.,$,$,$,$,IFCNORMALISEDRATIOMEASURE(0.00390625),IFCSPECULAREXPONENT(10.),.NOTDEFINED.);
#1496= IFCSURFACESTYLE('STEEL/S275',.POSITIVE.,(#1495));
#1497= IFCPRESENTATIONSTYLEASSIGNMENT((#1496));
#1498= IFCCARTESIANPOINT((1.81898940354586E-12,-5.99999999997817,-3.63797880709171E-12));
#1499= IFCCARTESIANPOINT((-2.27373675443232E-10,-5.99999999930151,249.999084471958));
#1500= IFCCARTESIANPOINT((-2.3283064365387E-10,6.00000000066211,249.999084471969));
#1501= IFCCARTESIANPOINT((-3.63797880709171E-12,5.99999999997817,7.27595761418343E-12));
#1502= IFCPOLYLOOP((#1498,#1499,#1500,#1501));
#1503= IFCFACEOUTERBOUND(#1502,.T.);
#1504= IFCFACE((#1503));
#1505= IFCCARTESIANPOINT((3.90181112629216,-5.99999999930878,250.38337979604));
#1506= IFCCARTESIANPOINT((3.90181112628852,6.00000000065484,250.383379796051));
#1507= IFCPOLYLOOP((#1499,#1505,#1506,#1500));
#1508= IFCFACEOUTERBOUND(#1507,.T.);
#1509= IFCFACE((#1508));
#1510= IFCCARTESIANPOINT((7.65367747567871,-5.99999999930151,251.521497478669));
#1511= IFCCARTESIANPOINT((7.65367747567507,6.00000000066211,251.52149747868));
#1512= IFCPOLYLOOP((#1505,#1510,#1511,#1506));
#1513= IFCFACEOUTERBOUND(#1512,.T.);
#1514= IFCFACE((#1513));
#1515= IFCCARTESIANPOINT((11.1114165784602,-5.99999999930151,253.369700189469));
#1516= IFCCARTESIANPOINT((11.1114165784566,6.00000000066211,253.36970018948));
#1517= IFCPOLYLOOP((#1510,#1515,#1516,#1511));
#1518= IFCFACEOUTERBOUND(#1517,.T.);
#1519= IFCFACE((#1518));
#1520= IFCCARTESIANPOINT((14.1421491377369,-5.99999999930151,255.856962362483));
#1521= IFCCARTESIANPOINT((14.1421491377314,6.00000000066211,255.856962362494));
#1522= IFCPOLYLOOP((#1515,#1520,#1521,#1516));
#1523= IFCFACEOUTERBOUND(#1522,.T.);
#1524= IFCFACE((#1523));
#1525= IFCCARTESIANPOINT((16.6294055183971,-5.99999999928696,258.887699675415));
#1526= IFCCARTESIANPOINT((16.6294055183916,6.00000000067666,258.887699675426));
#1527= IFCPOLYLOOP((#1520,#1525,#1526,#1521));
#1528= IFCFACEOUTERBOUND(#1527,.T.);
#1529= IFCFACE((#1528));
#1530= IFCCARTESIANPOINT((18.4776016207543,-5.99999999927968,262.345442310481));
#1531= IFCCARTESIANPOINT((18.4776016207488,6.00000000068394,262.345442310492));
#1532= IFCPOLYLOOP((#1525,#1530,#1531,#1526));
#1533= IFCFACEOUTERBOUND(#1532,.T.);
#1534= IFCFACE((#1533));
#1535= IFCCARTESIANPOINT((19.615712132796,-5.99999999925785,266.097310835026));
#1536= IFCCARTESIANPOINT((19.6157121327906,6.00000000069849,266.097310835037));
#1537= IFCPOLYLOOP((#1530,#1535,#1536,#1531));
#1538= IFCFACEOUTERBOUND(#1537,.T.);
#1539= IFCFACE((#1538));
#1540= IFCCARTESIANPOINT((19.9999999997162,-5.99999999925058,269.999122696008));
#1541= IFCCARTESIANPOINT((19.9999999997108,6.00000000070577,269.999122696019));
#1542= IFCPOLYLOOP((#1535,#1540,#1541,#1536));
#1543= IFCFACEOUTERBOUND(#1542,.T.);
#1544= IFCFACE((#1543));
#1545= IFCCARTESIANPOINT((494.999999999591,-5.99999999925785,270.000030517829));
#1546= IFCCARTESIANPOINT((494.999999999585,6.00000000070577,270.00003051784));
#1547= IFCPOLYLOOP((#1540,#1545,#1546,#1541));
#1548= IFCFACEOUTERBOUND(#1547,.T.);
#1549= IFCFACE((#1548));
#1550= IFCCARTESIANPOINT((494.999999999673,-5.99999999940337,216.000000000331));
#1551= IFCCARTESIANPOINT((494.999999999667,6.00000000056025,216.000000000342));
#1552= IFCPOLYLOOP((#1545,#1550,#1551,#1546));
#1553= IFCFACEOUTERBOUND(#1552,.T.);
#1554= IFCFACE((#1553));
#1555= IFCCARTESIANPOINT((64.9999999999982,-5.99999999998545,8.00355337560177E-11));
#1556= IFCCARTESIANPOINT((64.9999999999927,5.99999999997817,9.09494701772928E-11));
#1557= IFCPOLYLOOP((#1550,#1555,#1556,#1551));
#1558= IFCFACEOUTERBOUND(#1557,.T.);
#1559= IFCFACE((#1558));
#1560= IFCPOLYLOOP((#1555,#1498,#1501,#1556));
#1561= IFCFACEOUTERBOUND(#1560,.T.);
#1562= IFCFACE((#1561));
#1563= IFCPOLYLOOP((#1506,#1511,#1516,#1521,#1526,#1531,#1536,#1541,#1546,#1551,#1556,#1501,#1500));
#1564= IFCFACEOUTERBOUND(#1563,.T.);
#1565= IFCFACE((#1564));
#1566= IFCPOLYLOOP((#1555,#1550,#1545,#1540,#1535,#1530,#1525,#1520,#1515,#1510,#1505,#1499,#1498));
#1567= IFCFACEOUTERBOUND(#1566,.T.);
#1568= IFCFACE((#1567));
#1569= IFCCLOSEDSHELL((#1504,#1509,#1514,#1519,#1524,#1529,#1534,#1539,#1544,#1549,#1554,#1559,#1562,#1565,#1568));
#1570= IFCFACETEDBREP(#1569);
#1571= IFCSTYLEDITEM(#1570,(#1497),$);
#1572= IFCSHAPEREPRESENTATION(#12,'Body','Brep',(#1570));
#1573= IFCPRODUCTDEFINITIONSHAPE($,$,(#1572));
#1574= IFCCARTESIANPOINT((56810.0067731305,27359.4124434483,10032.0001907349));
#1575= IFCDIRECTION((-1.64240000012797E-05,-0.999999999863308,-1.90699999620847E-06));
#1576= IFCDIRECTION((0.,1.90699999685516E-06,-0.999999999998182));
#1577= IFCAXIS2PLACEMENT3D(#1574,#1575,#1576);
#1578= IFCLOCALPLACEMENT(#42,#1577);
#1579= IFCPLATE('0$Rg_6t2r0wx$wWnqcnVQB',#153,'PLATE-12','PL12*270',$,#1578,#1573,'ID3f6eaf86-dc2d-40eb-bffa-831d26c5f68b');
#1580= IFCPLATETYPE('19qMxlMxf1EuaiTqkazr25',#5,'PL12*270',$,$,$,$,$,$,.NOTDEFINED.);
#1581= IFCPROPERTYSINGLEVALUE('Bottom elevation',$,IFCLABEL(' +9.537'),$);
#1582= IFCPROPERTYSINGLEVALUE('Top elevation',$,IFCLABEL(' +10.032'),$);
#1583= IFCPROPERTYSINGLEVALUE('Preliminary mark',$,IFCLABEL('5-1-P23(?)'),$);
#1584= IFCPROPERTYSINGLEVALUE('Class',$,IFCLABEL('16'),$);
#1585= IFCPROPERTYSET('1coyj4ebr3nvNX3TeS2cyl',#5,'Tekla Common','Common Properties to Shared building elements',(#1581,#1582,#1181,#1583,#1183,#1584));
#1586= IFCPROPERTYSINGLEVALUE('Weight',$,IFCMASSMEASURE(8.19),$);
#1587= IFCPROPERTYSINGLEVALUE('Volume',$,IFCVOLUMEMEASURE(0.001),$);
#1588= IFCPROPERTYSINGLEVALUE('Gross footprint area',$,IFCAREAMEASURE(0.003),$);
#1589= IFCPROPERTYSINGLEVALUE('Area per tons',$,IFCAREAMEASURE(23.22),$);
#1590= IFCPROPERTYSINGLEVALUE('Net surface area',$,IFCAREAMEASURE(0.19),$);
#1591= IFCPROPERTYSINGLEVALUE('Height',$,IFCLENGTHMEASURE(270.),$);
#1592= IFCPROPERTYSINGLEVALUE('Width',$,IFCLENGTHMEASURE(12.),$);
#1593= IFCPROPERTYSINGLEVALUE('Length',$,IFCLENGTHMEASURE(495.),$);
#1594= IFCPROPERTYSET('0hBDrYVkXBwwyDPB1hM9Fm',#5,'Tekla Quantity','Quantity Properties to Shared building elements',(#1586,#1587,#1588,#1589,#1590,#1591,#1592,#1593));
#1595= IFCPROPERTYSINGLEVALUE('Reference',$,IFCIDENTIFIER('5-1-P23'),$);
#1596= IFCPROPERTYSET('2SFks__V1AO8fMdxfIpAk3',#5,'Pset_PlateCommon','Common Properties to plate elements',(#1195,#1595));
#1597= IFCQUANTITYLENGTH('Width',$,$,270.000030517951);
#1598= IFCQUANTITYAREA('NetArea',$,$,0.190074079715074);
#1599= IFCQUANTITYAREA('GrossArea',$,$,0.133650015106353);
#1600= IFCQUANTITYAREA('CrossSectionArea',$,$,0.000144);
#1601= IFCQUANTITYVOLUME('NetVolume',$,$,0.00104277163283837);
#1602= IFCQUANTITYVOLUME('GrossVolume',$,$,0.00104277163283837);
#1603= IFCELEMENTQUANTITY('32R3MRE_95OhPL2An2BiXV',#5,'BaseQuantities',$,$,(#1597,#1598,#1599,#1600,#1601,#1602));
#1604= IFCSHAPEREPRESENTATION(#12,'Body','Brep',(#1570));
#1605= IFCPRODUCTDEFINITIONSHAPE($,$,(#1604));
#1606= IFCCARTESIANPOINT((56520.0067731305,27359.4124434483,10032.0001907349));
#1607= IFCAXIS2PLACEMENT3D(#1606,#1575,#1576);
#1608= IFCLOCALPLACEMENT(#42,#1607);
#1609= IFCPLATE('04t5o$5vvEZgg6BRjKS0Vx',#153,'PLATE-12','PL12*270',$,#1608,#1605,'ID04dc5cbf-179e-4e8e-aa86-2dbb547007fb');
#1610= IFCSHAPEREPRESENTATION(#12,'Body','Brep',(#1278));
#1611= IFCPRODUCTDEFINITIONSHAPE($,$,(#1610));
#1612= IFCCARTESIANPOINT((56513.9971962045,27169.4059861819,10694.3262097601));
#1613= IFCAXIS2PLACEMENT3D(#1612,#1283,#1284);
#1614= IFCLOCALPLACEMENT(#42,#1613);
#1615= IFCPLATE('0ETWUTPCv95uifSyWQEuQY',#153,'PLATE-8','PL8*80',$,#1614,#1611,'ID0e76079d-64ce-4917-8b29-73c81a3b86a2');
#1616= IFCPROPERTYSINGLEVALUE('Bottom elevation',$,IFCLABEL(' +10.690'),$);
#1617= IFCPROPERTYSINGLEVALUE('Top elevation',$,IFCLABEL(' +10.698'),$);
#1618= IFCPROPERTYSET('3VlXO0ELP9YOjrIfTPvuSC',#5,'Tekla Common','Common Properties to Shared building elements',(#1616,#1617,#1181,#1288,#1183,#1184));
#1619= IFCQUANTITYLENGTH('Width',$,$,80.0000192831257);
#1620= IFCQUANTITYAREA('GrossArea',$,$,0.0103200325122854);
#1621= IFCELEMENTQUANTITY('3su_7WYobCrBloQ8wXlRMM',#5,'BaseQuantities',$,$,(#1619,#1299,#1620,#1201,#1301,#1302));
#1622= IFCCARTESIANPOINT((199.999687256004,-3.99999999993997,19.9999999965876));
#1623= IFCCARTESIANPOINT((199.999687256004,4.00000000005093,19.9999999966094));
#1624= IFCPOLYLOOP((#1448,#1622,#1623,#1449));
#1625= IFCFACEOUTERBOUND(#1624,.T.);
#1626= IFCFACE((#1625));
#1627= IFCCARTESIANPOINT((196.097933823075,-3.99999999994179,19.6156417997045));
#1628= IFCCARTESIANPOINT((196.097933823075,4.00000000004911,19.615641799719));
#1629= IFCPOLYLOOP((#1622,#1627,#1628,#1623));
#1630= IFCFACEOUTERBOUND(#1629,.T.);
#1631= IFCFACE((#1630));
#1632= IFCCARTESIANPOINT((192.346133393799,-3.99999999994179,18.4774833688207));
#1633= IFCCARTESIANPOINT((192.346133393799,4.00000000004911,18.4774833688352));
#1634= IFCPOLYLOOP((#1627,#1632,#1633,#1628));
#1635= IFCFACEOUTERBOUND(#1634,.T.);
#1636= IFCFACE((#1635));
#1637= IFCCARTESIANPOINT((188.888462134859,-3.99999999994179,16.6292624567068));
#1638= IFCCARTESIANPOINT((188.888462134855,4.00000000004911,16.6292624567213));
#1639= IFCPOLYLOOP((#1632,#1637,#1638,#1633));
#1640= IFCFACEOUTERBOUND(#1639,.T.);
#1641= IFCFACE((#1640));
#1642= IFCCARTESIANPOINT((185.857793261952,-3.99999999993997,14.1420034718685));
#1643= IFCCARTESIANPOINT((185.857793261948,4.00000000005093,14.1420034718831));
#1644= IFCPOLYLOOP((#1637,#1642,#1643,#1638));
#1645= IFCFACEOUTERBOUND(#1644,.T.);
#1646= IFCFACE((#1645));
#1647= IFCCARTESIANPOINT((183.370590917777,-3.99999999993815,11.1112881150548));
#1648= IFCCARTESIANPOINT((183.370590917773,4.00000000005457,11.1112881150693));
#1649= IFCPOLYLOOP((#1642,#1647,#1648,#1643));
#1650= IFCFACEOUTERBOUND(#1649,.T.);
#1651= IFCFACE((#1650));
#1652= IFCCARTESIANPOINT((181.522434626477,-3.99999999993634,7.6535823152808));
#1653= IFCCARTESIANPOINT((181.522434626473,4.00000000005639,7.65358231530263));
#1654= IFCPOLYLOOP((#1647,#1652,#1653,#1648));
#1655= IFCFACEOUTERBOUND(#1654,.T.);
#1656= IFCFACE((#1655));
#1657= IFCCARTESIANPOINT((180.384346313262,-3.99999999993452,3.9017606155976));
#1658= IFCCARTESIANPOINT((180.384346313262,4.00000000005821,3.90176061561942));
#1659= IFCPOLYLOOP((#1652,#1657,#1658,#1653));
#1660= IFCFACEOUTERBOUND(#1659,.T.);
#1661= IFCFACE((#1660));
#1662= IFCCARTESIANPOINT((180.000061036393,-3.99999999993088,7.27595761418343E-11));
#1663= IFCCARTESIANPOINT((180.00006103639,4.00000000006185,9.45874489843845E-11));
#1664= IFCPOLYLOOP((#1657,#1662,#1663,#1658));
#1665= IFCFACEOUTERBOUND(#1664,.T.);
#1666= IFCFACE((#1665));
#1667= IFCPOLYLOOP((#1662,#1206,#1209,#1663));
#1668= IFCFACEOUTERBOUND(#1667,.T.);
#1669= IFCFACE((#1668));
#1670= IFCPOLYLOOP((#1444,#1449,#1623,#1628,#1633,#1638,#1643,#1648,#1653,#1658,#1663,#1209,#1439));
#1671= IFCFACEOUTERBOUND(#1670,.T.);
#1672= IFCFACE((#1671));
#1673= IFCPOLYLOOP((#1662,#1657,#1652,#1647,#1642,#1637,#1632,#1627,#1622,#1448,#1443,#1438,#1206));
#1674= IFCFACEOUTERBOUND(#1673,.T.);
#1675= IFCFACE((#1674));
#1676= IFCCLOSEDSHELL((#1442,#1447,#1452,#1626,#1631,#1636,#1641,#1646,#1651,#1656,#1661,#1666,#1669,#1672,#1675));
#1677= IFCFACETEDBREP(#1676);
#1678= IFCSTYLEDITEM(#1677,(#1060),$);
#1679= IFCSHAPEREPRESENTATION(#12,'Body','Brep',(#1677));
#1680= IFCPRODUCTDEFINITIONSHAPE($,$,(#1679));
#1681= IFCCARTESIANPOINT((56513.9971962045,27289.4059861819,10478.3262097601));
#1682= IFCAXIS2PLACEMENT3D(#1681,#1471,#1472);
#1683= IFCLOCALPLACEMENT(#42,#1682);
#1684= IFCPLATE('0z79Wz9c15ER1HHNtyEhc9',#153,'PLATE-8','PL8*129',$,#1683,#1680,'ID3d1c983d-2660-4539-b051-457dfc3ab989');
#1685= IFCPROPERTYSINGLEVALUE('Bottom elevation',$,IFCLABEL(' +10.474'),$);
#1686= IFCPROPERTYSINGLEVALUE('Top elevation',$,IFCLABEL(' +10.482'),$);
#1687= IFCPROPERTYSINGLEVALUE('Preliminary mark',$,IFCLABEL('5-1-P43(?)'),$);
#1688= IFCPROPERTYSET('2GAPUJYmr1HuojP0r9coUy',#5,'Tekla Common','Common Properties to Shared building elements',(#1685,#1686,#1181,#1687,#1183,#1184));
#1689= IFCPROPERTYSINGLEVALUE('Weight',$,IFCMASSMEASURE(1.16),$);
#1690= IFCPROPERTYSINGLEVALUE('Area per tons',$,IFCAREAMEASURE(35.862),$);
#1691= IFCPROPERTYSINGLEVALUE('Net surface area',$,IFCAREAMEASURE(0.041),$);
#1692= IFCPROPERTYSET('3jCceTtgv0Uuq6pMZQYaBO',#5,'Tekla Quantity','Quantity Properties to Shared building elements',(#1689,#1187,#1480,#1690,#1691,#1483,#1192,#1484));
#1693= IFCPROPERTYSINGLEVALUE('Reference',$,IFCIDENTIFIER('5-1-P43'),$);
#1694= IFCPROPERTYSET('2EsU2$ppH3ZRRp4oj9rryl',#5,'Pset_PlateCommon','Common Properties to plate elements',(#1195,#1693));
#1695= IFCQUANTITYLENGTH('Width',$,$,129.000137329283);
#1696= IFCQUANTITYAREA('NetArea',$,$,0.0414458610160277);
#1697= IFCQUANTITYAREA('GrossArea',$,$,0.0258000297765524);
#1698= IFCQUANTITYVOLUME('NetVolume',$,$,0.000147223012397159);
#1699= IFCQUANTITYVOLUME('GrossVolume',$,$,0.000147223012397159);
#1700= IFCELEMENTQUANTITY('0xMKS642H1gfHtn72quuZO',#5,'BaseQuantities',$,$,(#1695,#1696,#1697,#1201,#1698,#1699));
#1701= IFCCARTESIANPOINT((1.81898940354586E-12,-5.9999999993961,215.999999999662));
#1702= IFCCARTESIANPOINT((0.,-5.9999999992433,269.999084469724));
#1703= IFCCARTESIANPOINT((-3.63797880709171E-12,6.00000000071304,269.999084469735));
#1704= IFCCARTESIANPOINT((-3.63797880709171E-12,6.00000000056752,215.999999999673));
#1705= IFCPOLYLOOP((#1701,#1702,#1703,#1704));
#1706= IFCFACEOUTERBOUND(#1705,.T.);
#1707= IFCFACE((#1706));
#1708= IFCCARTESIANPOINT((474.999999999874,-5.99999999925058,269.999992290897));
#1709= IFCCARTESIANPOINT((474.999999999871,6.00000000071304,269.999992290908));
#1710= IFCPOLYLOOP((#1702,#1708,#1709,#1703));
#1711= IFCFACEOUTERBOUND(#1710,.T.);
#1712= IFCFACE((#1711));
#1713= IFCCARTESIANPOINT((475.384300916799,-5.99999999926513,266.098191271249));
#1714= IFCCARTESIANPOINT((475.384300916796,6.00000000069849,266.09819127126));
#1715= IFCPOLYLOOP((#1708,#1713,#1714,#1709));
#1716= IFCFACEOUTERBOUND(#1715,.T.);
#1717= IFCFACE((#1716));
#1718= IFCCARTESIANPOINT((476.522420320414,-5.9999999992724,262.346335381848));
#1719= IFCCARTESIANPOINT((476.522420320411,6.00000000069122,262.346335381859));
#1720= IFCPOLYLOOP((#1713,#1718,#1719,#1714));
#1721= IFCFACEOUTERBOUND(#1720,.T.);
#1722= IFCFACE((#1721));
#1723= IFCCARTESIANPOINT((478.37062102639,-5.99999999928696,258.888605990742));
#1724= IFCCARTESIANPOINT((478.370621026386,6.00000000067666,258.888605990753));
#1725= IFCPOLYLOOP((#1718,#1723,#1724,#1719));
#1726= IFCFACEOUTERBOUND(#1725,.T.);
#1727= IFCFACE((#1726));
#1728= IFCCARTESIANPOINT((480.857877890361,-5.99999999928696,255.857881377));
#1729= IFCCARTESIANPOINT((480.857877890356,6.00000000067666,255.857881377011));
#1730= IFCPOLYLOOP((#1723,#1728,#1729,#1724));
#1731= IFCFACEOUTERBOUND(#1730,.T.);
#1732= IFCFACE((#1731));
#1733= IFCCARTESIANPOINT((483.888607257757,-5.99999999929423,253.37063030537));
#1734= IFCCARTESIANPOINT((483.888607257752,6.00000000066939,253.37063030538));
#1735= IFCPOLYLOOP((#1728,#1733,#1734,#1729));
#1736= IFCFACEOUTERBOUND(#1735,.T.);
#1737= IFCFACE((#1736));
#1738= IFCCARTESIANPOINT((487.346340181148,-5.99999999930151,251.522436207826));
#1739= IFCCARTESIANPOINT((487.346340181144,6.00000000066211,251.522436207837));
#1740= IFCPOLYLOOP((#1733,#1738,#1739,#1734));
#1741= IFCFACEOUTERBOUND(#1740,.T.);
#1742= IFCFACE((#1741));
#1743= IFCCARTESIANPOINT((491.098198245723,-5.99999999930151,250.384323974766));
#1744= IFCCARTESIANPOINT((491.098198245718,6.00000000066211,250.384323974777));
#1745= IFCPOLYLOOP((#1738,#1743,#1744,#1739));
#1746= IFCFACEOUTERBOUND(#1745,.T.);
#1747= IFCFACE((#1746));
#1748= IFCCARTESIANPOINT((494.999999999851,-5.99999999930151,250.000030514981));
#1749= IFCCARTESIANPOINT((494.999999999845,6.00000000066211,250.000030514992));
#1750= IFCPOLYLOOP((#1743,#1748,#1749,#1744));
#1751= IFCFACEOUTERBOUND(#1750,.T.);
#1752= IFCFACE((#1751));
#1753= IFCCARTESIANPOINT((495.000000000004,-5.99999999997817,-7.27595761418343E-12));
#1754= IFCCARTESIANPOINT((494.999999999998,5.99999999998545,3.63797880709171E-12));
#1755= IFCPOLYLOOP((#1748,#1753,#1754,#1749));
#1756= IFCFACEOUTERBOUND(#1755,.T.);
#1757= IFCFACE((#1756));
#1758= IFCCARTESIANPOINT((430.000000000004,-5.99999999997817,-7.27595761418343E-12));
#1759= IFCCARTESIANPOINT((429.999999999998,5.99999999998545,3.63797880709171E-12));
#1760= IFCPOLYLOOP((#1753,#1758,#1759,#1754));
#1761= IFCFACEOUTERBOUND(#1760,.T.);
#1762= IFCFACE((#1761));
#1763= IFCPOLYLOOP((#1758,#1701,#1704,#1759));
#1764= IFCFACEOUTERBOUND(#1763,.T.);
#1765= IFCFACE((#1764));
#1766= IFCPOLYLOOP((#1709,#1714,#1719,#1724,#1729,#1734,#1739,#1744,#1749,#1754,#1759,#1704,#1703));
#1767= IFCFACEOUTERBOUND(#1766,.T.);
#1768= IFCFACE((#1767));
#1769= IFCPOLYLOOP((#1758,#1753,#1748,#1743,#1738,#1733,#1728,#1723,#1718,#1713,#1708,#1702,#1701));
#1770= IFCFACEOUTERBOUND(#1769,.T.);
#1771= IFCFACE((#1770));
#1772= IFCCLOSEDSHELL((#1707,#1712,#1717,#1722,#1727,#1732,#1737,#1742,#1747,#1752,#1757,#1762,#1765,#1768,#1771));
#1773= IFCFACETEDBREP(#1772);
#1774= IFCSTYLEDITEM(#1773,(#1497),$);
#1775= IFCSHAPEREPRESENTATION(#12,'Body','Brep',(#1773));
#1776= IFCPRODUCTDEFINITIONSHAPE($,$,(#1775));
#1777= IFCCARTESIANPOINT((56810.0071016063,27359.403242957,10819.0004958116));
#1778= IFCAXIS2PLACEMENT3D(#1777,#1575,#1576);
#1779= IFCLOCALPLACEMENT(#42,#1778);
#1780= IFCPLATE('1BtMar6B983eHypcKMblyC',#153,'PLATE-12','PL12*270',$,#1779,#1776,'ID4bdd6935-18b2-480e-847c-ce651696ff0c');
#1781= IFCPROPERTYSINGLEVALUE('Bottom elevation',$,IFCLABEL(' +10.324'),$);
#1782= IFCPROPERTYSINGLEVALUE('Top elevation',$,IFCLABEL(' +10.819'),$);
#1783= IFCPROPERTYSINGLEVALUE('Preliminary mark',$,IFCLABEL('5-1-P21(?)'),$);
#1784= IFCPROPERTYSET('0OYofZaEv0zwe5ZAjUPNqm',#5,'Tekla Common','Common Properties to Shared building elements',(#1781,#1782,#1181,#1783,#1183,#1584));
#1785= IFCPROPERTYSINGLEVALUE('Gross footprint area',$,IFCAREAMEASURE(0.001),$);
#1786= IFCPROPERTYSET('0lrsdYvOT4IhAAarxdvuyN',#5,'Tekla Quantity','Quantity Properties to Shared building elements',(#1586,#1587,#1785,#1589,#1590,#1591,#1592,#1593));
#1787= IFCPROPERTYSINGLEVALUE('Reference',$,IFCIDENTIFIER('5-1-P21'),$);
#1788= IFCPROPERTYSET('1WxJW1GUr3JAL$1CnjcLci',#5,'Pset_PlateCommon','Common Properties to plate elements',(#1195,#1787));
#1789= IFCQUANTITYLENGTH('Width',$,$,269.999992291336);
#1790= IFCQUANTITYAREA('NetArea',$,$,0.19007408029946);
#1791= IFCQUANTITYAREA('GrossArea',$,$,0.133649996184176);
#1792= IFCQUANTITYVOLUME('NetVolume',$,$,0.00104277164182277);
#1793= IFCQUANTITYVOLUME('GrossVolume',$,$,0.00104277164182277);
#1794= IFCELEMENTQUANTITY('0fsdacocz4GfGS0jDDbFVm',#5,'BaseQuantities',$,$,(#1789,#1790,#1791,#1600,#1792,#1793));
#1795= IFCSHAPEREPRESENTATION(#12,'Body','Brep',(#1773));
#1796= IFCPRODUCTDEFINITIONSHAPE($,$,(#1795));
#1797= IFCCARTESIANPOINT((56520.0071016063,27359.4032429569,10819.0004958117));
#1798= IFCAXIS2PLACEMENT3D(#1797,#1575,#1576);
#1799= IFCLOCALPLACEMENT(#42,#1798);
#1800= IFCPLATE('2ZU_3qntf7phE9mKi6xSk1',#153,'PLATE-12','PL12*270',$,#1799,#1796,'IDa37be0f4-c77a-47ce-b389-c14b06edcb81');
#1801= IFCSHAPEREPRESENTATION(#12,'Body','Brep',(#1168));
#1802= IFCPRODUCTDEFINITIONSHAPE($,$,(#1801));
#1803= IFCCARTESIANPOINT((56525.9977084041,27089.4042334661,10694.3257200468));
#1804= IFCAXIS2PLACEMENT3D(#1803,#1173,#1174);
#1805= IFCLOCALPLACEMENT(#42,#1804);
#1806= IFCPLATE('3jkIPjyDT8keW3ei0RE8HK',#153,'PLATE-8','PL8*80',$,#1805,#1802,'IDedb9266d-f0d7-48ba-8803-a2c01b388454');
#1807= IFCPROPERTYSET('0MNHEMHRj5tuDW_g6DaxZX',#5,'Tekla Common','Common Properties to Shared building elements',(#1616,#1617,#1181,#1182,#1183,#1184));
#1808= IFCSHAPEREPRESENTATION(#12,'Body','Brep',(#1409));
#1809= IFCPRODUCTDEFINITIONSHAPE($,$,(#1808));
#1810= IFCCARTESIANPOINT((56525.9977084041,27089.4042334661,10478.3257200468));
#1811= IFCAXIS2PLACEMENT3D(#1810,#1414,#1415);
#1812= IFCLOCALPLACEMENT(#42,#1811);
#1813= IFCPLATE('3qrH2pLofE$emqpkFi4aPr',#153,'PLATE-8','PL8*200',$,#1812,#1809,'IDf4d510b3-572a-4efe-8c34-cee3ec124675');
#1814= IFCPROPERTYSINGLEVALUE('Preliminary mark',$,IFCLABEL('5-1-P68(?)'),$);
#1815= IFCPROPERTYSET('3vqlUT8Y12khVL3dwH1j9T',#5,'Tekla Common','Common Properties to Shared building elements',(#1685,#1686,#1181,#1814,#1183,#1184));
#1816= IFCPROPERTYSINGLEVALUE('Reference',$,IFCIDENTIFIER('5-1-P68'),$);
#1817= IFCPROPERTYSET('3XV8vnEkX1QBgCpxbirf41',#5,'Pset_PlateCommon','Common Properties to plate elements',(#1195,#1816));
#1818= IFCCOLOURRGB('Light Gray',0.615686274509804,0.615686274509804,0.611764705882353);
#1819= IFCSURFACESTYLERENDERING(#1818,0.,$,$,$,$,IFCNORMALISEDRATIOMEASURE(0.00390625),IFCSPECULAREXPONENT(10.),.NOTDEFINED.);
#1820= IFCSURFACESTYLE('STEEL/S275',.POSITIVE.,(#1819));
#1821= IFCPRESENTATIONSTYLEASSIGNMENT((#1820));
#1822= IFCCARTESIANPOINT((0.000146627928188536,-1.,320.0038757328));
#1823= IFCCARTESIANPOINT((0.000142962278914638,-9.,312.003875732786));
#1824= IFCCARTESIANPOINT((419.999999999993,-9.,312.003875732935));
#1825= IFCCARTESIANPOINT((420.000000000015,-1.,320.003875732942));
#1826= IFCPOLYLOOP((#1822,#1823,#1824,#1825));
#1827= IFCFACEOUTERBOUND(#1826,.T.);
#1828= IFCFACE((#1827));
#1829= IFCCARTESIANPOINT((0.000142962278914638,9.,312.003875732786));
#1830= IFCCARTESIANPOINT((0.000146627928188536,1.,320.0038757328));
#1831= IFCCARTESIANPOINT((420.000000000015,1.,320.003875732942));
#1832= IFCCARTESIANPOINT((419.999999999993,9.,312.003875732935));
#1833= IFCPOLYLOOP((#1829,#1830,#1831,#1832));
#1834= IFCFACEOUTERBOUND(#1833,.T.);
#1835= IFCFACE((#1834));
#1836= IFCCARTESIANPOINT((0.,9.,0.));
#1837= IFCCARTESIANPOINT((0.,-9.,0.));
#1838= IFCPOLYLOOP((#1830,#1829,#1836,#1837,#1823,#1822));
#1839= IFCFACEOUTERBOUND(#1838,.T.);
#1840= IFCFACE((#1839));
#1841= IFCPOLYLOOP((#1831,#1830,#1822,#1825));
#1842= IFCFACEOUTERBOUND(#1841,.T.);
#1843= IFCFACE((#1842));
#1844= IFCCARTESIANPOINT((419.999999998967,-9.,1.16415321826935E-10));
#1845= IFCCARTESIANPOINT((419.999999998967,9.,1.16415321826935E-10));
#1846= IFCPOLYLOOP((#1844,#1845,#1832,#1831,#1825,#1824));
#1847= IFCFACEOUTERBOUND(#1846,.T.);
#1848= IFCFACE((#1847));
#1849= IFCPOLYLOOP((#1844,#1837,#1836,#1845));
#1850= IFCFACEOUTERBOUND(#1849,.T.);
#1851= IFCFACE((#1850));
#1852= IFCPOLYLOOP((#1845,#1836,#1829,#1832));
#1853= IFCFACEOUTERBOUND(#1852,.T.);
#1854= IFCFACE((#1853));
#1855= IFCPOLYLOOP((#1837,#1844,#1824,#1823));
#1856= IFCFACEOUTERBOUND(#1855,.T.);
#1857= IFCFACE((#1856));
#1858= IFCCLOSEDSHELL((#1828,#1835,#1840,#1843,#1848,#1851,#1854,#1857));
#1859= IFCFACETEDBREP(#1858);
#1860= IFCSTYLEDITEM(#1859,(#1821),$);
#1861= IFCSHAPEREPRESENTATION(#12,'Body','Brep',(#1859));
#1862= IFCPRODUCTDEFINITIONSHAPE($,$,(#1861));
#1863= IFCCARTESIANPOINT((56430.0031106426,27409.4082076967,10041.0001907349));
#1864= IFCDIRECTION((-1.73399999912363E-05,-0.999999999849662,0.));
#1865= IFCDIRECTION((0.999999999849662,-1.73399999942796E-05,0.));
#1866= IFCAXIS2PLACEMENT3D(#1863,#1864,#1865);
#1867= IFCLOCALPLACEMENT(#42,#1866);
#1868= IFCPLATE('0NTKXu44nBlut1XQougbKw',#153,'PLATE-18','PL18*320',$,#1867,#1862,'ID17754878-104c-4bbf-8dc1-85acb8aa553a');
#1869= IFCPLATETYPE('3ccp5TCmPBifKh0A7ekkgO',#5,'PL18*320',$,$,$,$,$,$,.NOTDEFINED.);
#1870= IFCPROPERTYSINGLEVALUE('Bottom elevation',$,IFCLABEL(' +10.032'),$);
#1871= IFCPROPERTYSINGLEVALUE('Top elevation',$,IFCLABEL(' +10.050'),$);
#1872= IFCPROPERTYSINGLEVALUE('Preliminary mark',$,IFCLABEL('5-1-P55(?)'),$);
#1873= IFCPROPERTYSINGLEVALUE('Class',$,IFCLABEL('15'),$);
#1874= IFCPROPERTYSET('0fJZfxmv5F38AEFGFi5eX2',#5,'Tekla Common','Common Properties to Shared building elements',(#1870,#1871,#1181,#1872,#1183,#1873));
#1875= IFCPROPERTYSINGLEVALUE('Weight',$,IFCMASSMEASURE(18.78),$);
#1876= IFCPROPERTYSINGLEVALUE('Volume',$,IFCVOLUMEMEASURE(0.002),$);
#1877= IFCPROPERTYSINGLEVALUE('Gross footprint area',$,IFCAREAMEASURE(0.134),$);
#1878= IFCPROPERTYSINGLEVALUE('Area per tons',$,IFCAREAMEASURE(15.515),$);
#1879= IFCPROPERTYSINGLEVALUE('Net surface area',$,IFCAREAMEASURE(0.291),$);
#1880= IFCPROPERTYSINGLEVALUE('Height',$,IFCLENGTHMEASURE(320.),$);
#1881= IFCPROPERTYSINGLEVALUE('Width',$,IFCLENGTHMEASURE(18.),$);
#1882= IFCPROPERTYSINGLEVALUE('Length',$,IFCLENGTHMEASURE(420.),$);
#1883= IFCPROPERTYSET('0TFLljjwXC0B98soBOdstn',#5,'Tekla Quantity','Quantity Properties to Shared building elements',(#1875,#1876,#1877,#1878,#1879,#1880,#1881,#1882));
#1884= IFCPROPERTYSINGLEVALUE('Reference',$,IFCIDENTIFIER('5-1-P55'),$);
#1885= IFCPROPERTYSET('3N8IN6Iwz1t8eoypDOSQd8',#5,'Pset_PlateCommon','Common Properties to plate elements',(#1195,#1884));
#1886= IFCQUANTITYLENGTH('Width',$,$,320.003875732447);
#1887= IFCQUANTITYAREA('NetArea',$,$,0.291378862106728);
#1888= IFCQUANTITYAREA('GrossArea',$,$,0.134401627807628);
#1889= IFCQUANTITYAREA('CrossSectionArea',$,$,0.000324);
#1890= IFCQUANTITYVOLUME('NetVolume',$,$,0.00239234888755262);
#1891= IFCQUANTITYVOLUME('GrossVolume',$,$,0.0024192288782467);
#1892= IFCELEMENTQUANTITY('19oLCPqun2deiTKZ02710o',#5,'BaseQuantities',$,$,(#1886,#1887,#1888,#1889,#1890,#1891));
#1893= IFCSHAPEREPRESENTATION(#12,'Body','Brep',(#1859));
#1894= IFCPRODUCTDEFINITIONSHAPE($,$,(#1893));
#1895= IFCCARTESIANPOINT((56430.0031106426,27409.4082076967,10315.0001907429));
#1896= IFCAXIS2PLACEMENT3D(#1895,#1864,#1865);
#1897= IFCLOCALPLACEMENT(#42,#1896);
#1898= IFCPLATE('28gwX4mKP74vUGFF9B4l_C',#153,'PLATE-18','PL18*320',$,#1897,#1894,'ID88aba844-c146-4713-9790-3cf24b12ff8c');
#1899= IFCPROPERTYSINGLEVALUE('Bottom elevation',$,IFCLABEL(' +10.306'),$);
#1900= IFCPROPERTYSINGLEVALUE('Top elevation',$,IFCLABEL(' +10.324'),$);
#1901= IFCPROPERTYSET('0uopXpOGf5ovMtbeAJCUSz',#5,'Tekla Common','Common Properties to Shared building elements',(#1899,#1900,#1181,#1872,#1183,#1873));
#1902= IFCCOLOURRGB('Light Blue',0.23921568627451,0.,0.63921568627451);
#1903= IFCSURFACESTYLERENDERING(#1902,0.,$,$,$,$,IFCNORMALISEDRATIOMEASURE(0.00390625),IFCSPECULAREXPONENT(10.),.NOTDEFINED.);
#1904= IFCSURFACESTYLE('STEEL/S275',.POSITIVE.,(#1903));
#1905= IFCPRESENTATIONSTYLEASSIGNMENT((#1904));
#1906= IFCCARTESIANPOINT((0.,-10.,0.));
#1907= IFCCARTESIANPOINT((7.27595761418343E-12,-10.,1300.));
#1908= IFCCARTESIANPOINT((7.27595761418343E-12,10.,1300.));
#1909= IFCCARTESIANPOINT((0.,10.,0.));
#1910= IFCPOLYLOOP((#1906,#1907,#1908,#1909));
#1911= IFCFACEOUTERBOUND(#1910,.T.);
#1912= IFCFACE((#1911));
#1913= IFCCARTESIANPOINT((550.003051757812,-10.,1300.));
#1914= IFCCARTESIANPOINT((550.003051757812,10.,1300.));
#1915= IFCPOLYLOOP((#1907,#1913,#1914,#1908));
#1916= IFCFACEOUTERBOUND(#1915,.T.);
#1917= IFCFACE((#1916));
#1918= IFCCARTESIANPOINT((550.003051757812,-10.,1.0550138540566E-10));
#1919= IFCCARTESIANPOINT((550.003051757812,10.,1.0550138540566E-10));
#1920= IFCPOLYLOOP((#1913,#1918,#1919,#1914));
#1921= IFCFACEOUTERBOUND(#1920,.T.);
#1922= IFCFACE((#1921));
#1923= IFCPOLYLOOP((#1918,#1906,#1909,#1919));
#1924= IFCFACEOUTERBOUND(#1923,.T.);
#1925= IFCFACE((#1924));
#1926= IFCPOLYLOOP((#1914,#1919,#1909,#1908));
#1927= IFCFACEOUTERBOUND(#1926,.T.);
#1928= IFCFACE((#1927));
#1929= IFCPOLYLOOP((#1918,#1913,#1907,#1906));
#1930= IFCFACEOUTERBOUND(#1929,.T.);
#1931= IFCFACE((#1930));
#1932= IFCCLOSEDSHELL((#1912,#1917,#1922,#1925,#1928,#1931));
#1933= IFCFACETEDBREP(#1932);
#1934= IFCSTYLEDITEM(#1933,(#1905),$);
#1935= IFCSHAPEREPRESENTATION(#12,'Body','Brep',(#1933));
#1936= IFCPRODUCTDEFINITIONSHAPE($,$,(#1935));
#1937= IFCCARTESIANPOINT((56864.9996948242,27079.4133569336,10825.3271696298));
#1938= IFCAXIS2PLACEMENT3D(#1937,#129,#229);
#1939= IFCLOCALPLACEMENT(#42,#1938);
#1940= IFCPLATE('1BxlI8_xr3Uh9$1ePGsaqT',#44,'PLATE-20','PL20*550',$,#1939,#1936,'ID4beef488-fbbd-437a-b27f-068650da4d1d');
#1941= IFCPLATETYPE('0clQqJeBXDyulEnuKZ$SPl',#5,'PL20*550',$,$,$,$,$,$,.NOTDEFINED.);
#1942= IFCPROPERTYSINGLEVALUE('Bottom elevation',$,IFCLABEL(' +9.525'),$);
#1943= IFCPROPERTYSINGLEVALUE('Top elevation',$,IFCLABEL(' +10.825'),$);
#1944= IFCPROPERTYSINGLEVALUE('Preliminary mark',$,IFCLABEL('5-1-P70(?)'),$);
#1945= IFCPROPERTYSINGLEVALUE('Class',$,IFCLABEL('14'),$);
#1946= IFCPROPERTYSET('2NEruHvNjFzg0g9ZNMF$f4',#5,'Tekla Common','Common Properties to Shared building elements',(#1942,#1943,#1181,#1944,#1183,#1945));
#1947= IFCPROPERTYSINGLEVALUE('Weight',$,IFCMASSMEASURE(112.26),$);
#1948= IFCPROPERTYSINGLEVALUE('Volume',$,IFCVOLUMEMEASURE(0.014),$);
#1949= IFCPROPERTYSINGLEVALUE('Gross footprint area',$,IFCAREAMEASURE(0.011),$);
#1950= IFCPROPERTYSINGLEVALUE('Area per tons',$,IFCAREAMEASURE(13.398),$);
#1951= IFCPROPERTYSINGLEVALUE('Net surface area',$,IFCAREAMEASURE(1.504),$);
#1952= IFCPROPERTYSINGLEVALUE('Height',$,IFCLENGTHMEASURE(550.),$);
#1953= IFCPROPERTYSINGLEVALUE('Width',$,IFCLENGTHMEASURE(20.),$);
#1954= IFCPROPERTYSINGLEVALUE('Length',$,IFCLENGTHMEASURE(1300.),$);
#1955= IFCPROPERTYSET('2bOtO3GkbBIevT336U4p8f',#5,'Tekla Quantity','Quantity Properties to Shared building elements',(#1947,#1948,#1949,#1950,#1951,#1952,#1953,#1954));
#1956= IFCPROPERTYSINGLEVALUE('Reference',$,IFCIDENTIFIER('5-1-P70'),$);
#1957= IFCPROPERTYSET('18abDHIaTCoO7jb6eiT80T',#5,'Pset_PlateCommon','Common Properties to plate elements',(#1195,#1956));
#1958= IFCQUANTITYLENGTH('Width',$,$,550.003051757812);
#1959= IFCQUANTITYAREA('NetArea',$,$,1.50400805664056);
#1960= IFCQUANTITYAREA('GrossArea',$,$,0.715003967285156);
#1961= IFCQUANTITYAREA('CrossSectionArea',$,$,0.0004);
#1962= IFCQUANTITYVOLUME('NetVolume',$,$,0.0143000793457025);
#1963= IFCQUANTITYVOLUME('GrossVolume',$,$,0.0143000793457025);
#1964= IFCELEMENTQUANTITY('2xvBXooKD3TPCvU2aPAc3u',#5,'BaseQuantities',$,$,(#1958,#1959,#1960,#1961,#1962,#1963));
#1965= IFCRELAGGREGATES('19b34xGJb7iQB12CPOx0pK',#5,$,$,#37,(#39));
#1966= IFCRELAGGREGATES('2T78hypir61wf4YykFkO20',#5,$,$,#39,(#41));
#1967= IFCRELAGGREGATES('2Nw3F99xX66A5YrKKE0Ghb',#5,$,$,#41,(#43));
#1968= IFCRELCONTAINEDINSPATIALSTRUCTURE('1d5KQKEmXB29q8sv9UVdCE',#5,$,$,(#1940,#1898,#1868,#1813,#1806,#1800,#1780,#1684,#1615,#1609,#1579,#1475,#1418,#1287,#1177,#1056,#968,#666,#583,#505,#422,#344,#337,#330,#323,#316,#309,#302,#295,#288,#281,#274,#267,#260,#253,#246,#239,#232,#133),#43);
#1969= IFCRELDEFINESBYPROPERTIES('2toRRDH5517vlnW9DzZyM1',#5,$,$,(#344,#337,#330,#323,#316,#309,#302,#295,#288,#281,#274,#267,#260,#253,#246,#239,#232,#133),#151);
#1970= IFCRELDEFINESBYPROPERTIES('09pZGoP7f4YuW0YllV3vW8',#5,$,$,(#505,#422),#427);
#1971= IFCRELDEFINESBYPROPERTIES('2rojYvVor6ZgopIdmJPdAs',#5,$,$,(#666,#583),#588);
#1972= IFCRELDEFINESBYPROPERTIES('18ik7JccP8TATMQ1CTclsU',#5,$,$,(#1056,#968),#977);
#1973= IFCRELDEFINESBYPROPERTIES('0nKbJXUTD77v3dANCwzd7U',#5,$,$,(#1177),#1185);
#1974= IFCRELDEFINESBYPROPERTIES('38f$1FRPHFI8a09F7Q1AvX',#5,$,$,(#1806,#1177),#1194);
#1975= IFCRELDEFINESBYPROPERTIES('3iw0TmpZnB6RfexPfd19j4',#5,$,$,(#1806,#1177),#1197);
#1976= IFCRELDEFINESBYPROPERTIES('3keBerMlP7IQPs_5WCz63d',#5,$,$,(#1806,#1177),#1204);
#1977= IFCRELDEFINESBYPROPERTIES('3nSV$UccPBegbAiVf2eHxW',#5,$,$,(#1287),#1289);
#1978= IFCRELDEFINESBYPROPERTIES('0ovNYSdJP1VPwegb_QbTdH',#5,$,$,(#1615,#1287),#1295);
#1979= IFCRELDEFINESBYPROPERTIES('24hHua47PEShUwvdRCZILZ',#5,$,$,(#1615,#1287),#1297);
#1980= IFCRELDEFINESBYPROPERTIES('3lUJi_x0nDc8zTJX5jm0XP',#5,$,$,(#1287),#1303);
#1981= IFCRELDEFINESBYPROPERTIES('2$fNLzo7DDXvjLhypAVLrE',#5,$,$,(#1418),#1423);
#1982= IFCRELDEFINESBYPROPERTIES('0Hlly_h1n2rPnUcpVTf_SE',#5,$,$,(#1813,#1418),#1429);
#1983= IFCRELDEFINESBYPROPERTIES('3$RvXc$XzDdRT9vyQAKmvK',#5,$,$,(#1418),#1431);
#1984= IFCRELDEFINESBYPROPERTIES('3l9WiFOt5EdQqjnV_hMbEu',#5,$,$,(#1813,#1418),#1437);
#1985= IFCRELDEFINESBYPROPERTIES('3vv7_ONYb7fxVklzbAFCjQ',#5,$,$,(#1475),#1478);
#1986= IFCRELDEFINESBYPROPERTIES('1L7XK746X9D9zCdN3vrKQ6',#5,$,$,(#1475),#1485);
#1987= IFCRELDEFINESBYPROPERTIES('3c2GVCz$H2hQSjPkLM9pAy',#5,$,$,(#1475),#1487);
#1988= IFCRELDEFINESBYPROPERTIES('0Saqo6JLb4VOguH9b_7cw_',#5,$,$,(#1475),#1493);
#1989= IFCRELDEFINESBYPROPERTIES('3DLs9k70b0vxLiSoXv3rPS',#5,$,$,(#1609,#1579),#1585);
#1990= IFCRELDEFINESBYPROPERTIES('34UPen9Jj41QoqmynE7v6o',#5,$,$,(#1609,#1579),#1594);
#1991= IFCRELDEFINESBYPROPERTIES('3BkigpApf1nux$rKsdk4Iv',#5,$,$,(#1609,#1579),#1596);
#1992= IFCRELDEFINESBYPROPERTIES('2KlkJe7UrB2ekPXT_E9PxF',#5,$,$,(#1609,#1579),#1603);
#1993= IFCRELDEFINESBYPROPERTIES('2LIAdscIP7mR9p_9P_Jt_f',#5,$,$,(#1615),#1618);
#1994= IFCRELDEFINESBYPROPERTIES('1GBviGdwz009MvG$ehsKoA',#5,$,$,(#1615),#1621);
#1995= IFCRELDEFINESBYPROPERTIES('0l6B5Lkm96Ne2xa_w8$IAj',#5,$,$,(#1684),#1688);
#1996= IFCRELDEFINESBYPROPERTIES('1NKMWxP$rFk8naM3fxXlJh',#5,$,$,(#1684),#1692);
#1997= IFCRELDEFINESBYPROPERTIES('0nuDpEPOXApwj26MA4obkQ',#5,$,$,(#1684),#1694);
#1998= IFCRELDEFINESBYPROPERTIES('1GG8GssTr8Bvz88eHGC12R',#5,$,$,(#1684),#1700);
#1999= IFCRELDEFINESBYPROPERTIES('3XaEwcB9P4MPLELD9Xp74L',#5,$,$,(#1800,#1780),#1784);
#2000= IFCRELDEFINESBYPROPERTIES('2cjJXdMKv5cuu1ZJLx6otb',#5,$,$,(#1800,#1780),#1786);
#2001= IFCRELDEFINESBYPROPERTIES('0BYnbsEi59qvAuGzZoBTkM',#5,$,$,(#1800,#1780),#1788);
#2002= IFCRELDEFINESBYPROPERTIES('0_5X$HozT53hE1QdfDPLg1',#5,$,$,(#1800,#1780),#1794);
#2003= IFCRELDEFINESBYPROPERTIES('3NWZWATqX2yhsfeOEYO7FJ',#5,$,$,(#1806),#1807);
#2004= IFCRELDEFINESBYPROPERTIES('3sty1eAqj6xxvTuP$qiaTz',#5,$,$,(#1813),#1815);
#2005= IFCRELDEFINESBYPROPERTIES('1Aat9IgUb1RRzT5FqUtqYA',#5,$,$,(#1813),#1817);
#2006= IFCRELDEFINESBYPROPERTIES('0ib6Sfmov9nurCYw9Pr458',#5,$,$,(#1868),#1874);
#2007= IFCRELDEFINESBYPROPERTIES('2f2LO7eez7YPx9hxkugSca',#5,$,$,(#1898,#1868),#1883);
#2008= IFCRELDEFINESBYPROPERTIES('15ZoAOztXCQe_gyPYgwHp9',#5,$,$,(#1898,#1868),#1885);
#2009= IFCRELDEFINESBYPROPERTIES('2dVnt8uL5DXxgyx8UMUEwH',#5,$,$,(#1898,#1868),#1892);
#2010= IFCRELDEFINESBYPROPERTIES('2lKI4li_HFbvjd8PQaMHvk',#5,$,$,(#1898),#1901);
#2011= IFCRELDEFINESBYPROPERTIES('0GCdBQhuL5pBVuRWEn7dCx',#5,$,$,(#1940),#1946);
#2012= IFCRELDEFINESBYPROPERTIES('3KPmfHQ8DAZg5qwFoYnil9',#5,$,$,(#1940),#1955);
#2013= IFCRELDEFINESBYPROPERTIES('27nQ6MjXf6Ghpgl_oGLZY3',#5,$,$,(#1940),#1957);
#2014= IFCRELDEFINESBYPROPERTIES('2yy5pzbG993uav8qLBag93',#5,$,$,(#1940),#1964);
#2015= IFCRELDEFINESBYTYPE('3vqXdBIr553AscX6n_MFpL',#5,$,$,(#1056,#968,#666,#583,#505,#422,#344,#337,#330,#323,#316,#309,#302,#295,#288,#281,#274,#267,#260,#253,#246,#239,#232,#133),#134);
#2016= IFCRELDEFINESBYTYPE('24SpBhLUT8ZwZGFb3C7Moz',#5,$,$,(#1806,#1615,#1287,#1177),#1178);
#2017= IFCRELDEFINESBYTYPE('2dTfis5N1Fle_iHx7hE7bd',#5,$,$,(#1813,#1418),#1419);
#2018= IFCRELDEFINESBYTYPE('2ZLct7chb7$QK0HCIFC9ed',#5,$,$,(#1684,#1475),#1476);
#2019= IFCRELDEFINESBYTYPE('2AhfUWGl9D4h7Ym7jsYMSH',#5,$,$,(#1800,#1780,#1609,#1579),#1580);
#2020= IFCRELDEFINESBYTYPE('3tJxl3Mx1CO9Aj0Dfz6J8m',#5,$,$,(#1898,#1868),#1869);
#2021= IFCRELDEFINESBYTYPE('3TOL_mc5HBpwRSWRYoTdfy',#5,$,$,(#1940),#1941);
#2022= IFCRELASSOCIATESMATERIAL('14ATFIM7z42AamY7$2FTM8',#5,$,$,(#666,#583,#505,#422,#344,#337,#330,#323,#316,#309,#302,#295,#288,#281,#274,#267,#260,#253,#246,#239,#232,#133),#152);
#2023= IFCRELASSOCIATESMATERIAL('1JA$KkIoHAnw7gH2kgEQ5M',#5,$,$,(#1056,#968),#978);
#2024= IFCRELASSOCIATESMATERIAL('06HRipjW9E8Pj60s51SpQs',#5,$,$,(#1940,#1898,#1868,#1813,#1806,#1800,#1780,#1684,#1615,#1609,#1579,#1475,#1418,#1287,#1177),#1205);
#2025= IFCPRESENTATIONLAYERASSIGNMENT('BoltArray',$,(#126,#226,#234,#241,#248,#255,#262,#269,#276,#283,#290,#297,#304,#311,#318,#325,#332,#339,#417,#500,#578,#661,#961,#1051),$);
#2026= IFCPRESENTATIONLAYERASSIGNMENT('PLATE-8',$,(#1170,#1280,#1411,#1468,#1610,#1679,#1801,#1808),$);
#2027= IFCPRESENTATIONLAYERASSIGNMENT('PLATE-12',$,(#1572,#1604,#1775,#1795),$);
#2028= IFCPRESENTATIONLAYERASSIGNMENT('PLATE-18',$,(#1861,#1893),$);
#2029= IFCPRESENTATIONLAYERASSIGNMENT('PLATE-20',$,(#1935),$);
ENDSEC;

END-ISO-10303-21;
