ISO-10303-21;
HEADER;
FILE_DESCRIPTION(('ViewDefinition[CoordinationView_V2.0, QuantityTakeOffAddOnView]', 'ExchangeRequirement[Structural, SurfaceGeometry]', 'Option [BaseQuantities:On]', 'Option [GridExport:On]', 'Option [Assemblies:Off]', 'Option [Bolts:On]', 'Option [Rebars:On]', 'Option [PourObjects:Off]', 'Option [Welds:Off]', 'Option [SurfaceTreatments:On]', 'Option [LocationBy:0]', 'Option [ViewColors:Off]', 'Option [SectionedSpine:Off]', 'Option [PropertySets:On]', 'Option [Export all:Off]'),'2;1');
FILE_NAME('5-1-A16.ifc','2026-03-10T09:15:04',('DESKTOP-NLV509P\\Ahmed'),('Structural Designer'),'IFC Parser version: 3.13.2','Tekla Structures 2023 Service Pack 8, IFC Export Version: 4.0.0.0 Jan 19 2024','');
FILE_SCHEMA(('IFC2X3'));
ENDSEC;

DATA;
#1= IFCPERSON('DESKTOP-NLV509P\\Ahmed','Undefined',$,$,$,$,$,$);
#2= IFCORGANIZATION($,'Trimble Solutions Corporation',$,$,$);
#3= IFCPERSONANDORGANIZATION(#1,#2,$);
#4= IFCAPPLICATION(#2,'2023 Service Pack 8','Tekla Structures','Multi material modeling');
#5= IFCOWNERHISTORY(#3,#4,$,.NOCHANGE.,$,$,$,1773123304);
#6= IFCCARTESIANPOINT((0.,0.,0.));
#7= IFCDIRECTION((1.,0.,0.));
#8= IFCDIRECTION((0.,1.,0.));
#9= IFCDIRECTION((0.,0.,1.));
#10= IFCAXIS2PLACEMENT3D(#6,#9,#7);
#11= IFCGEOMETRICREPRESENTATIONCONTEXT($,'Model',3,1.E-05,#10,$);
#12= IFCGEOMETRICREPRESENTATIONSUBCONTEXT('Body','Model',*,*,*,*,#11,$,.MODEL_VIEW.,$);
#13= IFCGEOMETRICREPRESENTATIONSUBCONTEXT('Axis','Model',*,*,*,*,#11,$,.GRAPH_VIEW.,$);
#14= IFCGEOMETRICREPRESENTATIONSUBCONTEXT('FootPrint','Model',*,*,*,*,#11,$,.MODEL_VIEW.,$);
#15= IFCSIUNIT(*,.LENGTHUNIT.,.MILLI.,.METRE.);
#16= IFCMEASUREWITHUNIT(IFCRATIOMEASURE(304.8),#15);
#17= IFCDIMENSIONALEXPONENTS(1,0,0,0,0,0,0);
#18= IFCCONVERSIONBASEDUNIT(#17,.LENGTHUNIT.,'FOOT',#16);
#19= IFCSIUNIT(*,.AREAUNIT.,$,.SQUARE_METRE.);
#20= IFCMEASUREWITHUNIT(IFCRATIOMEASURE(0.09290304),#19);
#21= IFCDIMENSIONALEXPONENTS(2,0,0,0,0,0,0);
#22= IFCCONVERSIONBASEDUNIT(#21,.AREAUNIT.,'SQUARE FOOT',#20);
#23= IFCSIUNIT(*,.VOLUMEUNIT.,$,.CUBIC_METRE.);
#24= IFCMEASUREWITHUNIT(IFCRATIOMEASURE(0.028316846592),#23);
#25= IFCDIMENSIONALEXPONENTS(3,0,0,0,0,0,0);
#26= IFCCONVERSIONBASEDUNIT(#25,.VOLUMEUNIT.,'CUBIC FOOT',#24);
#27= IFCSIUNIT(*,.MASSUNIT.,.KILO.,.GRAM.);
#28= IFCSIUNIT(*,.TIMEUNIT.,$,.SECOND.);
#29= IFCSIUNIT(*,.PLANEANGLEUNIT.,$,.RADIAN.);
#30= IFCMEASUREWITHUNIT(IFCRATIOMEASURE(0.0174532925199433),#29);
#31= IFCDIMENSIONALEXPONENTS(0,0,0,0,0,0,0);
#32= IFCCONVERSIONBASEDUNIT(#31,.PLANEANGLEUNIT.,'DEGREE',#30);
#33= IFCSIUNIT(*,.SOLIDANGLEUNIT.,$,.STERADIAN.);
#34= IFCSIUNIT(*,.THERMODYNAMICTEMPERATUREUNIT.,$,.DEGREE_CELSIUS.);
#35= IFCSIUNIT(*,.LUMINOUSINTENSITYUNIT.,$,.LUMEN.);
#36= IFCUNITASSIGNMENT((#15,#19,#23,#27,#28,#29,#33,#34,#35));
#37= IFCPROJECT('1RAV1xeLHFFAjWOsByXHnK',#5,'Undefined',$,$,$,$,(#11),#36);
#38= IFCLOCALPLACEMENT($,#10);
#39= IFCSITE('3xM33hsH97G8HyEiIJoaCa',#5,'Undefined',$,$,#38,$,$,.ELEMENT.,$,$,$,$,$);
#40= IFCLOCALPLACEMENT(#38,#10);
#41= IFCBUILDING('0spfKqV_L8VgtUnoOIRphi',#5,'Undefined',$,$,#40,$,$,.ELEMENT.,$,$,$);
#42= IFCLOCALPLACEMENT(#40,#10);
#43= IFCBUILDINGSTOREY('3gJPpYF7LCbf7I109fNVl5',#5,'Undefined',$,$,#42,$,$,.ELEMENT.,0.);
#44= IFCOWNERHISTORY(#3,#4,$,.NOCHANGE.,$,$,$,1771484400);
#45= IFCCOLOURRGB($,0.698039215686274,0.4,0.);
#46= IFCSURFACESTYLERENDERING(#45,0.,$,$,$,$,IFCNORMALISEDRATIOMEASURE(0.00390625),IFCSPECULAREXPONENT(10.),.NOTDEFINED.);
#47= IFCSURFACESTYLE('Undefined',.POSITIVE.,(#46));
#48= IFCPRESENTATIONSTYLEASSIGNMENT((#47));
#49= IFCCARTESIANPOINT((15.,-144.803283603503,0.));
#50= IFCCARTESIANPOINT((12.9903810567663,-144.803283603503,7.50000000000045));
#51= IFCCARTESIANPOINT((7.4999999999991,-144.803283603503,12.9903810567671));
#52= IFCCARTESIANPOINT((-1.55450397240048E-12,-144.803283603503,15.));
#53= IFCCARTESIANPOINT((-7.50000000000179,-144.803283603503,12.9903810567655));
#54= IFCCARTESIANPOINT((-12.9903810567679,-144.803283603503,7.49999999999776));
#55= IFCCARTESIANPOINT((-15.,-144.803283603503,-3.10900794480097E-12));
#56= IFCCARTESIANPOINT((-12.9903810567648,-144.803283603503,-7.50000000000313));
#57= IFCCARTESIANPOINT((-7.49999999999642,-144.803283603503,-12.9903810567686));
#58= IFCCARTESIANPOINT((4.64685857183207E-12,-144.803283603503,-15.));
#59= IFCCARTESIANPOINT((7.50000000000448,-144.803283603503,-12.990381056764));
#60= IFCCARTESIANPOINT((12.9903810567694,-144.803283603503,-7.49999999999507));
#61= IFCCARTESIANPOINT((15.,-124.703283598066,0.));
#62= IFCCARTESIANPOINT((12.9903810567663,-124.703283598066,7.50000000000045));
#63= IFCCARTESIANPOINT((7.4999999999991,-124.703283598066,12.9903810567671));
#64= IFCCARTESIANPOINT((-1.55450397240048E-12,-124.703283598066,15.));
#65= IFCCARTESIANPOINT((-7.50000000000179,-124.703283598066,12.9903810567655));
#66= IFCCARTESIANPOINT((-12.9903810567679,-124.703283598066,7.49999999999776));
#67= IFCCARTESIANPOINT((-15.,-124.703283598066,-3.10900794480097E-12));
#68= IFCCARTESIANPOINT((-12.9903810567648,-124.703283598066,-7.50000000000313));
#69= IFCCARTESIANPOINT((-7.49999999999642,-124.703283598066,-12.9903810567686));
#70= IFCCARTESIANPOINT((4.64685857183207E-12,-124.703283598066,-15.));
#71= IFCCARTESIANPOINT((7.50000000000448,-124.703283598066,-12.990381056764));
#72= IFCCARTESIANPOINT((12.9903810567694,-124.703283598066,-7.49999999999507));
#73= IFCPOLYLOOP((#49,#50,#51,#52,#53,#54,#55,#56,#57,#58,#59,#60));
#74= IFCFACEOUTERBOUND(#73,.T.);
#75= IFCFACE((#74));
#76= IFCPOLYLOOP((#72,#71,#70,#69,#68,#67,#66,#65,#64,#63,#62,#61));
#77= IFCFACEOUTERBOUND(#76,.T.);
#78= IFCFACE((#77));
#79= IFCPOLYLOOP((#49,#61,#62,#50));
#80= IFCFACEOUTERBOUND(#79,.T.);
#81= IFCFACE((#80));
#82= IFCPOLYLOOP((#50,#62,#63,#51));
#83= IFCFACEOUTERBOUND(#82,.T.);
#84= IFCFACE((#83));
#85= IFCPOLYLOOP((#51,#63,#64,#52));
#86= IFCFACEOUTERBOUND(#85,.T.);
#87= IFCFACE((#86));
#88= IFCPOLYLOOP((#52,#64,#65,#53));
#89= IFCFACEOUTERBOUND(#88,.T.);
#90= IFCFACE((#89));
#91= IFCPOLYLOOP((#53,#65,#66,#54));
#92= IFCFACEOUTERBOUND(#91,.T.);
#93= IFCFACE((#92));
#94= IFCPOLYLOOP((#54,#66,#67,#55));
#95= IFCFACEOUTERBOUND(#94,.T.);
#96= IFCFACE((#95));
#97= IFCPOLYLOOP((#55,#67,#68,#56));
#98= IFCFACEOUTERBOUND(#97,.T.);
#99= IFCFACE((#98));
#100= IFCPOLYLOOP((#56,#68,#69,#57));
#101= IFCFACEOUTERBOUND(#100,.T.);
#102= IFCFACE((#101));
#103= IFCPOLYLOOP((#57,#69,#70,#58));
#104= IFCFACEOUTERBOUND(#103,.T.);
#105= IFCFACE((#104));
#106= IFCPOLYLOOP((#58,#70,#71,#59));
#107= IFCFACEOUTERBOUND(#106,.T.);
#108= IFCFACE((#107));
#109= IFCPOLYLOOP((#59,#71,#72,#60));
#110= IFCFACEOUTERBOUND(#109,.T.);
#111= IFCFACE((#110));
#112= IFCPOLYLOOP((#60,#72,#61,#49));
#113= IFCFACEOUTERBOUND(#112,.T.);
#114= IFCFACE((#113));
#115= IFCCLOSEDSHELL((#75,#78,#81,#84,#87,#90,#93,#96,#99,#102,#105,#108,#111,#114));
#116= IFCCOLOURRGB($,0.,0.,0.);
#117= IFCSURFACESTYLERENDERING(#116,0.,$,$,$,$,IFCNORMALISEDRATIOMEASURE(0.00390625),IFCSPECULAREXPONENT(10.),.NOTDEFINED.);
#118= IFCSURFACESTYLE($,.POSITIVE.,(#117));
#119= IFCPRESENTATIONSTYLEASSIGNMENT((#118));
#120= IFCFACETEDBREP(#115);
#121= IFCSTYLEDITEM(#120,(#119),$);
#122= IFCCARTESIANTRANSFORMATIONOPERATOR3D($,$,#6,$,$);
#123= IFCSHAPEREPRESENTATION(#12,'Body','Brep',(#120));
#124= IFCREPRESENTATIONMAP(#10,#123);
#125= IFCMAPPEDITEM(#124,#122);
#126= IFCSHAPEREPRESENTATION(#12,'Body','MappedRepresentation',(#125));
#127= IFCPRODUCTDEFINITIONSHAPE($,$,(#126));
#128= IFCCARTESIANPOINT((56759.9883362068,-3600.51335950208,10574.8065148457));
#129= IFCDIRECTION((0.,0.,-1.));
#130= IFCDIRECTION((-0.999999999728112,-2.33189999863752E-05,0.));
#131= IFCAXIS2PLACEMENT3D(#128,#129,#130);
#132= IFCLOCALPLACEMENT(#42,#131);
#133= IFCMECHANICALFASTENER('3ecrb6DHf7vuDYiPWEZAPD',#44,'Bolt assembly',$,$,#132,#127,'IDe89b5946-351a-47e7-8362-b1980e8ca64d',28.,20.);
#134= IFCMECHANICALFASTENERTYPE('129$uyyjH3cAN48exw3xzX',#5,'Bolt assembly',$,$,$,$,$,$);
#135= IFCPROPERTYSINGLEVALUE('Washer count',$,IFCINTEGER(0),$);
#136= IFCPROPERTYSINGLEVALUE('Washer diameter',$,IFCLENGTHMEASURE(28.),$);
#137= IFCPROPERTYSINGLEVALUE('Washer type',$,IFCLABEL('PLAIN'),$);
#138= IFCPROPERTYSINGLEVALUE('Washer name',$,IFCLABEL(''),$);
#139= IFCPROPERTYSINGLEVALUE('Nut count',$,IFCINTEGER(0),$);
#140= IFCPROPERTYSINGLEVALUE('Nut type',$,IFCLABEL('HEAVY_HEX'),$);
#141= IFCPROPERTYSINGLEVALUE('Nut name',$,IFCLABEL(''),$);
#142= IFCPROPERTYSINGLEVALUE('Slotted hole y',$,IFCLENGTHMEASURE(0.),$);
#143= IFCPROPERTYSINGLEVALUE('Slotted hole x',$,IFCLENGTHMEASURE(0.),$);
#144= IFCPROPERTYSINGLEVALUE('Bolt hole diameter',$,IFCLENGTHMEASURE(30.),$);
#145= IFCPROPERTYSINGLEVALUE('Location',$,IFCLABEL('Site'),$);
#146= IFCPROPERTYSINGLEVALUE('Bolt count',$,IFCINTEGER(1),$);
#147= IFCPROPERTYSINGLEVALUE('Bolt size',$,IFCLENGTHMEASURE(30.),$);
#148= IFCPROPERTYSINGLEVALUE('Bolt length',$,IFCLENGTHMEASURE(20.),$);
#149= IFCPROPERTYSINGLEVALUE('Bolt standard',$,IFCLABEL(''),$);
#150= IFCPROPERTYSINGLEVALUE('Bolt Name',$,IFCLABEL(''),$);
#151= IFCPROPERTYSET('3B8RQM2JHDnutPjcw6oYt5',#5,'Tekla Bolt','Bolt Properties',(#135,#136,#137,#138,#139,#140,#141,#142,#143,#144,#145,#146,#147,#148,#149,#150));
#152= IFCMATERIAL('Undefined');
#153= IFCOWNERHISTORY(#3,#4,$,.NOCHANGE.,$,$,$,1770796800);
#154= IFCCARTESIANPOINT((15.,-10.,0.));
#155= IFCCARTESIANPOINT((12.9903810567663,-10.,7.50000000000045));
#156= IFCCARTESIANPOINT((7.4999999999991,-10.,12.9903810567671));
#157= IFCCARTESIANPOINT((-1.55450397240048E-12,-10.,15.));
#158= IFCCARTESIANPOINT((-7.50000000000179,-10.,12.9903810567655));
#159= IFCCARTESIANPOINT((-12.9903810567679,-10.,7.49999999999776));
#160= IFCCARTESIANPOINT((-15.,-10.,-3.10900794480097E-12));
#161= IFCCARTESIANPOINT((-12.9903810567648,-10.,-7.50000000000313));
#162= IFCCARTESIANPOINT((-7.49999999999642,-10.,-12.9903810567686));
#163= IFCCARTESIANPOINT((4.64685857183207E-12,-10.,-15.));
#164= IFCCARTESIANPOINT((7.50000000000448,-10.,-12.990381056764));
#165= IFCCARTESIANPOINT((12.9903810567694,-10.,-7.49999999999507));
#166= IFCCARTESIANPOINT((15.,10.1,0.));
#167= IFCCARTESIANPOINT((12.9903810567663,10.1,7.50000000000045));
#168= IFCCARTESIANPOINT((7.4999999999991,10.1,12.9903810567671));
#169= IFCCARTESIANPOINT((-1.55450397240048E-12,10.1,15.));
#170= IFCCARTESIANPOINT((-7.50000000000179,10.1,12.9903810567655));
#171= IFCCARTESIANPOINT((-12.9903810567679,10.1,7.49999999999776));
#172= IFCCARTESIANPOINT((-15.,10.1,-3.10900794480097E-12));
#173= IFCCARTESIANPOINT((-12.9903810567648,10.1,-7.50000000000313));
#174= IFCCARTESIANPOINT((-7.49999999999642,10.1,-12.9903810567686));
#175= IFCCARTESIANPOINT((4.64685857183207E-12,10.1,-15.));
#176= IFCCARTESIANPOINT((7.50000000000448,10.1,-12.990381056764));
#177= IFCCARTESIANPOINT((12.9903810567694,10.1,-7.49999999999507));
#178= IFCPOLYLOOP((#154,#155,#156,#157,#158,#159,#160,#161,#162,#163,#164,#165));
#179= IFCFACEOUTERBOUND(#178,.T.);
#180= IFCFACE((#179));
#181= IFCPOLYLOOP((#177,#176,#175,#174,#173,#172,#171,#170,#169,#168,#167,#166));
#182= IFCFACEOUTERBOUND(#181,.T.);
#183= IFCFACE((#182));
#184= IFCPOLYLOOP((#154,#166,#167,#155));
#185= IFCFACEOUTERBOUND(#184,.T.);
#186= IFCFACE((#185));
#187= IFCPOLYLOOP((#155,#167,#168,#156));
#188= IFCFACEOUTERBOUND(#187,.T.);
#189= IFCFACE((#188));
#190= IFCPOLYLOOP((#156,#168,#169,#157));
#191= IFCFACEOUTERBOUND(#190,.T.);
#192= IFCFACE((#191));
#193= IFCPOLYLOOP((#157,#169,#170,#158));
#194= IFCFACEOUTERBOUND(#193,.T.);
#195= IFCFACE((#194));
#196= IFCPOLYLOOP((#158,#170,#171,#159));
#197= IFCFACEOUTERBOUND(#196,.T.);
#198= IFCFACE((#197));
#199= IFCPOLYLOOP((#159,#171,#172,#160));
#200= IFCFACEOUTERBOUND(#199,.T.);
#201= IFCFACE((#200));
#202= IFCPOLYLOOP((#160,#172,#173,#161));
#203= IFCFACEOUTERBOUND(#202,.T.);
#204= IFCFACE((#203));
#205= IFCPOLYLOOP((#161,#173,#174,#162));
#206= IFCFACEOUTERBOUND(#205,.T.);
#207= IFCFACE((#206));
#208= IFCPOLYLOOP((#162,#174,#175,#163));
#209= IFCFACEOUTERBOUND(#208,.T.);
#210= IFCFACE((#209));
#211= IFCPOLYLOOP((#163,#175,#176,#164));
#212= IFCFACEOUTERBOUND(#211,.T.);
#213= IFCFACE((#212));
#214= IFCPOLYLOOP((#164,#176,#177,#165));
#215= IFCFACEOUTERBOUND(#214,.T.);
#216= IFCFACE((#215));
#217= IFCPOLYLOOP((#165,#177,#166,#154));
#218= IFCFACEOUTERBOUND(#217,.T.);
#219= IFCFACE((#218));
#220= IFCCLOSEDSHELL((#180,#183,#186,#189,#192,#195,#198,#201,#204,#207,#210,#213,#216,#219));
#221= IFCFACETEDBREP(#220);
#222= IFCSTYLEDITEM(#221,(#119),$);
#223= IFCSHAPEREPRESENTATION(#12,'Body','Brep',(#221));
#224= IFCREPRESENTATIONMAP(#10,#223);
#225= IFCMAPPEDITEM(#224,#122);
#226= IFCSHAPEREPRESENTATION(#12,'Body','MappedRepresentation',(#225));
#227= IFCPRODUCTDEFINITIONSHAPE($,$,(#226));
#228= IFCCARTESIANPOINT((56759.9874937124,-3735.31664306642,10374.806515392));
#229= IFCDIRECTION((-1.,0.,0.));
#230= IFCAXIS2PLACEMENT3D(#228,#229,#9);
#231= IFCLOCALPLACEMENT(#42,#230);
#232= IFCMECHANICALFASTENER('3nu6nTimLC1xkeyiuYBchG',#153,'Bolt assembly',$,$,#231,#227,'IDf1e06c5d-b305-4c07-bba8-f2ce222e6ad0',28.,20.);
#233= IFCMAPPEDITEM(#224,#122);
#234= IFCSHAPEREPRESENTATION(#12,'Body','MappedRepresentation',(#233));
#235= IFCPRODUCTDEFINITIONSHAPE($,$,(#234));
#236= IFCCARTESIANPOINT((56759.9874937124,-3735.31664306642,9974.80651539197));
#237= IFCAXIS2PLACEMENT3D(#236,#229,#9);
#238= IFCLOCALPLACEMENT(#42,#237);
#239= IFCMECHANICALFASTENER('0h6obUjn55IwD6jccbRGUU',#153,'Bolt assembly',$,$,#238,#235,'ID2b1b295e-b711-454b-a346-b669a56d079e',28.,20.);
#240= IFCMAPPEDITEM(#224,#122);
#241= IFCSHAPEREPRESENTATION(#12,'Body','MappedRepresentation',(#240));
#242= IFCPRODUCTDEFINITIONSHAPE($,$,(#241));
#243= IFCCARTESIANPOINT((56759.9874937124,-3735.31664306642,9774.80651539197));
#244= IFCAXIS2PLACEMENT3D(#243,#229,#9);
#245= IFCLOCALPLACEMENT(#42,#244);
#246= IFCMECHANICALFASTENER('0K797HA2v6k9Hsz8lVrc7p',#153,'Bolt assembly',$,$,#245,#242,'ID141c91d1-282e-46b8-9476-f48bdfd661f3',28.,20.);
#247= IFCMAPPEDITEM(#224,#122);
#248= IFCSHAPEREPRESENTATION(#12,'Body','MappedRepresentation',(#247));
#249= IFCPRODUCTDEFINITIONSHAPE($,$,(#248));
#250= IFCCARTESIANPOINT((56759.9874937124,-3735.31664306642,9574.80651539197));
#251= IFCAXIS2PLACEMENT3D(#250,#229,#9);
#252= IFCLOCALPLACEMENT(#42,#251);
#253= IFCMECHANICALFASTENER('3XpgcCvAX0xxEgK_IhEdJ$',#153,'Bolt assembly',$,$,#252,#249,'IDe1cea98c-e4a8-40ef-b3aa-53e4ab3a74ff',28.,20.);
#254= IFCMAPPEDITEM(#224,#122);
#255= IFCSHAPEREPRESENTATION(#12,'Body','MappedRepresentation',(#254));
#256= IFCPRODUCTDEFINITIONSHAPE($,$,(#255));
#257= IFCCARTESIANPOINT((56419.9874937124,-3735.31664306642,9574.80651539197));
#258= IFCAXIS2PLACEMENT3D(#257,#229,#9);
#259= IFCLOCALPLACEMENT(#42,#258);
#260= IFCMECHANICALFASTENER('0oycbaTt1Dtv0LalkIzh9x',#153,'Bolt assembly',$,$,#259,#256,'ID32f26964-7770-4ddf-9015-92fb92f6b27b',28.,20.);
#261= IFCMAPPEDITEM(#224,#122);
#262= IFCSHAPEREPRESENTATION(#12,'Body','MappedRepresentation',(#261));
#263= IFCPRODUCTDEFINITIONSHAPE($,$,(#262));
#264= IFCCARTESIANPOINT((56419.9874937124,-3735.31664306642,9774.80651539197));
#265= IFCAXIS2PLACEMENT3D(#264,#229,#9);
#266= IFCLOCALPLACEMENT(#42,#265);
#267= IFCMECHANICALFASTENER('12VHt_R797rA0avkKYAaQx',#153,'Bolt assembly',$,$,#266,#263,'ID427d1dfe-6c72-47d4-a024-e6e5222a46bb',28.,20.);
#268= IFCMAPPEDITEM(#224,#122);
#269= IFCSHAPEREPRESENTATION(#12,'Body','MappedRepresentation',(#268));
#270= IFCPRODUCTDEFINITIONSHAPE($,$,(#269));
#271= IFCCARTESIANPOINT((56419.9874937124,-3735.31664306642,9974.80651539197));
#272= IFCAXIS2PLACEMENT3D(#271,#229,#9);
#273= IFCLOCALPLACEMENT(#42,#272);
#274= IFCMECHANICALFASTENER('0mC5OwjlTBkA0u3sMpPl0x',#153,'Bolt assembly',$,$,#273,#270,'ID3030563a-b6f7-4bb8-a038-0f65b366f03b',28.,20.);
#275= IFCMAPPEDITEM(#224,#122);
#276= IFCSHAPEREPRESENTATION(#12,'Body','MappedRepresentation',(#275));
#277= IFCPRODUCTDEFINITIONSHAPE($,$,(#276));
#278= IFCCARTESIANPOINT((56419.9874937124,-3735.31664306642,10374.806515392));
#279= IFCAXIS2PLACEMENT3D(#278,#229,#9);
#280= IFCLOCALPLACEMENT(#42,#279);
#281= IFCMECHANICALFASTENER('3S56IN9ATAPv48j3MwzARQ',#153,'Bolt assembly',$,$,#280,#277,'IDdc146497-24a7-4a67-9108-b435baf4a6da',28.,20.);
#282= IFCMAPPEDITEM(#224,#122);
#283= IFCSHAPEREPRESENTATION(#12,'Body','MappedRepresentation',(#282));
#284= IFCPRODUCTDEFINITIONSHAPE($,$,(#283));
#285= IFCCARTESIANPOINT((56419.9874937124,-3735.31664306642,10574.806515392));
#286= IFCAXIS2PLACEMENT3D(#285,#229,#9);
#287= IFCLOCALPLACEMENT(#42,#286);
#288= IFCMECHANICALFASTENER('3MwrqWpXz8yeWzN785zFI_',#153,'Bolt assembly',$,$,#287,#284,'IDd6eb5d20-ce1f-48f2-883d-5c7205f4f4be',28.,20.);
#289= IFCMAPPEDITEM(#224,#122);
#290= IFCSHAPEREPRESENTATION(#12,'Body','MappedRepresentation',(#289));
#291= IFCPRODUCTDEFINITIONSHAPE($,$,(#290));
#292= IFCCARTESIANPOINT((56419.9874937124,-3735.31664306642,10774.806515392));
#293= IFCAXIS2PLACEMENT3D(#292,#229,#9);
#294= IFCLOCALPLACEMENT(#42,#293);
#295= IFCMECHANICALFASTENER('3rFOjHNpD9bhfYdnrNweQY',#153,'Bolt assembly',$,$,#294,#291,'IDf53d8b51-5f33-4996-ba62-9f1d57ea86a2',28.,20.);
#296= IFCMAPPEDITEM(#224,#122);
#297= IFCSHAPEREPRESENTATION(#12,'Body','MappedRepresentation',(#296));
#298= IFCPRODUCTDEFINITIONSHAPE($,$,(#297));
#299= IFCCARTESIANPOINT((56759.9874937124,-3735.31664306642,10774.806515392));
#300= IFCAXIS2PLACEMENT3D(#299,#229,#9);
#301= IFCLOCALPLACEMENT(#42,#300);
#302= IFCMECHANICALFASTENER('12mon53H13$Q94D5Dw1g00',#153,'Bolt assembly',$,$,#301,#298,'ID42c32c45-0d10-43fd-a244-34537a06a000',28.,20.);
#303= IFCMAPPEDITEM(#124,#122);
#304= IFCSHAPEREPRESENTATION(#12,'Body','MappedRepresentation',(#303));
#305= IFCPRODUCTDEFINITIONSHAPE($,$,(#304));
#306= IFCCARTESIANPOINT((56589.9983362068,-3600.51335950208,10774.8065148457));
#307= IFCAXIS2PLACEMENT3D(#306,#129,#130);
#308= IFCLOCALPLACEMENT(#42,#307);
#309= IFCMECHANICALFASTENER('2rrUbdKbnAkBnf54VD5DN$',#153,'Bolt assembly',$,$,#308,#305,'IDb5d5e967-525c-4ab8-bc69-1447cd14d5ff',28.,20.);
#310= IFCMAPPEDITEM(#124,#122);
#311= IFCSHAPEREPRESENTATION(#12,'Body','MappedRepresentation',(#310));
#312= IFCPRODUCTDEFINITIONSHAPE($,$,(#311));
#313= IFCCARTESIANPOINT((56589.9983362068,-3600.51335950208,10574.8065148457));
#314= IFCAXIS2PLACEMENT3D(#313,#129,#130);
#315= IFCLOCALPLACEMENT(#42,#314);
#316= IFCMECHANICALFASTENER('2ZoRCCNSL0iASIXYd37kxa',#153,'Bolt assembly',$,$,#315,#312,'IDa3c9b30c-5dc5-40b0-a712-8629c31eeee4',28.,20.);
#317= IFCMAPPEDITEM(#124,#122);
#318= IFCSHAPEREPRESENTATION(#12,'Body','MappedRepresentation',(#317));
#319= IFCPRODUCTDEFINITIONSHAPE($,$,(#318));
#320= IFCCARTESIANPOINT((56589.9983362068,-3600.51335950208,10374.8065148457));
#321= IFCAXIS2PLACEMENT3D(#320,#129,#130);
#322= IFCLOCALPLACEMENT(#42,#321);
#323= IFCMECHANICALFASTENER('0B8kwNqnHDNAcNA3RQFccU',#153,'Bolt assembly',$,$,#322,#319,'ID0b22ee97-d314-4d5c-a997-2836da3e699e',28.,20.);
#324= IFCMAPPEDITEM(#124,#122);
#325= IFCSHAPEREPRESENTATION(#12,'Body','MappedRepresentation',(#324));
#326= IFCPRODUCTDEFINITIONSHAPE($,$,(#325));
#327= IFCCARTESIANPOINT((56589.9983362079,-3600.51335950208,9974.80651484568));
#328= IFCAXIS2PLACEMENT3D(#327,#129,#130);
#329= IFCLOCALPLACEMENT(#42,#328);
#330= IFCMECHANICALFASTENER('3QKH90Q0DAGAMrQv2Mqh_M',#153,'Bolt assembly',$,$,#329,#326,'IDda511240-6803-4a40-a5b5-6b9096d2bf96',28.,20.);
#331= IFCMAPPEDITEM(#124,#122);
#332= IFCSHAPEREPRESENTATION(#12,'Body','MappedRepresentation',(#331));
#333= IFCPRODUCTDEFINITIONSHAPE($,$,(#332));
#334= IFCCARTESIANPOINT((56589.9983362073,-3600.51335950208,9774.80651484568));
#335= IFCAXIS2PLACEMENT3D(#334,#129,#130);
#336= IFCLOCALPLACEMENT(#42,#335);
#337= IFCMECHANICALFASTENER('2Y_mF2STP4mPnoIQWDd4kw',#153,'Bolt assembly',$,$,#336,#333,'IDa2fb03c2-71d6-44c1-9c72-49a80d9c4bba',28.,20.);
#338= IFCMAPPEDITEM(#124,#122);
#339= IFCSHAPEREPRESENTATION(#12,'Body','MappedRepresentation',(#338));
#340= IFCPRODUCTDEFINITIONSHAPE($,$,(#339));
#341= IFCCARTESIANPOINT((56589.9983362066,-3600.51335950208,9574.80651484568));
#342= IFCAXIS2PLACEMENT3D(#341,#129,#130);
#343= IFCLOCALPLACEMENT(#42,#342);
#344= IFCMECHANICALFASTENER('3aJnVKVKD18hWN2Kl1iMPS',#153,'Bolt assembly',$,$,#343,#340,'IDe44f17d4-7d43-4122-b817-094bc1b1665c',28.,20.);
#345= IFCCARTESIANPOINT((30.,-0.00016342369466571,0.));
#346= IFCCARTESIANPOINT((25.9807621135326,-0.00016342369466571,15.0000000000009));
#347= IFCCARTESIANPOINT((14.9999999999982,-0.00016342369466571,25.9807621135342));
#348= IFCCARTESIANPOINT((-3.10900794480097E-12,-0.00016342369466571,30.));
#349= IFCCARTESIANPOINT((-15.0000000000036,-0.00016342369466571,25.9807621135311));
#350= IFCCARTESIANPOINT((-25.9807621135357,-0.00016342369466571,14.9999999999955));
#351= IFCCARTESIANPOINT((-30.,-0.00016342369466571,-6.21801588960193E-12));
#352= IFCCARTESIANPOINT((-25.9807621135295,-0.00016342369466571,-15.0000000000063));
#353= IFCCARTESIANPOINT((-14.9999999999928,-0.00016342369466571,-25.9807621135373));
#354= IFCCARTESIANPOINT((9.29371714366415E-12,-0.00016342369466571,-30.));
#355= IFCCARTESIANPOINT((15.000000000009,-0.00016342369466571,-25.980762113528));
#356= IFCCARTESIANPOINT((25.9807621135389,-0.00016342369466571,-14.9999999999901));
#357= IFCCARTESIANPOINT((30.,8.09983657629809,0.));
#358= IFCCARTESIANPOINT((25.9807621135326,8.09983657629809,15.0000000000009));
#359= IFCCARTESIANPOINT((14.9999999999982,8.09983657629809,25.9807621135342));
#360= IFCCARTESIANPOINT((-3.10900794480097E-12,8.09983657629809,30.));
#361= IFCCARTESIANPOINT((-15.0000000000036,8.09983657629809,25.9807621135311));
#362= IFCCARTESIANPOINT((-25.9807621135357,8.09983657629809,14.9999999999955));
#363= IFCCARTESIANPOINT((-30.,8.09983657629809,-6.21801588960193E-12));
#364= IFCCARTESIANPOINT((-25.9807621135295,8.09983657629809,-15.0000000000063));
#365= IFCCARTESIANPOINT((-14.9999999999928,8.09983657629809,-25.9807621135373));
#366= IFCCARTESIANPOINT((9.29371714366415E-12,8.09983657629809,-30.));
#367= IFCCARTESIANPOINT((15.000000000009,8.09983657629809,-25.980762113528));
#368= IFCCARTESIANPOINT((25.9807621135389,8.09983657629809,-14.9999999999901));
#369= IFCPOLYLOOP((#345,#346,#347,#348,#349,#350,#351,#352,#353,#354,#355,#356));
#370= IFCFACEOUTERBOUND(#369,.T.);
#371= IFCFACE((#370));
#372= IFCPOLYLOOP((#368,#367,#366,#365,#364,#363,#362,#361,#360,#359,#358,#357));
#373= IFCFACEOUTERBOUND(#372,.T.);
#374= IFCFACE((#373));
#375= IFCPOLYLOOP((#345,#357,#358,#346));
#376= IFCFACEOUTERBOUND(#375,.T.);
#377= IFCFACE((#376));
#378= IFCPOLYLOOP((#346,#358,#359,#347));
#379= IFCFACEOUTERBOUND(#378,.T.);
#380= IFCFACE((#379));
#381= IFCPOLYLOOP((#347,#359,#360,#348));
#382= IFCFACEOUTERBOUND(#381,.T.);
#383= IFCFACE((#382));
#384= IFCPOLYLOOP((#348,#360,#361,#349));
#385= IFCFACEOUTERBOUND(#384,.T.);
#386= IFCFACE((#385));
#387= IFCPOLYLOOP((#349,#361,#362,#350));
#388= IFCFACEOUTERBOUND(#387,.T.);
#389= IFCFACE((#388));
#390= IFCPOLYLOOP((#350,#362,#363,#351));
#391= IFCFACEOUTERBOUND(#390,.T.);
#392= IFCFACE((#391));
#393= IFCPOLYLOOP((#351,#363,#364,#352));
#394= IFCFACEOUTERBOUND(#393,.T.);
#395= IFCFACE((#394));
#396= IFCPOLYLOOP((#352,#364,#365,#353));
#397= IFCFACEOUTERBOUND(#396,.T.);
#398= IFCFACE((#397));
#399= IFCPOLYLOOP((#353,#365,#366,#354));
#400= IFCFACEOUTERBOUND(#399,.T.);
#401= IFCFACE((#400));
#402= IFCPOLYLOOP((#354,#366,#367,#355));
#403= IFCFACEOUTERBOUND(#402,.T.);
#404= IFCFACE((#403));
#405= IFCPOLYLOOP((#355,#367,#368,#356));
#406= IFCFACEOUTERBOUND(#405,.T.);
#407= IFCFACE((#406));
#408= IFCPOLYLOOP((#356,#368,#357,#345));
#409= IFCFACEOUTERBOUND(#408,.T.);
#410= IFCFACE((#409));
#411= IFCCLOSEDSHELL((#371,#374,#377,#380,#383,#386,#389,#392,#395,#398,#401,#404,#407,#410));
#412= IFCFACETEDBREP(#411);
#413= IFCSTYLEDITEM(#412,(#119),$);
#414= IFCSHAPEREPRESENTATION(#12,'Body','Brep',(#412));
#415= IFCREPRESENTATIONMAP(#10,#414);
#416= IFCMAPPEDITEM(#415,#122);
#417= IFCSHAPEREPRESENTATION(#12,'Body','MappedRepresentation',(#416));
#418= IFCPRODUCTDEFINITIONSHAPE($,$,(#417));
#419= IFCCARTESIANPOINT((56579.9932572679,-3865.31874136436,10484.8065148457));
#420= IFCDIRECTION((0.,-1.,0.));
#421= IFCAXIS2PLACEMENT3D(#419,#420,#7);
#422= IFCLOCALPLACEMENT(#42,#421);
#423= IFCMECHANICALFASTENER('2tihXExJTAmg19OxhXwl3J',#153,'Bolt assembly',$,$,#422,#418,'IDb7b2b84e-ed37-4ac2-a049-63bae1eaf0d3',58.,8.);
#424= IFCPROPERTYSINGLEVALUE('Washer diameter',$,IFCLENGTHMEASURE(58.),$);
#425= IFCPROPERTYSINGLEVALUE('Bolt hole diameter',$,IFCLENGTHMEASURE(60.),$);
#426= IFCPROPERTYSINGLEVALUE('Bolt size',$,IFCLENGTHMEASURE(60.),$);
#427= IFCPROPERTYSINGLEVALUE('Bolt length',$,IFCLENGTHMEASURE(8.),$);
#428= IFCPROPERTYSET('3GwKyTdF509xju7qRF9YEC',#5,'Tekla Bolt','Bolt Properties',(#135,#424,#137,#138,#139,#140,#141,#142,#143,#425,#145,#146,#426,#427,#149,#150));
#429= IFCCARTESIANPOINT((30.,0.000179902549877653,0.));
#430= IFCCARTESIANPOINT((25.9807621135326,0.000179902549877653,15.0000000000009));
#431= IFCCARTESIANPOINT((14.9999999999982,0.000179902549877653,25.9807621135342));
#432= IFCCARTESIANPOINT((-3.10900794480097E-12,0.000179902549877653,30.));
#433= IFCCARTESIANPOINT((-15.0000000000036,0.000179902549877653,25.9807621135311));
#434= IFCCARTESIANPOINT((-25.9807621135357,0.000179902549877653,14.9999999999955));
#435= IFCCARTESIANPOINT((-30.,0.000179902549877653,-6.21801588960193E-12));
#436= IFCCARTESIANPOINT((-25.9807621135295,0.000179902549877653,-15.0000000000063));
#437= IFCCARTESIANPOINT((-14.9999999999928,0.000179902549877653,-25.9807621135373));
#438= IFCCARTESIANPOINT((9.29371714366415E-12,0.000179902549877653,-30.));
#439= IFCCARTESIANPOINT((15.000000000009,0.000179902549877653,-25.980762113528));
#440= IFCCARTESIANPOINT((25.9807621135389,0.000179902549877653,-14.9999999999901));
#441= IFCCARTESIANPOINT((30.,8.10017990254263,0.));
#442= IFCCARTESIANPOINT((25.9807621135326,8.10017990254263,15.0000000000009));
#443= IFCCARTESIANPOINT((14.9999999999982,8.10017990254263,25.9807621135342));
#444= IFCCARTESIANPOINT((-3.10900794480097E-12,8.10017990254263,30.));
#445= IFCCARTESIANPOINT((-15.0000000000036,8.10017990254263,25.9807621135311));
#446= IFCCARTESIANPOINT((-25.9807621135357,8.10017990254263,14.9999999999955));
#447= IFCCARTESIANPOINT((-30.,8.10017990254263,-6.21801588960193E-12));
#448= IFCCARTESIANPOINT((-25.9807621135295,8.10017990254263,-15.0000000000063));
#449= IFCCARTESIANPOINT((-14.9999999999928,8.10017990254263,-25.9807621135373));
#450= IFCCARTESIANPOINT((9.29371714366415E-12,8.10017990254263,-30.));
#451= IFCCARTESIANPOINT((15.000000000009,8.10017990254263,-25.980762113528));
#452= IFCCARTESIANPOINT((25.9807621135389,8.10017990254263,-14.9999999999901));
#453= IFCPOLYLOOP((#429,#430,#431,#432,#433,#434,#435,#436,#437,#438,#439,#440));
#454= IFCFACEOUTERBOUND(#453,.T.);
#455= IFCFACE((#454));
#456= IFCPOLYLOOP((#452,#451,#450,#449,#448,#447,#446,#445,#444,#443,#442,#441));
#457= IFCFACEOUTERBOUND(#456,.T.);
#458= IFCFACE((#457));
#459= IFCPOLYLOOP((#429,#441,#442,#430));
#460= IFCFACEOUTERBOUND(#459,.T.);
#461= IFCFACE((#460));
#462= IFCPOLYLOOP((#430,#442,#443,#431));
#463= IFCFACEOUTERBOUND(#462,.T.);
#464= IFCFACE((#463));
#465= IFCPOLYLOOP((#431,#443,#444,#432));
#466= IFCFACEOUTERBOUND(#465,.T.);
#467= IFCFACE((#466));
#468= IFCPOLYLOOP((#432,#444,#445,#433));
#469= IFCFACEOUTERBOUND(#468,.T.);
#470= IFCFACE((#469));
#471= IFCPOLYLOOP((#433,#445,#446,#434));
#472= IFCFACEOUTERBOUND(#471,.T.);
#473= IFCFACE((#472));
#474= IFCPOLYLOOP((#434,#446,#447,#435));
#475= IFCFACEOUTERBOUND(#474,.T.);
#476= IFCFACE((#475));
#477= IFCPOLYLOOP((#435,#447,#448,#436));
#478= IFCFACEOUTERBOUND(#477,.T.);
#479= IFCFACE((#478));
#480= IFCPOLYLOOP((#436,#448,#449,#437));
#481= IFCFACEOUTERBOUND(#480,.T.);
#482= IFCFACE((#481));
#483= IFCPOLYLOOP((#437,#449,#450,#438));
#484= IFCFACEOUTERBOUND(#483,.T.);
#485= IFCFACE((#484));
#486= IFCPOLYLOOP((#438,#450,#451,#439));
#487= IFCFACEOUTERBOUND(#486,.T.);
#488= IFCFACE((#487));
#489= IFCPOLYLOOP((#439,#451,#452,#440));
#490= IFCFACEOUTERBOUND(#489,.T.);
#491= IFCFACE((#490));
#492= IFCPOLYLOOP((#440,#452,#441,#429));
#493= IFCFACEOUTERBOUND(#492,.T.);
#494= IFCFACE((#493));
#495= IFCCLOSEDSHELL((#455,#458,#461,#464,#467,#470,#473,#476,#479,#482,#485,#488,#491,#494));
#496= IFCFACETEDBREP(#495);
#497= IFCSTYLEDITEM(#496,(#119),$);
#498= IFCSHAPEREPRESENTATION(#12,'Body','Brep',(#496));
#499= IFCREPRESENTATIONMAP(#10,#498);
#500= IFCMAPPEDITEM(#499,#122);
#501= IFCSHAPEREPRESENTATION(#12,'Body','MappedRepresentation',(#500));
#502= IFCPRODUCTDEFINITIONSHAPE($,$,(#501));
#503= IFCCARTESIANPOINT((56699.993257267,-3865.31874136425,10484.8065148457));
#504= IFCAXIS2PLACEMENT3D(#503,#420,#7);
#505= IFCLOCALPLACEMENT(#42,#504);
#506= IFCMECHANICALFASTENER('0SAbmqQfbA0OCJhmkkCT5u',#153,'Bolt assembly',$,$,#505,#502,'ID1c2a5c34-6a99-4a01-8313-af0bae31d178',58.,8.);
#507= IFCCARTESIANPOINT((10.,-6.00057483858104,0.));
#508= IFCCARTESIANPOINT((8.66025403784421,-6.00057483858104,5.0000000000003));
#509= IFCCARTESIANPOINT((4.9999999999994,-6.00057483858104,8.66025403784473));
#510= IFCCARTESIANPOINT((-1.03633598160032E-12,-6.00057483858104,10.));
#511= IFCCARTESIANPOINT((-5.00000000000119,-6.00057483858104,8.6602540378437));
#512= IFCCARTESIANPOINT((-8.66025403784525,-6.00057483858104,4.99999999999851));
#513= IFCCARTESIANPOINT((-10.,-6.00057483858104,-2.07267196320065E-12));
#514= IFCCARTESIANPOINT((-8.66025403784318,-6.00057483858104,-5.00000000000209));
#515= IFCCARTESIANPOINT((-4.99999999999761,-6.00057483858104,-8.66025403784576));
#516= IFCCARTESIANPOINT((3.09790571455472E-12,-6.00057483858104,-10.));
#517= IFCCARTESIANPOINT((5.00000000000299,-6.00057483858104,-8.66025403784266));
#518= IFCCARTESIANPOINT((8.66025403784628,-6.00057483858104,-4.99999999999671));
#519= IFCCARTESIANPOINT((10.,6.0994251622782,0.));
#520= IFCCARTESIANPOINT((8.66025403784421,6.0994251622782,5.0000000000003));
#521= IFCCARTESIANPOINT((4.9999999999994,6.0994251622782,8.66025403784473));
#522= IFCCARTESIANPOINT((-1.03633598160032E-12,6.0994251622782,10.));
#523= IFCCARTESIANPOINT((-5.00000000000119,6.0994251622782,8.6602540378437));
#524= IFCCARTESIANPOINT((-8.66025403784525,6.0994251622782,4.99999999999851));
#525= IFCCARTESIANPOINT((-10.,6.0994251622782,-2.07267196320065E-12));
#526= IFCCARTESIANPOINT((-8.66025403784318,6.0994251622782,-5.00000000000209));
#527= IFCCARTESIANPOINT((-4.99999999999761,6.0994251622782,-8.66025403784576));
#528= IFCCARTESIANPOINT((3.09790571455472E-12,6.0994251622782,-10.));
#529= IFCCARTESIANPOINT((5.00000000000299,6.0994251622782,-8.66025403784266));
#530= IFCCARTESIANPOINT((8.66025403784628,6.0994251622782,-4.99999999999671));
#531= IFCPOLYLOOP((#507,#508,#509,#510,#511,#512,#513,#514,#515,#516,#517,#518));
#532= IFCFACEOUTERBOUND(#531,.T.);
#533= IFCFACE((#532));
#534= IFCPOLYLOOP((#530,#529,#528,#527,#526,#525,#524,#523,#522,#521,#520,#519));
#535= IFCFACEOUTERBOUND(#534,.T.);
#536= IFCFACE((#535));
#537= IFCPOLYLOOP((#507,#519,#520,#508));
#538= IFCFACEOUTERBOUND(#537,.T.);
#539= IFCFACE((#538));
#540= IFCPOLYLOOP((#508,#520,#521,#509));
#541= IFCFACEOUTERBOUND(#540,.T.);
#542= IFCFACE((#541));
#543= IFCPOLYLOOP((#509,#521,#522,#510));
#544= IFCFACEOUTERBOUND(#543,.T.);
#545= IFCFACE((#544));
#546= IFCPOLYLOOP((#510,#522,#523,#511));
#547= IFCFACEOUTERBOUND(#546,.T.);
#548= IFCFACE((#547));
#549= IFCPOLYLOOP((#511,#523,#524,#512));
#550= IFCFACEOUTERBOUND(#549,.T.);
#551= IFCFACE((#550));
#552= IFCPOLYLOOP((#512,#524,#525,#513));
#553= IFCFACEOUTERBOUND(#552,.T.);
#554= IFCFACE((#553));
#555= IFCPOLYLOOP((#513,#525,#526,#514));
#556= IFCFACEOUTERBOUND(#555,.T.);
#557= IFCFACE((#556));
#558= IFCPOLYLOOP((#514,#526,#527,#515));
#559= IFCFACEOUTERBOUND(#558,.T.);
#560= IFCFACE((#559));
#561= IFCPOLYLOOP((#515,#527,#528,#516));
#562= IFCFACEOUTERBOUND(#561,.T.);
#563= IFCFACE((#562));
#564= IFCPOLYLOOP((#516,#528,#529,#517));
#565= IFCFACEOUTERBOUND(#564,.T.);
#566= IFCFACE((#565));
#567= IFCPOLYLOOP((#517,#529,#530,#518));
#568= IFCFACEOUTERBOUND(#567,.T.);
#569= IFCFACE((#568));
#570= IFCPOLYLOOP((#518,#530,#519,#507));
#571= IFCFACEOUTERBOUND(#570,.T.);
#572= IFCFACE((#571));
#573= IFCCLOSEDSHELL((#533,#536,#539,#542,#545,#548,#551,#554,#557,#560,#563,#566,#569,#572));
#574= IFCFACETEDBREP(#573);
#575= IFCSTYLEDITEM(#574,(#119),$);
#576= IFCSHAPEREPRESENTATION(#12,'Body','Brep',(#574));
#577= IFCREPRESENTATIONMAP(#10,#576);
#578= IFCMAPPEDITEM(#577,#122);
#579= IFCSHAPEREPRESENTATION(#12,'Body','MappedRepresentation',(#578));
#580= IFCPRODUCTDEFINITIONSHAPE($,$,(#579));
#581= IFCCARTESIANPOINT((56520.0023386639,-3780.31302531433,10778.8063050228));
#582= IFCAXIS2PLACEMENT3D(#581,#420,#9);
#583= IFCLOCALPLACEMENT(#42,#582);
#584= IFCMECHANICALFASTENER('2TftYI8N18YgsIs70bqHsR',#153,'Bolt assembly',$,$,#583,#580,'ID9da77892-2170-488a-ad92-d87025d11d9b',18.,12.);
#585= IFCPROPERTYSINGLEVALUE('Washer diameter',$,IFCLENGTHMEASURE(18.),$);
#586= IFCPROPERTYSINGLEVALUE('Bolt hole diameter',$,IFCLENGTHMEASURE(20.),$);
#587= IFCPROPERTYSINGLEVALUE('Bolt size',$,IFCLENGTHMEASURE(20.),$);
#588= IFCPROPERTYSINGLEVALUE('Bolt length',$,IFCLENGTHMEASURE(12.),$);
#589= IFCPROPERTYSET('1Kv6Kfn7HE0gZt1mME6Yty',#5,'Tekla Bolt','Bolt Properties',(#135,#585,#137,#138,#139,#140,#141,#142,#143,#586,#145,#146,#587,#588,#149,#150));
#590= IFCCARTESIANPOINT((10.,-18.000574838581,0.));
#591= IFCCARTESIANPOINT((8.66025403784421,-18.000574838581,5.0000000000003));
#592= IFCCARTESIANPOINT((4.9999999999994,-18.000574838581,8.66025403784473));
#593= IFCCARTESIANPOINT((-1.03633598160032E-12,-18.000574838581,10.));
#594= IFCCARTESIANPOINT((-5.00000000000119,-18.000574838581,8.6602540378437));
#595= IFCCARTESIANPOINT((-8.66025403784525,-18.000574838581,4.99999999999851));
#596= IFCCARTESIANPOINT((-10.,-18.000574838581,-2.07267196320065E-12));
#597= IFCCARTESIANPOINT((-8.66025403784318,-18.000574838581,-5.00000000000209));
#598= IFCCARTESIANPOINT((-4.99999999999761,-18.000574838581,-8.66025403784576));
#599= IFCCARTESIANPOINT((3.09790571455472E-12,-18.000574838581,-10.));
#600= IFCCARTESIANPOINT((5.00000000000299,-18.000574838581,-8.66025403784266));
#601= IFCCARTESIANPOINT((8.66025403784628,-18.000574838581,-4.99999999999671));
#602= IFCCARTESIANPOINT((10.,-5.9005748377218,0.));
#603= IFCCARTESIANPOINT((8.66025403784421,-5.9005748377218,5.0000000000003));
#604= IFCCARTESIANPOINT((4.9999999999994,-5.9005748377218,8.66025403784473));
#605= IFCCARTESIANPOINT((-1.03633598160032E-12,-5.9005748377218,10.));
#606= IFCCARTESIANPOINT((-5.00000000000119,-5.9005748377218,8.6602540378437));
#607= IFCCARTESIANPOINT((-8.66025403784525,-5.9005748377218,4.99999999999851));
#608= IFCCARTESIANPOINT((-10.,-5.9005748377218,-2.07267196320065E-12));
#609= IFCCARTESIANPOINT((-8.66025403784318,-5.9005748377218,-5.00000000000209));
#610= IFCCARTESIANPOINT((-4.99999999999761,-5.9005748377218,-8.66025403784576));
#611= IFCCARTESIANPOINT((3.09790571455472E-12,-5.9005748377218,-10.));
#612= IFCCARTESIANPOINT((5.00000000000299,-5.9005748377218,-8.66025403784266));
#613= IFCCARTESIANPOINT((8.66025403784628,-5.9005748377218,-4.99999999999671));
#614= IFCPOLYLOOP((#590,#591,#592,#593,#594,#595,#596,#597,#598,#599,#600,#601));
#615= IFCFACEOUTERBOUND(#614,.T.);
#616= IFCFACE((#615));
#617= IFCPOLYLOOP((#613,#612,#611,#610,#609,#608,#607,#606,#605,#604,#603,#602));
#618= IFCFACEOUTERBOUND(#617,.T.);
#619= IFCFACE((#618));
#620= IFCPOLYLOOP((#590,#602,#603,#591));
#621= IFCFACEOUTERBOUND(#620,.T.);
#622= IFCFACE((#621));
#623= IFCPOLYLOOP((#591,#603,#604,#592));
#624= IFCFACEOUTERBOUND(#623,.T.);
#625= IFCFACE((#624));
#626= IFCPOLYLOOP((#592,#604,#605,#593));
#627= IFCFACEOUTERBOUND(#626,.T.);
#628= IFCFACE((#627));
#629= IFCPOLYLOOP((#593,#605,#606,#594));
#630= IFCFACEOUTERBOUND(#629,.T.);
#631= IFCFACE((#630));
#632= IFCPOLYLOOP((#594,#606,#607,#595));
#633= IFCFACEOUTERBOUND(#632,.T.);
#634= IFCFACE((#633));
#635= IFCPOLYLOOP((#595,#607,#608,#596));
#636= IFCFACEOUTERBOUND(#635,.T.);
#637= IFCFACE((#636));
#638= IFCPOLYLOOP((#596,#608,#609,#597));
#639= IFCFACEOUTERBOUND(#638,.T.);
#640= IFCFACE((#639));
#641= IFCPOLYLOOP((#597,#609,#610,#598));
#642= IFCFACEOUTERBOUND(#641,.T.);
#643= IFCFACE((#642));
#644= IFCPOLYLOOP((#598,#610,#611,#599));
#645= IFCFACEOUTERBOUND(#644,.T.);
#646= IFCFACE((#645));
#647= IFCPOLYLOOP((#599,#611,#612,#600));
#648= IFCFACEOUTERBOUND(#647,.T.);
#649= IFCFACE((#648));
#650= IFCPOLYLOOP((#600,#612,#613,#601));
#651= IFCFACEOUTERBOUND(#650,.T.);
#652= IFCFACE((#651));
#653= IFCPOLYLOOP((#601,#613,#602,#590));
#654= IFCFACEOUTERBOUND(#653,.T.);
#655= IFCFACE((#654));
#656= IFCCLOSEDSHELL((#616,#619,#622,#625,#628,#631,#634,#637,#640,#643,#646,#649,#652,#655));
#657= IFCFACETEDBREP(#656);
#658= IFCSTYLEDITEM(#657,(#119),$);
#659= IFCSHAPEREPRESENTATION(#12,'Body','Brep',(#657));
#660= IFCREPRESENTATIONMAP(#10,#659);
#661= IFCMAPPEDITEM(#660,#122);
#662= IFCSHAPEREPRESENTATION(#12,'Body','MappedRepresentation',(#661));
#663= IFCPRODUCTDEFINITIONSHAPE($,$,(#662));
#664= IFCCARTESIANPOINT((56798.0023386639,-3780.31302531433,10778.8063050228));
#665= IFCAXIS2PLACEMENT3D(#664,#420,#9);
#666= IFCLOCALPLACEMENT(#42,#665);
#667= IFCMECHANICALFASTENER('296ISDd014qAHCPPkd$LIG',#153,'Bolt assembly',$,$,#666,#663,'ID8919270d-9c00-44d0-a44c-659ba7fd5490',18.,12.);
#668= IFCSURFACESTYLE('TS10.9',.POSITIVE.,(#46));
#669= IFCPRESENTATIONSTYLEASSIGNMENT((#668));
#670= IFCCARTESIANPOINT((11.,0.100000003166861,0.));
#671= IFCCARTESIANPOINT((9.52627944162863,0.100000003166861,5.50000000000033));
#672= IFCCARTESIANPOINT((5.49999999999934,0.100000003166861,9.5262794416292));
#673= IFCCARTESIANPOINT((-1.13996957976035E-12,0.100000003166861,11.));
#674= IFCCARTESIANPOINT((-5.50000000000131,0.100000003166861,9.52627944162807));
#675= IFCCARTESIANPOINT((-9.52627944162977,0.100000003166861,5.49999999999836));
#676= IFCCARTESIANPOINT((-11.,0.100000003166861,-2.27993915952071E-12));
#677= IFCCARTESIANPOINT((-9.5262794416275,0.100000003166861,-5.5000000000023));
#678= IFCCARTESIANPOINT((-5.49999999999737,0.100000003166861,-9.52627944163034));
#679= IFCCARTESIANPOINT((3.40769628601019E-12,0.100000003166861,-11.));
#680= IFCCARTESIANPOINT((5.50000000000328,0.100000003166861,-9.52627944162693));
#681= IFCCARTESIANPOINT((9.52627944163091,0.100000003166861,-5.49999999999638));
#682= IFCCARTESIANPOINT((11.,12.1000000031669,0.));
#683= IFCCARTESIANPOINT((9.52627944162863,12.1000000031669,5.50000000000033));
#684= IFCCARTESIANPOINT((5.49999999999934,12.1000000031669,9.5262794416292));
#685= IFCCARTESIANPOINT((-1.13996957976035E-12,12.1000000031669,11.));
#686= IFCCARTESIANPOINT((-5.50000000000131,12.1000000031669,9.52627944162807));
#687= IFCCARTESIANPOINT((-9.52627944162977,12.1000000031669,5.49999999999836));
#688= IFCCARTESIANPOINT((-11.,12.1000000031669,-2.27993915952071E-12));
#689= IFCCARTESIANPOINT((-9.5262794416275,12.1000000031669,-5.5000000000023));
#690= IFCCARTESIANPOINT((-5.49999999999737,12.1000000031669,-9.52627944163034));
#691= IFCCARTESIANPOINT((3.40769628601019E-12,12.1000000031669,-11.));
#692= IFCCARTESIANPOINT((5.50000000000328,12.1000000031669,-9.52627944162693));
#693= IFCCARTESIANPOINT((9.52627944163091,12.1000000031669,-5.49999999999638));
#694= IFCPOLYLOOP((#670,#671,#672,#673,#674,#675,#676,#677,#678,#679,#680,#681));
#695= IFCFACEOUTERBOUND(#694,.T.);
#696= IFCFACE((#695));
#697= IFCPOLYLOOP((#693,#692,#691,#690,#689,#688,#687,#686,#685,#684,#683,#682));
#698= IFCFACEOUTERBOUND(#697,.T.);
#699= IFCFACE((#698));
#700= IFCPOLYLOOP((#670,#682,#683,#671));
#701= IFCFACEOUTERBOUND(#700,.T.);
#702= IFCFACE((#701));
#703= IFCPOLYLOOP((#671,#683,#684,#672));
#704= IFCFACEOUTERBOUND(#703,.T.);
#705= IFCFACE((#704));
#706= IFCPOLYLOOP((#672,#684,#685,#673));
#707= IFCFACEOUTERBOUND(#706,.T.);
#708= IFCFACE((#707));
#709= IFCPOLYLOOP((#673,#685,#686,#674));
#710= IFCFACEOUTERBOUND(#709,.T.);
#711= IFCFACE((#710));
#712= IFCPOLYLOOP((#674,#686,#687,#675));
#713= IFCFACEOUTERBOUND(#712,.T.);
#714= IFCFACE((#713));
#715= IFCPOLYLOOP((#675,#687,#688,#676));
#716= IFCFACEOUTERBOUND(#715,.T.);
#717= IFCFACE((#716));
#718= IFCPOLYLOOP((#676,#688,#689,#677));
#719= IFCFACEOUTERBOUND(#718,.T.);
#720= IFCFACE((#719));
#721= IFCPOLYLOOP((#677,#689,#690,#678));
#722= IFCFACEOUTERBOUND(#721,.T.);
#723= IFCFACE((#722));
#724= IFCPOLYLOOP((#678,#690,#691,#679));
#725= IFCFACEOUTERBOUND(#724,.T.);
#726= IFCFACE((#725));
#727= IFCPOLYLOOP((#679,#691,#692,#680));
#728= IFCFACEOUTERBOUND(#727,.T.);
#729= IFCFACE((#728));
#730= IFCPOLYLOOP((#680,#692,#693,#681));
#731= IFCFACEOUTERBOUND(#730,.T.);
#732= IFCFACE((#731));
#733= IFCPOLYLOOP((#681,#693,#682,#670));
#734= IFCFACEOUTERBOUND(#733,.T.);
#735= IFCFACE((#734));
#736= IFCCARTESIANPOINT((30.,12.0000000031487,0.));
#737= IFCCARTESIANPOINT((29.162674857624,12.0000000031487,4.20951775601625));
#738= IFCCARTESIANPOINT((26.7781745930516,12.0000000031487,7.77817459305242));
#739= IFCCARTESIANPOINT((23.2095177560152,12.0000000031487,10.1626748576245));
#740= IFCCARTESIANPOINT((-19.0000000000011,12.0000000031487,11.));
#741= IFCCARTESIANPOINT((-24.5000000000013,12.0000000031487,9.52627944162807));
#742= IFCCARTESIANPOINT((-28.5262794416298,12.0000000031487,5.49999999999836));
#743= IFCCARTESIANPOINT((-30.,12.0000000031487,-2.27993915952071E-12));
#744= IFCCARTESIANPOINT((-28.5262794416275,12.0000000031487,-5.5000000000023));
#745= IFCCARTESIANPOINT((-24.4999999999974,12.0000000031487,-9.52627944163034));
#746= IFCCARTESIANPOINT((-18.9999999999966,12.0000000031487,-11.));
#747= IFCCARTESIANPOINT((19.0000000000034,12.0000000031487,-11.));
#748= IFCCARTESIANPOINT((24.5000000000033,12.0000000031487,-9.52627944162693));
#749= IFCCARTESIANPOINT((28.5262794416309,12.0000000031487,-5.49999999999638));
#750= IFCCARTESIANPOINT((30.,30.0000000031487,0.));
#751= IFCCARTESIANPOINT((29.162674857624,30.0000000031487,4.20951775601625));
#752= IFCCARTESIANPOINT((26.7781745930516,30.0000000031487,7.77817459305242));
#753= IFCCARTESIANPOINT((23.2095177560152,30.0000000031487,10.1626748576245));
#754= IFCCARTESIANPOINT((-19.0000000000011,30.0000000031487,11.));
#755= IFCCARTESIANPOINT((-24.5000000000013,30.0000000031487,9.52627944162807));
#756= IFCCARTESIANPOINT((-28.5262794416298,30.0000000031487,5.49999999999836));
#757= IFCCARTESIANPOINT((-30.,30.0000000031487,-2.27993915952071E-12));
#758= IFCCARTESIANPOINT((-28.5262794416275,30.0000000031487,-5.5000000000023));
#759= IFCCARTESIANPOINT((-24.4999999999974,30.0000000031487,-9.52627944163034));
#760= IFCCARTESIANPOINT((-18.9999999999966,30.0000000031487,-11.));
#761= IFCCARTESIANPOINT((19.0000000000034,30.0000000031487,-11.));
#762= IFCCARTESIANPOINT((24.5000000000033,30.0000000031487,-9.52627944162693));
#763= IFCCARTESIANPOINT((28.5262794416309,30.0000000031487,-5.49999999999638));
#764= IFCPOLYLOOP((#736,#737,#738,#739,#740,#741,#742,#743,#744,#745,#746,#747,#748,#749));
#765= IFCFACEOUTERBOUND(#764,.T.);
#766= IFCFACE((#765));
#767= IFCPOLYLOOP((#750,#763,#762,#761,#760,#759,#758,#757,#756,#755,#754,#753,#752,#751));
#768= IFCFACEOUTERBOUND(#767,.T.);
#769= IFCFACE((#768));
#770= IFCPOLYLOOP((#736,#750,#751,#737));
#771= IFCFACEOUTERBOUND(#770,.T.);
#772= IFCFACE((#771));
#773= IFCPOLYLOOP((#737,#751,#752,#738));
#774= IFCFACEOUTERBOUND(#773,.T.);
#775= IFCFACE((#774));
#776= IFCPOLYLOOP((#738,#752,#753,#739));
#777= IFCFACEOUTERBOUND(#776,.T.);
#778= IFCFACE((#777));
#779= IFCPOLYLOOP((#739,#753,#754,#740));
#780= IFCFACEOUTERBOUND(#779,.T.);
#781= IFCFACE((#780));
#782= IFCPOLYLOOP((#740,#754,#755,#741));
#783= IFCFACEOUTERBOUND(#782,.T.);
#784= IFCFACE((#783));
#785= IFCPOLYLOOP((#741,#755,#756,#742));
#786= IFCFACEOUTERBOUND(#785,.T.);
#787= IFCFACE((#786));
#788= IFCPOLYLOOP((#742,#756,#757,#743));
#789= IFCFACEOUTERBOUND(#788,.T.);
#790= IFCFACE((#789));
#791= IFCPOLYLOOP((#743,#757,#758,#744));
#792= IFCFACEOUTERBOUND(#791,.T.);
#793= IFCFACE((#792));
#794= IFCPOLYLOOP((#744,#758,#759,#745));
#795= IFCFACEOUTERBOUND(#794,.T.);
#796= IFCFACE((#795));
#797= IFCPOLYLOOP((#745,#759,#760,#746));
#798= IFCFACEOUTERBOUND(#797,.T.);
#799= IFCFACE((#798));
#800= IFCPOLYLOOP((#746,#760,#761,#747));
#801= IFCFACEOUTERBOUND(#800,.T.);
#802= IFCFACE((#801));
#803= IFCPOLYLOOP((#747,#761,#762,#748));
#804= IFCFACEOUTERBOUND(#803,.T.);
#805= IFCFACE((#804));
#806= IFCPOLYLOOP((#748,#762,#763,#749));
#807= IFCFACEOUTERBOUND(#806,.T.);
#808= IFCFACE((#807));
#809= IFCPOLYLOOP((#749,#763,#750,#736));
#810= IFCFACEOUTERBOUND(#809,.T.);
#811= IFCFACE((#810));
#812= IFCCARTESIANPOINT((30.,286.000000003149,0.));
#813= IFCCARTESIANPOINT((29.162674857624,286.000000003149,4.20951775601625));
#814= IFCCARTESIANPOINT((26.7781745930516,286.000000003149,7.77817459305242));
#815= IFCCARTESIANPOINT((23.2095177560152,286.000000003149,10.1626748576245));
#816= IFCCARTESIANPOINT((-19.0000000000011,286.000000003149,11.));
#817= IFCCARTESIANPOINT((-24.5000000000013,286.000000003149,9.52627944162807));
#818= IFCCARTESIANPOINT((-28.5262794416298,286.000000003149,5.49999999999836));
#819= IFCCARTESIANPOINT((-30.,286.000000003149,-2.27993915952071E-12));
#820= IFCCARTESIANPOINT((-28.5262794416275,286.000000003149,-5.5000000000023));
#821= IFCCARTESIANPOINT((-24.4999999999974,286.000000003149,-9.52627944163034));
#822= IFCCARTESIANPOINT((-18.9999999999966,286.000000003149,-11.));
#823= IFCCARTESIANPOINT((19.0000000000034,286.000000003149,-11.));
#824= IFCCARTESIANPOINT((24.5000000000033,286.000000003149,-9.52627944162693));
#825= IFCCARTESIANPOINT((28.5262794416309,286.000000003149,-5.49999999999638));
#826= IFCCARTESIANPOINT((30.,304.000000003149,0.));
#827= IFCCARTESIANPOINT((29.162674857624,304.000000003149,4.20951775601625));
#828= IFCCARTESIANPOINT((26.7781745930516,304.000000003149,7.77817459305242));
#829= IFCCARTESIANPOINT((23.2095177560152,304.000000003149,10.1626748576245));
#830= IFCCARTESIANPOINT((-19.0000000000011,304.000000003149,11.));
#831= IFCCARTESIANPOINT((-24.5000000000013,304.000000003149,9.52627944162807));
#832= IFCCARTESIANPOINT((-28.5262794416298,304.000000003149,5.49999999999836));
#833= IFCCARTESIANPOINT((-30.,304.000000003149,-2.27993915952071E-12));
#834= IFCCARTESIANPOINT((-28.5262794416275,304.000000003149,-5.5000000000023));
#835= IFCCARTESIANPOINT((-24.4999999999974,304.000000003149,-9.52627944163034));
#836= IFCCARTESIANPOINT((-18.9999999999966,304.000000003149,-11.));
#837= IFCCARTESIANPOINT((19.0000000000034,304.000000003149,-11.));
#838= IFCCARTESIANPOINT((24.5000000000033,304.000000003149,-9.52627944162693));
#839= IFCCARTESIANPOINT((28.5262794416309,304.000000003149,-5.49999999999638));
#840= IFCPOLYLOOP((#812,#813,#814,#815,#816,#817,#818,#819,#820,#821,#822,#823,#824,#825));
#841= IFCFACEOUTERBOUND(#840,.T.);
#842= IFCFACE((#841));
#843= IFCPOLYLOOP((#826,#839,#838,#837,#836,#835,#834,#833,#832,#831,#830,#829,#828,#827));
#844= IFCFACEOUTERBOUND(#843,.T.);
#845= IFCFACE((#844));
#846= IFCPOLYLOOP((#812,#826,#827,#813));
#847= IFCFACEOUTERBOUND(#846,.T.);
#848= IFCFACE((#847));
#849= IFCPOLYLOOP((#813,#827,#828,#814));
#850= IFCFACEOUTERBOUND(#849,.T.);
#851= IFCFACE((#850));
#852= IFCPOLYLOOP((#814,#828,#829,#815));
#853= IFCFACEOUTERBOUND(#852,.T.);
#854= IFCFACE((#853));
#855= IFCPOLYLOOP((#815,#829,#830,#816));
#856= IFCFACEOUTERBOUND(#855,.T.);
#857= IFCFACE((#856));
#858= IFCPOLYLOOP((#816,#830,#831,#817));
#859= IFCFACEOUTERBOUND(#858,.T.);
#860= IFCFACE((#859));
#861= IFCPOLYLOOP((#817,#831,#832,#818));
#862= IFCFACEOUTERBOUND(#861,.T.);
#863= IFCFACE((#862));
#864= IFCPOLYLOOP((#818,#832,#833,#819));
#865= IFCFACEOUTERBOUND(#864,.T.);
#866= IFCFACE((#865));
#867= IFCPOLYLOOP((#819,#833,#834,#820));
#868= IFCFACEOUTERBOUND(#867,.T.);
#869= IFCFACE((#868));
#870= IFCPOLYLOOP((#820,#834,#835,#821));
#871= IFCFACEOUTERBOUND(#870,.T.);
#872= IFCFACE((#871));
#873= IFCPOLYLOOP((#821,#835,#836,#822));
#874= IFCFACEOUTERBOUND(#873,.T.);
#875= IFCFACE((#874));
#876= IFCPOLYLOOP((#822,#836,#837,#823));
#877= IFCFACEOUTERBOUND(#876,.T.);
#878= IFCFACE((#877));
#879= IFCPOLYLOOP((#823,#837,#838,#824));
#880= IFCFACEOUTERBOUND(#879,.T.);
#881= IFCFACE((#880));
#882= IFCPOLYLOOP((#824,#838,#839,#825));
#883= IFCFACEOUTERBOUND(#882,.T.);
#884= IFCFACE((#883));
#885= IFCPOLYLOOP((#825,#839,#826,#812));
#886= IFCFACEOUTERBOUND(#885,.T.);
#887= IFCFACE((#886));
#888= IFCCARTESIANPOINT((11.,303.900000003167,0.));
#889= IFCCARTESIANPOINT((9.52627944162863,303.900000003167,5.50000000000033));
#890= IFCCARTESIANPOINT((5.49999999999934,303.900000003167,9.5262794416292));
#891= IFCCARTESIANPOINT((-1.13996957976035E-12,303.900000003167,11.));
#892= IFCCARTESIANPOINT((-5.50000000000131,303.900000003167,9.52627944162807));
#893= IFCCARTESIANPOINT((-9.52627944162977,303.900000003167,5.49999999999836));
#894= IFCCARTESIANPOINT((-11.,303.900000003167,-2.27993915952071E-12));
#895= IFCCARTESIANPOINT((-9.5262794416275,303.900000003167,-5.5000000000023));
#896= IFCCARTESIANPOINT((-5.49999999999737,303.900000003167,-9.52627944163034));
#897= IFCCARTESIANPOINT((3.40769628601019E-12,303.900000003167,-11.));
#898= IFCCARTESIANPOINT((5.50000000000328,303.900000003167,-9.52627944162693));
#899= IFCCARTESIANPOINT((9.52627944163091,303.900000003167,-5.49999999999638));
#900= IFCCARTESIANPOINT((11.,316.000000003167,0.));
#901= IFCCARTESIANPOINT((9.52627944162863,316.000000003167,5.50000000000033));
#902= IFCCARTESIANPOINT((5.49999999999934,316.000000003167,9.5262794416292));
#903= IFCCARTESIANPOINT((-1.13996957976035E-12,316.000000003167,11.));
#904= IFCCARTESIANPOINT((-5.50000000000131,316.000000003167,9.52627944162807));
#905= IFCCARTESIANPOINT((-9.52627944162977,316.000000003167,5.49999999999836));
#906= IFCCARTESIANPOINT((-11.,316.000000003167,-2.27993915952071E-12));
#907= IFCCARTESIANPOINT((-9.5262794416275,316.000000003167,-5.5000000000023));
#908= IFCCARTESIANPOINT((-5.49999999999737,316.000000003167,-9.52627944163034));
#909= IFCCARTESIANPOINT((3.40769628601019E-12,316.000000003167,-11.));
#910= IFCCARTESIANPOINT((5.50000000000328,316.000000003167,-9.52627944162693));
#911= IFCCARTESIANPOINT((9.52627944163091,316.000000003167,-5.49999999999638));
#912= IFCPOLYLOOP((#888,#889,#890,#891,#892,#893,#894,#895,#896,#897,#898,#899));
#913= IFCFACEOUTERBOUND(#912,.T.);
#914= IFCFACE((#913));
#915= IFCPOLYLOOP((#911,#910,#909,#908,#907,#906,#905,#904,#903,#902,#901,#900));
#916= IFCFACEOUTERBOUND(#915,.T.);
#917= IFCFACE((#916));
#918= IFCPOLYLOOP((#888,#900,#901,#889));
#919= IFCFACEOUTERBOUND(#918,.T.);
#920= IFCFACE((#919));
#921= IFCPOLYLOOP((#889,#901,#902,#890));
#922= IFCFACEOUTERBOUND(#921,.T.);
#923= IFCFACE((#922));
#924= IFCPOLYLOOP((#890,#902,#903,#891));
#925= IFCFACEOUTERBOUND(#924,.T.);
#926= IFCFACE((#925));
#927= IFCPOLYLOOP((#891,#903,#904,#892));
#928= IFCFACEOUTERBOUND(#927,.T.);
#929= IFCFACE((#928));
#930= IFCPOLYLOOP((#892,#904,#905,#893));
#931= IFCFACEOUTERBOUND(#930,.T.);
#932= IFCFACE((#931));
#933= IFCPOLYLOOP((#893,#905,#906,#894));
#934= IFCFACEOUTERBOUND(#933,.T.);
#935= IFCFACE((#934));
#936= IFCPOLYLOOP((#894,#906,#907,#895));
#937= IFCFACEOUTERBOUND(#936,.T.);
#938= IFCFACE((#937));
#939= IFCPOLYLOOP((#895,#907,#908,#896));
#940= IFCFACEOUTERBOUND(#939,.T.);
#941= IFCFACE((#940));
#942= IFCPOLYLOOP((#896,#908,#909,#897));
#943= IFCFACEOUTERBOUND(#942,.T.);
#944= IFCFACE((#943));
#945= IFCPOLYLOOP((#897,#909,#910,#898));
#946= IFCFACEOUTERBOUND(#945,.T.);
#947= IFCFACE((#946));
#948= IFCPOLYLOOP((#898,#910,#911,#899));
#949= IFCFACEOUTERBOUND(#948,.T.);
#950= IFCFACE((#949));
#951= IFCPOLYLOOP((#899,#911,#900,#888));
#952= IFCFACEOUTERBOUND(#951,.T.);
#953= IFCFACE((#952));
#954= IFCCLOSEDSHELL((#696,#699,#702,#705,#708,#711,#714,#717,#720,#723,#726,#729,#732,#735,#766,#769,#772,#775,#778,#781,#784,#787,#790,#793,#796,#799,#802,#805,#808,#811,#842,#845,#848,#851,#854,#857,#860,#863,#866,#869,#872,#875,#878,#881,#884,#887,#914,#917,#920,#923,#926,#929,#932,#935,#938,#941,#944,#947,#950,#953));
#955= IFCFACETEDBREP(#954);
#956= IFCSTYLEDITEM(#955,(#119),$);
#957= IFCCARTESIANPOINT((40.0000000000141,0.,39.9999999997817));
#958= IFCCARTESIANTRANSFORMATIONOPERATOR3D($,$,#957,$,$);
#959= IFCSHAPEREPRESENTATION(#12,'Body','Brep',(#955));
#960= IFCREPRESENTATIONMAP(#10,#959);
#961= IFCMAPPEDITEM(#960,#958);
#962= IFCSHAPEREPRESENTATION(#12,'Body','MappedRepresentation',(#961));
#963= IFCPRODUCTDEFINITIONSHAPE($,$,(#962));
#964= IFCCARTESIANPOINT((56660.0015389022,-3825.3062784454,10335.8065148488));
#965= IFCDIRECTION((0.999999999398649,-3.4680000030221E-05,0.));
#966= IFCDIRECTION((-3.46800000302394E-05,-0.999999999398649,0.));
#967= IFCAXIS2PLACEMENT3D(#964,#965,#966);
#968= IFCLOCALPLACEMENT(#42,#967);
#969= IFCMECHANICALFASTENER('3rVy47FBvESv$ESmaTR5Wp',#153,'Bolt assembly',$,$,#968,#963,'IDf57fc107-3cbe-4e73-9fce-73091d6c5833',20.,1316.);
#970= IFCPROPERTYSINGLEVALUE('Washer diameter',$,IFCLENGTHMEASURE(20.),$);
#971= IFCPROPERTYSINGLEVALUE('Washer type',$,IFCLABEL(''),$);
#972= IFCPROPERTYSINGLEVALUE('Nut type',$,IFCLABEL(''),$);
#973= IFCPROPERTYSINGLEVALUE('Slotted hole x',$,IFCLENGTHMEASURE(38.),$);
#974= IFCPROPERTYSINGLEVALUE('Bolt hole diameter',$,IFCLENGTHMEASURE(22.),$);
#975= IFCPROPERTYSINGLEVALUE('Bolt size',$,IFCLENGTHMEASURE(22.),$);
#976= IFCPROPERTYSINGLEVALUE('Bolt length',$,IFCLENGTHMEASURE(1316.),$);
#977= IFCPROPERTYSINGLEVALUE('Bolt standard',$,IFCLABEL('TS10.9'),$);
#978= IFCPROPERTYSET('2DGeN1BXf0nePkVtjfOE7E',#5,'Tekla Bolt','Bolt Properties',(#135,#970,#971,#138,#139,#972,#141,#142,#973,#974,#145,#146,#975,#976,#977,#150));
#979= IFCMATERIAL('TS10.9');
#980= IFCMAPPEDITEM(#960,#958);
#981= IFCSHAPEREPRESENTATION(#12,'Body','MappedRepresentation',(#980));
#982= IFCPRODUCTDEFINITIONSHAPE($,$,(#981));
#983= IFCCARTESIANPOINT((56540.0015389749,-3825.30211684586,10335.8065148488));
#984= IFCAXIS2PLACEMENT3D(#983,#965,#966);
#985= IFCLOCALPLACEMENT(#42,#984);
#986= IFCMECHANICALFASTENER('22VSTpJqj4d8c8d0sxxJ9G',#153,'Bolt assembly',$,$,#985,#982,'ID827dc773-4f4b-449c-8988-9c0dbbed3250',20.,1316.);
#987= IFCCOLOURRGB('Light Red',0.905882352941176,0.325490196078431,0.36078431372549);
#988= IFCSURFACESTYLERENDERING(#987,0.,$,$,$,$,IFCNORMALISEDRATIOMEASURE(0.00390625),IFCSPECULAREXPONENT(10.),.NOTDEFINED.);
#989= IFCSURFACESTYLE('STEEL/S275',.POSITIVE.,(#988));
#990= IFCPRESENTATIONSTYLEASSIGNMENT((#989));
#991= IFCCARTESIANPOINT((-1.81898940354586E-12,-5.99999999997817,4.54747350886464E-13));
#992= IFCCARTESIANPOINT((-2.3283064365387E-10,-6.00000000065484,249.999084472307));
#993= IFCCARTESIANPOINT((-2.27373675443232E-10,5.99999999930878,249.999084472306));
#994= IFCCARTESIANPOINT((1.81898940354586E-12,5.99999999998545,0.));
#995= IFCPOLYLOOP((#991,#992,#993,#994));
#996= IFCFACEOUTERBOUND(#995,.T.);
#997= IFCFACE((#996));
#998= IFCCARTESIANPOINT((3.90181112628852,-6.00000000065484,250.383379796388));
#999= IFCCARTESIANPOINT((3.90181112629216,5.99999999930878,250.383379796387));
#1000= IFCPOLYLOOP((#992,#998,#999,#993));
#1001= IFCFACEOUTERBOUND(#1000,.T.);
#1002= IFCFACE((#1001));
#1003= IFCCARTESIANPOINT((7.65367747567325,-6.00000000065484,251.521497479014));
#1004= IFCCARTESIANPOINT((7.65367747567689,5.99999999930878,251.521497479014));
#1005= IFCPOLYLOOP((#998,#1003,#1004,#999));
#1006= IFCFACEOUTERBOUND(#1005,.T.);
#1007= IFCFACE((#1006));
#1008= IFCCARTESIANPOINT((11.1114165784566,-6.00000000066211,253.36970018982));
#1009= IFCCARTESIANPOINT((11.1114165784602,5.99999999929423,253.36970018982));
#1010= IFCPOLYLOOP((#1003,#1008,#1009,#1004));
#1011= IFCFACEOUTERBOUND(#1010,.T.);
#1012= IFCFACE((#1011));
#1013= IFCCARTESIANPOINT((14.1421491377314,-6.00000000066939,255.856962362832));
#1014= IFCCARTESIANPOINT((14.1421491377369,5.99999999929423,255.856962362832));
#1015= IFCPOLYLOOP((#1008,#1013,#1014,#1009));
#1016= IFCFACEOUTERBOUND(#1015,.T.);
#1017= IFCFACE((#1016));
#1018= IFCCARTESIANPOINT((16.6294055183916,-6.00000000067666,258.887699675768));
#1019= IFCCARTESIANPOINT((16.6294055183971,5.99999999928696,258.887699675767));
#1020= IFCPOLYLOOP((#1013,#1018,#1019,#1014));
#1021= IFCFACEOUTERBOUND(#1020,.T.);
#1022= IFCFACE((#1021));
#1023= IFCCARTESIANPOINT((18.4776016207488,-6.00000000069122,262.345442310838));
#1024= IFCCARTESIANPOINT((18.4776016207543,5.9999999992724,262.345442310838));
#1025= IFCPOLYLOOP((#1018,#1023,#1024,#1019));
#1026= IFCFACEOUTERBOUND(#1025,.T.);
#1027= IFCFACE((#1026));
#1028= IFCCARTESIANPOINT((19.6157121327906,-6.00000000070577,266.097310835391));
#1029= IFCCARTESIANPOINT((19.615712132796,5.99999999925785,266.09731083539));
#1030= IFCPOLYLOOP((#1023,#1028,#1029,#1024));
#1031= IFCFACEOUTERBOUND(#1030,.T.);
#1032= IFCFACE((#1031));
#1033= IFCCARTESIANPOINT((19.9999999997108,-6.00000000071304,269.99912269637));
#1034= IFCCARTESIANPOINT((19.9999999997162,5.99999999925058,269.99912269637));
#1035= IFCPOLYLOOP((#1028,#1033,#1034,#1029));
#1036= IFCFACEOUTERBOUND(#1035,.T.);
#1037= IFCFACE((#1036));
#1038= IFCCARTESIANPOINT((494.999999999583,-6.00000000070577,270.00003051798));
#1039= IFCCARTESIANPOINT((494.999999999589,5.99999999925785,270.000030517979));
#1040= IFCPOLYLOOP((#1033,#1038,#1039,#1034));
#1041= IFCFACEOUTERBOUND(#1040,.T.);
#1042= IFCFACE((#1041));
#1043= IFCCARTESIANPOINT((494.999999999665,-6.00000000056025,216.000000000408));
#1044= IFCCARTESIANPOINT((494.999999999671,5.9999999993961,216.000000000407));
#1045= IFCPOLYLOOP((#1038,#1043,#1044,#1039));
#1046= IFCFACEOUTERBOUND(#1045,.T.);
#1047= IFCFACE((#1046));
#1048= IFCCARTESIANPOINT((64.9999999999945,-5.99999999997817,5.91171556152403E-11));
#1049= IFCCARTESIANPOINT((64.9999999999982,5.99999999998545,5.86624082643539E-11));
#1050= IFCPOLYLOOP((#1043,#1048,#1049,#1044));
#1051= IFCFACEOUTERBOUND(#1050,.T.);
#1052= IFCFACE((#1051));
#1053= IFCPOLYLOOP((#1048,#991,#994,#1049));
#1054= IFCFACEOUTERBOUND(#1053,.T.);
#1055= IFCFACE((#1054));
#1056= IFCPOLYLOOP((#999,#1004,#1009,#1014,#1019,#1024,#1029,#1034,#1039,#1044,#1049,#994,#993));
#1057= IFCFACEOUTERBOUND(#1056,.T.);
#1058= IFCFACE((#1057));
#1059= IFCPOLYLOOP((#1048,#1043,#1038,#1033,#1028,#1023,#1018,#1013,#1008,#1003,#998,#992,#991));
#1060= IFCFACEOUTERBOUND(#1059,.T.);
#1061= IFCFACE((#1060));
#1062= IFCCLOSEDSHELL((#997,#1002,#1007,#1012,#1017,#1022,#1027,#1032,#1037,#1042,#1047,#1052,#1055,#1058,#1061));
#1063= IFCFACETEDBREP(#1062);
#1064= IFCSTYLEDITEM(#1063,(#990),$);
#1065= IFCSHAPEREPRESENTATION(#12,'Body','Brep',(#1063));
#1066= IFCPRODUCTDEFINITIONSHAPE($,$,(#1065));
#1067= IFCCARTESIANPOINT((56810.0067731297,-4015.31220829406,10031.8068199114));
#1068= IFCDIRECTION((-1.64240000012796E-05,0.999999999863308,-1.90699999984645E-06));
#1069= IFCDIRECTION((0.,-1.90699999961122E-06,-0.999999999998182));
#1070= IFCAXIS2PLACEMENT3D(#1067,#1068,#1069);
#1071= IFCLOCALPLACEMENT(#42,#1070);
#1072= IFCPLATE('2slu2rjsP9qPTrYkf$ynej',#153,'PLATE-12','PL12*270',$,#1071,#1066,'IDb6bf80b5-b766-49d1-9775-8aea7ff31a2d');
#1073= IFCPLATETYPE('2HFW8zfLnBkxjx5aeb4jTY',#5,'PL12*270',$,$,$,$,$,$,.NOTDEFINED.);
#1074= IFCPROPERTYSINGLEVALUE('Bottom elevation',$,IFCLABEL(' +9.537'),$);
#1075= IFCPROPERTYSINGLEVALUE('Top elevation',$,IFCLABEL(' +10.032'),$);
#1076= IFCPROPERTYSINGLEVALUE('Initial GUID',$,$,$);
#1077= IFCPROPERTYSINGLEVALUE('Preliminary mark',$,IFCLABEL('5-1-P23(?)'),$);
#1078= IFCPROPERTYSINGLEVALUE('Phase',$,IFCINTEGER(1),$);
#1079= IFCPROPERTYSINGLEVALUE('Class',$,IFCLABEL('16'),$);
#1080= IFCPROPERTYSET('1Lw79LDd98cAIaM2_06FyZ',#5,'Tekla Common','Common Properties to Shared building elements',(#1074,#1075,#1076,#1077,#1078,#1079));
#1081= IFCPROPERTYSINGLEVALUE('Weight',$,IFCMASSMEASURE(8.19),$);
#1082= IFCPROPERTYSINGLEVALUE('Volume',$,IFCVOLUMEMEASURE(0.001),$);
#1083= IFCPROPERTYSINGLEVALUE('Gross footprint area',$,IFCAREAMEASURE(0.003),$);
#1084= IFCPROPERTYSINGLEVALUE('Area per tons',$,IFCAREAMEASURE(23.22),$);
#1085= IFCPROPERTYSINGLEVALUE('Net surface area',$,IFCAREAMEASURE(0.19),$);
#1086= IFCPROPERTYSINGLEVALUE('Height',$,IFCLENGTHMEASURE(270.),$);
#1087= IFCPROPERTYSINGLEVALUE('Width',$,IFCLENGTHMEASURE(12.),$);
#1088= IFCPROPERTYSINGLEVALUE('Length',$,IFCLENGTHMEASURE(495.),$);
#1089= IFCPROPERTYSET('3mr5vZ1D13DvYk5a2q08U$',#5,'Tekla Quantity','Quantity Properties to Shared building elements',(#1081,#1082,#1083,#1084,#1085,#1086,#1087,#1088));
#1090= IFCPROPERTYSINGLEVALUE('LoadBearing',$,IFCBOOLEAN(.F.),$);
#1091= IFCPROPERTYSINGLEVALUE('Reference',$,IFCIDENTIFIER('5-1-P23'),$);
#1092= IFCPROPERTYSET('1w2SvNQ6rF8hcy$qwy0MAm',#5,'Pset_PlateCommon','Common Properties to plate elements',(#1090,#1091));
#1093= IFCQUANTITYLENGTH('Width',$,$,270.000030517951);
#1094= IFCQUANTITYAREA('NetArea',$,$,0.190074079715074);
#1095= IFCQUANTITYAREA('GrossArea',$,$,0.133650015106353);
#1096= IFCQUANTITYAREA('CrossSectionArea',$,$,0.000144);
#1097= IFCQUANTITYVOLUME('NetVolume',$,$,0.00104277163283837);
#1098= IFCQUANTITYVOLUME('GrossVolume',$,$,0.00104277163283837);
#1099= IFCELEMENTQUANTITY('3jXP2XX0LBehxFw18mTFkQ',#5,'BaseQuantities',$,$,(#1093,#1094,#1095,#1096,#1097,#1098));
#1100= IFCMATERIAL('STEEL/S275');
#1101= IFCSHAPEREPRESENTATION(#12,'Body','Brep',(#1063));
#1102= IFCPRODUCTDEFINITIONSHAPE($,$,(#1101));
#1103= IFCCARTESIANPOINT((56520.0067731297,-4015.31220829406,10031.8068199114));
#1104= IFCAXIS2PLACEMENT3D(#1103,#1068,#1069);
#1105= IFCLOCALPLACEMENT(#42,#1104);
#1106= IFCPLATE('1BfAYRPXz5$hzOYwP6wGN1',#153,'PLATE-12','PL12*270',$,#1105,#1102,'ID4ba4a89b-661f-45fe-bf58-8ba646e905c1');
#1107= IFCCARTESIANPOINT((-5.45696821063757E-12,-6.00000000056752,215.99999999996));
#1108= IFCCARTESIANPOINT((-7.27595761418343E-12,-6.00000000072032,269.999084470096));
#1109= IFCCARTESIANPOINT((-1.81898940354586E-12,5.9999999992433,269.999084470096));
#1110= IFCCARTESIANPOINT((-1.81898940354586E-12,5.9999999993961,215.99999999996));
#1111= IFCPOLYLOOP((#1107,#1108,#1109,#1110));
#1112= IFCFACEOUTERBOUND(#1111,.T.);
#1113= IFCFACE((#1112));
#1114= IFCCARTESIANPOINT((474.999999999865,-6.00000000070577,269.999992291056));
#1115= IFCCARTESIANPOINT((474.999999999871,5.99999999925785,269.999992291055));
#1116= IFCPOLYLOOP((#1108,#1114,#1115,#1109));
#1117= IFCFACEOUTERBOUND(#1116,.T.);
#1118= IFCFACE((#1117));
#1119= IFCCARTESIANPOINT((475.384300916792,-6.00000000069849,266.0981912714));
#1120= IFCCARTESIANPOINT((475.384300916798,5.99999999926513,266.0981912714));
#1121= IFCPOLYLOOP((#1114,#1119,#1120,#1115));
#1122= IFCFACEOUTERBOUND(#1121,.T.);
#1123= IFCFACE((#1122));
#1124= IFCCARTESIANPOINT((476.522420320407,-6.00000000069122,262.346335381997));
#1125= IFCCARTESIANPOINT((476.522420320412,5.9999999992724,262.346335381996));
#1126= IFCPOLYLOOP((#1119,#1124,#1125,#1120));
#1127= IFCFACEOUTERBOUND(#1126,.T.);
#1128= IFCFACE((#1127));
#1129= IFCCARTESIANPOINT((478.370621026383,-6.00000000068394,258.888605990883));
#1130= IFCCARTESIANPOINT((478.370621026388,5.99999999927968,258.888605990882));
#1131= IFCPOLYLOOP((#1124,#1129,#1130,#1125));
#1132= IFCFACEOUTERBOUND(#1131,.T.);
#1133= IFCFACE((#1132));
#1134= IFCCARTESIANPOINT((480.857877890354,-6.00000000067666,255.857881377134));
#1135= IFCCARTESIANPOINT((480.857877890357,5.99999999928696,255.857881377133));
#1136= IFCPOLYLOOP((#1129,#1134,#1135,#1130));
#1137= IFCFACEOUTERBOUND(#1136,.T.);
#1138= IFCFACE((#1137));
#1139= IFCCARTESIANPOINT((483.88860725775,-6.00000000066939,253.370630305499));
#1140= IFCCARTESIANPOINT((483.888607257753,5.99999999929423,253.370630305499));
#1141= IFCPOLYLOOP((#1134,#1139,#1140,#1135));
#1142= IFCFACEOUTERBOUND(#1141,.T.);
#1143= IFCFACE((#1142));
#1144= IFCCARTESIANPOINT((487.34634018114,-6.00000000066211,251.522436207948));
#1145= IFCCARTESIANPOINT((487.346340181146,5.99999999930151,251.522436207948));
#1146= IFCPOLYLOOP((#1139,#1144,#1145,#1140));
#1147= IFCFACEOUTERBOUND(#1146,.T.);
#1148= IFCFACE((#1147));
#1149= IFCCARTESIANPOINT((491.098198245716,-6.00000000066211,250.384323974892));
#1150= IFCCARTESIANPOINT((491.098198245722,5.99999999930151,250.384323974892));
#1151= IFCPOLYLOOP((#1144,#1149,#1150,#1145));
#1152= IFCFACEOUTERBOUND(#1151,.T.);
#1153= IFCFACE((#1152));
#1154= IFCCARTESIANPOINT((494.999999999842,-6.00000000065484,250.0000305151));
#1155= IFCCARTESIANPOINT((494.999999999847,5.99999999930878,250.000030515099));
#1156= IFCPOLYLOOP((#1149,#1154,#1155,#1150));
#1157= IFCFACEOUTERBOUND(#1156,.T.);
#1158= IFCFACE((#1157));
#1159= IFCCARTESIANPOINT((494.999999999995,-5.99999999997817,-2.27373675443232E-10));
#1160= IFCCARTESIANPOINT((495.,5.99999999998545,-2.27828422794119E-10));
#1161= IFCPOLYLOOP((#1154,#1159,#1160,#1155));
#1162= IFCFACEOUTERBOUND(#1161,.T.);
#1163= IFCFACE((#1162));
#1164= IFCCARTESIANPOINT((429.999999999995,-5.99999999998545,-1.97360350284725E-10));
#1165= IFCCARTESIANPOINT((430.,5.99999999997817,-1.97815097635612E-10));
#1166= IFCPOLYLOOP((#1159,#1164,#1165,#1160));
#1167= IFCFACEOUTERBOUND(#1166,.T.);
#1168= IFCFACE((#1167));
#1169= IFCPOLYLOOP((#1164,#1107,#1110,#1165));
#1170= IFCFACEOUTERBOUND(#1169,.T.);
#1171= IFCFACE((#1170));
#1172= IFCPOLYLOOP((#1115,#1120,#1125,#1130,#1135,#1140,#1145,#1150,#1155,#1160,#1165,#1110,#1109));
#1173= IFCFACEOUTERBOUND(#1172,.T.);
#1174= IFCFACE((#1173));
#1175= IFCPOLYLOOP((#1164,#1159,#1154,#1149,#1144,#1139,#1134,#1129,#1124,#1119,#1114,#1108,#1107));
#1176= IFCFACEOUTERBOUND(#1175,.T.);
#1177= IFCFACE((#1176));
#1178= IFCCLOSEDSHELL((#1113,#1118,#1123,#1128,#1133,#1138,#1143,#1148,#1153,#1158,#1163,#1168,#1171,#1174,#1177));
#1179= IFCFACETEDBREP(#1178);
#1180= IFCSTYLEDITEM(#1179,(#990),$);
#1181= IFCSHAPEREPRESENTATION(#12,'Body','Brep',(#1179));
#1182= IFCPRODUCTDEFINITIONSHAPE($,$,(#1181));
#1183= IFCCARTESIANPOINT((56810.0067731297,-4015.31220829406,10818.8068199114));
#1184= IFCAXIS2PLACEMENT3D(#1183,#1068,#1069);
#1185= IFCLOCALPLACEMENT(#42,#1184);
#1186= IFCPLATE('2glFGy4DbED9GVcZslmau6',#153,'PLATE-12','PL12*270',$,#1185,#1182,'IDaabcf43c-10d9-4e34-941f-9a3dafc24e06');
#1187= IFCPROPERTYSINGLEVALUE('Bottom elevation',$,IFCLABEL(' +10.324'),$);
#1188= IFCPROPERTYSINGLEVALUE('Top elevation',$,IFCLABEL(' +10.819'),$);
#1189= IFCPROPERTYSINGLEVALUE('Preliminary mark',$,IFCLABEL('5-1-P21(?)'),$);
#1190= IFCPROPERTYSET('1ka3Z7k9X1zgSszzj0vR3E',#5,'Tekla Common','Common Properties to Shared building elements',(#1187,#1188,#1076,#1189,#1078,#1079));
#1191= IFCPROPERTYSINGLEVALUE('Gross footprint area',$,IFCAREAMEASURE(0.001),$);
#1192= IFCPROPERTYSET('37Ubs1kirF8xp_lGsijREQ',#5,'Tekla Quantity','Quantity Properties to Shared building elements',(#1081,#1082,#1191,#1084,#1085,#1086,#1087,#1088));
#1193= IFCPROPERTYSINGLEVALUE('Reference',$,IFCIDENTIFIER('5-1-P21'),$);
#1194= IFCPROPERTYSET('0n8tPo_jn78vXBSutoqGER',#5,'Pset_PlateCommon','Common Properties to plate elements',(#1090,#1193));
#1195= IFCQUANTITYLENGTH('Width',$,$,269.999992291336);
#1196= IFCQUANTITYAREA('NetArea',$,$,0.19007408029946);
#1197= IFCQUANTITYAREA('GrossArea',$,$,0.133649996184176);
#1198= IFCQUANTITYVOLUME('NetVolume',$,$,0.00104277164182277);
#1199= IFCQUANTITYVOLUME('GrossVolume',$,$,0.00104277164182277);
#1200= IFCELEMENTQUANTITY('0zU1wQ$FzFlAJQG0QXq3AH',#5,'BaseQuantities',$,$,(#1195,#1196,#1197,#1096,#1198,#1199));
#1201= IFCSHAPEREPRESENTATION(#12,'Body','Brep',(#1179));
#1202= IFCPRODUCTDEFINITIONSHAPE($,$,(#1201));
#1203= IFCCARTESIANPOINT((56520.0067731297,-4015.31220829406,10818.8068199114));
#1204= IFCAXIS2PLACEMENT3D(#1203,#1068,#1069);
#1205= IFCLOCALPLACEMENT(#42,#1204);
#1206= IFCPLATE('2CWF78zZj8Ww9aqm8wL8CN',#153,'PLATE-12','PL12*270',$,#1205,#1202,'ID8c80f1c8-f63b-4883-a264-d3023a548317');
#1207= IFCCOLOURRGB('Light Green',0.356862745098039,0.592156862745098,0.137254901960784);
#1208= IFCSURFACESTYLERENDERING(#1207,0.,$,$,$,$,IFCNORMALISEDRATIOMEASURE(0.00390625),IFCSPECULAREXPONENT(10.),.NOTDEFINED.);
#1209= IFCSURFACESTYLE('STEEL/S275',.POSITIVE.,(#1208));
#1210= IFCPRESENTATIONSTYLEASSIGNMENT((#1209));
#1211= IFCCARTESIANPOINT((0.000595260464706371,-3.99999999998909,19.9999999911888));
#1212= IFCCARTESIANPOINT((0.00767899714719533,-3.99999999982356,258.004608166637));
#1213= IFCCARTESIANPOINT((0.00767899714810483,4.0000000001819,258.004608166608));
#1214= IFCCARTESIANPOINT((0.000595260465161118,4.00000000001637,19.999999991167));
#1215= IFCPOLYLOOP((#1211,#1212,#1213,#1214));
#1216= IFCFACEOUTERBOUND(#1215,.T.);
#1217= IFCFACE((#1216));
#1218= IFCCARTESIANPOINT((3.90941926165351,-3.99999999982356,258.38877099345));
#1219= IFCCARTESIANPOINT((3.90941926165442,4.0000000001819,258.388770993421));
#1220= IFCPOLYLOOP((#1212,#1218,#1219,#1213));
#1221= IFCFACEOUTERBOUND(#1220,.T.);
#1222= IFCFACE((#1221));
#1223= IFCCARTESIANPOINT((7.6612467339146,-3.99999999982356,259.526729159435));
#1224= IFCCARTESIANPOINT((7.6612467339146,4.0000000001819,259.526729159406));
#1225= IFCPOLYLOOP((#1218,#1223,#1224,#1219));
#1226= IFCFACEOUTERBOUND(#1225,.T.);
#1227= IFCFACE((#1226));
#1228= IFCCARTESIANPOINT((11.1189865801816,-3.99999999982356,261.374753327211));
#1229= IFCCARTESIANPOINT((11.1189865801821,4.0000000001819,261.374753327182));
#1230= IFCPOLYLOOP((#1223,#1228,#1229,#1224));
#1231= IFCFACEOUTERBOUND(#1230,.T.);
#1232= IFCFACE((#1231));
#1233= IFCCARTESIANPOINT((14.1497651352433,-3.99999999982356,263.861827817324));
#1234= IFCCARTESIANPOINT((14.1497651352438,4.0000000001819,263.861827817294));
#1235= IFCPOLYLOOP((#1228,#1233,#1234,#1229));
#1236= IFCFACEOUTERBOUND(#1235,.T.);
#1237= IFCFACE((#1236));
#1238= IFCCARTESIANPOINT((16.6371159577347,-3.99999999982356,266.892379591351));
#1239= IFCCARTESIANPOINT((16.6371159577352,4.0000000001819,266.892379591322));
#1240= IFCPOLYLOOP((#1233,#1238,#1239,#1234));
#1241= IFCFACEOUTERBOUND(#1240,.T.);
#1242= IFCFACE((#1241));
#1243= IFCCARTESIANPOINT((18.4854553903701,-3.99999999982174,270.349950922631));
#1244= IFCCARTESIANPOINT((18.4854553903706,4.00000000018372,270.349950922609));
#1245= IFCPOLYLOOP((#1238,#1243,#1244,#1239));
#1246= IFCFACEOUTERBOUND(#1245,.T.);
#1247= IFCFACE((#1246));
#1248= IFCCARTESIANPOINT((19.6237556387255,-3.99999999981992,274.101674621656));
#1249= IFCCARTESIANPOINT((19.6237556387259,4.00000000018554,274.101674621626));
#1250= IFCPOLYLOOP((#1243,#1248,#1249,#1244));
#1251= IFCFACEOUTERBOUND(#1250,.T.);
#1252= IFCFACE((#1251));
#1253= IFCCARTESIANPOINT((20.0082742198979,-3.99999999981628,278.003379842441));
#1254= IFCCARTESIANPOINT((20.0082742198979,4.00000000018917,278.003379842412));
#1255= IFCPOLYLOOP((#1248,#1253,#1254,#1249));
#1256= IFCFACEOUTERBOUND(#1255,.T.);
#1257= IFCFACE((#1256));
#1258= IFCCARTESIANPOINT((80.0093917840741,-3.99999999983993,277.999694827704));
#1259= IFCCARTESIANPOINT((80.0093917840745,4.00000000016553,277.999694827675));
#1260= IFCPOLYLOOP((#1253,#1258,#1259,#1254));
#1261= IFCFACEOUTERBOUND(#1260,.T.);
#1262= IFCFACE((#1261));
#1263= IFCCARTESIANPOINT((80.000091552643,-4.00000000003638,-7.27595761418343E-12));
#1264= IFCCARTESIANPOINT((80.0000915526434,3.9999999999709,-2.91038304567337E-11));
#1265= IFCPOLYLOOP((#1258,#1263,#1264,#1259));
#1266= IFCFACEOUTERBOUND(#1265,.T.);
#1267= IFCFACE((#1266));
#1268= IFCCARTESIANPOINT((20.0000000000045,-4.00000000001091,1.45519152283669E-11));
#1269= IFCCARTESIANPOINT((20.000000000005,3.99999999999454,-1.45519152283669E-11));
#1270= IFCPOLYLOOP((#1263,#1268,#1269,#1264));
#1271= IFCFACEOUTERBOUND(#1270,.T.);
#1272= IFCFACE((#1271));
#1273= IFCCARTESIANPOINT((19.6157201241235,-4.00000000000909,3.90173346248048));
#1274= IFCCARTESIANPOINT((19.615720124124,3.99999999999818,3.90173346245138));
#1275= IFCPOLYLOOP((#1268,#1273,#1274,#1269));
#1276= IFCFACEOUTERBOUND(#1275,.T.);
#1277= IFCFACE((#1276));
#1278= IFCCARTESIANPOINT((18.4776475987906,-4.00000000000546,7.65353115987818));
#1279= IFCCARTESIANPOINT((18.4776475987915,4.,7.65353115984908));
#1280= IFCPOLYLOOP((#1273,#1278,#1279,#1274));
#1281= IFCFACEOUTERBOUND(#1280,.T.);
#1282= IFCFACE((#1281));
#1283= IFCCARTESIANPOINT((16.6295162608831,-4.00000000000182,11.1112190568601));
#1284= IFCCARTESIANPOINT((16.629516260884,4.00000000000364,11.111219056831));
#1285= IFCPOLYLOOP((#1278,#1283,#1284,#1279));
#1286= IFCFACEOUTERBOUND(#1285,.T.);
#1287= IFCFACE((#1286));
#1288= IFCCARTESIANPOINT((14.1423460785149,-4.,14.1419251658444));
#1289= IFCCARTESIANPOINT((14.1423460785154,4.00000000000728,14.1419251658153));
#1290= IFCPOLYLOOP((#1283,#1288,#1289,#1284));
#1291= IFCFACEOUTERBOUND(#1290,.T.);
#1292= IFCFACE((#1291));
#1293= IFCCARTESIANPOINT((11.1117139965813,-3.99999999999636,16.6291855500967));
#1294= IFCCARTESIANPOINT((11.1117139965818,4.00000000000909,16.6291855500676));
#1295= IFCPOLYLOOP((#1288,#1293,#1294,#1289));
#1296= IFCFACEOUTERBOUND(#1295,.T.);
#1297= IFCFACE((#1296));
#1298= IFCCARTESIANPOINT((7.65408110711087,-3.99999999999272,18.4774197984298));
#1299= IFCCARTESIANPOINT((7.65408110711132,4.00000000001273,18.4774197984079));
#1300= IFCPOLYLOOP((#1293,#1298,#1299,#1294));
#1301= IFCFACEOUTERBOUND(#1300,.T.);
#1302= IFCFACE((#1301));
#1303= IFCCARTESIANPOINT((3.90231728386107,-3.99999999999091,19.6156039881025));
#1304= IFCCARTESIANPOINT((3.90231728386152,4.00000000001455,19.6156039880734));
#1305= IFCPOLYLOOP((#1298,#1303,#1304,#1299));
#1306= IFCFACEOUTERBOUND(#1305,.T.);
#1307= IFCFACE((#1306));
#1308= IFCPOLYLOOP((#1303,#1211,#1214,#1304));
#1309= IFCFACEOUTERBOUND(#1308,.T.);
#1310= IFCFACE((#1309));
#1311= IFCPOLYLOOP((#1219,#1224,#1229,#1234,#1239,#1244,#1249,#1254,#1259,#1264,#1269,#1274,#1279,#1284,#1289,#1294,#1299,#1304,#1214,#1213));
#1312= IFCFACEOUTERBOUND(#1311,.T.);
#1313= IFCFACE((#1312));
#1314= IFCPOLYLOOP((#1303,#1298,#1293,#1288,#1283,#1278,#1273,#1268,#1263,#1258,#1253,#1248,#1243,#1238,#1233,#1228,#1223,#1218,#1212,#1211));
#1315= IFCFACEOUTERBOUND(#1314,.T.);
#1316= IFCFACE((#1315));
#1317= IFCCLOSEDSHELL((#1217,#1222,#1227,#1232,#1237,#1242,#1247,#1252,#1257,#1262,#1267,#1272,#1277,#1282,#1287,#1292,#1297,#1302,#1307,#1310,#1313,#1316));
#1318= IFCFACETEDBREP(#1317);
#1319= IFCSTYLEDITEM(#1318,(#1210),$);
#1320= IFCSHAPEREPRESENTATION(#12,'Body','Brep',(#1318));
#1321= IFCPRODUCTDEFINITIONSHAPE($,$,(#1320));
#1322= IFCCARTESIANPOINT((56525.9977084016,-3745.31423346614,9646.80572004451));
#1323= IFCDIRECTION((0.999999999437959,3.34050284559452E-05,2.86100000266742E-06));
#1324= IFCDIRECTION((3.34050000274381E-05,-0.999999999392691,9.93600000985604E-06));
#1325= IFCAXIS2PLACEMENT3D(#1322,#1323,#1324);
#1326= IFCLOCALPLACEMENT(#42,#1325);
#1327= IFCPLATE('1NjxXa6wj3zABHmSTRekfD',#153,'PLATE-8','PL8*80',$,#1326,#1321,'ID57b7b864-1bab-43f4-a2d1-c1c75ba2ea4d');
#1328= IFCPLATETYPE('0JhlV2$KnCt9QIIpBE1UlT',#5,'PL8*80',$,$,$,$,$,$,.NOTDEFINED.);
#1329= IFCPROPERTYSINGLEVALUE('Bottom elevation',$,IFCLABEL(' +9.643'),$);
#1330= IFCPROPERTYSINGLEVALUE('Top elevation',$,IFCLABEL(' +9.651'),$);
#1331= IFCPROPERTYSINGLEVALUE('Preliminary mark',$,IFCLABEL('5-1-P65(?)'),$);
#1332= IFCPROPERTYSINGLEVALUE('Class',$,IFCLABEL('17'),$);
#1333= IFCPROPERTYSET('3pS0hUEoXD6hrwgNueSAT8',#5,'Tekla Common','Common Properties to Shared building elements',(#1329,#1330,#1076,#1331,#1078,#1332));
#1334= IFCPROPERTYSINGLEVALUE('Weight',$,IFCMASSMEASURE(1.36),$);
#1335= IFCPROPERTYSINGLEVALUE('Volume',$,IFCVOLUMEMEASURE(0.),$);
#1336= IFCPROPERTYSINGLEVALUE('Gross footprint area',$,IFCAREAMEASURE(0.022),$);
#1337= IFCPROPERTYSINGLEVALUE('Area per tons',$,IFCAREAMEASURE(35.965),$);
#1338= IFCPROPERTYSINGLEVALUE('Net surface area',$,IFCAREAMEASURE(0.049),$);
#1339= IFCPROPERTYSINGLEVALUE('Height',$,IFCLENGTHMEASURE(80.),$);
#1340= IFCPROPERTYSINGLEVALUE('Width',$,IFCLENGTHMEASURE(8.),$);
#1341= IFCPROPERTYSINGLEVALUE('Length',$,IFCLENGTHMEASURE(278.),$);
#1342= IFCPROPERTYSET('0154dGMvf8G9O9DkpJf6VK',#5,'Tekla Quantity','Quantity Properties to Shared building elements',(#1334,#1335,#1336,#1337,#1338,#1339,#1340,#1341));
#1343= IFCPROPERTYSINGLEVALUE('Reference',$,IFCIDENTIFIER('5-1-P65'),$);
#1344= IFCPROPERTYSET('2ZWhamXV56EuL4j4u$DYbO',#5,'Pset_PlateCommon','Common Properties to plate elements',(#1090,#1343));
#1345= IFCQUANTITYLENGTH('Width',$,$,80.0011176382428);
#1346= IFCQUANTITYAREA('NetArea',$,$,0.0488220085211229);
#1347= IFCQUANTITYAREA('GrossArea',$,$,0.0222405811045357);
#1348= IFCQUANTITYAREA('CrossSectionArea',$,$,6.4E-05);
#1349= IFCQUANTITYVOLUME('NetVolume',$,$,0.000172928505767587);
#1350= IFCQUANTITYVOLUME('GrossVolume',$,$,0.000172928505767587);
#1351= IFCELEMENTQUANTITY('2Nr2BKdWv86RbCYnFcoZmw',#5,'BaseQuantities',$,$,(#1345,#1346,#1347,#1348,#1349,#1350));
#1352= IFCCARTESIANPOINT((9.09494701772928E-13,-4.,0.));
#1353= IFCCARTESIANPOINT((5.9495361711015E-05,-4.00000000001637,20.00013732972));
#1354= IFCCARTESIANPOINT((5.94953603467729E-05,3.99999999997635,20.0001373297127));
#1355= IFCCARTESIANPOINT((-1.36424205265939E-12,3.99999999999454,-7.27595761418343E-12));
#1356= IFCPOLYLOOP((#1352,#1353,#1354,#1355));
#1357= IFCFACEOUTERBOUND(#1356,.T.);
#1358= IFCFACE((#1357));
#1359= IFCCARTESIANPOINT((60.0003837428649,-4.00000000012915,129.000137329022));
#1360= IFCCARTESIANPOINT((60.0003837428631,3.99999999986539,129.000137329007));
#1361= IFCPOLYLOOP((#1353,#1359,#1360,#1354));
#1362= IFCFACEOUTERBOUND(#1361,.T.);
#1363= IFCFACE((#1362));
#1364= IFCCARTESIANPOINT((80.0001754758928,-4.00000000013461,129.000137328949));
#1365= IFCCARTESIANPOINT((80.0001754758914,3.99999999985994,129.000137328934));
#1366= IFCPOLYLOOP((#1359,#1364,#1365,#1360));
#1367= IFCFACEOUTERBOUND(#1366,.T.);
#1368= IFCFACE((#1367));
#1369= IFCCARTESIANPOINT((80.0000787783201,-4.00000000003274,19.9999999998399));
#1370= IFCCARTESIANPOINT((80.0000787783188,3.99999999995998,19.9999999998254));
#1371= IFCPOLYLOOP((#1364,#1369,#1370,#1365));
#1372= IFCFACEOUTERBOUND(#1371,.T.);
#1373= IFCFACE((#1372));
#1374= IFCCARTESIANPOINT((76.0982698218622,-4.00000000003456,19.6157086366584));
#1375= IFCCARTESIANPOINT((76.0982698218604,3.99999999995998,19.6157086366438));
#1376= IFCPOLYLOOP((#1369,#1374,#1375,#1370));
#1377= IFCFACEOUTERBOUND(#1376,.T.);
#1378= IFCFACE((#1377));
#1379= IFCCARTESIANPOINT((72.3464046824238,-4.00000000003092,18.4775957424499));
#1380= IFCCARTESIANPOINT((72.3464046824215,3.99999999996362,18.4775957424426));
#1381= IFCPOLYLOOP((#1374,#1379,#1380,#1375));
#1382= IFCFACEOUTERBOUND(#1381,.T.);
#1383= IFCFACE((#1382));
#1384= IFCCARTESIANPOINT((68.8886655955757,-4.0000000000291,16.6293984067306));
#1385= IFCCARTESIANPOINT((68.8886655955735,3.99999999996544,16.6293984067233));
#1386= IFCPOLYLOOP((#1379,#1384,#1385,#1380));
#1387= IFCFACEOUTERBOUND(#1386,.T.);
#1388= IFCFACE((#1387));
#1389= IFCCARTESIANPOINT((65.8579316849132,-4.00000000002728,14.1421418965838));
#1390= IFCCARTESIANPOINT((65.8579316849118,3.99999999996726,14.1421418965692));
#1391= IFCPOLYLOOP((#1384,#1389,#1390,#1385));
#1392= IFCFACEOUTERBOUND(#1391,.T.);
#1393= IFCFACE((#1392));
#1394= IFCCARTESIANPOINT((63.3706724861017,-4.00000000002183,11.1114101924395));
#1395= IFCCARTESIANPOINT((63.3706724860999,3.9999999999709,11.1114101924322));
#1396= IFCPOLYLOOP((#1389,#1394,#1395,#1390));
#1397= IFCFACEOUTERBOUND(#1396,.T.);
#1398= IFCFACE((#1397));
#1399= IFCCARTESIANPOINT((61.5224720828974,-4.00000000002001,7.65367274519667));
#1400= IFCCARTESIANPOINT((61.5224720828951,3.99999999997453,7.6536727451894));
#1401= IFCPOLYLOOP((#1394,#1399,#1400,#1395));
#1402= IFCFACEOUTERBOUND(#1401,.T.);
#1403= IFCFACE((#1402));
#1404= IFCCARTESIANPOINT((60.3843558602798,-4.00000000001455,3.90180861542467));
#1405= IFCCARTESIANPOINT((60.3843558602784,3.99999999997817,3.90180861541739));
#1406= IFCPOLYLOOP((#1399,#1404,#1405,#1400));
#1407= IFCFACEOUTERBOUND(#1406,.T.);
#1408= IFCFACE((#1407));
#1409= IFCCARTESIANPOINT((60.0000610356665,-4.00000000001273,-1.16415321826935E-10));
#1410= IFCCARTESIANPOINT((60.0000610356647,3.99999999998181,-1.23691279441118E-10));
#1411= IFCPOLYLOOP((#1404,#1409,#1410,#1405));
#1412= IFCFACEOUTERBOUND(#1411,.T.);
#1413= IFCFACE((#1412));
#1414= IFCPOLYLOOP((#1409,#1352,#1355,#1410));
#1415= IFCFACEOUTERBOUND(#1414,.T.);
#1416= IFCFACE((#1415));
#1417= IFCPOLYLOOP((#1360,#1365,#1370,#1375,#1380,#1385,#1390,#1395,#1400,#1405,#1410,#1355,#1354));
#1418= IFCFACEOUTERBOUND(#1417,.T.);
#1419= IFCFACE((#1418));
#1420= IFCPOLYLOOP((#1409,#1404,#1399,#1394,#1389,#1384,#1379,#1374,#1369,#1364,#1359,#1353,#1352));
#1421= IFCFACEOUTERBOUND(#1420,.T.);
#1422= IFCFACE((#1421));
#1423= IFCCLOSEDSHELL((#1358,#1363,#1368,#1373,#1378,#1383,#1388,#1393,#1398,#1403,#1408,#1413,#1416,#1419,#1422));
#1424= IFCFACETEDBREP(#1423);
#1425= IFCSTYLEDITEM(#1424,(#1210),$);
#1426= IFCSHAPEREPRESENTATION(#12,'Body','Brep',(#1424));
#1427= IFCPRODUCTDEFINITIONSHAPE($,$,(#1426));
#1428= IFCCARTESIANPOINT((56513.9971962037,-3825.31598618193,9646.8062097608));
#1429= IFCDIRECTION((-0.999999999468688,-3.25120005386452E-05,2.36500000210072E-06));
#1430= IFCDIRECTION((-3.25119999759533E-05,0.999999999471457,2.38000007147589E-07));
#1431= IFCAXIS2PLACEMENT3D(#1428,#1429,#1430);
#1432= IFCLOCALPLACEMENT(#42,#1431);
#1433= IFCPLATE('0CvnTwx7rBMRf7drKmp0NO',#153,'PLATE-8','PL8*80',$,#1432,#1427,'ID0ce7177a-ec7d-4b59-ba47-9f5530cc05d8');
#1434= IFCPROPERTYSINGLEVALUE('Preliminary mark',$,IFCLABEL('5-1-P41(?)'),$);
#1435= IFCPROPERTYSET('3elJpB7PvAsxxKQP7_v$kd',#5,'Tekla Common','Common Properties to Shared building elements',(#1329,#1330,#1076,#1434,#1078,#1332));
#1436= IFCPROPERTYSINGLEVALUE('Weight',$,IFCMASSMEASURE(0.42),$);
#1437= IFCPROPERTYSINGLEVALUE('Gross footprint area',$,IFCAREAMEASURE(0.007),$);
#1438= IFCPROPERTYSINGLEVALUE('Area per tons',$,IFCAREAMEASURE(38.744),$);
#1439= IFCPROPERTYSINGLEVALUE('Net surface area',$,IFCAREAMEASURE(0.016),$);
#1440= IFCPROPERTYSINGLEVALUE('Length',$,IFCLENGTHMEASURE(129.),$);
#1441= IFCPROPERTYSET('17TgrUoLvBVxnjhrJY5SHf',#5,'Tekla Quantity','Quantity Properties to Shared building elements',(#1436,#1335,#1437,#1438,#1439,#1339,#1340,#1440));
#1442= IFCPROPERTYSINGLEVALUE('Reference',$,IFCIDENTIFIER('5-1-P41'),$);
#1443= IFCPROPERTYSET('3lXZ46cgjFBB8g5xB8_CHA',#5,'Pset_PlateCommon','Common Properties to plate elements',(#1090,#1442));
#1444= IFCQUANTITYLENGTH('Width',$,$,80.0000192830262);
#1445= IFCQUANTITYAREA('NetArea',$,$,0.0163940212261182);
#1446= IFCQUANTITYAREA('GrossArea',$,$,0.010320032512245);
#1447= IFCQUANTITYVOLUME('NetVolume',$,$,5.39028544053911E-05);
#1448= IFCQUANTITYVOLUME('GrossVolume',$,$,5.39028544053911E-05);
#1449= IFCELEMENTQUANTITY('3xQFeW7b97tBtUZnjYupv0',#5,'BaseQuantities',$,$,(#1444,#1445,#1446,#1348,#1447,#1448));
#1450= IFCCARTESIANPOINT((0.000194400570308062,-3.99999999998363,19.9999999990468));
#1451= IFCCARTESIANPOINT((0.00250781213526352,-3.99999999981628,258.0046081529));
#1452= IFCCARTESIANPOINT((0.00250781213389928,4.00000000017644,258.004608152885));
#1453= IFCCARTESIANPOINT((0.00019440056894382,4.00000000001091,19.9999999990396));
#1454= IFCPOLYLOOP((#1450,#1451,#1452,#1453));
#1455= IFCFACEOUTERBOUND(#1454,.T.);
#1456= IFCFACE((#1455));
#1457= IFCCARTESIANPOINT((3.90428158451641,-3.99999999981992,258.388857378508));
#1458= IFCCARTESIANPOINT((3.90428158451505,4.00000000017462,258.388857378508));
#1459= IFCPOLYLOOP((#1451,#1457,#1458,#1452));
#1460= IFCFACEOUTERBOUND(#1459,.T.);
#1461= IFCFACE((#1460));
#1462= IFCCARTESIANPOINT((7.65612267479537,-3.99999999981992,259.526914701979));
#1463= IFCCARTESIANPOINT((7.65612267479401,4.0000000001728,259.526914701979));
#1464= IFCPOLYLOOP((#1457,#1462,#1463,#1458));
#1465= IFCFACEOUTERBOUND(#1464,.T.);
#1466= IFCFACE((#1465));
#1467= IFCCARTESIANPOINT((11.1138526506297,-3.99999999982356,261.37504604266));
#1468= IFCCARTESIANPOINT((11.1138526506288,4.00000000017099,261.375046042645));
#1469= IFCPOLYLOOP((#1462,#1467,#1468,#1463));
#1470= IFCFACEOUTERBOUND(#1469,.T.);
#1471= IFCFACE((#1470));
#1472= IFCCARTESIANPOINT((14.144595391901,-3.99999999982174,263.862230087798));
#1473= IFCCARTESIANPOINT((14.1445953919001,4.00000000017099,263.862230087798));
#1474= IFCPOLYLOOP((#1467,#1472,#1473,#1468));
#1475= IFCFACEOUTERBOUND(#1474,.T.);
#1476= IFCFACE((#1475));
#1477= IFCCARTESIANPOINT((16.6318833492769,-3.99999999982356,266.892887550355));
#1478= IFCCARTESIANPOINT((16.6318833492751,4.00000000017099,266.892887550341));
#1479= IFCPOLYLOOP((#1472,#1477,#1478,#1473));
#1480= IFCFACEOUTERBOUND(#1479,.T.);
#1481= IFCFACE((#1480));
#1482= IFCCARTESIANPOINT((18.4801332424822,-3.99999999982174,270.350554158118));
#1483= IFCCARTESIANPOINT((18.4801332424804,4.0000000001728,270.350554158111));
#1484= IFCPOLYLOOP((#1477,#1482,#1483,#1478));
#1485= IFCFACEOUTERBOUND(#1484,.T.);
#1486= IFCFACE((#1485));
#1487= IFCCARTESIANPOINT((19.6183192029448,-3.99999999981992,274.102356226133));
#1488= IFCCARTESIANPOINT((19.6183192029439,4.0000000001728,274.102356226125));
#1489= IFCPOLYLOOP((#1482,#1487,#1488,#1483));
#1490= IFCFACEOUTERBOUND(#1489,.T.);
#1491= IFCFACE((#1490));
#1492= IFCCARTESIANPOINT((20.0027022066661,-3.9999999998181,278.004116821634));
#1493= IFCCARTESIANPOINT((20.0027022066652,4.00000000017644,278.004116821634));
#1494= IFCPOLYLOOP((#1487,#1492,#1493,#1488));
#1495= IFCFACEOUTERBOUND(#1494,.T.);
#1496= IFCFACE((#1495));
#1497= IFCCARTESIANPOINT((200.003814695305,-3.99999999994725,277.999694821709));
#1498= IFCCARTESIANPOINT((200.003814695304,4.00000000004729,277.999694821701));
#1499= IFCPOLYLOOP((#1492,#1497,#1498,#1493));
#1500= IFCFACEOUTERBOUND(#1499,.T.);
#1501= IFCFACE((#1500));
#1502= IFCCARTESIANPOINT((200.000091551447,-4.00000000014006,-1.81898940354586E-10));
#1503= IFCCARTESIANPOINT((200.000091551446,3.99999999985266,-1.96450855582952E-10));
#1504= IFCPOLYLOOP((#1497,#1502,#1503,#1498));
#1505= IFCFACEOUTERBOUND(#1504,.T.);
#1506= IFCFACE((#1505));
#1507= IFCPOLYLOOP((#1502,#1268,#1269,#1503));
#1508= IFCFACEOUTERBOUND(#1507,.T.);
#1509= IFCFACE((#1508));
#1510= IFCCARTESIANPOINT((19.6157103487521,-4.00000000000909,3.90178260715766));
#1511= IFCCARTESIANPOINT((19.6157103487512,3.99999999998363,3.9017826071431));
#1512= IFCPOLYLOOP((#1268,#1510,#1511,#1269));
#1513= IFCFACEOUTERBOUND(#1512,.T.);
#1514= IFCFACE((#1513));
#1515= IFCCARTESIANPOINT((18.4776092486313,-4.00000000000546,7.65362374658434));
#1516= IFCCARTESIANPOINT((18.47760924863,3.99999999998909,7.65362374656979));
#1517= IFCPOLYLOOP((#1510,#1515,#1516,#1511));
#1518= IFCFACEOUTERBOUND(#1517,.T.);
#1519= IFCFACE((#1518));
#1520= IFCCARTESIANPOINT((16.6294327471187,-4.,11.1113440459812));
#1521= IFCCARTESIANPOINT((16.6294327471173,3.99999999999272,11.111344045974));
#1522= IFCPOLYLOOP((#1515,#1520,#1521,#1516));
#1523= IFCFACEOUTERBOUND(#1522,.T.);
#1524= IFCFACE((#1523));
#1525= IFCCARTESIANPOINT((14.142204354534,-3.99999999999636,14.1420668925566));
#1526= IFCCARTESIANPOINT((14.1422043545331,3.99999999999636,14.1420668925493));
#1527= IFCPOLYLOOP((#1520,#1525,#1526,#1521));
#1528= IFCFACEOUTERBOUND(#1527,.T.);
#1529= IFCFACE((#1528));
#1530= IFCCARTESIANPOINT((11.1115056840317,-3.99999999999272,16.6293247437425));
#1531= IFCCARTESIANPOINT((11.1115056840308,4.,16.6293247437352));
#1532= IFCPOLYLOOP((#1525,#1530,#1531,#1526));
#1533= IFCFACEOUTERBOUND(#1532,.T.);
#1534= IFCFACE((#1533));
#1535= IFCCARTESIANPOINT((7.65380334912243,-3.99999999998909,18.4775348542971));
#1536= IFCCARTESIANPOINT((7.65380334912106,4.00000000000364,18.4775348542898));
#1537= IFCPOLYLOOP((#1530,#1535,#1536,#1531));
#1538= IFCFACEOUTERBOUND(#1537,.T.);
#1539= IFCFACE((#1538));
#1540= IFCCARTESIANPOINT((3.90197327224359,-3.99999999998545,19.6156724223765));
#1541= IFCCARTESIANPOINT((3.90197327224178,4.00000000000728,19.6156724223692));
#1542= IFCPOLYLOOP((#1535,#1540,#1541,#1536));
#1543= IFCFACEOUTERBOUND(#1542,.T.);
#1544= IFCFACE((#1543));
#1545= IFCPOLYLOOP((#1540,#1450,#1453,#1541));
#1546= IFCFACEOUTERBOUND(#1545,.T.);
#1547= IFCFACE((#1546));
#1548= IFCPOLYLOOP((#1458,#1463,#1468,#1473,#1478,#1483,#1488,#1493,#1498,#1503,#1269,#1511,#1516,#1521,#1526,#1531,#1536,#1541,#1453,#1452));
#1549= IFCFACEOUTERBOUND(#1548,.T.);
#1550= IFCFACE((#1549));
#1551= IFCPOLYLOOP((#1540,#1535,#1530,#1525,#1520,#1515,#1510,#1268,#1502,#1497,#1492,#1487,#1482,#1477,#1472,#1467,#1462,#1457,#1451,#1450));
#1552= IFCFACEOUTERBOUND(#1551,.T.);
#1553= IFCFACE((#1552));
#1554= IFCCLOSEDSHELL((#1456,#1461,#1466,#1471,#1476,#1481,#1486,#1491,#1496,#1501,#1506,#1509,#1514,#1519,#1524,#1529,#1534,#1539,#1544,#1547,#1550,#1553));
#1555= IFCFACETEDBREP(#1554);
#1556= IFCSTYLEDITEM(#1555,(#1210),$);
#1557= IFCSHAPEREPRESENTATION(#12,'Body','Brep',(#1555));
#1558= IFCPRODUCTDEFINITIONSHAPE($,$,(#1557));
#1559= IFCCARTESIANPOINT((56525.9977084016,-3745.31423346614,9866.80572004451));
#1560= IFCDIRECTION((0.999999999906636,1.33620113560937E-05,2.86100000084844E-06));
#1561= IFCDIRECTION((1.33619999862215E-05,-0.999999999902832,3.97400000108193E-06));
#1562= IFCAXIS2PLACEMENT3D(#1559,#1560,#1561);
#1563= IFCLOCALPLACEMENT(#42,#1562);
#1564= IFCPLATE('1hHi40VHz2kO2nbpoN3MPB',#153,'PLATE-8','PL8*200',$,#1563,#1558,'ID6b46c100-7d1f-42b9-80b1-973c970d664b');
#1565= IFCPLATETYPE('1mymUT4nrDhQlS0Kr5QJ6r',#5,'PL8*200',$,$,$,$,$,$,.NOTDEFINED.);
#1566= IFCPROPERTYSINGLEVALUE('Bottom elevation',$,IFCLABEL(' +9.863'),$);
#1567= IFCPROPERTYSINGLEVALUE('Top elevation',$,IFCLABEL(' +9.871'),$);
#1568= IFCPROPERTYSINGLEVALUE('Preliminary mark',$,IFCLABEL('5-1-P66(?)'),$);
#1569= IFCPROPERTYSET('2ABvJ4OW14u9Gxw1TYFLJm',#5,'Tekla Common','Common Properties to Shared building elements',(#1566,#1567,#1076,#1568,#1078,#1332));
#1570= IFCPROPERTYSINGLEVALUE('Weight',$,IFCMASSMEASURE(3.45),$);
#1571= IFCPROPERTYSINGLEVALUE('Gross footprint area',$,IFCAREAMEASURE(0.055),$);
#1572= IFCPROPERTYSINGLEVALUE('Area per tons',$,IFCAREAMEASURE(34.022),$);
#1573= IFCPROPERTYSINGLEVALUE('Net surface area',$,IFCAREAMEASURE(0.117),$);
#1574= IFCPROPERTYSINGLEVALUE('Height',$,IFCLENGTHMEASURE(200.),$);
#1575= IFCPROPERTYSET('1myRSTh6X7xOxKPNGWoKkx',#5,'Tekla Quantity','Quantity Properties to Shared building elements',(#1570,#1335,#1571,#1572,#1573,#1574,#1340,#1341));
#1576= IFCPROPERTYSINGLEVALUE('Reference',$,IFCIDENTIFIER('5-1-P66'),$);
#1577= IFCPROPERTYSET('1Kw9Z4zqj48h$VtBUVkx_H',#5,'Pset_PlateCommon','Common Properties to plate elements',(#1090,#1576));
#1578= IFCQUANTITYLENGTH('Width',$,$,200.001112521377);
#1579= IFCQUANTITYAREA('NetArea',$,$,0.117462514815269);
#1580= IFCQUANTITYAREA('GrossArea',$,$,0.0556011326526724);
#1581= IFCQUANTITYVOLUME('NetVolume',$,$,0.000439810507646562);
#1582= IFCQUANTITYVOLUME('GrossVolume',$,$,0.000439810507646562);
#1583= IFCELEMENTQUANTITY('2v$10tUdfE2uBLTWOFf7sL',#5,'BaseQuantities',$,$,(#1578,#1579,#1580,#1348,#1581,#1582));
#1584= IFCCARTESIANPOINT((-0.000330656918322347,-3.99999999997817,20.00013734401));
#1585= IFCCARTESIANPOINT((-0.000330656916503358,4.00000000001637,20.0001373439882));
#1586= IFCPOLYLOOP((#1352,#1584,#1585,#1355));
#1587= IFCFACEOUTERBOUND(#1586,.T.);
#1588= IFCFACE((#1587));
#1589= IFCCARTESIANPOINT((129.997867275255,-3.99999999992542,129.000137329509));
#1590= IFCCARTESIANPOINT((129.997867275257,4.00000000006912,129.000137329494));
#1591= IFCPOLYLOOP((#1584,#1589,#1590,#1585));
#1592= IFCFACEOUTERBOUND(#1591,.T.);
#1593= IFCFACE((#1592));
#1594= IFCCARTESIANPOINT((199.997650146477,-3.99999999995089,129.00013732972));
#1595= IFCCARTESIANPOINT((199.997650146478,4.00000000004366,129.000137329698));
#1596= IFCPOLYLOOP((#1589,#1594,#1595,#1590));
#1597= IFCFACEOUTERBOUND(#1596,.T.);
#1598= IFCFACE((#1597));
#1599= IFCPOLYLOOP((#1594,#1502,#1503,#1595));
#1600= IFCFACEOUTERBOUND(#1599,.T.);
#1601= IFCFACE((#1600));
#1602= IFCPOLYLOOP((#1502,#1352,#1355,#1503));
#1603= IFCFACEOUTERBOUND(#1602,.T.);
#1604= IFCFACE((#1603));
#1605= IFCPOLYLOOP((#1590,#1595,#1503,#1355,#1585));
#1606= IFCFACEOUTERBOUND(#1605,.T.);
#1607= IFCFACE((#1606));
#1608= IFCPOLYLOOP((#1502,#1594,#1589,#1584,#1352));
#1609= IFCFACEOUTERBOUND(#1608,.T.);
#1610= IFCFACE((#1609));
#1611= IFCCLOSEDSHELL((#1588,#1593,#1598,#1601,#1604,#1607,#1610));
#1612= IFCFACETEDBREP(#1611);
#1613= IFCSTYLEDITEM(#1612,(#1210),$);
#1614= IFCSHAPEREPRESENTATION(#12,'Body','Brep',(#1612));
#1615= IFCPRODUCTDEFINITIONSHAPE($,$,(#1614));
#1616= IFCCARTESIANPOINT((56513.9971962037,-3945.31598618193,9866.8062097608));
#1617= IFCDIRECTION((-0.999999999912638,-1.30050002217104E-05,2.36500000028173E-06));
#1618= IFCDIRECTION((-1.30049999972988E-05,0.999999999915431,9.50000031692679E-08));
#1619= IFCAXIS2PLACEMENT3D(#1616,#1617,#1618);
#1620= IFCLOCALPLACEMENT(#42,#1619);
#1621= IFCPLATE('0Oxlc80MfAj9yYlMZS6RbN',#153,'PLATE-8','PL8*129',$,#1620,#1615,'ID18eef988-016a-4ab4-9f22-bd68dc19b957');
#1622= IFCPLATETYPE('1BQrYdZmPDcvqbV0NUHa4$',#5,'PL8*129',$,$,$,$,$,$,.NOTDEFINED.);
#1623= IFCPROPERTYSINGLEVALUE('Preliminary mark',$,IFCLABEL('5-1-P67(?)'),$);
#1624= IFCPROPERTYSET('1RjFKrYtn5hQmAU9Mv$O6Z',#5,'Tekla Common','Common Properties to Shared building elements',(#1566,#1567,#1076,#1623,#1078,#1332));
#1625= IFCPROPERTYSINGLEVALUE('Weight',$,IFCMASSMEASURE(1.18),$);
#1626= IFCPROPERTYSINGLEVALUE('Gross footprint area',$,IFCAREAMEASURE(0.019),$);
#1627= IFCPROPERTYSINGLEVALUE('Area per tons',$,IFCAREAMEASURE(35.854),$);
#1628= IFCPROPERTYSINGLEVALUE('Net surface area',$,IFCAREAMEASURE(0.042),$);
#1629= IFCPROPERTYSINGLEVALUE('Height',$,IFCLENGTHMEASURE(129.),$);
#1630= IFCPROPERTYSINGLEVALUE('Length',$,IFCLENGTHMEASURE(200.),$);
#1631= IFCPROPERTYSET('0E3HIhpxz06AVKRwxy3nvI',#5,'Tekla Quantity','Quantity Properties to Shared building elements',(#1625,#1335,#1626,#1627,#1628,#1629,#1340,#1630));
#1632= IFCPROPERTYSINGLEVALUE('Reference',$,IFCIDENTIFIER('5-1-P67'),$);
#1633= IFCPROPERTYSET('2L1EqIOtb9XuG2lDOA1YXc',#5,'Pset_PlateCommon','Common Properties to plate elements',(#1090,#1632));
#1634= IFCQUANTITYLENGTH('Width',$,$,129.000137329102);
#1635= IFCQUANTITYAREA('NetArea',$,$,0.0421392218107864);
#1636= IFCQUANTITYAREA('GrossArea',$,$,0.0258000779941515);
#1637= IFCQUANTITYVOLUME('NetVolume',$,$,0.000149720139189914);
#1638= IFCQUANTITYVOLUME('GrossVolume',$,$,0.000149720139189914);
#1639= IFCELEMENTQUANTITY('1n5YnURl12XAB$qBhzyPoi',#5,'BaseQuantities',$,$,(#1634,#1635,#1636,#1348,#1637,#1638));
#1640= IFCSHAPEREPRESENTATION(#12,'Body','Brep',(#1318));
#1641= IFCPRODUCTDEFINITIONSHAPE($,$,(#1640));
#1642= IFCCARTESIANPOINT((56525.9977084016,-3745.31423346614,10704.8057200445));
#1643= IFCAXIS2PLACEMENT3D(#1642,#1323,#1324);
#1644= IFCLOCALPLACEMENT(#42,#1643);
#1645= IFCPLATE('0c28bTDzb7EPOJw5vppGs3',#153,'PLATE-8','PL8*80',$,#1644,#1641,'ID2608895d-37d9-4739-9613-e85e73cd0d83');
#1646= IFCPROPERTYSINGLEVALUE('Bottom elevation',$,IFCLABEL(' +10.701'),$);
#1647= IFCPROPERTYSINGLEVALUE('Top elevation',$,IFCLABEL(' +10.709'),$);
#1648= IFCPROPERTYSET('0vQsrBK81EUP2qbbY4nohs',#5,'Tekla Common','Common Properties to Shared building elements',(#1646,#1647,#1076,#1331,#1078,#1332));
#1649= IFCSHAPEREPRESENTATION(#12,'Body','Brep',(#1424));
#1650= IFCPRODUCTDEFINITIONSHAPE($,$,(#1649));
#1651= IFCCARTESIANPOINT((56513.9971962037,-3825.31598618193,10704.8062097608));
#1652= IFCAXIS2PLACEMENT3D(#1651,#1429,#1430);
#1653= IFCLOCALPLACEMENT(#42,#1652);
#1654= IFCPLATE('1z0J0ydCD53OlC2spPmqF3',#153,'PLATE-8','PL8*80',$,#1653,#1650,'ID7d01303c-9cc3-450d-8bcc-0b6cd9c343c3');
#1655= IFCPROPERTYSET('0ufJzZOPTDWR1LEPy$1jLp',#5,'Tekla Common','Common Properties to Shared building elements',(#1646,#1647,#1076,#1434,#1078,#1332));
#1656= IFCSHAPEREPRESENTATION(#12,'Body','Brep',(#1555));
#1657= IFCPRODUCTDEFINITIONSHAPE($,$,(#1656));
#1658= IFCCARTESIANPOINT((56525.9977084016,-3745.31423346614,10488.8057200445));
#1659= IFCAXIS2PLACEMENT3D(#1658,#1560,#1561);
#1660= IFCLOCALPLACEMENT(#42,#1659);
#1661= IFCPLATE('037_5EP9rCwRfxQCRvwUoX',#153,'PLATE-8','PL8*200',$,#1660,#1657,'ID031fe14e-649d-4ce9-ba7b-68c6f9e9eca1');
#1662= IFCPROPERTYSINGLEVALUE('Bottom elevation',$,IFCLABEL(' +10.485'),$);
#1663= IFCPROPERTYSINGLEVALUE('Top elevation',$,IFCLABEL(' +10.493'),$);
#1664= IFCPROPERTYSINGLEVALUE('Preliminary mark',$,IFCLABEL('5-1-P68(?)'),$);
#1665= IFCPROPERTYSET('0LL8UF1n5ELR1KOzriCBmo',#5,'Tekla Common','Common Properties to Shared building elements',(#1662,#1663,#1076,#1664,#1078,#1332));
#1666= IFCPROPERTYSINGLEVALUE('Reference',$,IFCIDENTIFIER('5-1-P68'),$);
#1667= IFCPROPERTYSET('2GJYc31xzFQf0N27sXN6TR',#5,'Pset_PlateCommon','Common Properties to plate elements',(#1090,#1666));
#1668= IFCCARTESIANPOINT((199.999687255805,-4.00000000005093,19.999999997257));
#1669= IFCCARTESIANPOINT((199.999687255807,3.99999999994179,19.9999999972351));
#1670= IFCPOLYLOOP((#1594,#1668,#1669,#1595));
#1671= IFCFACEOUTERBOUND(#1670,.T.);
#1672= IFCFACE((#1671));
#1673= IFCCARTESIANPOINT((196.09793382288,-4.00000000004911,19.615641800352));
#1674= IFCCARTESIANPOINT((196.097933822882,3.99999999994361,19.6156418003375));
#1675= IFCPOLYLOOP((#1668,#1673,#1674,#1669));
#1676= IFCFACEOUTERBOUND(#1675,.T.);
#1677= IFCFACE((#1676));
#1678= IFCCARTESIANPOINT((192.346133393612,-4.00000000004911,18.477483369461));
#1679= IFCCARTESIANPOINT((192.346133393613,3.99999999994361,18.4774833694391));
#1680= IFCPOLYLOOP((#1673,#1678,#1679,#1674));
#1681= IFCFACEOUTERBOUND(#1680,.T.);
#1682= IFCFACE((#1681));
#1683= IFCCARTESIANPOINT((188.888462134673,-4.00000000004911,16.6292624573252));
#1684= IFCCARTESIANPOINT((188.888462134674,3.99999999994361,16.6292624573107));
#1685= IFCPOLYLOOP((#1678,#1683,#1684,#1679));
#1686= IFCFACEOUTERBOUND(#1685,.T.);
#1687= IFCFACE((#1686));
#1688= IFCCARTESIANPOINT((185.85779326177,-4.00000000005093,14.1420034724797));
#1689= IFCCARTESIANPOINT((185.857793261772,3.99999999994179,14.1420034724579));
#1690= IFCPOLYLOOP((#1683,#1688,#1689,#1684));
#1691= IFCFACEOUTERBOUND(#1690,.T.);
#1692= IFCFACE((#1691));
#1693= IFCCARTESIANPOINT((183.370590917598,-4.00000000005275,11.1112881156587));
#1694= IFCCARTESIANPOINT((183.370590917599,3.99999999993997,11.1112881156369));
#1695= IFCPOLYLOOP((#1688,#1693,#1694,#1689));
#1696= IFCFACEOUTERBOUND(#1695,.T.);
#1697= IFCFACE((#1696));
#1698= IFCCARTESIANPOINT((181.522434626301,-4.00000000005457,7.65358231587743));
#1699= IFCCARTESIANPOINT((181.522434626303,3.99999999993634,7.65358231586288));
#1700= IFCPOLYLOOP((#1693,#1698,#1699,#1694));
#1701= IFCFACEOUTERBOUND(#1700,.T.);
#1702= IFCFACE((#1701));
#1703= IFCCARTESIANPOINT((180.384346313091,-4.00000000005639,3.90176061619422));
#1704= IFCCARTESIANPOINT((180.384346313093,3.99999999993452,3.9017606161724));
#1705= IFCPOLYLOOP((#1698,#1703,#1704,#1699));
#1706= IFCFACEOUTERBOUND(#1705,.T.);
#1707= IFCFACE((#1706));
#1708= IFCCARTESIANPOINT((180.000061036223,-4.00000000006003,6.69388100504875E-10));
#1709= IFCCARTESIANPOINT((180.000061036224,3.99999999993088,6.54836185276508E-10));
#1710= IFCPOLYLOOP((#1703,#1708,#1709,#1704));
#1711= IFCFACEOUTERBOUND(#1710,.T.);
#1712= IFCFACE((#1711));
#1713= IFCPOLYLOOP((#1708,#1352,#1355,#1709));
#1714= IFCFACEOUTERBOUND(#1713,.T.);
#1715= IFCFACE((#1714));
#1716= IFCPOLYLOOP((#1590,#1595,#1669,#1674,#1679,#1684,#1689,#1694,#1699,#1704,#1709,#1355,#1585));
#1717= IFCFACEOUTERBOUND(#1716,.T.);
#1718= IFCFACE((#1717));
#1719= IFCPOLYLOOP((#1708,#1703,#1698,#1693,#1688,#1683,#1678,#1673,#1668,#1594,#1589,#1584,#1352));
#1720= IFCFACEOUTERBOUND(#1719,.T.);
#1721= IFCFACE((#1720));
#1722= IFCCLOSEDSHELL((#1588,#1593,#1598,#1672,#1677,#1682,#1687,#1692,#1697,#1702,#1707,#1712,#1715,#1718,#1721));
#1723= IFCFACETEDBREP(#1722);
#1724= IFCSTYLEDITEM(#1723,(#1210),$);
#1725= IFCSHAPEREPRESENTATION(#12,'Body','Brep',(#1723));
#1726= IFCPRODUCTDEFINITIONSHAPE($,$,(#1725));
#1727= IFCCARTESIANPOINT((56513.9971962037,-3945.31598618193,10488.8062097608));
#1728= IFCAXIS2PLACEMENT3D(#1727,#1617,#1618);
#1729= IFCLOCALPLACEMENT(#42,#1728);
#1730= IFCPLATE('1m38vgT29F6BSaqCE0fpXe',#153,'PLATE-8','PL8*129',$,#1729,#1726,'ID700c8e6a-7422-4f18-b724-d0c380a73868');
#1731= IFCPROPERTYSINGLEVALUE('Preliminary mark',$,IFCLABEL('5-1-P43(?)'),$);
#1732= IFCPROPERTYSET('2YC7pUoBL2_fpdpHaTNWdZ',#5,'Tekla Common','Common Properties to Shared building elements',(#1662,#1663,#1076,#1731,#1078,#1332));
#1733= IFCPROPERTYSINGLEVALUE('Weight',$,IFCMASSMEASURE(1.16),$);
#1734= IFCPROPERTYSINGLEVALUE('Area per tons',$,IFCAREAMEASURE(35.862),$);
#1735= IFCPROPERTYSINGLEVALUE('Net surface area',$,IFCAREAMEASURE(0.041),$);
#1736= IFCPROPERTYSET('1NAchgr_fAz9X8xjjGYWmz',#5,'Tekla Quantity','Quantity Properties to Shared building elements',(#1733,#1335,#1626,#1734,#1735,#1629,#1340,#1630));
#1737= IFCPROPERTYSINGLEVALUE('Reference',$,IFCIDENTIFIER('5-1-P43'),$);
#1738= IFCPROPERTYSET('1QkQdSsA57SuhICqaKrryQ',#5,'Pset_PlateCommon','Common Properties to plate elements',(#1090,#1737));
#1739= IFCQUANTITYLENGTH('Width',$,$,129.000137329283);
#1740= IFCQUANTITYAREA('NetArea',$,$,0.0414458610160277);
#1741= IFCQUANTITYAREA('GrossArea',$,$,0.0258000297765524);
#1742= IFCQUANTITYVOLUME('NetVolume',$,$,0.000147223012397159);
#1743= IFCQUANTITYVOLUME('GrossVolume',$,$,0.000147223012397159);
#1744= IFCELEMENTQUANTITY('3VUJF_xWj0kAus5q0u7Aas',#5,'BaseQuantities',$,$,(#1739,#1740,#1741,#1348,#1742,#1743));
#1745= IFCCOLOURRGB('Light Gray',0.615686274509804,0.615686274509804,0.611764705882353);
#1746= IFCSURFACESTYLERENDERING(#1745,0.,$,$,$,$,IFCNORMALISEDRATIOMEASURE(0.00390625),IFCSPECULAREXPONENT(10.),.NOTDEFINED.);
#1747= IFCSURFACESTYLE('STEEL/S275',.POSITIVE.,(#1746));
#1748= IFCPRESENTATIONSTYLEASSIGNMENT((#1747));
#1749= IFCCARTESIANPOINT((0.000142962286190595,9.,312.003875732364));
#1750= IFCCARTESIANPOINT((0.000146627935464494,1.,320.003875732363));
#1751= IFCCARTESIANPOINT((420.000000000022,1.,320.003875732315));
#1752= IFCCARTESIANPOINT((420.,9.,312.003875732317));
#1753= IFCPOLYLOOP((#1749,#1750,#1751,#1752));
#1754= IFCFACEOUTERBOUND(#1753,.T.);
#1755= IFCFACE((#1754));
#1756= IFCCARTESIANPOINT((0.000146627935464494,-1.,320.003875732363));
#1757= IFCCARTESIANPOINT((0.000142962286190595,-9.,312.003875732364));
#1758= IFCCARTESIANPOINT((420.,-9.,312.003875732317));
#1759= IFCCARTESIANPOINT((420.000000000022,-1.,320.003875732315));
#1760= IFCPOLYLOOP((#1756,#1757,#1758,#1759));
#1761= IFCFACEOUTERBOUND(#1760,.T.);
#1762= IFCFACE((#1761));
#1763= IFCCARTESIANPOINT((7.27595761418343E-12,9.,-4.54747350886464E-13));
#1764= IFCCARTESIANPOINT((7.27595761418343E-12,-9.,-4.54747350886464E-13));
#1765= IFCPOLYLOOP((#1763,#1764,#1757,#1756,#1750,#1749));
#1766= IFCFACEOUTERBOUND(#1765,.T.);
#1767= IFCFACE((#1766));
#1768= IFCPOLYLOOP((#1756,#1759,#1751,#1750));
#1769= IFCFACEOUTERBOUND(#1768,.T.);
#1770= IFCFACE((#1769));
#1771= IFCCARTESIANPOINT((419.999999998974,-9.,-7.32143234927207E-11));
#1772= IFCCARTESIANPOINT((419.999999998974,9.,-7.32143234927207E-11));
#1773= IFCPOLYLOOP((#1759,#1758,#1771,#1772,#1752,#1751));
#1774= IFCFACEOUTERBOUND(#1773,.T.);
#1775= IFCFACE((#1774));
#1776= IFCPOLYLOOP((#1771,#1764,#1763,#1772));
#1777= IFCFACEOUTERBOUND(#1776,.T.);
#1778= IFCFACE((#1777));
#1779= IFCPOLYLOOP((#1772,#1763,#1749,#1752));
#1780= IFCFACEOUTERBOUND(#1779,.T.);
#1781= IFCFACE((#1780));
#1782= IFCPOLYLOOP((#1764,#1771,#1758,#1757));
#1783= IFCFACEOUTERBOUND(#1782,.T.);
#1784= IFCFACE((#1783));
#1785= IFCCLOSEDSHELL((#1755,#1762,#1767,#1770,#1775,#1778,#1781,#1784));
#1786= IFCFACETEDBREP(#1785);
#1787= IFCSTYLEDITEM(#1786,(#1748),$);
#1788= IFCSHAPEREPRESENTATION(#12,'Body','Brep',(#1786));
#1789= IFCPRODUCTDEFINITIONSHAPE($,$,(#1788));
#1790= IFCCARTESIANPOINT((56430.0031106426,-4065.3182076967,10040.8065148457));
#1791= IFCDIRECTION((-1.73399999985122E-05,0.999999999849662,0.));
#1792= IFCDIRECTION((0.999999999849662,1.73399999974424E-05,0.));
#1793= IFCAXIS2PLACEMENT3D(#1790,#1791,#1792);
#1794= IFCLOCALPLACEMENT(#42,#1793);
#1795= IFCPLATE('0gylCNhuT6yQYfJFk4Hiq$',#153,'PLATE-18','PL18*320',$,#1794,#1789,'ID2af2f317-af87-46f1-a8a9-4cfb8446cd3f');
#1796= IFCPLATETYPE('2lRbCHHLn9Qxa8_j9BiMrf',#5,'PL18*320',$,$,$,$,$,$,.NOTDEFINED.);
#1797= IFCPROPERTYSINGLEVALUE('Bottom elevation',$,IFCLABEL(' +10.032'),$);
#1798= IFCPROPERTYSINGLEVALUE('Top elevation',$,IFCLABEL(' +10.050'),$);
#1799= IFCPROPERTYSINGLEVALUE('Preliminary mark',$,IFCLABEL('5-1-P55(?)'),$);
#1800= IFCPROPERTYSINGLEVALUE('Class',$,IFCLABEL('15'),$);
#1801= IFCPROPERTYSET('3_rX1KVCH4BBEv$nRtIaqO',#5,'Tekla Common','Common Properties to Shared building elements',(#1797,#1798,#1076,#1799,#1078,#1800));
#1802= IFCPROPERTYSINGLEVALUE('Weight',$,IFCMASSMEASURE(18.78),$);
#1803= IFCPROPERTYSINGLEVALUE('Volume',$,IFCVOLUMEMEASURE(0.002),$);
#1804= IFCPROPERTYSINGLEVALUE('Gross footprint area',$,IFCAREAMEASURE(0.134),$);
#1805= IFCPROPERTYSINGLEVALUE('Area per tons',$,IFCAREAMEASURE(15.515),$);
#1806= IFCPROPERTYSINGLEVALUE('Net surface area',$,IFCAREAMEASURE(0.291),$);
#1807= IFCPROPERTYSINGLEVALUE('Height',$,IFCLENGTHMEASURE(320.),$);
#1808= IFCPROPERTYSINGLEVALUE('Width',$,IFCLENGTHMEASURE(18.),$);
#1809= IFCPROPERTYSINGLEVALUE('Length',$,IFCLENGTHMEASURE(420.),$);
#1810= IFCPROPERTYSET('29X2aTl011Y8T3EWUjq0ju',#5,'Tekla Quantity','Quantity Properties to Shared building elements',(#1802,#1803,#1804,#1805,#1806,#1807,#1808,#1809));
#1811= IFCPROPERTYSINGLEVALUE('Reference',$,IFCIDENTIFIER('5-1-P55'),$);
#1812= IFCPROPERTYSET('2HPQy4t3LAChaMo1V1yE0W',#5,'Pset_PlateCommon','Common Properties to plate elements',(#1090,#1811));
#1813= IFCQUANTITYLENGTH('Width',$,$,320.003875732447);
#1814= IFCQUANTITYAREA('NetArea',$,$,0.291378862106728);
#1815= IFCQUANTITYAREA('GrossArea',$,$,0.134401627807628);
#1816= IFCQUANTITYAREA('CrossSectionArea',$,$,0.000324);
#1817= IFCQUANTITYVOLUME('NetVolume',$,$,0.00239234888755262);
#1818= IFCQUANTITYVOLUME('GrossVolume',$,$,0.0024192288782467);
#1819= IFCELEMENTQUANTITY('2c_K1LfHH8Qh_BYCQIZMFU',#5,'BaseQuantities',$,$,(#1813,#1814,#1815,#1816,#1817,#1818));
#1820= IFCSHAPEREPRESENTATION(#12,'Body','Brep',(#1786));
#1821= IFCPRODUCTDEFINITIONSHAPE($,$,(#1820));
#1822= IFCCARTESIANPOINT((56430.0031106426,-4065.3182076967,10314.8065148457));
#1823= IFCAXIS2PLACEMENT3D(#1822,#1791,#1792);
#1824= IFCLOCALPLACEMENT(#42,#1823);
#1825= IFCPLATE('32DVnvcYH4cOOBCD3VUR5Z',#153,'PLATE-18','PL18*320',$,#1824,#1821,'IDc235fc79-9a24-4499-860b-30d0df79b163');
#1826= IFCPROPERTYSINGLEVALUE('Bottom elevation',$,IFCLABEL(' +10.306'),$);
#1827= IFCPROPERTYSINGLEVALUE('Top elevation',$,IFCLABEL(' +10.324'),$);
#1828= IFCPROPERTYSET('1OnPRVYrL9$xAFGWFMS1gF',#5,'Tekla Common','Common Properties to Shared building elements',(#1826,#1827,#1076,#1799,#1078,#1800));
#1829= IFCCOLOURRGB('Light Blue',0.23921568627451,0.,0.63921568627451);
#1830= IFCSURFACESTYLERENDERING(#1829,0.,$,$,$,$,IFCNORMALISEDRATIOMEASURE(0.00390625),IFCSPECULAREXPONENT(10.),.NOTDEFINED.);
#1831= IFCSURFACESTYLE('STEEL/S275',.POSITIVE.,(#1830));
#1832= IFCPRESENTATIONSTYLEASSIGNMENT((#1831));
#1833= IFCCARTESIANPOINT((0.,-10.,0.));
#1834= IFCCARTESIANPOINT((7.27595761418343E-12,-10.,1300.));
#1835= IFCCARTESIANPOINT((7.27595761418343E-12,10.,1300.));
#1836= IFCCARTESIANPOINT((0.,10.,0.));
#1837= IFCPOLYLOOP((#1833,#1834,#1835,#1836));
#1838= IFCFACEOUTERBOUND(#1837,.T.);
#1839= IFCFACE((#1838));
#1840= IFCCARTESIANPOINT((550.003051757812,-10.,1300.));
#1841= IFCCARTESIANPOINT((550.003051757812,10.,1300.));
#1842= IFCPOLYLOOP((#1834,#1840,#1841,#1835));
#1843= IFCFACEOUTERBOUND(#1842,.T.);
#1844= IFCFACE((#1843));
#1845= IFCCARTESIANPOINT((550.003051757812,-10.,1.0550138540566E-10));
#1846= IFCCARTESIANPOINT((550.003051757812,10.,1.0550138540566E-10));
#1847= IFCPOLYLOOP((#1840,#1845,#1846,#1841));
#1848= IFCFACEOUTERBOUND(#1847,.T.);
#1849= IFCFACE((#1848));
#1850= IFCPOLYLOOP((#1845,#1833,#1836,#1846));
#1851= IFCFACEOUTERBOUND(#1850,.T.);
#1852= IFCFACE((#1851));
#1853= IFCPOLYLOOP((#1841,#1846,#1836,#1835));
#1854= IFCFACEOUTERBOUND(#1853,.T.);
#1855= IFCFACE((#1854));
#1856= IFCPOLYLOOP((#1845,#1840,#1834,#1833));
#1857= IFCFACEOUTERBOUND(#1856,.T.);
#1858= IFCFACE((#1857));
#1859= IFCCLOSEDSHELL((#1839,#1844,#1849,#1852,#1855,#1858));
#1860= IFCFACETEDBREP(#1859);
#1861= IFCSTYLEDITEM(#1860,(#1832),$);
#1862= IFCSHAPEREPRESENTATION(#12,'Body','Brep',(#1860));
#1863= IFCPRODUCTDEFINITIONSHAPE($,$,(#1862));
#1864= IFCCARTESIANPOINT((56864.9996948242,-3735.31664306642,10824.8071696298));
#1865= IFCAXIS2PLACEMENT3D(#1864,#129,#229);
#1866= IFCLOCALPLACEMENT(#42,#1865);
#1867= IFCPLATE('0ofgWgutf1NRkSPHc$5d0T',#44,'PLATE-20','PL20*550',$,#1866,#1863,'ID32a6a82a-e37a-415d-bb9c-6519bf16701d');
#1868= IFCPLATETYPE('0J9n1DR9jE2PYKO9LqzyiC',#5,'PL20*550',$,$,$,$,$,$,.NOTDEFINED.);
#1869= IFCPROPERTYSINGLEVALUE('Bottom elevation',$,IFCLABEL(' +9.525'),$);
#1870= IFCPROPERTYSINGLEVALUE('Top elevation',$,IFCLABEL(' +10.825'),$);
#1871= IFCPROPERTYSINGLEVALUE('Preliminary mark',$,IFCLABEL('5-1-P70(?)'),$);
#1872= IFCPROPERTYSINGLEVALUE('Class',$,IFCLABEL('14'),$);
#1873= IFCPROPERTYSET('1_aNNVKYrAHuAdyV0n8jvG',#5,'Tekla Common','Common Properties to Shared building elements',(#1869,#1870,#1076,#1871,#1078,#1872));
#1874= IFCPROPERTYSINGLEVALUE('Weight',$,IFCMASSMEASURE(112.26),$);
#1875= IFCPROPERTYSINGLEVALUE('Volume',$,IFCVOLUMEMEASURE(0.014),$);
#1876= IFCPROPERTYSINGLEVALUE('Gross footprint area',$,IFCAREAMEASURE(0.011),$);
#1877= IFCPROPERTYSINGLEVALUE('Area per tons',$,IFCAREAMEASURE(13.398),$);
#1878= IFCPROPERTYSINGLEVALUE('Net surface area',$,IFCAREAMEASURE(1.504),$);
#1879= IFCPROPERTYSINGLEVALUE('Height',$,IFCLENGTHMEASURE(550.),$);
#1880= IFCPROPERTYSINGLEVALUE('Width',$,IFCLENGTHMEASURE(20.),$);
#1881= IFCPROPERTYSINGLEVALUE('Length',$,IFCLENGTHMEASURE(1300.),$);
#1882= IFCPROPERTYSET('0o$1ZfaMn3Ru4xweVgDLrw',#5,'Tekla Quantity','Quantity Properties to Shared building elements',(#1874,#1875,#1876,#1877,#1878,#1879,#1880,#1881));
#1883= IFCPROPERTYSINGLEVALUE('Reference',$,IFCIDENTIFIER('5-1-P70'),$);
#1884= IFCPROPERTYSET('3sKwpQt75BVBs3zZ5VjwS0',#5,'Pset_PlateCommon','Common Properties to plate elements',(#1090,#1883));
#1885= IFCQUANTITYLENGTH('Width',$,$,550.003051757812);
#1886= IFCQUANTITYAREA('NetArea',$,$,1.50400805664056);
#1887= IFCQUANTITYAREA('GrossArea',$,$,0.715003967285156);
#1888= IFCQUANTITYAREA('CrossSectionArea',$,$,0.0004);
#1889= IFCQUANTITYVOLUME('NetVolume',$,$,0.0143000793457025);
#1890= IFCQUANTITYVOLUME('GrossVolume',$,$,0.0143000793457025);
#1891= IFCELEMENTQUANTITY('3QYOrSSxTChg5AIYzxnjYg',#5,'BaseQuantities',$,$,(#1885,#1886,#1887,#1888,#1889,#1890));
#1892= IFCRELAGGREGATES('23evVRMgX7dhhb_COFbgT5',#5,$,$,#37,(#39));
#1893= IFCRELAGGREGATES('0x81e1F9bEkAcF_FjmLBJX',#5,$,$,#39,(#41));
#1894= IFCRELAGGREGATES('2wl6ZyZqr4zg$MfJQ4vCSE',#5,$,$,#41,(#43));
#1895= IFCRELCONTAINEDINSPATIALSTRUCTURE('3efhM_dbD0egkbPb2suDNA',#5,$,$,(#1867,#1825,#1795,#1730,#1661,#1654,#1645,#1621,#1564,#1433,#1327,#1206,#1186,#1106,#1072,#986,#969,#667,#584,#506,#423,#344,#337,#330,#323,#316,#309,#302,#295,#288,#281,#274,#267,#260,#253,#246,#239,#232,#133),#43);
#1896= IFCRELDEFINESBYPROPERTIES('02xHLcJIDDle987bsfAagj',#5,$,$,(#344,#337,#330,#323,#316,#309,#302,#295,#288,#281,#274,#267,#260,#253,#246,#239,#232,#133),#151);
#1897= IFCRELDEFINESBYPROPERTIES('2WxAwQWJT279NVDn4YMAez',#5,$,$,(#506,#423),#428);
#1898= IFCRELDEFINESBYPROPERTIES('2bkXgNGC576Q6RXhTp48XY',#5,$,$,(#667,#584),#589);
#1899= IFCRELDEFINESBYPROPERTIES('1x9l6VU$v69eBSBRhlCP$W',#5,$,$,(#986,#969),#978);
#1900= IFCRELDEFINESBYPROPERTIES('09qoZiw6X9SfoGwZhWzdBy',#5,$,$,(#1106,#1072),#1080);
#1901= IFCRELDEFINESBYPROPERTIES('3o7A5hFgbFYhxpBy_FuqSz',#5,$,$,(#1106,#1072),#1089);
#1902= IFCRELDEFINESBYPROPERTIES('3NIA_gxyD4XfwNSEshuDBa',#5,$,$,(#1106,#1072),#1092);
#1903= IFCRELDEFINESBYPROPERTIES('1eSot57WvC$Bg7RqlIconv',#5,$,$,(#1106,#1072),#1099);
#1904= IFCRELDEFINESBYPROPERTIES('1PoDdlSLDAeemT_A$cQwn8',#5,$,$,(#1206,#1186),#1190);
#1905= IFCRELDEFINESBYPROPERTIES('04017H0x95Qg4fLIAhBzJc',#5,$,$,(#1206,#1186),#1192);
#1906= IFCRELDEFINESBYPROPERTIES('00aagv$YHCbAP1JA6k8zU6',#5,$,$,(#1206,#1186),#1194);
#1907= IFCRELDEFINESBYPROPERTIES('0EIKaIrmb4kgTY0o0Wubf8',#5,$,$,(#1206,#1186),#1200);
#1908= IFCRELDEFINESBYPROPERTIES('1Ad2uVlAvAHuyxc6HepVwy',#5,$,$,(#1327),#1333);
#1909= IFCRELDEFINESBYPROPERTIES('05dPTncgb7DP_zJhx7m7Sl',#5,$,$,(#1645,#1327),#1342);
#1910= IFCRELDEFINESBYPROPERTIES('18DE$7DnrAGRlGPl7Wq0bl',#5,$,$,(#1645,#1327),#1344);
#1911= IFCRELDEFINESBYPROPERTIES('0vEJcBZmXB3xX1alB_avFC',#5,$,$,(#1645,#1327),#1351);
#1912= IFCRELDEFINESBYPROPERTIES('36Rbb4yD9Ab8trupibimYe',#5,$,$,(#1433),#1435);
#1913= IFCRELDEFINESBYPROPERTIES('2s4whuRvv67hB66uQ74D21',#5,$,$,(#1654,#1433),#1441);
#1914= IFCRELDEFINESBYPROPERTIES('1M30Kfkrr9jBgvlOXf$q1z',#5,$,$,(#1654,#1433),#1443);
#1915= IFCRELDEFINESBYPROPERTIES('2Y0Mq3ppfAJ8hUbeL9cGqm',#5,$,$,(#1654,#1433),#1449);
#1916= IFCRELDEFINESBYPROPERTIES('3ztHumJ_DEXg07sQ8IACTh',#5,$,$,(#1564),#1569);
#1917= IFCRELDEFINESBYPROPERTIES('0FJuwj3EfBsvPlOOc5Xgnr',#5,$,$,(#1661,#1564),#1575);
#1918= IFCRELDEFINESBYPROPERTIES('2f1p39rMD1PR5cTFU1IVec',#5,$,$,(#1564),#1577);
#1919= IFCRELDEFINESBYPROPERTIES('091NS7J4vCq98PH7QNIJHw',#5,$,$,(#1661,#1564),#1583);
#1920= IFCRELDEFINESBYPROPERTIES('0OFKZElXv11RUu$Aa1PAgv',#5,$,$,(#1621),#1624);
#1921= IFCRELDEFINESBYPROPERTIES('2jOMADbAbDwhPWS7jIL8Xo',#5,$,$,(#1621),#1631);
#1922= IFCRELDEFINESBYPROPERTIES('2XScN2HPn0tQE06aaU24lH',#5,$,$,(#1621),#1633);
#1923= IFCRELDEFINESBYPROPERTIES('3rKktoK89CYuq0$emfSMkV',#5,$,$,(#1621),#1639);
#1924= IFCRELDEFINESBYPROPERTIES('0WdM_XpUj6DhzONDWcZdeI',#5,$,$,(#1645),#1648);
#1925= IFCRELDEFINESBYPROPERTIES('2MtrB34QHABgfTTD4zYmKc',#5,$,$,(#1654),#1655);
#1926= IFCRELDEFINESBYPROPERTIES('2AGMio6K9BMQxwGSrIrMDz',#5,$,$,(#1661),#1665);
#1927= IFCRELDEFINESBYPROPERTIES('1e87ZJlTH1bQMD0e3bw3lT',#5,$,$,(#1661),#1667);
#1928= IFCRELDEFINESBYPROPERTIES('1joymEWvXA08X1gkAfqBp3',#5,$,$,(#1730),#1732);
#1929= IFCRELDEFINESBYPROPERTIES('3yJoiXtZv5LhegaM1yCH3b',#5,$,$,(#1730),#1736);
#1930= IFCRELDEFINESBYPROPERTIES('2fWwFEtVH0iBJ1yfdjdmWT',#5,$,$,(#1730),#1738);
#1931= IFCRELDEFINESBYPROPERTIES('1w28oNpsTAmBgNGTcthu08',#5,$,$,(#1730),#1744);
#1932= IFCRELDEFINESBYPROPERTIES('3wvhNMQffClh1D70VXn1r0',#5,$,$,(#1795),#1801);
#1933= IFCRELDEFINESBYPROPERTIES('359msW1uzALRLE8rbHeanb',#5,$,$,(#1825,#1795),#1810);
#1934= IFCRELDEFINESBYPROPERTIES('1vA8BFbUT9CRqMHCI6x1j5',#5,$,$,(#1825,#1795),#1812);
#1935= IFCRELDEFINESBYPROPERTIES('356O$9MMDF4vUnBTTzl4d5',#5,$,$,(#1825,#1795),#1819);
#1936= IFCRELDEFINESBYPROPERTIES('2U37V3k9v0mRUssOKk5bdV',#5,$,$,(#1825),#1828);
#1937= IFCRELDEFINESBYPROPERTIES('1m$h$HDhH3AwbxQaZBh561',#5,$,$,(#1867),#1873);
#1938= IFCRELDEFINESBYPROPERTIES('1$tfrJTqT7MBfG3mwRrKa6',#5,$,$,(#1867),#1882);
#1939= IFCRELDEFINESBYPROPERTIES('2LGkBHdpjBRhuJcpkw2j$W',#5,$,$,(#1867),#1884);
#1940= IFCRELDEFINESBYPROPERTIES('2aZZNgjBT498GyFHjN6cAl',#5,$,$,(#1867),#1891);
#1941= IFCRELDEFINESBYTYPE('0BdX3C3Sv4xBR9VON8V2ng',#5,$,$,(#986,#969,#667,#584,#506,#423,#344,#337,#330,#323,#316,#309,#302,#295,#288,#281,#274,#267,#260,#253,#246,#239,#232,#133),#134);
#1942= IFCRELDEFINESBYTYPE('0ikoC$caf0aPIWe6fPdO2S',#5,$,$,(#1206,#1186,#1106,#1072),#1073);
#1943= IFCRELDEFINESBYTYPE('2qkOUBEar6suhU$2beL4f5',#5,$,$,(#1654,#1645,#1433,#1327),#1328);
#1944= IFCRELDEFINESBYTYPE('0DKULEQA97JgQE2xfpK775',#5,$,$,(#1661,#1564),#1565);
#1945= IFCRELDEFINESBYTYPE('2PchhuYKD2ERbFHv14AjyR',#5,$,$,(#1730,#1621),#1622);
#1946= IFCRELDEFINESBYTYPE('3fuJ4McxD38vlveFLl71GJ',#5,$,$,(#1825,#1795),#1796);
#1947= IFCRELDEFINESBYTYPE('3jS$r6Voj5uOk$YhPwFBuX',#5,$,$,(#1867),#1868);
#1948= IFCRELASSOCIATESMATERIAL('1WkkKZaV93WuiSIcC5AUQa',#5,$,$,(#667,#584,#506,#423,#344,#337,#330,#323,#316,#309,#302,#295,#288,#281,#274,#267,#260,#253,#246,#239,#232,#133),#152);
#1949= IFCRELASSOCIATESMATERIAL('3ZXdq43mj5d9eoVQAob7v$',#5,$,$,(#986,#969),#979);
#1950= IFCRELASSOCIATESMATERIAL('29PAu8FPD5SBGvBWhmgG3i',#5,$,$,(#1867,#1825,#1795,#1730,#1661,#1654,#1645,#1621,#1564,#1433,#1327,#1206,#1186,#1106,#1072),#1100);
#1951= IFCPRESENTATIONLAYERASSIGNMENT('BoltArray',$,(#126,#226,#234,#241,#248,#255,#262,#269,#276,#283,#290,#297,#304,#311,#318,#325,#332,#339,#417,#501,#579,#662,#962,#981),$);
#1952= IFCPRESENTATIONLAYERASSIGNMENT('PLATE-12',$,(#1065,#1101,#1181,#1201),$);
#1953= IFCPRESENTATIONLAYERASSIGNMENT('PLATE-8',$,(#1320,#1426,#1557,#1614,#1640,#1649,#1656,#1725),$);
#1954= IFCPRESENTATIONLAYERASSIGNMENT('PLATE-18',$,(#1788,#1820),$);
#1955= IFCPRESENTATIONLAYERASSIGNMENT('PLATE-20',$,(#1862),$);
ENDSEC;

END-ISO-10303-21;
