ISO-10303-21;
HEADER;
FILE_DESCRIPTION(('ViewDefinition[CoordinationView_V2.0, QuantityTakeOffAddOnView]', 'ExchangeRequirement[Structural, SurfaceGeometry]', 'Option [BaseQuantities:On]', 'Option [GridExport:On]', 'Option [Assemblies:Off]', 'Option [Bolts:On]', 'Option [Rebars:On]', 'Option [PourObjects:Off]', 'Option [Welds:Off]', 'Option [SurfaceTreatments:On]', 'Option [LocationBy:0]', 'Option [ViewColors:Off]', 'Option [SectionedSpine:Off]', 'Option [PropertySets:On]', 'Option [Export all:Off]'),'2;1');
FILE_NAME('5-2-A52_1.ifc','2026-03-10T08:04:12',('DESKTOP-NLV509P\\Ahmed'),('Structural Designer'),'IFC Parser version: 3.13.2','Tekla Structures 2023 Service Pack 8, IFC Export Version: 4.0.0.0 Jan 19 2024','');
FILE_SCHEMA(('IFC2X3'));
ENDSEC;

DATA;
#1= IFCPERSON('DESKTOP-NLV509P\\Ahmed','Undefined',$,$,$,$,$,$);
#2= IFCORGANIZATION($,'Trimble Solutions Corporation',$,$,$);
#3= IFCPERSONANDORGANIZATION(#1,#2,$);
#4= IFCAPPLICATION(#2,'2023 Service Pack 8','Tekla Structures','Multi material modeling');
#5= IFCOWNERHISTORY(#3,#4,$,.NOCHANGE.,$,$,$,1773119052);
#6= IFCCARTESIANPOINT((0.,0.,0.));
#7= IFCDIRECTION((1.,0.,0.));
#8= IFCDIRECTION((0.,1.,0.));
#9= IFCDIRECTION((0.,0.,1.));
#10= IFCAXIS2PLACEMENT3D(#6,#9,#7);
#11= IFCGEOMETRICREPRESENTATIONCONTEXT($,'Model',3,1.E-05,#10,$);
#12= IFCGEOMETRICREPRESENTATIONSUBCONTEXT('Body','Model',*,*,*,*,#11,$,.MODEL_VIEW.,$);
#13= IFCGEOMETRICREPRESENTATIONSUBCONTEXT('Axis','Model',*,*,*,*,#11,$,.GRAPH_VIEW.,$);
#14= IFCGEOMETRICREPRESENTATIONSUBCONTEXT('FootPrint','Model',*,*,*,*,#11,$,.MODEL_VIEW.,$);
#15= IFCSIUNIT(*,.LENGTHUNIT.,.MILLI.,.METRE.);
#16= IFCMEASUREWITHUNIT(IFCRATIOMEASURE(304.8),#15);
#17= IFCDIMENSIONALEXPONENTS(1,0,0,0,0,0,0);
#18= IFCCONVERSIONBASEDUNIT(#17,.LENGTHUNIT.,'FOOT',#16);
#19= IFCSIUNIT(*,.AREAUNIT.,$,.SQUARE_METRE.);
#20= IFCMEASUREWITHUNIT(IFCRATIOMEASURE(0.09290304),#19);
#21= IFCDIMENSIONALEXPONENTS(2,0,0,0,0,0,0);
#22= IFCCONVERSIONBASEDUNIT(#21,.AREAUNIT.,'SQUARE FOOT',#20);
#23= IFCSIUNIT(*,.VOLUMEUNIT.,$,.CUBIC_METRE.);
#24= IFCMEASUREWITHUNIT(IFCRATIOMEASURE(0.028316846592),#23);
#25= IFCDIMENSIONALEXPONENTS(3,0,0,0,0,0,0);
#26= IFCCONVERSIONBASEDUNIT(#25,.VOLUMEUNIT.,'CUBIC FOOT',#24);
#27= IFCSIUNIT(*,.MASSUNIT.,.KILO.,.GRAM.);
#28= IFCSIUNIT(*,.TIMEUNIT.,$,.SECOND.);
#29= IFCSIUNIT(*,.PLANEANGLEUNIT.,$,.RADIAN.);
#30= IFCMEASUREWITHUNIT(IFCRATIOMEASURE(0.0174532925199433),#29);
#31= IFCDIMENSIONALEXPONENTS(0,0,0,0,0,0,0);
#32= IFCCONVERSIONBASEDUNIT(#31,.PLANEANGLEUNIT.,'DEGREE',#30);
#33= IFCSIUNIT(*,.SOLIDANGLEUNIT.,$,.STERADIAN.);
#34= IFCSIUNIT(*,.THERMODYNAMICTEMPERATUREUNIT.,$,.DEGREE_CELSIUS.);
#35= IFCSIUNIT(*,.LUMINOUSINTENSITYUNIT.,$,.LUMEN.);
#36= IFCUNITASSIGNMENT((#15,#19,#23,#27,#28,#29,#33,#34,#35));
#37= IFCPROJECT('2RfgqwJHXCjRC52to13MzU',#5,'Undefined',$,$,$,$,(#11),#36);
#38= IFCLOCALPLACEMENT($,#10);
#39= IFCSITE('0mbHli1DbBEum$scdFxxop',#5,'Undefined',$,$,#38,$,$,.ELEMENT.,$,$,$,$,$);
#40= IFCLOCALPLACEMENT(#38,#10);
#41= IFCBUILDING('2Ybhm6McXDyPV7C$0xazEI',#5,'Undefined',$,$,#40,$,$,.ELEMENT.,$,$,$);
#42= IFCLOCALPLACEMENT(#40,#10);
#43= IFCBUILDINGSTOREY('3gJPpYF7LCbf7I109fNVl5',#5,'Undefined',$,$,#42,$,$,.ELEMENT.,0.);
#44= IFCOWNERHISTORY(#3,#4,$,.NOCHANGE.,$,$,$,1770796800);
#45= IFCCOLOURRGB($,0.698039215686274,0.4,0.);
#46= IFCSURFACESTYLERENDERING(#45,0.,$,$,$,$,IFCNORMALISEDRATIOMEASURE(0.00390625),IFCSPECULAREXPONENT(10.),.NOTDEFINED.);
#47= IFCSURFACESTYLE('Undefined',.POSITIVE.,(#46));
#48= IFCPRESENTATIONSTYLEASSIGNMENT((#47));
#49= IFCCARTESIANPOINT((15.,101.189005267177,0.));
#50= IFCCARTESIANPOINT((12.9903810567663,101.189005267177,7.50000000000045));
#51= IFCCARTESIANPOINT((7.4999999999991,101.189005267177,12.9903810567671));
#52= IFCCARTESIANPOINT((-1.55450397240048E-12,101.189005267177,15.));
#53= IFCCARTESIANPOINT((-7.50000000000179,101.189005267177,12.9903810567655));
#54= IFCCARTESIANPOINT((-12.9903810567679,101.189005267177,7.49999999999776));
#55= IFCCARTESIANPOINT((-15.,101.189005267177,-3.10900794480097E-12));
#56= IFCCARTESIANPOINT((-12.9903810567648,101.189005267177,-7.50000000000313));
#57= IFCCARTESIANPOINT((-7.49999999999642,101.189005267177,-12.9903810567686));
#58= IFCCARTESIANPOINT((4.64685857183207E-12,101.189005267177,-15.));
#59= IFCCARTESIANPOINT((7.50000000000448,101.189005267177,-12.990381056764));
#60= IFCCARTESIANPOINT((12.9903810567694,101.189005267177,-7.49999999999507));
#61= IFCCARTESIANPOINT((15.,126.289005274068,0.));
#62= IFCCARTESIANPOINT((12.9903810567663,126.289005274068,7.50000000000045));
#63= IFCCARTESIANPOINT((7.4999999999991,126.289005274068,12.9903810567671));
#64= IFCCARTESIANPOINT((-1.55450397240048E-12,126.289005274068,15.));
#65= IFCCARTESIANPOINT((-7.50000000000179,126.289005274068,12.9903810567655));
#66= IFCCARTESIANPOINT((-12.9903810567679,126.289005274068,7.49999999999776));
#67= IFCCARTESIANPOINT((-15.,126.289005274068,-3.10900794480097E-12));
#68= IFCCARTESIANPOINT((-12.9903810567648,126.289005274068,-7.50000000000313));
#69= IFCCARTESIANPOINT((-7.49999999999642,126.289005274068,-12.9903810567686));
#70= IFCCARTESIANPOINT((4.64685857183207E-12,126.289005274068,-15.));
#71= IFCCARTESIANPOINT((7.50000000000448,126.289005274068,-12.990381056764));
#72= IFCCARTESIANPOINT((12.9903810567694,126.289005274068,-7.49999999999507));
#73= IFCPOLYLOOP((#49,#50,#51,#52,#53,#54,#55,#56,#57,#58,#59,#60));
#74= IFCFACEOUTERBOUND(#73,.T.);
#75= IFCFACE((#74));
#76= IFCPOLYLOOP((#72,#71,#70,#69,#68,#67,#66,#65,#64,#63,#62,#61));
#77= IFCFACEOUTERBOUND(#76,.T.);
#78= IFCFACE((#77));
#79= IFCPOLYLOOP((#49,#61,#62,#50));
#80= IFCFACEOUTERBOUND(#79,.T.);
#81= IFCFACE((#80));
#82= IFCPOLYLOOP((#50,#62,#63,#51));
#83= IFCFACEOUTERBOUND(#82,.T.);
#84= IFCFACE((#83));
#85= IFCPOLYLOOP((#51,#63,#64,#52));
#86= IFCFACEOUTERBOUND(#85,.T.);
#87= IFCFACE((#86));
#88= IFCPOLYLOOP((#52,#64,#65,#53));
#89= IFCFACEOUTERBOUND(#88,.T.);
#90= IFCFACE((#89));
#91= IFCPOLYLOOP((#53,#65,#66,#54));
#92= IFCFACEOUTERBOUND(#91,.T.);
#93= IFCFACE((#92));
#94= IFCPOLYLOOP((#54,#66,#67,#55));
#95= IFCFACEOUTERBOUND(#94,.T.);
#96= IFCFACE((#95));
#97= IFCPOLYLOOP((#55,#67,#68,#56));
#98= IFCFACEOUTERBOUND(#97,.T.);
#99= IFCFACE((#98));
#100= IFCPOLYLOOP((#56,#68,#69,#57));
#101= IFCFACEOUTERBOUND(#100,.T.);
#102= IFCFACE((#101));
#103= IFCPOLYLOOP((#57,#69,#70,#58));
#104= IFCFACEOUTERBOUND(#103,.T.);
#105= IFCFACE((#104));
#106= IFCPOLYLOOP((#58,#70,#71,#59));
#107= IFCFACEOUTERBOUND(#106,.T.);
#108= IFCFACE((#107));
#109= IFCPOLYLOOP((#59,#71,#72,#60));
#110= IFCFACEOUTERBOUND(#109,.T.);
#111= IFCFACE((#110));
#112= IFCPOLYLOOP((#60,#72,#61,#49));
#113= IFCFACEOUTERBOUND(#112,.T.);
#114= IFCFACE((#113));
#115= IFCCLOSEDSHELL((#75,#78,#81,#84,#87,#90,#93,#96,#99,#102,#105,#108,#111,#114));
#116= IFCCOLOURRGB($,0.,0.,0.);
#117= IFCSURFACESTYLERENDERING(#116,0.,$,$,$,$,IFCNORMALISEDRATIOMEASURE(0.00390625),IFCSPECULAREXPONENT(10.),.NOTDEFINED.);
#118= IFCSURFACESTYLE($,.POSITIVE.,(#117));
#119= IFCPRESENTATIONSTYLEASSIGNMENT((#118));
#120= IFCFACETEDBREP(#115);
#121= IFCSTYLEDITEM(#120,(#119),$);
#122= IFCCARTESIANTRANSFORMATIONOPERATOR3D($,$,#6,$,$);
#123= IFCSHAPEREPRESENTATION(#12,'Body','Brep',(#120));
#124= IFCREPRESENTATIONMAP(#10,#123);
#125= IFCMAPPEDITEM(#124,#122);
#126= IFCSHAPEREPRESENTATION(#12,'Body','MappedRepresentation',(#125));
#127= IFCPRODUCTDEFINITIONSHAPE($,$,(#126));
#128= IFCCARTESIANPOINT((57016.1699606967,26863.0033444464,17555.0001145394));
#129= IFCDIRECTION((0.,0.,-1.));
#130= IFCDIRECTION((8.08430001292769E-05,-0.999999996732205,0.));
#131= IFCAXIS2PLACEMENT3D(#128,#129,#130);
#132= IFCLOCALPLACEMENT(#42,#131);
#133= IFCMECHANICALFASTENER('2H1yIXAQD3bAmk7Ql$NfFD',#44,'Bolt assembly',$,$,#132,#127,'ID9107c4a1-29a3-4394-ac2e-1dabff5e93cd',28.,25.);
#134= IFCMECHANICALFASTENERTYPE('0hlDqELw13qv5xU9NwD4Gg',#5,'Bolt assembly',$,$,$,$,$,$);
#135= IFCPROPERTYSINGLEVALUE('Washer count',$,IFCINTEGER(0),$);
#136= IFCPROPERTYSINGLEVALUE('Washer diameter',$,IFCLENGTHMEASURE(28.),$);
#137= IFCPROPERTYSINGLEVALUE('Washer type',$,IFCLABEL('PLAIN'),$);
#138= IFCPROPERTYSINGLEVALUE('Washer name',$,IFCLABEL(''),$);
#139= IFCPROPERTYSINGLEVALUE('Nut count',$,IFCINTEGER(0),$);
#140= IFCPROPERTYSINGLEVALUE('Nut type',$,IFCLABEL('HEAVY_HEX'),$);
#141= IFCPROPERTYSINGLEVALUE('Nut name',$,IFCLABEL(''),$);
#142= IFCPROPERTYSINGLEVALUE('Slotted hole y',$,IFCLENGTHMEASURE(0.),$);
#143= IFCPROPERTYSINGLEVALUE('Slotted hole x',$,IFCLENGTHMEASURE(0.),$);
#144= IFCPROPERTYSINGLEVALUE('Bolt hole diameter',$,IFCLENGTHMEASURE(30.),$);
#145= IFCPROPERTYSINGLEVALUE('Location',$,IFCLABEL('Site'),$);
#146= IFCPROPERTYSINGLEVALUE('Bolt count',$,IFCINTEGER(1),$);
#147= IFCPROPERTYSINGLEVALUE('Bolt size',$,IFCLENGTHMEASURE(30.),$);
#148= IFCPROPERTYSINGLEVALUE('Bolt length',$,IFCLENGTHMEASURE(25.),$);
#149= IFCPROPERTYSINGLEVALUE('Bolt standard',$,IFCLABEL(''),$);
#150= IFCPROPERTYSINGLEVALUE('Bolt Name',$,IFCLABEL(''),$);
#151= IFCPROPERTYSET('1i_XqFG7T6lO1ju976z2Ef',#5,'Tekla Bolt','Bolt Properties',(#135,#136,#137,#138,#139,#140,#141,#142,#143,#144,#145,#146,#147,#148,#149,#150));
#152= IFCMATERIAL('Undefined');
#153= IFCMAPPEDITEM(#124,#122);
#154= IFCSHAPEREPRESENTATION(#12,'Body','MappedRepresentation',(#153));
#155= IFCPRODUCTDEFINITIONSHAPE($,$,(#154));
#156= IFCCARTESIANPOINT((57016.179739789,26693.0033447275,17555.0001144828));
#157= IFCAXIS2PLACEMENT3D(#156,#129,#130);
#158= IFCLOCALPLACEMENT(#42,#157);
#159= IFCMECHANICALFASTENER('2lEXw8eH53hvsrRSwAQ0gi',#44,'Bolt assembly',$,$,#158,#155,'IDaf3a1e88-a111-43af-9db5-6dce8a680aac',28.,25.);
#160= IFCMAPPEDITEM(#124,#122);
#161= IFCSHAPEREPRESENTATION(#12,'Body','MappedRepresentation',(#160));
#162= IFCPRODUCTDEFINITIONSHAPE($,$,(#161));
#163= IFCCARTESIANPOINT((57016.1895188813,26523.0033450087,17555.0001144263));
#164= IFCAXIS2PLACEMENT3D(#163,#129,#130);
#165= IFCLOCALPLACEMENT(#42,#164);
#166= IFCMECHANICALFASTENER('3Phj4jjbP0ixIRJjjnleDx',#44,'Bolt assembly',$,$,#165,#162,'IDd9aed12d-b656-40b3-b49b-4edb71be837b',28.,25.);
#167= IFCMAPPEDITEM(#124,#122);
#168= IFCSHAPEREPRESENTATION(#12,'Body','MappedRepresentation',(#167));
#169= IFCPRODUCTDEFINITIONSHAPE($,$,(#168));
#170= IFCCARTESIANPOINT((57016.1699607443,26863.0033445114,17355.0001145389));
#171= IFCAXIS2PLACEMENT3D(#170,#129,#130);
#172= IFCLOCALPLACEMENT(#42,#171);
#173= IFCMECHANICALFASTENER('3HkzrCCWDDmBxU64kj3UDZ',#44,'Bolt assembly',$,$,#172,#169,'IDd1bbdd4c-3203-4dc0-bede-184bad0de363',28.,25.);
#174= IFCMAPPEDITEM(#124,#122);
#175= IFCSHAPEREPRESENTATION(#12,'Body','MappedRepresentation',(#174));
#176= IFCPRODUCTDEFINITIONSHAPE($,$,(#175));
#177= IFCCARTESIANPOINT((57016.1797398366,26693.0033447926,17355.0001144823));
#178= IFCAXIS2PLACEMENT3D(#177,#129,#130);
#179= IFCLOCALPLACEMENT(#42,#178);
#180= IFCMECHANICALFASTENER('1$4BcdyKr8QuuLcJotWzMk',#44,'Bolt assembly',$,$,#179,#176,'ID7f10b9a7-f14d-486b-8e15-993cb783d5ae',28.,25.);
#181= IFCMAPPEDITEM(#124,#122);
#182= IFCSHAPEREPRESENTATION(#12,'Body','MappedRepresentation',(#181));
#183= IFCPRODUCTDEFINITIONSHAPE($,$,(#182));
#184= IFCCARTESIANPOINT((57016.1895189289,26523.0033450737,17355.0001144258));
#185= IFCAXIS2PLACEMENT3D(#184,#129,#130);
#186= IFCLOCALPLACEMENT(#42,#185);
#187= IFCMECHANICALFASTENER('1jk2xttHTFPvXoF6J$Ihj6',#44,'Bolt assembly',$,$,#186,#183,'ID6db82ef7-dd17-4f67-9872-3c64ff4abb46',28.,25.);
#188= IFCMAPPEDITEM(#124,#122);
#189= IFCSHAPEREPRESENTATION(#12,'Body','MappedRepresentation',(#188));
#190= IFCPRODUCTDEFINITIONSHAPE($,$,(#189));
#191= IFCCARTESIANPOINT((57016.1699607919,26863.0033445765,17155.0001145384));
#192= IFCAXIS2PLACEMENT3D(#191,#129,#130);
#193= IFCLOCALPLACEMENT(#42,#192);
#194= IFCMECHANICALFASTENER('3pGYRWKsXAjg5YLC_KTojS',#44,'Bolt assembly',$,$,#193,#190,'IDf34226e0-5368-4ab6-a162-54cf94772b5c',28.,25.);
#195= IFCMAPPEDITEM(#124,#122);
#196= IFCSHAPEREPRESENTATION(#12,'Body','MappedRepresentation',(#195));
#197= IFCPRODUCTDEFINITIONSHAPE($,$,(#196));
#198= IFCCARTESIANPOINT((57016.1797398842,26693.0033448576,17155.0001144819));
#199= IFCAXIS2PLACEMENT3D(#198,#129,#130);
#200= IFCLOCALPLACEMENT(#42,#199);
#201= IFCMECHANICALFASTENER('26fLFtqTnBeRTY7zpa2xhc',#44,'Bolt assembly',$,$,#200,#197,'ID86a553f7-d1dc-4ba1-b762-1fdce40bbae6',28.,25.);
#202= IFCMAPPEDITEM(#124,#122);
#203= IFCSHAPEREPRESENTATION(#12,'Body','MappedRepresentation',(#202));
#204= IFCPRODUCTDEFINITIONSHAPE($,$,(#203));
#205= IFCCARTESIANPOINT((57016.1895189766,26523.0033451387,17155.0001144253));
#206= IFCAXIS2PLACEMENT3D(#205,#129,#130);
#207= IFCLOCALPLACEMENT(#42,#206);
#208= IFCMECHANICALFASTENER('1yRyRtCdvBGAEWxuoqu629',#44,'Bolt assembly',$,$,#207,#204,'ID7c6fc6f7-327e-4b40-a3a0-ef8cb4e06089',28.,25.);
#209= IFCMAPPEDITEM(#124,#122);
#210= IFCSHAPEREPRESENTATION(#12,'Body','MappedRepresentation',(#209));
#211= IFCPRODUCTDEFINITIONSHAPE($,$,(#210));
#212= IFCCARTESIANPOINT((57016.1699608395,26863.0033446415,16955.0001145379));
#213= IFCAXIS2PLACEMENT3D(#212,#129,#130);
#214= IFCLOCALPLACEMENT(#42,#213);
#215= IFCMECHANICALFASTENER('3O2GOjDL51qOE4SxZHjpUt',#44,'Bolt assembly',$,$,#214,#211,'IDd809062d-3551-41d1-8384-73b8d1b737b7',28.,25.);
#216= IFCMAPPEDITEM(#124,#122);
#217= IFCSHAPEREPRESENTATION(#12,'Body','MappedRepresentation',(#216));
#218= IFCPRODUCTDEFINITIONSHAPE($,$,(#217));
#219= IFCCARTESIANPOINT((57016.1797399319,26693.0033449226,16955.0001144814));
#220= IFCAXIS2PLACEMENT3D(#219,#129,#130);
#221= IFCLOCALPLACEMENT(#42,#220);
#222= IFCMECHANICALFASTENER('0YHTNIWYD3n81Lp65wtrZN',#44,'Bolt assembly',$,$,#221,#218,'ID2245d5d2-8223-43c4-8055-cc617adf58d7',28.,25.);
#223= IFCMAPPEDITEM(#124,#122);
#224= IFCSHAPEREPRESENTATION(#12,'Body','MappedRepresentation',(#223));
#225= IFCPRODUCTDEFINITIONSHAPE($,$,(#224));
#226= IFCCARTESIANPOINT((57016.1895190242,26523.0033452038,16955.0001144248));
#227= IFCAXIS2PLACEMENT3D(#226,#129,#130);
#228= IFCLOCALPLACEMENT(#42,#227);
#229= IFCMECHANICALFASTENER('2VP8MTE$X2NfbPhf$Wf8ET',#44,'Bolt assembly',$,$,#228,#225,'ID9f64859d-3bf8-425e-9959-ae9fe0a4839d',28.,25.);
#230= IFCMAPPEDITEM(#124,#122);
#231= IFCSHAPEREPRESENTATION(#12,'Body','MappedRepresentation',(#230));
#232= IFCPRODUCTDEFINITIONSHAPE($,$,(#231));
#233= IFCCARTESIANPOINT((57016.1699609348,26863.0033447715,16555.000114537));
#234= IFCAXIS2PLACEMENT3D(#233,#129,#130);
#235= IFCLOCALPLACEMENT(#42,#234);
#236= IFCMECHANICALFASTENER('1YDSU6jAX78vdhItBPW4J3',#44,'Bolt assembly',$,$,#235,#232,'ID6235c786-b4a8-4723-99eb-4b72d98044c3',28.,25.);
#237= IFCMAPPEDITEM(#124,#122);
#238= IFCSHAPEREPRESENTATION(#12,'Body','MappedRepresentation',(#237));
#239= IFCPRODUCTDEFINITIONSHAPE($,$,(#238));
#240= IFCCARTESIANPOINT((57016.1797400271,26693.0033450527,16555.0001144804));
#241= IFCAXIS2PLACEMENT3D(#240,#129,#130);
#242= IFCLOCALPLACEMENT(#42,#241);
#243= IFCMECHANICALFASTENER('31NRmPUt9EbeVnqYRyOAgV',#44,'Bolt assembly',$,$,#242,#239,'IDc15dbc19-7b72-4e96-87f1-d226fc60aa9f',28.,25.);
#244= IFCMAPPEDITEM(#124,#122);
#245= IFCSHAPEREPRESENTATION(#12,'Body','MappedRepresentation',(#244));
#246= IFCPRODUCTDEFINITIONSHAPE($,$,(#245));
#247= IFCCARTESIANPOINT((57016.1895191194,26523.0033453338,16555.0001144239));
#248= IFCAXIS2PLACEMENT3D(#247,#129,#130);
#249= IFCLOCALPLACEMENT(#42,#248);
#250= IFCMECHANICALFASTENER('3aXVj_6ZvFLBfYbNScIWL2',#44,'Bolt assembly',$,$,#249,#246,'IDe485fb7e-1a3e-4f54-ba62-9577264a0542',28.,25.);
#251= IFCMAPPEDITEM(#124,#122);
#252= IFCSHAPEREPRESENTATION(#12,'Body','MappedRepresentation',(#251));
#253= IFCPRODUCTDEFINITIONSHAPE($,$,(#252));
#254= IFCCARTESIANPOINT((57016.1699609824,26863.0033448366,16355.0001145365));
#255= IFCAXIS2PLACEMENT3D(#254,#129,#130);
#256= IFCLOCALPLACEMENT(#42,#255);
#257= IFCMECHANICALFASTENER('2eCai7$N5FzfWOKPGPcKje',#44,'Bolt assembly',$,$,#256,#253,'IDa8324b07-fd71-4ff6-9818-519419994b68',28.,25.);
#258= IFCMAPPEDITEM(#124,#122);
#259= IFCSHAPEREPRESENTATION(#12,'Body','MappedRepresentation',(#258));
#260= IFCPRODUCTDEFINITIONSHAPE($,$,(#259));
#261= IFCCARTESIANPOINT((57016.1797400747,26693.0033451177,16355.00011448));
#262= IFCAXIS2PLACEMENT3D(#261,#129,#130);
#263= IFCLOCALPLACEMENT(#42,#262);
#264= IFCMECHANICALFASTENER('2I53HeT_b959JOXz7vjHsr',#44,'Bolt assembly',$,$,#263,#260,'ID92143468-77e9-4914-94d8-87d1f9b51db5',28.,25.);
#265= IFCMAPPEDITEM(#124,#122);
#266= IFCSHAPEREPRESENTATION(#12,'Body','MappedRepresentation',(#265));
#267= IFCPRODUCTDEFINITIONSHAPE($,$,(#266));
#268= IFCCARTESIANPOINT((57016.1895191671,26523.0033453989,16355.0001144234));
#269= IFCAXIS2PLACEMENT3D(#268,#129,#130);
#270= IFCLOCALPLACEMENT(#42,#269);
#271= IFCMECHANICALFASTENER('2cX7mLZXfFhu$dy_VQA2K2',#44,'Bolt assembly',$,$,#270,#267,'IDa6847c15-8e1a-4faf-8fe7-f3e7da282502',28.,25.);
#272= IFCMAPPEDITEM(#124,#122);
#273= IFCSHAPEREPRESENTATION(#12,'Body','MappedRepresentation',(#272));
#274= IFCPRODUCTDEFINITIONSHAPE($,$,(#273));
#275= IFCCARTESIANPOINT((57016.16996103,26863.0033449016,16155.000114536));
#276= IFCAXIS2PLACEMENT3D(#275,#129,#130);
#277= IFCLOCALPLACEMENT(#42,#276);
#278= IFCMECHANICALFASTENER('3BNJu6mkP0Levj5TZRKmSq',#44,'Bolt assembly',$,$,#277,#274,'IDcb5d3e06-c2e6-4056-8e6d-15d8db530734',28.,25.);
#279= IFCMAPPEDITEM(#124,#122);
#280= IFCSHAPEREPRESENTATION(#12,'Body','MappedRepresentation',(#279));
#281= IFCPRODUCTDEFINITIONSHAPE($,$,(#280));
#282= IFCCARTESIANPOINT((57016.1797401224,26693.0033451827,16155.0001144795));
#283= IFCAXIS2PLACEMENT3D(#282,#129,#130);
#284= IFCLOCALPLACEMENT(#42,#283);
#285= IFCMECHANICALFASTENER('1gDpDRza1AoubObzmdBfhP',#44,'Bolt assembly',$,$,#284,#281,'ID6a37335b-f640-4acb-8958-97dc272e9ad9',28.,25.);
#286= IFCMAPPEDITEM(#124,#122);
#287= IFCSHAPEREPRESENTATION(#12,'Body','MappedRepresentation',(#286));
#288= IFCPRODUCTDEFINITIONSHAPE($,$,(#287));
#289= IFCCARTESIANPOINT((57016.1895192147,26523.0033454639,16155.0001144229));
#290= IFCAXIS2PLACEMENT3D(#289,#129,#130);
#291= IFCLOCALPLACEMENT(#42,#290);
#292= IFCMECHANICALFASTENER('32TnDWOBD3UuU1gP3gDnz1',#44,'Bolt assembly',$,$,#291,#288,'IDc2771360-60b3-437b-8781-a990ea371f41',28.,25.);
#293= IFCMAPPEDITEM(#124,#122);
#294= IFCSHAPEREPRESENTATION(#12,'Body','MappedRepresentation',(#293));
#295= IFCPRODUCTDEFINITIONSHAPE($,$,(#294));
#296= IFCCARTESIANPOINT((57016.1699610776,26863.0033449666,15955.0001145356));
#297= IFCAXIS2PLACEMENT3D(#296,#129,#130);
#298= IFCLOCALPLACEMENT(#42,#297);
#299= IFCMECHANICALFASTENER('3mkzkQh05E9QwHLGwanxQ4',#44,'Bolt assembly',$,$,#298,#295,'IDf0bbdb9a-ac01-4e25-ae91-550ea4c7b684',28.,25.);
#300= IFCMAPPEDITEM(#124,#122);
#301= IFCSHAPEREPRESENTATION(#12,'Body','MappedRepresentation',(#300));
#302= IFCPRODUCTDEFINITIONSHAPE($,$,(#301));
#303= IFCCARTESIANPOINT((57016.17974017,26693.0033452478,15955.000114479));
#304= IFCAXIS2PLACEMENT3D(#303,#129,#130);
#305= IFCLOCALPLACEMENT(#42,#304);
#306= IFCMECHANICALFASTENER('2GK4z8vcz4x9O0bJiuh9Tc',#44,'Bolt assembly',$,$,#305,#302,'ID90504f48-e66f-44ec-9600-953b38ac9766',28.,25.);
#307= IFCMAPPEDITEM(#124,#122);
#308= IFCSHAPEREPRESENTATION(#12,'Body','MappedRepresentation',(#307));
#309= IFCPRODUCTDEFINITIONSHAPE($,$,(#308));
#310= IFCCARTESIANPOINT((57016.1895192623,26523.0033455289,15955.0001144225));
#311= IFCAXIS2PLACEMENT3D(#310,#129,#130);
#312= IFCLOCALPLACEMENT(#42,#311);
#313= IFCMECHANICALFASTENER('1Z77pJgo59Dhz5Av0QpImn',#44,'Bolt assembly',$,$,#312,#309,'ID631c7cd3-ab21-4936-bf45-2b901acd2c31',28.,25.);
#314= IFCCARTESIANPOINT((10.,-6.0005745663035,0.));
#315= IFCCARTESIANPOINT((8.66025403784421,-6.0005745663035,5.0000000000003));
#316= IFCCARTESIANPOINT((4.9999999999994,-6.0005745663035,8.66025403784473));
#317= IFCCARTESIANPOINT((-1.03633598160032E-12,-6.0005745663035,10.));
#318= IFCCARTESIANPOINT((-5.00000000000119,-6.0005745663035,8.6602540378437));
#319= IFCCARTESIANPOINT((-8.66025403784525,-6.0005745663035,4.99999999999851));
#320= IFCCARTESIANPOINT((-10.,-6.0005745663035,-2.07267196320065E-12));
#321= IFCCARTESIANPOINT((-8.66025403784318,-6.0005745663035,-5.00000000000209));
#322= IFCCARTESIANPOINT((-4.99999999999761,-6.0005745663035,-8.66025403784576));
#323= IFCCARTESIANPOINT((3.09790571455472E-12,-6.0005745663035,-10.));
#324= IFCCARTESIANPOINT((5.00000000000299,-6.0005745663035,-8.66025403784266));
#325= IFCCARTESIANPOINT((8.66025403784628,-6.0005745663035,-4.99999999999671));
#326= IFCCARTESIANPOINT((10.,6.09942543628708,0.));
#327= IFCCARTESIANPOINT((8.66025403784421,6.09942543628708,5.0000000000003));
#328= IFCCARTESIANPOINT((4.9999999999994,6.09942543628708,8.66025403784473));
#329= IFCCARTESIANPOINT((-1.03633598160032E-12,6.09942543628708,10.));
#330= IFCCARTESIANPOINT((-5.00000000000119,6.09942543628708,8.6602540378437));
#331= IFCCARTESIANPOINT((-8.66025403784525,6.09942543628708,4.99999999999851));
#332= IFCCARTESIANPOINT((-10.,6.09942543628708,-2.07267196320065E-12));
#333= IFCCARTESIANPOINT((-8.66025403784318,6.09942543628708,-5.00000000000209));
#334= IFCCARTESIANPOINT((-4.99999999999761,6.09942543628708,-8.66025403784576));
#335= IFCCARTESIANPOINT((3.09790571455472E-12,6.09942543628708,-10.));
#336= IFCCARTESIANPOINT((5.00000000000299,6.09942543628708,-8.66025403784266));
#337= IFCCARTESIANPOINT((8.66025403784628,6.09942543628708,-4.99999999999671));
#338= IFCPOLYLOOP((#314,#315,#316,#317,#318,#319,#320,#321,#322,#323,#324,#325));
#339= IFCFACEOUTERBOUND(#338,.T.);
#340= IFCFACE((#339));
#341= IFCPOLYLOOP((#337,#336,#335,#334,#333,#332,#331,#330,#329,#328,#327,#326));
#342= IFCFACEOUTERBOUND(#341,.T.);
#343= IFCFACE((#342));
#344= IFCPOLYLOOP((#314,#326,#327,#315));
#345= IFCFACEOUTERBOUND(#344,.T.);
#346= IFCFACE((#345));
#347= IFCPOLYLOOP((#315,#327,#328,#316));
#348= IFCFACEOUTERBOUND(#347,.T.);
#349= IFCFACE((#348));
#350= IFCPOLYLOOP((#316,#328,#329,#317));
#351= IFCFACEOUTERBOUND(#350,.T.);
#352= IFCFACE((#351));
#353= IFCPOLYLOOP((#317,#329,#330,#318));
#354= IFCFACEOUTERBOUND(#353,.T.);
#355= IFCFACE((#354));
#356= IFCPOLYLOOP((#318,#330,#331,#319));
#357= IFCFACEOUTERBOUND(#356,.T.);
#358= IFCFACE((#357));
#359= IFCPOLYLOOP((#319,#331,#332,#320));
#360= IFCFACEOUTERBOUND(#359,.T.);
#361= IFCFACE((#360));
#362= IFCPOLYLOOP((#320,#332,#333,#321));
#363= IFCFACEOUTERBOUND(#362,.T.);
#364= IFCFACE((#363));
#365= IFCPOLYLOOP((#321,#333,#334,#322));
#366= IFCFACEOUTERBOUND(#365,.T.);
#367= IFCFACE((#366));
#368= IFCPOLYLOOP((#322,#334,#335,#323));
#369= IFCFACEOUTERBOUND(#368,.T.);
#370= IFCFACE((#369));
#371= IFCPOLYLOOP((#323,#335,#336,#324));
#372= IFCFACEOUTERBOUND(#371,.T.);
#373= IFCFACE((#372));
#374= IFCPOLYLOOP((#324,#336,#337,#325));
#375= IFCFACEOUTERBOUND(#374,.T.);
#376= IFCFACE((#375));
#377= IFCPOLYLOOP((#325,#337,#326,#314));
#378= IFCFACEOUTERBOUND(#377,.T.);
#379= IFCFACE((#378));
#380= IFCCLOSEDSHELL((#340,#343,#346,#349,#352,#355,#358,#361,#364,#367,#370,#373,#376,#379));
#381= IFCFACETEDBREP(#380);
#382= IFCSTYLEDITEM(#381,(#119),$);
#383= IFCSHAPEREPRESENTATION(#12,'Body','Brep',(#381));
#384= IFCREPRESENTATIONMAP(#10,#383);
#385= IFCMAPPEDITEM(#384,#122);
#386= IFCSHAPEREPRESENTATION(#12,'Body','MappedRepresentation',(#385));
#387= IFCPRODUCTDEFINITIONSHAPE($,$,(#386));
#388= IFCCARTESIANPOINT((56949.9965682565,26612.9987162651,17519.0000478129));
#389= IFCDIRECTION((0.999999998905728,4.67429999953312E-05,-1.90700011080481E-06));
#390= IFCDIRECTION((1.90700011443238E-06,0.,0.999999999998182));
#391= IFCAXIS2PLACEMENT3D(#388,#389,#390);
#392= IFCLOCALPLACEMENT(#42,#391);
#393= IFCMECHANICALFASTENER('1D76rT9YPFrvMgU6t8zE1d',#44,'Bolt assembly',$,$,#392,#387,'ID4d1c6d5d-2626-4fd7-95aa-786dc8f4e067',18.,12.);
#394= IFCPROPERTYSINGLEVALUE('Washer diameter',$,IFCLENGTHMEASURE(18.),$);
#395= IFCPROPERTYSINGLEVALUE('Bolt hole diameter',$,IFCLENGTHMEASURE(20.),$);
#396= IFCPROPERTYSINGLEVALUE('Bolt size',$,IFCLENGTHMEASURE(20.),$);
#397= IFCPROPERTYSINGLEVALUE('Bolt length',$,IFCLENGTHMEASURE(12.),$);
#398= IFCPROPERTYSET('2$rtx4BKjBkejZXRgp8eQe',#5,'Tekla Bolt','Bolt Properties',(#135,#394,#137,#138,#139,#140,#141,#142,#143,#395,#145,#146,#396,#397,#149,#150));
#399= IFCMAPPEDITEM(#384,#122);
#400= IFCSHAPEREPRESENTATION(#12,'Body','MappedRepresentation',(#399));
#401= IFCPRODUCTDEFINITIONSHAPE($,$,(#400));
#402= IFCCARTESIANPOINT((56949.9788783085,26772.9985919147,17519.0000477422));
#403= IFCAXIS2PLACEMENT3D(#402,#389,#390);
#404= IFCLOCALPLACEMENT(#42,#403);
#405= IFCMECHANICALFASTENER('3lUp$w52P0_Rt4Dvc7l_yi',#44,'Bolt assembly',$,$,#404,#401,'IDef7b3ffa-1426-40f9-bdc4-379987bfef2c',18.,12.);
#406= IFCCARTESIANPOINT((30.,4.17885210879376E-08,0.));
#407= IFCCARTESIANPOINT((25.9807621135326,4.17885210879376E-08,15.0000000000009));
#408= IFCCARTESIANPOINT((14.9999999999982,4.17885210879376E-08,25.9807621135342));
#409= IFCCARTESIANPOINT((-3.10900794480097E-12,4.17885210879376E-08,30.));
#410= IFCCARTESIANPOINT((-15.0000000000036,4.17885210879376E-08,25.9807621135311));
#411= IFCCARTESIANPOINT((-25.9807621135357,4.17885210879376E-08,14.9999999999955));
#412= IFCCARTESIANPOINT((-30.,4.17885210879376E-08,-6.21801588960193E-12));
#413= IFCCARTESIANPOINT((-25.9807621135295,4.17885210879376E-08,-15.0000000000063));
#414= IFCCARTESIANPOINT((-14.9999999999928,4.17885210879376E-08,-25.9807621135373));
#415= IFCCARTESIANPOINT((9.29371714366415E-12,4.17885210879376E-08,-30.));
#416= IFCCARTESIANPOINT((15.000000000009,4.17885210879376E-08,-25.980762113528));
#417= IFCCARTESIANPOINT((25.9807621135389,4.17885210879376E-08,-14.9999999999901));
#418= IFCCARTESIANPOINT((30.,8.10000004175447,0.));
#419= IFCCARTESIANPOINT((25.9807621135326,8.10000004175447,15.0000000000009));
#420= IFCCARTESIANPOINT((14.9999999999982,8.10000004175447,25.9807621135342));
#421= IFCCARTESIANPOINT((-3.10900794480097E-12,8.10000004175447,30.));
#422= IFCCARTESIANPOINT((-15.0000000000036,8.10000004175447,25.9807621135311));
#423= IFCCARTESIANPOINT((-25.9807621135357,8.10000004175447,14.9999999999955));
#424= IFCCARTESIANPOINT((-30.,8.10000004175447,-6.21801588960193E-12));
#425= IFCCARTESIANPOINT((-25.9807621135295,8.10000004175447,-15.0000000000063));
#426= IFCCARTESIANPOINT((-14.9999999999928,8.10000004175447,-25.9807621135373));
#427= IFCCARTESIANPOINT((9.29371714366415E-12,8.10000004175447,-30.));
#428= IFCCARTESIANPOINT((15.000000000009,8.10000004175447,-25.980762113528));
#429= IFCCARTESIANPOINT((25.9807621135389,8.10000004175447,-14.9999999999901));
#430= IFCPOLYLOOP((#406,#407,#408,#409,#410,#411,#412,#413,#414,#415,#416,#417));
#431= IFCFACEOUTERBOUND(#430,.T.);
#432= IFCFACE((#431));
#433= IFCPOLYLOOP((#429,#428,#427,#426,#425,#424,#423,#422,#421,#420,#419,#418));
#434= IFCFACEOUTERBOUND(#433,.T.);
#435= IFCFACE((#434));
#436= IFCPOLYLOOP((#406,#418,#419,#407));
#437= IFCFACEOUTERBOUND(#436,.T.);
#438= IFCFACE((#437));
#439= IFCPOLYLOOP((#407,#419,#420,#408));
#440= IFCFACEOUTERBOUND(#439,.T.);
#441= IFCFACE((#440));
#442= IFCPOLYLOOP((#408,#420,#421,#409));
#443= IFCFACEOUTERBOUND(#442,.T.);
#444= IFCFACE((#443));
#445= IFCPOLYLOOP((#409,#421,#422,#410));
#446= IFCFACEOUTERBOUND(#445,.T.);
#447= IFCFACE((#446));
#448= IFCPOLYLOOP((#410,#422,#423,#411));
#449= IFCFACEOUTERBOUND(#448,.T.);
#450= IFCFACE((#449));
#451= IFCPOLYLOOP((#411,#423,#424,#412));
#452= IFCFACEOUTERBOUND(#451,.T.);
#453= IFCFACE((#452));
#454= IFCPOLYLOOP((#412,#424,#425,#413));
#455= IFCFACEOUTERBOUND(#454,.T.);
#456= IFCFACE((#455));
#457= IFCPOLYLOOP((#413,#425,#426,#414));
#458= IFCFACEOUTERBOUND(#457,.T.);
#459= IFCFACE((#458));
#460= IFCPOLYLOOP((#414,#426,#427,#415));
#461= IFCFACEOUTERBOUND(#460,.T.);
#462= IFCFACE((#461));
#463= IFCPOLYLOOP((#415,#427,#428,#416));
#464= IFCFACEOUTERBOUND(#463,.T.);
#465= IFCFACE((#464));
#466= IFCPOLYLOOP((#416,#428,#429,#417));
#467= IFCFACEOUTERBOUND(#466,.T.);
#468= IFCFACE((#467));
#469= IFCPOLYLOOP((#417,#429,#418,#406));
#470= IFCFACEOUTERBOUND(#469,.T.);
#471= IFCFACE((#470));
#472= IFCCLOSEDSHELL((#432,#435,#438,#441,#444,#447,#450,#453,#456,#459,#462,#465,#468,#471));
#473= IFCFACETEDBREP(#472);
#474= IFCSTYLEDITEM(#473,(#119),$);
#475= IFCSHAPEREPRESENTATION(#12,'Body','Brep',(#473));
#476= IFCREPRESENTATIONMAP(#10,#475);
#477= IFCMAPPEDITEM(#476,#122);
#478= IFCSHAPEREPRESENTATION(#12,'Body','MappedRepresentation',(#477));
#479= IFCPRODUCTDEFINITIONSHAPE($,$,(#478));
#480= IFCCARTESIANPOINT((57165.0057814354,26693.0210237181,17065.0001145133));
#481= IFCDIRECTION((-1.,0.,0.));
#482= IFCDIRECTION((0.,-1.,0.));
#483= IFCAXIS2PLACEMENT3D(#480,#481,#482);
#484= IFCLOCALPLACEMENT(#42,#483);
#485= IFCMECHANICALFASTENER('0ntR$fh1L74gNB0Jfa91TB',#44,'Bolt assembly',$,$,#484,#479,'ID31ddbfe9-ac15-4712-a5cb-013a6424174b',58.,8.);
#486= IFCPROPERTYSINGLEVALUE('Washer diameter',$,IFCLENGTHMEASURE(58.),$);
#487= IFCPROPERTYSINGLEVALUE('Bolt hole diameter',$,IFCLENGTHMEASURE(60.),$);
#488= IFCPROPERTYSINGLEVALUE('Bolt size',$,IFCLENGTHMEASURE(60.),$);
#489= IFCPROPERTYSINGLEVALUE('Bolt length',$,IFCLENGTHMEASURE(8.),$);
#490= IFCPROPERTYSET('2C$qUk81v06BgJXYPuK1tH',#5,'Tekla Bolt','Bolt Properties',(#135,#486,#137,#138,#139,#140,#141,#142,#143,#487,#145,#146,#488,#489,#149,#150));
#491= IFCMAPPEDITEM(#476,#122);
#492= IFCSHAPEREPRESENTATION(#12,'Body','MappedRepresentation',(#491));
#493= IFCPRODUCTDEFINITIONSHAPE($,$,(#492));
#494= IFCCARTESIANPOINT((57015.0057814344,26693.0210237178,17065.0001145136));
#495= IFCAXIS2PLACEMENT3D(#494,#481,#482);
#496= IFCLOCALPLACEMENT(#42,#495);
#497= IFCMECHANICALFASTENER('0x2dyRbh9BKutYqg6u7tro',#44,'Bolt assembly',$,$,#496,#493,'ID3b0a7f1b-96b2-4b53-8de2-d2a1b81f7d72',58.,8.);
#498= IFCMAPPEDITEM(#476,#122);
#499= IFCSHAPEREPRESENTATION(#12,'Body','MappedRepresentation',(#498));
#500= IFCPRODUCTDEFINITIONSHAPE($,$,(#499));
#501= IFCCARTESIANPOINT((57165.0057814354,26533.0210237179,17065.0001145842));
#502= IFCAXIS2PLACEMENT3D(#501,#481,#482);
#503= IFCLOCALPLACEMENT(#42,#502);
#504= IFCMECHANICALFASTENER('0nXuVT7KL9UxX$Q95o2bn8',#44,'Bolt assembly',$,$,#503,#500,'ID318787dd-1d45-497b-b87f-6891720a5c48',58.,8.);
#505= IFCMAPPEDITEM(#476,#122);
#506= IFCSHAPEREPRESENTATION(#12,'Body','MappedRepresentation',(#505));
#507= IFCPRODUCTDEFINITIONSHAPE($,$,(#506));
#508= IFCCARTESIANPOINT((57015.0057814343,26533.0210237176,17065.0001145845));
#509= IFCAXIS2PLACEMENT3D(#508,#481,#482);
#510= IFCLOCALPLACEMENT(#42,#509);
#511= IFCMECHANICALFASTENER('0rjD5NcpXEoP2sCKG4hwYP',#44,'Bolt assembly',$,$,#510,#507,'ID35b4d157-9b38-4ec9-90b6-314404afa899',58.,8.);
#512= IFCMAPPEDITEM(#476,#122);
#513= IFCSHAPEREPRESENTATION(#12,'Body','MappedRepresentation',(#512));
#514= IFCPRODUCTDEFINITIONSHAPE($,$,(#513));
#515= IFCCARTESIANPOINT((57165.0057814355,26853.0210237183,17065.0001144424));
#516= IFCAXIS2PLACEMENT3D(#515,#481,#482);
#517= IFCLOCALPLACEMENT(#42,#516);
#518= IFCMECHANICALFASTENER('3X3Pjp7LDEuQNxYb9VcyLG',#44,'Bolt assembly',$,$,#517,#514,'IDe10d9b73-1d53-4ee1-a5fb-8a525f9bc550',58.,8.);
#519= IFCMAPPEDITEM(#476,#122);
#520= IFCSHAPEREPRESENTATION(#12,'Body','MappedRepresentation',(#519));
#521= IFCPRODUCTDEFINITIONSHAPE($,$,(#520));
#522= IFCCARTESIANPOINT((57015.0057814344,26853.021023718,17065.0001144427));
#523= IFCAXIS2PLACEMENT3D(#522,#481,#482);
#524= IFCLOCALPLACEMENT(#42,#523);
#525= IFCMECHANICALFASTENER('0kzHE2ojz5EhhYV60Fm177',#44,'Bolt assembly',$,$,#524,#521,'ID2ef51382-cadf-453a-bae2-7c600fc011c7',58.,8.);
#526= IFCCARTESIANPOINT((20.,0.000327272352343755,0.));
#527= IFCCARTESIANPOINT((17.3205080756884,0.000327272352343755,10.0000000000006));
#528= IFCCARTESIANPOINT((9.99999999999881,0.000327272352343755,17.3205080756895));
#529= IFCCARTESIANPOINT((-2.07267196320065E-12,0.000327272352343755,20.));
#530= IFCCARTESIANPOINT((-10.0000000000024,0.000327272352343755,17.3205080756874));
#531= IFCCARTESIANPOINT((-17.3205080756905,0.000327272352343755,9.99999999999701));
#532= IFCCARTESIANPOINT((-20.,0.000327272352343755,-4.14534392640129E-12));
#533= IFCCARTESIANPOINT((-17.3205080756864,0.000327272352343755,-10.0000000000042));
#534= IFCCARTESIANPOINT((-9.99999999999522,0.000327272352343755,-17.3205080756915));
#535= IFCCARTESIANPOINT((6.19581142910943E-12,0.000327272352343755,-20.));
#536= IFCCARTESIANPOINT((10.000000000006,0.000327272352343755,-17.3205080756853));
#537= IFCCARTESIANPOINT((17.3205080756926,0.000327272352343755,-9.99999999999343));
#538= IFCCARTESIANPOINT((20.,8.10040276746503,0.));
#539= IFCCARTESIANPOINT((17.3205080756884,8.10040276746503,10.0000000000006));
#540= IFCCARTESIANPOINT((9.99999999999881,8.10040276746503,17.3205080756895));
#541= IFCCARTESIANPOINT((-2.07267196320065E-12,8.10040276746503,20.));
#542= IFCCARTESIANPOINT((-10.0000000000024,8.10040276746503,17.3205080756874));
#543= IFCCARTESIANPOINT((-17.3205080756905,8.10040276746503,9.99999999999701));
#544= IFCCARTESIANPOINT((-20.,8.10040276746503,-4.14534392640129E-12));
#545= IFCCARTESIANPOINT((-17.3205080756864,8.10040276746503,-10.0000000000042));
#546= IFCCARTESIANPOINT((-9.99999999999522,8.10040276746503,-17.3205080756915));
#547= IFCCARTESIANPOINT((6.19581142910943E-12,8.10040276746503,-20.));
#548= IFCCARTESIANPOINT((10.000000000006,8.10040276746503,-17.3205080756853));
#549= IFCCARTESIANPOINT((17.3205080756926,8.10040276746503,-9.99999999999343));
#550= IFCPOLYLOOP((#526,#527,#528,#529,#530,#531,#532,#533,#534,#535,#536,#537));
#551= IFCFACEOUTERBOUND(#550,.T.);
#552= IFCFACE((#551));
#553= IFCPOLYLOOP((#549,#548,#547,#546,#545,#544,#543,#542,#541,#540,#539,#538));
#554= IFCFACEOUTERBOUND(#553,.T.);
#555= IFCFACE((#554));
#556= IFCPOLYLOOP((#526,#538,#539,#527));
#557= IFCFACEOUTERBOUND(#556,.T.);
#558= IFCFACE((#557));
#559= IFCPOLYLOOP((#527,#539,#540,#528));
#560= IFCFACEOUTERBOUND(#559,.T.);
#561= IFCFACE((#560));
#562= IFCPOLYLOOP((#528,#540,#541,#529));
#563= IFCFACEOUTERBOUND(#562,.T.);
#564= IFCFACE((#563));
#565= IFCPOLYLOOP((#529,#541,#542,#530));
#566= IFCFACEOUTERBOUND(#565,.T.);
#567= IFCFACE((#566));
#568= IFCPOLYLOOP((#530,#542,#543,#531));
#569= IFCFACEOUTERBOUND(#568,.T.);
#570= IFCFACE((#569));
#571= IFCPOLYLOOP((#531,#543,#544,#532));
#572= IFCFACEOUTERBOUND(#571,.T.);
#573= IFCFACE((#572));
#574= IFCPOLYLOOP((#532,#544,#545,#533));
#575= IFCFACEOUTERBOUND(#574,.T.);
#576= IFCFACE((#575));
#577= IFCPOLYLOOP((#533,#545,#546,#534));
#578= IFCFACEOUTERBOUND(#577,.T.);
#579= IFCFACE((#578));
#580= IFCPOLYLOOP((#534,#546,#547,#535));
#581= IFCFACEOUTERBOUND(#580,.T.);
#582= IFCFACE((#581));
#583= IFCPOLYLOOP((#535,#547,#548,#536));
#584= IFCFACEOUTERBOUND(#583,.T.);
#585= IFCFACE((#584));
#586= IFCPOLYLOOP((#536,#548,#549,#537));
#587= IFCFACEOUTERBOUND(#586,.T.);
#588= IFCFACE((#587));
#589= IFCPOLYLOOP((#537,#549,#538,#526));
#590= IFCFACEOUTERBOUND(#589,.T.);
#591= IFCFACE((#590));
#592= IFCCLOSEDSHELL((#552,#555,#558,#561,#564,#567,#570,#573,#576,#579,#582,#585,#588,#591));
#593= IFCFACETEDBREP(#592);
#594= IFCSTYLEDITEM(#593,(#119),$);
#595= IFCSHAPEREPRESENTATION(#12,'Body','Brep',(#593));
#596= IFCREPRESENTATIONMAP(#10,#595);
#597= IFCMAPPEDITEM(#596,#122);
#598= IFCSHAPEREPRESENTATION(#12,'Body','MappedRepresentation',(#597));
#599= IFCPRODUCTDEFINITIONSHAPE($,$,(#598));
#600= IFCCARTESIANPOINT((57084.9232363252,26528.0210237925,16421.0004418201));
#601= IFCDIRECTION((0.999990563201843,0.,0.00434436500087759));
#602= IFCAXIS2PLACEMENT3D(#600,#601,#482);
#603= IFCLOCALPLACEMENT(#42,#602);
#604= IFCMECHANICALFASTENER('1Qo9SHNE1B383ThA1wgP44',#44,'Bolt assembly',$,$,#603,#599,'ID5ac89711-5ce0-4b0c-80dd-aca07aa99104',38.,8.000075340271);
#605= IFCPROPERTYSINGLEVALUE('Washer diameter',$,IFCLENGTHMEASURE(38.),$);
#606= IFCPROPERTYSINGLEVALUE('Washer name',$,IFCLABEL('WASHER 1"1/2 HARDENED PLAIN'),$);
#607= IFCPROPERTYSINGLEVALUE('Nut name',$,IFCLABEL('NUT 1"1/2 HEAVY HEX'),$);
#608= IFCPROPERTYSINGLEVALUE('Bolt hole diameter',$,IFCLENGTHMEASURE(40.),$);
#609= IFCPROPERTYSINGLEVALUE('Bolt size',$,IFCLENGTHMEASURE(40.),$);
#610= IFCPROPERTYSET('047zxzW2bDtwLq4XW4bamv',#5,'Tekla Bolt','Bolt Properties',(#135,#605,#137,#606,#139,#140,#607,#142,#143,#608,#145,#146,#609,#489,#149,#150));
#611= IFCSURFACESTYLE('TS10.9',.POSITIVE.,(#46));
#612= IFCPRESENTATIONSTYLEASSIGNMENT((#611));
#613= IFCCARTESIANPOINT((13.,-11.8959984419002,0.));
#614= IFCCARTESIANPOINT((11.2583302491975,-11.8959984419002,6.50000000000039));
#615= IFCCARTESIANPOINT((6.49999999999922,-11.8959984419002,11.2583302491982));
#616= IFCCARTESIANPOINT((-1.34723677608042E-12,-11.8959984419002,13.));
#617= IFCCARTESIANPOINT((-6.50000000000155,-11.8959984419002,11.2583302491968));
#618= IFCCARTESIANPOINT((-11.2583302491988,-11.8959984419002,6.49999999999806));
#619= IFCCARTESIANPOINT((-13.,-11.8959984419002,-2.69447355216084E-12));
#620= IFCCARTESIANPOINT((-11.2583302491961,-11.8959984419002,-6.50000000000272));
#621= IFCCARTESIANPOINT((-6.4999999999969,-11.8959984419002,-11.2583302491995));
#622= IFCCARTESIANPOINT((4.02727742892113E-12,-11.8959984419002,-13.));
#623= IFCCARTESIANPOINT((6.50000000000388,-11.8959984419002,-11.2583302491955));
#624= IFCCARTESIANPOINT((11.2583302492002,-11.8959984419002,-6.49999999999573));
#625= IFCCARTESIANPOINT((13.,0.10400155809973,0.));
#626= IFCCARTESIANPOINT((11.2583302491975,0.10400155809973,6.50000000000039));
#627= IFCCARTESIANPOINT((6.49999999999922,0.10400155809973,11.2583302491982));
#628= IFCCARTESIANPOINT((-1.34723677608042E-12,0.10400155809973,13.));
#629= IFCCARTESIANPOINT((-6.50000000000155,0.10400155809973,11.2583302491968));
#630= IFCCARTESIANPOINT((-11.2583302491988,0.10400155809973,6.49999999999806));
#631= IFCCARTESIANPOINT((-13.,0.10400155809973,-2.69447355216084E-12));
#632= IFCCARTESIANPOINT((-11.2583302491961,0.10400155809973,-6.50000000000272));
#633= IFCCARTESIANPOINT((-6.4999999999969,0.10400155809973,-11.2583302491995));
#634= IFCCARTESIANPOINT((4.02727742892113E-12,0.10400155809973,-13.));
#635= IFCCARTESIANPOINT((6.50000000000388,0.10400155809973,-11.2583302491955));
#636= IFCCARTESIANPOINT((11.2583302492002,0.10400155809973,-6.49999999999573));
#637= IFCPOLYLOOP((#613,#614,#615,#616,#617,#618,#619,#620,#621,#622,#623,#624));
#638= IFCFACEOUTERBOUND(#637,.T.);
#639= IFCFACE((#638));
#640= IFCPOLYLOOP((#636,#635,#634,#633,#632,#631,#630,#629,#628,#627,#626,#625));
#641= IFCFACEOUTERBOUND(#640,.T.);
#642= IFCFACE((#641));
#643= IFCPOLYLOOP((#613,#625,#626,#614));
#644= IFCFACEOUTERBOUND(#643,.T.);
#645= IFCFACE((#644));
#646= IFCPOLYLOOP((#614,#626,#627,#615));
#647= IFCFACEOUTERBOUND(#646,.T.);
#648= IFCFACE((#647));
#649= IFCPOLYLOOP((#615,#627,#628,#616));
#650= IFCFACEOUTERBOUND(#649,.T.);
#651= IFCFACE((#650));
#652= IFCPOLYLOOP((#616,#628,#629,#617));
#653= IFCFACEOUTERBOUND(#652,.T.);
#654= IFCFACE((#653));
#655= IFCPOLYLOOP((#617,#629,#630,#618));
#656= IFCFACEOUTERBOUND(#655,.T.);
#657= IFCFACE((#656));
#658= IFCPOLYLOOP((#618,#630,#631,#619));
#659= IFCFACEOUTERBOUND(#658,.T.);
#660= IFCFACE((#659));
#661= IFCPOLYLOOP((#619,#631,#632,#620));
#662= IFCFACEOUTERBOUND(#661,.T.);
#663= IFCFACE((#662));
#664= IFCPOLYLOOP((#620,#632,#633,#621));
#665= IFCFACEOUTERBOUND(#664,.T.);
#666= IFCFACE((#665));
#667= IFCPOLYLOOP((#621,#633,#634,#622));
#668= IFCFACEOUTERBOUND(#667,.T.);
#669= IFCFACE((#668));
#670= IFCPOLYLOOP((#622,#634,#635,#623));
#671= IFCFACEOUTERBOUND(#670,.T.);
#672= IFCFACE((#671));
#673= IFCPOLYLOOP((#623,#635,#636,#624));
#674= IFCFACEOUTERBOUND(#673,.T.);
#675= IFCFACE((#674));
#676= IFCPOLYLOOP((#624,#636,#625,#613));
#677= IFCFACEOUTERBOUND(#676,.T.);
#678= IFCFACE((#677));
#679= IFCCARTESIANPOINT((13.,0.00400160257038351,22.));
#680= IFCCARTESIANPOINT((12.0104339226466,0.00400160257038351,26.9748846207465));
#681= IFCCARTESIANPOINT((9.19238815542464,0.00400160257038351,31.1923881554256));
#682= IFCCARTESIANPOINT((4.97488462074523,0.00400160257038351,34.0104339226471));
#683= IFCCARTESIANPOINT((-1.34723677608042E-12,0.00400160257038351,35.));
#684= IFCCARTESIANPOINT((-6.50000000000155,0.00400160257038351,33.2583302491968));
#685= IFCCARTESIANPOINT((-11.2583302491988,0.00400160257038351,28.4999999999981));
#686= IFCCARTESIANPOINT((-13.,0.00400160257038351,21.9999999999973));
#687= IFCCARTESIANPOINT((-13.,0.00400160257038351,-22.0000000000027));
#688= IFCCARTESIANPOINT((-11.2583302491961,0.00400160257038351,-28.5000000000027));
#689= IFCCARTESIANPOINT((-6.4999999999969,0.00400160257038351,-33.2583302491995));
#690= IFCCARTESIANPOINT((4.02727742892113E-12,0.00400160257038351,-35.));
#691= IFCCARTESIANPOINT((6.50000000000388,0.00400160257038351,-33.2583302491955));
#692= IFCCARTESIANPOINT((11.2583302492002,0.00400160257038351,-28.4999999999957));
#693= IFCCARTESIANPOINT((13.,0.00400160257038351,-21.9999999999946));
#694= IFCCARTESIANPOINT((13.,18.0040016025704,22.));
#695= IFCCARTESIANPOINT((12.0104339226466,18.0040016025704,26.9748846207465));
#696= IFCCARTESIANPOINT((9.19238815542464,18.0040016025704,31.1923881554256));
#697= IFCCARTESIANPOINT((4.97488462074523,18.0040016025704,34.0104339226471));
#698= IFCCARTESIANPOINT((-1.34723677608042E-12,18.0040016025704,35.));
#699= IFCCARTESIANPOINT((-6.50000000000155,18.0040016025704,33.2583302491968));
#700= IFCCARTESIANPOINT((-11.2583302491988,18.0040016025704,28.4999999999981));
#701= IFCCARTESIANPOINT((-13.,18.0040016025704,21.9999999999973));
#702= IFCCARTESIANPOINT((-13.,18.0040016025704,-22.0000000000027));
#703= IFCCARTESIANPOINT((-11.2583302491961,18.0040016025704,-28.5000000000027));
#704= IFCCARTESIANPOINT((-6.4999999999969,18.0040016025704,-33.2583302491995));
#705= IFCCARTESIANPOINT((4.02727742892113E-12,18.0040016025704,-35.));
#706= IFCCARTESIANPOINT((6.50000000000388,18.0040016025704,-33.2583302491955));
#707= IFCCARTESIANPOINT((11.2583302492002,18.0040016025704,-28.4999999999957));
#708= IFCCARTESIANPOINT((13.,18.0040016025704,-21.9999999999946));
#709= IFCPOLYLOOP((#679,#680,#681,#683,#684,#685,#686,#687,#688,#689,#690,#691,#692,#693));
#710= IFCFACEOUTERBOUND(#709,.T.);
#711= IFCFACE((#710));
#712= IFCPOLYLOOP((#708,#707,#706,#705,#704,#703,#702,#701,#700,#699,#698,#697,#696,#695,#694));
#713= IFCFACEOUTERBOUND(#712,.T.);
#714= IFCFACE((#713));
#715= IFCPOLYLOOP((#679,#694,#695,#680));
#716= IFCFACEOUTERBOUND(#715,.T.);
#717= IFCFACE((#716));
#718= IFCPOLYLOOP((#680,#695,#696,#681));
#719= IFCFACEOUTERBOUND(#718,.T.);
#720= IFCFACE((#719));
#721= IFCPOLYLOOP((#681,#696,#697,#682));
#722= IFCFACEOUTERBOUND(#721,.T.);
#723= IFCFACE((#722));
#724= IFCPOLYLOOP((#682,#697,#698,#683));
#725= IFCFACEOUTERBOUND(#724,.T.);
#726= IFCFACE((#725));
#727= IFCPOLYLOOP((#683,#698,#699,#684));
#728= IFCFACEOUTERBOUND(#727,.T.);
#729= IFCFACE((#728));
#730= IFCPOLYLOOP((#684,#699,#700,#685));
#731= IFCFACEOUTERBOUND(#730,.T.);
#732= IFCFACE((#731));
#733= IFCPOLYLOOP((#685,#700,#701,#686));
#734= IFCFACEOUTERBOUND(#733,.T.);
#735= IFCFACE((#734));
#736= IFCPOLYLOOP((#686,#701,#702,#687));
#737= IFCFACEOUTERBOUND(#736,.T.);
#738= IFCFACE((#737));
#739= IFCPOLYLOOP((#687,#702,#703,#688));
#740= IFCFACEOUTERBOUND(#739,.T.);
#741= IFCFACE((#740));
#742= IFCPOLYLOOP((#688,#703,#704,#689));
#743= IFCFACEOUTERBOUND(#742,.T.);
#744= IFCFACE((#743));
#745= IFCPOLYLOOP((#689,#704,#705,#690));
#746= IFCFACEOUTERBOUND(#745,.T.);
#747= IFCFACE((#746));
#748= IFCPOLYLOOP((#690,#705,#706,#691));
#749= IFCFACEOUTERBOUND(#748,.T.);
#750= IFCFACE((#749));
#751= IFCPOLYLOOP((#691,#706,#707,#692));
#752= IFCFACEOUTERBOUND(#751,.T.);
#753= IFCFACE((#752));
#754= IFCPOLYLOOP((#692,#707,#708,#693));
#755= IFCFACEOUTERBOUND(#754,.T.);
#756= IFCFACE((#755));
#757= IFCPOLYLOOP((#693,#708,#694,#679));
#758= IFCFACEOUTERBOUND(#757,.T.);
#759= IFCFACE((#758));
#760= IFCCARTESIANPOINT((13.,274.00400160336,22.));
#761= IFCCARTESIANPOINT((12.0104339226466,274.00400160336,26.9748846207465));
#762= IFCCARTESIANPOINT((9.19238815542464,274.00400160336,31.1923881554256));
#763= IFCCARTESIANPOINT((4.97488462074523,274.00400160336,34.0104339226471));
#764= IFCCARTESIANPOINT((-1.34723677608042E-12,274.00400160336,35.));
#765= IFCCARTESIANPOINT((-6.50000000000155,274.00400160336,33.2583302491968));
#766= IFCCARTESIANPOINT((-11.2583302491988,274.00400160336,28.4999999999981));
#767= IFCCARTESIANPOINT((-13.,274.00400160336,21.9999999999973));
#768= IFCCARTESIANPOINT((-13.,274.00400160336,-22.0000000000027));
#769= IFCCARTESIANPOINT((-11.2583302491961,274.00400160336,-28.5000000000027));
#770= IFCCARTESIANPOINT((-6.4999999999969,274.00400160336,-33.2583302491995));
#771= IFCCARTESIANPOINT((4.02727742892113E-12,274.00400160336,-35.));
#772= IFCCARTESIANPOINT((6.50000000000388,274.00400160336,-33.2583302491955));
#773= IFCCARTESIANPOINT((11.2583302492002,274.00400160336,-28.4999999999957));
#774= IFCCARTESIANPOINT((13.,274.00400160336,-21.9999999999946));
#775= IFCCARTESIANPOINT((13.,292.00400160336,22.));
#776= IFCCARTESIANPOINT((12.0104339226466,292.00400160336,26.9748846207465));
#777= IFCCARTESIANPOINT((9.19238815542464,292.00400160336,31.1923881554256));
#778= IFCCARTESIANPOINT((4.97488462074523,292.00400160336,34.0104339226471));
#779= IFCCARTESIANPOINT((-1.34723677608042E-12,292.00400160336,35.));
#780= IFCCARTESIANPOINT((-6.50000000000155,292.00400160336,33.2583302491968));
#781= IFCCARTESIANPOINT((-11.2583302491988,292.00400160336,28.4999999999981));
#782= IFCCARTESIANPOINT((-13.,292.00400160336,21.9999999999973));
#783= IFCCARTESIANPOINT((-13.,292.00400160336,-22.0000000000027));
#784= IFCCARTESIANPOINT((-11.2583302491961,292.00400160336,-28.5000000000027));
#785= IFCCARTESIANPOINT((-6.4999999999969,292.00400160336,-33.2583302491995));
#786= IFCCARTESIANPOINT((4.02727742892113E-12,292.00400160336,-35.));
#787= IFCCARTESIANPOINT((6.50000000000388,292.00400160336,-33.2583302491955));
#788= IFCCARTESIANPOINT((11.2583302492002,292.00400160336,-28.4999999999957));
#789= IFCCARTESIANPOINT((13.,292.00400160336,-21.9999999999946));
#790= IFCPOLYLOOP((#760,#761,#762,#764,#765,#766,#767,#768,#769,#770,#771,#772,#773,#774));
#791= IFCFACEOUTERBOUND(#790,.T.);
#792= IFCFACE((#791));
#793= IFCPOLYLOOP((#789,#788,#787,#786,#785,#784,#783,#782,#781,#780,#779,#778,#777,#776,#775));
#794= IFCFACEOUTERBOUND(#793,.T.);
#795= IFCFACE((#794));
#796= IFCPOLYLOOP((#760,#775,#776,#761));
#797= IFCFACEOUTERBOUND(#796,.T.);
#798= IFCFACE((#797));
#799= IFCPOLYLOOP((#761,#776,#777,#762));
#800= IFCFACEOUTERBOUND(#799,.T.);
#801= IFCFACE((#800));
#802= IFCPOLYLOOP((#762,#777,#778,#763));
#803= IFCFACEOUTERBOUND(#802,.T.);
#804= IFCFACE((#803));
#805= IFCPOLYLOOP((#763,#778,#779,#764));
#806= IFCFACEOUTERBOUND(#805,.T.);
#807= IFCFACE((#806));
#808= IFCPOLYLOOP((#764,#779,#780,#765));
#809= IFCFACEOUTERBOUND(#808,.T.);
#810= IFCFACE((#809));
#811= IFCPOLYLOOP((#765,#780,#781,#766));
#812= IFCFACEOUTERBOUND(#811,.T.);
#813= IFCFACE((#812));
#814= IFCPOLYLOOP((#766,#781,#782,#767));
#815= IFCFACEOUTERBOUND(#814,.T.);
#816= IFCFACE((#815));
#817= IFCPOLYLOOP((#767,#782,#783,#768));
#818= IFCFACEOUTERBOUND(#817,.T.);
#819= IFCFACE((#818));
#820= IFCPOLYLOOP((#768,#783,#784,#769));
#821= IFCFACEOUTERBOUND(#820,.T.);
#822= IFCFACE((#821));
#823= IFCPOLYLOOP((#769,#784,#785,#770));
#824= IFCFACEOUTERBOUND(#823,.T.);
#825= IFCFACE((#824));
#826= IFCPOLYLOOP((#770,#785,#786,#771));
#827= IFCFACEOUTERBOUND(#826,.T.);
#828= IFCFACE((#827));
#829= IFCPOLYLOOP((#771,#786,#787,#772));
#830= IFCFACEOUTERBOUND(#829,.T.);
#831= IFCFACE((#830));
#832= IFCPOLYLOOP((#772,#787,#788,#773));
#833= IFCFACEOUTERBOUND(#832,.T.);
#834= IFCFACE((#833));
#835= IFCPOLYLOOP((#773,#788,#789,#774));
#836= IFCFACEOUTERBOUND(#835,.T.);
#837= IFCFACE((#836));
#838= IFCPOLYLOOP((#774,#789,#775,#760));
#839= IFCFACEOUTERBOUND(#838,.T.);
#840= IFCFACE((#839));
#841= IFCCARTESIANPOINT((13.,291.904001558536,0.));
#842= IFCCARTESIANPOINT((11.2583302491975,291.904001558536,6.50000000000039));
#843= IFCCARTESIANPOINT((6.49999999999922,291.904001558536,11.2583302491982));
#844= IFCCARTESIANPOINT((-1.34723677608042E-12,291.904001558536,13.));
#845= IFCCARTESIANPOINT((-6.50000000000155,291.904001558536,11.2583302491968));
#846= IFCCARTESIANPOINT((-11.2583302491988,291.904001558536,6.49999999999806));
#847= IFCCARTESIANPOINT((-13.,291.904001558536,-2.69447355216084E-12));
#848= IFCCARTESIANPOINT((-11.2583302491961,291.904001558536,-6.50000000000272));
#849= IFCCARTESIANPOINT((-6.4999999999969,291.904001558536,-11.2583302491995));
#850= IFCCARTESIANPOINT((4.02727742892113E-12,291.904001558536,-13.));
#851= IFCCARTESIANPOINT((6.50000000000388,291.904001558536,-11.2583302491955));
#852= IFCCARTESIANPOINT((11.2583302492002,291.904001558536,-6.49999999999573));
#853= IFCCARTESIANPOINT((13.,304.004001558536,0.));
#854= IFCCARTESIANPOINT((11.2583302491975,304.004001558536,6.50000000000039));
#855= IFCCARTESIANPOINT((6.49999999999922,304.004001558536,11.2583302491982));
#856= IFCCARTESIANPOINT((-1.34723677608042E-12,304.004001558536,13.));
#857= IFCCARTESIANPOINT((-6.50000000000155,304.004001558536,11.2583302491968));
#858= IFCCARTESIANPOINT((-11.2583302491988,304.004001558536,6.49999999999806));
#859= IFCCARTESIANPOINT((-13.,304.004001558536,-2.69447355216084E-12));
#860= IFCCARTESIANPOINT((-11.2583302491961,304.004001558536,-6.50000000000272));
#861= IFCCARTESIANPOINT((-6.4999999999969,304.004001558536,-11.2583302491995));
#862= IFCCARTESIANPOINT((4.02727742892113E-12,304.004001558536,-13.));
#863= IFCCARTESIANPOINT((6.50000000000388,304.004001558536,-11.2583302491955));
#864= IFCCARTESIANPOINT((11.2583302492002,304.004001558536,-6.49999999999573));
#865= IFCPOLYLOOP((#841,#842,#843,#844,#845,#846,#847,#848,#849,#850,#851,#852));
#866= IFCFACEOUTERBOUND(#865,.T.);
#867= IFCFACE((#866));
#868= IFCPOLYLOOP((#864,#863,#862,#861,#860,#859,#858,#857,#856,#855,#854,#853));
#869= IFCFACEOUTERBOUND(#868,.T.);
#870= IFCFACE((#869));
#871= IFCPOLYLOOP((#841,#853,#854,#842));
#872= IFCFACEOUTERBOUND(#871,.T.);
#873= IFCFACE((#872));
#874= IFCPOLYLOOP((#842,#854,#855,#843));
#875= IFCFACEOUTERBOUND(#874,.T.);
#876= IFCFACE((#875));
#877= IFCPOLYLOOP((#843,#855,#856,#844));
#878= IFCFACEOUTERBOUND(#877,.T.);
#879= IFCFACE((#878));
#880= IFCPOLYLOOP((#844,#856,#857,#845));
#881= IFCFACEOUTERBOUND(#880,.T.);
#882= IFCFACE((#881));
#883= IFCPOLYLOOP((#845,#857,#858,#846));
#884= IFCFACEOUTERBOUND(#883,.T.);
#885= IFCFACE((#884));
#886= IFCPOLYLOOP((#846,#858,#859,#847));
#887= IFCFACEOUTERBOUND(#886,.T.);
#888= IFCFACE((#887));
#889= IFCPOLYLOOP((#847,#859,#860,#848));
#890= IFCFACEOUTERBOUND(#889,.T.);
#891= IFCFACE((#890));
#892= IFCPOLYLOOP((#848,#860,#861,#849));
#893= IFCFACEOUTERBOUND(#892,.T.);
#894= IFCFACE((#893));
#895= IFCPOLYLOOP((#849,#861,#862,#850));
#896= IFCFACEOUTERBOUND(#895,.T.);
#897= IFCFACE((#896));
#898= IFCPOLYLOOP((#850,#862,#863,#851));
#899= IFCFACEOUTERBOUND(#898,.T.);
#900= IFCFACE((#899));
#901= IFCPOLYLOOP((#851,#863,#864,#852));
#902= IFCFACEOUTERBOUND(#901,.T.);
#903= IFCFACE((#902));
#904= IFCPOLYLOOP((#852,#864,#853,#841));
#905= IFCFACEOUTERBOUND(#904,.T.);
#906= IFCFACE((#905));
#907= IFCCLOSEDSHELL((#639,#642,#645,#648,#651,#654,#657,#660,#663,#666,#669,#672,#675,#678,#711,#714,#717,#720,#723,#726,#729,#732,#735,#738,#741,#744,#747,#750,#753,#756,#759,#792,#795,#798,#801,#804,#807,#810,#813,#816,#819,#822,#825,#828,#831,#834,#837,#840,#867,#870,#873,#876,#879,#882,#885,#888,#891,#894,#897,#900,#903,#906));
#908= IFCFACETEDBREP(#907);
#909= IFCSTYLEDITEM(#908,(#119),$);
#910= IFCCARTESIANPOINT((0.,0.,-74.9999999999272));
#911= IFCCARTESIANTRANSFORMATIONOPERATOR3D($,$,#910,$,$);
#912= IFCSHAPEREPRESENTATION(#12,'Body','Brep',(#908));
#913= IFCREPRESENTATIONMAP(#10,#912);
#914= IFCMAPPEDITEM(#913,#911);
#915= IFCCARTESIANPOINT((159.999999999833,0.,-74.9999999999345));
#916= IFCCARTESIANTRANSFORMATIONOPERATOR3D($,$,#915,$,$);
#917= IFCMAPPEDITEM(#913,#916);
#918= IFCCARTESIANPOINT((319.999999999665,0.,-74.9999999999345));
#919= IFCCARTESIANTRANSFORMATIONOPERATOR3D($,$,#918,$,$);
#920= IFCMAPPEDITEM(#913,#919);
#921= IFCCARTESIANPOINT((3.63797880709171E-12,0.,74.99999999992));
#922= IFCCARTESIANTRANSFORMATIONOPERATOR3D($,$,#921,$,$);
#923= IFCMAPPEDITEM(#913,#922);
#924= IFCCARTESIANPOINT((159.999999999836,0.,74.9999999999127));
#925= IFCCARTESIANTRANSFORMATIONOPERATOR3D($,$,#924,$,$);
#926= IFCMAPPEDITEM(#913,#925);
#927= IFCCARTESIANPOINT((319.999999999669,0.,74.9999999999127));
#928= IFCCARTESIANTRANSFORMATIONOPERATOR3D($,$,#927,$,$);
#929= IFCMAPPEDITEM(#913,#928);
#930= IFCSHAPEREPRESENTATION(#12,'Body','MappedRepresentation',(#914,#917,#920,#923,#926,#929));
#931= IFCPRODUCTDEFINITIONSHAPE($,$,(#930));
#932= IFCCARTESIANPOINT((57089.9786267126,26853.0083836936,16904.0041160184));
#933= IFCDIRECTION((0.999999997446663,7.14610000395623E-05,0.));
#934= IFCDIRECTION((7.14610000396917E-05,-0.999999997446663,0.));
#935= IFCAXIS2PLACEMENT3D(#932,#933,#934);
#936= IFCLOCALPLACEMENT(#42,#935);
#937= IFCMECHANICALFASTENER('3MpYVfWDX18gOYNGgVf8$l',#44,'Bolt assembly',$,$,#936,#931,'IDd6ce27e9-80d8-4122-a622-5d0a9fa48fef',24.,100.);
#938= IFCPROPERTYSINGLEVALUE('Washer diameter',$,IFCLENGTHMEASURE(24.),$);
#939= IFCPROPERTYSINGLEVALUE('Washer type',$,IFCLABEL(''),$);
#940= IFCPROPERTYSINGLEVALUE('Nut type',$,IFCLABEL(''),$);
#941= IFCPROPERTYSINGLEVALUE('Slotted hole y',$,IFCLENGTHMEASURE(44.),$);
#942= IFCPROPERTYSINGLEVALUE('Bolt hole diameter',$,IFCLENGTHMEASURE(26.),$);
#943= IFCPROPERTYSINGLEVALUE('Bolt count',$,IFCINTEGER(6),$);
#944= IFCPROPERTYSINGLEVALUE('Bolt size',$,IFCLENGTHMEASURE(26.),$);
#945= IFCPROPERTYSINGLEVALUE('Bolt length',$,IFCLENGTHMEASURE(100.),$);
#946= IFCPROPERTYSINGLEVALUE('Bolt standard',$,IFCLABEL('TS10.9'),$);
#947= IFCPROPERTYSET('1N2GWcI4b60gqeosHb8huH',#5,'Tekla Bolt','Bolt Properties',(#135,#938,#939,#138,#139,#940,#141,#941,#143,#942,#145,#943,#944,#945,#946,#150));
#948= IFCMATERIAL('TS10.9');
#949= IFCCOLOURRGB('Light Green',0.356862745098039,0.592156862745098,0.137254901960784);
#950= IFCSURFACESTYLERENDERING(#949,0.,$,$,$,$,IFCNORMALISEDRATIOMEASURE(0.00390625),IFCSPECULAREXPONENT(10.),.NOTDEFINED.);
#951= IFCSURFACESTYLE('STEEL/S275',.POSITIVE.,(#950));
#952= IFCPRESENTATIONSTYLEASSIGNMENT((#951));
#953= IFCCARTESIANPOINT((0.00152047711162595,-4.,19.9999999421489));
#954= IFCCARTESIANPOINT((0.0228070222219685,-4.,299.998229980054));
#955= IFCCARTESIANPOINT((0.0228070222219685,4.,299.998229980054));
#956= IFCCARTESIANPOINT((0.00152047711162595,4.,19.9999999421489));
#957= IFCPOLYLOOP((#953,#954,#955,#956));
#958= IFCFACEOUTERBOUND(#957,.T.);
#959= IFCFACE((#958));
#960= IFCCARTESIANPOINT((148.022674560121,-4.,299.998168944941));
#961= IFCCARTESIANPOINT((148.022674560121,4.,299.998168944941));
#962= IFCPOLYLOOP((#954,#960,#961,#955));
#963= IFCFACEOUTERBOUND(#962,.T.);
#964= IFCFACE((#963));
#965= IFCCARTESIANPOINT((148.001397714237,-4.,19.9999999422653));
#966= IFCCARTESIANPOINT((148.001397714237,4.,19.9999999422653));
#967= IFCPOLYLOOP((#960,#965,#966,#961));
#968= IFCFACEOUTERBOUND(#967,.T.);
#969= IFCFACE((#968));
#970= IFCCARTESIANPOINT((144.099375757502,-4.,19.6159649980764));
#971= IFCCARTESIANPOINT((144.099375757502,4.,19.6159649980764));
#972= IFCPOLYLOOP((#965,#970,#971,#966));
#973= IFCFACEOUTERBOUND(#972,.T.);
#974= IFCFACE((#973));
#975= IFCCARTESIANPOINT((140.347262368159,-4.,18.4780268175309));
#976= IFCCARTESIANPOINT((140.347262368159,4.,18.4780268175309));
#977= IFCPOLYLOOP((#970,#975,#976,#971));
#978= IFCFACEOUTERBOUND(#977,.T.);
#979= IFCFACE((#978));
#980= IFCCARTESIANPOINT((136.889263065943,-4.,16.629919944251));
#981= IFCCARTESIANPOINT((136.889263065943,4.,16.629919944251));
#982= IFCPOLYLOOP((#975,#980,#981,#976));
#983= IFCFACEOUTERBOUND(#982,.T.);
#984= IFCFACE((#983));
#985= IFCCARTESIANPOINT((133.858279641074,-4.,14.1426729385639));
#986= IFCCARTESIANPOINT((133.858279641074,4.,14.1426729385639));
#987= IFCPOLYLOOP((#980,#985,#986,#981));
#988= IFCFACEOUTERBOUND(#987,.T.);
#989= IFCFACE((#988));
#990= IFCCARTESIANPOINT((131.370802320449,-4.,11.1118785264407));
#991= IFCCARTESIANPOINT((131.370802320449,4.,11.1118785264407));
#992= IFCPOLYLOOP((#985,#990,#991,#986));
#993= IFCFACEOUTERBOUND(#992,.T.);
#994= IFCFACE((#993));
#995= IFCCARTESIANPOINT((129.522432681792,-4.,7.65401967043726));
#996= IFCCARTESIANPOINT((129.522432681792,4.,7.65401967043726));
#997= IFCPOLYLOOP((#990,#995,#996,#991));
#998= IFCFACEOUTERBOUND(#997,.T.);
#999= IFCFACE((#998));
#1000= IFCCARTESIANPOINT((128.384209384309,-4.,3.90199276299973));
#1001= IFCCARTESIANPOINT((128.384209384309,4.,3.90199276299973));
#1002= IFCPOLYLOOP((#995,#1000,#1001,#996));
#1003= IFCFACEOUTERBOUND(#1002,.T.);
#1004= IFCFACE((#1003));
#1005= IFCCARTESIANPOINT((127.999877929589,-4.,5.82076609134674E-11));
#1006= IFCCARTESIANPOINT((127.999877929589,4.,5.82076609134674E-11));
#1007= IFCPOLYLOOP((#1000,#1005,#1006,#1001));
#1008= IFCFACEOUTERBOUND(#1007,.T.);
#1009= IFCFACE((#1008));
#1010= IFCCARTESIANPOINT((20.0000000000073,-4.,7.27595761418343E-12));
#1011= IFCCARTESIANPOINT((20.0000000000073,4.,7.27595761418343E-12));
#1012= IFCPOLYLOOP((#1005,#1010,#1011,#1006));
#1013= IFCFACEOUTERBOUND(#1012,.T.);
#1014= IFCFACE((#1013));
#1015= IFCCARTESIANPOINT((19.6157426859827,-4.,3.90162003244768));
#1016= IFCCARTESIANPOINT((19.6157426859827,4.,3.90162003244768));
#1017= IFCPOLYLOOP((#1010,#1015,#1016,#1011));
#1018= IFCFACEOUTERBOUND(#1017,.T.);
#1019= IFCFACE((#1018));
#1020= IFCCARTESIANPOINT((18.4777361122433,-4.,7.65331746148149));
#1021= IFCCARTESIANPOINT((18.4777361122433,4.,7.65331746148149));
#1022= IFCPOLYLOOP((#1015,#1020,#1021,#1016));
#1023= IFCFACEOUTERBOUND(#1022,.T.);
#1024= IFCFACE((#1023));
#1025= IFCCARTESIANPOINT((16.6297090137268,-4.,11.1109305694044));
#1026= IFCCARTESIANPOINT((16.6297090137268,4.,11.1109305694044));
#1027= IFCPOLYLOOP((#1020,#1025,#1026,#1021));
#1028= IFCFACEOUTERBOUND(#1027,.T.);
#1029= IFCFACE((#1028));
#1030= IFCCARTESIANPOINT((14.1426731833562,-4.,14.1415980436359));
#1031= IFCCARTESIANPOINT((14.1426731833562,4.,14.1415980436359));
#1032= IFCPOLYLOOP((#1025,#1030,#1031,#1026));
#1033= IFCFACEOUTERBOUND(#1032,.T.);
#1034= IFCFACE((#1033));
#1035= IFCCARTESIANPOINT((11.1121947919237,-4.,16.6288642698419));
#1036= IFCCARTESIANPOINT((11.1121947919237,4.,16.6288642698419));
#1037= IFCPOLYLOOP((#1030,#1035,#1036,#1031));
#1038= IFCFACEOUTERBOUND(#1037,.T.);
#1039= IFCFACE((#1038));
#1040= IFCCARTESIANPOINT((7.65472218812647,-4.,18.4771542240851));
#1041= IFCCARTESIANPOINT((7.65472218812647,4.,18.4771542240851));
#1042= IFCPOLYLOOP((#1035,#1040,#1041,#1036));
#1043= IFCFACEOUTERBOUND(#1042,.T.);
#1044= IFCFACE((#1043));
#1045= IFCCARTESIANPOINT((3.90311128556641,-4.,19.6154460130274));
#1046= IFCCARTESIANPOINT((3.90311128556641,4.,19.6154460130274));
#1047= IFCPOLYLOOP((#1040,#1045,#1046,#1041));
#1048= IFCFACEOUTERBOUND(#1047,.T.);
#1049= IFCFACE((#1048));
#1050= IFCPOLYLOOP((#1045,#953,#956,#1046));
#1051= IFCFACEOUTERBOUND(#1050,.T.);
#1052= IFCFACE((#1051));
#1053= IFCPOLYLOOP((#961,#966,#971,#976,#981,#986,#991,#996,#1001,#1006,#1011,#1016,#1021,#1026,#1031,#1036,#1041,#1046,#956,#955));
#1054= IFCFACEOUTERBOUND(#1053,.T.);
#1055= IFCFACE((#1054));
#1056= IFCPOLYLOOP((#1045,#1040,#1035,#1030,#1025,#1020,#1015,#1010,#1005,#1000,#995,#990,#985,#980,#975,#970,#965,#960,#954,#953));
#1057= IFCFACEOUTERBOUND(#1056,.T.);
#1058= IFCFACE((#1057));
#1059= IFCCLOSEDSHELL((#959,#964,#969,#974,#979,#984,#989,#994,#999,#1004,#1009,#1014,#1019,#1024,#1029,#1034,#1039,#1044,#1049,#1052,#1055,#1058));
#1060= IFCFACETEDBREP(#1059);
#1061= IFCSTYLEDITEM(#1060,(#952),$);
#1062= IFCSHAPEREPRESENTATION(#12,'Body','Brep',(#1060));
#1063= IFCPRODUCTDEFINITIONSHAPE($,$,(#1062));
#1064= IFCCARTESIANPOINT((56914.9795927255,26766.9969555999,16417.0001144801));
#1065= IFCDIRECTION((0.999999993563868,0.00011345599996639,0.));
#1066= IFCDIRECTION((0.000113455999965553,-0.999999993563868,0.));
#1067= IFCAXIS2PLACEMENT3D(#1064,#1065,#1066);
#1068= IFCLOCALPLACEMENT(#42,#1067);
#1069= IFCPLATE('04q11hDd989gvItgmSurmh',#44,'PLATE-8','PL8*148',$,#1068,#1063,'ID04d0106b-3672-4826-ae52-deac1ce35c2b');
#1070= IFCPLATETYPE('2YQvAOnuz9cwLmeZQXVv9o',#5,'PL8*148',$,$,$,$,$,$,.NOTDEFINED.);
#1071= IFCPROPERTYSINGLEVALUE('Bottom elevation',$,IFCLABEL(' +16.413'),$);
#1072= IFCPROPERTYSINGLEVALUE('Top elevation',$,IFCLABEL(' +16.421'),$);
#1073= IFCPROPERTYSINGLEVALUE('Initial GUID',$,$,$);
#1074= IFCPROPERTYSINGLEVALUE('Preliminary mark',$,IFCLABEL('5-2-P69(?)'),$);
#1075= IFCPROPERTYSINGLEVALUE('Phase',$,IFCINTEGER(2),$);
#1076= IFCPROPERTYSINGLEVALUE('Class',$,IFCLABEL('17'),$);
#1077= IFCPROPERTYSET('2hARBfNGXEBgPow89wmW91',#5,'Tekla Common','Common Properties to Shared building elements',(#1071,#1072,#1073,#1074,#1075,#1076));
#1078= IFCPROPERTYSINGLEVALUE('Weight',$,IFCMASSMEASURE(2.75),$);
#1079= IFCPROPERTYSINGLEVALUE('Volume',$,IFCVOLUMEMEASURE(0.),$);
#1080= IFCPROPERTYSINGLEVALUE('Gross footprint area',$,IFCAREAMEASURE(0.044),$);
#1081= IFCPROPERTYSINGLEVALUE('Area per tons',$,IFCAREAMEASURE(34.404),$);
#1082= IFCPROPERTYSINGLEVALUE('Net surface area',$,IFCAREAMEASURE(0.095),$);
#1083= IFCPROPERTYSINGLEVALUE('Height',$,IFCLENGTHMEASURE(148.),$);
#1084= IFCPROPERTYSINGLEVALUE('Width',$,IFCLENGTHMEASURE(8.),$);
#1085= IFCPROPERTYSINGLEVALUE('Length',$,IFCLENGTHMEASURE(300.),$);
#1086= IFCPROPERTYSET('3Lzou2vMv4mQ$yZSmGo3Er',#5,'Tekla Quantity','Quantity Properties to Shared building elements',(#1078,#1079,#1080,#1081,#1082,#1083,#1084,#1085));
#1087= IFCPROPERTYSINGLEVALUE('LoadBearing',$,IFCBOOLEAN(.F.),$);
#1088= IFCPROPERTYSINGLEVALUE('Reference',$,IFCIDENTIFIER('5-2-P69'),$);
#1089= IFCPROPERTYSET('1mCI39rJz1G9VYaSehg7jv',#5,'Pset_PlateCommon','Common Properties to plate elements',(#1087,#1088));
#1090= IFCQUANTITYLENGTH('Width',$,$,147.999876987958);
#1091= IFCQUANTITYAREA('NetArea',$,$,0.0945806295579373);
#1092= IFCQUANTITYAREA('GrossArea',$,$,0.044401132434192);
#1093= IFCQUANTITYAREA('CrossSectionArea',$,$,6.4E-05);
#1094= IFCQUANTITYVOLUME('NetVolume',$,$,0.000350203250543803);
#1095= IFCQUANTITYVOLUME('GrossVolume',$,$,0.000350203250543803);
#1096= IFCELEMENTQUANTITY('0gbwysAo5AfhTWBmgXH97h',#5,'BaseQuantities',$,$,(#1090,#1091,#1092,#1093,#1094,#1095));
#1097= IFCMATERIAL('STEEL/S275');
#1098= IFCCARTESIANPOINT((0.000771845581766684,-4.,19.9999999850552));
#1099= IFCCARTESIANPOINT((0.00308731402765261,-4.,79.9982299803669));
#1100= IFCCARTESIANPOINT((0.00308731402765261,4.,79.9982299803669));
#1101= IFCCARTESIANPOINT((0.000771845581766684,4.,19.9999999850552));
#1102= IFCPOLYLOOP((#1098,#1099,#1100,#1101));
#1103= IFCFACEOUTERBOUND(#1102,.T.);
#1104= IFCFACE((#1103));
#1105= IFCCARTESIANPOINT((148.002975463707,-4.,79.9981613152486));
#1106= IFCCARTESIANPOINT((148.002975463707,4.,79.9981613152486));
#1107= IFCPOLYLOOP((#1099,#1105,#1106,#1100));
#1108= IFCFACEOUTERBOUND(#1107,.T.);
#1109= IFCFACE((#1108));
#1110= IFCCARTESIANPOINT((148.000652330909,-4.,19.9999999844149));
#1111= IFCCARTESIANPOINT((148.000652330909,4.,19.9999999844149));
#1112= IFCPOLYLOOP((#1105,#1110,#1111,#1106));
#1113= IFCFACEOUTERBOUND(#1112,.T.);
#1114= IFCFACE((#1113));
#1115= IFCCARTESIANPOINT((144.098736072738,-4.,19.6158377896572));
#1116= IFCCARTESIANPOINT((144.098736072738,4.,19.6158377896572));
#1117= IFCPOLYLOOP((#1110,#1115,#1116,#1111));
#1118= IFCFACEOUTERBOUND(#1117,.T.);
#1119= IFCFACE((#1118));
#1120= IFCCARTESIANPOINT((140.346745875657,-4.,18.4778129047918));
#1121= IFCCARTESIANPOINT((140.346745875657,4.,18.4778129047918));
#1122= IFCPOLYLOOP((#1115,#1120,#1121,#1116));
#1123= IFCFACEOUTERBOUND(#1122,.T.);
#1124= IFCFACE((#1123));
#1125= IFCCARTESIANPOINT((136.888875704419,-4.,16.6296611370926));
#1126= IFCCARTESIANPOINT((136.888875704419,4.,16.6296611370926));
#1127= IFCPOLYLOOP((#1120,#1125,#1126,#1121));
#1128= IFCFACEOUTERBOUND(#1127,.T.);
#1129= IFCFACE((#1128));
#1130= IFCCARTESIANPOINT((133.858016100705,-4.,14.1424094127797));
#1131= IFCCARTESIANPOINT((133.858016100705,4.,14.1424094127797));
#1132= IFCPOLYLOOP((#1125,#1130,#1131,#1126));
#1133= IFCFACEOUTERBOUND(#1132,.T.);
#1134= IFCFACE((#1133));
#1135= IFCCARTESIANPOINT((131.370647023145,-4.,11.1116461179045));
#1136= IFCCARTESIANPOINT((131.370647023145,4.,11.1116461179045));
#1137= IFCPOLYLOOP((#1130,#1135,#1136,#1131));
#1138= IFCFACEOUTERBOUND(#1137,.T.);
#1139= IFCFACE((#1138));
#1140= IFCCARTESIANPOINT((129.52236136785,-4.,7.65384750983503));
#1141= IFCCARTESIANPOINT((129.52236136785,4.,7.65384750983503));
#1142= IFCPOLYLOOP((#1135,#1140,#1141,#1136));
#1143= IFCFACEOUTERBOUND(#1142,.T.);
#1144= IFCFACE((#1143));
#1145= IFCCARTESIANPOINT((128.384191206507,-4.,3.90190137997706));
#1146= IFCCARTESIANPOINT((128.384191206507,4.,3.90190137997706));
#1147= IFCPOLYLOOP((#1140,#1145,#1146,#1141));
#1148= IFCFACEOUTERBOUND(#1147,.T.);
#1149= IFCFACE((#1148));
#1150= IFCPOLYLOOP((#1145,#1005,#1006,#1146));
#1151= IFCFACEOUTERBOUND(#1150,.T.);
#1152= IFCFACE((#1151));
#1153= IFCCARTESIANPOINT((19.6157244302995,-4.,3.90171181334881));
#1154= IFCCARTESIANPOINT((19.6157244302995,4.,3.90171181334881));
#1155= IFCPOLYLOOP((#1010,#1153,#1154,#1011));
#1156= IFCFACEOUTERBOUND(#1155,.T.);
#1157= IFCFACE((#1156));
#1158= IFCCARTESIANPOINT((18.4776644925041,-4.,7.65349037377746));
#1159= IFCCARTESIANPOINT((18.4776644925041,4.,7.65349037377746));
#1160= IFCPOLYLOOP((#1153,#1158,#1159,#1154));
#1161= IFCFACEOUTERBOUND(#1160,.T.);
#1162= IFCFACE((#1161));
#1163= IFCCARTESIANPOINT((16.62955304973,-4.,11.1111639968367));
#1164= IFCCARTESIANPOINT((16.62955304973,4.,11.1111639968367));
#1165= IFCPOLYLOOP((#1158,#1163,#1164,#1159));
#1166= IFCFACEOUTERBOUND(#1165,.T.);
#1167= IFCFACE((#1166));
#1168= IFCCARTESIANPOINT((14.1424085097278,-4.,14.1418627323801));
#1169= IFCCARTESIANPOINT((14.1424085097278,4.,14.1418627323801));
#1170= IFCPOLYLOOP((#1163,#1168,#1169,#1164));
#1171= IFCFACEOUTERBOUND(#1170,.T.);
#1172= IFCFACE((#1171));
#1173= IFCCARTESIANPOINT((11.1118057610074,-4.,16.6291242321095));
#1174= IFCCARTESIANPOINT((11.1118057610074,4.,16.6291242321095));
#1175= IFCPOLYLOOP((#1168,#1173,#1174,#1169));
#1176= IFCFACEOUTERBOUND(#1175,.T.);
#1177= IFCFACE((#1176));
#1178= IFCCARTESIANPOINT((7.6542034633494,-4.,18.4773691130249));
#1179= IFCCARTESIANPOINT((7.6542034633494,4.,18.4773691130249));
#1180= IFCPOLYLOOP((#1173,#1178,#1179,#1174));
#1181= IFCFACEOUTERBOUND(#1180,.T.);
#1182= IFCFACE((#1181));
#1183= IFCCARTESIANPOINT((3.90246882603606,-4.,19.6155738396556));
#1184= IFCCARTESIANPOINT((3.90246882603606,4.,19.6155738396556));
#1185= IFCPOLYLOOP((#1178,#1183,#1184,#1179));
#1186= IFCFACEOUTERBOUND(#1185,.T.);
#1187= IFCFACE((#1186));
#1188= IFCPOLYLOOP((#1183,#1098,#1101,#1184));
#1189= IFCFACEOUTERBOUND(#1188,.T.);
#1190= IFCFACE((#1189));
#1191= IFCPOLYLOOP((#1106,#1111,#1116,#1121,#1126,#1131,#1136,#1141,#1146,#1006,#1011,#1154,#1159,#1164,#1169,#1174,#1179,#1184,#1101,#1100));
#1192= IFCFACEOUTERBOUND(#1191,.T.);
#1193= IFCFACE((#1192));
#1194= IFCPOLYLOOP((#1183,#1178,#1173,#1168,#1163,#1158,#1153,#1010,#1005,#1145,#1140,#1135,#1130,#1125,#1120,#1115,#1110,#1105,#1099,#1098));
#1195= IFCFACEOUTERBOUND(#1194,.T.);
#1196= IFCFACE((#1195));
#1197= IFCCLOSEDSHELL((#1104,#1109,#1114,#1119,#1124,#1129,#1134,#1139,#1144,#1149,#1152,#1014,#1157,#1162,#1167,#1172,#1177,#1182,#1187,#1190,#1193,#1196));
#1198= IFCFACETEDBREP(#1197);
#1199= IFCSTYLEDITEM(#1198,(#952),$);
#1200= IFCSHAPEREPRESENTATION(#12,'Body','Brep',(#1198));
#1201= IFCPRODUCTDEFINITIONSHAPE($,$,(#1200));
#1202= IFCCARTESIANPOINT((56914.9795927247,26766.9969555107,16247.0001144798));
#1203= IFCAXIS2PLACEMENT3D(#1202,#1065,#1066);
#1204= IFCLOCALPLACEMENT(#42,#1203);
#1205= IFCPLATE('23nFdyLsrFphyHMAhgrGQH',#44,'PLATE-8','PL8*80',$,#1204,#1201,'ID83c4f9fc-576d-4fce-bf11-58aaead50691');
#1206= IFCPLATETYPE('3G9DfCJlbFMBVyTFyQNWfO',#5,'PL8*80',$,$,$,$,$,$,.NOTDEFINED.);
#1207= IFCPROPERTYSINGLEVALUE('Bottom elevation',$,IFCLABEL(' +16.243'),$);
#1208= IFCPROPERTYSINGLEVALUE('Top elevation',$,IFCLABEL(' +16.251'),$);
#1209= IFCPROPERTYSINGLEVALUE('Preliminary mark',$,IFCLABEL('5-2-P70(?)'),$);
#1210= IFCPROPERTYSET('3V3CpEefv4MOeBRdjCZIfD',#5,'Tekla Common','Common Properties to Shared building elements',(#1207,#1208,#1073,#1209,#1075,#1076));
#1211= IFCPROPERTYSINGLEVALUE('Weight',$,IFCMASSMEASURE(0.7),$);
#1212= IFCPROPERTYSINGLEVALUE('Gross footprint area',$,IFCAREAMEASURE(0.011),$);
#1213= IFCPROPERTYSINGLEVALUE('Area per tons',$,IFCAREAMEASURE(36.83),$);
#1214= IFCPROPERTYSINGLEVALUE('Net surface area',$,IFCAREAMEASURE(0.026),$);
#1215= IFCPROPERTYSINGLEVALUE('Height',$,IFCLENGTHMEASURE(80.),$);
#1216= IFCPROPERTYSINGLEVALUE('Length',$,IFCLENGTHMEASURE(148.),$);
#1217= IFCPROPERTYSET('3K4$S8oUH528xF9HfpiU8r',#5,'Tekla Quantity','Quantity Properties to Shared building elements',(#1211,#1079,#1212,#1213,#1214,#1215,#1084,#1216));
#1218= IFCPROPERTYSINGLEVALUE('Reference',$,IFCIDENTIFIER('5-2-P70'),$);
#1219= IFCPROPERTYSET('2VDyJqBhP6sOeNuA3yJdNb',#5,'Pset_PlateCommon','Common Properties to plate elements',(#1087,#1218));
#1220= IFCQUANTITYLENGTH('Width',$,$,79.9982299806452);
#1221= IFCQUANTITYAREA('NetArea',$,$,0.0259406861266426);
#1222= IFCQUANTITYAREA('GrossArea',$,$,0.0118399143226811);
#1223= IFCQUANTITYVOLUME('NetVolume',$,$,8.97234763513864E-05);
#1224= IFCQUANTITYVOLUME('GrossVolume',$,$,8.97234763513864E-05);
#1225= IFCELEMENTQUANTITY('1gvhfhS3L7yBEmYJ2yInka',#5,'BaseQuantities',$,$,(#1220,#1221,#1222,#1093,#1223,#1224));
#1226= IFCCOLOURRGB('Light Red',0.905882352941176,0.325490196078431,0.36078431372549);
#1227= IFCSURFACESTYLERENDERING(#1226,0.,$,$,$,$,IFCNORMALISEDRATIOMEASURE(0.00390625),IFCSPECULAREXPONENT(10.),.NOTDEFINED.);
#1228= IFCSURFACESTYLE('STEEL/S275',.POSITIVE.,(#1227));
#1229= IFCPRESENTATIONSTYLEASSIGNMENT((#1228));
#1230= IFCCARTESIANPOINT((-2.08092387765646E-09,-6.00000000000728,455.000000000002));
#1231= IFCCARTESIANPOINT((-2.99041857942939E-09,-6.00000000000728,655.000000001886));
#1232= IFCCARTESIANPOINT((-2.95403879135847E-09,6.00000000000728,655.000000001886));
#1233= IFCCARTESIANPOINT((-2.04454408958554E-09,6.00000000000728,455.000000000002));
#1234= IFCPOLYLOOP((#1230,#1231,#1232,#1233));
#1235= IFCFACEOUTERBOUND(#1234,.T.);
#1236= IFCFACE((#1235));
#1237= IFCCARTESIANPOINT((289.998321527179,-5.9999999997417,655.000000002145));
#1238= IFCCARTESIANPOINT((289.998321527208,6.00000000027285,655.000000002145));
#1239= IFCPOLYLOOP((#1231,#1237,#1238,#1232));
#1240= IFCFACEOUTERBOUND(#1239,.T.);
#1241= IFCFACE((#1240));
#1242= IFCCARTESIANPOINT((290.454088936822,-5.99999999973807,649.790554672125));
#1243= IFCCARTESIANPOINT((290.454088936851,6.00000000027649,649.790554672125));
#1244= IFCPOLYLOOP((#1237,#1242,#1243,#1238));
#1245= IFCFACEOUTERBOUND(#1244,.T.);
#1246= IFCFACE((#1245));
#1247= IFCCARTESIANPOINT((291.807542903618,-5.99999999974534,644.739395702354));
#1248= IFCCARTESIANPOINT((291.807542903654,6.00000000027649,644.739395702354));
#1249= IFCPOLYLOOP((#1242,#1247,#1248,#1243));
#1250= IFCFACEOUTERBOUND(#1249,.T.);
#1251= IFCFACE((#1250));
#1252= IFCCARTESIANPOINT((294.017559413682,-5.99999999973807,640.000000002115));
#1253= IFCCARTESIANPOINT((294.017559413718,6.00000000028012,640.000000002115));
#1254= IFCPOLYLOOP((#1247,#1252,#1253,#1248));
#1255= IFCFACEOUTERBOUND(#1254,.T.);
#1256= IFCFACE((#1255));
#1257= IFCCARTESIANPOINT((297.01698823367,-5.99999999973807,635.716371711516));
#1258= IFCCARTESIANPOINT((297.0169882337,6.00000000028376,635.716371711516));
#1259= IFCPOLYLOOP((#1252,#1257,#1258,#1253));
#1260= IFCFACEOUTERBOUND(#1259,.T.);
#1261= IFCFACE((#1260));
#1262= IFCCARTESIANPOINT((300.71469323666,-5.99999999973079,632.018666708545));
#1263= IFCCARTESIANPOINT((300.714693236696,6.00000000028376,632.018666708545));
#1264= IFCPOLYLOOP((#1257,#1262,#1263,#1258));
#1265= IFCFACEOUTERBOUND(#1264,.T.);
#1266= IFCFACE((#1265));
#1267= IFCCARTESIANPOINT((304.998321527288,-5.99999999973079,629.019237888589));
#1268= IFCCARTESIANPOINT((304.998321527317,6.0000000002874,629.019237888589));
#1269= IFCPOLYLOOP((#1262,#1267,#1268,#1263));
#1270= IFCFACEOUTERBOUND(#1269,.T.);
#1271= IFCFACE((#1270));
#1272= IFCCARTESIANPOINT((309.737717227545,-5.99999999972351,626.809221378555));
#1273= IFCCARTESIANPOINT((309.737717227574,6.00000000029104,626.809221378555));
#1274= IFCPOLYLOOP((#1267,#1272,#1273,#1268));
#1275= IFCFACEOUTERBOUND(#1274,.T.);
#1276= IFCFACE((#1275));
#1277= IFCCARTESIANPOINT((314.78887619733,-5.99999999971988,625.455767411784));
#1278= IFCCARTESIANPOINT((314.788876197359,6.00000000029468,625.455767411784));
#1279= IFCPOLYLOOP((#1272,#1277,#1278,#1273));
#1280= IFCFACEOUTERBOUND(#1279,.T.);
#1281= IFCFACE((#1280));
#1282= IFCCARTESIANPOINT((319.998321527353,-5.9999999997126,625.00000000217));
#1283= IFCCARTESIANPOINT((319.99832152739,6.00000000030195,625.00000000217));
#1284= IFCPOLYLOOP((#1277,#1282,#1283,#1278));
#1285= IFCFACEOUTERBOUND(#1284,.T.);
#1286= IFCFACE((#1285));
#1287= IFCCARTESIANPOINT((319.998321530198,-5.9999999997126,2.87400325760245E-10));
#1288= IFCCARTESIANPOINT((319.998321530235,6.00000000030195,2.87400325760245E-10));
#1289= IFCPOLYLOOP((#1282,#1287,#1288,#1283));
#1290= IFCFACEOUTERBOUND(#1289,.T.);
#1291= IFCFACE((#1290));
#1292= IFCCARTESIANPOINT((200.000000000269,-5.99999999982174,1.8007995095104E-10));
#1293= IFCCARTESIANPOINT((200.000000000306,6.00000000019281,1.8007995095104E-10));
#1294= IFCPOLYLOOP((#1287,#1292,#1293,#1288));
#1295= IFCFACEOUTERBOUND(#1294,.T.);
#1296= IFCFACE((#1295));
#1297= IFCPOLYLOOP((#1292,#1230,#1233,#1293));
#1298= IFCFACEOUTERBOUND(#1297,.T.);
#1299= IFCFACE((#1298));
#1300= IFCPOLYLOOP((#1238,#1243,#1248,#1253,#1258,#1263,#1268,#1273,#1278,#1283,#1288,#1293,#1233,#1232));
#1301= IFCFACEOUTERBOUND(#1300,.T.);
#1302= IFCFACE((#1301));
#1303= IFCPOLYLOOP((#1292,#1287,#1282,#1277,#1272,#1267,#1262,#1257,#1252,#1247,#1242,#1237,#1231,#1230));
#1304= IFCFACEOUTERBOUND(#1303,.T.);
#1305= IFCFACE((#1304));
#1306= IFCCLOSEDSHELL((#1236,#1241,#1246,#1251,#1256,#1261,#1266,#1271,#1276,#1281,#1286,#1291,#1296,#1299,#1302,#1305));
#1307= IFCFACETEDBREP(#1306);
#1308= IFCSTYLEDITEM(#1307,(#1229),$);
#1309= IFCSHAPEREPRESENTATION(#12,'Body','Brep',(#1307));
#1310= IFCPRODUCTDEFINITIONSHAPE($,$,(#1309));
#1311= IFCCARTESIANPOINT((57234.9773740637,26773.0171685571,15957.000114476));
#1312= IFCDIRECTION((-0.999999998004965,-6.31669999966808E-05,0.));
#1313= IFCAXIS2PLACEMENT3D(#1311,#9,#1312);
#1314= IFCLOCALPLACEMENT(#42,#1313);
#1315= IFCPLATE('0HEQ6KAjz9POhMMPoM1ITg',#44,'PLATE-12','PL12*320',$,#1314,#1310,'ID1139a194-2adf-4965-8ad6-599c9605276a');
#1316= IFCPLATETYPE('02Pv6sgg19JPZbxE705_kI',#5,'PL12*320',$,$,$,$,$,$,.NOTDEFINED.);
#1317= IFCPROPERTYSINGLEVALUE('Bottom elevation',$,IFCLABEL(' +15.957'),$);
#1318= IFCPROPERTYSINGLEVALUE('Top elevation',$,IFCLABEL(' +16.612'),$);
#1319= IFCPROPERTYSINGLEVALUE('Preliminary mark',$,IFCLABEL('5-2-P24(?)'),$);
#1320= IFCPROPERTYSINGLEVALUE('Class',$,IFCLABEL('16'),$);
#1321= IFCPROPERTYSET('1O8kquV35Cde7HywWItO87',#5,'Tekla Common','Common Properties to Shared building elements',(#1317,#1318,#1073,#1319,#1075,#1320));
#1322= IFCPROPERTYSINGLEVALUE('Weight',$,IFCMASSMEASURE(15.39),$);
#1323= IFCPROPERTYSINGLEVALUE('Volume',$,IFCVOLUMEMEASURE(0.002),$);
#1324= IFCPROPERTYSINGLEVALUE('Gross footprint area',$,IFCAREAMEASURE(0.003),$);
#1325= IFCPROPERTYSINGLEVALUE('Area per tons',$,IFCAREAMEASURE(22.618),$);
#1326= IFCPROPERTYSINGLEVALUE('Net surface area',$,IFCAREAMEASURE(0.348),$);
#1327= IFCPROPERTYSINGLEVALUE('Height',$,IFCLENGTHMEASURE(320.),$);
#1328= IFCPROPERTYSINGLEVALUE('Width',$,IFCLENGTHMEASURE(12.),$);
#1329= IFCPROPERTYSINGLEVALUE('Length',$,IFCLENGTHMEASURE(655.),$);
#1330= IFCPROPERTYSET('3V72YaBD19kerANaGKUTmf',#5,'Tekla Quantity','Quantity Properties to Shared building elements',(#1322,#1323,#1324,#1325,#1326,#1327,#1328,#1329));
#1331= IFCPROPERTYSINGLEVALUE('Reference',$,IFCIDENTIFIER('5-2-P24'),$);
#1332= IFCPROPERTYSET('3HwyStRhH9EvZckQeNRNqk',#5,'Pset_PlateCommon','Common Properties to plate elements',(#1087,#1331));
#1333= IFCQUANTITYLENGTH('Width',$,$,319.998321533695);
#1334= IFCQUANTITYAREA('NetArea',$,$,0.348140173051687);
#1335= IFCQUANTITYAREA('GrossArea',$,$,0.209598900605199);
#1336= IFCQUANTITYAREA('CrossSectionArea',$,$,0.000144);
#1337= IFCQUANTITYVOLUME('NetVolume',$,$,0.00196074750579652);
#1338= IFCQUANTITYVOLUME('GrossVolume',$,$,0.00196074750579652);
#1339= IFCELEMENTQUANTITY('2NAsHaBGXCIvkivesd0vth',#5,'BaseQuantities',$,$,(#1333,#1334,#1335,#1336,#1337,#1338));
#1340= IFCSHAPEREPRESENTATION(#12,'Body','Brep',(#1307));
#1341= IFCPRODUCTDEFINITIONSHAPE($,$,(#1340));
#1342= IFCCARTESIANPOINT((57234.9950640126,26613.0172929076,15957.0001145468));
#1343= IFCAXIS2PLACEMENT3D(#1342,#9,#1312);
#1344= IFCLOCALPLACEMENT(#42,#1343);
#1345= IFCPLATE('2LTBcCQkb4z9ooK3q_Zdra',#44,'PLATE-12','PL12*320',$,#1344,#1341,'ID9574b98c-6ae9-44f4-9cb2-503d3e8e7d64');
#1346= IFCCARTESIANPOINT((0.,-4.,0.));
#1347= IFCCARTESIANPOINT((-0.000125010130432202,-4.,19.9982299816402));
#1348= IFCCARTESIANPOINT((-0.000125010130432202,4.,19.9982299816402));
#1349= IFCCARTESIANPOINT((0.,4.,0.));
#1350= IFCPOLYLOOP((#1346,#1347,#1348,#1349));
#1351= IFCFACEOUTERBOUND(#1350,.T.);
#1352= IFCFACE((#1351));
#1353= IFCCARTESIANPOINT((103.999499926285,-4.,79.998172390282));
#1354= IFCCARTESIANPOINT((103.999499926285,4.,79.998172390282));
#1355= IFCPOLYLOOP((#1347,#1353,#1354,#1348));
#1356= IFCFACEOUTERBOUND(#1355,.T.);
#1357= IFCFACE((#1356));
#1358= IFCCARTESIANPOINT((123.999382018683,-4.,79.9981613153504));
#1359= IFCCARTESIANPOINT((123.999382018683,4.,79.9981613153504));
#1360= IFCPOLYLOOP((#1353,#1358,#1359,#1354));
#1361= IFCFACEOUTERBOUND(#1360,.T.);
#1362= IFCFACE((#1361));
#1363= IFCCARTESIANPOINT((123.999753948905,-4.,19.9999999991851));
#1364= IFCCARTESIANPOINT((123.999753948905,4.,19.9999999991851));
#1365= IFCPOLYLOOP((#1358,#1363,#1364,#1359));
#1366= IFCFACEOUTERBOUND(#1365,.T.);
#1367= IFCFACE((#1366));
#1368= IFCCARTESIANPOINT((120.097965090677,-4.,19.615684443379));
#1369= IFCCARTESIANPOINT((120.097965090677,4.,19.615684443379));
#1370= IFCPOLYLOOP((#1363,#1368,#1369,#1364));
#1371= IFCFACEOUTERBOUND(#1370,.T.);
#1372= IFCFACE((#1371));
#1373= IFCCARTESIANPOINT((116.346123374908,-4.,18.4775550656559));
#1374= IFCCARTESIANPOINT((116.346123374908,4.,18.4775550656559));
#1375= IFCPOLYLOOP((#1368,#1373,#1374,#1369));
#1376= IFCFACEOUTERBOUND(#1375,.T.);
#1377= IFCFACE((#1376));
#1378= IFCCARTESIANPOINT((112.88840884035,-4.,16.6293491956094));
#1379= IFCCARTESIANPOINT((112.88840884035,4.,16.6293491956094));
#1380= IFCPOLYLOOP((#1373,#1378,#1379,#1374));
#1381= IFCFACEOUTERBOUND(#1380,.T.);
#1382= IFCFACE((#1381));
#1383= IFCCARTESIANPOINT((109.857698472035,-4.,14.1420917895593));
#1384= IFCCARTESIANPOINT((109.857698472035,4.,14.1420917895593));
#1385= IFCPOLYLOOP((#1378,#1383,#1384,#1379));
#1386= IFCFACEOUTERBOUND(#1385,.T.);
#1387= IFCFACE((#1386));
#1388= IFCCARTESIANPOINT((107.370459853471,-4.,11.1113660027477));
#1389= IFCCARTESIANPOINT((107.370459853471,4.,11.1113660027477));
#1390= IFCPOLYLOOP((#1383,#1388,#1389,#1384));
#1391= IFCFACEOUTERBOUND(#1390,.T.);
#1392= IFCFACE((#1391));
#1393= IFCCARTESIANPOINT((105.522275417909,-4.,7.65364001119451));
#1394= IFCCARTESIANPOINT((105.522275417909,4.,7.65364001119451));
#1395= IFCPOLYLOOP((#1388,#1393,#1394,#1389));
#1396= IFCFACEOUTERBOUND(#1395,.T.);
#1397= IFCFACE((#1396));
#1398= IFCCARTESIANPOINT((104.384169297959,-4.,3.90179124022688));
#1399= IFCCARTESIANPOINT((104.384169297959,4.,3.90179124022688));
#1400= IFCPOLYLOOP((#1393,#1398,#1399,#1394));
#1401= IFCFACEOUTERBOUND(#1400,.T.);
#1402= IFCFACE((#1401));
#1403= IFCCARTESIANPOINT((103.99987792944,-4.,-3.05590219795704E-10));
#1404= IFCCARTESIANPOINT((103.99987792944,4.,-3.05590219795704E-10));
#1405= IFCPOLYLOOP((#1398,#1403,#1404,#1399));
#1406= IFCFACEOUTERBOUND(#1405,.T.);
#1407= IFCFACE((#1406));
#1408= IFCPOLYLOOP((#1403,#1346,#1349,#1404));
#1409= IFCFACEOUTERBOUND(#1408,.T.);
#1410= IFCFACE((#1409));
#1411= IFCPOLYLOOP((#1354,#1359,#1364,#1369,#1374,#1379,#1384,#1389,#1394,#1399,#1404,#1349,#1348));
#1412= IFCFACEOUTERBOUND(#1411,.T.);
#1413= IFCFACE((#1412));
#1414= IFCPOLYLOOP((#1403,#1398,#1393,#1388,#1383,#1378,#1373,#1368,#1363,#1358,#1353,#1347,#1346));
#1415= IFCFACEOUTERBOUND(#1414,.T.);
#1416= IFCFACE((#1415));
#1417= IFCCLOSEDSHELL((#1352,#1357,#1362,#1367,#1372,#1377,#1382,#1387,#1392,#1397,#1402,#1407,#1410,#1413,#1416));
#1418= IFCFACETEDBREP(#1417);
#1419= IFCSTYLEDITEM(#1418,(#952),$);
#1420= IFCSHAPEREPRESENTATION(#12,'Body','Brep',(#1418));
#1421= IFCPRODUCTDEFINITIONSHAPE($,$,(#1420));
#1422= IFCCARTESIANPOINT((56914.9740704054,26902.996955352,16247.0001144196));
#1423= IFCDIRECTION((0.99999999764606,6.86139999779697E-05,0.));
#1424= IFCDIRECTION((6.86139999778505E-05,-0.99999999764606,0.));
#1425= IFCAXIS2PLACEMENT3D(#1422,#1423,#1424);
#1426= IFCLOCALPLACEMENT(#42,#1425);
#1427= IFCPLATE('2qMd5V5nf1Q9dKEHdNoK9M',#44,'PLATE-8','PL8*80',$,#1426,#1421,'IDb45a715f-171a-4168-99d4-3919d7c94256');
#1428= IFCPROPERTYSINGLEVALUE('Preliminary mark',$,IFCLABEL('5-2-P71(?)'),$);
#1429= IFCPROPERTYSET('1Ls9WTqCH0FQf99rbS2PJT',#5,'Tekla Common','Common Properties to Shared building elements',(#1207,#1208,#1073,#1428,#1075,#1076));
#1430= IFCPROPERTYSINGLEVALUE('Weight',$,IFCMASSMEASURE(0.41),$);
#1431= IFCPROPERTYSINGLEVALUE('Gross footprint area',$,IFCAREAMEASURE(0.006),$);
#1432= IFCPROPERTYSINGLEVALUE('Area per tons',$,IFCAREAMEASURE(38.826),$);
#1433= IFCPROPERTYSINGLEVALUE('Net surface area',$,IFCAREAMEASURE(0.016),$);
#1434= IFCPROPERTYSINGLEVALUE('Length',$,IFCLENGTHMEASURE(124.),$);
#1435= IFCPROPERTYSET('23gss53QT6wvYIz91hmgiv',#5,'Tekla Quantity','Quantity Properties to Shared building elements',(#1430,#1079,#1431,#1432,#1433,#1215,#1084,#1434));
#1436= IFCPROPERTYSINGLEVALUE('Reference',$,IFCIDENTIFIER('5-2-P71'),$);
#1437= IFCPROPERTYSET('0ij8RswuX6muhVY$TlKTQF',#5,'Pset_PlateCommon','Common Properties to plate elements',(#1087,#1436));
#1438= IFCQUANTITYLENGTH('Width',$,$,79.9981723908593);
#1439= IFCQUANTITYAREA('NetArea',$,$,0.0158186691833528);
#1440= IFCQUANTITYAREA('GrossArea',$,$,0.00991976369340906);
#1441= IFCQUANTITYVOLUME('NetVolume',$,$,5.19009868982816E-05);
#1442= IFCQUANTITYVOLUME('GrossVolume',$,$,5.19009868982816E-05);
#1443= IFCELEMENTQUANTITY('1LYemEoiPEgANOeDyiRnXM',#5,'BaseQuantities',$,$,(#1438,#1439,#1440,#1093,#1441,#1442));
#1444= IFCCARTESIANPOINT((-0.000125021197163733,-4.,19.9999999995343));
#1445= IFCCARTESIANPOINT((-0.000500073718285421,-4.,79.9982299802505));
#1446= IFCCARTESIANPOINT((-0.000500073718285421,4.,79.9982299802505));
#1447= IFCCARTESIANPOINT((-0.000125021197163733,4.,19.9999999995343));
#1448= IFCPOLYLOOP((#1444,#1445,#1446,#1447));
#1449= IFCFACEOUTERBOUND(#1448,.T.);
#1450= IFCFACE((#1449));
#1451= IFCCARTESIANPOINT((19.9993820186792,-4.,79.9982189053117));
#1452= IFCCARTESIANPOINT((19.9993820186792,4.,79.9982189053117));
#1453= IFCPOLYLOOP((#1445,#1451,#1452,#1446));
#1454= IFCFACEOUTERBOUND(#1453,.T.);
#1455= IFCFACE((#1454));
#1456= IFCCARTESIANPOINT((123.999753960299,-4.,19.9981613166892));
#1457= IFCCARTESIANPOINT((123.999753960299,4.,19.9981613166892));
#1458= IFCPOLYLOOP((#1451,#1456,#1457,#1452));
#1459= IFCFACEOUTERBOUND(#1458,.T.);
#1460= IFCFACE((#1459));
#1461= IFCCARTESIANPOINT((123.999877929447,-4.,-3.71073838323355E-10));
#1462= IFCCARTESIANPOINT((123.999877929447,4.,-3.71073838323355E-10));
#1463= IFCPOLYLOOP((#1456,#1461,#1462,#1457));
#1464= IFCFACEOUTERBOUND(#1463,.T.);
#1465= IFCFACE((#1464));
#1466= IFCPOLYLOOP((#1461,#1010,#1011,#1462));
#1467= IFCFACEOUTERBOUND(#1466,.T.);
#1468= IFCFACE((#1467));
#1469= IFCCARTESIANPOINT((19.6157025592547,-4.,3.901821767613));
#1470= IFCCARTESIANPOINT((19.6157025592547,4.,3.901821767613));
#1471= IFCPOLYLOOP((#1010,#1469,#1470,#1011));
#1472= IFCFACEOUTERBOUND(#1471,.T.);
#1473= IFCFACE((#1472));
#1474= IFCCARTESIANPOINT((18.4775786893188,-4.,7.65369752333936));
#1475= IFCCARTESIANPOINT((18.4775786893188,4.,7.65369752333936));
#1476= IFCPOLYLOOP((#1469,#1474,#1475,#1470));
#1477= IFCFACEOUTERBOUND(#1476,.T.);
#1478= IFCFACE((#1477));
#1479= IFCCARTESIANPOINT((16.6293661992349,-4.,11.1114436420248));
#1480= IFCCARTESIANPOINT((16.6293661992349,4.,11.1114436420248));
#1481= IFCPOLYLOOP((#1474,#1479,#1480,#1475));
#1482= IFCFACEOUTERBOUND(#1481,.T.);
#1483= IFCFACE((#1482));
#1484= IFCCARTESIANPOINT((14.1420914219925,-4.,14.1421798252341));
#1485= IFCCARTESIANPOINT((14.1420914219925,4.,14.1421798252341));
#1486= IFCPOLYLOOP((#1479,#1484,#1485,#1480));
#1487= IFCFACEOUTERBOUND(#1486,.T.);
#1488= IFCFACE((#1487));
#1489= IFCCARTESIANPOINT((11.111339690724,-4.,16.6294356571161));
#1490= IFCCARTESIANPOINT((11.111339690724,4.,16.6294356571161));
#1491= IFCPOLYLOOP((#1484,#1489,#1490,#1485));
#1492= IFCFACEOUTERBOUND(#1491,.T.);
#1493= IFCFACE((#1492));
#1494= IFCCARTESIANPOINT((7.65358201882191,-4.,18.4776265325927));
#1495= IFCCARTESIANPOINT((7.65358201882191,4.,18.4776265325927));
#1496= IFCPOLYLOOP((#1489,#1494,#1495,#1490));
#1497= IFCFACEOUTERBOUND(#1496,.T.);
#1498= IFCFACE((#1497));
#1499= IFCCARTESIANPOINT((3.90169914867874,-4.,19.6157269493197));
#1500= IFCCARTESIANPOINT((3.90169914867874,4.,19.6157269493197));
#1501= IFCPOLYLOOP((#1494,#1499,#1500,#1495));
#1502= IFCFACEOUTERBOUND(#1501,.T.);
#1503= IFCFACE((#1502));
#1504= IFCPOLYLOOP((#1499,#1444,#1447,#1500));
#1505= IFCFACEOUTERBOUND(#1504,.T.);
#1506= IFCFACE((#1505));
#1507= IFCPOLYLOOP((#1452,#1457,#1462,#1011,#1470,#1475,#1480,#1485,#1490,#1495,#1500,#1447,#1446));
#1508= IFCFACEOUTERBOUND(#1507,.T.);
#1509= IFCFACE((#1508));
#1510= IFCPOLYLOOP((#1499,#1494,#1489,#1484,#1479,#1474,#1469,#1010,#1461,#1456,#1451,#1445,#1444));
#1511= IFCFACEOUTERBOUND(#1510,.T.);
#1512= IFCFACE((#1511));
#1513= IFCCLOSEDSHELL((#1450,#1455,#1460,#1465,#1468,#1473,#1478,#1483,#1488,#1493,#1498,#1503,#1506,#1509,#1512));
#1514= IFCFACETEDBREP(#1513);
#1515= IFCSTYLEDITEM(#1514,(#952),$);
#1516= IFCSHAPEREPRESENTATION(#12,'Body','Brep',(#1514));
#1517= IFCPRODUCTDEFINITIONSHAPE($,$,(#1516));
#1518= IFCCARTESIANPOINT((56914.9933985229,26606.9969559077,16247.0001145506));
#1519= IFCAXIS2PLACEMENT3D(#1518,#1423,#1424);
#1520= IFCLOCALPLACEMENT(#42,#1519);
#1521= IFCPLATE('0w$Pv2pD5DWOtfqfDHVJZY',#44,'PLATE-8','PL8*80',$,#1520,#1517,'ID3afd9e42-ccd1-4d81-8de9-d293517d38e2');
#1522= IFCQUANTITYLENGTH('Width',$,$,79.9982299805779);
#1523= IFCQUANTITYAREA('NetArea',$,$,0.0158186719182469);
#1524= IFCQUANTITYAREA('GrossArea',$,$,0.00991981075716711);
#1525= IFCQUANTITYVOLUME('NetVolume',$,$,5.19009673608833E-05);
#1526= IFCQUANTITYVOLUME('GrossVolume',$,$,5.19009673608833E-05);
#1527= IFCELEMENTQUANTITY('0LRk6WRnn3GOmT9D84P$ED',#5,'BaseQuantities',$,$,(#1522,#1523,#1524,#1093,#1525,#1526));
#1528= IFCCARTESIANPOINT((0.00467719752487028,-4.,149.998230046622));
#1529= IFCCARTESIANPOINT((0.00467719752487028,4.,149.998230046622));
#1530= IFCPOLYLOOP((#1346,#1528,#1529,#1349));
#1531= IFCFACEOUTERBOUND(#1530,.T.);
#1532= IFCFACE((#1531));
#1533= IFCCARTESIANPOINT((50.0093544502452,-4.,299.998205362077));
#1534= IFCCARTESIANPOINT((50.0093544502452,4.,299.998205362077));
#1535= IFCPOLYLOOP((#1528,#1533,#1534,#1529));
#1536= IFCFACEOUTERBOUND(#1535,.T.);
#1537= IFCFACE((#1536));
#1538= IFCCARTESIANPOINT((124.009231566106,-4.,299.998168937695));
#1539= IFCCARTESIANPOINT((124.009231566106,4.,299.998168937695));
#1540= IFCPOLYLOOP((#1533,#1538,#1539,#1534));
#1541= IFCFACEOUTERBOUND(#1540,.T.);
#1542= IFCFACE((#1541));
#1543= IFCCARTESIANPOINT((124.000501509385,-4.,19.9999999899301));
#1544= IFCCARTESIANPOINT((124.000501509385,4.,19.9999999899301));
#1545= IFCPOLYLOOP((#1538,#1543,#1544,#1539));
#1546= IFCFACEOUTERBOUND(#1545,.T.);
#1547= IFCFACE((#1546));
#1548= IFCCARTESIANPOINT((120.098606638894,-4.,19.615812047974));
#1549= IFCCARTESIANPOINT((120.098606638894,4.,19.615812047974));
#1550= IFCPOLYLOOP((#1543,#1548,#1549,#1544));
#1551= IFCFACEOUTERBOUND(#1550,.T.);
#1552= IFCFACE((#1551));
#1553= IFCCARTESIANPOINT((116.346641368902,-4.,18.4777696200254));
#1554= IFCCARTESIANPOINT((116.346641368902,4.,18.4777696200254));
#1555= IFCPOLYLOOP((#1548,#1553,#1554,#1549));
#1556= IFCFACEOUTERBOUND(#1555,.T.);
#1557= IFCFACE((#1556));
#1558= IFCCARTESIANPOINT((112.888797326192,-4.,16.6296087689916));
#1559= IFCCARTESIANPOINT((112.888797326192,4.,16.6296087689916));
#1560= IFCPOLYLOOP((#1553,#1558,#1559,#1554));
#1561= IFCFACEOUTERBOUND(#1560,.T.);
#1562= IFCFACE((#1561));
#1563= IFCCARTESIANPOINT((109.85796277647,-4.,14.1423560903859));
#1564= IFCCARTESIANPOINT((109.85796277647,4.,14.1423560903859));
#1565= IFCPOLYLOOP((#1558,#1563,#1564,#1559));
#1566= IFCFACEOUTERBOUND(#1565,.T.);
#1567= IFCFACE((#1566));
#1568= IFCCARTESIANPOINT((107.370615600743,-4.,11.1115990921608));
#1569= IFCCARTESIANPOINT((107.370615600743,4.,11.1115990921608));
#1570= IFCPOLYLOOP((#1563,#1568,#1569,#1564));
#1571= IFCFACEOUTERBOUND(#1570,.T.);
#1572= IFCFACE((#1571));
#1573= IFCCARTESIANPOINT((105.522346938542,-4.,7.65381267490739));
#1574= IFCCARTESIANPOINT((105.522346938542,4.,7.65381267490739));
#1575= IFCPOLYLOOP((#1568,#1573,#1574,#1569));
#1576= IFCFACEOUTERBOUND(#1575,.T.);
#1577= IFCFACE((#1576));
#1578= IFCCARTESIANPOINT((104.384187528696,-4.,3.90188288975332));
#1579= IFCCARTESIANPOINT((104.384187528696,4.,3.90188288975332));
#1580= IFCPOLYLOOP((#1573,#1578,#1579,#1574));
#1581= IFCFACEOUTERBOUND(#1580,.T.);
#1582= IFCFACE((#1581));
#1583= IFCPOLYLOOP((#1578,#1403,#1404,#1579));
#1584= IFCFACEOUTERBOUND(#1583,.T.);
#1585= IFCFACE((#1584));
#1586= IFCPOLYLOOP((#1534,#1539,#1544,#1549,#1554,#1559,#1564,#1569,#1574,#1579,#1404,#1349,#1529));
#1587= IFCFACEOUTERBOUND(#1586,.T.);
#1588= IFCFACE((#1587));
#1589= IFCPOLYLOOP((#1403,#1578,#1573,#1568,#1563,#1558,#1553,#1548,#1543,#1538,#1533,#1528,#1346));
#1590= IFCFACEOUTERBOUND(#1589,.T.);
#1591= IFCFACE((#1590));
#1592= IFCCLOSEDSHELL((#1532,#1537,#1542,#1547,#1552,#1557,#1562,#1567,#1572,#1577,#1582,#1585,#1410,#1588,#1591));
#1593= IFCFACETEDBREP(#1592);
#1594= IFCSTYLEDITEM(#1593,(#952),$);
#1595= IFCSHAPEREPRESENTATION(#12,'Body','Brep',(#1593));
#1596= IFCPRODUCTDEFINITIONSHAPE($,$,(#1595));
#1597= IFCCARTESIANPOINT((56914.9740704062,26902.9969554411,16417.0001144199));
#1598= IFCAXIS2PLACEMENT3D(#1597,#1423,#1424);
#1599= IFCLOCALPLACEMENT(#42,#1598);
#1600= IFCPLATE('2XwGSVCun0VvTA55eg6b60',#44,'PLATE-8','PL8*124',$,#1599,#1596,'IDa1e9071f-338c-407f-974a-145a2a1a5180');
#1601= IFCPLATETYPE('2r4pMBMmj2vxBnoEfi5vUu',#5,'PL8*124',$,$,$,$,$,$,.NOTDEFINED.);
#1602= IFCPROPERTYSINGLEVALUE('Preliminary mark',$,IFCLABEL('5-2-P113(?)'),$);
#1603= IFCPROPERTYSET('1Iv$teG793eQvngcDVhm2q',#5,'Tekla Common','Common Properties to Shared building elements',(#1071,#1072,#1073,#1602,#1075,#1076));
#1604= IFCPROPERTYSINGLEVALUE('Weight',$,IFCMASSMEASURE(2.08),$);
#1605= IFCPROPERTYSINGLEVALUE('Gross footprint area',$,IFCAREAMEASURE(0.033),$);
#1606= IFCPROPERTYSINGLEVALUE('Area per tons',$,IFCAREAMEASURE(34.913),$);
#1607= IFCPROPERTYSINGLEVALUE('Net surface area',$,IFCAREAMEASURE(0.073),$);
#1608= IFCPROPERTYSINGLEVALUE('Height',$,IFCLENGTHMEASURE(124.),$);
#1609= IFCPROPERTYSET('1oENFMQRLAfwQIG4W8UmHB',#5,'Tekla Quantity','Quantity Properties to Shared building elements',(#1604,#1079,#1605,#1606,#1607,#1608,#1084,#1085));
#1610= IFCPROPERTYSINGLEVALUE('Reference',$,IFCIDENTIFIER('5-2-P113'),$);
#1611= IFCPROPERTYSET('1aQoK2Zi1B_g41h1OOP1k5',#5,'Pset_PlateCommon','Common Properties to plate elements',(#1087,#1610));
#1612= IFCQUANTITYLENGTH('Width',$,$,123.999877815329);
#1613= IFCQUANTITYAREA('NetArea',$,$,0.072654999508791);
#1614= IFCQUANTITYAREA('GrossArea',$,$,0.0372002157598672);
#1615= IFCQUANTITYVOLUME('NetVolume',$,$,0.000265100714884323);
#1616= IFCQUANTITYVOLUME('GrossVolume',$,$,0.000265100714884323);
#1617= IFCELEMENTQUANTITY('1pLHeQyVv2j9H9Cau5xru_',#5,'BaseQuantities',$,$,(#1612,#1613,#1614,#1093,#1615,#1616));
#1618= IFCCARTESIANPOINT((0.000623633695795434,-4.,19.9999999902138));
#1619= IFCCARTESIANPOINT((0.00935445023787906,-4.,299.998229973186));
#1620= IFCCARTESIANPOINT((0.00935445023787906,4.,299.998229973186));
#1621= IFCCARTESIANPOINT((0.000623633695795434,4.,19.9999999902138));
#1622= IFCPOLYLOOP((#1618,#1619,#1620,#1621));
#1623= IFCFACEOUTERBOUND(#1622,.T.);
#1624= IFCFACE((#1623));
#1625= IFCCARTESIANPOINT((74.0092315661059,-4.,299.998193548818));
#1626= IFCCARTESIANPOINT((74.0092315661059,4.,299.998193548818));
#1627= IFCPOLYLOOP((#1619,#1625,#1626,#1620));
#1628= IFCFACEOUTERBOUND(#1627,.T.);
#1629= IFCFACE((#1628));
#1630= IFCCARTESIANPOINT((124.004554719428,-4.,149.998169011131));
#1631= IFCCARTESIANPOINT((124.004554719428,4.,149.998169011131));
#1632= IFCPOLYLOOP((#1625,#1630,#1631,#1626));
#1633= IFCFACEOUTERBOUND(#1632,.T.);
#1634= IFCFACE((#1633));
#1635= IFCPOLYLOOP((#1630,#1461,#1462,#1631));
#1636= IFCFACEOUTERBOUND(#1635,.T.);
#1637= IFCFACE((#1636));
#1638= IFCCARTESIANPOINT((16.6295221720284,-4.,11.111210209885));
#1639= IFCCARTESIANPOINT((16.6295221720284,4.,11.111210209885));
#1640= IFCPOLYLOOP((#1158,#1638,#1639,#1159));
#1641= IFCFACEOUTERBOUND(#1640,.T.);
#1642= IFCFACE((#1641));
#1643= IFCCARTESIANPOINT((14.1423561098127,-4.,14.1419151341252));
#1644= IFCCARTESIANPOINT((14.1423561098127,4.,14.1419151341252));
#1645= IFCPOLYLOOP((#1638,#1643,#1644,#1639));
#1646= IFCFACEOUTERBOUND(#1645,.T.);
#1647= IFCFACE((#1646));
#1648= IFCCARTESIANPOINT((11.1117287410671,-4.,16.6291756976134));
#1649= IFCCARTESIANPOINT((11.1117287410671,4.,16.6291756976134));
#1650= IFCPOLYLOOP((#1643,#1648,#1649,#1644));
#1651= IFCFACEOUTERBOUND(#1650,.T.);
#1652= IFCFACE((#1651));
#1653= IFCCARTESIANPOINT((7.65410076700937,-4.,18.4774116543776));
#1654= IFCCARTESIANPOINT((7.65410076700937,4.,18.4774116543776));
#1655= IFCPOLYLOOP((#1648,#1653,#1654,#1649));
#1656= IFCFACEOUTERBOUND(#1655,.T.);
#1657= IFCFACE((#1656));
#1658= IFCCARTESIANPOINT((3.90234163327113,-4.,19.6155991439082));
#1659= IFCCARTESIANPOINT((3.90234163327113,4.,19.6155991439082));
#1660= IFCPOLYLOOP((#1653,#1658,#1659,#1654));
#1661= IFCFACEOUTERBOUND(#1660,.T.);
#1662= IFCFACE((#1661));
#1663= IFCPOLYLOOP((#1658,#1618,#1621,#1659));
#1664= IFCFACEOUTERBOUND(#1663,.T.);
#1665= IFCFACE((#1664));
#1666= IFCPOLYLOOP((#1626,#1631,#1462,#1011,#1154,#1159,#1639,#1644,#1649,#1654,#1659,#1621,#1620));
#1667= IFCFACEOUTERBOUND(#1666,.T.);
#1668= IFCFACE((#1667));
#1669= IFCPOLYLOOP((#1658,#1653,#1648,#1643,#1638,#1158,#1153,#1010,#1461,#1630,#1625,#1619,#1618));
#1670= IFCFACEOUTERBOUND(#1669,.T.);
#1671= IFCFACE((#1670));
#1672= IFCCLOSEDSHELL((#1624,#1629,#1634,#1637,#1468,#1157,#1162,#1642,#1647,#1652,#1657,#1662,#1665,#1668,#1671));
#1673= IFCFACETEDBREP(#1672);
#1674= IFCSTYLEDITEM(#1673,(#952),$);
#1675= IFCSHAPEREPRESENTATION(#12,'Body','Brep',(#1673));
#1676= IFCPRODUCTDEFINITIONSHAPE($,$,(#1675));
#1677= IFCCARTESIANPOINT((56914.9933985237,26606.9969559969,16417.0001145509));
#1678= IFCAXIS2PLACEMENT3D(#1677,#1423,#1424);
#1679= IFCLOCALPLACEMENT(#42,#1678);
#1680= IFCPLATE('3hwZgOFw55iwubBe4a_QEC',#44,'PLATE-8','PL8*124',$,#1679,#1676,'IDebea3a98-3fa1-45b3-ae25-2e8124f9a38c');
#1681= IFCPROPERTYSINGLEVALUE('Preliminary mark',$,IFCLABEL('5-2-P26(?)'),$);
#1682= IFCPROPERTYSET('3aRsUNyOj8zRSrVPfr5wNp',#5,'Tekla Common','Common Properties to Shared building elements',(#1071,#1072,#1073,#1681,#1075,#1076));
#1683= IFCPROPERTYSINGLEVALUE('Reference',$,IFCIDENTIFIER('5-2-P26'),$);
#1684= IFCPROPERTYSET('3RNrbKYkD4$Q9PPOWTGhwW',#5,'Pset_PlateCommon','Common Properties to plate elements',(#1087,#1683));
#1685= IFCQUANTITYLENGTH('Width',$,$,123.999877869244);
#1686= IFCQUANTITYAREA('NetArea',$,$,0.0726549907534644);
#1687= IFCQUANTITYAREA('GrossArea',$,$,0.0371999481710819);
#1688= IFCQUANTITYVOLUME('NetVolume',$,$,0.00026510081274422);
#1689= IFCQUANTITYVOLUME('GrossVolume',$,$,0.00026510081274422);
#1690= IFCELEMENTQUANTITY('1TOsJp8kX5mwQ86Dvt0qub',#5,'BaseQuantities',$,$,(#1685,#1686,#1687,#1093,#1688,#1689));
#1691= IFCPOLYLOOP((#1346,#1619,#1620,#1349));
#1692= IFCFACEOUTERBOUND(#1691,.T.);
#1693= IFCFACE((#1692));
#1694= IFCPOLYLOOP((#1619,#1538,#1539,#1620));
#1695= IFCFACEOUTERBOUND(#1694,.T.);
#1696= IFCFACE((#1695));
#1697= IFCPOLYLOOP((#1539,#1544,#1549,#1554,#1559,#1564,#1569,#1574,#1579,#1404,#1349,#1620));
#1698= IFCFACEOUTERBOUND(#1697,.T.);
#1699= IFCFACE((#1698));
#1700= IFCPOLYLOOP((#1403,#1578,#1573,#1568,#1563,#1558,#1553,#1548,#1543,#1538,#1619,#1346));
#1701= IFCFACEOUTERBOUND(#1700,.T.);
#1702= IFCFACE((#1701));
#1703= IFCCLOSEDSHELL((#1693,#1696,#1547,#1552,#1557,#1562,#1567,#1572,#1577,#1582,#1585,#1410,#1699,#1702));
#1704= IFCFACETEDBREP(#1703);
#1705= IFCSTYLEDITEM(#1704,(#952),$);
#1706= IFCSHAPEREPRESENTATION(#12,'Body','Brep',(#1704));
#1707= IFCPRODUCTDEFINITIONSHAPE($,$,(#1706));
#1708= IFCCARTESIANPOINT((56914.9740704086,26902.9969557184,17069.0001144208));
#1709= IFCAXIS2PLACEMENT3D(#1708,#1423,#1424);
#1710= IFCLOCALPLACEMENT(#42,#1709);
#1711= IFCPLATE('2QbBoUEQv1lhypmz4ji3ak',#44,'PLATE-8','PL8*124',$,#1710,#1707,'ID9a94bc9e-39ae-41be-bf33-c3d12db0392e');
#1712= IFCPROPERTYSINGLEVALUE('Bottom elevation',$,IFCLABEL(' +17.065'),$);
#1713= IFCPROPERTYSINGLEVALUE('Top elevation',$,IFCLABEL(' +17.073'),$);
#1714= IFCPROPERTYSINGLEVALUE('Preliminary mark',$,IFCLABEL('5-2-P54(?)'),$);
#1715= IFCPROPERTYSET('0DyP66VHj4CQjPseK3RAYv',#5,'Tekla Common','Common Properties to Shared building elements',(#1712,#1713,#1073,#1714,#1075,#1076));
#1716= IFCPROPERTYSINGLEVALUE('Weight',$,IFCMASSMEASURE(2.32),$);
#1717= IFCPROPERTYSINGLEVALUE('Gross footprint area',$,IFCAREAMEASURE(0.037),$);
#1718= IFCPROPERTYSINGLEVALUE('Area per tons',$,IFCAREAMEASURE(34.746),$);
#1719= IFCPROPERTYSINGLEVALUE('Net surface area',$,IFCAREAMEASURE(0.08),$);
#1720= IFCPROPERTYSET('1QVfHaDsD2JgslZ7nLnYTL',#5,'Tekla Quantity','Quantity Properties to Shared building elements',(#1716,#1079,#1717,#1718,#1719,#1608,#1084,#1085));
#1721= IFCPROPERTYSINGLEVALUE('Reference',$,IFCIDENTIFIER('5-2-P54'),$);
#1722= IFCPROPERTYSET('38SX_jLMj0jQmgw0MSkIBA',#5,'Pset_PlateCommon','Common Properties to plate elements',(#1087,#1721));
#1723= IFCQUANTITYLENGTH('Width',$,$,123.999877815012);
#1724= IFCQUANTITYAREA('NetArea',$,$,0.080490076796887);
#1725= IFCQUANTITYAREA('GrossArea',$,$,0.037200215760571);
#1726= IFCQUANTITYVOLUME('NetVolume',$,$,0.000295100714875704);
#1727= IFCQUANTITYVOLUME('GrossVolume',$,$,0.000295100714875704);
#1728= IFCELEMENTQUANTITY('06GBL1KkzB$gEKQ9w2KJKi',#5,'BaseQuantities',$,$,(#1723,#1724,#1725,#1093,#1726,#1727));
#1729= IFCSHAPEREPRESENTATION(#12,'Body','Brep',(#1418));
#1730= IFCPRODUCTDEFINITIONSHAPE($,$,(#1729));
#1731= IFCCARTESIANPOINT((56914.9740704093,26902.9969558076,17269.0001144211));
#1732= IFCAXIS2PLACEMENT3D(#1731,#1423,#1424);
#1733= IFCLOCALPLACEMENT(#42,#1732);
#1734= IFCPLATE('2oeH$MzKvAWumP5aZqeMVJ',#44,'PLATE-8','PL8*80',$,#1733,#1730,'IDb2a11fd6-f54e-4a83-8c19-1648f4a167d3');
#1735= IFCPROPERTYSINGLEVALUE('Bottom elevation',$,IFCLABEL(' +17.265'),$);
#1736= IFCPROPERTYSINGLEVALUE('Top elevation',$,IFCLABEL(' +17.273'),$);
#1737= IFCPROPERTYSET('10RO2Bguz0LhPtFNlbv9Ta',#5,'Tekla Common','Common Properties to Shared building elements',(#1735,#1736,#1073,#1428,#1075,#1076));
#1738= IFCPOLYLOOP((#1538,#1461,#1462,#1539));
#1739= IFCFACEOUTERBOUND(#1738,.T.);
#1740= IFCFACE((#1739));
#1741= IFCPOLYLOOP((#1539,#1462,#1011,#1154,#1159,#1639,#1644,#1649,#1654,#1659,#1621,#1620));
#1742= IFCFACEOUTERBOUND(#1741,.T.);
#1743= IFCFACE((#1742));
#1744= IFCPOLYLOOP((#1658,#1653,#1648,#1643,#1638,#1158,#1153,#1010,#1461,#1538,#1619,#1618));
#1745= IFCFACEOUTERBOUND(#1744,.T.);
#1746= IFCFACE((#1745));
#1747= IFCCLOSEDSHELL((#1624,#1696,#1740,#1468,#1157,#1162,#1642,#1647,#1652,#1657,#1662,#1665,#1743,#1746));
#1748= IFCFACETEDBREP(#1747);
#1749= IFCSTYLEDITEM(#1748,(#952),$);
#1750= IFCSHAPEREPRESENTATION(#12,'Body','Brep',(#1748));
#1751= IFCPRODUCTDEFINITIONSHAPE($,$,(#1750));
#1752= IFCCARTESIANPOINT((56914.9933985261,26606.9969562742,17069.0001145518));
#1753= IFCAXIS2PLACEMENT3D(#1752,#1423,#1424);
#1754= IFCLOCALPLACEMENT(#42,#1753);
#1755= IFCPLATE('2kswzz0Lf3x8RYzCOIyw$E',#44,'PLATE-8','PL8*124',$,#1754,#1751,'IDaedbaf7d-015a-43ec-86e2-f4c612f3afce');
#1756= IFCQUANTITYLENGTH('Width',$,$,123.999877868796);
#1757= IFCQUANTITYAREA('NetArea',$,$,0.080490091332196);
#1758= IFCQUANTITYAREA('GrossArea',$,$,0.0372001384462164);
#1759= IFCQUANTITYVOLUME('NetVolume',$,$,0.000295100812735588);
#1760= IFCQUANTITYVOLUME('GrossVolume',$,$,0.000295100812735588);
#1761= IFCELEMENTQUANTITY('0o_DoGibj5k9XeF37bkm$T',#5,'BaseQuantities',$,$,(#1756,#1757,#1758,#1093,#1759,#1760));
#1762= IFCSHAPEREPRESENTATION(#12,'Body','Brep',(#1514));
#1763= IFCPRODUCTDEFINITIONSHAPE($,$,(#1762));
#1764= IFCCARTESIANPOINT((56914.9933985268,26606.9969563633,17269.000114552));
#1765= IFCAXIS2PLACEMENT3D(#1764,#1423,#1424);
#1766= IFCLOCALPLACEMENT(#42,#1765);
#1767= IFCPLATE('3flqePBzbE88oSJyRq1ZgR',#44,'PLATE-8','PL8*80',$,#1766,#1763,'IDe9bf4a19-2fd9-4e20-8c9c-4fc6f4063a9b');
#1768= IFCSHAPEREPRESENTATION(#12,'Body','Brep',(#1198));
#1769= IFCPRODUCTDEFINITIONSHAPE($,$,(#1768));
#1770= IFCCARTESIANPOINT((56914.9795927286,26766.9969559663,17269.0001144813));
#1771= IFCAXIS2PLACEMENT3D(#1770,#1065,#1066);
#1772= IFCLOCALPLACEMENT(#42,#1771);
#1773= IFCPLATE('2SCEb0GdL0JxwCPDhu19VO',#44,'PLATE-8','PL8*80',$,#1772,#1769,'ID9c30e940-4275-404f-be8c-64daf80497d8');
#1774= IFCPROPERTYSET('0P665TxaLElueRyNGqjlsw',#5,'Tekla Common','Common Properties to Shared building elements',(#1735,#1736,#1073,#1209,#1075,#1076));
#1775= IFCSHAPEREPRESENTATION(#12,'Body','Brep',(#1060));
#1776= IFCPRODUCTDEFINITIONSHAPE($,$,(#1775));
#1777= IFCCARTESIANPOINT((56914.9795927278,26766.9969558771,17069.000114481));
#1778= IFCAXIS2PLACEMENT3D(#1777,#1065,#1066);
#1779= IFCLOCALPLACEMENT(#42,#1778);
#1780= IFCPLATE('1kMJRrNdL2hw72e_5DQ$6w',#44,'PLATE-8','PL8*148',$,#1779,#1776,'ID6e5936f5-5e75-42af-a1c2-a3e14d6bf1ba');
#1781= IFCPROPERTYSINGLEVALUE('Preliminary mark',$,IFCLABEL('5-2-P51(?)'),$);
#1782= IFCPROPERTYSET('2d42OlClH0IeXKZeY$ig7_',#5,'Tekla Common','Common Properties to Shared building elements',(#1712,#1713,#1073,#1781,#1075,#1076));
#1783= IFCPROPERTYSINGLEVALUE('Reference',$,IFCIDENTIFIER('5-2-P51'),$);
#1784= IFCPROPERTYSET('13shCWTor5tAkKyn9hV4KU',#5,'Pset_PlateCommon','Common Properties to plate elements',(#1087,#1783));
#1785= IFCQUANTITYLENGTH('Width',$,$,147.999876809181);
#1786= IFCQUANTITYAREA('GrossArea',$,$,0.0444011323682845);
#1787= IFCELEMENTQUANTITY('1FFPp6NW1AXPeGNnpX8wVO',#5,'BaseQuantities',$,$,(#1785,#1091,#1786,#1093,#1094,#1095));
#1788= IFCCARTESIANPOINT((-1.45519152283669E-11,-6.00000000000728,0.));
#1789= IFCCARTESIANPOINT((-2.01544025912881E-09,-6.00000000000728,200.000000001877));
#1790= IFCCARTESIANPOINT((-1.98633642867208E-09,6.00000000000728,200.000000001877));
#1791= IFCCARTESIANPOINT((1.45519152283669E-11,6.00000000000728,0.));
#1792= IFCPOLYLOOP((#1788,#1789,#1790,#1791));
#1793= IFCFACEOUTERBOUND(#1792,.T.);
#1794= IFCFACE((#1793));
#1795= IFCCARTESIANPOINT((219.999999993735,-5.99999999980719,655.000000002074));
#1796= IFCCARTESIANPOINT((219.999999993765,6.000000000211,655.000000002074));
#1797= IFCPOLYLOOP((#1789,#1795,#1796,#1790));
#1798= IFCFACEOUTERBOUND(#1797,.T.);
#1799= IFCFACE((#1798));
#1800= IFCCARTESIANPOINT((319.998321523657,-5.9999999997126,655.000000002161));
#1801= IFCCARTESIANPOINT((319.998321523686,6.00000000030195,655.000000002161));
#1802= IFCPOLYLOOP((#1795,#1800,#1801,#1796));
#1803= IFCFACEOUTERBOUND(#1802,.T.);
#1804= IFCFACE((#1803));
#1805= IFCCARTESIANPOINT((319.998321529914,-5.9999999997126,30.0000000002838));
#1806= IFCCARTESIANPOINT((319.998321529943,6.00000000030195,30.0000000002838));
#1807= IFCPOLYLOOP((#1800,#1805,#1806,#1801));
#1808= IFCFACEOUTERBOUND(#1807,.T.);
#1809= IFCFACE((#1808));
#1810= IFCCARTESIANPOINT((314.788876199927,-5.99999999971988,29.5442325906042));
#1811= IFCCARTESIANPOINT((314.788876199957,6.00000000029468,29.5442325906042));
#1812= IFCPOLYLOOP((#1805,#1810,#1811,#1806));
#1813= IFCFACEOUTERBOUND(#1812,.T.);
#1814= IFCFACE((#1813));
#1815= IFCCARTESIANPOINT((309.7377172302,-5.99999999972351,28.1907786237789));
#1816= IFCCARTESIANPOINT((309.737717230229,6.00000000029104,28.1907786237789));
#1817= IFCPOLYLOOP((#1810,#1815,#1816,#1811));
#1818= IFCFACEOUTERBOUND(#1817,.T.);
#1819= IFCFACE((#1818));
#1820= IFCCARTESIANPOINT((304.998321530016,-5.99999999973079,25.9807621137115));
#1821= IFCCARTESIANPOINT((304.998321530045,6.0000000002874,25.9807621137115));
#1822= IFCPOLYLOOP((#1815,#1820,#1821,#1816));
#1823= IFCFACEOUTERBOUND(#1822,.T.);
#1824= IFCFACE((#1823));
#1825= IFCCARTESIANPOINT((300.714693239453,-5.99999999973443,22.9813332937374));
#1826= IFCCARTESIANPOINT((300.714693239483,6.00000000028376,22.9813332937374));
#1827= IFCPOLYLOOP((#1820,#1825,#1826,#1821));
#1828= IFCFACEOUTERBOUND(#1827,.T.);
#1829= IFCFACE((#1828));
#1830= IFCCARTESIANPOINT((297.016988236515,-5.99999999973807,19.2836282907665));
#1831= IFCCARTESIANPOINT((297.016988236552,6.00000000028012,19.2836282907665));
#1832= IFCPOLYLOOP((#1825,#1830,#1831,#1826));
#1833= IFCFACEOUTERBOUND(#1832,.T.);
#1834= IFCFACE((#1833));
#1835= IFCCARTESIANPOINT((294.017559416578,-5.99999999973807,15.0000000001819));
#1836= IFCCARTESIANPOINT((294.017559416621,6.00000000028012,15.0000000001819));
#1837= IFCPOLYLOOP((#1830,#1835,#1836,#1831));
#1838= IFCFACEOUTERBOUND(#1837,.T.);
#1839= IFCFACE((#1838));
#1840= IFCCARTESIANPOINT((291.807542906558,-5.99999999974534,10.2606042999723));
#1841= IFCCARTESIANPOINT((291.807542906601,6.00000000027649,10.2606042999723));
#1842= IFCPOLYLOOP((#1835,#1840,#1841,#1836));
#1843= IFCFACEOUTERBOUND(#1842,.T.);
#1844= IFCFACE((#1843));
#1845= IFCCARTESIANPOINT((290.454088939798,-5.99999999973807,5.2094453302343));
#1846= IFCCARTESIANPOINT((290.454088939827,6.00000000027649,5.2094453302343));
#1847= IFCPOLYLOOP((#1840,#1845,#1846,#1841));
#1848= IFCFACEOUTERBOUND(#1847,.T.);
#1849= IFCFACE((#1848));
#1850= IFCCARTESIANPOINT((289.998321530169,-5.9999999997417,2.58296495303512E-10));
#1851= IFCCARTESIANPOINT((289.998321530205,6.00000000027285,2.58296495303512E-10));
#1852= IFCPOLYLOOP((#1845,#1850,#1851,#1846));
#1853= IFCFACEOUTERBOUND(#1852,.T.);
#1854= IFCFACE((#1853));
#1855= IFCPOLYLOOP((#1850,#1788,#1791,#1851));
#1856= IFCFACEOUTERBOUND(#1855,.T.);
#1857= IFCFACE((#1856));
#1858= IFCPOLYLOOP((#1796,#1801,#1806,#1811,#1816,#1821,#1826,#1831,#1836,#1841,#1846,#1851,#1791,#1790));
#1859= IFCFACEOUTERBOUND(#1858,.T.);
#1860= IFCFACE((#1859));
#1861= IFCPOLYLOOP((#1850,#1845,#1840,#1835,#1830,#1825,#1820,#1815,#1810,#1805,#1800,#1795,#1789,#1788));
#1862= IFCFACEOUTERBOUND(#1861,.T.);
#1863= IFCFACE((#1862));
#1864= IFCCLOSEDSHELL((#1794,#1799,#1804,#1809,#1814,#1819,#1824,#1829,#1834,#1839,#1844,#1849,#1854,#1857,#1860,#1863));
#1865= IFCFACETEDBREP(#1864);
#1866= IFCSTYLEDITEM(#1865,(#1229),$);
#1867= IFCSHAPEREPRESENTATION(#12,'Body','Brep',(#1865));
#1868= IFCPRODUCTDEFINITIONSHAPE($,$,(#1867));
#1869= IFCCARTESIANPOINT((57234.9773740673,26773.0171689793,16904.0001144774));
#1870= IFCAXIS2PLACEMENT3D(#1869,#9,#1312);
#1871= IFCLOCALPLACEMENT(#42,#1870);
#1872= IFCPLATE('09LwiUi293BeYwBpXWO439',#44,'PLATE-12','PL12*320',$,#1871,#1868,'ID0957ab1e-b022-432e-88ba-2f38606040c9');
#1873= IFCPROPERTYSINGLEVALUE('Bottom elevation',$,IFCLABEL(' +16.904'),$);
#1874= IFCPROPERTYSINGLEVALUE('Top elevation',$,IFCLABEL(' +17.559'),$);
#1875= IFCPROPERTYSINGLEVALUE('Preliminary mark',$,IFCLABEL('5-2-P23(?)'),$);
#1876= IFCPROPERTYSET('19269pVx5EpgEcW3xxhsMJ',#5,'Tekla Common','Common Properties to Shared building elements',(#1873,#1874,#1073,#1875,#1075,#1320));
#1877= IFCPROPERTYSINGLEVALUE('Weight',$,IFCMASSMEASURE(14.96),$);
#1878= IFCPROPERTYSINGLEVALUE('Gross footprint area',$,IFCAREAMEASURE(0.001),$);
#1879= IFCPROPERTYSINGLEVALUE('Area per tons',$,IFCAREAMEASURE(22.649),$);
#1880= IFCPROPERTYSINGLEVALUE('Net surface area',$,IFCAREAMEASURE(0.339),$);
#1881= IFCPROPERTYSET('2jP4hsQxr4Sxi4CEf9ljnL',#5,'Tekla Quantity','Quantity Properties to Shared building elements',(#1877,#1323,#1878,#1879,#1880,#1327,#1328,#1329));
#1882= IFCPROPERTYSINGLEVALUE('Reference',$,IFCIDENTIFIER('5-2-P23'),$);
#1883= IFCPROPERTYSET('2vTLpw5wT5evWHAx4mZvJh',#5,'Pset_PlateCommon','Common Properties to plate elements',(#1087,#1882));
#1884= IFCQUANTITYLENGTH('Width',$,$,319.998321532433);
#1885= IFCQUANTITYAREA('NetArea',$,$,0.338900730509028);
#1886= IFCQUANTITYAREA('GrossArea',$,$,0.209598900604435);
#1887= IFCQUANTITYVOLUME('NetVolume',$,$,0.00190614750579668);
#1888= IFCQUANTITYVOLUME('GrossVolume',$,$,0.00190614750579668);
#1889= IFCELEMENTQUANTITY('3wzCCoBTz8JxYtzsiMUXzb',#5,'BaseQuantities',$,$,(#1884,#1885,#1886,#1336,#1887,#1888));
#1890= IFCSHAPEREPRESENTATION(#12,'Body','Brep',(#1865));
#1891= IFCPRODUCTDEFINITIONSHAPE($,$,(#1890));
#1892= IFCCARTESIANPOINT((57234.9950640162,26613.0172933298,16904.0001145481));
#1893= IFCAXIS2PLACEMENT3D(#1892,#9,#1312);
#1894= IFCLOCALPLACEMENT(#42,#1893);
#1895= IFCPLATE('1jXs_UY4X5RhujutDYLvfg',#44,'PLATE-12','PL12*320',$,#1894,#1891,'ID6d876f9e-8848-456e-be2d-e37362579a6a');
#1896= IFCCOLOURRGB('Light Gray',0.615686274509804,0.615686274509804,0.611764705882353);
#1897= IFCSURFACESTYLERENDERING(#1896,0.,$,$,$,$,IFCNORMALISEDRATIOMEASURE(0.00390625),IFCSPECULAREXPONENT(10.),.NOTDEFINED.);
#1898= IFCSURFACESTYLE('STEEL/S275',.POSITIVE.,(#1897));
#1899= IFCPRESENTATIONSTYLEASSIGNMENT((#1898));
#1900= IFCCARTESIANPOINT((440.000024413563,9.,7.9999999998181));
#1901= IFCCARTESIANPOINT((439.999999999771,1.,-1.74622982740402E-10));
#1902= IFCCARTESIANPOINT((-3.63797880709171E-12,1.,1.45519152283669E-11));
#1903= IFCCARTESIANPOINT((2.74629092018586E-05,9.,8.00000000000728));
#1904= IFCPOLYLOOP((#1900,#1901,#1902,#1903));
#1905= IFCFACEOUTERBOUND(#1904,.T.);
#1906= IFCFACE((#1905));
#1907= IFCCARTESIANPOINT((439.999999999771,-1.,-1.74622982740402E-10));
#1908= IFCCARTESIANPOINT((440.000024413563,-9.,7.9999999998181));
#1909= IFCCARTESIANPOINT((2.74629092018586E-05,-9.,8.00000000000728));
#1910= IFCCARTESIANPOINT((-3.63797880709171E-12,-1.,1.45519152283669E-11));
#1911= IFCPOLYLOOP((#1907,#1908,#1909,#1910));
#1912= IFCFACEOUTERBOUND(#1911,.T.);
#1913= IFCFACE((#1912));
#1914= IFCCARTESIANPOINT((0.00120151558076032,-9.,350.00387573224));
#1915= IFCCARTESIANPOINT((0.00120151558076032,9.,350.00387573224));
#1916= IFCPOLYLOOP((#1910,#1909,#1914,#1915,#1903,#1902));
#1917= IFCFACEOUTERBOUND(#1916,.T.);
#1918= IFCFACE((#1917));
#1919= IFCCARTESIANPOINT((440.001068115147,-9.,350.003875732058));
#1920= IFCCARTESIANPOINT((440.001068115147,9.,350.003875732058));
#1921= IFCPOLYLOOP((#1914,#1919,#1920,#1915));
#1922= IFCFACEOUTERBOUND(#1921,.T.);
#1923= IFCFACE((#1922));
#1924= IFCPOLYLOOP((#1920,#1919,#1908,#1907,#1901,#1900));
#1925= IFCFACEOUTERBOUND(#1924,.T.);
#1926= IFCFACE((#1925));
#1927= IFCPOLYLOOP((#1907,#1910,#1902,#1901));
#1928= IFCFACEOUTERBOUND(#1927,.T.);
#1929= IFCFACE((#1928));
#1930= IFCPOLYLOOP((#1915,#1920,#1900,#1903));
#1931= IFCFACEOUTERBOUND(#1930,.T.);
#1932= IFCFACE((#1931));
#1933= IFCPOLYLOOP((#1919,#1914,#1909,#1908));
#1934= IFCFACEOUTERBOUND(#1933,.T.);
#1935= IFCFACE((#1934));
#1936= IFCCLOSEDSHELL((#1906,#1913,#1918,#1923,#1926,#1929,#1932,#1935));
#1937= IFCFACETEDBREP(#1936);
#1938= IFCSTYLEDITEM(#1937,(#1899),$);
#1939= IFCSHAPEREPRESENTATION(#12,'Body','Brep',(#1937));
#1940= IFCPRODUCTDEFINITIONSHAPE($,$,(#1939));
#1941= IFCCARTESIANPOINT((56914.9704637064,26912.9970791573,16621.0001144151));
#1942= IFCAXIS2PLACEMENT3D(#1941,#933,#934);
#1943= IFCLOCALPLACEMENT(#42,#1942);
#1944= IFCPLATE('18NMJti2j1eh1mO9kXu07D',#44,'PLATE-18','PL18*350',$,#1943,#1940,'ID485d64f7-b02b-41a2-b070-609ba1e001cd');
#1945= IFCPLATETYPE('33zltBxnbEwgJmfaTAQcGt',#5,'PL18*350',$,$,$,$,$,$,.NOTDEFINED.);
#1946= IFCPROPERTYSINGLEVALUE('Bottom elevation',$,IFCLABEL(' +16.612'),$);
#1947= IFCPROPERTYSINGLEVALUE('Top elevation',$,IFCLABEL(' +16.630'),$);
#1948= IFCPROPERTYSINGLEVALUE('Preliminary mark',$,IFCLABEL('5-2-P85'),$);
#1949= IFCPROPERTYSINGLEVALUE('Class',$,IFCLABEL('15'),$);
#1950= IFCPROPERTYSET('2EHSegMhvE081LpKx1hmlp',#5,'Tekla Common','Common Properties to Shared building elements',(#1946,#1947,#1073,#1948,#1075,#1949));
#1951= IFCPROPERTYSINGLEVALUE('Weight',$,IFCMASSMEASURE(21.54),$);
#1952= IFCPROPERTYSINGLEVALUE('Volume',$,IFCVOLUMEMEASURE(0.003),$);
#1953= IFCPROPERTYSINGLEVALUE('Gross footprint area',$,IFCAREAMEASURE(0.154),$);
#1954= IFCPROPERTYSINGLEVALUE('Area per tons',$,IFCAREAMEASURE(15.423),$);
#1955= IFCPROPERTYSINGLEVALUE('Net surface area',$,IFCAREAMEASURE(0.332),$);
#1956= IFCPROPERTYSINGLEVALUE('Height',$,IFCLENGTHMEASURE(350.),$);
#1957= IFCPROPERTYSINGLEVALUE('Width',$,IFCLENGTHMEASURE(18.),$);
#1958= IFCPROPERTYSINGLEVALUE('Length',$,IFCLENGTHMEASURE(440.),$);
#1959= IFCPROPERTYSET('1vKt7VLOL2lPWgkutP7CUY',#5,'Tekla Quantity','Quantity Properties to Shared building elements',(#1951,#1952,#1953,#1954,#1955,#1956,#1957,#1958));
#1960= IFCPROPERTYSINGLEVALUE('Reference',$,IFCIDENTIFIER('5-2-P85'),$);
#1961= IFCPROPERTYSET('2vnauPwJX06xP20kEFlLvY',#5,'Pset_PlateCommon','Common Properties to plate elements',(#1087,#1960));
#1962= IFCQUANTITYLENGTH('Width',$,$,350.003875732422);
#1963= IFCQUANTITYAREA('NetArea',$,$,0.332191564548176);
#1964= IFCQUANTITYAREA('GrossArea',$,$,0.154002079166737);
#1965= IFCQUANTITYAREA('CrossSectionArea',$,$,0.000324);
#1966= IFCQUANTITYVOLUME('NetVolume',$,$,0.00274387027565054);
#1967= IFCQUANTITYVOLUME('GrossVolume',$,$,0.00277203027557486);
#1968= IFCELEMENTQUANTITY('2n8zqbup9889oeidYdYG9I',#5,'BaseQuantities',$,$,(#1962,#1963,#1964,#1965,#1966,#1967));
#1969= IFCSHAPEREPRESENTATION(#12,'Body','Brep',(#1937));
#1970= IFCPRODUCTDEFINITIONSHAPE($,$,(#1969));
#1971= IFCCARTESIANPOINT((56914.9704637064,26912.9970791591,16895.0001144159));
#1972= IFCAXIS2PLACEMENT3D(#1971,#933,#934);
#1973= IFCLOCALPLACEMENT(#42,#1972);
#1974= IFCPLATE('1tMQNdXfvFTgEuQrHd_WOI',#44,'PLATE-18','PL18*350',$,#1973,#1970,'ID7759a5e7-869e-4f76-a3b8-6b5467fa0612');
#1975= IFCPROPERTYSINGLEVALUE('Bottom elevation',$,IFCLABEL(' +16.886'),$);
#1976= IFCPROPERTYSINGLEVALUE('Top elevation',$,IFCLABEL(' +16.904'),$);
#1977= IFCPROPERTYSET('3sPY9vHor2qPSZs$KVORRv',#5,'Tekla Common','Common Properties to Shared building elements',(#1975,#1976,#1073,#1948,#1075,#1949));
#1978= IFCCOLOURRGB('Light Yellow',1.,0.898039215686275,0.);
#1979= IFCSURFACESTYLERENDERING(#1978,0.,$,$,$,$,IFCNORMALISEDRATIOMEASURE(0.00390625),IFCSPECULAREXPONENT(10.),.NOTDEFINED.);
#1980= IFCSURFACESTYLE('STEEL/S275',.POSITIVE.,(#1979));
#1981= IFCPRESENTATIONSTYLEASSIGNMENT((#1980));
#1982= IFCCARTESIANPOINT((-1.81898940354586E-11,-12.5000000000437,0.));
#1983= IFCCARTESIANPOINT((-2.5465851649642E-11,-12.5000000000437,1700.));
#1984= IFCCARTESIANPOINT((7.27595761418343E-12,12.5000000000364,1700.));
#1985= IFCCARTESIANPOINT((1.45519152283669E-11,12.5000000000364,0.));
#1986= IFCPOLYLOOP((#1982,#1983,#1984,#1985));
#1987= IFCFACEOUTERBOUND(#1986,.T.);
#1988= IFCFACE((#1987));
#1989= IFCCARTESIANPOINT((440.002441405893,-12.4999999988795,1700.));
#1990= IFCCARTESIANPOINT((440.002441405919,12.5000000011933,1700.));
#1991= IFCPOLYLOOP((#1983,#1989,#1990,#1984));
#1992= IFCFACEOUTERBOUND(#1991,.T.);
#1993= IFCFACE((#1992));
#1994= IFCCARTESIANPOINT((440.002441405893,-12.4999999988795,-7.27595761418343E-12));
#1995= IFCCARTESIANPOINT((440.002441405919,12.5000000011933,-7.27595761418343E-12));
#1996= IFCPOLYLOOP((#1989,#1994,#1995,#1990));
#1997= IFCFACEOUTERBOUND(#1996,.T.);
#1998= IFCFACE((#1997));
#1999= IFCPOLYLOOP((#1994,#1982,#1985,#1995));
#2000= IFCFACEOUTERBOUND(#1999,.T.);
#2001= IFCFACE((#2000));
#2002= IFCPOLYLOOP((#1990,#1995,#1985,#1984));
#2003= IFCFACEOUTERBOUND(#2002,.T.);
#2004= IFCFACE((#2003));
#2005= IFCPOLYLOOP((#1994,#1989,#1983,#1982));
#2006= IFCFACEOUTERBOUND(#2005,.T.);
#2007= IFCFACE((#2006));
#2008= IFCCLOSEDSHELL((#1988,#1993,#1998,#2001,#2004,#2007));
#2009= IFCFACETEDBREP(#2008);
#2010= IFCSTYLEDITEM(#2009,(#1981),$);
#2011= IFCSHAPEREPRESENTATION(#12,'Body','Brep',(#2009));
#2012= IFCPRODUCTDEFINITIONSHAPE($,$,(#2011));
#2013= IFCCARTESIANPOINT((56902.4780794302,26912.9970950052,17605.0007692049));
#2014= IFCDIRECTION((5.75240000159749E-05,-0.999999998345495,0.));
#2015= IFCAXIS2PLACEMENT3D(#2013,#129,#2014);
#2016= IFCLOCALPLACEMENT(#42,#2015);
#2017= IFCPLATE('20XFgiDjnArQgxXLg_YMds',#44,'PLATE-25','PL25*440',$,#2016,#2012,'ID8084faac-36dc-4ad5-aabb-855abe8969f6');
#2018= IFCPLATETYPE('2BF1QNp1fDRvvhRQgq_Znw',#5,'PL25*440',$,$,$,$,$,$,.NOTDEFINED.);
#2019= IFCPROPERTYSINGLEVALUE('Bottom elevation',$,IFCLABEL(' +15.905'),$);
#2020= IFCPROPERTYSINGLEVALUE('Top elevation',$,IFCLABEL(' +17.605'),$);
#2021= IFCPROPERTYSINGLEVALUE('Preliminary mark',$,IFCLABEL('5-2-P11(?)'),$);
#2022= IFCPROPERTYSINGLEVALUE('Class',$,IFCLABEL('20'),$);
#2023= IFCPROPERTYSET('2JY51HlJTDpxyynPC8Swzj',#5,'Tekla Common','Common Properties to Shared building elements',(#2019,#2020,#1073,#2021,#1075,#2022));
#2024= IFCPROPERTYSINGLEVALUE('Weight',$,IFCMASSMEASURE(146.8),$);
#2025= IFCPROPERTYSINGLEVALUE('Volume',$,IFCVOLUMEMEASURE(0.019),$);
#2026= IFCPROPERTYSINGLEVALUE('Area per tons',$,IFCAREAMEASURE(10.92),$);
#2027= IFCPROPERTYSINGLEVALUE('Net surface area',$,IFCAREAMEASURE(1.603),$);
#2028= IFCPROPERTYSINGLEVALUE('Height',$,IFCLENGTHMEASURE(440.),$);
#2029= IFCPROPERTYSINGLEVALUE('Width',$,IFCLENGTHMEASURE(25.),$);
#2030= IFCPROPERTYSINGLEVALUE('Length',$,IFCLENGTHMEASURE(1700.),$);
#2031= IFCPROPERTYSET('2i9TQPcT51aeowYsT2x_EU',#5,'Tekla Quantity','Quantity Properties to Shared building elements',(#2024,#2025,#1212,#2026,#2027,#2028,#2029,#2030));
#2032= IFCPROPERTYSINGLEVALUE('Reference',$,IFCIDENTIFIER('5-2-P11'),$);
#2033= IFCPROPERTYSET('0MJnkJJzT91elIYGAE5Opo',#5,'Pset_PlateCommon','Common Properties to plate elements',(#1087,#2032));
#2034= IFCQUANTITYLENGTH('Width',$,$,440.002441405666);
#2035= IFCQUANTITYAREA('NetArea',$,$,1.60300842285158);
#2036= IFCQUANTITYAREA('GrossArea',$,$,0.748004150389636);
#2037= IFCQUANTITYAREA('CrossSectionArea',$,$,0.000625);
#2038= IFCQUANTITYVOLUME('NetVolume',$,$,0.0187001037597658);
#2039= IFCQUANTITYVOLUME('GrossVolume',$,$,0.0187001037597658);
#2040= IFCELEMENTQUANTITY('022ClvCmLCuexFoCWT1PPt',#5,'BaseQuantities',$,$,(#2034,#2035,#2036,#2037,#2038,#2039));
#2041= IFCRELAGGREGATES('0FpGKodsD66uz2VFsm8TCB',#5,$,$,#37,(#39));
#2042= IFCRELAGGREGATES('0jR9mGb_D2rhButSSTjqVb',#5,$,$,#39,(#41));
#2043= IFCRELAGGREGATES('2dci43LKn4GAcu7OCScyEo',#5,$,$,#41,(#43));
#2044= IFCRELCONTAINEDINSPATIALSTRUCTURE('0w1W2JlezCzAGZlLjMpw8X',#5,$,$,(#2017,#1974,#1944,#1895,#1872,#1780,#1773,#1767,#1755,#1734,#1711,#1680,#1600,#1521,#1427,#1345,#1315,#1205,#1069,#937,#604,#525,#518,#511,#504,#497,#485,#405,#393,#313,#306,#299,#292,#285,#278,#271,#264,#257,#250,#243,#236,#229,#222,#215,#208,#201,#194,#187,#180,#173,#166,#159,#133),#43);
#2045= IFCRELDEFINESBYPROPERTIES('0K20nHOSzFUBaAKMh7L_xW',#5,$,$,(#313,#306,#299,#292,#285,#278,#271,#264,#257,#250,#243,#236,#229,#222,#215,#208,#201,#194,#187,#180,#173,#166,#159,#133),#151);
#2046= IFCRELDEFINESBYPROPERTIES('2DjdoEc6bEDQgew6x5_eIj',#5,$,$,(#405,#393),#398);
#2047= IFCRELDEFINESBYPROPERTIES('0vAYTNPlH0lfsTYt75todN',#5,$,$,(#525,#518,#511,#504,#497,#485),#490);
#2048= IFCRELDEFINESBYPROPERTIES('1BGa4Dn2P10uo3Kzs41Q0f',#5,$,$,(#604),#610);
#2049= IFCRELDEFINESBYPROPERTIES('1FgRcph1HCOuEonBUqsv2t',#5,$,$,(#937),#947);
#2050= IFCRELDEFINESBYPROPERTIES('1vCjMJHoL9bx0$QaEk9uMQ',#5,$,$,(#1069),#1077);
#2051= IFCRELDEFINESBYPROPERTIES('0KGURdEir1pu8VU9C94YXy',#5,$,$,(#1780,#1069),#1086);
#2052= IFCRELDEFINESBYPROPERTIES('3T0OBgPHPFOueKSECPt$Mp',#5,$,$,(#1069),#1089);
#2053= IFCRELDEFINESBYPROPERTIES('35kHqf6k96Wh8DS_rpUo34',#5,$,$,(#1069),#1096);
#2054= IFCRELDEFINESBYPROPERTIES('0DN5UPDzzCVhmN8wERUaa6',#5,$,$,(#1205),#1210);
#2055= IFCRELDEFINESBYPROPERTIES('3worO1NUbFugqki15gsLrP',#5,$,$,(#1773,#1205),#1217);
#2056= IFCRELDEFINESBYPROPERTIES('11LmQh5fPEnBTTEQVbnj9U',#5,$,$,(#1773,#1205),#1219);
#2057= IFCRELDEFINESBYPROPERTIES('3vzlXAxGP7Wv3Jr3Dh3dcz',#5,$,$,(#1773,#1205),#1225);
#2058= IFCRELDEFINESBYPROPERTIES('3Cb58SVzr9fR0vJ_XV4UTS',#5,$,$,(#1345,#1315),#1321);
#2059= IFCRELDEFINESBYPROPERTIES('07fgyHV4fBP8b_ds3vyhJt',#5,$,$,(#1345,#1315),#1330);
#2060= IFCRELDEFINESBYPROPERTIES('22SnVWs6f9EvQNXCLj1vnJ',#5,$,$,(#1345,#1315),#1332);
#2061= IFCRELDEFINESBYPROPERTIES('1MCoOPBVz9d9ikt8oKtaxU',#5,$,$,(#1345,#1315),#1339);
#2062= IFCRELDEFINESBYPROPERTIES('0E9DqwBfDCROOEc7BnLXFd',#5,$,$,(#1521,#1427),#1429);
#2063= IFCRELDEFINESBYPROPERTIES('01rK8SAcDCSP4otYnhq4P6',#5,$,$,(#1767,#1734,#1521,#1427),#1435);
#2064= IFCRELDEFINESBYPROPERTIES('1YFdxXzH593Oe40m7pLKCE',#5,$,$,(#1767,#1734,#1521,#1427),#1437);
#2065= IFCRELDEFINESBYPROPERTIES('3f2$WNLXvAauAsRvDhtsHT',#5,$,$,(#1734,#1427),#1443);
#2066= IFCRELDEFINESBYPROPERTIES('0a1SkckJv5U81ZijoI3kl0',#5,$,$,(#1767,#1521),#1527);
#2067= IFCRELDEFINESBYPROPERTIES('1fsrWfnvf4BwdjDFkf3yi1',#5,$,$,(#1600),#1603);
#2068= IFCRELDEFINESBYPROPERTIES('1WLqAD5CzDLg2VWghr0oCt',#5,$,$,(#1680,#1600),#1609);
#2069= IFCRELDEFINESBYPROPERTIES('0pLQBuK6vCLfZBt4_3IwSi',#5,$,$,(#1600),#1611);
#2070= IFCRELDEFINESBYPROPERTIES('1hDNMjvbT5F9acekKmO3v9',#5,$,$,(#1600),#1617);
#2071= IFCRELDEFINESBYPROPERTIES('08v6C0JQn6fvZkIcIepCZ$',#5,$,$,(#1680),#1682);
#2072= IFCRELDEFINESBYPROPERTIES('0UEZ$L_Jv3ePuj0thz$$yf',#5,$,$,(#1680),#1684);
#2073= IFCRELDEFINESBYPROPERTIES('3gT2HLbJHCfgVXUpcTbtZw',#5,$,$,(#1680),#1690);
#2074= IFCRELDEFINESBYPROPERTIES('0l16ektrv7BQKw4GxYTfPz',#5,$,$,(#1755,#1711),#1715);
#2075= IFCRELDEFINESBYPROPERTIES('3m7wPdXTnBTuhyqdcHi3CH',#5,$,$,(#1755,#1711),#1720);
#2076= IFCRELDEFINESBYPROPERTIES('2m0ENUltf7xRqVXuOG3F6y',#5,$,$,(#1755,#1711),#1722);
#2077= IFCRELDEFINESBYPROPERTIES('1lwWDKKY58ex70r4Pd3eXE',#5,$,$,(#1711),#1728);
#2078= IFCRELDEFINESBYPROPERTIES('0eAaGLqHPFeeuo$JukUBqx',#5,$,$,(#1767,#1734),#1737);
#2079= IFCRELDEFINESBYPROPERTIES('06d7A$Ru98cAehKRG8Qavo',#5,$,$,(#1755),#1761);
#2080= IFCRELDEFINESBYPROPERTIES('0_CxAg_1jA1Om_Mo$qpqwm',#5,$,$,(#1773),#1774);
#2081= IFCRELDEFINESBYPROPERTIES('3ZUq$SThj0TBYRHlK9pMfq',#5,$,$,(#1780),#1782);
#2082= IFCRELDEFINESBYPROPERTIES('2lff3AdCj33vtb4Upw8osa',#5,$,$,(#1780),#1784);
#2083= IFCRELDEFINESBYPROPERTIES('0yyjW2Ql12n8QFj4A7R9lb',#5,$,$,(#1780),#1787);
#2084= IFCRELDEFINESBYPROPERTIES('0TNFxRlNTDjRiMVzmyPio5',#5,$,$,(#1895,#1872),#1876);
#2085= IFCRELDEFINESBYPROPERTIES('3ngIpKxPz8R9b6UEJySq$_',#5,$,$,(#1895,#1872),#1881);
#2086= IFCRELDEFINESBYPROPERTIES('0aHJG8PPv3_PYtzozgsHG2',#5,$,$,(#1895,#1872),#1883);
#2087= IFCRELDEFINESBYPROPERTIES('09tKToAkzAKQMwQ_$hHI6k',#5,$,$,(#1895,#1872),#1889);
#2088= IFCRELDEFINESBYPROPERTIES('2KfffiFsr9kwK35w4KGQYF',#5,$,$,(#1944),#1950);
#2089= IFCRELDEFINESBYPROPERTIES('3z1TAUgD5AM8aPwh6YGlQ9',#5,$,$,(#1974,#1944),#1959);
#2090= IFCRELDEFINESBYPROPERTIES('0WOlip4QTBqxDvCWhs4O20',#5,$,$,(#1974,#1944),#1961);
#2091= IFCRELDEFINESBYPROPERTIES('2bhSfQhwrFqgLEwVfm$Pu9',#5,$,$,(#1974,#1944),#1968);
#2092= IFCRELDEFINESBYPROPERTIES('0PKWltqiv6wOINcidjvO1C',#5,$,$,(#1974),#1977);
#2093= IFCRELDEFINESBYPROPERTIES('3J9c5lwabABfzQVLVzUDIm',#5,$,$,(#2017),#2023);
#2094= IFCRELDEFINESBYPROPERTIES('2$Yucp2Nb2WP$BwlroFBq0',#5,$,$,(#2017),#2031);
#2095= IFCRELDEFINESBYPROPERTIES('23aNMqwgX9ivh69va__zGF',#5,$,$,(#2017),#2033);
#2096= IFCRELDEFINESBYPROPERTIES('1MUaZr$Xv1fxt$vIw6nlW9',#5,$,$,(#2017),#2040);
#2097= IFCRELDEFINESBYTYPE('16rugOU1vBNhTp4c12oK0q',#5,$,$,(#937,#604,#525,#518,#511,#504,#497,#485,#405,#393,#313,#306,#299,#292,#285,#278,#271,#264,#257,#250,#243,#236,#229,#222,#215,#208,#201,#194,#187,#180,#173,#166,#159,#133),#134);
#2098= IFCRELDEFINESBYTYPE('2uYsn3TZb9uhqCMV4s08Iz',#5,$,$,(#1780,#1069),#1070);
#2099= IFCRELDEFINESBYTYPE('3USocZ_9H6_gsTJ8AXlo1E',#5,$,$,(#1773,#1767,#1734,#1521,#1427,#1205),#1206);
#2100= IFCRELDEFINESBYTYPE('2EH4qUdab8lPzDk9fVy_JI',#5,$,$,(#1895,#1872,#1345,#1315),#1316);
#2101= IFCRELDEFINESBYTYPE('0GtQdrBFHBiPb66UIJGn9a',#5,$,$,(#1755,#1711,#1680,#1600),#1601);
#2102= IFCRELDEFINESBYTYPE('2OK_h4bxzCiP7DlpDDZwo7',#5,$,$,(#1974,#1944),#1945);
#2103= IFCRELDEFINESBYTYPE('2NxTtLqSP0aeVBcZrLtQg5',#5,$,$,(#2017),#2018);
#2104= IFCRELASSOCIATESMATERIAL('31Aq_qUGv0BBe0r94ssB13',#5,$,$,(#604,#525,#518,#511,#504,#497,#485,#405,#393,#313,#306,#299,#292,#285,#278,#271,#264,#257,#250,#243,#236,#229,#222,#215,#208,#201,#194,#187,#180,#173,#166,#159,#133),#152);
#2105= IFCRELASSOCIATESMATERIAL('02W6Z_VwH8FBj0yMw7qz7C',#5,$,$,(#937),#948);
#2106= IFCRELASSOCIATESMATERIAL('3dcu16nXvBDgkIMT2U9TFw',#5,$,$,(#2017,#1974,#1944,#1895,#1872,#1780,#1773,#1767,#1755,#1734,#1711,#1680,#1600,#1521,#1427,#1345,#1315,#1205,#1069),#1097);
#2107= IFCPRESENTATIONLAYERASSIGNMENT('BoltArray',$,(#126,#154,#161,#168,#175,#182,#189,#196,#203,#210,#217,#224,#231,#238,#245,#252,#259,#266,#273,#280,#287,#294,#301,#308,#386,#400,#478,#492,#499,#506,#513,#520,#598,#930),$);
#2108= IFCPRESENTATIONLAYERASSIGNMENT('PLATE-8',$,(#1062,#1200,#1420,#1516,#1595,#1675,#1706,#1729,#1750,#1762,#1768,#1775),$);
#2109= IFCPRESENTATIONLAYERASSIGNMENT('PLATE-12',$,(#1309,#1340,#1867,#1890),$);
#2110= IFCPRESENTATIONLAYERASSIGNMENT('PLATE-18',$,(#1939,#1969),$);
#2111= IFCPRESENTATIONLAYERASSIGNMENT('PLATE-25',$,(#2011),$);
ENDSEC;

END-ISO-10303-21;
