ISO-10303-21;
HEADER;
FILE_DESCRIPTION(('ViewDefinition[CoordinationView_V2.0, QuantityTakeOffAddOnView]', 'ExchangeRequirement[Structural, SurfaceGeometry]', 'Option [BaseQuantities:On]', 'Option [GridExport:On]', 'Option [Assemblies:Off]', 'Option [Bolts:On]', 'Option [Rebars:On]', 'Option [PourObjects:Off]', 'Option [Welds:Off]', 'Option [SurfaceTreatments:On]', 'Option [LocationBy:0]', 'Option [ViewColors:Off]', 'Option [SectionedSpine:Off]', 'Option [PropertySets:On]', 'Option [Export all:Off]'),'2;1');
FILE_NAME('5-2-A6_1.ifc','2026-03-10T08:04:20',('DESKTOP-NLV509P\\Ahmed'),('Structural Designer'),'IFC Parser version: 3.13.2','Tekla Structures 2023 Service Pack 8, IFC Export Version: 4.0.0.0 Jan 19 2024','');
FILE_SCHEMA(('IFC2X3'));
ENDSEC;

DATA;
#1= IFCPERSON('DESKTOP-NLV509P\\Ahmed','Undefined',$,$,$,$,$,$);
#2= IFCORGANIZATION($,'Trimble Solutions Corporation',$,$,$);
#3= IFCPERSONANDORGANIZATION(#1,#2,$);
#4= IFCAPPLICATION(#2,'2023 Service Pack 8','Tekla Structures','Multi material modeling');
#5= IFCOWNERHISTORY(#3,#4,$,.NOCHANGE.,$,$,$,1773119059);
#6= IFCCARTESIANPOINT((0.,0.,0.));
#7= IFCDIRECTION((1.,0.,0.));
#8= IFCDIRECTION((0.,1.,0.));
#9= IFCDIRECTION((0.,0.,1.));
#10= IFCAXIS2PLACEMENT3D(#6,#9,#7);
#11= IFCGEOMETRICREPRESENTATIONCONTEXT($,'Model',3,1.E-05,#10,$);
#12= IFCGEOMETRICREPRESENTATIONSUBCONTEXT('Body','Model',*,*,*,*,#11,$,.MODEL_VIEW.,$);
#13= IFCGEOMETRICREPRESENTATIONSUBCONTEXT('Axis','Model',*,*,*,*,#11,$,.GRAPH_VIEW.,$);
#14= IFCGEOMETRICREPRESENTATIONSUBCONTEXT('FootPrint','Model',*,*,*,*,#11,$,.MODEL_VIEW.,$);
#15= IFCSIUNIT(*,.LENGTHUNIT.,.MILLI.,.METRE.);
#16= IFCMEASUREWITHUNIT(IFCRATIOMEASURE(304.8),#15);
#17= IFCDIMENSIONALEXPONENTS(1,0,0,0,0,0,0);
#18= IFCCONVERSIONBASEDUNIT(#17,.LENGTHUNIT.,'FOOT',#16);
#19= IFCSIUNIT(*,.AREAUNIT.,$,.SQUARE_METRE.);
#20= IFCMEASUREWITHUNIT(IFCRATIOMEASURE(0.09290304),#19);
#21= IFCDIMENSIONALEXPONENTS(2,0,0,0,0,0,0);
#22= IFCCONVERSIONBASEDUNIT(#21,.AREAUNIT.,'SQUARE FOOT',#20);
#23= IFCSIUNIT(*,.VOLUMEUNIT.,$,.CUBIC_METRE.);
#24= IFCMEASUREWITHUNIT(IFCRATIOMEASURE(0.028316846592),#23);
#25= IFCDIMENSIONALEXPONENTS(3,0,0,0,0,0,0);
#26= IFCCONVERSIONBASEDUNIT(#25,.VOLUMEUNIT.,'CUBIC FOOT',#24);
#27= IFCSIUNIT(*,.MASSUNIT.,.KILO.,.GRAM.);
#28= IFCSIUNIT(*,.TIMEUNIT.,$,.SECOND.);
#29= IFCSIUNIT(*,.PLANEANGLEUNIT.,$,.RADIAN.);
#30= IFCMEASUREWITHUNIT(IFCRATIOMEASURE(0.0174532925199433),#29);
#31= IFCDIMENSIONALEXPONENTS(0,0,0,0,0,0,0);
#32= IFCCONVERSIONBASEDUNIT(#31,.PLANEANGLEUNIT.,'DEGREE',#30);
#33= IFCSIUNIT(*,.SOLIDANGLEUNIT.,$,.STERADIAN.);
#34= IFCSIUNIT(*,.THERMODYNAMICTEMPERATUREUNIT.,$,.DEGREE_CELSIUS.);
#35= IFCSIUNIT(*,.LUMINOUSINTENSITYUNIT.,$,.LUMEN.);
#36= IFCUNITASSIGNMENT((#15,#19,#23,#27,#28,#29,#33,#34,#35));
#37= IFCPROJECT('2DPDyKX696Uh71WcLkCQuB',#5,'Undefined',$,$,$,$,(#11),#36);
#38= IFCLOCALPLACEMENT($,#10);
#39= IFCSITE('0zQwG86p55UfzgIBa6AH6L',#5,'Undefined',$,$,#38,$,$,.ELEMENT.,$,$,$,$,$);
#40= IFCLOCALPLACEMENT(#38,#10);
#41= IFCBUILDING('3MDSwrgqX1PwO3U6RGdkyW',#5,'Undefined',$,$,#40,$,$,.ELEMENT.,$,$,$);
#42= IFCLOCALPLACEMENT(#40,#10);
#43= IFCBUILDINGSTOREY('3gJPpYF7LCbf7I109fNVl5',#5,'Undefined',$,$,#42,$,$,.ELEMENT.,0.);
#44= IFCOWNERHISTORY(#3,#4,$,.NOCHANGE.,$,$,$,1770796800);
#45= IFCCOLOURRGB($,0.698039215686274,0.4,0.);
#46= IFCSURFACESTYLERENDERING(#45,0.,$,$,$,$,IFCNORMALISEDRATIOMEASURE(0.00390625),IFCSPECULAREXPONENT(10.),.NOTDEFINED.);
#47= IFCSURFACESTYLE('Undefined',.POSITIVE.,(#46));
#48= IFCPRESENTATIONSTYLEASSIGNMENT((#47));
#49= IFCCARTESIANPOINT((15.,101.189005263868,0.));
#50= IFCCARTESIANPOINT((12.9903810567663,101.189005263868,7.50000000000045));
#51= IFCCARTESIANPOINT((7.4999999999991,101.189005263868,12.9903810567671));
#52= IFCCARTESIANPOINT((-1.55450397240048E-12,101.189005263868,15.));
#53= IFCCARTESIANPOINT((-7.50000000000179,101.189005263868,12.9903810567655));
#54= IFCCARTESIANPOINT((-12.9903810567679,101.189005263868,7.49999999999776));
#55= IFCCARTESIANPOINT((-15.,101.189005263868,-3.10900794480097E-12));
#56= IFCCARTESIANPOINT((-12.9903810567648,101.189005263868,-7.50000000000313));
#57= IFCCARTESIANPOINT((-7.49999999999642,101.189005263868,-12.9903810567686));
#58= IFCCARTESIANPOINT((4.64685857183207E-12,101.189005263868,-15.));
#59= IFCCARTESIANPOINT((7.50000000000448,101.189005263868,-12.990381056764));
#60= IFCCARTESIANPOINT((12.9903810567694,101.189005263868,-7.49999999999507));
#61= IFCCARTESIANPOINT((15.,126.28900527065,0.));
#62= IFCCARTESIANPOINT((12.9903810567663,126.28900527065,7.50000000000045));
#63= IFCCARTESIANPOINT((7.4999999999991,126.28900527065,12.9903810567671));
#64= IFCCARTESIANPOINT((-1.55450397240048E-12,126.28900527065,15.));
#65= IFCCARTESIANPOINT((-7.50000000000179,126.28900527065,12.9903810567655));
#66= IFCCARTESIANPOINT((-12.9903810567679,126.28900527065,7.49999999999776));
#67= IFCCARTESIANPOINT((-15.,126.28900527065,-3.10900794480097E-12));
#68= IFCCARTESIANPOINT((-12.9903810567648,126.28900527065,-7.50000000000313));
#69= IFCCARTESIANPOINT((-7.49999999999642,126.28900527065,-12.9903810567686));
#70= IFCCARTESIANPOINT((4.64685857183207E-12,126.28900527065,-15.));
#71= IFCCARTESIANPOINT((7.50000000000448,126.28900527065,-12.990381056764));
#72= IFCCARTESIANPOINT((12.9903810567694,126.28900527065,-7.49999999999507));
#73= IFCPOLYLOOP((#49,#50,#51,#52,#53,#54,#55,#56,#57,#58,#59,#60));
#74= IFCFACEOUTERBOUND(#73,.T.);
#75= IFCFACE((#74));
#76= IFCPOLYLOOP((#72,#71,#70,#69,#68,#67,#66,#65,#64,#63,#62,#61));
#77= IFCFACEOUTERBOUND(#76,.T.);
#78= IFCFACE((#77));
#79= IFCPOLYLOOP((#49,#61,#62,#50));
#80= IFCFACEOUTERBOUND(#79,.T.);
#81= IFCFACE((#80));
#82= IFCPOLYLOOP((#50,#62,#63,#51));
#83= IFCFACEOUTERBOUND(#82,.T.);
#84= IFCFACE((#83));
#85= IFCPOLYLOOP((#51,#63,#64,#52));
#86= IFCFACEOUTERBOUND(#85,.T.);
#87= IFCFACE((#86));
#88= IFCPOLYLOOP((#52,#64,#65,#53));
#89= IFCFACEOUTERBOUND(#88,.T.);
#90= IFCFACE((#89));
#91= IFCPOLYLOOP((#53,#65,#66,#54));
#92= IFCFACEOUTERBOUND(#91,.T.);
#93= IFCFACE((#92));
#94= IFCPOLYLOOP((#54,#66,#67,#55));
#95= IFCFACEOUTERBOUND(#94,.T.);
#96= IFCFACE((#95));
#97= IFCPOLYLOOP((#55,#67,#68,#56));
#98= IFCFACEOUTERBOUND(#97,.T.);
#99= IFCFACE((#98));
#100= IFCPOLYLOOP((#56,#68,#69,#57));
#101= IFCFACEOUTERBOUND(#100,.T.);
#102= IFCFACE((#101));
#103= IFCPOLYLOOP((#57,#69,#70,#58));
#104= IFCFACEOUTERBOUND(#103,.T.);
#105= IFCFACE((#104));
#106= IFCPOLYLOOP((#58,#70,#71,#59));
#107= IFCFACEOUTERBOUND(#106,.T.);
#108= IFCFACE((#107));
#109= IFCPOLYLOOP((#59,#71,#72,#60));
#110= IFCFACEOUTERBOUND(#109,.T.);
#111= IFCFACE((#110));
#112= IFCPOLYLOOP((#60,#72,#61,#49));
#113= IFCFACEOUTERBOUND(#112,.T.);
#114= IFCFACE((#113));
#115= IFCCLOSEDSHELL((#75,#78,#81,#84,#87,#90,#93,#96,#99,#102,#105,#108,#111,#114));
#116= IFCCOLOURRGB($,0.,0.,0.);
#117= IFCSURFACESTYLERENDERING(#116,0.,$,$,$,$,IFCNORMALISEDRATIOMEASURE(0.00390625),IFCSPECULAREXPONENT(10.),.NOTDEFINED.);
#118= IFCSURFACESTYLE($,.POSITIVE.,(#117));
#119= IFCPRESENTATIONSTYLEASSIGNMENT((#118));
#120= IFCFACETEDBREP(#115);
#121= IFCSTYLEDITEM(#120,(#119),$);
#122= IFCCARTESIANTRANSFORMATIONOPERATOR3D($,$,#6,$,$);
#123= IFCSHAPEREPRESENTATION(#12,'Body','Brep',(#120));
#124= IFCREPRESENTATIONMAP(#10,#123);
#125= IFCMAPPEDITEM(#124,#122);
#126= IFCSHAPEREPRESENTATION(#12,'Body','MappedRepresentation',(#125));
#127= IFCPRODUCTDEFINITIONSHAPE($,$,(#126));
#128= IFCCARTESIANPOINT((52770.0007623759,27469.2122638949,17554.9961054475));
#129= IFCDIRECTION((7.44599674362689E-10,-3.1931000023178E-05,-0.999999999490206));
#130= IFCDIRECTION((0.999999999728112,2.33190000773246E-05,0.));
#131= IFCAXIS2PLACEMENT3D(#128,#129,#130);
#132= IFCLOCALPLACEMENT(#42,#131);
#133= IFCMECHANICALFASTENER('16b3Gmowz6POeLrRROJEH3',#44,'Bolt assembly',$,$,#132,#127,'ID46943430-cbaf-4665-8a15-d5b6d84ce443',28.,25.);
#134= IFCMECHANICALFASTENERTYPE('3EITrrl1T5Tw0stSEaoNPF',#5,'Bolt assembly',$,$,$,$,$,$);
#135= IFCPROPERTYSINGLEVALUE('Washer count',$,IFCINTEGER(0),$);
#136= IFCPROPERTYSINGLEVALUE('Washer diameter',$,IFCLENGTHMEASURE(28.),$);
#137= IFCPROPERTYSINGLEVALUE('Washer type',$,IFCLABEL('PLAIN'),$);
#138= IFCPROPERTYSINGLEVALUE('Washer name',$,IFCLABEL(''),$);
#139= IFCPROPERTYSINGLEVALUE('Nut count',$,IFCINTEGER(0),$);
#140= IFCPROPERTYSINGLEVALUE('Nut type',$,IFCLABEL('HEAVY_HEX'),$);
#141= IFCPROPERTYSINGLEVALUE('Nut name',$,IFCLABEL(''),$);
#142= IFCPROPERTYSINGLEVALUE('Slotted hole y',$,IFCLENGTHMEASURE(0.),$);
#143= IFCPROPERTYSINGLEVALUE('Slotted hole x',$,IFCLENGTHMEASURE(0.),$);
#144= IFCPROPERTYSINGLEVALUE('Bolt hole diameter',$,IFCLENGTHMEASURE(30.),$);
#145= IFCPROPERTYSINGLEVALUE('Location',$,IFCLABEL('Site'),$);
#146= IFCPROPERTYSINGLEVALUE('Bolt count',$,IFCINTEGER(1),$);
#147= IFCPROPERTYSINGLEVALUE('Bolt size',$,IFCLENGTHMEASURE(30.),$);
#148= IFCPROPERTYSINGLEVALUE('Bolt length',$,IFCLENGTHMEASURE(25.),$);
#149= IFCPROPERTYSINGLEVALUE('Bolt standard',$,IFCLABEL(''),$);
#150= IFCPROPERTYSINGLEVALUE('Bolt Name',$,IFCLABEL(''),$);
#151= IFCPROPERTYSET('3whC2YpnT1CONIiEttSiza',#5,'Tekla Bolt','Bolt Properties',(#135,#136,#137,#138,#139,#140,#141,#142,#143,#144,#145,#146,#147,#148,#149,#150));
#152= IFCMATERIAL('Undefined');
#153= IFCMAPPEDITEM(#124,#122);
#154= IFCSHAPEREPRESENTATION(#12,'Body','MappedRepresentation',(#153));
#155= IFCPRODUCTDEFINITIONSHAPE($,$,(#154));
#156= IFCCARTESIANPOINT((52940.0007623761,27469.2122639078,17554.9960963813));
#157= IFCAXIS2PLACEMENT3D(#156,#129,#130);
#158= IFCLOCALPLACEMENT(#42,#157);
#159= IFCMECHANICALFASTENER('1AP$PQe49DneEdYB6ghYwk',#44,'Bolt assembly',$,$,#158,#155,'ID4a67f65a-a042-4dc6-83a7-88b1aaae2eae',28.,25.);
#160= IFCMAPPEDITEM(#124,#122);
#161= IFCSHAPEREPRESENTATION(#12,'Body','MappedRepresentation',(#160));
#162= IFCPRODUCTDEFINITIONSHAPE($,$,(#161));
#163= IFCCARTESIANPOINT((53110.0007623764,27469.2122639206,17554.9960873151));
#164= IFCAXIS2PLACEMENT3D(#163,#129,#130);
#165= IFCLOCALPLACEMENT(#42,#164);
#166= IFCMECHANICALFASTENER('2u0FSIKIP33hN5OyuhgUIT',#44,'Bolt assembly',$,$,#165,#162,'IDb800f712-5126-430e-b5c5-63ce2ba9e49d',28.,25.);
#167= IFCMAPPEDITEM(#124,#122);
#168= IFCSHAPEREPRESENTATION(#12,'Body','MappedRepresentation',(#167));
#169= IFCPRODUCTDEFINITIONSHAPE($,$,(#168));
#170= IFCCARTESIANPOINT((52770.0007517101,27469.2058777429,17354.9961055493));
#171= IFCAXIS2PLACEMENT3D(#170,#129,#130);
#172= IFCLOCALPLACEMENT(#42,#171);
#173= IFCMECHANICALFASTENER('2f5oT693r4wAel0BfQCIb4',#44,'Bolt assembly',$,$,#172,#169,'IDa9172746-243d-44e8-aa2f-00ba5a312944',28.,25.);
#174= IFCMAPPEDITEM(#124,#122);
#175= IFCSHAPEREPRESENTATION(#12,'Body','MappedRepresentation',(#174));
#176= IFCPRODUCTDEFINITIONSHAPE($,$,(#175));
#177= IFCCARTESIANPOINT((52940.0007517104,27469.2058777557,17354.9960964831));
#178= IFCAXIS2PLACEMENT3D(#177,#129,#130);
#179= IFCLOCALPLACEMENT(#42,#178);
#180= IFCMECHANICALFASTENER('0Co9oEj6b9$hjuChB6Gpcf',#44,'Bolt assembly',$,$,#179,#176,'ID0cc89c8e-b469-49fe-bb78-32b2c64339a9',28.,25.);
#181= IFCMAPPEDITEM(#124,#122);
#182= IFCSHAPEREPRESENTATION(#12,'Body','MappedRepresentation',(#181));
#183= IFCPRODUCTDEFINITIONSHAPE($,$,(#182));
#184= IFCCARTESIANPOINT((53110.0007517106,27469.2058777685,17354.9960874168));
#185= IFCAXIS2PLACEMENT3D(#184,#129,#130);
#186= IFCLOCALPLACEMENT(#42,#185);
#187= IFCMECHANICALFASTENER('2c7$R6QPr2mB_PcjRszxvz',#44,'Bolt assembly',$,$,#186,#183,'IDa61ff6c6-699d-42c0-bf99-9ad6f6f7be7d',28.,25.);
#188= IFCMAPPEDITEM(#124,#122);
#189= IFCSHAPEREPRESENTATION(#12,'Body','MappedRepresentation',(#188));
#190= IFCPRODUCTDEFINITIONSHAPE($,$,(#189));
#191= IFCCARTESIANPOINT((52770.0007410444,27469.1994915908,17154.996105651));
#192= IFCAXIS2PLACEMENT3D(#191,#129,#130);
#193= IFCLOCALPLACEMENT(#42,#192);
#194= IFCMECHANICALFASTENER('3$y3oE4uP7m9K20XVyUf5e',#44,'Bolt assembly',$,$,#193,#190,'IDfff03c8e-1386-47c0-9502-0217fc7a9168',28.,25.);
#195= IFCMAPPEDITEM(#124,#122);
#196= IFCSHAPEREPRESENTATION(#12,'Body','MappedRepresentation',(#195));
#197= IFCPRODUCTDEFINITIONSHAPE($,$,(#196));
#198= IFCCARTESIANPOINT((52940.0007410446,27469.1994916037,17154.9960965848));
#199= IFCAXIS2PLACEMENT3D(#198,#129,#130);
#200= IFCLOCALPLACEMENT(#42,#199);
#201= IFCMECHANICALFASTENER('1qiDi0CVfFSAKhlmeqD8Jp',#44,'Bolt assembly',$,$,#200,#197,'ID74b0db00-31fa-4f70-a52b-bf0a343484f3',28.,25.);
#202= IFCMAPPEDITEM(#124,#122);
#203= IFCSHAPEREPRESENTATION(#12,'Body','MappedRepresentation',(#202));
#204= IFCPRODUCTDEFINITIONSHAPE($,$,(#203));
#205= IFCCARTESIANPOINT((53110.0007410449,27469.1994916165,17154.9960875186));
#206= IFCAXIS2PLACEMENT3D(#205,#129,#130);
#207= IFCLOCALPLACEMENT(#42,#206);
#208= IFCMECHANICALFASTENER('0MjkDhSkb8CPHoZxnE5gPq',#44,'Bolt assembly',$,$,#207,#204,'ID16b6e36b-72e9-4831-9472-8fbc4e16a674',28.,25.);
#209= IFCMAPPEDITEM(#124,#122);
#210= IFCSHAPEREPRESENTATION(#12,'Body','MappedRepresentation',(#209));
#211= IFCPRODUCTDEFINITIONSHAPE($,$,(#210));
#212= IFCCARTESIANPOINT((52770.0007303787,27469.1931054388,16954.9961057528));
#213= IFCAXIS2PLACEMENT3D(#212,#129,#130);
#214= IFCLOCALPLACEMENT(#42,#213);
#215= IFCMECHANICALFASTENER('0Mj5M_itX6bfOryN49SQ0Z',#44,'Bolt assembly',$,$,#214,#211,'ID16b455be-b378-4696-9635-f1710971a023',28.,25.);
#216= IFCMAPPEDITEM(#124,#122);
#217= IFCSHAPEREPRESENTATION(#12,'Body','MappedRepresentation',(#216));
#218= IFCPRODUCTDEFINITIONSHAPE($,$,(#217));
#219= IFCCARTESIANPOINT((52940.0007303789,27469.1931054516,16954.9960966866));
#220= IFCAXIS2PLACEMENT3D(#219,#129,#130);
#221= IFCLOCALPLACEMENT(#42,#220);
#222= IFCMECHANICALFASTENER('0ZjvihYWv20PMOXLCZQHeN',#44,'Bolt assembly',$,$,#221,#218,'ID23b79b2b-8a0e-4201-9598-855323691a17',28.,25.);
#223= IFCMAPPEDITEM(#124,#122);
#224= IFCSHAPEREPRESENTATION(#12,'Body','MappedRepresentation',(#223));
#225= IFCPRODUCTDEFINITIONSHAPE($,$,(#224));
#226= IFCCARTESIANPOINT((53110.0007303792,27469.1931054645,16954.9960876204));
#227= IFCAXIS2PLACEMENT3D(#226,#129,#130);
#228= IFCLOCALPLACEMENT(#42,#227);
#229= IFCMECHANICALFASTENER('2IJVBr_NvAORxFDImzr_kw',#44,'Bolt assembly',$,$,#228,#225,'ID924df2f5-f97e-4a61-becf-352c3dd7ebba',28.,25.);
#230= IFCMAPPEDITEM(#124,#122);
#231= IFCSHAPEREPRESENTATION(#12,'Body','MappedRepresentation',(#230));
#232= IFCPRODUCTDEFINITIONSHAPE($,$,(#231));
#233= IFCCARTESIANPOINT((52770.0007090472,27469.1803331347,16554.9961059564));
#234= IFCAXIS2PLACEMENT3D(#233,#129,#130);
#235= IFCLOCALPLACEMENT(#42,#234);
#236= IFCMECHANICALFASTENER('3vSlkyG49E9hatzVMnBMS4',#44,'Bolt assembly',$,$,#235,#232,'IDf972fbbc-4042-4e26-b937-f5f5b12d6704',28.,25.);
#237= IFCMAPPEDITEM(#124,#122);
#238= IFCSHAPEREPRESENTATION(#12,'Body','MappedRepresentation',(#237));
#239= IFCPRODUCTDEFINITIONSHAPE($,$,(#238));
#240= IFCCARTESIANPOINT((52940.0007090474,27469.1803331475,16554.9960968901));
#241= IFCAXIS2PLACEMENT3D(#240,#129,#130);
#242= IFCLOCALPLACEMENT(#42,#241);
#243= IFCMECHANICALFASTENER('1EVA60rp5D4x3hxe0vKTNb',#44,'Bolt assembly',$,$,#242,#239,'ID4e7ca180-d731-4d13-b0eb-ee803951d5e5',28.,25.);
#244= IFCMAPPEDITEM(#124,#122);
#245= IFCSHAPEREPRESENTATION(#12,'Body','MappedRepresentation',(#244));
#246= IFCPRODUCTDEFINITIONSHAPE($,$,(#245));
#247= IFCCARTESIANPOINT((53110.0007090477,27469.1803331603,16554.9960878239));
#248= IFCAXIS2PLACEMENT3D(#247,#129,#130);
#249= IFCLOCALPLACEMENT(#42,#248);
#250= IFCMECHANICALFASTENER('2ryJ690Wb9JhZ16wmYJCE9',#44,'Bolt assembly',$,$,#249,#246,'IDb5f13189-0209-494e-b8c1-1bac224cc389',28.,25.);
#251= IFCMAPPEDITEM(#124,#122);
#252= IFCSHAPEREPRESENTATION(#12,'Body','MappedRepresentation',(#251));
#253= IFCPRODUCTDEFINITIONSHAPE($,$,(#252));
#254= IFCCARTESIANPOINT((52770.0006983815,27469.1739469827,16354.9961060573));
#255= IFCAXIS2PLACEMENT3D(#254,#129,#130);
#256= IFCLOCALPLACEMENT(#42,#255);
#257= IFCMECHANICALFASTENER('20B28FrW12AR18Hhynwla$',#44,'Bolt assembly',$,$,#256,#253,'ID802c220f-d600-4229-b048-46bf31eaf93f',28.,25.);
#258= IFCMAPPEDITEM(#124,#122);
#259= IFCSHAPEREPRESENTATION(#12,'Body','MappedRepresentation',(#258));
#260= IFCPRODUCTDEFINITIONSHAPE($,$,(#259));
#261= IFCCARTESIANPOINT((52940.0006983817,27469.1739469955,16354.9960969911));
#262= IFCAXIS2PLACEMENT3D(#261,#129,#130);
#263= IFCLOCALPLACEMENT(#42,#262);
#264= IFCMECHANICALFASTENER('0hqiW2EsD8QeTNVRW3LPUv',#44,'Bolt assembly',$,$,#263,#260,'ID2bd2c802-3b63-486a-8757-7db8035597b9',28.,25.);
#265= IFCMAPPEDITEM(#124,#122);
#266= IFCSHAPEREPRESENTATION(#12,'Body','MappedRepresentation',(#265));
#267= IFCPRODUCTDEFINITIONSHAPE($,$,(#266));
#268= IFCCARTESIANPOINT((53110.000698382,27469.1739470083,16354.9960879249));
#269= IFCAXIS2PLACEMENT3D(#268,#129,#130);
#270= IFCLOCALPLACEMENT(#42,#269);
#271= IFCMECHANICALFASTENER('1gmhX_lpv5mPNp7pBjYGjg',#44,'Bolt assembly',$,$,#270,#267,'ID6ac2b87e-bf3e-45c1-95f3-1f32ed890b6a',28.,25.);
#272= IFCMAPPEDITEM(#124,#122);
#273= IFCSHAPEREPRESENTATION(#12,'Body','MappedRepresentation',(#272));
#274= IFCPRODUCTDEFINITIONSHAPE($,$,(#273));
#275= IFCCARTESIANPOINT((52770.0006877157,27469.1675608306,16154.9961061591));
#276= IFCAXIS2PLACEMENT3D(#275,#129,#130);
#277= IFCLOCALPLACEMENT(#42,#276);
#278= IFCMECHANICALFASTENER('2AKYU6mDjCUAyYs9Mi3zsL',#44,'Bolt assembly',$,$,#277,#274,'ID8a522786-c0db-4c78-af22-d895ac0fdd95',28.,25.);
#279= IFCMAPPEDITEM(#124,#122);
#280= IFCSHAPEREPRESENTATION(#12,'Body','MappedRepresentation',(#279));
#281= IFCPRODUCTDEFINITIONSHAPE($,$,(#280));
#282= IFCCARTESIANPOINT((52940.000687716,27469.1675608434,16154.9960970929));
#283= IFCAXIS2PLACEMENT3D(#282,#129,#130);
#284= IFCLOCALPLACEMENT(#42,#283);
#285= IFCMECHANICALFASTENER('2c_dcdTWH41O8yb72xZ2ez',#44,'Bolt assembly',$,$,#284,#281,'IDa6fa79a7-7604-4405-823c-9470bb8c2a3d',28.,25.);
#286= IFCMAPPEDITEM(#124,#122);
#287= IFCSHAPEREPRESENTATION(#12,'Body','MappedRepresentation',(#286));
#288= IFCPRODUCTDEFINITIONSHAPE($,$,(#287));
#289= IFCCARTESIANPOINT((53110.0006877162,27469.1675608563,16154.9960880267));
#290= IFCAXIS2PLACEMENT3D(#289,#129,#130);
#291= IFCLOCALPLACEMENT(#42,#290);
#292= IFCMECHANICALFASTENER('2OUxMyDGP12uopYtE7w6rD',#44,'Bolt assembly',$,$,#291,#288,'ID987bb5bc-3506-410b-8cb3-8b7387e86d4d',28.,25.);
#293= IFCMAPPEDITEM(#124,#122);
#294= IFCSHAPEREPRESENTATION(#12,'Body','MappedRepresentation',(#293));
#295= IFCPRODUCTDEFINITIONSHAPE($,$,(#294));
#296= IFCCARTESIANPOINT((52770.00067705,27469.1611746786,15954.9961062609));
#297= IFCAXIS2PLACEMENT3D(#296,#129,#130);
#298= IFCLOCALPLACEMENT(#42,#297);
#299= IFCMECHANICALFASTENER('1ICGCtq4T3xQi_LeKViFtE',#44,'Bolt assembly',$,$,#298,#295,'ID52310337-d047-43ed-ab3e-56851fb0fdce',28.,25.);
#300= IFCMAPPEDITEM(#124,#122);
#301= IFCSHAPEREPRESENTATION(#12,'Body','MappedRepresentation',(#300));
#302= IFCPRODUCTDEFINITIONSHAPE($,$,(#301));
#303= IFCCARTESIANPOINT((52940.0006770503,27469.1611746914,15954.9960971947));
#304= IFCAXIS2PLACEMENT3D(#303,#129,#130);
#305= IFCLOCALPLACEMENT(#42,#304);
#306= IFCMECHANICALFASTENER('3mJU9FVXLF5u_JGD8vxNKs',#44,'Bolt assembly',$,$,#305,#302,'IDf04de24f-7e15-4f17-8f93-40d239ed7536',28.,25.);
#307= IFCMAPPEDITEM(#124,#122);
#308= IFCSHAPEREPRESENTATION(#12,'Body','MappedRepresentation',(#307));
#309= IFCPRODUCTDEFINITIONSHAPE($,$,(#308));
#310= IFCCARTESIANPOINT((53110.0006770505,27469.1611747042,15954.9960881284));
#311= IFCAXIS2PLACEMENT3D(#310,#129,#130);
#312= IFCLOCALPLACEMENT(#42,#311);
#313= IFCMECHANICALFASTENER('3Kk6d7Obr3RB93vIR4lua$',#44,'Bolt assembly',$,$,#312,#309,'IDd4b869c7-625d-436c-b243-e526c4bf893f',28.,25.);
#314= IFCCARTESIANPOINT((10.,-6.00057483706326,0.));
#315= IFCCARTESIANPOINT((8.66025403784421,-6.00057483706326,5.0000000000003));
#316= IFCCARTESIANPOINT((4.9999999999994,-6.00057483706326,8.66025403784473));
#317= IFCCARTESIANPOINT((-1.03633598160032E-12,-6.00057483706326,10.));
#318= IFCCARTESIANPOINT((-5.00000000000119,-6.00057483706326,8.6602540378437));
#319= IFCCARTESIANPOINT((-8.66025403784525,-6.00057483706326,4.99999999999851));
#320= IFCCARTESIANPOINT((-10.,-6.00057483706326,-2.07267196320065E-12));
#321= IFCCARTESIANPOINT((-8.66025403784318,-6.00057483706326,-5.00000000000209));
#322= IFCCARTESIANPOINT((-4.99999999999761,-6.00057483706326,-8.66025403784576));
#323= IFCCARTESIANPOINT((3.09790571455472E-12,-6.00057483706326,-10.));
#324= IFCCARTESIANPOINT((5.00000000000299,-6.00057483706326,-8.66025403784266));
#325= IFCCARTESIANPOINT((8.66025403784628,-6.00057483706326,-4.99999999999671));
#326= IFCCARTESIANPOINT((10.,6.09942516541432,0.));
#327= IFCCARTESIANPOINT((8.66025403784421,6.09942516541432,5.0000000000003));
#328= IFCCARTESIANPOINT((4.9999999999994,6.09942516541432,8.66025403784473));
#329= IFCCARTESIANPOINT((-1.03633598160032E-12,6.09942516541432,10.));
#330= IFCCARTESIANPOINT((-5.00000000000119,6.09942516541432,8.6602540378437));
#331= IFCCARTESIANPOINT((-8.66025403784525,6.09942516541432,4.99999999999851));
#332= IFCCARTESIANPOINT((-10.,6.09942516541432,-2.07267196320065E-12));
#333= IFCCARTESIANPOINT((-8.66025403784318,6.09942516541432,-5.00000000000209));
#334= IFCCARTESIANPOINT((-4.99999999999761,6.09942516541432,-8.66025403784576));
#335= IFCCARTESIANPOINT((3.09790571455472E-12,6.09942516541432,-10.));
#336= IFCCARTESIANPOINT((5.00000000000299,6.09942516541432,-8.66025403784266));
#337= IFCCARTESIANPOINT((8.66025403784628,6.09942516541432,-4.99999999999671));
#338= IFCPOLYLOOP((#314,#315,#316,#317,#318,#319,#320,#321,#322,#323,#324,#325));
#339= IFCFACEOUTERBOUND(#338,.T.);
#340= IFCFACE((#339));
#341= IFCPOLYLOOP((#337,#336,#335,#334,#333,#332,#331,#330,#329,#328,#327,#326));
#342= IFCFACEOUTERBOUND(#341,.T.);
#343= IFCFACE((#342));
#344= IFCPOLYLOOP((#314,#326,#327,#315));
#345= IFCFACEOUTERBOUND(#344,.T.);
#346= IFCFACE((#345));
#347= IFCPOLYLOOP((#315,#327,#328,#316));
#348= IFCFACEOUTERBOUND(#347,.T.);
#349= IFCFACE((#348));
#350= IFCPOLYLOOP((#316,#328,#329,#317));
#351= IFCFACEOUTERBOUND(#350,.T.);
#352= IFCFACE((#351));
#353= IFCPOLYLOOP((#317,#329,#330,#318));
#354= IFCFACEOUTERBOUND(#353,.T.);
#355= IFCFACE((#354));
#356= IFCPOLYLOOP((#318,#330,#331,#319));
#357= IFCFACEOUTERBOUND(#356,.T.);
#358= IFCFACE((#357));
#359= IFCPOLYLOOP((#319,#331,#332,#320));
#360= IFCFACEOUTERBOUND(#359,.T.);
#361= IFCFACE((#360));
#362= IFCPOLYLOOP((#320,#332,#333,#321));
#363= IFCFACEOUTERBOUND(#362,.T.);
#364= IFCFACE((#363));
#365= IFCPOLYLOOP((#321,#333,#334,#322));
#366= IFCFACEOUTERBOUND(#365,.T.);
#367= IFCFACE((#366));
#368= IFCPOLYLOOP((#322,#334,#335,#323));
#369= IFCFACEOUTERBOUND(#368,.T.);
#370= IFCFACE((#369));
#371= IFCPOLYLOOP((#323,#335,#336,#324));
#372= IFCFACEOUTERBOUND(#371,.T.);
#373= IFCFACE((#372));
#374= IFCPOLYLOOP((#324,#336,#337,#325));
#375= IFCFACEOUTERBOUND(#374,.T.);
#376= IFCFACE((#375));
#377= IFCPOLYLOOP((#325,#337,#326,#314));
#378= IFCFACEOUTERBOUND(#377,.T.);
#379= IFCFACE((#378));
#380= IFCCLOSEDSHELL((#340,#343,#346,#349,#352,#355,#358,#361,#364,#367,#370,#373,#376,#379));
#381= IFCFACETEDBREP(#380);
#382= IFCSTYLEDITEM(#381,(#119),$);
#383= IFCSHAPEREPRESENTATION(#12,'Body','Brep',(#381));
#384= IFCREPRESENTATIONMAP(#10,#383);
#385= IFCMAPPEDITEM(#384,#122);
#386= IFCSHAPEREPRESENTATION(#12,'Body','MappedRepresentation',(#385));
#387= IFCPRODUCTDEFINITIONSHAPE($,$,(#386));
#388= IFCCARTESIANPOINT((53060.0015818539,27403.0233408188,17518.9981388019));
#389= IFCDIRECTION((1.07810000044992E-05,0.99999999936938,-3.38380005123327E-05));
#390= IFCDIRECTION((5.30002580487901E-08,3.38379999446763E-05,0.999999999427494));
#391= IFCAXIS2PLACEMENT3D(#388,#389,#390);
#392= IFCLOCALPLACEMENT(#42,#391);
#393= IFCMECHANICALFASTENER('2TvhEohpbAx8Sar0DwYgp8',#44,'Bolt assembly',$,$,#392,#387,'ID9de6b3b2-af39-4aec-8724-d4037a8aacc8',18.,12.);
#394= IFCPROPERTYSINGLEVALUE('Washer diameter',$,IFCLENGTHMEASURE(18.),$);
#395= IFCPROPERTYSINGLEVALUE('Bolt hole diameter',$,IFCLENGTHMEASURE(20.),$);
#396= IFCPROPERTYSINGLEVALUE('Bolt size',$,IFCLENGTHMEASURE(20.),$);
#397= IFCPROPERTYSINGLEVALUE('Bolt length',$,IFCLENGTHMEASURE(12.),$);
#398= IFCPROPERTYSET('2k94EnIMD1uuSK4vUvmu$M',#5,'Tekla Bolt','Bolt Properties',(#135,#394,#137,#138,#139,#140,#141,#142,#143,#395,#145,#146,#396,#397,#149,#150));
#399= IFCMAPPEDITEM(#384,#122);
#400= IFCSHAPEREPRESENTATION(#12,'Body','MappedRepresentation',(#399));
#401= IFCPRODUCTDEFINITIONSHAPE($,$,(#400));
#402= IFCCARTESIANPOINT((52820.0015818539,27403.0233408189,17518.9981388021));
#403= IFCAXIS2PLACEMENT3D(#402,#389,#390);
#404= IFCLOCALPLACEMENT(#42,#403);
#405= IFCMECHANICALFASTENER('1qi3qy6J97sQbl3Cuy_ozh',#44,'Bolt assembly',$,$,#404,#401,'ID74b03d3c-1932-47d9-a96f-0cce3cfb2f6b',18.,12.);
#406= IFCCARTESIANPOINT((30.,-6.00052976492552,0.));
#407= IFCCARTESIANPOINT((25.9807621135326,-6.00052976492552,15.0000000000009));
#408= IFCCARTESIANPOINT((14.9999999999982,-6.00052976492552,25.9807621135342));
#409= IFCCARTESIANPOINT((-3.10900794480097E-12,-6.00052976492552,30.));
#410= IFCCARTESIANPOINT((-15.0000000000036,-6.00052976492552,25.9807621135311));
#411= IFCCARTESIANPOINT((-25.9807621135357,-6.00052976492552,14.9999999999955));
#412= IFCCARTESIANPOINT((-30.,-6.00052976492552,-6.21801588960193E-12));
#413= IFCCARTESIANPOINT((-25.9807621135295,-6.00052976492552,-15.0000000000063));
#414= IFCCARTESIANPOINT((-14.9999999999928,-6.00052976492552,-25.9807621135373));
#415= IFCCARTESIANPOINT((9.29371714366415E-12,-6.00052976492552,-30.));
#416= IFCCARTESIANPOINT((15.000000000009,-6.00052976492552,-25.980762113528));
#417= IFCCARTESIANPOINT((25.9807621135389,-6.00052976492552,-14.9999999999901));
#418= IFCCARTESIANPOINT((30.,2.09947023544787,0.));
#419= IFCCARTESIANPOINT((25.9807621135326,2.09947023544787,15.0000000000009));
#420= IFCCARTESIANPOINT((14.9999999999982,2.09947023544787,25.9807621135342));
#421= IFCCARTESIANPOINT((-3.10900794480097E-12,2.09947023544787,30.));
#422= IFCCARTESIANPOINT((-15.0000000000036,2.09947023544787,25.9807621135311));
#423= IFCCARTESIANPOINT((-25.9807621135357,2.09947023544787,14.9999999999955));
#424= IFCCARTESIANPOINT((-30.,2.09947023544787,-6.21801588960193E-12));
#425= IFCCARTESIANPOINT((-25.9807621135295,2.09947023544787,-15.0000000000063));
#426= IFCCARTESIANPOINT((-14.9999999999928,2.09947023544787,-25.9807621135373));
#427= IFCCARTESIANPOINT((9.29371714366415E-12,2.09947023544787,-30.));
#428= IFCCARTESIANPOINT((15.000000000009,2.09947023544787,-25.980762113528));
#429= IFCCARTESIANPOINT((25.9807621135389,2.09947023544787,-14.9999999999901));
#430= IFCPOLYLOOP((#406,#407,#408,#409,#410,#411,#412,#413,#414,#415,#416,#417));
#431= IFCFACEOUTERBOUND(#430,.T.);
#432= IFCFACE((#431));
#433= IFCPOLYLOOP((#429,#428,#427,#426,#425,#424,#423,#422,#421,#420,#419,#418));
#434= IFCFACEOUTERBOUND(#433,.T.);
#435= IFCFACE((#434));
#436= IFCPOLYLOOP((#406,#418,#419,#407));
#437= IFCFACEOUTERBOUND(#436,.T.);
#438= IFCFACE((#437));
#439= IFCPOLYLOOP((#407,#419,#420,#408));
#440= IFCFACEOUTERBOUND(#439,.T.);
#441= IFCFACE((#440));
#442= IFCPOLYLOOP((#408,#420,#421,#409));
#443= IFCFACEOUTERBOUND(#442,.T.);
#444= IFCFACE((#443));
#445= IFCPOLYLOOP((#409,#421,#422,#410));
#446= IFCFACEOUTERBOUND(#445,.T.);
#447= IFCFACE((#446));
#448= IFCPOLYLOOP((#410,#422,#423,#411));
#449= IFCFACEOUTERBOUND(#448,.T.);
#450= IFCFACE((#449));
#451= IFCPOLYLOOP((#411,#423,#424,#412));
#452= IFCFACEOUTERBOUND(#451,.T.);
#453= IFCFACE((#452));
#454= IFCPOLYLOOP((#412,#424,#425,#413));
#455= IFCFACEOUTERBOUND(#454,.T.);
#456= IFCFACE((#455));
#457= IFCPOLYLOOP((#413,#425,#426,#414));
#458= IFCFACEOUTERBOUND(#457,.T.);
#459= IFCFACE((#458));
#460= IFCPOLYLOOP((#414,#426,#427,#415));
#461= IFCFACEOUTERBOUND(#460,.T.);
#462= IFCFACE((#461));
#463= IFCPOLYLOOP((#415,#427,#428,#416));
#464= IFCFACEOUTERBOUND(#463,.T.);
#465= IFCFACE((#464));
#466= IFCPOLYLOOP((#416,#428,#429,#417));
#467= IFCFACEOUTERBOUND(#466,.T.);
#468= IFCFACE((#467));
#469= IFCPOLYLOOP((#417,#429,#418,#406));
#470= IFCFACEOUTERBOUND(#469,.T.);
#471= IFCFACE((#470));
#472= IFCCLOSEDSHELL((#432,#435,#438,#441,#444,#447,#450,#453,#456,#459,#462,#465,#468,#471));
#473= IFCFACETEDBREP(#472);
#474= IFCSTYLEDITEM(#473,(#119),$);
#475= IFCSHAPEREPRESENTATION(#12,'Body','Brep',(#473));
#476= IFCREPRESENTATIONMAP(#10,#475);
#477= IFCMAPPEDITEM(#476,#122);
#478= IFCSHAPEREPRESENTATION(#12,'Body','MappedRepresentation',(#477));
#479= IFCPRODUCTDEFINITIONSHAPE($,$,(#478));
#480= IFCCARTESIANPOINT((52999.9939107915,27488.0062058438,17071.0000572382));
#481= IFCDIRECTION((8.7311491370201E-14,-0.999999999972849,7.36899999901652E-06));
#482= IFCAXIS2PLACEMENT3D(#480,#481,#7);
#483= IFCLOCALPLACEMENT(#42,#482);
#484= IFCMECHANICALFASTENER('2m1a3Y81r5gAlA4jyTCE62',#44,'Bolt assembly',$,$,#483,#479,'IDb00640e2-201d-45a8-abca-12df1d30e182',58.,8.);
#485= IFCPROPERTYSINGLEVALUE('Washer diameter',$,IFCLENGTHMEASURE(58.),$);
#486= IFCPROPERTYSINGLEVALUE('Bolt hole diameter',$,IFCLENGTHMEASURE(60.),$);
#487= IFCPROPERTYSINGLEVALUE('Bolt size',$,IFCLENGTHMEASURE(60.),$);
#488= IFCPROPERTYSINGLEVALUE('Bolt length',$,IFCLENGTHMEASURE(8.),$);
#489= IFCPROPERTYSET('1WLlycVFD8efl5fju8cEOE',#5,'Tekla Bolt','Bolt Properties',(#135,#485,#137,#138,#139,#140,#141,#142,#143,#486,#145,#146,#487,#488,#149,#150));
#490= IFCMAPPEDITEM(#476,#122);
#491= IFCSHAPEREPRESENTATION(#12,'Body','MappedRepresentation',(#490));
#492= IFCPRODUCTDEFINITIONSHAPE($,$,(#491));
#493= IFCCARTESIANPOINT((52879.9939107915,27488.0062058438,17071.0000572382));
#494= IFCAXIS2PLACEMENT3D(#493,#481,#7);
#495= IFCLOCALPLACEMENT(#42,#494);
#496= IFCMECHANICALFASTENER('3_eCg4XXX2zBl6ZQmKeT1u',#44,'Bolt assembly',$,$,#495,#492,'IDfea0ca84-8618-42f4-bbc6-8dac14a1d078',58.,8.);
#497= IFCSURFACESTYLE('TS10.9',.POSITIVE.,(#46));
#498= IFCPRESENTATIONSTYLEASSIGNMENT((#497));
#499= IFCCARTESIANPOINT((13.,0.0999978800749432,0.));
#500= IFCCARTESIANPOINT((11.2583302491975,0.0999978800749432,6.50000000000039));
#501= IFCCARTESIANPOINT((6.49999999999922,0.0999978800749432,11.2583302491982));
#502= IFCCARTESIANPOINT((-1.34723677608042E-12,0.0999978800749432,13.));
#503= IFCCARTESIANPOINT((-6.50000000000155,0.0999978800749432,11.2583302491968));
#504= IFCCARTESIANPOINT((-11.2583302491988,0.0999978800749432,6.49999999999806));
#505= IFCCARTESIANPOINT((-13.,0.0999978800749432,-2.69447355216084E-12));
#506= IFCCARTESIANPOINT((-11.2583302491961,0.0999978800749432,-6.50000000000272));
#507= IFCCARTESIANPOINT((-6.4999999999969,0.0999978800749432,-11.2583302491995));
#508= IFCCARTESIANPOINT((4.02727742892113E-12,0.0999978800749432,-13.));
#509= IFCCARTESIANPOINT((6.50000000000388,0.0999978800749432,-11.2583302491955));
#510= IFCCARTESIANPOINT((11.2583302492002,0.0999978800749432,-6.49999999999573));
#511= IFCCARTESIANPOINT((13.,12.0999978797954,0.));
#512= IFCCARTESIANPOINT((11.2583302491975,12.0999978797954,6.50000000000039));
#513= IFCCARTESIANPOINT((6.49999999999922,12.0999978797954,11.2583302491982));
#514= IFCCARTESIANPOINT((-1.34723677608042E-12,12.0999978797954,13.));
#515= IFCCARTESIANPOINT((-6.50000000000155,12.0999978797954,11.2583302491968));
#516= IFCCARTESIANPOINT((-11.2583302491988,12.0999978797954,6.49999999999806));
#517= IFCCARTESIANPOINT((-13.,12.0999978797954,-2.69447355216084E-12));
#518= IFCCARTESIANPOINT((-11.2583302491961,12.0999978797954,-6.50000000000272));
#519= IFCCARTESIANPOINT((-6.4999999999969,12.0999978797954,-11.2583302491995));
#520= IFCCARTESIANPOINT((4.02727742892113E-12,12.0999978797954,-13.));
#521= IFCCARTESIANPOINT((6.50000000000388,12.0999978797954,-11.2583302491955));
#522= IFCCARTESIANPOINT((11.2583302492002,12.0999978797954,-6.49999999999573));
#523= IFCPOLYLOOP((#499,#500,#501,#502,#503,#504,#505,#506,#507,#508,#509,#510));
#524= IFCFACEOUTERBOUND(#523,.T.);
#525= IFCFACE((#524));
#526= IFCPOLYLOOP((#522,#521,#520,#519,#518,#517,#516,#515,#514,#513,#512,#511));
#527= IFCFACEOUTERBOUND(#526,.T.);
#528= IFCFACE((#527));
#529= IFCPOLYLOOP((#499,#511,#512,#500));
#530= IFCFACEOUTERBOUND(#529,.T.);
#531= IFCFACE((#530));
#532= IFCPOLYLOOP((#500,#512,#513,#501));
#533= IFCFACEOUTERBOUND(#532,.T.);
#534= IFCFACE((#533));
#535= IFCPOLYLOOP((#501,#513,#514,#502));
#536= IFCFACEOUTERBOUND(#535,.T.);
#537= IFCFACE((#536));
#538= IFCPOLYLOOP((#502,#514,#515,#503));
#539= IFCFACEOUTERBOUND(#538,.T.);
#540= IFCFACE((#539));
#541= IFCPOLYLOOP((#503,#515,#516,#504));
#542= IFCFACEOUTERBOUND(#541,.T.);
#543= IFCFACE((#542));
#544= IFCPOLYLOOP((#504,#516,#517,#505));
#545= IFCFACEOUTERBOUND(#544,.T.);
#546= IFCFACE((#545));
#547= IFCPOLYLOOP((#505,#517,#518,#506));
#548= IFCFACEOUTERBOUND(#547,.T.);
#549= IFCFACE((#548));
#550= IFCPOLYLOOP((#506,#518,#519,#507));
#551= IFCFACEOUTERBOUND(#550,.T.);
#552= IFCFACE((#551));
#553= IFCPOLYLOOP((#507,#519,#520,#508));
#554= IFCFACEOUTERBOUND(#553,.T.);
#555= IFCFACE((#554));
#556= IFCPOLYLOOP((#508,#520,#521,#509));
#557= IFCFACEOUTERBOUND(#556,.T.);
#558= IFCFACE((#557));
#559= IFCPOLYLOOP((#509,#521,#522,#510));
#560= IFCFACEOUTERBOUND(#559,.T.);
#561= IFCFACE((#560));
#562= IFCPOLYLOOP((#510,#522,#511,#499));
#563= IFCFACEOUTERBOUND(#562,.T.);
#564= IFCFACE((#563));
#565= IFCCARTESIANPOINT((35.,11.9958353423635,0.));
#566= IFCCARTESIANPOINT((34.0104339226466,11.9958353423635,4.97488462074648));
#567= IFCCARTESIANPOINT((31.1923881554246,11.9958353423635,9.19238815542559));
#568= IFCCARTESIANPOINT((26.9748846207452,11.9958353423635,12.0104339226471));
#569= IFCCARTESIANPOINT((-22.0000000000013,11.9958353423635,13.));
#570= IFCCARTESIANPOINT((-28.5000000000016,11.9958353423635,11.2583302491968));
#571= IFCCARTESIANPOINT((-33.2583302491988,11.9958353423635,6.49999999999806));
#572= IFCCARTESIANPOINT((-35.,11.9958353423635,-2.69447355216084E-12));
#573= IFCCARTESIANPOINT((-33.2583302491961,11.9958353423635,-6.50000000000272));
#574= IFCCARTESIANPOINT((-28.4999999999969,11.9958353423635,-11.2583302491995));
#575= IFCCARTESIANPOINT((-21.999999999996,11.9958353423635,-13.));
#576= IFCCARTESIANPOINT((22.000000000004,11.9958353423635,-13.));
#577= IFCCARTESIANPOINT((28.5000000000039,11.9958353423635,-11.2583302491955));
#578= IFCCARTESIANPOINT((33.2583302492002,11.9958353423635,-6.49999999999573));
#579= IFCCARTESIANPOINT((35.,29.9958353413031,0.));
#580= IFCCARTESIANPOINT((34.0104339226466,29.9958353413031,4.97488462074648));
#581= IFCCARTESIANPOINT((31.1923881554246,29.9958353413031,9.19238815542559));
#582= IFCCARTESIANPOINT((26.9748846207452,29.9958353413031,12.0104339226471));
#583= IFCCARTESIANPOINT((-22.0000000000013,29.9958353413031,13.));
#584= IFCCARTESIANPOINT((-28.5000000000016,29.9958353413031,11.2583302491968));
#585= IFCCARTESIANPOINT((-33.2583302491988,29.9958353413031,6.49999999999806));
#586= IFCCARTESIANPOINT((-35.,29.9958353413031,-2.69447355216084E-12));
#587= IFCCARTESIANPOINT((-33.2583302491961,29.9958353413031,-6.50000000000272));
#588= IFCCARTESIANPOINT((-28.4999999999969,29.9958353413031,-11.2583302491995));
#589= IFCCARTESIANPOINT((-21.999999999996,29.9958353413031,-13.));
#590= IFCCARTESIANPOINT((22.000000000004,29.9958353413031,-13.));
#591= IFCCARTESIANPOINT((28.5000000000039,29.9958353413031,-11.2583302491955));
#592= IFCCARTESIANPOINT((33.2583302492002,29.9958353413031,-6.49999999999573));
#593= IFCPOLYLOOP((#565,#566,#567,#568,#569,#570,#571,#572,#573,#574,#575,#576,#577,#578));
#594= IFCFACEOUTERBOUND(#593,.T.);
#595= IFCFACE((#594));
#596= IFCPOLYLOOP((#579,#592,#591,#590,#589,#588,#587,#586,#585,#584,#583,#582,#581,#580));
#597= IFCFACEOUTERBOUND(#596,.T.);
#598= IFCFACE((#597));
#599= IFCPOLYLOOP((#565,#579,#580,#566));
#600= IFCFACEOUTERBOUND(#599,.T.);
#601= IFCFACE((#600));
#602= IFCPOLYLOOP((#566,#580,#581,#567));
#603= IFCFACEOUTERBOUND(#602,.T.);
#604= IFCFACE((#603));
#605= IFCPOLYLOOP((#567,#581,#582,#568));
#606= IFCFACEOUTERBOUND(#605,.T.);
#607= IFCFACE((#606));
#608= IFCPOLYLOOP((#568,#582,#583,#569));
#609= IFCFACEOUTERBOUND(#608,.T.);
#610= IFCFACE((#609));
#611= IFCPOLYLOOP((#569,#583,#584,#570));
#612= IFCFACEOUTERBOUND(#611,.T.);
#613= IFCFACE((#612));
#614= IFCPOLYLOOP((#570,#584,#585,#571));
#615= IFCFACEOUTERBOUND(#614,.T.);
#616= IFCFACE((#615));
#617= IFCPOLYLOOP((#571,#585,#586,#572));
#618= IFCFACEOUTERBOUND(#617,.T.);
#619= IFCFACE((#618));
#620= IFCPOLYLOOP((#572,#586,#587,#573));
#621= IFCFACEOUTERBOUND(#620,.T.);
#622= IFCFACE((#621));
#623= IFCPOLYLOOP((#573,#587,#588,#574));
#624= IFCFACEOUTERBOUND(#623,.T.);
#625= IFCFACE((#624));
#626= IFCPOLYLOOP((#574,#588,#589,#575));
#627= IFCFACEOUTERBOUND(#626,.T.);
#628= IFCFACE((#627));
#629= IFCPOLYLOOP((#575,#589,#590,#576));
#630= IFCFACEOUTERBOUND(#629,.T.);
#631= IFCFACE((#630));
#632= IFCPOLYLOOP((#576,#590,#591,#577));
#633= IFCFACEOUTERBOUND(#632,.T.);
#634= IFCFACE((#633));
#635= IFCPOLYLOOP((#577,#591,#592,#578));
#636= IFCFACEOUTERBOUND(#635,.T.);
#637= IFCFACE((#636));
#638= IFCPOLYLOOP((#578,#592,#579,#565));
#639= IFCFACEOUTERBOUND(#638,.T.);
#640= IFCFACE((#639));
#641= IFCCARTESIANPOINT((35.,285.995835342495,0.));
#642= IFCCARTESIANPOINT((34.0104339226466,285.995835342495,4.97488462074648));
#643= IFCCARTESIANPOINT((31.1923881554246,285.995835342495,9.19238815542559));
#644= IFCCARTESIANPOINT((26.9748846207452,285.995835342495,12.0104339226471));
#645= IFCCARTESIANPOINT((-22.0000000000013,285.995835342495,13.));
#646= IFCCARTESIANPOINT((-28.5000000000016,285.995835342495,11.2583302491968));
#647= IFCCARTESIANPOINT((-33.2583302491988,285.995835342495,6.49999999999806));
#648= IFCCARTESIANPOINT((-35.,285.995835342495,-2.69447355216084E-12));
#649= IFCCARTESIANPOINT((-33.2583302491961,285.995835342495,-6.50000000000272));
#650= IFCCARTESIANPOINT((-28.4999999999969,285.995835342495,-11.2583302491995));
#651= IFCCARTESIANPOINT((-21.999999999996,285.995835342495,-13.));
#652= IFCCARTESIANPOINT((22.000000000004,285.995835342495,-13.));
#653= IFCCARTESIANPOINT((28.5000000000039,285.995835342495,-11.2583302491955));
#654= IFCCARTESIANPOINT((33.2583302492002,285.995835342495,-6.49999999999573));
#655= IFCCARTESIANPOINT((35.,303.995835341435,0.));
#656= IFCCARTESIANPOINT((34.0104339226466,303.995835341435,4.97488462074648));
#657= IFCCARTESIANPOINT((31.1923881554246,303.995835341435,9.19238815542559));
#658= IFCCARTESIANPOINT((26.9748846207452,303.995835341435,12.0104339226471));
#659= IFCCARTESIANPOINT((-22.0000000000013,303.995835341435,13.));
#660= IFCCARTESIANPOINT((-28.5000000000016,303.995835341435,11.2583302491968));
#661= IFCCARTESIANPOINT((-33.2583302491988,303.995835341435,6.49999999999806));
#662= IFCCARTESIANPOINT((-35.,303.995835341435,-2.69447355216084E-12));
#663= IFCCARTESIANPOINT((-33.2583302491961,303.995835341435,-6.50000000000272));
#664= IFCCARTESIANPOINT((-28.4999999999969,303.995835341435,-11.2583302491995));
#665= IFCCARTESIANPOINT((-21.999999999996,303.995835341435,-13.));
#666= IFCCARTESIANPOINT((22.000000000004,303.995835341435,-13.));
#667= IFCCARTESIANPOINT((28.5000000000039,303.995835341435,-11.2583302491955));
#668= IFCCARTESIANPOINT((33.2583302492002,303.995835341435,-6.49999999999573));
#669= IFCPOLYLOOP((#641,#642,#643,#644,#645,#646,#647,#648,#649,#650,#651,#652,#653,#654));
#670= IFCFACEOUTERBOUND(#669,.T.);
#671= IFCFACE((#670));
#672= IFCPOLYLOOP((#655,#668,#667,#666,#665,#664,#663,#662,#661,#660,#659,#658,#657,#656));
#673= IFCFACEOUTERBOUND(#672,.T.);
#674= IFCFACE((#673));
#675= IFCPOLYLOOP((#641,#655,#656,#642));
#676= IFCFACEOUTERBOUND(#675,.T.);
#677= IFCFACE((#676));
#678= IFCPOLYLOOP((#642,#656,#657,#643));
#679= IFCFACEOUTERBOUND(#678,.T.);
#680= IFCFACE((#679));
#681= IFCPOLYLOOP((#643,#657,#658,#644));
#682= IFCFACEOUTERBOUND(#681,.T.);
#683= IFCFACE((#682));
#684= IFCPOLYLOOP((#644,#658,#659,#645));
#685= IFCFACEOUTERBOUND(#684,.T.);
#686= IFCFACE((#685));
#687= IFCPOLYLOOP((#645,#659,#660,#646));
#688= IFCFACEOUTERBOUND(#687,.T.);
#689= IFCFACE((#688));
#690= IFCPOLYLOOP((#646,#660,#661,#647));
#691= IFCFACEOUTERBOUND(#690,.T.);
#692= IFCFACE((#691));
#693= IFCPOLYLOOP((#647,#661,#662,#648));
#694= IFCFACEOUTERBOUND(#693,.T.);
#695= IFCFACE((#694));
#696= IFCPOLYLOOP((#648,#662,#663,#649));
#697= IFCFACEOUTERBOUND(#696,.T.);
#698= IFCFACE((#697));
#699= IFCPOLYLOOP((#649,#663,#664,#650));
#700= IFCFACEOUTERBOUND(#699,.T.);
#701= IFCFACE((#700));
#702= IFCPOLYLOOP((#650,#664,#665,#651));
#703= IFCFACEOUTERBOUND(#702,.T.);
#704= IFCFACE((#703));
#705= IFCPOLYLOOP((#651,#665,#666,#652));
#706= IFCFACEOUTERBOUND(#705,.T.);
#707= IFCFACE((#706));
#708= IFCPOLYLOOP((#652,#666,#667,#653));
#709= IFCFACEOUTERBOUND(#708,.T.);
#710= IFCFACE((#709));
#711= IFCPOLYLOOP((#653,#667,#668,#654));
#712= IFCFACEOUTERBOUND(#711,.T.);
#713= IFCFACE((#712));
#714= IFCPOLYLOOP((#654,#668,#655,#641));
#715= IFCFACEOUTERBOUND(#714,.T.);
#716= IFCFACE((#715));
#717= IFCCARTESIANPOINT((13.,303.899997880229,0.));
#718= IFCCARTESIANPOINT((11.2583302491975,303.899997880229,6.50000000000039));
#719= IFCCARTESIANPOINT((6.49999999999922,303.899997880229,11.2583302491982));
#720= IFCCARTESIANPOINT((-1.34723677608042E-12,303.899997880229,13.));
#721= IFCCARTESIANPOINT((-6.50000000000155,303.899997880229,11.2583302491968));
#722= IFCCARTESIANPOINT((-11.2583302491988,303.899997880229,6.49999999999806));
#723= IFCCARTESIANPOINT((-13.,303.899997880229,-2.69447355216084E-12));
#724= IFCCARTESIANPOINT((-11.2583302491961,303.899997880229,-6.50000000000272));
#725= IFCCARTESIANPOINT((-6.4999999999969,303.899997880229,-11.2583302491995));
#726= IFCCARTESIANPOINT((4.02727742892113E-12,303.899997880229,-13.));
#727= IFCCARTESIANPOINT((6.50000000000388,303.899997880229,-11.2583302491955));
#728= IFCCARTESIANPOINT((11.2583302492002,303.899997880229,-6.49999999999573));
#729= IFCCARTESIANPOINT((13.,315.999997879949,0.));
#730= IFCCARTESIANPOINT((11.2583302491975,315.999997879949,6.50000000000039));
#731= IFCCARTESIANPOINT((6.49999999999922,315.999997879949,11.2583302491982));
#732= IFCCARTESIANPOINT((-1.34723677608042E-12,315.999997879949,13.));
#733= IFCCARTESIANPOINT((-6.50000000000155,315.999997879949,11.2583302491968));
#734= IFCCARTESIANPOINT((-11.2583302491988,315.999997879949,6.49999999999806));
#735= IFCCARTESIANPOINT((-13.,315.999997879949,-2.69447355216084E-12));
#736= IFCCARTESIANPOINT((-11.2583302491961,315.999997879949,-6.50000000000272));
#737= IFCCARTESIANPOINT((-6.4999999999969,315.999997879949,-11.2583302491995));
#738= IFCCARTESIANPOINT((4.02727742892113E-12,315.999997879949,-13.));
#739= IFCCARTESIANPOINT((6.50000000000388,315.999997879949,-11.2583302491955));
#740= IFCCARTESIANPOINT((11.2583302492002,315.999997879949,-6.49999999999573));
#741= IFCPOLYLOOP((#717,#718,#719,#720,#721,#722,#723,#724,#725,#726,#727,#728));
#742= IFCFACEOUTERBOUND(#741,.T.);
#743= IFCFACE((#742));
#744= IFCPOLYLOOP((#740,#739,#738,#737,#736,#735,#734,#733,#732,#731,#730,#729));
#745= IFCFACEOUTERBOUND(#744,.T.);
#746= IFCFACE((#745));
#747= IFCPOLYLOOP((#717,#729,#730,#718));
#748= IFCFACEOUTERBOUND(#747,.T.);
#749= IFCFACE((#748));
#750= IFCPOLYLOOP((#718,#730,#731,#719));
#751= IFCFACEOUTERBOUND(#750,.T.);
#752= IFCFACE((#751));
#753= IFCPOLYLOOP((#719,#731,#732,#720));
#754= IFCFACEOUTERBOUND(#753,.T.);
#755= IFCFACE((#754));
#756= IFCPOLYLOOP((#720,#732,#733,#721));
#757= IFCFACEOUTERBOUND(#756,.T.);
#758= IFCFACE((#757));
#759= IFCPOLYLOOP((#721,#733,#734,#722));
#760= IFCFACEOUTERBOUND(#759,.T.);
#761= IFCFACE((#760));
#762= IFCPOLYLOOP((#722,#734,#735,#723));
#763= IFCFACEOUTERBOUND(#762,.T.);
#764= IFCFACE((#763));
#765= IFCPOLYLOOP((#723,#735,#736,#724));
#766= IFCFACEOUTERBOUND(#765,.T.);
#767= IFCFACE((#766));
#768= IFCPOLYLOOP((#724,#736,#737,#725));
#769= IFCFACEOUTERBOUND(#768,.T.);
#770= IFCFACE((#769));
#771= IFCPOLYLOOP((#725,#737,#738,#726));
#772= IFCFACEOUTERBOUND(#771,.T.);
#773= IFCFACE((#772));
#774= IFCPOLYLOOP((#726,#738,#739,#727));
#775= IFCFACEOUTERBOUND(#774,.T.);
#776= IFCFACE((#775));
#777= IFCPOLYLOOP((#727,#739,#740,#728));
#778= IFCFACEOUTERBOUND(#777,.T.);
#779= IFCFACE((#778));
#780= IFCPOLYLOOP((#728,#740,#729,#717));
#781= IFCFACEOUTERBOUND(#780,.T.);
#782= IFCFACE((#781));
#783= IFCCARTESIANPOINT((20.7846096908265,-15.8400021199251,0.));
#784= IFCCARTESIANPOINT((10.3923048454133,-15.8400021199251,18.));
#785= IFCCARTESIANPOINT((-10.3923048454133,-15.8400021199251,18.));
#786= IFCCARTESIANPOINT((-20.7846096908265,-15.8400021199251,2.54538057293978E-15));
#787= IFCCARTESIANPOINT((-10.3923048454133,-15.8400021199251,-18.));
#788= IFCCARTESIANPOINT((10.3923048454132,-15.8400021199251,-18.));
#789= IFCCARTESIANPOINT((20.7846096908265,-2.11992505683156E-06,0.));
#790= IFCCARTESIANPOINT((10.3923048454133,-2.11992505683156E-06,18.));
#791= IFCCARTESIANPOINT((-10.3923048454133,-2.11992505683156E-06,18.));
#792= IFCCARTESIANPOINT((-20.7846096908265,-2.11992505683156E-06,2.54538057293978E-15));
#793= IFCCARTESIANPOINT((-10.3923048454133,-2.11992505683156E-06,-18.));
#794= IFCCARTESIANPOINT((10.3923048454132,-2.11992505683156E-06,-18.));
#795= IFCPOLYLOOP((#783,#784,#785,#786,#787,#788));
#796= IFCFACEOUTERBOUND(#795,.T.);
#797= IFCFACE((#796));
#798= IFCPOLYLOOP((#794,#793,#792,#791,#790,#789));
#799= IFCFACEOUTERBOUND(#798,.T.);
#800= IFCFACE((#799));
#801= IFCPOLYLOOP((#783,#789,#790,#784));
#802= IFCFACEOUTERBOUND(#801,.T.);
#803= IFCFACE((#802));
#804= IFCPOLYLOOP((#784,#790,#791,#785));
#805= IFCFACEOUTERBOUND(#804,.T.);
#806= IFCFACE((#805));
#807= IFCPOLYLOOP((#785,#791,#792,#786));
#808= IFCFACEOUTERBOUND(#807,.T.);
#809= IFCFACE((#808));
#810= IFCPOLYLOOP((#786,#792,#793,#787));
#811= IFCFACEOUTERBOUND(#810,.T.);
#812= IFCFACE((#811));
#813= IFCPOLYLOOP((#787,#793,#794,#788));
#814= IFCFACEOUTERBOUND(#813,.T.);
#815= IFCFACE((#814));
#816= IFCPOLYLOOP((#788,#794,#789,#783));
#817= IFCFACEOUTERBOUND(#816,.T.);
#818= IFCFACE((#817));
#819= IFCCARTESIANPOINT((12.,-2.11992505683156E-06,0.));
#820= IFCCARTESIANPOINT((10.3923048454131,-2.11992505683156E-06,6.00000000000036));
#821= IFCCARTESIANPOINT((5.99999999999928,-2.11992505683156E-06,10.3923048454137));
#822= IFCCARTESIANPOINT((-1.24360317792039E-12,-2.11992505683156E-06,12.));
#823= IFCCARTESIANPOINT((-6.00000000000143,-2.11992505683156E-06,10.3923048454124));
#824= IFCCARTESIANPOINT((-10.3923048454143,-2.11992505683156E-06,5.99999999999821));
#825= IFCCARTESIANPOINT((-12.,-2.11992505683156E-06,-2.48720635584077E-12));
#826= IFCCARTESIANPOINT((-10.3923048454118,-2.11992505683156E-06,-6.00000000000251));
#827= IFCCARTESIANPOINT((-5.99999999999713,-2.11992505683156E-06,-10.3923048454149));
#828= IFCCARTESIANPOINT((3.71748685746566E-12,-2.11992505683156E-06,-12.));
#829= IFCCARTESIANPOINT((6.00000000000358,-2.11992505683156E-06,-10.3923048454112));
#830= IFCCARTESIANPOINT((10.3923048454155,-2.11992505683156E-06,-5.99999999999605));
#831= IFCCARTESIANPOINT((12.,363.999997880075,0.));
#832= IFCCARTESIANPOINT((10.3923048454131,363.999997880075,6.00000000000036));
#833= IFCCARTESIANPOINT((5.99999999999928,363.999997880075,10.3923048454137));
#834= IFCCARTESIANPOINT((-1.24360317792039E-12,363.999997880075,12.));
#835= IFCCARTESIANPOINT((-6.00000000000143,363.999997880075,10.3923048454124));
#836= IFCCARTESIANPOINT((-10.3923048454143,363.999997880075,5.99999999999821));
#837= IFCCARTESIANPOINT((-12.,363.999997880075,-2.48720635584077E-12));
#838= IFCCARTESIANPOINT((-10.3923048454118,363.999997880075,-6.00000000000251));
#839= IFCCARTESIANPOINT((-5.99999999999713,363.999997880075,-10.3923048454149));
#840= IFCCARTESIANPOINT((3.71748685746566E-12,363.999997880075,-12.));
#841= IFCCARTESIANPOINT((6.00000000000358,363.999997880075,-10.3923048454112));
#842= IFCCARTESIANPOINT((10.3923048454155,363.999997880075,-5.99999999999605));
#843= IFCPOLYLOOP((#819,#820,#821,#822,#823,#824,#825,#826,#827,#828,#829,#830));
#844= IFCFACEOUTERBOUND(#843,.T.);
#845= IFCFACE((#844));
#846= IFCPOLYLOOP((#842,#841,#840,#839,#838,#837,#836,#835,#834,#833,#832,#831));
#847= IFCFACEOUTERBOUND(#846,.T.);
#848= IFCFACE((#847));
#849= IFCPOLYLOOP((#819,#831,#832,#820));
#850= IFCFACEOUTERBOUND(#849,.T.);
#851= IFCFACE((#850));
#852= IFCPOLYLOOP((#820,#832,#833,#821));
#853= IFCFACEOUTERBOUND(#852,.T.);
#854= IFCFACE((#853));
#855= IFCPOLYLOOP((#821,#833,#834,#822));
#856= IFCFACEOUTERBOUND(#855,.T.);
#857= IFCFACE((#856));
#858= IFCPOLYLOOP((#822,#834,#835,#823));
#859= IFCFACEOUTERBOUND(#858,.T.);
#860= IFCFACE((#859));
#861= IFCPOLYLOOP((#823,#835,#836,#824));
#862= IFCFACEOUTERBOUND(#861,.T.);
#863= IFCFACE((#862));
#864= IFCPOLYLOOP((#824,#836,#837,#825));
#865= IFCFACEOUTERBOUND(#864,.T.);
#866= IFCFACE((#865));
#867= IFCPOLYLOOP((#825,#837,#838,#826));
#868= IFCFACEOUTERBOUND(#867,.T.);
#869= IFCFACE((#868));
#870= IFCPOLYLOOP((#826,#838,#839,#827));
#871= IFCFACEOUTERBOUND(#870,.T.);
#872= IFCFACE((#871));
#873= IFCPOLYLOOP((#827,#839,#840,#828));
#874= IFCFACEOUTERBOUND(#873,.T.);
#875= IFCFACE((#874));
#876= IFCPOLYLOOP((#828,#840,#841,#829));
#877= IFCFACEOUTERBOUND(#876,.T.);
#878= IFCFACE((#877));
#879= IFCPOLYLOOP((#829,#841,#842,#830));
#880= IFCFACEOUTERBOUND(#879,.T.);
#881= IFCFACE((#880));
#882= IFCPOLYLOOP((#830,#842,#831,#819));
#883= IFCFACEOUTERBOUND(#882,.T.);
#884= IFCFACE((#883));
#885= IFCCLOSEDSHELL((#797,#800,#803,#806,#809,#812,#815,#818,#845,#848,#851,#854,#857,#860,#863,#866,#869,#872,#875,#878,#881,#884));
#886= IFCFACETEDBREP(#885);
#887= IFCSTYLEDITEM(#886,(#498),$);
#888= IFCCLOSEDSHELL((#525,#528,#531,#534,#537,#540,#543,#546,#549,#552,#555,#558,#561,#564,#595,#598,#601,#604,#607,#610,#613,#616,#619,#622,#625,#628,#631,#634,#637,#640,#671,#674,#677,#680,#683,#686,#689,#692,#695,#698,#701,#704,#707,#710,#713,#716,#743,#746,#749,#752,#755,#758,#761,#764,#767,#770,#773,#776,#779,#782));
#889= IFCFACETEDBREP(#888);
#890= IFCSTYLEDITEM(#889,(#119),$);
#891= IFCCARTESIANPOINT((40.00000000004,0.,40.));
#892= IFCCARTESIANTRANSFORMATIONOPERATOR3D($,$,#891,$,$);
#893= IFCSHAPEREPRESENTATION(#12,'Body','Brep',(#886,#889));
#894= IFCREPRESENTATIONMAP(#10,#893);
#895= IFCMAPPEDITEM(#894,#892);
#896= IFCSHAPEREPRESENTATION(#12,'Body','MappedRepresentation',(#895));
#897= IFCPRODUCTDEFINITIONSHAPE($,$,(#896));
#898= IFCCARTESIANPOINT((52919.9939111033,27448.0044901299,16915.9926117761));
#899= IFCDIRECTION((-1.,0.,0.));
#900= IFCDIRECTION((0.,0.999999999490206,-3.19310000558506E-05));
#901= IFCAXIS2PLACEMENT3D(#898,#899,#900);
#902= IFCLOCALPLACEMENT(#42,#901);
#903= IFCMECHANICALFASTENER('08gg6AXhfFlehruc47Gerh',#44,'Bolt assembly',$,$,#902,#897,'ID08aaa18a-86ba-4fbe-8af5-e26107428d6b',24.,364.);
#904= IFCPROPERTYSINGLEVALUE('Washer diameter',$,IFCLENGTHMEASURE(24.),$);
#905= IFCPROPERTYSINGLEVALUE('Washer type',$,IFCLABEL(''),$);
#906= IFCPROPERTYSINGLEVALUE('Nut type',$,IFCLABEL(''),$);
#907= IFCPROPERTYSINGLEVALUE('Slotted hole x',$,IFCLENGTHMEASURE(44.),$);
#908= IFCPROPERTYSINGLEVALUE('Bolt hole diameter',$,IFCLENGTHMEASURE(26.),$);
#909= IFCPROPERTYSINGLEVALUE('Bolt size',$,IFCLENGTHMEASURE(24.),$);
#910= IFCPROPERTYSINGLEVALUE('Bolt length',$,IFCLENGTHMEASURE(364.),$);
#911= IFCPROPERTYSINGLEVALUE('Bolt standard',$,IFCLABEL('TS10.9'),$);
#912= IFCPROPERTYSET('2zQR6A6w51MAmOygOvN_8C',#5,'Tekla Bolt','Bolt Properties',(#135,#904,#905,#138,#139,#906,#141,#142,#907,#908,#145,#146,#909,#910,#911,#150));
#913= IFCMATERIAL('TS10.9');
#914= IFCMAPPEDITEM(#894,#892);
#915= IFCSHAPEREPRESENTATION(#12,'Body','MappedRepresentation',(#914));
#916= IFCPRODUCTDEFINITIONSHAPE($,$,(#915));
#917= IFCCARTESIANPOINT((53039.9939111033,27448.0044901299,16915.9926117761));
#918= IFCAXIS2PLACEMENT3D(#917,#899,#900);
#919= IFCLOCALPLACEMENT(#42,#918);
#920= IFCMECHANICALFASTENER('2sOhG1Lw53mvDeg3ib$oJ7',#44,'Bolt assembly',$,$,#919,#916,'IDb662b401-57a1-43c3-9368-a83b25ff24c7',24.,364.);
#921= IFCOWNERHISTORY(#3,#4,$,.NOCHANGE.,$,$,$,1771599600);
#922= IFCCOLOURRGB('Light Green',0.356862745098039,0.592156862745098,0.137254901960784);
#923= IFCSURFACESTYLERENDERING(#922,0.,$,$,$,$,IFCNORMALISEDRATIOMEASURE(0.00390625),IFCSPECULAREXPONENT(10.),.NOTDEFINED.);
#924= IFCSURFACESTYLE('STEEL/S275',.POSITIVE.,(#923));
#925= IFCPRESENTATIONSTYLEASSIGNMENT((#924));
#926= IFCCARTESIANPOINT((0.00338872127031209,-3.99999999998363,19.9999997129162));
#927= IFCCARTESIANPOINT((0.0135545853845542,-3.99999999993634,79.9982299812982));
#928= IFCCARTESIANPOINT((0.0135545853918302,4.00000000005821,79.9982299813055));
#929= IFCCARTESIANPOINT((0.00338872127758805,4.00000000001273,19.9999997129162));
#930= IFCPOLYLOOP((#926,#927,#928,#929));
#931= IFCFACEOUTERBOUND(#930,.T.);
#932= IFCFACE((#931));
#933= IFCCARTESIANPOINT((27.9934234624088,-3.99999999992178,79.998210570604));
#934= IFCCARTESIANPOINT((27.9934234624161,4.00000000007276,79.9982105706076));
#935= IFCPOLYLOOP((#927,#933,#934,#928));
#936= IFCFACEOUTERBOUND(#935,.T.);
#937= IFCFACE((#936));
#938= IFCCARTESIANPOINT((87.9832723211657,-3.99999999993634,19.9981698050287));
#939= IFCCARTESIANPOINT((87.983272321173,4.00000000005821,19.9981698050287));
#940= IFCPOLYLOOP((#933,#938,#939,#934));
#941= IFCFACEOUTERBOUND(#940,.T.);
#942= IFCFACE((#941));
#943= IFCCARTESIANPOINT((87.9798889170706,-3.99999999995271,-3.27418092638254E-11));
#944= IFCCARTESIANPOINT((87.9798889170852,4.00000000004366,-3.27418092638254E-11));
#945= IFCPOLYLOOP((#938,#943,#944,#939));
#946= IFCFACEOUTERBOUND(#945,.T.);
#947= IFCFACE((#946));
#948= IFCCARTESIANPOINT((19.9999999999418,-3.99999999998727,-1.09139364212751E-11));
#949= IFCCARTESIANPOINT((19.9999999999563,4.00000000000728,-1.09139364212751E-11));
#950= IFCPOLYLOOP((#943,#948,#949,#944));
#951= IFCFACEOUTERBOUND(#950,.T.);
#952= IFCFACE((#951));
#953= IFCCARTESIANPOINT((19.6157882419648,-3.99999999998545,3.90139098845248));
#954= IFCCARTESIANPOINT((19.615788241972,4.00000000000909,3.90139098845248));
#955= IFCPOLYLOOP((#948,#953,#954,#949));
#956= IFCFACEOUTERBOUND(#955,.T.);
#957= IFCFACE((#956));
#958= IFCCARTESIANPOINT((18.4779148354937,-3.99999999998363,7.65288594788581));
#959= IFCCARTESIANPOINT((18.477914835501,4.00000000001273,7.65288594788944));
#960= IFCPOLYLOOP((#953,#958,#959,#954));
#961= IFCFACEOUTERBOUND(#960,.T.);
#962= IFCFACE((#961));
#963= IFCCARTESIANPOINT((16.6300982147077,-3.99999999998181,11.1103480309393));
#964= IFCCARTESIANPOINT((16.6300982147222,4.00000000001455,11.1103480309393));
#965= IFCPOLYLOOP((#958,#963,#964,#959));
#966= IFCFACEOUTERBOUND(#965,.T.);
#967= IFCFACE((#966));
#968= IFCCARTESIANPOINT((14.1433336668633,-3.99999999997999,14.1409374790965));
#969= IFCCARTESIANPOINT((14.1433336668779,4.00000000001637,14.1409374791037));
#970= IFCPOLYLOOP((#963,#968,#969,#964));
#971= IFCFACEOUTERBOUND(#970,.T.);
#972= IFCFACE((#971));
#973= IFCCARTESIANPOINT((11.1131656098078,-3.99999999997999,16.6282154824075));
#974= IFCCARTESIANPOINT((11.113165609815,4.00000000001637,16.6282154824112));
#975= IFCPOLYLOOP((#968,#973,#974,#969));
#976= IFCFACEOUTERBOUND(#975,.T.);
#977= IFCFACE((#976));
#978= IFCCARTESIANPOINT((7.65601666316797,-3.99999999998181,18.4766178954305));
#979= IFCCARTESIANPOINT((7.65601666317525,4.00000000001455,18.4766178954378));
#980= IFCPOLYLOOP((#973,#978,#979,#974));
#981= IFCFACEOUTERBOUND(#980,.T.);
#982= IFCFACE((#981));
#983= IFCCARTESIANPOINT((3.90471455438819,-3.99999999998181,19.6151269241163));
#984= IFCCARTESIANPOINT((3.90471455439547,4.00000000001455,19.61512692412));
#985= IFCPOLYLOOP((#978,#983,#984,#979));
#986= IFCFACEOUTERBOUND(#985,.T.);
#987= IFCFACE((#986));
#988= IFCPOLYLOOP((#983,#926,#929,#984));
#989= IFCFACEOUTERBOUND(#988,.T.);
#990= IFCFACE((#989));
#991= IFCPOLYLOOP((#934,#939,#944,#949,#954,#959,#964,#969,#974,#979,#984,#929,#928));
#992= IFCFACEOUTERBOUND(#991,.T.);
#993= IFCFACE((#992));
#994= IFCPOLYLOOP((#983,#978,#973,#968,#963,#958,#953,#948,#943,#938,#933,#927,#926));
#995= IFCFACEOUTERBOUND(#994,.T.);
#996= IFCFACE((#995));
#997= IFCCLOSEDSHELL((#932,#937,#942,#947,#952,#957,#962,#967,#972,#977,#982,#987,#990,#993,#996));
#998= IFCFACETEDBREP(#997);
#999= IFCSTYLEDITEM(#998,(#925),$);
#1000= IFCSHAPEREPRESENTATION(#12,'Body','Brep',(#998));
#1001= IFCPRODUCTDEFINITIONSHAPE($,$,(#1000));
#1002= IFCCARTESIANPOINT((52813.9980145134,27371.1338511346,16248.9970702732));
#1003= IFCDIRECTION((0.000182573999569286,0.999999983319533,5.26000000172644E-06));
#1004= IFCDIRECTION((-0.999999983333363,0.000182574000059949,-9.2999992392812E-08));
#1005= IFCAXIS2PLACEMENT3D(#1002,#1003,#1004);
#1006= IFCLOCALPLACEMENT(#42,#1005);
#1007= IFCPLATE('1GLo1w1B11CfVqQ4S56lMy',#921,'PLATE-8','PL8*80',$,#1006,#1001,'ID5057207a-04b0-4132-97f4-6847051af5bc');
#1008= IFCPLATETYPE('1R$ncIZez64QYEq8QUJ$dk',#5,'PL8*80',$,$,$,$,$,$,.NOTDEFINED.);
#1009= IFCPROPERTYSINGLEVALUE('Bottom elevation',$,IFCLABEL(' +16.245'),$);
#1010= IFCPROPERTYSINGLEVALUE('Top elevation',$,IFCLABEL(' +16.253'),$);
#1011= IFCPROPERTYSINGLEVALUE('Initial GUID',$,$,$);
#1012= IFCPROPERTYSINGLEVALUE('Preliminary mark',$,IFCLABEL('5-2-P56(?)'),$);
#1013= IFCPROPERTYSINGLEVALUE('Phase',$,IFCINTEGER(2),$);
#1014= IFCPROPERTYSINGLEVALUE('Class',$,IFCLABEL('17'),$);
#1015= IFCPROPERTYSET('0Q8WNJjrTAS8P4jgh9jKhq',#5,'Tekla Common','Common Properties to Shared building elements',(#1009,#1010,#1011,#1012,#1013,#1014));
#1016= IFCPROPERTYSINGLEVALUE('Weight',$,IFCMASSMEASURE(0.31),$);
#1017= IFCPROPERTYSINGLEVALUE('Volume',$,IFCVOLUMEMEASURE(0.),$);
#1018= IFCPROPERTYSINGLEVALUE('Gross footprint area',$,IFCAREAMEASURE(0.005),$);
#1019= IFCPROPERTYSINGLEVALUE('Area per tons',$,IFCAREAMEASURE(39.402),$);
#1020= IFCPROPERTYSINGLEVALUE('Net surface area',$,IFCAREAMEASURE(0.012),$);
#1021= IFCPROPERTYSINGLEVALUE('Height',$,IFCLENGTHMEASURE(80.),$);
#1022= IFCPROPERTYSINGLEVALUE('Width',$,IFCLENGTHMEASURE(8.),$);
#1023= IFCPROPERTYSINGLEVALUE('Length',$,IFCLENGTHMEASURE(88.),$);
#1024= IFCPROPERTYSET('3uS9Me21PEeeuxpxM7CIol',#5,'Tekla Quantity','Quantity Properties to Shared building elements',(#1016,#1017,#1018,#1019,#1020,#1021,#1022,#1023));
#1025= IFCPROPERTYSINGLEVALUE('LoadBearing',$,IFCBOOLEAN(.F.),$);
#1026= IFCPROPERTYSINGLEVALUE('Reference',$,IFCIDENTIFIER('5-2-P56'),$);
#1027= IFCPROPERTYSET('0hMT0GLqT3XO4addrjFJ2V',#5,'Pset_PlateCommon','Common Properties to plate elements',(#1025,#1026));
#1028= IFCQUANTITYLENGTH('Width',$,$,79.9982299813055);
#1029= IFCQUANTITYAREA('NetArea',$,$,0.0121895527870035);
#1030= IFCQUANTITYAREA('GrossArea',$,$,0.00703823496197127);
#1031= IFCQUANTITYAREA('CrossSectionArea',$,$,6.4E-05);
#1032= IFCQUANTITYVOLUME('NetVolume',$,$,3.94089651816504E-05);
#1033= IFCQUANTITYVOLUME('GrossVolume',$,$,3.94089651816504E-05);
#1034= IFCELEMENTQUANTITY('0Ciwalkeb0yuWaX0Oi0zGw',#5,'BaseQuantities',$,$,(#1028,#1029,#1030,#1031,#1032,#1033));
#1035= IFCMATERIAL('STEEL/S275');
#1036= IFCSHAPEREPRESENTATION(#12,'Body','Brep',(#998));
#1037= IFCPRODUCTDEFINITIONSHAPE($,$,(#1036));
#1038= IFCCARTESIANPOINT((52813.9993360903,27371.1338841956,17268.9970703202));
#1039= IFCAXIS2PLACEMENT3D(#1038,#1003,#1004);
#1040= IFCLOCALPLACEMENT(#42,#1039);
#1041= IFCPLATE('3qHuk5TgL7kxO6B8uLRn_U',#921,'PLATE-8','PL8*80',$,#1040,#1037,'IDf4478b85-76a5-47bb-b606-2c8e156f1f9e');
#1042= IFCPROPERTYSINGLEVALUE('Bottom elevation',$,IFCLABEL(' +17.265'),$);
#1043= IFCPROPERTYSINGLEVALUE('Top elevation',$,IFCLABEL(' +17.273'),$);
#1044= IFCPROPERTYSET('1Iidni579CBOxlBEDkd_wn',#5,'Tekla Common','Common Properties to Shared building elements',(#1042,#1043,#1011,#1012,#1013,#1014));
#1045= IFCCARTESIANPOINT((0.00236396687250817,-3.9999999999709,19.9999998603089));
#1046= IFCCARTESIANPOINT((0.0295493768207962,-3.99999999956708,249.998229981007));
#1047= IFCCARTESIANPOINT((0.0295493767916923,4.00000000044383,249.998229981014));
#1048= IFCCARTESIANPOINT((0.00236396684340434,4.00000000004002,19.9999998603162));
#1049= IFCPOLYLOOP((#1045,#1046,#1047,#1048));
#1050= IFCFACEOUTERBOUND(#1049,.T.);
#1051= IFCFACE((#1050));
#1052= IFCCARTESIANPOINT((48.0094223034466,-3.99999999962893,249.998196695444));
#1053= IFCCARTESIANPOINT((48.0094223034175,4.00000000038199,249.998196695455));
#1054= IFCPOLYLOOP((#1046,#1052,#1053,#1047));
#1055= IFCFACEOUTERBOUND(#1054,.T.);
#1056= IFCFACE((#1055));
#1057= IFCCARTESIANPOINT((87.9917021423316,-3.99999999994543,99.9981699923555));
#1058= IFCCARTESIANPOINT((87.9917021423098,4.00000000006912,99.9981699923665));
#1059= IFCPOLYLOOP((#1052,#1057,#1058,#1053));
#1060= IFCFACEOUTERBOUND(#1059,.T.);
#1061= IFCFACE((#1060));
#1062= IFCPOLYLOOP((#1057,#943,#944,#1058));
#1063= IFCFACEOUTERBOUND(#1062,.T.);
#1064= IFCFACE((#1063));
#1065= IFCCARTESIANPOINT((19.6157632543764,-4.0000000000291,3.90151662189237));
#1066= IFCCARTESIANPOINT((19.6157632543545,3.99999999998545,3.90151662189965));
#1067= IFCPOLYLOOP((#948,#1065,#1066,#949));
#1068= IFCFACEOUTERBOUND(#1067,.T.);
#1069= IFCFACE((#1068));
#1070= IFCCARTESIANPOINT((18.477816804967,-4.00000000001819,7.65312263879969));
#1071= IFCCARTESIANPOINT((18.4778168049452,3.99999999999272,7.6531226388106));
#1072= IFCPOLYLOOP((#1065,#1070,#1071,#1066));
#1073= IFCFACEOUTERBOUND(#1072,.T.);
#1074= IFCFACE((#1073));
#1075= IFCCARTESIANPOINT((16.6298847358921,-4.00000000001091,11.1106675619922));
#1076= IFCCARTESIANPOINT((16.629884735863,4.00000000000364,11.1106675620031));
#1077= IFCPOLYLOOP((#1070,#1075,#1076,#1071));
#1078= IFCFACEOUTERBOUND(#1077,.T.);
#1079= IFCFACE((#1078));
#1080= IFCCARTESIANPOINT((14.1429713875987,-4.00000000000364,14.1412998105334));
#1081= IFCCARTESIANPOINT((14.1429713875696,4.00000000000728,14.1412998105407));
#1082= IFCPOLYLOOP((#1075,#1080,#1081,#1076));
#1083= IFCFACEOUTERBOUND(#1082,.T.);
#1084= IFCFACE((#1083));
#1085= IFCCARTESIANPOINT((11.1126331092528,-3.99999999999636,16.6285713571669));
#1086= IFCCARTESIANPOINT((11.1126331092237,4.00000000001819,16.6285713571779));
#1087= IFCPOLYLOOP((#1080,#1085,#1086,#1081));
#1088= IFCFACEOUTERBOUND(#1087,.T.);
#1089= IFCFACE((#1088));
#1090= IFCCARTESIANPOINT((7.65530663272511,-3.99999999998545,18.4769120894161));
#1091= IFCCARTESIANPOINT((7.65530663268873,4.00000000002547,18.4769120894271));
#1092= IFCPOLYLOOP((#1085,#1090,#1091,#1086));
#1093= IFCFACEOUTERBOUND(#1092,.T.);
#1094= IFCFACE((#1093));
#1095= IFCCARTESIANPOINT((3.90383514540008,-3.99999999998181,19.6153019644989));
#1096= IFCCARTESIANPOINT((3.90383514537098,4.00000000003274,19.6153019645062));
#1097= IFCPOLYLOOP((#1090,#1095,#1096,#1091));
#1098= IFCFACEOUTERBOUND(#1097,.T.);
#1099= IFCFACE((#1098));
#1100= IFCPOLYLOOP((#1095,#1045,#1048,#1096));
#1101= IFCFACEOUTERBOUND(#1100,.T.);
#1102= IFCFACE((#1101));
#1103= IFCPOLYLOOP((#1053,#1058,#944,#949,#1066,#1071,#1076,#1081,#1086,#1091,#1096,#1048,#1047));
#1104= IFCFACEOUTERBOUND(#1103,.T.);
#1105= IFCFACE((#1104));
#1106= IFCPOLYLOOP((#1095,#1090,#1085,#1080,#1075,#1070,#1065,#948,#943,#1057,#1052,#1046,#1045));
#1107= IFCFACEOUTERBOUND(#1106,.T.);
#1108= IFCFACE((#1107));
#1109= IFCCLOSEDSHELL((#1051,#1056,#1061,#1064,#952,#1069,#1074,#1079,#1084,#1089,#1094,#1099,#1102,#1105,#1108));
#1110= IFCFACETEDBREP(#1109);
#1111= IFCSTYLEDITEM(#1110,(#925),$);
#1112= IFCSHAPEREPRESENTATION(#12,'Body','Brep',(#1110));
#1113= IFCPRODUCTDEFINITIONSHAPE($,$,(#1112));
#1114= IFCCARTESIANPOINT((52813.9998733845,27371.0803505101,16448.9915752435));
#1115= IFCDIRECTION((0.000123930999885488,0.999999992319137,1.682999998593E-06));
#1116= IFCDIRECTION((-0.999999992320549,0.000123931000040013,-9.30000130692388E-08));
#1117= IFCAXIS2PLACEMENT3D(#1114,#1115,#1116);
#1118= IFCLOCALPLACEMENT(#42,#1117);
#1119= IFCPLATE('0qyilzBwr6_xQxFlhViSG4',#921,'PLATE-8','PL8*88',$,#1118,#1113,'ID34f2cbfd-2fad-46fb-b6bb-3efadfb1c404');
#1120= IFCPLATETYPE('0rADDJMAn3fBOvXRr20BUz',#5,'PL8*88',$,$,$,$,$,$,.NOTDEFINED.);
#1121= IFCPROPERTYSINGLEVALUE('Bottom elevation',$,IFCLABEL(' +16.445'),$);
#1122= IFCPROPERTYSINGLEVALUE('Top elevation',$,IFCLABEL(' +16.453'),$);
#1123= IFCPROPERTYSINGLEVALUE('Preliminary mark',$,IFCLABEL('5-2-P58(?)'),$);
#1124= IFCPROPERTYSET('39VktuevP3BvwQpBnWyfH4',#5,'Tekla Common','Common Properties to Shared building elements',(#1121,#1122,#1011,#1123,#1013,#1014));
#1125= IFCPROPERTYSINGLEVALUE('Weight',$,IFCMASSMEASURE(1.17),$);
#1126= IFCPROPERTYSINGLEVALUE('Gross footprint area',$,IFCAREAMEASURE(0.019),$);
#1127= IFCPROPERTYSINGLEVALUE('Area per tons',$,IFCAREAMEASURE(36.16),$);
#1128= IFCPROPERTYSINGLEVALUE('Net surface area',$,IFCAREAMEASURE(0.042),$);
#1129= IFCPROPERTYSINGLEVALUE('Height',$,IFCLENGTHMEASURE(88.),$);
#1130= IFCPROPERTYSINGLEVALUE('Length',$,IFCLENGTHMEASURE(250.),$);
#1131= IFCPROPERTYSET('2huqgo2$j78v5Fo5UIleLL',#5,'Tekla Quantity','Quantity Properties to Shared building elements',(#1125,#1017,#1126,#1127,#1128,#1129,#1022,#1130));
#1132= IFCPROPERTYSINGLEVALUE('Reference',$,IFCIDENTIFIER('5-2-P58'),$);
#1133= IFCPROPERTYSET('2KMOW_S5vFIBBO7Y2O4WmH',#5,'Pset_PlateCommon','Common Properties to plate elements',(#1025,#1132));
#1134= IFCQUANTITYLENGTH('Width',$,$,87.979888302992);
#1135= IFCQUANTITYAREA('NetArea',$,$,0.0424258330583218);
#1136= IFCQUANTITYAREA('GrossArea',$,$,0.0219951045396813);
#1137= IFCQUANTITYVOLUME('NetVolume',$,$,0.000149461524090342);
#1138= IFCQUANTITYVOLUME('GrossVolume',$,$,0.000149461524090342);
#1139= IFCELEMENTQUANTITY('163wu_26X3HOpVrlsqF3UA',#5,'BaseQuantities',$,$,(#1134,#1135,#1136,#1031,#1137,#1138));
#1140= IFCSHAPEREPRESENTATION(#12,'Body','Brep',(#1110));
#1141= IFCPRODUCTDEFINITIONSHAPE($,$,(#1140));
#1142= IFCCARTESIANPOINT((52813.9997834322,27371.0803485023,17068.9993321305));
#1143= IFCAXIS2PLACEMENT3D(#1142,#1115,#1116);
#1144= IFCLOCALPLACEMENT(#42,#1143);
#1145= IFCPLATE('3OTIJ$5BD6Hx11q63zdGcm',#921,'PLATE-8','PL8*88',$,#1144,#1141,'IDd87524ff-14b3-4647-b041-d060fd9d09b0');
#1146= IFCPROPERTYSINGLEVALUE('Bottom elevation',$,IFCLABEL(' +17.065'),$);
#1147= IFCPROPERTYSINGLEVALUE('Top elevation',$,IFCLABEL(' +17.073'),$);
#1148= IFCPROPERTYSET('094Q9Dp3P23vpx5XeBAFjK',#5,'Tekla Common','Common Properties to Shared building elements',(#1146,#1147,#1011,#1123,#1013,#1014));
#1149= IFCSHAPEREPRESENTATION(#12,'Body','Brep',(#998));
#1150= IFCPRODUCTDEFINITIONSHAPE($,$,(#1149));
#1151= IFCCARTESIANPOINT((53065.9913041391,27368.0008550151,16248.9993317785));
#1152= IFCDIRECTION((-9.40869994665263E-05,0.999999995559984,5.25999999808846E-06));
#1153= IFCDIRECTION((0.999999995573814,9.40869999547125E-05,-9.2999992391865E-08));
#1154= IFCAXIS2PLACEMENT3D(#1151,#1152,#1153);
#1155= IFCLOCALPLACEMENT(#42,#1154);
#1156= IFCPLATE('3f4pazylPC9e$qaVncNjpi',#44,'PLATE-8','PL8*80',$,#1155,#1150,'IDe913393d-f2f6-4c26-8ff4-91fc665edcec');
#1157= IFCCARTESIANPOINT((0.00223319070209982,-4.00000000000909,19.9999998753228));
#1158= IFCCARTESIANPOINT((0.00893256522977026,-4.00000000005639,79.9982299804469));
#1159= IFCCARTESIANPOINT((0.00893256522977026,3.99999999993815,79.998229980436));
#1160= IFCCARTESIANPOINT((0.00223319070937578,3.99999999998363,19.9999998753119));
#1161= IFCPOLYLOOP((#1157,#1158,#1159,#1160));
#1162= IFCFACEOUTERBOUND(#1161,.T.);
#1163= IFCFACE((#1162));
#1164= IFCCARTESIANPOINT((227.988800044033,-4.00000000014188,79.9981689452397));
#1165= IFCCARTESIANPOINT((227.988800044033,3.99999999985084,79.9981689452252));
#1166= IFCPOLYLOOP((#1158,#1164,#1165,#1159));
#1167= IFCFACEOUTERBOUND(#1166,.T.);
#1168= IFCFACE((#1167));
#1169= IFCCARTESIANPOINT((227.982116745479,-4.00000000009823,19.9999998758212));
#1170= IFCCARTESIANPOINT((227.982116745487,3.99999999989632,19.9999998758067));
#1171= IFCPOLYLOOP((#1164,#1169,#1170,#1165));
#1172= IFCFACEOUTERBOUND(#1171,.T.);
#1173= IFCFACE((#1172));
#1174= IFCCARTESIANPOINT((224.079994388128,-4.00000000009459,19.6160858150652));
#1175= IFCCARTESIANPOINT((224.079994388136,3.99999999989996,19.6160858150542));
#1176= IFCPOLYLOOP((#1169,#1174,#1175,#1170));
#1177= IFCFACEOUTERBOUND(#1176,.T.);
#1178= IFCFACE((#1177));
#1179= IFCCARTESIANPOINT((220.327763978537,-4.00000000009277,18.4782300020634));
#1180= IFCCARTESIANPOINT((220.327763978545,3.99999999989996,18.4782300020524));
#1181= IFCPOLYLOOP((#1174,#1179,#1180,#1175));
#1182= IFCFACEOUTERBOUND(#1181,.T.);
#1183= IFCFACE((#1182));
#1184= IFCCARTESIANPOINT((216.869642013138,-4.00000000008913,16.6301657796175));
#1185= IFCCARTESIANPOINT((216.869642013145,3.99999999990541,16.6301657796066));
#1186= IFCPOLYLOOP((#1179,#1184,#1185,#1180));
#1187= IFCFACEOUTERBOUND(#1186,.T.);
#1188= IFCFACE((#1187));
#1189= IFCCARTESIANPOINT((213.838540967889,-4.00000000008731,14.142923260024));
#1190= IFCCARTESIANPOINT((213.838540967896,3.99999999990723,14.142923260013));
#1191= IFCPOLYLOOP((#1184,#1189,#1190,#1185));
#1192= IFCFACEOUTERBOUND(#1191,.T.);
#1193= IFCFACE((#1192));
#1194= IFCCARTESIANPOINT((211.350960824202,-4.00000000008367,11.1120992917567));
#1195= IFCCARTESIANPOINT((211.350960824209,3.99999999991087,11.1120992917458));
#1196= IFCPOLYLOOP((#1189,#1194,#1195,#1190));
#1197= IFCFACEOUTERBOUND(#1196,.T.);
#1198= IFCFACE((#1197));
#1199= IFCCARTESIANPOINT((209.502511407125,-4.00000000008004,7.65418320683602));
#1200= IFCCARTESIANPOINT((209.502511407132,3.99999999991269,7.65418320682511));
#1201= IFCPOLYLOOP((#1194,#1199,#1200,#1195));
#1202= IFCFACEOUTERBOUND(#1201,.T.);
#1203= IFCFACE((#1202));
#1204= IFCCARTESIANPOINT((208.364237633832,-4.0000000000764,3.90207956822633));
#1205= IFCCARTESIANPOINT((208.364237633832,3.99999999991815,3.90207956821178));
#1206= IFCPOLYLOOP((#1199,#1204,#1205,#1200));
#1207= IFCFACEOUTERBOUND(#1206,.T.);
#1208= IFCFACE((#1207));
#1209= IFCCARTESIANPOINT((207.979888911388,-4.00000000007458,-9.09494701772928E-11));
#1210= IFCCARTESIANPOINT((207.979888911388,3.99999999991996,-1.01863406598568E-10));
#1211= IFCPOLYLOOP((#1204,#1209,#1210,#1205));
#1212= IFCFACEOUTERBOUND(#1211,.T.);
#1213= IFCFACE((#1212));
#1214= IFCPOLYLOOP((#1209,#948,#949,#1210));
#1215= IFCFACEOUTERBOUND(#1214,.T.);
#1216= IFCFACE((#1215));
#1217= IFCCARTESIANPOINT((16.6298574917673,-4.00000000001091,11.1107083393217));
#1218= IFCCARTESIANPOINT((16.6298574917746,3.99999999998363,11.1107083393072));
#1219= IFCPOLYLOOP((#1070,#1217,#1218,#1071));
#1220= IFCFACEOUTERBOUND(#1219,.T.);
#1221= IFCFACE((#1220));
#1222= IFCCARTESIANPOINT((14.142925153792,-4.00000000001091,14.1413460495423));
#1223= IFCCARTESIANPOINT((14.1429251537993,3.99999999998181,14.1413460495278));
#1224= IFCPOLYLOOP((#1217,#1222,#1223,#1218));
#1225= IFCFACEOUTERBOUND(#1224,.T.);
#1226= IFCFACE((#1225));
#1227= IFCCARTESIANPOINT((11.1125651521797,-4.00000000001091,16.6286167716316));
#1228= IFCCARTESIANPOINT((11.112565152187,3.99999999998181,16.6286167716207));
#1229= IFCPOLYLOOP((#1222,#1227,#1228,#1223));
#1230= IFCFACEOUTERBOUND(#1229,.T.);
#1231= IFCFACE((#1230));
#1232= IFCCARTESIANPOINT((7.65521601982618,-4.00000000001273,18.4769496316221));
#1233= IFCCARTESIANPOINT((7.65521601983346,3.99999999997999,18.4769496316112));
#1234= IFCPOLYLOOP((#1227,#1232,#1233,#1228));
#1235= IFCFACEOUTERBOUND(#1234,.T.);
#1236= IFCFACE((#1235));
#1237= IFCCARTESIANPOINT((3.90372291718086,-4.00000000001273,19.6153242997898));
#1238= IFCCARTESIANPOINT((3.90372291718813,3.99999999998181,19.6153242997789));
#1239= IFCPOLYLOOP((#1232,#1237,#1238,#1233));
#1240= IFCFACEOUTERBOUND(#1239,.T.);
#1241= IFCFACE((#1240));
#1242= IFCPOLYLOOP((#1237,#1157,#1160,#1238));
#1243= IFCFACEOUTERBOUND(#1242,.T.);
#1244= IFCFACE((#1243));
#1245= IFCPOLYLOOP((#1165,#1170,#1175,#1180,#1185,#1190,#1195,#1200,#1205,#1210,#949,#1066,#1071,#1218,#1223,#1228,#1233,#1238,#1160,#1159));
#1246= IFCFACEOUTERBOUND(#1245,.T.);
#1247= IFCFACE((#1246));
#1248= IFCPOLYLOOP((#1237,#1232,#1227,#1222,#1217,#1070,#1065,#948,#1209,#1204,#1199,#1194,#1189,#1184,#1179,#1174,#1169,#1164,#1158,#1157));
#1249= IFCFACEOUTERBOUND(#1248,.T.);
#1250= IFCFACE((#1249));
#1251= IFCCLOSEDSHELL((#1163,#1168,#1173,#1178,#1183,#1188,#1193,#1198,#1203,#1208,#1213,#1216,#1069,#1074,#1221,#1226,#1231,#1236,#1241,#1244,#1247,#1250));
#1252= IFCFACETEDBREP(#1251);
#1253= IFCSTYLEDITEM(#1252,(#925),$);
#1254= IFCSHAPEREPRESENTATION(#12,'Body','Brep',(#1252));
#1255= IFCPRODUCTDEFINITIONSHAPE($,$,(#1254));
#1256= IFCCARTESIANPOINT((52826.0113041391,27368.0008550151,16248.9993317785));
#1257= IFCDIRECTION((-3.63089998209034E-05,0.999999999326994,5.26000000172643E-06));
#1258= IFCDIRECTION((0.999999999340828,3.63090000086454E-05,-3.59999961817095E-08));
#1259= IFCAXIS2PLACEMENT3D(#1256,#1257,#1258);
#1260= IFCLOCALPLACEMENT(#42,#1259);
#1261= IFCPLATE('1vYtj641rFkONdzuNJxBeN',#44,'PLATE-8','PL8*80',$,#1260,#1255,'ID798b7b46-101d-4fb9-85e7-f785d3ecba17');
#1262= IFCPROPERTYSINGLEVALUE('Preliminary mark',$,IFCLABEL('5-2-P57(?)'),$);
#1263= IFCPROPERTYSET('1hF4Y_xfP8Hvh56Rmrm8f8',#5,'Tekla Common','Common Properties to Shared building elements',(#1009,#1010,#1011,#1262,#1013,#1014));
#1264= IFCPROPERTYSINGLEVALUE('Weight',$,IFCMASSMEASURE(1.11),$);
#1265= IFCPROPERTYSINGLEVALUE('Area per tons',$,IFCAREAMEASURE(36.177),$);
#1266= IFCPROPERTYSINGLEVALUE('Net surface area',$,IFCAREAMEASURE(0.04),$);
#1267= IFCPROPERTYSINGLEVALUE('Length',$,IFCLENGTHMEASURE(228.),$);
#1268= IFCPROPERTYSET('1N8A2dRTD5exjbr0qk_XPm',#5,'Tekla Quantity','Quantity Properties to Shared building elements',(#1264,#1017,#1126,#1265,#1266,#1021,#1022,#1267));
#1269= IFCPROPERTYSINGLEVALUE('Reference',$,IFCIDENTIFIER('5-2-P57'),$);
#1270= IFCPROPERTYSET('1NxSXbYX13CQUzDOGqG2id',#5,'Pset_PlateCommon','Common Properties to plate elements',(#1025,#1269));
#1271= IFCQUANTITYLENGTH('Width',$,$,79.9982299805963);
#1272= IFCQUANTITYAREA('NetArea',$,$,0.0400168785500185);
#1273= IFCQUANTITYAREA('GrossArea',$,$,0.0182385218076754);
#1274= IFCQUANTITYVOLUME('NetVolume',$,$,0.000140909526334765);
#1275= IFCQUANTITYVOLUME('GrossVolume',$,$,0.000140909526334765);
#1276= IFCELEMENTQUANTITY('1x2Pb9_rL8_uphtv2025AF',#5,'BaseQuantities',$,$,(#1271,#1272,#1273,#1031,#1274,#1275));
#1277= IFCSHAPEREPRESENTATION(#12,'Body','Brep',(#998));
#1278= IFCPRODUCTDEFINITIONSHAPE($,$,(#1277));
#1279= IFCCARTESIANPOINT((53065.9913041391,27368.0008550151,17268.9993317785));
#1280= IFCAXIS2PLACEMENT3D(#1279,#1152,#1153);
#1281= IFCLOCALPLACEMENT(#42,#1280);
#1282= IFCPLATE('2UByV0yd526fVldubiHIbo',#44,'PLATE-8','PL8*80',$,#1281,#1278,'ID9e2fc7c0-f271-421a-97ef-9f896c452972');
#1283= IFCSHAPEREPRESENTATION(#12,'Body','Brep',(#1252));
#1284= IFCPRODUCTDEFINITIONSHAPE($,$,(#1283));
#1285= IFCCARTESIANPOINT((52826.0113041391,27368.0008550151,17268.9993317785));
#1286= IFCAXIS2PLACEMENT3D(#1285,#1257,#1258);
#1287= IFCLOCALPLACEMENT(#42,#1286);
#1288= IFCPLATE('2aCOPBA$L2JgPs3yvk0mUW',#44,'PLATE-8','PL8*80',$,#1287,#1284,'IDa431864b-2bf5-424e-a676-0fce6e0307a0');
#1289= IFCPROPERTYSET('00vpiD5JL5AvO$BOkWb3nO',#5,'Tekla Common','Common Properties to Shared building elements',(#1042,#1043,#1011,#1262,#1013,#1014));
#1290= IFCSHAPEREPRESENTATION(#12,'Body','Brep',(#1110));
#1291= IFCPRODUCTDEFINITIONSHAPE($,$,(#1290));
#1292= IFCCARTESIANPOINT((53065.9913041391,27368.0008550151,16448.9993317785));
#1293= IFCDIRECTION((-9.40869998012204E-05,0.999999995572402,1.68299999859301E-06));
#1294= IFCAXIS2PLACEMENT3D(#1292,#1293,#1153);
#1295= IFCLOCALPLACEMENT(#42,#1294);
#1296= IFCPLATE('0B9_g2hPv7NPRX61R5AXVb',#44,'PLATE-8','PL8*88',$,#1295,#1291,'ID0b27ea82-ad9e-475d-96e1-1816c52a17e5');
#1297= IFCQUANTITYLENGTH('Width',$,$,87.9798883028858);
#1298= IFCQUANTITYAREA('GrossArea',$,$,0.0219951045396977);
#1299= IFCELEMENTQUANTITY('0cav8ya6z3AwTcylnS$FKA',#5,'BaseQuantities',$,$,(#1297,#1135,#1298,#1031,#1137,#1138));
#1300= IFCCARTESIANPOINT((0.00120841620810097,-4.00000000004366,19.9999999634747));
#1301= IFCCARTESIANPOINT((0.0151050955682877,-4.00000000044747,249.998229977802));
#1302= IFCCARTESIANPOINT((0.0151050955828396,3.99999999956344,249.998229977798));
#1303= IFCCARTESIANPOINT((0.00120841622265289,3.9999999999709,19.9999999634711));
#1304= IFCPOLYLOOP((#1300,#1301,#1302,#1303));
#1305= IFCFACEOUTERBOUND(#1304,.T.);
#1306= IFCFACE((#1305));
#1307= IFCCARTESIANPOINT((227.99497985356,-4.00000000012005,249.998168942679));
#1308= IFCCARTESIANPOINT((227.994979853582,3.99999999989086,249.998168942675));
#1309= IFCPOLYLOOP((#1301,#1307,#1308,#1302));
#1310= IFCFACEOUTERBOUND(#1309,.T.);
#1311= IFCFACE((#1310));
#1312= IFCCARTESIANPOINT((227.981096195552,-3.99999999971624,19.9999999637039));
#1313= IFCCARTESIANPOINT((227.981096195566,4.00000000029831,19.9999999637002));
#1314= IFCPOLYLOOP((#1307,#1312,#1313,#1308));
#1315= IFCFACEOUTERBOUND(#1314,.T.);
#1316= IFCFACE((#1315));
#1317= IFCCARTESIANPOINT((224.079118552225,-3.99999999971988,19.6159116691306));
#1318= IFCCARTESIANPOINT((224.079118552239,4.00000000029104,19.6159116691233));
#1319= IFCPOLYLOOP((#1312,#1317,#1318,#1313));
#1320= IFCFACEOUTERBOUND(#1319,.T.);
#1321= IFCFACE((#1320));
#1322= IFCCARTESIANPOINT((220.327056810776,-3.99999999972351,18.4779371371842));
#1323= IFCCARTESIANPOINT((220.327056810791,4.0000000002874,18.4779371371806));
#1324= IFCPOLYLOOP((#1317,#1322,#1323,#1318));
#1325= IFCFACEOUTERBOUND(#1324,.T.);
#1326= IFCFACE((#1325));
#1327= IFCCARTESIANPOINT((216.869111646454,-3.99999999972715,16.6298114413403));
#1328= IFCCARTESIANPOINT((216.869111646469,4.00000000028376,16.6298114413366));
#1329= IFCPOLYLOOP((#1322,#1327,#1328,#1323));
#1330= IFCFACEOUTERBOUND(#1329,.T.);
#1331= IFCFACE((#1330));
#1332= IFCCARTESIANPOINT((213.838180133505,-3.99999999972715,14.1425624568692));
#1333= IFCCARTESIANPOINT((213.83818013352,4.00000000028376,14.1425624568619));
#1334= IFCPOLYLOOP((#1327,#1332,#1333,#1328));
#1335= IFCFACEOUTERBOUND(#1334,.T.);
#1336= IFCFACE((#1335));
#1337= IFCCARTESIANPOINT((211.35074819377,-3.99999999972351,11.1117810902433));
#1338= IFCCARTESIANPOINT((211.350748193785,4.0000000002874,11.1117810902397));
#1339= IFCPOLYLOOP((#1332,#1337,#1338,#1333));
#1340= IFCFACEOUTERBOUND(#1339,.T.);
#1341= IFCFACE((#1340));
#1342= IFCCARTESIANPOINT((209.502413765178,-3.99999999971988,7.65394749287589));
#1343= IFCCARTESIANPOINT((209.5024137652,4.00000000029104,7.65394749286861));
#1344= IFCPOLYLOOP((#1337,#1342,#1343,#1338));
#1345= IFCFACEOUTERBOUND(#1344,.T.);
#1346= IFCFACE((#1345));
#1347= IFCCARTESIANPOINT((208.364212745058,-3.99999999971624,3.90195445119025));
#1348= IFCCARTESIANPOINT((208.364212745073,4.00000000029468,3.90195445118297));
#1349= IFCPOLYLOOP((#1342,#1347,#1348,#1343));
#1350= IFCFACEOUTERBOUND(#1349,.T.);
#1351= IFCFACE((#1350));
#1352= IFCPOLYLOOP((#1347,#1209,#1210,#1348));
#1353= IFCFACEOUTERBOUND(#1352,.T.);
#1354= IFCFACE((#1353));
#1355= IFCCARTESIANPOINT((19.6157350762369,-3.99999999998545,3.90165829062607));
#1356= IFCCARTESIANPOINT((19.6157350762514,4.00000000002547,3.90165829062244));
#1357= IFCPOLYLOOP((#948,#1355,#1356,#949));
#1358= IFCFACEOUTERBOUND(#1357,.T.);
#1359= IFCFACE((#1358));
#1360= IFCCARTESIANPOINT((18.4777062582798,-3.99999999999636,7.65338953868923));
#1361= IFCCARTESIANPOINT((18.4777062582943,4.00000000001819,7.65338953868559));
#1362= IFCPOLYLOOP((#1355,#1360,#1361,#1356));
#1363= IFCFACEOUTERBOUND(#1362,.T.);
#1364= IFCFACE((#1363));
#1365= IFCCARTESIANPOINT((16.6296440017541,-4.00000000000364,11.1110278720298));
#1366= IFCCARTESIANPOINT((16.6296440017686,4.00000000000728,11.1110278720262));
#1367= IFCPOLYLOOP((#1360,#1365,#1366,#1361));
#1368= IFCFACEOUTERBOUND(#1367,.T.);
#1369= IFCFACE((#1368));
#1370= IFCCARTESIANPOINT((14.1425628568686,-4.00000000001091,14.1417083776214));
#1371= IFCCARTESIANPOINT((14.1425628568904,4.,14.1417083776178));
#1372= IFCPOLYLOOP((#1365,#1370,#1371,#1366));
#1373= IFCFACEOUTERBOUND(#1372,.T.);
#1374= IFCFACE((#1373));
#1375= IFCCARTESIANPOINT((11.1120326282762,-4.00000000002183,16.6289726341383));
#1376= IFCCARTESIANPOINT((11.1120326282908,3.99999999998909,16.6289726341311));
#1377= IFCPOLYLOOP((#1370,#1375,#1376,#1371));
#1378= IFCFACEOUTERBOUND(#1377,.T.);
#1379= IFCFACE((#1378));
#1380= IFCCARTESIANPOINT((7.65450596265873,-4.0000000000291,18.4772438005893));
#1381= IFCCARTESIANPOINT((7.65450596268056,3.99999999998181,18.4772438005857));
#1382= IFCPOLYLOOP((#1375,#1380,#1381,#1376));
#1383= IFCFACEOUTERBOUND(#1382,.T.);
#1384= IFCFACE((#1383));
#1385= IFCCARTESIANPOINT((3.90284348207206,-4.00000000003638,19.6154992991105));
#1386= IFCCARTESIANPOINT((3.90284348208661,3.99999999997453,19.6154992991069));
#1387= IFCPOLYLOOP((#1380,#1385,#1386,#1381));
#1388= IFCFACEOUTERBOUND(#1387,.T.);
#1389= IFCFACE((#1388));
#1390= IFCPOLYLOOP((#1385,#1300,#1303,#1386));
#1391= IFCFACEOUTERBOUND(#1390,.T.);
#1392= IFCFACE((#1391));
#1393= IFCPOLYLOOP((#1308,#1313,#1318,#1323,#1328,#1333,#1338,#1343,#1348,#1210,#949,#1356,#1361,#1366,#1371,#1376,#1381,#1386,#1303,#1302));
#1394= IFCFACEOUTERBOUND(#1393,.T.);
#1395= IFCFACE((#1394));
#1396= IFCPOLYLOOP((#1385,#1380,#1375,#1370,#1365,#1360,#1355,#948,#1209,#1347,#1342,#1337,#1332,#1327,#1322,#1317,#1312,#1307,#1301,#1300));
#1397= IFCFACEOUTERBOUND(#1396,.T.);
#1398= IFCFACE((#1397));
#1399= IFCCLOSEDSHELL((#1306,#1311,#1316,#1321,#1326,#1331,#1336,#1341,#1346,#1351,#1354,#1216,#1359,#1364,#1369,#1374,#1379,#1384,#1389,#1392,#1395,#1398));
#1400= IFCFACETEDBREP(#1399);
#1401= IFCSTYLEDITEM(#1400,(#925),$);
#1402= IFCSHAPEREPRESENTATION(#12,'Body','Brep',(#1400));
#1403= IFCPRODUCTDEFINITIONSHAPE($,$,(#1402));
#1404= IFCCARTESIANPOINT((52826.0113041391,27368.0008550151,16448.9993317785));
#1405= IFCDIRECTION((-3.63089999445947E-05,0.999999999339412,1.682999998593E-06));
#1406= IFCAXIS2PLACEMENT3D(#1404,#1405,#1258);
#1407= IFCLOCALPLACEMENT(#42,#1406);
#1408= IFCPLATE('0r8v7OmhD2EPwTQGSMe0xI',#44,'PLATE-8','PL8*228',$,#1407,#1403,'ID352391d8-c2b3-4239-9e9d-690716a00ed2');
#1409= IFCPLATETYPE('3odqO6ICvFXAIHMSidWNtX',#5,'PL8*228',$,$,$,$,$,$,.NOTDEFINED.);
#1410= IFCPROPERTYSINGLEVALUE('Preliminary mark',$,IFCLABEL('5-2-P59(?)'),$);
#1411= IFCPROPERTYSET('34x8tMW$L5bhwJdNDTGpVm',#5,'Tekla Common','Common Properties to Shared building elements',(#1121,#1122,#1011,#1410,#1013,#1014));
#1412= IFCPROPERTYSINGLEVALUE('Weight',$,IFCMASSMEASURE(3.54),$);
#1413= IFCPROPERTYSINGLEVALUE('Gross footprint area',$,IFCAREAMEASURE(0.056),$);
#1414= IFCPROPERTYSINGLEVALUE('Area per tons',$,IFCAREAMEASURE(33.968),$);
#1415= IFCPROPERTYSINGLEVALUE('Net surface area',$,IFCAREAMEASURE(0.12),$);
#1416= IFCPROPERTYSINGLEVALUE('Height',$,IFCLENGTHMEASURE(228.),$);
#1417= IFCPROPERTYSET('2_0jPgpl5BHPzrSpfmUPLS',#5,'Tekla Quantity','Quantity Properties to Shared building elements',(#1412,#1017,#1413,#1414,#1415,#1416,#1022,#1130));
#1418= IFCPROPERTYSINGLEVALUE('Reference',$,IFCIDENTIFIER('5-2-P59'),$);
#1419= IFCPROPERTYSET('3YuNfzOdTA2vNIGZ7v3CJC',#5,'Pset_PlateCommon','Common Properties to plate elements',(#1025,#1418));
#1420= IFCQUANTITYLENGTH('Width',$,$,227.979887363278);
#1421= IFCQUANTITYAREA('NetArea',$,$,0.120250038963875);
#1422= IFCQUANTITYAREA('GrossArea',$,$,0.0569974193672024);
#1423= IFCQUANTITYVOLUME('NetVolume',$,$,0.000450962167625499);
#1424= IFCQUANTITYVOLUME('GrossVolume',$,$,0.000450962167625499);
#1425= IFCELEMENTQUANTITY('2w$cCfBuHACxJvGwljIbZ7',#5,'BaseQuantities',$,$,(#1420,#1421,#1422,#1031,#1423,#1424));
#1426= IFCSHAPEREPRESENTATION(#12,'Body','Brep',(#1110));
#1427= IFCPRODUCTDEFINITIONSHAPE($,$,(#1426));
#1428= IFCCARTESIANPOINT((53065.9913041391,27368.0008550151,17068.9993317785));
#1429= IFCAXIS2PLACEMENT3D(#1428,#1293,#1153);
#1430= IFCLOCALPLACEMENT(#42,#1429);
#1431= IFCPLATE('07aGjMOKj3Tw1Q_3oJWEFy',#44,'PLATE-8','PL8*88',$,#1430,#1427,'ID07910b56-614b-4377-a05a-f83c9380e3fc');
#1432= IFCSHAPEREPRESENTATION(#12,'Body','Brep',(#1400));
#1433= IFCPRODUCTDEFINITIONSHAPE($,$,(#1432));
#1434= IFCCARTESIANPOINT((52826.0113041391,27368.0008550151,17068.9993317785));
#1435= IFCAXIS2PLACEMENT3D(#1434,#1405,#1258);
#1436= IFCLOCALPLACEMENT(#42,#1435);
#1437= IFCPLATE('1dNntJvlP62RxklJvXfpFB',#44,'PLATE-8','PL8*228',$,#1436,#1433,'ID675f1dd3-e6f6-4609-beee-bd3e61a733cb');
#1438= IFCPROPERTYSINGLEVALUE('Preliminary mark',$,IFCLABEL('5-2-P49(?)'),$);
#1439= IFCPROPERTYSET('0Dwc7IU05DKua8oosCbqC7',#5,'Tekla Common','Common Properties to Shared building elements',(#1146,#1147,#1011,#1438,#1013,#1014));
#1440= IFCPROPERTYSINGLEVALUE('Reference',$,IFCIDENTIFIER('5-2-P49'),$);
#1441= IFCPROPERTYSET('2oXJClJQr3gBv3K_ys2stg',#5,'Pset_PlateCommon','Common Properties to plate elements',(#1025,#1440));
#1442= IFCCOLOURRGB('Light Red',0.905882352941176,0.325490196078431,0.36078431372549);
#1443= IFCSURFACESTYLERENDERING(#1442,0.,$,$,$,$,IFCNORMALISEDRATIOMEASURE(0.00390625),IFCSPECULAREXPONENT(10.),.NOTDEFINED.);
#1444= IFCSURFACESTYLE('STEEL/S275',.POSITIVE.,(#1443));
#1445= IFCPRESENTATIONSTYLEASSIGNMENT((#1444));
#1446= IFCCARTESIANPOINT((-2.83398549072444E-09,-6.00000000087311,455.000000000215));
#1447= IFCCARTESIANPOINT((-4.08545020036399E-09,-6.00000000125874,655.000000002201));
#1448= IFCCARTESIANPOINT((-4.10364009439945E-09,5.99999999875581,655.000000002205));
#1449= IFCCARTESIANPOINT((-2.85581336356699E-09,5.99999999914144,455.000000000218));
#1450= IFCPOLYLOOP((#1446,#1447,#1448,#1449));
#1451= IFCFACEOUTERBOUND(#1450,.T.);
#1452= IFCFACE((#1451));
#1453= IFCCARTESIANPOINT((289.998321525152,-6.00000000129512,655.000000002514));
#1454= IFCCARTESIANPOINT((289.998321525134,5.99999999871943,655.000000002514));
#1455= IFCPOLYLOOP((#1447,#1453,#1454,#1448));
#1456= IFCFACEOUTERBOUND(#1455,.T.);
#1457= IFCFACE((#1456));
#1458= IFCCARTESIANPOINT((290.454088934803,-6.00000000128784,649.790554672491));
#1459= IFCCARTESIANPOINT((290.454088934785,5.99999999873398,649.790554672491));
#1460= IFCPOLYLOOP((#1453,#1458,#1459,#1454));
#1461= IFCFACEOUTERBOUND(#1460,.T.);
#1462= IFCFACE((#1461));
#1463= IFCCARTESIANPOINT((291.807542901606,-6.00000000127329,644.739395702716));
#1464= IFCCARTESIANPOINT((291.807542901584,5.99999999874126,644.73939570272));
#1465= IFCPOLYLOOP((#1458,#1463,#1464,#1459));
#1466= IFCFACEOUTERBOUND(#1465,.T.);
#1467= IFCFACE((#1466));
#1468= IFCCARTESIANPOINT((294.01755941167,-6.00000000125874,640.000000002477));
#1469= IFCCARTESIANPOINT((294.017559411652,5.99999999875581,640.000000002477));
#1470= IFCPOLYLOOP((#1463,#1468,#1469,#1464));
#1471= IFCFACEOUTERBOUND(#1470,.T.);
#1472= IFCFACE((#1471));
#1473= IFCCARTESIANPOINT((297.016988231651,-6.00000000125874,635.716371711875));
#1474= IFCCARTESIANPOINT((297.016988231633,5.99999999876309,635.716371711878));
#1475= IFCPOLYLOOP((#1468,#1473,#1474,#1469));
#1476= IFCFACEOUTERBOUND(#1475,.T.);
#1477= IFCFACE((#1476));
#1478= IFCCARTESIANPOINT((300.714693234648,-6.00000000125146,632.0186667089));
#1479= IFCCARTESIANPOINT((300.714693234626,5.99999999876309,632.018666708904));
#1480= IFCPOLYLOOP((#1473,#1478,#1479,#1474));
#1481= IFCFACEOUTERBOUND(#1480,.T.);
#1482= IFCFACE((#1481));
#1483= IFCCARTESIANPOINT((304.998321525258,-6.00000000125146,629.019237888944));
#1484= IFCCARTESIANPOINT((304.998321525236,5.99999999877036,629.019237888944));
#1485= IFCPOLYLOOP((#1478,#1483,#1484,#1479));
#1486= IFCFACEOUTERBOUND(#1485,.T.);
#1487= IFCFACE((#1486));
#1488= IFCCARTESIANPOINT((309.7377172255,-6.00000000124419,626.809221378913));
#1489= IFCCARTESIANPOINT((309.737717225478,5.99999999877764,626.809221378917));
#1490= IFCPOLYLOOP((#1483,#1488,#1489,#1484));
#1491= IFCFACEOUTERBOUND(#1490,.T.);
#1492= IFCFACE((#1491));
#1493= IFCCARTESIANPOINT((314.788876195271,-6.00000000124419,625.455767412142));
#1494= IFCCARTESIANPOINT((314.788876195253,5.99999999877764,625.455767412142));
#1495= IFCPOLYLOOP((#1488,#1493,#1494,#1489));
#1496= IFCFACEOUTERBOUND(#1495,.T.);
#1497= IFCFACE((#1496));
#1498= IFCCARTESIANPOINT((319.998321525287,-6.00000000124419,625.000000002528));
#1499= IFCCARTESIANPOINT((319.998321525265,5.99999999877764,625.000000002532));
#1500= IFCPOLYLOOP((#1493,#1498,#1499,#1494));
#1501= IFCFACEOUTERBOUND(#1500,.T.);
#1502= IFCFACE((#1501));
#1503= IFCCARTESIANPOINT((319.998321529194,-6.00000000003638,3.45607986673713E-10));
#1504= IFCCARTESIANPOINT((319.998321529176,5.99999999998545,3.47426976077259E-10));
#1505= IFCPOLYLOOP((#1498,#1503,#1504,#1499));
#1506= IFCFACEOUTERBOUND(#1505,.T.);
#1507= IFCFACE((#1506));
#1508= IFCCARTESIANPOINT((199.999999999651,-6.00000000002183,2.14640749618411E-10));
#1509= IFCCARTESIANPOINT((199.999999999629,6.,2.18278728425503E-10));
#1510= IFCPOLYLOOP((#1503,#1508,#1509,#1504));
#1511= IFCFACEOUTERBOUND(#1510,.T.);
#1512= IFCFACE((#1511));
#1513= IFCPOLYLOOP((#1508,#1446,#1449,#1509));
#1514= IFCFACEOUTERBOUND(#1513,.T.);
#1515= IFCFACE((#1514));
#1516= IFCPOLYLOOP((#1454,#1459,#1464,#1469,#1474,#1479,#1484,#1489,#1494,#1499,#1504,#1509,#1449,#1448));
#1517= IFCFACEOUTERBOUND(#1516,.T.);
#1518= IFCFACE((#1517));
#1519= IFCPOLYLOOP((#1508,#1503,#1498,#1493,#1488,#1483,#1478,#1473,#1468,#1463,#1458,#1453,#1447,#1446));
#1520= IFCFACEOUTERBOUND(#1519,.T.);
#1521= IFCFACE((#1520));
#1522= IFCCLOSEDSHELL((#1452,#1457,#1462,#1467,#1472,#1477,#1482,#1487,#1492,#1497,#1502,#1507,#1512,#1515,#1518,#1521));
#1523= IFCFACETEDBREP(#1522);
#1524= IFCSTYLEDITEM(#1523,(#1445),$);
#1525= IFCSHAPEREPRESENTATION(#12,'Body','Brep',(#1523));
#1526= IFCPRODUCTDEFINITIONSHAPE($,$,(#1525));
#1527= IFCCARTESIANPOINT((52819.9994395754,27687.9634747011,15956.9891148025));
#1528= IFCDIRECTION((5.30000033904799E-08,3.19310003105784E-05,0.999999999490204));
#1529= IFCDIRECTION((5.64300001213532E-06,-0.999999999474284,3.1931000012757E-05));
#1530= IFCAXIS2PLACEMENT3D(#1527,#1528,#1529);
#1531= IFCLOCALPLACEMENT(#42,#1530);
#1532= IFCPLATE('3FfhD$7QH3KvcZuDFaOFhZ',#44,'PLATE-12','PL12*320',$,#1531,#1526,'IDcfa6b37f-1da4-4353-99a3-e0d3e460fae3');
#1533= IFCPLATETYPE('2KjHRhgL59u8PQ3W5UmRpm',#5,'PL12*320',$,$,$,$,$,$,.NOTDEFINED.);
#1534= IFCPROPERTYSINGLEVALUE('Bottom elevation',$,IFCLABEL(' +15.957'),$);
#1535= IFCPROPERTYSINGLEVALUE('Top elevation',$,IFCLABEL(' +16.612'),$);
#1536= IFCPROPERTYSINGLEVALUE('Preliminary mark',$,IFCLABEL('5-2-P24(?)'),$);
#1537= IFCPROPERTYSINGLEVALUE('Class',$,IFCLABEL('16'),$);
#1538= IFCPROPERTYSET('0J23T1vq13HudzSPLJhG0x',#5,'Tekla Common','Common Properties to Shared building elements',(#1534,#1535,#1011,#1536,#1013,#1537));
#1539= IFCPROPERTYSINGLEVALUE('Weight',$,IFCMASSMEASURE(15.39),$);
#1540= IFCPROPERTYSINGLEVALUE('Volume',$,IFCVOLUMEMEASURE(0.002),$);
#1541= IFCPROPERTYSINGLEVALUE('Gross footprint area',$,IFCAREAMEASURE(0.003),$);
#1542= IFCPROPERTYSINGLEVALUE('Area per tons',$,IFCAREAMEASURE(22.618),$);
#1543= IFCPROPERTYSINGLEVALUE('Net surface area',$,IFCAREAMEASURE(0.348),$);
#1544= IFCPROPERTYSINGLEVALUE('Height',$,IFCLENGTHMEASURE(320.),$);
#1545= IFCPROPERTYSINGLEVALUE('Width',$,IFCLENGTHMEASURE(12.),$);
#1546= IFCPROPERTYSINGLEVALUE('Length',$,IFCLENGTHMEASURE(655.),$);
#1547= IFCPROPERTYSET('3zutbEc392WvM_VVPKfV8W',#5,'Tekla Quantity','Quantity Properties to Shared building elements',(#1539,#1540,#1541,#1542,#1543,#1544,#1545,#1546));
#1548= IFCPROPERTYSINGLEVALUE('Reference',$,IFCIDENTIFIER('5-2-P24'),$);
#1549= IFCPROPERTYSET('0j_5VDzDf479cpSnvhmbZY',#5,'Pset_PlateCommon','Common Properties to plate elements',(#1025,#1548));
#1550= IFCQUANTITYLENGTH('Width',$,$,319.998321529147);
#1551= IFCQUANTITYAREA('NetArea',$,$,0.348140173051687);
#1552= IFCQUANTITYAREA('GrossArea',$,$,0.209598900603212);
#1553= IFCQUANTITYAREA('CrossSectionArea',$,$,0.000144);
#1554= IFCQUANTITYVOLUME('NetVolume',$,$,0.00196074750579652);
#1555= IFCQUANTITYVOLUME('GrossVolume',$,$,0.00196074750579652);
#1556= IFCELEMENTQUANTITY('32bA$S7t5EfgFAwZWgllA4',#5,'BaseQuantities',$,$,(#1550,#1551,#1552,#1553,#1554,#1555));
#1557= IFCSHAPEREPRESENTATION(#12,'Body','Brep',(#1523));
#1558= IFCPRODUCTDEFINITIONSHAPE($,$,(#1557));
#1559= IFCCARTESIANPOINT((53059.9993159778,27687.9719608172,15956.98910605));
#1560= IFCAXIS2PLACEMENT3D(#1559,#1528,#1529);
#1561= IFCLOCALPLACEMENT(#42,#1560);
#1562= IFCPLATE('2aYl68jAP3oxfEHjMKbkQD',#44,'PLATE-12','PL12*320',$,#1561,#1558,'IDa48af188-b4a6-43cb-ba4e-46d59496e68d');
#1563= IFCCARTESIANPOINT((7.27595761418343E-12,-6.,0.));
#1564= IFCCARTESIANPOINT((-2.33922037295997E-09,-6.00000000038563,200.000000001972));
#1565= IFCCARTESIANPOINT((-2.36104824580252E-09,5.99999999962893,200.000000001975));
#1566= IFCCARTESIANPOINT((-1.45519152283669E-11,6.00000000001455,3.63797880709171E-12));
#1567= IFCPOLYLOOP((#1563,#1564,#1565,#1566));
#1568= IFCFACEOUTERBOUND(#1567,.T.);
#1569= IFCFACE((#1568));
#1570= IFCCARTESIANPOINT((219.999999991938,-6.00000000128057,655.000000002026));
#1571= IFCCARTESIANPOINT((219.999999991916,5.99999999873398,655.00000000203));
#1572= IFCPOLYLOOP((#1564,#1570,#1571,#1565));
#1573= IFCFACEOUTERBOUND(#1572,.T.);
#1574= IFCFACE((#1573));
#1575= IFCCARTESIANPOINT((319.998321521536,-6.0000000013024,655.00000000195));
#1576= IFCCARTESIANPOINT((319.998321521518,5.99999999871943,655.000000001954));
#1577= IFCPOLYLOOP((#1570,#1575,#1576,#1571));
#1578= IFCFACEOUTERBOUND(#1577,.T.);
#1579= IFCFACE((#1578));
#1580= IFCCARTESIANPOINT((319.998321528859,-6.00000000009459,29.9999999997744));
#1581= IFCCARTESIANPOINT((319.998321528838,5.99999999992724,29.9999999997781));
#1582= IFCPOLYLOOP((#1575,#1580,#1581,#1576));
#1583= IFCFACEOUTERBOUND(#1582,.T.);
#1584= IFCFACE((#1583));
#1585= IFCCARTESIANPOINT((314.788876198891,-6.00000000009459,29.5442325900985));
#1586= IFCCARTESIANPOINT((314.788876198876,5.99999999991996,29.5442325901022));
#1587= IFCPOLYLOOP((#1580,#1585,#1586,#1581));
#1588= IFCFACEOUTERBOUND(#1587,.T.);
#1589= IFCFACE((#1588));
#1590= IFCCARTESIANPOINT((309.737717229182,-6.00000000008731,28.1907786232841));
#1591= IFCCARTESIANPOINT((309.737717229164,5.99999999993452,28.1907786232878));
#1592= IFCPOLYLOOP((#1585,#1590,#1591,#1586));
#1593= IFCFACEOUTERBOUND(#1592,.T.);
#1594= IFCFACE((#1593));
#1595= IFCCARTESIANPOINT((304.998321529012,-6.00000000008731,25.980762113224));
#1596= IFCCARTESIANPOINT((304.998321528994,5.99999999993452,25.9807621132277));
#1597= IFCPOLYLOOP((#1590,#1595,#1596,#1591));
#1598= IFCFACEOUTERBOUND(#1597,.T.);
#1599= IFCFACE((#1598));
#1600= IFCCARTESIANPOINT((300.714693238475,-6.00000000008004,22.9813332932608));
#1601= IFCCARTESIANPOINT((300.714693238453,5.99999999994179,22.9813332932608));
#1602= IFCPOLYLOOP((#1595,#1600,#1601,#1596));
#1603= IFCFACEOUTERBOUND(#1602,.T.);
#1604= IFCFACE((#1603));
#1605= IFCCARTESIANPOINT((297.016988235551,-6.00000000008004,19.2836282902899));
#1606= IFCCARTESIANPOINT((297.016988235533,5.99999999994179,19.2836282902899));
#1607= IFCPOLYLOOP((#1600,#1605,#1606,#1601));
#1608= IFCFACEOUTERBOUND(#1607,.T.);
#1609= IFCFACE((#1608));
#1610= IFCCARTESIANPOINT((294.017559415635,-6.00000000005821,14.9999999997053));
#1611= IFCCARTESIANPOINT((294.017559415617,5.99999999995634,14.999999999709));
#1612= IFCPOLYLOOP((#1605,#1610,#1611,#1606));
#1613= IFCFACEOUTERBOUND(#1612,.T.);
#1614= IFCFACE((#1613));
#1615= IFCCARTESIANPOINT((291.807542905637,-6.00000000005093,10.2606042994958));
#1616= IFCCARTESIANPOINT((291.807542905615,5.99999999996362,10.2606042994994));
#1617= IFCPOLYLOOP((#1610,#1615,#1616,#1611));
#1618= IFCFACEOUTERBOUND(#1617,.T.);
#1619= IFCFACE((#1618));
#1620= IFCCARTESIANPOINT((290.454088938877,-6.00000000005093,5.20944532976137));
#1621= IFCCARTESIANPOINT((290.454088938859,5.99999999997817,5.209445329765));
#1622= IFCPOLYLOOP((#1615,#1620,#1621,#1616));
#1623= IFCFACEOUTERBOUND(#1622,.T.);
#1624= IFCFACE((#1623));
#1625= IFCCARTESIANPOINT((289.99832152926,-6.0000000000291,-2.18278728425503E-10));
#1626= IFCCARTESIANPOINT((289.998321529241,5.99999999998545,-2.14640749618411E-10));
#1627= IFCPOLYLOOP((#1620,#1625,#1626,#1621));
#1628= IFCFACEOUTERBOUND(#1627,.T.);
#1629= IFCFACE((#1628));
#1630= IFCPOLYLOOP((#1625,#1563,#1566,#1626));
#1631= IFCFACEOUTERBOUND(#1630,.T.);
#1632= IFCFACE((#1631));
#1633= IFCPOLYLOOP((#1571,#1576,#1581,#1586,#1591,#1596,#1601,#1606,#1611,#1616,#1621,#1626,#1566,#1565));
#1634= IFCFACEOUTERBOUND(#1633,.T.);
#1635= IFCFACE((#1634));
#1636= IFCPOLYLOOP((#1625,#1620,#1615,#1610,#1605,#1600,#1595,#1590,#1585,#1580,#1575,#1570,#1564,#1563));
#1637= IFCFACEOUTERBOUND(#1636,.T.);
#1638= IFCFACE((#1637));
#1639= IFCCLOSEDSHELL((#1569,#1574,#1579,#1584,#1589,#1594,#1599,#1604,#1609,#1614,#1619,#1624,#1629,#1632,#1635,#1638));
#1640= IFCFACETEDBREP(#1639);
#1641= IFCSTYLEDITEM(#1640,(#1445),$);
#1642= IFCSHAPEREPRESENTATION(#12,'Body','Brep',(#1640));
#1643= IFCPRODUCTDEFINITIONSHAPE($,$,(#1642));
#1644= IFCCARTESIANPOINT((52819.999366178,27688.0021994728,16903.9891055671));
#1645= IFCAXIS2PLACEMENT3D(#1644,#1528,#1529);
#1646= IFCLOCALPLACEMENT(#42,#1645);
#1647= IFCPLATE('2zfdIq56D25vT9sOCE9MtL',#44,'PLATE-12','PL12*320',$,#1646,#1643,'IDbda674b4-1463-4217-9749-d9830e256dd5');
#1648= IFCPROPERTYSINGLEVALUE('Bottom elevation',$,IFCLABEL(' +16.904'),$);
#1649= IFCPROPERTYSINGLEVALUE('Top elevation',$,IFCLABEL(' +17.559'),$);
#1650= IFCPROPERTYSINGLEVALUE('Preliminary mark',$,IFCLABEL('5-2-P23(?)'),$);
#1651= IFCPROPERTYSET('1eMFFDxA54nAPXE4uTubpc',#5,'Tekla Common','Common Properties to Shared building elements',(#1648,#1649,#1011,#1650,#1013,#1537));
#1652= IFCPROPERTYSINGLEVALUE('Weight',$,IFCMASSMEASURE(14.96),$);
#1653= IFCPROPERTYSINGLEVALUE('Gross footprint area',$,IFCAREAMEASURE(0.001),$);
#1654= IFCPROPERTYSINGLEVALUE('Area per tons',$,IFCAREAMEASURE(22.649),$);
#1655= IFCPROPERTYSINGLEVALUE('Net surface area',$,IFCAREAMEASURE(0.339),$);
#1656= IFCPROPERTYSET('2KhT1MD$rBYxaNje0UiTyV',#5,'Tekla Quantity','Quantity Properties to Shared building elements',(#1652,#1540,#1653,#1654,#1655,#1544,#1545,#1546));
#1657= IFCPROPERTYSINGLEVALUE('Reference',$,IFCIDENTIFIER('5-2-P23'),$);
#1658= IFCPROPERTYSET('03ESq3xC55dh1JKHLjyW$h',#5,'Pset_PlateCommon','Common Properties to plate elements',(#1025,#1657));
#1659= IFCQUANTITYLENGTH('Width',$,$,319.998321531819);
#1660= IFCQUANTITYAREA('NetArea',$,$,0.338900730509028);
#1661= IFCQUANTITYAREA('GrossArea',$,$,0.20959890060453);
#1662= IFCQUANTITYVOLUME('NetVolume',$,$,0.00190614750579668);
#1663= IFCQUANTITYVOLUME('GrossVolume',$,$,0.00190614750579668);
#1664= IFCELEMENTQUANTITY('0H9yOOwUvA4e2jDCV9RwuD',#5,'BaseQuantities',$,$,(#1659,#1660,#1661,#1553,#1662,#1663));
#1665= IFCSHAPEREPRESENTATION(#12,'Body','Brep',(#1640));
#1666= IFCPRODUCTDEFINITIONSHAPE($,$,(#1665));
#1667= IFCCARTESIANPOINT((53059.999366178,27688.0021994728,16903.9891055671));
#1668= IFCAXIS2PLACEMENT3D(#1667,#1528,#1529);
#1669= IFCLOCALPLACEMENT(#42,#1668);
#1670= IFCPLATE('0vrpOppHf9efGyuzCRGy9e',#44,'PLATE-12','PL12*320',$,#1669,#1666,'ID39d73633-cd1a-49a2-943c-e3d31b43c268');
#1671= IFCCOLOURRGB('Light Gray',0.615686274509804,0.615686274509804,0.611764705882353);
#1672= IFCSURFACESTYLERENDERING(#1671,0.,$,$,$,$,IFCNORMALISEDRATIOMEASURE(0.00390625),IFCSPECULAREXPONENT(10.),.NOTDEFINED.);
#1673= IFCSURFACESTYLE('STEEL/S275',.POSITIVE.,(#1672));
#1674= IFCPRESENTATIONSTYLEASSIGNMENT((#1673));
#1675= IFCCARTESIANPOINT((440.000024414905,9.00000000074215,7.99999999936335));
#1676= IFCCARTESIANPOINT((440.000000001113,1.00000000075306,-6.22094376012683E-10));
#1677= IFCCARTESIANPOINT((0.,1.,0.));
#1678= IFCCARTESIANPOINT((2.74629055638798E-05,8.99999999998909,7.99999999998545));
#1679= IFCPOLYLOOP((#1675,#1676,#1677,#1678));
#1680= IFCFACEOUTERBOUND(#1679,.T.);
#1681= IFCFACE((#1680));
#1682= IFCCARTESIANPOINT((440.00000000112,-0.999999999250576,-6.18456397205591E-10));
#1683= IFCCARTESIANPOINT((440.000024414898,-8.99999999926877,7.99999999938518));
#1684= IFCCARTESIANPOINT((2.74628910119645E-05,-9.00000000002183,8.00000000000728));
#1685= IFCCARTESIANPOINT((0.,-1.00000000000364,3.63797880709171E-12));
#1686= IFCPOLYLOOP((#1682,#1683,#1684,#1685));
#1687= IFCFACEOUTERBOUND(#1686,.T.);
#1688= IFCFACE((#1687));
#1689= IFCCARTESIANPOINT((0.00120151523879031,-9.00000000057844,350.003875732215));
#1690= IFCCARTESIANPOINT((0.00120151525334222,8.99999999942884,350.003875732189));
#1691= IFCPOLYLOOP((#1685,#1684,#1689,#1690,#1678,#1677));
#1692= IFCFACEOUTERBOUND(#1691,.T.);
#1693= IFCFACE((#1692));
#1694= IFCCARTESIANPOINT((440.001068116151,-8.99999999982538,350.003875731592));
#1695= IFCCARTESIANPOINT((440.001068116166,9.0000000001819,350.003875731571));
#1696= IFCPOLYLOOP((#1689,#1694,#1695,#1690));
#1697= IFCFACEOUTERBOUND(#1696,.T.);
#1698= IFCFACE((#1697));
#1699= IFCPOLYLOOP((#1695,#1694,#1683,#1682,#1676,#1675));
#1700= IFCFACEOUTERBOUND(#1699,.T.);
#1701= IFCFACE((#1700));
#1702= IFCPOLYLOOP((#1682,#1685,#1677,#1676));
#1703= IFCFACEOUTERBOUND(#1702,.T.);
#1704= IFCFACE((#1703));
#1705= IFCPOLYLOOP((#1690,#1695,#1675,#1678));
#1706= IFCFACEOUTERBOUND(#1705,.T.);
#1707= IFCFACE((#1706));
#1708= IFCPOLYLOOP((#1694,#1689,#1684,#1683));
#1709= IFCFACEOUTERBOUND(#1708,.T.);
#1710= IFCFACE((#1709));
#1711= IFCCLOSEDSHELL((#1681,#1688,#1693,#1698,#1701,#1704,#1707,#1710));
#1712= IFCFACETEDBREP(#1711);
#1713= IFCSTYLEDITEM(#1712,(#1674),$);
#1714= IFCSHAPEREPRESENTATION(#12,'Body','Brep',(#1712));
#1715= IFCPRODUCTDEFINITIONSHAPE($,$,(#1714));
#1716= IFCCARTESIANPOINT((52720.0011568084,27367.9858193903,16620.9993397682));
#1717= IFCDIRECTION((-1.39370016840985E-05,0.999999999393086,-3.19310000122641E-05));
#1718= IFCDIRECTION((0.999999999902879,1.39369999991265E-05,-5.30000017396487E-08));
#1719= IFCAXIS2PLACEMENT3D(#1716,#1717,#1718);
#1720= IFCLOCALPLACEMENT(#42,#1719);
#1721= IFCPLATE('0Ll1YD6pf6MQrgqUq1MCr5',#44,'PLATE-18','PL18*350',$,#1720,#1715,'ID15bc188d-1b3a-4659-ad6a-d1ed0158cd45');
#1722= IFCPLATETYPE('04k9mI1$v7j9fbeRBhjA3u',#5,'PL18*350',$,$,$,$,$,$,.NOTDEFINED.);
#1723= IFCPROPERTYSINGLEVALUE('Bottom elevation',$,IFCLABEL(' +16.612'),$);
#1724= IFCPROPERTYSINGLEVALUE('Top elevation',$,IFCLABEL(' +16.630'),$);
#1725= IFCPROPERTYSINGLEVALUE('Preliminary mark',$,IFCLABEL('5-2-P81(?)'),$);
#1726= IFCPROPERTYSINGLEVALUE('Class',$,IFCLABEL('15'),$);
#1727= IFCPROPERTYSET('0dBi2R_3bF4PAgwudnn3un',#5,'Tekla Common','Common Properties to Shared building elements',(#1723,#1724,#1011,#1725,#1013,#1726));
#1728= IFCPROPERTYSINGLEVALUE('Weight',$,IFCMASSMEASURE(21.54),$);
#1729= IFCPROPERTYSINGLEVALUE('Volume',$,IFCVOLUMEMEASURE(0.003),$);
#1730= IFCPROPERTYSINGLEVALUE('Gross footprint area',$,IFCAREAMEASURE(0.154),$);
#1731= IFCPROPERTYSINGLEVALUE('Area per tons',$,IFCAREAMEASURE(15.423),$);
#1732= IFCPROPERTYSINGLEVALUE('Net surface area',$,IFCAREAMEASURE(0.332),$);
#1733= IFCPROPERTYSINGLEVALUE('Height',$,IFCLENGTHMEASURE(350.),$);
#1734= IFCPROPERTYSINGLEVALUE('Width',$,IFCLENGTHMEASURE(18.),$);
#1735= IFCPROPERTYSINGLEVALUE('Length',$,IFCLENGTHMEASURE(440.),$);
#1736= IFCPROPERTYSET('2yGm4Rjzv3VP$9Vlm2UOL5',#5,'Tekla Quantity','Quantity Properties to Shared building elements',(#1728,#1729,#1730,#1731,#1732,#1733,#1734,#1735));
#1737= IFCPROPERTYSINGLEVALUE('Reference',$,IFCIDENTIFIER('5-2-P81'),$);
#1738= IFCPROPERTYSET('2C0x2qw_XA187kihv5CLw_',#5,'Pset_PlateCommon','Common Properties to plate elements',(#1025,#1737));
#1739= IFCQUANTITYLENGTH('Width',$,$,350.003875732422);
#1740= IFCQUANTITYAREA('NetArea',$,$,0.332191564548176);
#1741= IFCQUANTITYAREA('GrossArea',$,$,0.154002079166737);
#1742= IFCQUANTITYAREA('CrossSectionArea',$,$,0.000324);
#1743= IFCQUANTITYVOLUME('NetVolume',$,$,0.00274387027565054);
#1744= IFCQUANTITYVOLUME('GrossVolume',$,$,0.00277203027557486);
#1745= IFCELEMENTQUANTITY('3u0INzWLb2shod0kvddvfD',#5,'BaseQuantities',$,$,(#1739,#1740,#1741,#1742,#1743,#1744));
#1746= IFCSHAPEREPRESENTATION(#12,'Body','Brep',(#1712));
#1747= IFCPRODUCTDEFINITIONSHAPE($,$,(#1746));
#1748= IFCCARTESIANPOINT((52720.001171333,27367.9945684839,16894.9993396285));
#1749= IFCAXIS2PLACEMENT3D(#1748,#1717,#1718);
#1750= IFCLOCALPLACEMENT(#42,#1749);
#1751= IFCPLATE('2ZOiQms990dh6blgebjXAw',#44,'PLATE-18','PL18*350',$,#1750,#1747,'IDa362c6b0-d892-409e-b1a5-beaa25b612ba');
#1752= IFCPROPERTYSINGLEVALUE('Bottom elevation',$,IFCLABEL(' +16.886'),$);
#1753= IFCPROPERTYSINGLEVALUE('Top elevation',$,IFCLABEL(' +16.904'),$);
#1754= IFCPROPERTYSET('3nhBgxB5L5pgEUuKOuTR1$',#5,'Tekla Common','Common Properties to Shared building elements',(#1752,#1753,#1011,#1725,#1013,#1726));
#1755= IFCCOLOURRGB('Light Yellow',1.,0.898039215686275,0.);
#1756= IFCSURFACESTYLERENDERING(#1755,0.,$,$,$,$,IFCNORMALISEDRATIOMEASURE(0.00390625),IFCSPECULAREXPONENT(10.),.NOTDEFINED.);
#1757= IFCSURFACESTYLE('STEEL/S275',.POSITIVE.,(#1756));
#1758= IFCPRESENTATIONSTYLEASSIGNMENT((#1757));
#1759= IFCCARTESIANPOINT((1.45519152283669E-11,-12.5000000000036,1.81898940354586E-11));
#1760= IFCCARTESIANPOINT((-3.25235305353999E-09,-12.4999999972133,1700.00000000083));
#1761= IFCCARTESIANPOINT((-3.29600879922509E-09,12.5000000027976,1700.00000000079));
#1762= IFCCARTESIANPOINT((-2.18278728425503E-11,12.5000000000073,-2.18278728425503E-11));
#1763= IFCPOLYLOOP((#1759,#1760,#1761,#1762));
#1764= IFCFACEOUTERBOUND(#1763,.T.);
#1765= IFCFACE((#1764));
#1766= IFCCARTESIANPOINT((440.002441403005,-12.4999999972169,1700.00000000008));
#1767= IFCCARTESIANPOINT((440.002441402961,12.5000000027976,1700.00000000004));
#1768= IFCPOLYLOOP((#1760,#1766,#1767,#1761));
#1769= IFCFACEOUTERBOUND(#1768,.T.);
#1770= IFCFACE((#1769));
#1771= IFCCARTESIANPOINT((440.002441406272,-12.5000000000073,-7.45785655453801E-10));
#1772= IFCCARTESIANPOINT((440.002441406228,12.5000000000073,-7.8580342233181E-10));
#1773= IFCPOLYLOOP((#1766,#1771,#1772,#1767));
#1774= IFCFACEOUTERBOUND(#1773,.T.);
#1775= IFCFACE((#1774));
#1776= IFCPOLYLOOP((#1771,#1759,#1762,#1772));
#1777= IFCFACEOUTERBOUND(#1776,.T.);
#1778= IFCFACE((#1777));
#1779= IFCPOLYLOOP((#1767,#1772,#1762,#1761));
#1780= IFCFACEOUTERBOUND(#1779,.T.);
#1781= IFCFACE((#1780));
#1782= IFCPOLYLOOP((#1771,#1766,#1760,#1759));
#1783= IFCFACEOUTERBOUND(#1782,.T.);
#1784= IFCFACE((#1783));
#1785= IFCCLOSEDSHELL((#1765,#1770,#1775,#1778,#1781,#1784));
#1786= IFCFACETEDBREP(#1785);
#1787= IFCSTYLEDITEM(#1786,(#1758),$);
#1788= IFCSHAPEREPRESENTATION(#12,'Body','Brep',(#1786));
#1789= IFCPRODUCTDEFINITIONSHAPE($,$,(#1788));
#1790= IFCCARTESIANPOINT((53160.0029159453,27355.5248552873,17605.0003696209));
#1791= IFCAXIS2PLACEMENT3D(#1790,#129,#899);
#1792= IFCLOCALPLACEMENT(#42,#1791);
#1793= IFCPLATE('1aCf8dRAHAhg6Nf92jk6RO',#921,'PLATE-25','PL25*440',$,#1792,#1789,'ID64329227-6ca4-4aae-a197-a490adb866d8');
#1794= IFCPLATETYPE('12f2WbWUfDZ88aSO9m3GxA',#5,'PL25*440',$,$,$,$,$,$,.NOTDEFINED.);
#1795= IFCPROPERTYSINGLEVALUE('Bottom elevation',$,IFCLABEL(' +15.905'),$);
#1796= IFCPROPERTYSINGLEVALUE('Top elevation',$,IFCLABEL(' +17.605'),$);
#1797= IFCPROPERTYSINGLEVALUE('Preliminary mark',$,IFCLABEL('5-2-P11(?)'),$);
#1798= IFCPROPERTYSINGLEVALUE('Class',$,IFCLABEL('20'),$);
#1799= IFCPROPERTYSET('3QbZBvYb9CgBnItGHGZY1e',#5,'Tekla Common','Common Properties to Shared building elements',(#1795,#1796,#1011,#1797,#1013,#1798));
#1800= IFCPROPERTYSINGLEVALUE('Weight',$,IFCMASSMEASURE(146.8),$);
#1801= IFCPROPERTYSINGLEVALUE('Volume',$,IFCVOLUMEMEASURE(0.019),$);
#1802= IFCPROPERTYSINGLEVALUE('Gross footprint area',$,IFCAREAMEASURE(0.011),$);
#1803= IFCPROPERTYSINGLEVALUE('Area per tons',$,IFCAREAMEASURE(10.92),$);
#1804= IFCPROPERTYSINGLEVALUE('Net surface area',$,IFCAREAMEASURE(1.603),$);
#1805= IFCPROPERTYSINGLEVALUE('Height',$,IFCLENGTHMEASURE(440.),$);
#1806= IFCPROPERTYSINGLEVALUE('Width',$,IFCLENGTHMEASURE(25.),$);
#1807= IFCPROPERTYSINGLEVALUE('Length',$,IFCLENGTHMEASURE(1700.),$);
#1808= IFCPROPERTYSET('17LSDUPtr9egZnksrpK19l',#5,'Tekla Quantity','Quantity Properties to Shared building elements',(#1800,#1801,#1802,#1803,#1804,#1805,#1806,#1807));
#1809= IFCPROPERTYSINGLEVALUE('Reference',$,IFCIDENTIFIER('5-2-P11'),$);
#1810= IFCPROPERTYSET('1MztTS2mz8tgPa3pHvRsIU',#5,'Pset_PlateCommon','Common Properties to plate elements',(#1025,#1809));
#1811= IFCQUANTITYLENGTH('Width',$,$,440.002441412478);
#1812= IFCQUANTITYAREA('NetArea',$,$,1.60300842285158);
#1813= IFCQUANTITYAREA('GrossArea',$,$,0.748004150404045);
#1814= IFCQUANTITYAREA('CrossSectionArea',$,$,0.000625);
#1815= IFCQUANTITYVOLUME('NetVolume',$,$,0.0187001037597658);
#1816= IFCQUANTITYVOLUME('GrossVolume',$,$,0.0187001037597658);
#1817= IFCELEMENTQUANTITY('1MyjV_6MbDuP1xI57ZXGvO',#5,'BaseQuantities',$,$,(#1811,#1812,#1813,#1814,#1815,#1816));
#1818= IFCRELAGGREGATES('2TsnL5IeP4uePzKKmoqVOl',#5,$,$,#37,(#39));
#1819= IFCRELAGGREGATES('2yBzpZ4sHCLwcDGfIWB$fc',#5,$,$,#39,(#41));
#1820= IFCRELAGGREGATES('1tEeACwsHFvO6gP0xAOuPo',#5,$,$,#41,(#43));
#1821= IFCRELCONTAINEDINSPATIALSTRUCTURE('3hsTm9etPDyeXkvSOZy_bB',#5,$,$,(#1793,#1751,#1721,#1670,#1647,#1562,#1532,#1437,#1431,#1408,#1296,#1288,#1282,#1261,#1156,#1145,#1119,#1041,#1007,#920,#903,#496,#484,#405,#393,#313,#306,#299,#292,#285,#278,#271,#264,#257,#250,#243,#236,#229,#222,#215,#208,#201,#194,#187,#180,#173,#166,#159,#133),#43);
#1822= IFCRELDEFINESBYPROPERTIES('01NsK1ih9D2B_tlbKDAU6G',#5,$,$,(#313,#306,#299,#292,#285,#278,#271,#264,#257,#250,#243,#236,#229,#222,#215,#208,#201,#194,#187,#180,#173,#166,#159,#133),#151);
#1823= IFCRELDEFINESBYPROPERTIES('1r6dEG4Bz3keaubTeBvHM$',#5,$,$,(#405,#393),#398);
#1824= IFCRELDEFINESBYPROPERTIES('16ZaY2HQ95eRKuqsEQgaEs',#5,$,$,(#496,#484),#489);
#1825= IFCRELDEFINESBYPROPERTIES('1TIUw$7Yj7M9csoIZB_s4f',#5,$,$,(#920,#903),#912);
#1826= IFCRELDEFINESBYPROPERTIES('1diRLz2arE$vZwBqxZeLzK',#5,$,$,(#1156,#1007),#1015);
#1827= IFCRELDEFINESBYPROPERTIES('1$OV6DeKf1SumIE9dWFJ5L',#5,$,$,(#1282,#1156,#1041,#1007),#1024);
#1828= IFCRELDEFINESBYPROPERTIES('10Y4UUSHH7IvXqZdkTCCpn',#5,$,$,(#1282,#1156,#1041,#1007),#1027);
#1829= IFCRELDEFINESBYPROPERTIES('1FChiPHz5DYBZSQ4AyNFO7',#5,$,$,(#1282,#1156,#1041,#1007),#1034);
#1830= IFCRELDEFINESBYPROPERTIES('01VVGq4WX0WgtCgZUE2sjD',#5,$,$,(#1282,#1041),#1044);
#1831= IFCRELDEFINESBYPROPERTIES('0AZ8TjgWz5OhRThVas_yFK',#5,$,$,(#1296,#1119),#1124);
#1832= IFCRELDEFINESBYPROPERTIES('3cCMeS7cr4tfISLjLDvnV6',#5,$,$,(#1431,#1296,#1145,#1119),#1131);
#1833= IFCRELDEFINESBYPROPERTIES('076QSZr31AuRpEGGA8bkUd',#5,$,$,(#1431,#1296,#1145,#1119),#1133);
#1834= IFCRELDEFINESBYPROPERTIES('2AArqRFl97ZxwT6bqqM8ef',#5,$,$,(#1145,#1119),#1139);
#1835= IFCRELDEFINESBYPROPERTIES('2KOgydJ0vA_OP4UQgou8H0',#5,$,$,(#1431,#1145),#1148);
#1836= IFCRELDEFINESBYPROPERTIES('2VfnfHhb9EqvszTHoTvyl5',#5,$,$,(#1261),#1263);
#1837= IFCRELDEFINESBYPROPERTIES('3RzZeb3UfAEetQiR_LXxrg',#5,$,$,(#1288,#1261),#1268);
#1838= IFCRELDEFINESBYPROPERTIES('2tjbdk_jX3PhesOTFF7vYM',#5,$,$,(#1288,#1261),#1270);
#1839= IFCRELDEFINESBYPROPERTIES('3AtAFkVIT3owAb0MWercZc',#5,$,$,(#1288,#1261),#1276);
#1840= IFCRELDEFINESBYPROPERTIES('3yEHUFfQr4Yuz3F5huIUU8',#5,$,$,(#1288),#1289);
#1841= IFCRELDEFINESBYPROPERTIES('02yps$l6LBOxybBwrT7eCJ',#5,$,$,(#1431,#1296),#1299);
#1842= IFCRELDEFINESBYPROPERTIES('1s2Oebpb9AKP1QJHlMeS7o',#5,$,$,(#1408),#1411);
#1843= IFCRELDEFINESBYPROPERTIES('2PPr38isb6sBp0PNfhb6pY',#5,$,$,(#1437,#1408),#1417);
#1844= IFCRELDEFINESBYPROPERTIES('3k01Gtd7H17gjYn0ZA3M7r',#5,$,$,(#1408),#1419);
#1845= IFCRELDEFINESBYPROPERTIES('0A3SP1D$n3NwJWHu$dXWEq',#5,$,$,(#1437,#1408),#1425);
#1846= IFCRELDEFINESBYPROPERTIES('2YqhXSugrAvuyGc07CaI2G',#5,$,$,(#1437),#1439);
#1847= IFCRELDEFINESBYPROPERTIES('0cCMxUUJ5F_BC$iq79cZ8z',#5,$,$,(#1437),#1441);
#1848= IFCRELDEFINESBYPROPERTIES('0m05WngLr6nx8PhwDMmv4h',#5,$,$,(#1562,#1532),#1538);
#1849= IFCRELDEFINESBYPROPERTIES('2ERv$wup54qftF9mXhCD_l',#5,$,$,(#1562,#1532),#1547);
#1850= IFCRELDEFINESBYPROPERTIES('3nqTqoIzP8V9ch$3Fm8RA$',#5,$,$,(#1562,#1532),#1549);
#1851= IFCRELDEFINESBYPROPERTIES('1vD6F0OWr8buTMMROsctmw',#5,$,$,(#1562,#1532),#1556);
#1852= IFCRELDEFINESBYPROPERTIES('2ontlztv1FIAE95Dkd5SOv',#5,$,$,(#1670,#1647),#1651);
#1853= IFCRELDEFINESBYPROPERTIES('1ymR7tAmT6SOSztW1Dp2Oc',#5,$,$,(#1670,#1647),#1656);
#1854= IFCRELDEFINESBYPROPERTIES('28qZT6RzLFqAQZGZrhC$gQ',#5,$,$,(#1670,#1647),#1658);
#1855= IFCRELDEFINESBYPROPERTIES('0RBnI62Wz1k9an6$FquN4V',#5,$,$,(#1670,#1647),#1664);
#1856= IFCRELDEFINESBYPROPERTIES('16O4jhQzf1Qx4QXiR39JOZ',#5,$,$,(#1721),#1727);
#1857= IFCRELDEFINESBYPROPERTIES('1msyD$hU1DyuaSOyvXS2YS',#5,$,$,(#1751,#1721),#1736);
#1858= IFCRELDEFINESBYPROPERTIES('08YoUY_8fCXQGsj4BDsHmL',#5,$,$,(#1751,#1721),#1738);
#1859= IFCRELDEFINESBYPROPERTIES('3riUuZQa19ghU95fvHRvnO',#5,$,$,(#1751,#1721),#1745);
#1860= IFCRELDEFINESBYPROPERTIES('0peqGzo0T52Ai3Kl13Z5LC',#5,$,$,(#1751),#1754);
#1861= IFCRELDEFINESBYPROPERTIES('1C8_Hlg9r9p80Pk17gnCy$',#5,$,$,(#1793),#1799);
#1862= IFCRELDEFINESBYPROPERTIES('2fzfKcvXzFe9aqMqzhOxoY',#5,$,$,(#1793),#1808);
#1863= IFCRELDEFINESBYPROPERTIES('2AGPM0lwD3oflE_7AuTmcy',#5,$,$,(#1793),#1810);
#1864= IFCRELDEFINESBYPROPERTIES('1_ELGw3bPFx9HooE4Bu784',#5,$,$,(#1793),#1817);
#1865= IFCRELDEFINESBYTYPE('3pI_oaz2z729ypfv4YPaWO',#5,$,$,(#920,#903,#496,#484,#405,#393,#313,#306,#299,#292,#285,#278,#271,#264,#257,#250,#243,#236,#229,#222,#215,#208,#201,#194,#187,#180,#173,#166,#159,#133),#134);
#1866= IFCRELDEFINESBYTYPE('0MBgHF7ib9ww332RamUgQE',#5,$,$,(#1288,#1282,#1261,#1156,#1041,#1007),#1008);
#1867= IFCRELDEFINESBYTYPE('1xKdHFgtPBdOgRDqMaU2Dx',#5,$,$,(#1431,#1296,#1145,#1119),#1120);
#1868= IFCRELDEFINESBYTYPE('1A95xCSib2Axa54nibzCwS',#5,$,$,(#1437,#1408),#1409);
#1869= IFCRELDEFINESBYTYPE('08FHzICDHDZxBDqn0YVO0e',#5,$,$,(#1670,#1647,#1562,#1532),#1533);
#1870= IFCRELDEFINESBYTYPE('1rflYQkor0Rf2jDA$ehJGJ',#5,$,$,(#1751,#1721),#1722);
#1871= IFCRELDEFINESBYTYPE('2cyHnWiQzEPuTpUGBjocfC',#5,$,$,(#1793),#1794);
#1872= IFCRELASSOCIATESMATERIAL('2uPA7tCuf4SRyIjxbbMlcD',#5,$,$,(#496,#484,#405,#393,#313,#306,#299,#292,#285,#278,#271,#264,#257,#250,#243,#236,#229,#222,#215,#208,#201,#194,#187,#180,#173,#166,#159,#133),#152);
#1873= IFCRELASSOCIATESMATERIAL('3ftoai5Y9AhvUnkv2JeGLH',#5,$,$,(#920,#903),#913);
#1874= IFCRELASSOCIATESMATERIAL('3d_$UJ4Sz8ruyG5scfCntl',#5,$,$,(#1793,#1751,#1721,#1670,#1647,#1562,#1532,#1437,#1431,#1408,#1296,#1288,#1282,#1261,#1156,#1145,#1119,#1041,#1007),#1035);
#1875= IFCPRESENTATIONLAYERASSIGNMENT('BoltArray',$,(#126,#154,#161,#168,#175,#182,#189,#196,#203,#210,#217,#224,#231,#238,#245,#252,#259,#266,#273,#280,#287,#294,#301,#308,#386,#400,#478,#491,#896,#915),$);
#1876= IFCPRESENTATIONLAYERASSIGNMENT('PLATE-8',$,(#1000,#1036,#1112,#1140,#1149,#1254,#1277,#1283,#1290,#1402,#1426,#1432),$);
#1877= IFCPRESENTATIONLAYERASSIGNMENT('PLATE-12',$,(#1525,#1557,#1642,#1665),$);
#1878= IFCPRESENTATIONLAYERASSIGNMENT('PLATE-18',$,(#1714,#1746),$);
#1879= IFCPRESENTATIONLAYERASSIGNMENT('PLATE-25',$,(#1788),$);
ENDSEC;

END-ISO-10303-21;
