ISO-10303-21;
HEADER;
FILE_DESCRIPTION(('ViewDefinition[CoordinationView_V2.0, QuantityTakeOffAddOnView]', 'ExchangeRequirement[Structural, SurfaceGeometry]', 'Option [BaseQuantities:On]', 'Option [GridExport:On]', 'Option [Assemblies:Off]', 'Option [Bolts:On]', 'Option [Rebars:On]', 'Option [PourObjects:Off]', 'Option [Welds:Off]', 'Option [SurfaceTreatments:On]', 'Option [LocationBy:0]', 'Option [ViewColors:Off]', 'Option [SectionedSpine:Off]', 'Option [PropertySets:On]', 'Option [Export all:Off]'),'2;1');
FILE_NAME('5-2-A7_2.ifc','2026-03-10T08:04:15',('DESKTOP-NLV509P\\Ahmed'),('Structural Designer'),'IFC Parser version: 3.13.2','Tekla Structures 2023 Service Pack 8, IFC Export Version: 4.0.0.0 Jan 19 2024','');
FILE_SCHEMA(('IFC2X3'));
ENDSEC;

DATA;
#1= IFCPERSON('DESKTOP-NLV509P\\Ahmed','Undefined',$,$,$,$,$,$);
#2= IFCORGANIZATION($,'Trimble Solutions Corporation',$,$,$);
#3= IFCPERSONANDORGANIZATION(#1,#2,$);
#4= IFCAPPLICATION(#2,'2023 Service Pack 8','Tekla Structures','Multi material modeling');
#5= IFCOWNERHISTORY(#3,#4,$,.NOCHANGE.,$,$,$,1773119055);
#6= IFCCARTESIANPOINT((0.,0.,0.));
#7= IFCDIRECTION((1.,0.,0.));
#8= IFCDIRECTION((0.,1.,0.));
#9= IFCDIRECTION((0.,0.,1.));
#10= IFCAXIS2PLACEMENT3D(#6,#9,#7);
#11= IFCGEOMETRICREPRESENTATIONCONTEXT($,'Model',3,1.E-05,#10,$);
#12= IFCGEOMETRICREPRESENTATIONSUBCONTEXT('Body','Model',*,*,*,*,#11,$,.MODEL_VIEW.,$);
#13= IFCGEOMETRICREPRESENTATIONSUBCONTEXT('Axis','Model',*,*,*,*,#11,$,.GRAPH_VIEW.,$);
#14= IFCGEOMETRICREPRESENTATIONSUBCONTEXT('FootPrint','Model',*,*,*,*,#11,$,.MODEL_VIEW.,$);
#15= IFCSIUNIT(*,.LENGTHUNIT.,.MILLI.,.METRE.);
#16= IFCMEASUREWITHUNIT(IFCRATIOMEASURE(304.8),#15);
#17= IFCDIMENSIONALEXPONENTS(1,0,0,0,0,0,0);
#18= IFCCONVERSIONBASEDUNIT(#17,.LENGTHUNIT.,'FOOT',#16);
#19= IFCSIUNIT(*,.AREAUNIT.,$,.SQUARE_METRE.);
#20= IFCMEASUREWITHUNIT(IFCRATIOMEASURE(0.09290304),#19);
#21= IFCDIMENSIONALEXPONENTS(2,0,0,0,0,0,0);
#22= IFCCONVERSIONBASEDUNIT(#21,.AREAUNIT.,'SQUARE FOOT',#20);
#23= IFCSIUNIT(*,.VOLUMEUNIT.,$,.CUBIC_METRE.);
#24= IFCMEASUREWITHUNIT(IFCRATIOMEASURE(0.028316846592),#23);
#25= IFCDIMENSIONALEXPONENTS(3,0,0,0,0,0,0);
#26= IFCCONVERSIONBASEDUNIT(#25,.VOLUMEUNIT.,'CUBIC FOOT',#24);
#27= IFCSIUNIT(*,.MASSUNIT.,.KILO.,.GRAM.);
#28= IFCSIUNIT(*,.TIMEUNIT.,$,.SECOND.);
#29= IFCSIUNIT(*,.PLANEANGLEUNIT.,$,.RADIAN.);
#30= IFCMEASUREWITHUNIT(IFCRATIOMEASURE(0.0174532925199433),#29);
#31= IFCDIMENSIONALEXPONENTS(0,0,0,0,0,0,0);
#32= IFCCONVERSIONBASEDUNIT(#31,.PLANEANGLEUNIT.,'DEGREE',#30);
#33= IFCSIUNIT(*,.SOLIDANGLEUNIT.,$,.STERADIAN.);
#34= IFCSIUNIT(*,.THERMODYNAMICTEMPERATUREUNIT.,$,.DEGREE_CELSIUS.);
#35= IFCSIUNIT(*,.LUMINOUSINTENSITYUNIT.,$,.LUMEN.);
#36= IFCUNITASSIGNMENT((#15,#19,#23,#27,#28,#29,#33,#34,#35));
#37= IFCPROJECT('03pwTzt_b8lPY7LD0eAMaP',#5,'Undefined',$,$,$,$,(#11),#36);
#38= IFCLOCALPLACEMENT($,#10);
#39= IFCSITE('1czvdF97n9OA8pSr$rVDef',#5,'Undefined',$,$,#38,$,$,.ELEMENT.,$,$,$,$,$);
#40= IFCLOCALPLACEMENT(#38,#10);
#41= IFCBUILDING('0VjYoOvKXDVBRCh_s0a1SU',#5,'Undefined',$,$,#40,$,$,.ELEMENT.,$,$,$);
#42= IFCLOCALPLACEMENT(#40,#10);
#43= IFCBUILDINGSTOREY('3gJPpYF7LCbf7I109fNVl5',#5,'Undefined',$,$,#42,$,$,.ELEMENT.,0.);
#44= IFCOWNERHISTORY(#3,#4,$,.NOCHANGE.,$,$,$,1770796800);
#45= IFCCOLOURRGB($,0.698039215686274,0.4,0.);
#46= IFCSURFACESTYLERENDERING(#45,0.,$,$,$,$,IFCNORMALISEDRATIOMEASURE(0.00390625),IFCSPECULAREXPONENT(10.),.NOTDEFINED.);
#47= IFCSURFACESTYLE('Undefined',.POSITIVE.,(#46));
#48= IFCPRESENTATIONSTYLEASSIGNMENT((#47));
#49= IFCCARTESIANPOINT((15.,101.189005263777,0.));
#50= IFCCARTESIANPOINT((12.9903810567663,101.189005263777,7.50000000000045));
#51= IFCCARTESIANPOINT((7.4999999999991,101.189005263777,12.9903810567671));
#52= IFCCARTESIANPOINT((-1.55450397240048E-12,101.189005263777,15.));
#53= IFCCARTESIANPOINT((-7.50000000000179,101.189005263777,12.9903810567655));
#54= IFCCARTESIANPOINT((-12.9903810567679,101.189005263777,7.49999999999776));
#55= IFCCARTESIANPOINT((-15.,101.189005263777,-3.10900794480097E-12));
#56= IFCCARTESIANPOINT((-12.9903810567648,101.189005263777,-7.50000000000313));
#57= IFCCARTESIANPOINT((-7.49999999999642,101.189005263777,-12.9903810567686));
#58= IFCCARTESIANPOINT((4.64685857183207E-12,101.189005263777,-15.));
#59= IFCCARTESIANPOINT((7.50000000000448,101.189005263777,-12.990381056764));
#60= IFCCARTESIANPOINT((12.9903810567694,101.189005263777,-7.49999999999507));
#61= IFCCARTESIANPOINT((15.,126.289005270559,0.));
#62= IFCCARTESIANPOINT((12.9903810567663,126.289005270559,7.50000000000045));
#63= IFCCARTESIANPOINT((7.4999999999991,126.289005270559,12.9903810567671));
#64= IFCCARTESIANPOINT((-1.55450397240048E-12,126.289005270559,15.));
#65= IFCCARTESIANPOINT((-7.50000000000179,126.289005270559,12.9903810567655));
#66= IFCCARTESIANPOINT((-12.9903810567679,126.289005270559,7.49999999999776));
#67= IFCCARTESIANPOINT((-15.,126.289005270559,-3.10900794480097E-12));
#68= IFCCARTESIANPOINT((-12.9903810567648,126.289005270559,-7.50000000000313));
#69= IFCCARTESIANPOINT((-7.49999999999642,126.289005270559,-12.9903810567686));
#70= IFCCARTESIANPOINT((4.64685857183207E-12,126.289005270559,-15.));
#71= IFCCARTESIANPOINT((7.50000000000448,126.289005270559,-12.990381056764));
#72= IFCCARTESIANPOINT((12.9903810567694,126.289005270559,-7.49999999999507));
#73= IFCPOLYLOOP((#49,#50,#51,#52,#53,#54,#55,#56,#57,#58,#59,#60));
#74= IFCFACEOUTERBOUND(#73,.T.);
#75= IFCFACE((#74));
#76= IFCPOLYLOOP((#72,#71,#70,#69,#68,#67,#66,#65,#64,#63,#62,#61));
#77= IFCFACEOUTERBOUND(#76,.T.);
#78= IFCFACE((#77));
#79= IFCPOLYLOOP((#49,#61,#62,#50));
#80= IFCFACEOUTERBOUND(#79,.T.);
#81= IFCFACE((#80));
#82= IFCPOLYLOOP((#50,#62,#63,#51));
#83= IFCFACEOUTERBOUND(#82,.T.);
#84= IFCFACE((#83));
#85= IFCPOLYLOOP((#51,#63,#64,#52));
#86= IFCFACEOUTERBOUND(#85,.T.);
#87= IFCFACE((#86));
#88= IFCPOLYLOOP((#52,#64,#65,#53));
#89= IFCFACEOUTERBOUND(#88,.T.);
#90= IFCFACE((#89));
#91= IFCPOLYLOOP((#53,#65,#66,#54));
#92= IFCFACEOUTERBOUND(#91,.T.);
#93= IFCFACE((#92));
#94= IFCPOLYLOOP((#54,#66,#67,#55));
#95= IFCFACEOUTERBOUND(#94,.T.);
#96= IFCFACE((#95));
#97= IFCPOLYLOOP((#55,#67,#68,#56));
#98= IFCFACEOUTERBOUND(#97,.T.);
#99= IFCFACE((#98));
#100= IFCPOLYLOOP((#56,#68,#69,#57));
#101= IFCFACEOUTERBOUND(#100,.T.);
#102= IFCFACE((#101));
#103= IFCPOLYLOOP((#57,#69,#70,#58));
#104= IFCFACEOUTERBOUND(#103,.T.);
#105= IFCFACE((#104));
#106= IFCPOLYLOOP((#58,#70,#71,#59));
#107= IFCFACEOUTERBOUND(#106,.T.);
#108= IFCFACE((#107));
#109= IFCPOLYLOOP((#59,#71,#72,#60));
#110= IFCFACEOUTERBOUND(#109,.T.);
#111= IFCFACE((#110));
#112= IFCPOLYLOOP((#60,#72,#61,#49));
#113= IFCFACEOUTERBOUND(#112,.T.);
#114= IFCFACE((#113));
#115= IFCCLOSEDSHELL((#75,#78,#81,#84,#87,#90,#93,#96,#99,#102,#105,#108,#111,#114));
#116= IFCCOLOURRGB($,0.,0.,0.);
#117= IFCSURFACESTYLERENDERING(#116,0.,$,$,$,$,IFCNORMALISEDRATIOMEASURE(0.00390625),IFCSPECULAREXPONENT(10.),.NOTDEFINED.);
#118= IFCSURFACESTYLE($,.POSITIVE.,(#117));
#119= IFCPRESENTATIONSTYLEASSIGNMENT((#118));
#120= IFCFACETEDBREP(#115);
#121= IFCSTYLEDITEM(#120,(#119),$);
#122= IFCCARTESIANTRANSFORMATIONOPERATOR3D($,$,#6,$,$);
#123= IFCSHAPEREPRESENTATION(#12,'Body','Brep',(#120));
#124= IFCREPRESENTATIONMAP(#10,#123);
#125= IFCMAPPEDITEM(#124,#122);
#126= IFCSHAPEREPRESENTATION(#12,'Body','MappedRepresentation',(#125));
#127= IFCPRODUCTDEFINITIONSHAPE($,$,(#126));
#128= IFCCARTESIANPOINT((12370.0007623759,29969.2122638949,17554.9961054475));
#129= IFCDIRECTION((7.44599674362689E-10,-3.1931000023178E-05,-0.999999999490206));
#130= IFCDIRECTION((0.999999999728112,2.33190000774491E-05,0.));
#131= IFCAXIS2PLACEMENT3D(#128,#129,#130);
#132= IFCLOCALPLACEMENT(#42,#131);
#133= IFCMECHANICALFASTENER('3bTrIVtDD3sOJAx26qBihd',#44,'Bolt assembly',$,$,#132,#127,'IDe577549f-dcd3-43d9-84ca-ec21b42ecae7',28.,25.);
#134= IFCMECHANICALFASTENERTYPE('16KtbU2e57b8s0kurTzdC0',#5,'Bolt assembly',$,$,$,$,$,$);
#135= IFCPROPERTYSINGLEVALUE('Washer count',$,IFCINTEGER(0),$);
#136= IFCPROPERTYSINGLEVALUE('Washer diameter',$,IFCLENGTHMEASURE(28.),$);
#137= IFCPROPERTYSINGLEVALUE('Washer type',$,IFCLABEL('PLAIN'),$);
#138= IFCPROPERTYSINGLEVALUE('Washer name',$,IFCLABEL(''),$);
#139= IFCPROPERTYSINGLEVALUE('Nut count',$,IFCINTEGER(0),$);
#140= IFCPROPERTYSINGLEVALUE('Nut type',$,IFCLABEL('HEAVY_HEX'),$);
#141= IFCPROPERTYSINGLEVALUE('Nut name',$,IFCLABEL(''),$);
#142= IFCPROPERTYSINGLEVALUE('Slotted hole y',$,IFCLENGTHMEASURE(0.),$);
#143= IFCPROPERTYSINGLEVALUE('Slotted hole x',$,IFCLENGTHMEASURE(0.),$);
#144= IFCPROPERTYSINGLEVALUE('Bolt hole diameter',$,IFCLENGTHMEASURE(30.),$);
#145= IFCPROPERTYSINGLEVALUE('Location',$,IFCLABEL('Site'),$);
#146= IFCPROPERTYSINGLEVALUE('Bolt count',$,IFCINTEGER(1),$);
#147= IFCPROPERTYSINGLEVALUE('Bolt size',$,IFCLENGTHMEASURE(30.),$);
#148= IFCPROPERTYSINGLEVALUE('Bolt length',$,IFCLENGTHMEASURE(25.),$);
#149= IFCPROPERTYSINGLEVALUE('Bolt standard',$,IFCLABEL(''),$);
#150= IFCPROPERTYSINGLEVALUE('Bolt Name',$,IFCLABEL(''),$);
#151= IFCPROPERTYSET('3RzHx2U3DCMAfD7l$H_kYD',#5,'Tekla Bolt','Bolt Properties',(#135,#136,#137,#138,#139,#140,#141,#142,#143,#144,#145,#146,#147,#148,#149,#150));
#152= IFCMATERIAL('Undefined');
#153= IFCMAPPEDITEM(#124,#122);
#154= IFCSHAPEREPRESENTATION(#12,'Body','MappedRepresentation',(#153));
#155= IFCPRODUCTDEFINITIONSHAPE($,$,(#154));
#156= IFCCARTESIANPOINT((12540.0007623761,29969.2122639078,17554.9960963813));
#157= IFCAXIS2PLACEMENT3D(#156,#129,#130);
#158= IFCLOCALPLACEMENT(#42,#157);
#159= IFCMECHANICALFASTENER('09o3GCGTbAsO$_LQcUl90N',#44,'Bolt assembly',$,$,#158,#155,'ID09c8340c-41d9-4ad9-8ffe-55a99ebc9017',28.,25.);
#160= IFCMAPPEDITEM(#124,#122);
#161= IFCSHAPEREPRESENTATION(#12,'Body','MappedRepresentation',(#160));
#162= IFCPRODUCTDEFINITIONSHAPE($,$,(#161));
#163= IFCCARTESIANPOINT((12710.0007623764,29969.2122639206,17554.9960873151));
#164= IFCAXIS2PLACEMENT3D(#163,#129,#130);
#165= IFCLOCALPLACEMENT(#42,#164);
#166= IFCMECHANICALFASTENER('0LbVMEq_j15ude_A83o2bG',#44,'Bolt assembly',$,$,#165,#162,'ID1595f58e-d3eb-4117-89e8-f8a203c82950',28.,25.);
#167= IFCMAPPEDITEM(#124,#122);
#168= IFCSHAPEREPRESENTATION(#12,'Body','MappedRepresentation',(#167));
#169= IFCPRODUCTDEFINITIONSHAPE($,$,(#168));
#170= IFCCARTESIANPOINT((12370.0007517101,29969.2058777429,17354.9961055493));
#171= IFCAXIS2PLACEMENT3D(#170,#129,#130);
#172= IFCLOCALPLACEMENT(#42,#171);
#173= IFCMECHANICALFASTENER('0_zgyPNE1AhPMS1Gw7VkF9',#44,'Bolt assembly',$,$,#172,#169,'ID3ef6af19-5ce0-4aad-959c-050e877ee3c9',28.,25.);
#174= IFCMAPPEDITEM(#124,#122);
#175= IFCSHAPEREPRESENTATION(#12,'Body','MappedRepresentation',(#174));
#176= IFCPRODUCTDEFINITIONSHAPE($,$,(#175));
#177= IFCCARTESIANPOINT((12540.0007517104,29969.2058777557,17354.9960964831));
#178= IFCAXIS2PLACEMENT3D(#177,#129,#130);
#179= IFCLOCALPLACEMENT(#42,#178);
#180= IFCMECHANICALFASTENER('0moIij0ez4aQ4zkg1UpwfT',#44,'Bolt assembly',$,$,#179,#176,'ID30c92b2d-028f-4491-a13d-baa05ecfaa5d',28.,25.);
#181= IFCMAPPEDITEM(#124,#122);
#182= IFCSHAPEREPRESENTATION(#12,'Body','MappedRepresentation',(#181));
#183= IFCPRODUCTDEFINITIONSHAPE($,$,(#182));
#184= IFCCARTESIANPOINT((12710.0007517106,29969.2058777685,17354.9960874168));
#185= IFCAXIS2PLACEMENT3D(#184,#129,#130);
#186= IFCLOCALPLACEMENT(#42,#185);
#187= IFCMECHANICALFASTENER('0qj3uCndDA8h13MB9ltjD0',#44,'Bolt assembly',$,$,#186,#183,'ID34b43e0c-c673-4a22-b043-58b26fded340',28.,25.);
#188= IFCMAPPEDITEM(#124,#122);
#189= IFCSHAPEREPRESENTATION(#12,'Body','MappedRepresentation',(#188));
#190= IFCPRODUCTDEFINITIONSHAPE($,$,(#189));
#191= IFCCARTESIANPOINT((12370.0007410444,29969.1994915908,17154.996105651));
#192= IFCAXIS2PLACEMENT3D(#191,#129,#130);
#193= IFCLOCALPLACEMENT(#42,#192);
#194= IFCMECHANICALFASTENER('3tnwikhq57vAOB8JUFVGoJ',#44,'Bolt assembly',$,$,#193,#190,'IDf7c7ab2e-af41-47e4-a60b-21378f7d0c93',28.,25.);
#195= IFCMAPPEDITEM(#124,#122);
#196= IFCSHAPEREPRESENTATION(#12,'Body','MappedRepresentation',(#195));
#197= IFCPRODUCTDEFINITIONSHAPE($,$,(#196));
#198= IFCCARTESIANPOINT((12540.0007410447,29969.1994916037,17154.9960965848));
#199= IFCAXIS2PLACEMENT3D(#198,#129,#130);
#200= IFCLOCALPLACEMENT(#42,#199);
#201= IFCMECHANICALFASTENER('0cFrn1z9P3xvXyYBTg3mMi',#44,'Bolt assembly',$,$,#200,#197,'ID263f5c41-f496-43ef-987c-88b76a0f05ac',28.,25.);
#202= IFCMAPPEDITEM(#124,#122);
#203= IFCSHAPEREPRESENTATION(#12,'Body','MappedRepresentation',(#202));
#204= IFCPRODUCTDEFINITIONSHAPE($,$,(#203));
#205= IFCCARTESIANPOINT((12710.0007410449,29969.1994916165,17154.9960875186));
#206= IFCAXIS2PLACEMENT3D(#205,#129,#130);
#207= IFCLOCALPLACEMENT(#42,#206);
#208= IFCMECHANICALFASTENER('2M5x9J5cD79wZWTAYxPYtm',#44,'Bolt assembly',$,$,#207,#204,'ID9617b253-1663-4727-a8e0-74a8bb662df0',28.,25.);
#209= IFCMAPPEDITEM(#124,#122);
#210= IFCSHAPEREPRESENTATION(#12,'Body','MappedRepresentation',(#209));
#211= IFCPRODUCTDEFINITIONSHAPE($,$,(#210));
#212= IFCCARTESIANPOINT((12370.0007303787,29969.1931054388,16954.9961057528));
#213= IFCAXIS2PLACEMENT3D(#212,#129,#130);
#214= IFCLOCALPLACEMENT(#42,#213);
#215= IFCMECHANICALFASTENER('1_kcStc$P6zul1bX07VXaD',#44,'Bolt assembly',$,$,#214,#211,'ID7eba6737-9bf6-46f7-8bc1-9610077e190d',28.,25.);
#216= IFCMAPPEDITEM(#124,#122);
#217= IFCSHAPEREPRESENTATION(#12,'Body','MappedRepresentation',(#216));
#218= IFCPRODUCTDEFINITIONSHAPE($,$,(#217));
#219= IFCCARTESIANPOINT((12540.0007303789,29969.1931054516,16954.9960966866));
#220= IFCAXIS2PLACEMENT3D(#219,#129,#130);
#221= IFCLOCALPLACEMENT(#42,#220);
#222= IFCMECHANICALFASTENER('18Zm0Jrg9CqumEG3pz2OqF',#44,'Bolt assembly',$,$,#221,#218,'ID488f0013-d6a2-4cd3-8c0e-403cfd098d0f',28.,25.);
#223= IFCMAPPEDITEM(#124,#122);
#224= IFCSHAPEREPRESENTATION(#12,'Body','MappedRepresentation',(#223));
#225= IFCPRODUCTDEFINITIONSHAPE($,$,(#224));
#226= IFCCARTESIANPOINT((12710.0007303792,29969.1931054645,16954.9960876204));
#227= IFCAXIS2PLACEMENT3D(#226,#129,#130);
#228= IFCLOCALPLACEMENT(#42,#227);
#229= IFCMECHANICALFASTENER('3235r5OAzFkhQSe_dEetmi',#44,'Bolt assembly',$,$,#228,#225,'IDc20c5d45-60af-4fba-b69c-a3e9cea37c2c',28.,25.);
#230= IFCMAPPEDITEM(#124,#122);
#231= IFCSHAPEREPRESENTATION(#12,'Body','MappedRepresentation',(#230));
#232= IFCPRODUCTDEFINITIONSHAPE($,$,(#231));
#233= IFCCARTESIANPOINT((12370.0007090472,29969.1803331347,16554.9961059564));
#234= IFCAXIS2PLACEMENT3D(#233,#129,#130);
#235= IFCLOCALPLACEMENT(#42,#234);
#236= IFCMECHANICALFASTENER('0ERodstFHCIRftOSDXuBqR',#44,'Bolt assembly',$,$,#235,#232,'ID0e6f29f6-dcf4-4c49-ba77-61c361e0bd1b',28.,25.);
#237= IFCMAPPEDITEM(#124,#122);
#238= IFCSHAPEREPRESENTATION(#12,'Body','MappedRepresentation',(#237));
#239= IFCPRODUCTDEFINITIONSHAPE($,$,(#238));
#240= IFCCARTESIANPOINT((12540.0007090475,29969.1803331475,16554.9960968901));
#241= IFCAXIS2PLACEMENT3D(#240,#129,#130);
#242= IFCLOCALPLACEMENT(#42,#241);
#243= IFCMECHANICALFASTENER('3zZ$uMih1C3eOp3mx8$iov',#44,'Bolt assembly',$,$,#242,#239,'IDfd8ffe16-b2b0-4c0e-8633-0f0ec8feccb9',28.,25.);
#244= IFCMAPPEDITEM(#124,#122);
#245= IFCSHAPEREPRESENTATION(#12,'Body','MappedRepresentation',(#244));
#246= IFCPRODUCTDEFINITIONSHAPE($,$,(#245));
#247= IFCCARTESIANPOINT((12710.0007090477,29969.1803331603,16554.9960878239));
#248= IFCAXIS2PLACEMENT3D(#247,#129,#130);
#249= IFCLOCALPLACEMENT(#42,#248);
#250= IFCMECHANICALFASTENER('1uVTuLma184ulIVLQRwkm8',#44,'Bolt assembly',$,$,#249,#246,'ID787dde15-c240-4813-8bd2-7d569beaec08',28.,25.);
#251= IFCMAPPEDITEM(#124,#122);
#252= IFCSHAPEREPRESENTATION(#12,'Body','MappedRepresentation',(#251));
#253= IFCPRODUCTDEFINITIONSHAPE($,$,(#252));
#254= IFCCARTESIANPOINT((12370.0006983815,29969.1739469827,16354.9961060573));
#255= IFCAXIS2PLACEMENT3D(#254,#129,#130);
#256= IFCLOCALPLACEMENT(#42,#255);
#257= IFCMECHANICALFASTENER('3MRY1Rlw17feR66v01awJA',#44,'Bolt assembly',$,$,#256,#253,'IDd66e205b-bfa0-47a6-86c6-1b900193a4ca',28.,25.);
#258= IFCMAPPEDITEM(#124,#122);
#259= IFCSHAPEREPRESENTATION(#12,'Body','MappedRepresentation',(#258));
#260= IFCPRODUCTDEFINITIONSHAPE($,$,(#259));
#261= IFCCARTESIANPOINT((12540.0006983817,29969.1739469955,16354.9960969911));
#262= IFCAXIS2PLACEMENT3D(#261,#129,#130);
#263= IFCLOCALPLACEMENT(#42,#262);
#264= IFCMECHANICALFASTENER('2ckQA0IJD7pQ63AnE_pltf',#44,'Bolt assembly',$,$,#263,#260,'IDa6b9a280-4933-47cd-a183-2b13becefde9',28.,25.);
#265= IFCMAPPEDITEM(#124,#122);
#266= IFCSHAPEREPRESENTATION(#12,'Body','MappedRepresentation',(#265));
#267= IFCPRODUCTDEFINITIONSHAPE($,$,(#266));
#268= IFCCARTESIANPOINT((12710.000698382,29969.1739470083,16354.9960879249));
#269= IFCAXIS2PLACEMENT3D(#268,#129,#130);
#270= IFCLOCALPLACEMENT(#42,#269);
#271= IFCMECHANICALFASTENER('3blLFfb3z1yB083c$rlAIh',#44,'Bolt assembly',$,$,#270,#267,'IDe5bd53e9-943f-41f0-b008-0e6ff5bca4ab',28.,25.);
#272= IFCMAPPEDITEM(#124,#122);
#273= IFCSHAPEREPRESENTATION(#12,'Body','MappedRepresentation',(#272));
#274= IFCPRODUCTDEFINITIONSHAPE($,$,(#273));
#275= IFCCARTESIANPOINT((12370.0006877157,29969.1675608306,16154.9961061591));
#276= IFCAXIS2PLACEMENT3D(#275,#129,#130);
#277= IFCLOCALPLACEMENT(#42,#276);
#278= IFCMECHANICALFASTENER('2RoZUnPuPAsfRcavhJM4B1',#44,'Bolt assembly',$,$,#277,#274,'ID9bca37b1-6786-4ada-96e6-939ad35842c1',28.,25.);
#279= IFCMAPPEDITEM(#124,#122);
#280= IFCSHAPEREPRESENTATION(#12,'Body','MappedRepresentation',(#279));
#281= IFCPRODUCTDEFINITIONSHAPE($,$,(#280));
#282= IFCCARTESIANPOINT((12540.000687716,29969.1675608434,16154.9960970929));
#283= IFCAXIS2PLACEMENT3D(#282,#129,#130);
#284= IFCLOCALPLACEMENT(#42,#283);
#285= IFCMECHANICALFASTENER('3JELlqWQr3qfnpn8DpRlX$',#44,'Bolt assembly',$,$,#284,#281,'IDd3395bf4-81ad-43d2-9c73-c483736ef87f',28.,25.);
#286= IFCMAPPEDITEM(#124,#122);
#287= IFCSHAPEREPRESENTATION(#12,'Body','MappedRepresentation',(#286));
#288= IFCPRODUCTDEFINITIONSHAPE($,$,(#287));
#289= IFCCARTESIANPOINT((12710.0006877162,29969.1675608563,16154.9960880267));
#290= IFCAXIS2PLACEMENT3D(#289,#129,#130);
#291= IFCLOCALPLACEMENT(#42,#290);
#292= IFCMECHANICALFASTENER('2pbhiTtHzAGeYY31r2BXGD',#44,'Bolt assembly',$,$,#291,#288,'IDb396bb1d-dd1f-4a42-88a2-0c1d422e140d',28.,25.);
#293= IFCMAPPEDITEM(#124,#122);
#294= IFCSHAPEREPRESENTATION(#12,'Body','MappedRepresentation',(#293));
#295= IFCPRODUCTDEFINITIONSHAPE($,$,(#294));
#296= IFCCARTESIANPOINT((12370.00067705,29969.1611746786,15954.9961062609));
#297= IFCAXIS2PLACEMENT3D(#296,#129,#130);
#298= IFCLOCALPLACEMENT(#42,#297);
#299= IFCMECHANICALFASTENER('11Le_dJEfERhK31JxvTaf4',#44,'Bolt assembly',$,$,#298,#295,'ID41568fa7-4cea-4e6e-b503-053ef9764a44',28.,25.);
#300= IFCMAPPEDITEM(#124,#122);
#301= IFCSHAPEREPRESENTATION(#12,'Body','MappedRepresentation',(#300));
#302= IFCPRODUCTDEFINITIONSHAPE($,$,(#301));
#303= IFCCARTESIANPOINT((12540.0006770503,29969.1611746914,15954.9960971947));
#304= IFCAXIS2PLACEMENT3D(#303,#129,#130);
#305= IFCLOCALPLACEMENT(#42,#304);
#306= IFCMECHANICALFASTENER('11YOpyuPH4TOXLrAauzlkf',#44,'Bolt assembly',$,$,#305,#302,'ID41898cfc-e194-4475-8855-d4a938f6fba9',28.,25.);
#307= IFCMAPPEDITEM(#124,#122);
#308= IFCSHAPEREPRESENTATION(#12,'Body','MappedRepresentation',(#307));
#309= IFCPRODUCTDEFINITIONSHAPE($,$,(#308));
#310= IFCCARTESIANPOINT((12710.0006770505,29969.1611747042,15954.9960881284));
#311= IFCAXIS2PLACEMENT3D(#310,#129,#130);
#312= IFCLOCALPLACEMENT(#42,#311);
#313= IFCMECHANICALFASTENER('3lPwC$fnH50vgGw9mcSxHX',#44,'Bolt assembly',$,$,#312,#309,'IDef67a33f-a714-4503-9a90-e89c2673b461',28.,25.);
#314= IFCCARTESIANPOINT((10.,-6.00057456746173,0.));
#315= IFCCARTESIANPOINT((8.66025403784421,-6.00057456746173,5.0000000000003));
#316= IFCCARTESIANPOINT((4.9999999999994,-6.00057456746173,8.66025403784473));
#317= IFCCARTESIANPOINT((-1.03633598160032E-12,-6.00057456746173,10.));
#318= IFCCARTESIANPOINT((-5.00000000000119,-6.00057456746173,8.6602540378437));
#319= IFCCARTESIANPOINT((-8.66025403784525,-6.00057456746173,4.99999999999851));
#320= IFCCARTESIANPOINT((-10.,-6.00057456746173,-2.07267196320065E-12));
#321= IFCCARTESIANPOINT((-8.66025403784318,-6.00057456746173,-5.00000000000209));
#322= IFCCARTESIANPOINT((-4.99999999999761,-6.00057456746173,-8.66025403784576));
#323= IFCCARTESIANPOINT((3.09790571455472E-12,-6.00057456746173,-10.));
#324= IFCCARTESIANPOINT((5.00000000000299,-6.00057456746173,-8.66025403784266));
#325= IFCCARTESIANPOINT((8.66025403784628,-6.00057456746173,-4.99999999999671));
#326= IFCCARTESIANPOINT((10.,6.09942543367297,0.));
#327= IFCCARTESIANPOINT((8.66025403784421,6.09942543367297,5.0000000000003));
#328= IFCCARTESIANPOINT((4.9999999999994,6.09942543367297,8.66025403784473));
#329= IFCCARTESIANPOINT((-1.03633598160032E-12,6.09942543367297,10.));
#330= IFCCARTESIANPOINT((-5.00000000000119,6.09942543367297,8.6602540378437));
#331= IFCCARTESIANPOINT((-8.66025403784525,6.09942543367297,4.99999999999851));
#332= IFCCARTESIANPOINT((-10.,6.09942543367297,-2.07267196320065E-12));
#333= IFCCARTESIANPOINT((-8.66025403784318,6.09942543367297,-5.00000000000209));
#334= IFCCARTESIANPOINT((-4.99999999999761,6.09942543367297,-8.66025403784576));
#335= IFCCARTESIANPOINT((3.09790571455472E-12,6.09942543367297,-10.));
#336= IFCCARTESIANPOINT((5.00000000000299,6.09942543367297,-8.66025403784266));
#337= IFCCARTESIANPOINT((8.66025403784628,6.09942543367297,-4.99999999999671));
#338= IFCPOLYLOOP((#314,#315,#316,#317,#318,#319,#320,#321,#322,#323,#324,#325));
#339= IFCFACEOUTERBOUND(#338,.T.);
#340= IFCFACE((#339));
#341= IFCPOLYLOOP((#337,#336,#335,#334,#333,#332,#331,#330,#329,#328,#327,#326));
#342= IFCFACEOUTERBOUND(#341,.T.);
#343= IFCFACE((#342));
#344= IFCPOLYLOOP((#314,#326,#327,#315));
#345= IFCFACEOUTERBOUND(#344,.T.);
#346= IFCFACE((#345));
#347= IFCPOLYLOOP((#315,#327,#328,#316));
#348= IFCFACEOUTERBOUND(#347,.T.);
#349= IFCFACE((#348));
#350= IFCPOLYLOOP((#316,#328,#329,#317));
#351= IFCFACEOUTERBOUND(#350,.T.);
#352= IFCFACE((#351));
#353= IFCPOLYLOOP((#317,#329,#330,#318));
#354= IFCFACEOUTERBOUND(#353,.T.);
#355= IFCFACE((#354));
#356= IFCPOLYLOOP((#318,#330,#331,#319));
#357= IFCFACEOUTERBOUND(#356,.T.);
#358= IFCFACE((#357));
#359= IFCPOLYLOOP((#319,#331,#332,#320));
#360= IFCFACEOUTERBOUND(#359,.T.);
#361= IFCFACE((#360));
#362= IFCPOLYLOOP((#320,#332,#333,#321));
#363= IFCFACEOUTERBOUND(#362,.T.);
#364= IFCFACE((#363));
#365= IFCPOLYLOOP((#321,#333,#334,#322));
#366= IFCFACEOUTERBOUND(#365,.T.);
#367= IFCFACE((#366));
#368= IFCPOLYLOOP((#322,#334,#335,#323));
#369= IFCFACEOUTERBOUND(#368,.T.);
#370= IFCFACE((#369));
#371= IFCPOLYLOOP((#323,#335,#336,#324));
#372= IFCFACEOUTERBOUND(#371,.T.);
#373= IFCFACE((#372));
#374= IFCPOLYLOOP((#324,#336,#337,#325));
#375= IFCFACEOUTERBOUND(#374,.T.);
#376= IFCFACE((#375));
#377= IFCPOLYLOOP((#325,#337,#326,#314));
#378= IFCFACEOUTERBOUND(#377,.T.);
#379= IFCFACE((#378));
#380= IFCCLOSEDSHELL((#340,#343,#346,#349,#352,#355,#358,#361,#364,#367,#370,#373,#376,#379));
#381= IFCFACETEDBREP(#380);
#382= IFCSTYLEDITEM(#381,(#119),$);
#383= IFCSHAPEREPRESENTATION(#12,'Body','Brep',(#381));
#384= IFCREPRESENTATIONMAP(#10,#383);
#385= IFCMAPPEDITEM(#384,#122);
#386= IFCSHAPEREPRESENTATION(#12,'Body','MappedRepresentation',(#385));
#387= IFCPRODUCTDEFINITIONSHAPE($,$,(#386));
#388= IFCCARTESIANPOINT((12620.0015816762,29903.0233408157,17518.99813892));
#389= IFCDIRECTION((1.07810000044992E-05,0.99999999936938,-3.38380005050568E-05));
#390= IFCDIRECTION((5.19999957757652E-08,3.3837999944664E-05,0.999999999427494));
#391= IFCAXIS2PLACEMENT3D(#388,#389,#390);
#392= IFCLOCALPLACEMENT(#42,#391);
#393= IFCMECHANICALFASTENER('26gVa2Uw56ZfnBnRRGuuJA',#44,'Bolt assembly',$,$,#392,#387,'ID86a9f902-7ba1-468e-9c4b-c5b6d0e384ca',18.,12.);
#394= IFCPROPERTYSINGLEVALUE('Washer diameter',$,IFCLENGTHMEASURE(18.),$);
#395= IFCPROPERTYSINGLEVALUE('Bolt hole diameter',$,IFCLENGTHMEASURE(20.),$);
#396= IFCPROPERTYSINGLEVALUE('Bolt size',$,IFCLENGTHMEASURE(20.),$);
#397= IFCPROPERTYSINGLEVALUE('Bolt length',$,IFCLENGTHMEASURE(12.),$);
#398= IFCPROPERTYSET('08JYI50iH8ceyWC$wv2TwR',#5,'Tekla Bolt','Bolt Properties',(#135,#394,#137,#138,#139,#140,#141,#142,#143,#395,#145,#146,#396,#397,#149,#150));
#399= IFCMAPPEDITEM(#384,#122);
#400= IFCSHAPEREPRESENTATION(#12,'Body','MappedRepresentation',(#399));
#401= IFCPRODUCTDEFINITIONSHAPE($,$,(#400));
#402= IFCCARTESIANPOINT((12460.0017052736,29903.0148547002,17518.9981475999));
#403= IFCAXIS2PLACEMENT3D(#402,#389,#390);
#404= IFCLOCALPLACEMENT(#42,#403);
#405= IFCMECHANICALFASTENER('3nGToiQ_92eAPKDwOzXFE4',#44,'Bolt assembly',$,$,#404,#401,'IDf141dcac-6be2-42a0-a654-37a63d84f384',18.,12.);
#406= IFCCARTESIANPOINT((30.,2.52923655352788E-08,0.));
#407= IFCCARTESIANPOINT((25.9807621135326,2.52923655352788E-08,15.0000000000009));
#408= IFCCARTESIANPOINT((14.9999999999982,2.52923655352788E-08,25.9807621135342));
#409= IFCCARTESIANPOINT((-3.10900794480097E-12,2.52923655352788E-08,30.));
#410= IFCCARTESIANPOINT((-15.0000000000036,2.52923655352788E-08,25.9807621135311));
#411= IFCCARTESIANPOINT((-25.9807621135357,2.52923655352788E-08,14.9999999999955));
#412= IFCCARTESIANPOINT((-30.,2.52923655352788E-08,-6.21801588960193E-12));
#413= IFCCARTESIANPOINT((-25.9807621135295,2.52923655352788E-08,-15.0000000000063));
#414= IFCCARTESIANPOINT((-14.9999999999928,2.52923655352788E-08,-25.9807621135373));
#415= IFCCARTESIANPOINT((9.29371714366415E-12,2.52923655352788E-08,-30.));
#416= IFCCARTESIANPOINT((15.000000000009,2.52923655352788E-08,-25.980762113528));
#417= IFCCARTESIANPOINT((25.9807621135389,2.52923655352788E-08,-14.9999999999901));
#418= IFCCARTESIANPOINT((30.,8.10000002505389,0.));
#419= IFCCARTESIANPOINT((25.9807621135326,8.10000002505389,15.0000000000009));
#420= IFCCARTESIANPOINT((14.9999999999982,8.10000002505389,25.9807621135342));
#421= IFCCARTESIANPOINT((-3.10900794480097E-12,8.10000002505389,30.));
#422= IFCCARTESIANPOINT((-15.0000000000036,8.10000002505389,25.9807621135311));
#423= IFCCARTESIANPOINT((-25.9807621135357,8.10000002505389,14.9999999999955));
#424= IFCCARTESIANPOINT((-30.,8.10000002505389,-6.21801588960193E-12));
#425= IFCCARTESIANPOINT((-25.9807621135295,8.10000002505389,-15.0000000000063));
#426= IFCCARTESIANPOINT((-14.9999999999928,8.10000002505389,-25.9807621135373));
#427= IFCCARTESIANPOINT((9.29371714366415E-12,8.10000002505389,-30.));
#428= IFCCARTESIANPOINT((15.000000000009,8.10000002505389,-25.980762113528));
#429= IFCCARTESIANPOINT((25.9807621135389,8.10000002505389,-14.9999999999901));
#430= IFCPOLYLOOP((#406,#407,#408,#409,#410,#411,#412,#413,#414,#415,#416,#417));
#431= IFCFACEOUTERBOUND(#430,.T.);
#432= IFCFACE((#431));
#433= IFCPOLYLOOP((#429,#428,#427,#426,#425,#424,#423,#422,#421,#420,#419,#418));
#434= IFCFACEOUTERBOUND(#433,.T.);
#435= IFCFACE((#434));
#436= IFCPOLYLOOP((#406,#418,#419,#407));
#437= IFCFACEOUTERBOUND(#436,.T.);
#438= IFCFACE((#437));
#439= IFCPOLYLOOP((#407,#419,#420,#408));
#440= IFCFACEOUTERBOUND(#439,.T.);
#441= IFCFACE((#440));
#442= IFCPOLYLOOP((#408,#420,#421,#409));
#443= IFCFACEOUTERBOUND(#442,.T.);
#444= IFCFACE((#443));
#445= IFCPOLYLOOP((#409,#421,#422,#410));
#446= IFCFACEOUTERBOUND(#445,.T.);
#447= IFCFACE((#446));
#448= IFCPOLYLOOP((#410,#422,#423,#411));
#449= IFCFACEOUTERBOUND(#448,.T.);
#450= IFCFACE((#449));
#451= IFCPOLYLOOP((#411,#423,#424,#412));
#452= IFCFACEOUTERBOUND(#451,.T.);
#453= IFCFACE((#452));
#454= IFCPOLYLOOP((#412,#424,#425,#413));
#455= IFCFACEOUTERBOUND(#454,.T.);
#456= IFCFACE((#455));
#457= IFCPOLYLOOP((#413,#425,#426,#414));
#458= IFCFACEOUTERBOUND(#457,.T.);
#459= IFCFACE((#458));
#460= IFCPOLYLOOP((#414,#426,#427,#415));
#461= IFCFACEOUTERBOUND(#460,.T.);
#462= IFCFACE((#461));
#463= IFCPOLYLOOP((#415,#427,#428,#416));
#464= IFCFACEOUTERBOUND(#463,.T.);
#465= IFCFACE((#464));
#466= IFCPOLYLOOP((#416,#428,#429,#417));
#467= IFCFACEOUTERBOUND(#466,.T.);
#468= IFCFACE((#467));
#469= IFCPOLYLOOP((#417,#429,#418,#406));
#470= IFCFACEOUTERBOUND(#469,.T.);
#471= IFCFACE((#470));
#472= IFCCLOSEDSHELL((#432,#435,#438,#441,#444,#447,#450,#453,#456,#459,#462,#465,#468,#471));
#473= IFCFACETEDBREP(#472);
#474= IFCSTYLEDITEM(#473,(#119),$);
#475= IFCSHAPEREPRESENTATION(#12,'Body','Brep',(#473));
#476= IFCREPRESENTATIONMAP(#10,#475);
#477= IFCMAPPEDITEM(#476,#122);
#478= IFCSHAPEREPRESENTATION(#12,'Body','MappedRepresentation',(#477));
#479= IFCPRODUCTDEFINITIONSHAPE($,$,(#478));
#480= IFCCARTESIANPOINT((12539.9916184818,30118.0226600603,17064.9913444988));
#481= IFCDIRECTION((-5.75239983936626E-05,-0.9999999978357,3.19309999977122E-05));
#482= IFCDIRECTION((0.999999998345493,-5.75240000521098E-05,-5.09999760350169E-08));
#483= IFCAXIS2PLACEMENT3D(#480,#481,#482);
#484= IFCLOCALPLACEMENT(#42,#483);
#485= IFCMECHANICALFASTENER('2hWTR_8lv2L9pcB9QufB9k',#44,'Bolt assembly',$,$,#484,#479,'IDab81d6fe-22fe-4254-9ce6-2c96b8a4b26e',58.,8.);
#486= IFCPROPERTYSINGLEVALUE('Washer diameter',$,IFCLENGTHMEASURE(58.),$);
#487= IFCPROPERTYSINGLEVALUE('Bolt hole diameter',$,IFCLENGTHMEASURE(60.),$);
#488= IFCPROPERTYSINGLEVALUE('Bolt size',$,IFCLENGTHMEASURE(60.),$);
#489= IFCPROPERTYSINGLEVALUE('Bolt length',$,IFCLENGTHMEASURE(8.),$);
#490= IFCPROPERTYSET('0plYFEpmb49eI9IuFp$cgt',#5,'Tekla Bolt','Bolt Properties',(#135,#486,#137,#138,#139,#140,#141,#142,#143,#487,#145,#146,#488,#489,#149,#150));
#491= IFCMAPPEDITEM(#476,#122);
#492= IFCSHAPEREPRESENTATION(#12,'Body','MappedRepresentation',(#491));
#493= IFCPRODUCTDEFINITIONSHAPE($,$,(#492));
#494= IFCCARTESIANPOINT((12539.9829898822,29968.0226603845,17064.9961341493));
#495= IFCAXIS2PLACEMENT3D(#494,#481,#482);
#496= IFCLOCALPLACEMENT(#42,#495);
#497= IFCMECHANICALFASTENER('1seUrVQML89BIciBC0d82x',#44,'Bolt assembly',$,$,#496,#493,'ID76a1ed5f-6965-4824-b4a6-b0b3009c80bb',58.,8.);
#498= IFCMAPPEDITEM(#476,#122);
#499= IFCSHAPEREPRESENTATION(#12,'Body','MappedRepresentation',(#498));
#500= IFCPRODUCTDEFINITIONSHAPE($,$,(#499));
#501= IFCCARTESIANPOINT((12699.9916182174,30118.0134562207,17064.9913363839));
#502= IFCAXIS2PLACEMENT3D(#501,#481,#482);
#503= IFCLOCALPLACEMENT(#42,#502);
#504= IFCMECHANICALFASTENER('2CsuoCmVH6pQ0izBobCQuX',#44,'Bolt assembly',$,$,#503,#500,'ID8cdb8c8c-c1f4-46cd-a02c-f4bca531ae21',58.,8.);
#505= IFCMAPPEDITEM(#476,#122);
#506= IFCSHAPEREPRESENTATION(#12,'Body','MappedRepresentation',(#505));
#507= IFCPRODUCTDEFINITIONSHAPE($,$,(#506));
#508= IFCCARTESIANPOINT((12699.9829896178,29968.0134565449,17064.9961260344));
#509= IFCAXIS2PLACEMENT3D(#508,#481,#482);
#510= IFCLOCALPLACEMENT(#42,#509);
#511= IFCMECHANICALFASTENER('1Sn6SGz3r1ifM5Im0f5bgC',#44,'Bolt assembly',$,$,#510,#507,'ID5cc46710-f43d-41b2-9585-4b0029165a8c',58.,8.);
#512= IFCMAPPEDITEM(#476,#122);
#513= IFCSHAPEREPRESENTATION(#12,'Body','MappedRepresentation',(#512));
#514= IFCPRODUCTDEFINITIONSHAPE($,$,(#513));
#515= IFCCARTESIANPOINT((12379.9916187462,30118.0318638998,17064.9913526137));
#516= IFCAXIS2PLACEMENT3D(#515,#481,#482);
#517= IFCLOCALPLACEMENT(#42,#516);
#518= IFCMECHANICALFASTENER('3ZO601tb17cxpoAqCBAzJD',#44,'Bolt assembly',$,$,#517,#514,'IDe3606001-de50-479b-bcf2-2b430b2bd4cd',58.,8.);
#519= IFCMAPPEDITEM(#476,#122);
#520= IFCSHAPEREPRESENTATION(#12,'Body','MappedRepresentation',(#519));
#521= IFCPRODUCTDEFINITIONSHAPE($,$,(#520));
#522= IFCCARTESIANPOINT((12379.9829901465,29968.031864224,17064.9961422642));
#523= IFCAXIS2PLACEMENT3D(#522,#481,#482);
#524= IFCLOCALPLACEMENT(#42,#523);
#525= IFCMECHANICALFASTENER('3G_Tpz6MTFPxTno55b6WXJ',#44,'Bolt assembly',$,$,#524,#521,'IDd0f9dcfd-1967-4f67-b771-c851651a0853',58.,8.);
#526= IFCSURFACESTYLE('TS10.9',.POSITIVE.,(#46));
#527= IFCPRESENTATIONSTYLEASSIGNMENT((#526));
#528= IFCCARTESIANPOINT((13.,-11.8959977681783,0.));
#529= IFCCARTESIANPOINT((11.2583302491975,-11.8959977681783,6.50000000000039));
#530= IFCCARTESIANPOINT((6.49999999999922,-11.8959977681783,11.2583302491982));
#531= IFCCARTESIANPOINT((-1.34723677608042E-12,-11.8959977681783,13.));
#532= IFCCARTESIANPOINT((-6.50000000000155,-11.8959977681783,11.2583302491968));
#533= IFCCARTESIANPOINT((-11.2583302491988,-11.8959977681783,6.49999999999806));
#534= IFCCARTESIANPOINT((-13.,-11.8959977681783,-2.69447355216084E-12));
#535= IFCCARTESIANPOINT((-11.2583302491961,-11.8959977681783,-6.50000000000272));
#536= IFCCARTESIANPOINT((-6.4999999999969,-11.8959977681783,-11.2583302491995));
#537= IFCCARTESIANPOINT((4.02727742892113E-12,-11.8959977681783,-13.));
#538= IFCCARTESIANPOINT((6.50000000000388,-11.8959977681783,-11.2583302491955));
#539= IFCCARTESIANPOINT((11.2583302492002,-11.8959977681783,-6.49999999999573));
#540= IFCCARTESIANPOINT((13.,0.104002231796448,0.));
#541= IFCCARTESIANPOINT((11.2583302491975,0.104002231796448,6.50000000000039));
#542= IFCCARTESIANPOINT((6.49999999999922,0.104002231796448,11.2583302491982));
#543= IFCCARTESIANPOINT((-1.34723677608042E-12,0.104002231796448,13.));
#544= IFCCARTESIANPOINT((-6.50000000000155,0.104002231796448,11.2583302491968));
#545= IFCCARTESIANPOINT((-11.2583302491988,0.104002231796448,6.49999999999806));
#546= IFCCARTESIANPOINT((-13.,0.104002231796448,-2.69447355216084E-12));
#547= IFCCARTESIANPOINT((-11.2583302491961,0.104002231796448,-6.50000000000272));
#548= IFCCARTESIANPOINT((-6.4999999999969,0.104002231796448,-11.2583302491995));
#549= IFCCARTESIANPOINT((4.02727742892113E-12,0.104002231796448,-13.));
#550= IFCCARTESIANPOINT((6.50000000000388,0.104002231796448,-11.2583302491955));
#551= IFCCARTESIANPOINT((11.2583302492002,0.104002231796448,-6.49999999999573));
#552= IFCPOLYLOOP((#528,#529,#530,#531,#532,#533,#534,#535,#536,#537,#538,#539));
#553= IFCFACEOUTERBOUND(#552,.T.);
#554= IFCFACE((#553));
#555= IFCPOLYLOOP((#551,#550,#549,#548,#547,#546,#545,#544,#543,#542,#541,#540));
#556= IFCFACEOUTERBOUND(#555,.T.);
#557= IFCFACE((#556));
#558= IFCPOLYLOOP((#528,#540,#541,#529));
#559= IFCFACEOUTERBOUND(#558,.T.);
#560= IFCFACE((#559));
#561= IFCPOLYLOOP((#529,#541,#542,#530));
#562= IFCFACEOUTERBOUND(#561,.T.);
#563= IFCFACE((#562));
#564= IFCPOLYLOOP((#530,#542,#543,#531));
#565= IFCFACEOUTERBOUND(#564,.T.);
#566= IFCFACE((#565));
#567= IFCPOLYLOOP((#531,#543,#544,#532));
#568= IFCFACEOUTERBOUND(#567,.T.);
#569= IFCFACE((#568));
#570= IFCPOLYLOOP((#532,#544,#545,#533));
#571= IFCFACEOUTERBOUND(#570,.T.);
#572= IFCFACE((#571));
#573= IFCPOLYLOOP((#533,#545,#546,#534));
#574= IFCFACEOUTERBOUND(#573,.T.);
#575= IFCFACE((#574));
#576= IFCPOLYLOOP((#534,#546,#547,#535));
#577= IFCFACEOUTERBOUND(#576,.T.);
#578= IFCFACE((#577));
#579= IFCPOLYLOOP((#535,#547,#548,#536));
#580= IFCFACEOUTERBOUND(#579,.T.);
#581= IFCFACE((#580));
#582= IFCPOLYLOOP((#536,#548,#549,#537));
#583= IFCFACEOUTERBOUND(#582,.T.);
#584= IFCFACE((#583));
#585= IFCPOLYLOOP((#537,#549,#550,#538));
#586= IFCFACEOUTERBOUND(#585,.T.);
#587= IFCFACE((#586));
#588= IFCPOLYLOOP((#538,#550,#551,#539));
#589= IFCFACEOUTERBOUND(#588,.T.);
#590= IFCFACE((#589));
#591= IFCPOLYLOOP((#539,#551,#540,#528));
#592= IFCFACEOUTERBOUND(#591,.T.);
#593= IFCFACE((#592));
#594= IFCCARTESIANPOINT((13.,0.00400224985617115,22.));
#595= IFCCARTESIANPOINT((12.0104339226466,0.00400224985617115,26.9748846207465));
#596= IFCCARTESIANPOINT((9.19238815542464,0.00400224985617115,31.1923881554256));
#597= IFCCARTESIANPOINT((4.97488462074523,0.00400224985617115,34.0104339226471));
#598= IFCCARTESIANPOINT((-1.34723677608042E-12,0.00400224985617115,35.));
#599= IFCCARTESIANPOINT((-6.50000000000155,0.00400224985617115,33.2583302491968));
#600= IFCCARTESIANPOINT((-11.2583302491988,0.00400224985617115,28.4999999999981));
#601= IFCCARTESIANPOINT((-13.,0.00400224985617115,21.9999999999973));
#602= IFCCARTESIANPOINT((-13.,0.00400224985617115,-22.0000000000027));
#603= IFCCARTESIANPOINT((-11.2583302491961,0.00400224985617115,-28.5000000000027));
#604= IFCCARTESIANPOINT((-6.4999999999969,0.00400224985617115,-33.2583302491995));
#605= IFCCARTESIANPOINT((4.02727742892113E-12,0.00400224985617115,-35.));
#606= IFCCARTESIANPOINT((6.50000000000388,0.00400224985617115,-33.2583302491955));
#607= IFCCARTESIANPOINT((11.2583302492002,0.00400224985617115,-28.4999999999957));
#608= IFCCARTESIANPOINT((13.,0.00400224985617115,-21.9999999999946));
#609= IFCCARTESIANPOINT((13.,18.0040022493791,22.));
#610= IFCCARTESIANPOINT((12.0104339226466,18.0040022493791,26.9748846207465));
#611= IFCCARTESIANPOINT((9.19238815542464,18.0040022493791,31.1923881554256));
#612= IFCCARTESIANPOINT((4.97488462074523,18.0040022493791,34.0104339226471));
#613= IFCCARTESIANPOINT((-1.34723677608042E-12,18.0040022493791,35.));
#614= IFCCARTESIANPOINT((-6.50000000000155,18.0040022493791,33.2583302491968));
#615= IFCCARTESIANPOINT((-11.2583302491988,18.0040022493791,28.4999999999981));
#616= IFCCARTESIANPOINT((-13.,18.0040022493791,21.9999999999973));
#617= IFCCARTESIANPOINT((-13.,18.0040022493791,-22.0000000000027));
#618= IFCCARTESIANPOINT((-11.2583302491961,18.0040022493791,-28.5000000000027));
#619= IFCCARTESIANPOINT((-6.4999999999969,18.0040022493791,-33.2583302491995));
#620= IFCCARTESIANPOINT((4.02727742892113E-12,18.0040022493791,-35.));
#621= IFCCARTESIANPOINT((6.50000000000388,18.0040022493791,-33.2583302491955));
#622= IFCCARTESIANPOINT((11.2583302492002,18.0040022493791,-28.4999999999957));
#623= IFCCARTESIANPOINT((13.,18.0040022493791,-21.9999999999946));
#624= IFCPOLYLOOP((#594,#595,#596,#598,#599,#600,#601,#602,#603,#604,#605,#606,#607,#608));
#625= IFCFACEOUTERBOUND(#624,.T.);
#626= IFCFACE((#625));
#627= IFCPOLYLOOP((#623,#622,#621,#620,#619,#618,#617,#616,#615,#614,#613,#612,#611,#610,#609));
#628= IFCFACEOUTERBOUND(#627,.T.);
#629= IFCFACE((#628));
#630= IFCPOLYLOOP((#594,#609,#610,#595));
#631= IFCFACEOUTERBOUND(#630,.T.);
#632= IFCFACE((#631));
#633= IFCPOLYLOOP((#595,#610,#611,#596));
#634= IFCFACEOUTERBOUND(#633,.T.);
#635= IFCFACE((#634));
#636= IFCPOLYLOOP((#596,#611,#612,#597));
#637= IFCFACEOUTERBOUND(#636,.T.);
#638= IFCFACE((#637));
#639= IFCPOLYLOOP((#597,#612,#613,#598));
#640= IFCFACEOUTERBOUND(#639,.T.);
#641= IFCFACE((#640));
#642= IFCPOLYLOOP((#598,#613,#614,#599));
#643= IFCFACEOUTERBOUND(#642,.T.);
#644= IFCFACE((#643));
#645= IFCPOLYLOOP((#599,#614,#615,#600));
#646= IFCFACEOUTERBOUND(#645,.T.);
#647= IFCFACE((#646));
#648= IFCPOLYLOOP((#600,#615,#616,#601));
#649= IFCFACEOUTERBOUND(#648,.T.);
#650= IFCFACE((#649));
#651= IFCPOLYLOOP((#601,#616,#617,#602));
#652= IFCFACEOUTERBOUND(#651,.T.);
#653= IFCFACE((#652));
#654= IFCPOLYLOOP((#602,#617,#618,#603));
#655= IFCFACEOUTERBOUND(#654,.T.);
#656= IFCFACE((#655));
#657= IFCPOLYLOOP((#603,#618,#619,#604));
#658= IFCFACEOUTERBOUND(#657,.T.);
#659= IFCFACE((#658));
#660= IFCPOLYLOOP((#604,#619,#620,#605));
#661= IFCFACEOUTERBOUND(#660,.T.);
#662= IFCFACE((#661));
#663= IFCPOLYLOOP((#605,#620,#621,#606));
#664= IFCFACEOUTERBOUND(#663,.T.);
#665= IFCFACE((#664));
#666= IFCPOLYLOOP((#606,#621,#622,#607));
#667= IFCFACEOUTERBOUND(#666,.T.);
#668= IFCFACE((#667));
#669= IFCPOLYLOOP((#607,#622,#623,#608));
#670= IFCFACEOUTERBOUND(#669,.T.);
#671= IFCFACE((#670));
#672= IFCPOLYLOOP((#608,#623,#609,#594));
#673= IFCFACEOUTERBOUND(#672,.T.);
#674= IFCFACE((#673));
#675= IFCCARTESIANPOINT((13.,274.004002250464,22.));
#676= IFCCARTESIANPOINT((12.0104339226466,274.004002250464,26.9748846207465));
#677= IFCCARTESIANPOINT((9.19238815542464,274.004002250464,31.1923881554256));
#678= IFCCARTESIANPOINT((4.97488462074523,274.004002250464,34.0104339226471));
#679= IFCCARTESIANPOINT((-1.34723677608042E-12,274.004002250464,35.));
#680= IFCCARTESIANPOINT((-6.50000000000155,274.004002250464,33.2583302491968));
#681= IFCCARTESIANPOINT((-11.2583302491988,274.004002250464,28.4999999999981));
#682= IFCCARTESIANPOINT((-13.,274.004002250464,21.9999999999973));
#683= IFCCARTESIANPOINT((-13.,274.004002250464,-22.0000000000027));
#684= IFCCARTESIANPOINT((-11.2583302491961,274.004002250464,-28.5000000000027));
#685= IFCCARTESIANPOINT((-6.4999999999969,274.004002250464,-33.2583302491995));
#686= IFCCARTESIANPOINT((4.02727742892113E-12,274.004002250464,-35.));
#687= IFCCARTESIANPOINT((6.50000000000388,274.004002250464,-33.2583302491955));
#688= IFCCARTESIANPOINT((11.2583302492002,274.004002250464,-28.4999999999957));
#689= IFCCARTESIANPOINT((13.,274.004002250464,-21.9999999999946));
#690= IFCCARTESIANPOINT((13.,292.004002249987,22.));
#691= IFCCARTESIANPOINT((12.0104339226466,292.004002249987,26.9748846207465));
#692= IFCCARTESIANPOINT((9.19238815542464,292.004002249987,31.1923881554256));
#693= IFCCARTESIANPOINT((4.97488462074523,292.004002249987,34.0104339226471));
#694= IFCCARTESIANPOINT((-1.34723677608042E-12,292.004002249987,35.));
#695= IFCCARTESIANPOINT((-6.50000000000155,292.004002249987,33.2583302491968));
#696= IFCCARTESIANPOINT((-11.2583302491988,292.004002249987,28.4999999999981));
#697= IFCCARTESIANPOINT((-13.,292.004002249987,21.9999999999973));
#698= IFCCARTESIANPOINT((-13.,292.004002249987,-22.0000000000027));
#699= IFCCARTESIANPOINT((-11.2583302491961,292.004002249987,-28.5000000000027));
#700= IFCCARTESIANPOINT((-6.4999999999969,292.004002249987,-33.2583302491995));
#701= IFCCARTESIANPOINT((4.02727742892113E-12,292.004002249987,-35.));
#702= IFCCARTESIANPOINT((6.50000000000388,292.004002249987,-33.2583302491955));
#703= IFCCARTESIANPOINT((11.2583302492002,292.004002249987,-28.4999999999957));
#704= IFCCARTESIANPOINT((13.,292.004002249987,-21.9999999999946));
#705= IFCPOLYLOOP((#675,#676,#677,#679,#680,#681,#682,#683,#684,#685,#686,#687,#688,#689));
#706= IFCFACEOUTERBOUND(#705,.T.);
#707= IFCFACE((#706));
#708= IFCPOLYLOOP((#704,#703,#702,#701,#700,#699,#698,#697,#696,#695,#694,#693,#692,#691,#690));
#709= IFCFACEOUTERBOUND(#708,.T.);
#710= IFCFACE((#709));
#711= IFCPOLYLOOP((#675,#690,#691,#676));
#712= IFCFACEOUTERBOUND(#711,.T.);
#713= IFCFACE((#712));
#714= IFCPOLYLOOP((#676,#691,#692,#677));
#715= IFCFACEOUTERBOUND(#714,.T.);
#716= IFCFACE((#715));
#717= IFCPOLYLOOP((#677,#692,#693,#678));
#718= IFCFACEOUTERBOUND(#717,.T.);
#719= IFCFACE((#718));
#720= IFCPOLYLOOP((#678,#693,#694,#679));
#721= IFCFACEOUTERBOUND(#720,.T.);
#722= IFCFACE((#721));
#723= IFCPOLYLOOP((#679,#694,#695,#680));
#724= IFCFACEOUTERBOUND(#723,.T.);
#725= IFCFACE((#724));
#726= IFCPOLYLOOP((#680,#695,#696,#681));
#727= IFCFACEOUTERBOUND(#726,.T.);
#728= IFCFACE((#727));
#729= IFCPOLYLOOP((#681,#696,#697,#682));
#730= IFCFACEOUTERBOUND(#729,.T.);
#731= IFCFACE((#730));
#732= IFCPOLYLOOP((#682,#697,#698,#683));
#733= IFCFACEOUTERBOUND(#732,.T.);
#734= IFCFACE((#733));
#735= IFCPOLYLOOP((#683,#698,#699,#684));
#736= IFCFACEOUTERBOUND(#735,.T.);
#737= IFCFACE((#736));
#738= IFCPOLYLOOP((#684,#699,#700,#685));
#739= IFCFACEOUTERBOUND(#738,.T.);
#740= IFCFACE((#739));
#741= IFCPOLYLOOP((#685,#700,#701,#686));
#742= IFCFACEOUTERBOUND(#741,.T.);
#743= IFCFACE((#742));
#744= IFCPOLYLOOP((#686,#701,#702,#687));
#745= IFCFACEOUTERBOUND(#744,.T.);
#746= IFCFACE((#745));
#747= IFCPOLYLOOP((#687,#702,#703,#688));
#748= IFCFACEOUTERBOUND(#747,.T.);
#749= IFCFACE((#748));
#750= IFCPOLYLOOP((#688,#703,#704,#689));
#751= IFCFACEOUTERBOUND(#750,.T.);
#752= IFCFACE((#751));
#753= IFCPOLYLOOP((#689,#704,#690,#675));
#754= IFCFACEOUTERBOUND(#753,.T.);
#755= IFCFACE((#754));
#756= IFCCARTESIANPOINT((13.,291.904002232055,0.));
#757= IFCCARTESIANPOINT((11.2583302491975,291.904002232055,6.50000000000039));
#758= IFCCARTESIANPOINT((6.49999999999922,291.904002232055,11.2583302491982));
#759= IFCCARTESIANPOINT((-1.34723677608042E-12,291.904002232055,13.));
#760= IFCCARTESIANPOINT((-6.50000000000155,291.904002232055,11.2583302491968));
#761= IFCCARTESIANPOINT((-11.2583302491988,291.904002232055,6.49999999999806));
#762= IFCCARTESIANPOINT((-13.,291.904002232055,-2.69447355216084E-12));
#763= IFCCARTESIANPOINT((-11.2583302491961,291.904002232055,-6.50000000000272));
#764= IFCCARTESIANPOINT((-6.4999999999969,291.904002232055,-11.2583302491995));
#765= IFCCARTESIANPOINT((4.02727742892113E-12,291.904002232055,-13.));
#766= IFCCARTESIANPOINT((6.50000000000388,291.904002232055,-11.2583302491955));
#767= IFCCARTESIANPOINT((11.2583302492002,291.904002232055,-6.49999999999573));
#768= IFCCARTESIANPOINT((13.,304.004002232029,0.));
#769= IFCCARTESIANPOINT((11.2583302491975,304.004002232029,6.50000000000039));
#770= IFCCARTESIANPOINT((6.49999999999922,304.004002232029,11.2583302491982));
#771= IFCCARTESIANPOINT((-1.34723677608042E-12,304.004002232029,13.));
#772= IFCCARTESIANPOINT((-6.50000000000155,304.004002232029,11.2583302491968));
#773= IFCCARTESIANPOINT((-11.2583302491988,304.004002232029,6.49999999999806));
#774= IFCCARTESIANPOINT((-13.,304.004002232029,-2.69447355216084E-12));
#775= IFCCARTESIANPOINT((-11.2583302491961,304.004002232029,-6.50000000000272));
#776= IFCCARTESIANPOINT((-6.4999999999969,304.004002232029,-11.2583302491995));
#777= IFCCARTESIANPOINT((4.02727742892113E-12,304.004002232029,-13.));
#778= IFCCARTESIANPOINT((6.50000000000388,304.004002232029,-11.2583302491955));
#779= IFCCARTESIANPOINT((11.2583302492002,304.004002232029,-6.49999999999573));
#780= IFCPOLYLOOP((#756,#757,#758,#759,#760,#761,#762,#763,#764,#765,#766,#767));
#781= IFCFACEOUTERBOUND(#780,.T.);
#782= IFCFACE((#781));
#783= IFCPOLYLOOP((#779,#778,#777,#776,#775,#774,#773,#772,#771,#770,#769,#768));
#784= IFCFACEOUTERBOUND(#783,.T.);
#785= IFCFACE((#784));
#786= IFCPOLYLOOP((#756,#768,#769,#757));
#787= IFCFACEOUTERBOUND(#786,.T.);
#788= IFCFACE((#787));
#789= IFCPOLYLOOP((#757,#769,#770,#758));
#790= IFCFACEOUTERBOUND(#789,.T.);
#791= IFCFACE((#790));
#792= IFCPOLYLOOP((#758,#770,#771,#759));
#793= IFCFACEOUTERBOUND(#792,.T.);
#794= IFCFACE((#793));
#795= IFCPOLYLOOP((#759,#771,#772,#760));
#796= IFCFACEOUTERBOUND(#795,.T.);
#797= IFCFACE((#796));
#798= IFCPOLYLOOP((#760,#772,#773,#761));
#799= IFCFACEOUTERBOUND(#798,.T.);
#800= IFCFACE((#799));
#801= IFCPOLYLOOP((#761,#773,#774,#762));
#802= IFCFACEOUTERBOUND(#801,.T.);
#803= IFCFACE((#802));
#804= IFCPOLYLOOP((#762,#774,#775,#763));
#805= IFCFACEOUTERBOUND(#804,.T.);
#806= IFCFACE((#805));
#807= IFCPOLYLOOP((#763,#775,#776,#764));
#808= IFCFACEOUTERBOUND(#807,.T.);
#809= IFCFACE((#808));
#810= IFCPOLYLOOP((#764,#776,#777,#765));
#811= IFCFACEOUTERBOUND(#810,.T.);
#812= IFCFACE((#811));
#813= IFCPOLYLOOP((#765,#777,#778,#766));
#814= IFCFACEOUTERBOUND(#813,.T.);
#815= IFCFACE((#814));
#816= IFCPOLYLOOP((#766,#778,#779,#767));
#817= IFCFACEOUTERBOUND(#816,.T.);
#818= IFCFACE((#817));
#819= IFCPOLYLOOP((#767,#779,#768,#756));
#820= IFCFACEOUTERBOUND(#819,.T.);
#821= IFCFACE((#820));
#822= IFCCLOSEDSHELL((#554,#557,#560,#563,#566,#569,#572,#575,#578,#581,#584,#587,#590,#593,#626,#629,#632,#635,#638,#641,#644,#647,#650,#653,#656,#659,#662,#665,#668,#671,#674,#707,#710,#713,#716,#719,#722,#725,#728,#731,#734,#737,#740,#743,#746,#749,#752,#755,#782,#785,#788,#791,#794,#797,#800,#803,#806,#809,#812,#815,#818,#821));
#823= IFCFACETEDBREP(#822);
#824= IFCSTYLEDITEM(#823,(#119),$);
#825= IFCCARTESIANPOINT((9.09494701772928E-12,-2.18278728425503E-10,-74.9999999999454));
#826= IFCCARTESIANTRANSFORMATIONOPERATOR3D($,$,#825,$,$);
#827= IFCSHAPEREPRESENTATION(#12,'Body','Brep',(#823));
#828= IFCREPRESENTATIONMAP(#10,#827);
#829= IFCMAPPEDITEM(#828,#826);
#830= IFCCARTESIANPOINT((160.000000000238,-5.89352566748857E-10,-75.0000000002583));
#831= IFCCARTESIANTRANSFORMATIONOPERATOR3D($,$,#830,$,$);
#832= IFCMAPPEDITEM(#828,#831);
#833= IFCCARTESIANPOINT((320.000000000466,-9.60426405072212E-10,-75.0000000005712));
#834= IFCCARTESIANTRANSFORMATIONOPERATOR3D($,$,#833,$,$);
#835= IFCMAPPEDITEM(#828,#834);
#836= IFCCARTESIANPOINT((-1.09139364212751E-11,2.18278728425503E-10,74.9999999999527));
#837= IFCCARTESIANTRANSFORMATIONOPERATOR3D($,$,#836,$,$);
#838= IFCMAPPEDITEM(#828,#837);
#839= IFCCARTESIANPOINT((160.000000000218,-1.52795109897852E-10,74.9999999996398));
#840= IFCCARTESIANTRANSFORMATIONOPERATOR3D($,$,#839,$,$);
#841= IFCMAPPEDITEM(#828,#840);
#842= IFCCARTESIANPOINT((320.000000000447,-5.23868948221207E-10,74.999999999327));
#843= IFCCARTESIANTRANSFORMATIONOPERATOR3D($,$,#842,$,$);
#844= IFCMAPPEDITEM(#828,#843);
#845= IFCSHAPEREPRESENTATION(#12,'Body','MappedRepresentation',(#829,#832,#835,#838,#841,#844));
#846= IFCPRODUCTDEFINITIONSHAPE($,$,(#845));
#847= IFCCARTESIANPOINT((12379.9999343762,30042.9995678485,16903.9977499624));
#848= IFCDIRECTION((-1.39370016840985E-05,0.999999999392798,-3.19400000116729E-05));
#849= IFCDIRECTION((0.999999999902879,1.39369999987969E-05,-5.29999930009982E-08));
#850= IFCAXIS2PLACEMENT3D(#847,#848,#849);
#851= IFCLOCALPLACEMENT(#42,#850);
#852= IFCMECHANICALFASTENER('0sZb1gii53_g$uxV93SOWS',#44,'Bolt assembly',$,$,#851,#846,'ID368e506a-b2c1-43fa-aff8-edf24371881c',24.,100.);
#853= IFCPROPERTYSINGLEVALUE('Washer diameter',$,IFCLENGTHMEASURE(24.),$);
#854= IFCPROPERTYSINGLEVALUE('Washer type',$,IFCLABEL(''),$);
#855= IFCPROPERTYSINGLEVALUE('Nut type',$,IFCLABEL(''),$);
#856= IFCPROPERTYSINGLEVALUE('Slotted hole y',$,IFCLENGTHMEASURE(44.),$);
#857= IFCPROPERTYSINGLEVALUE('Bolt hole diameter',$,IFCLENGTHMEASURE(26.),$);
#858= IFCPROPERTYSINGLEVALUE('Bolt count',$,IFCINTEGER(6),$);
#859= IFCPROPERTYSINGLEVALUE('Bolt size',$,IFCLENGTHMEASURE(26.),$);
#860= IFCPROPERTYSINGLEVALUE('Bolt length',$,IFCLENGTHMEASURE(100.),$);
#861= IFCPROPERTYSINGLEVALUE('Bolt standard',$,IFCLABEL('TS10.9'),$);
#862= IFCPROPERTYSET('0GNIS6_Bj2Uue3bmu80VcW',#5,'Tekla Bolt','Bolt Properties',(#135,#853,#854,#138,#139,#855,#141,#856,#143,#857,#145,#858,#859,#860,#861,#150));
#863= IFCMATERIAL('TS10.9');
#864= IFCCOLOURRGB('Light Green',0.356862745098039,0.592156862745098,0.137254901960784);
#865= IFCSURFACESTYLERENDERING(#864,0.,$,$,$,$,IFCNORMALISEDRATIOMEASURE(0.00390625),IFCSPECULAREXPONENT(10.),.NOTDEFINED.);
#866= IFCSURFACESTYLE('STEEL/S275',.POSITIVE.,(#865));
#867= IFCPRESENTATIONSTYLEASSIGNMENT((#866));
#868= IFCCARTESIANPOINT((0.00152047713527281,-4.00000000003638,19.9999999422107));
#869= IFCCARTESIANPOINT((0.0228070225184638,-4.00000000049477,299.99822998108));
#870= IFCCARTESIANPOINT((0.0228070225184638,3.99999999951251,299.998229981091));
#871= IFCCARTESIANPOINT((0.00152047713527281,3.99999999996726,19.999999942218));
#872= IFCPOLYLOOP((#868,#869,#870,#871));
#873= IFCFACEOUTERBOUND(#872,.T.);
#874= IFCFACE((#873));
#875= IFCCARTESIANPOINT((148.022674560316,-4.00000000071304,299.998168945807));
#876= IFCCARTESIANPOINT((148.022674560314,3.99999999929059,299.998168945815));
#877= IFCPOLYLOOP((#869,#875,#876,#870));
#878= IFCFACEOUTERBOUND(#877,.T.);
#879= IFCFACE((#878));
#880= IFCCARTESIANPOINT((148.001397714157,-4.00000000025466,19.9999999421671));
#881= IFCCARTESIANPOINT((148.001397714157,3.99999999974898,19.9999999421743));
#882= IFCPOLYLOOP((#875,#880,#881,#876));
#883= IFCFACEOUTERBOUND(#882,.T.);
#884= IFCFACE((#883));
#885= IFCCARTESIANPOINT((144.099375757425,-4.00000000025102,19.6159649979818));
#886= IFCCARTESIANPOINT((144.099375757423,3.99999999975626,19.6159649979854));
#887= IFCPOLYLOOP((#880,#885,#886,#881));
#888= IFCFACEOUTERBOUND(#887,.T.);
#889= IFCFACE((#888));
#890= IFCCARTESIANPOINT((140.347262368088,-4.00000000024011,18.4780268174363));
#891= IFCCARTESIANPOINT((140.347262368086,3.99999999976353,18.47802681744));
#892= IFCPOLYLOOP((#885,#890,#891,#886));
#893= IFCFACEOUTERBOUND(#892,.T.);
#894= IFCFACE((#893));
#895= IFCCARTESIANPOINT((136.88926306587,-4.00000000023283,16.6299199441528));
#896= IFCCARTESIANPOINT((136.88926306587,3.99999999977081,16.6299199441637));
#897= IFCPOLYLOOP((#890,#895,#896,#891));
#898= IFCFACEOUTERBOUND(#897,.T.);
#899= IFCFACE((#898));
#900= IFCCARTESIANPOINT((133.858279641003,-4.00000000022192,14.1426729384548));
#901= IFCCARTESIANPOINT((133.858279641001,3.99999999978172,14.1426729384621));
#902= IFCPOLYLOOP((#895,#900,#901,#896));
#903= IFCFACEOUTERBOUND(#902,.T.);
#904= IFCFACE((#903));
#905= IFCCARTESIANPOINT((131.370802320376,-4.00000000021464,11.1118785263279));
#906= IFCCARTESIANPOINT((131.370802320374,3.999999999789,11.1118785263425));
#907= IFCPOLYLOOP((#900,#905,#906,#901));
#908= IFCFACEOUTERBOUND(#907,.T.);
#909= IFCFACE((#908));
#910= IFCCARTESIANPOINT((129.522432681717,-4.00000000020373,7.65401967032085));
#911= IFCCARTESIANPOINT((129.522432681715,3.99999999979991,7.65401967032813));
#912= IFCPOLYLOOP((#905,#910,#911,#906));
#913= IFCFACEOUTERBOUND(#912,.T.);
#914= IFCFACE((#913));
#915= IFCCARTESIANPOINT((128.384209384234,-4.00000000020009,3.90199276286148));
#916= IFCCARTESIANPOINT((128.384209384232,3.99999999980355,3.9019927628724));
#917= IFCPOLYLOOP((#910,#915,#916,#911));
#918= IFCFACEOUTERBOUND(#917,.T.);
#919= IFCFACE((#918));
#920= IFCCARTESIANPOINT((127.999877929502,-4.00000000019281,-8.73114913702011E-11));
#921= IFCCARTESIANPOINT((127.999877929502,3.99999999981083,-7.6397554948926E-11));
#922= IFCPOLYLOOP((#915,#920,#921,#916));
#923= IFCFACEOUTERBOUND(#922,.T.);
#924= IFCFACE((#923));
#925= IFCCARTESIANPOINT((19.9999999999982,-4.00000000003274,-1.45519152283669E-11));
#926= IFCCARTESIANPOINT((19.9999999999982,3.9999999999709,-7.27595761418343E-12));
#927= IFCPOLYLOOP((#920,#925,#926,#921));
#928= IFCFACEOUTERBOUND(#927,.T.);
#929= IFCFACE((#928));
#930= IFCCARTESIANPOINT((19.6157426859772,-4.00000000004002,3.90162003243677));
#931= IFCCARTESIANPOINT((19.6157426859754,3.99999999996362,3.90162003244404));
#932= IFCPOLYLOOP((#925,#930,#931,#926));
#933= IFCFACEOUTERBOUND(#932,.T.);
#934= IFCFACE((#933));
#935= IFCCARTESIANPOINT((18.4777361122433,-4.00000000004366,7.65331746148513));
#936= IFCCARTESIANPOINT((18.4777361122433,3.99999999995998,7.65331746149241));
#937= IFCPOLYLOOP((#930,#935,#936,#931));
#938= IFCFACEOUTERBOUND(#937,.T.);
#939= IFCFACE((#938));
#940= IFCCARTESIANPOINT((16.6297090137359,-4.00000000004729,11.1109305694226));
#941= IFCCARTESIANPOINT((16.6297090137341,3.99999999995634,11.1109305694263));
#942= IFCPOLYLOOP((#935,#940,#941,#936));
#943= IFCFACEOUTERBOUND(#942,.T.);
#944= IFCFACE((#943));
#945= IFCCARTESIANPOINT((14.1426731833653,-4.00000000004729,14.1415980436686));
#946= IFCCARTESIANPOINT((14.1426731833635,3.99999999995634,14.1415980436723));
#947= IFCPOLYLOOP((#940,#945,#946,#941));
#948= IFCFACEOUTERBOUND(#947,.T.);
#949= IFCFACE((#948));
#950= IFCCARTESIANPOINT((11.1121947919382,-4.00000000004729,16.6288642698782));
#951= IFCCARTESIANPOINT((11.1121947919364,3.99999999995634,16.6288642698892));
#952= IFCPOLYLOOP((#945,#950,#951,#946));
#953= IFCFACEOUTERBOUND(#952,.T.);
#954= IFCFACE((#953));
#955= IFCCARTESIANPOINT((7.65472218814284,-4.00000000004366,18.4771542241397));
#956= IFCCARTESIANPOINT((7.65472218814102,3.99999999995998,18.4771542241433));
#957= IFCPOLYLOOP((#950,#955,#956,#951));
#958= IFCFACEOUTERBOUND(#957,.T.);
#959= IFCFACE((#958));
#960= IFCCARTESIANPOINT((3.90311128558642,-4.00000000004366,19.6154460130929));
#961= IFCCARTESIANPOINT((3.9031112855846,3.99999999996362,19.6154460131002));
#962= IFCPOLYLOOP((#955,#960,#961,#956));
#963= IFCFACEOUTERBOUND(#962,.T.);
#964= IFCFACE((#963));
#965= IFCPOLYLOOP((#960,#868,#871,#961));
#966= IFCFACEOUTERBOUND(#965,.T.);
#967= IFCFACE((#966));
#968= IFCPOLYLOOP((#876,#881,#886,#891,#896,#901,#906,#911,#916,#921,#926,#931,#936,#941,#946,#951,#956,#961,#871,#870));
#969= IFCFACEOUTERBOUND(#968,.T.);
#970= IFCFACE((#969));
#971= IFCPOLYLOOP((#960,#955,#950,#945,#940,#935,#930,#925,#920,#915,#910,#905,#900,#895,#890,#885,#880,#875,#869,#868));
#972= IFCFACEOUTERBOUND(#971,.T.);
#973= IFCFACE((#972));
#974= IFCCLOSEDSHELL((#874,#879,#884,#889,#894,#899,#904,#909,#914,#919,#924,#929,#934,#939,#944,#949,#954,#959,#964,#967,#970,#973));
#975= IFCFACETEDBREP(#974);
#976= IFCSTYLEDITEM(#975,(#867),$);
#977= IFCSHAPEREPRESENTATION(#12,'Body','Brep',(#975));
#978= IFCPRODUCTDEFINITIONSHAPE($,$,(#977));
#979= IFCCARTESIANPOINT((12466.0012714598,29867.9809939268,16446.9993321529));
#980= IFCDIRECTION((-5.59320017237042E-05,0.999999997926011,-3.19309999977122E-05));
#981= IFCDIRECTION((0.999999998435804,5.59320000276874E-05,-5.39999895451489E-08));
#982= IFCAXIS2PLACEMENT3D(#979,#980,#981);
#983= IFCLOCALPLACEMENT(#42,#982);
#984= IFCPLATE('0CdyZVj8HBhhAlwIQAoFBY',#44,'PLATE-8','PL8*148',$,#983,#978,'ID0c9fc8df-b484-4bae-b2af-e9268ac8f2e2');
#985= IFCPLATETYPE('396qZRRTbFwfxQji7V8I$V',#5,'PL8*148',$,$,$,$,$,$,.NOTDEFINED.);
#986= IFCPROPERTYSINGLEVALUE('Bottom elevation',$,IFCLABEL(' +16.443'),$);
#987= IFCPROPERTYSINGLEVALUE('Top elevation',$,IFCLABEL(' +16.451'),$);
#988= IFCPROPERTYSINGLEVALUE('Initial GUID',$,$,$);
#989= IFCPROPERTYSINGLEVALUE('Preliminary mark',$,IFCLABEL('5-2-P69(?)'),$);
#990= IFCPROPERTYSINGLEVALUE('Phase',$,IFCINTEGER(2),$);
#991= IFCPROPERTYSINGLEVALUE('Class',$,IFCLABEL('17'),$);
#992= IFCPROPERTYSET('3I_rzK0kPDOOX7kaEng1JD',#5,'Tekla Common','Common Properties to Shared building elements',(#986,#987,#988,#989,#990,#991));
#993= IFCPROPERTYSINGLEVALUE('Weight',$,IFCMASSMEASURE(2.75),$);
#994= IFCPROPERTYSINGLEVALUE('Volume',$,IFCVOLUMEMEASURE(0.),$);
#995= IFCPROPERTYSINGLEVALUE('Gross footprint area',$,IFCAREAMEASURE(0.044),$);
#996= IFCPROPERTYSINGLEVALUE('Area per tons',$,IFCAREAMEASURE(34.404),$);
#997= IFCPROPERTYSINGLEVALUE('Net surface area',$,IFCAREAMEASURE(0.095),$);
#998= IFCPROPERTYSINGLEVALUE('Height',$,IFCLENGTHMEASURE(148.),$);
#999= IFCPROPERTYSINGLEVALUE('Width',$,IFCLENGTHMEASURE(8.),$);
#1000= IFCPROPERTYSINGLEVALUE('Length',$,IFCLENGTHMEASURE(300.),$);
#1001= IFCPROPERTYSET('1Pu7izXob7w920O70s_nc9',#5,'Tekla Quantity','Quantity Properties to Shared building elements',(#993,#994,#995,#996,#997,#998,#999,#1000));
#1002= IFCPROPERTYSINGLEVALUE('LoadBearing',$,IFCBOOLEAN(.F.),$);
#1003= IFCPROPERTYSINGLEVALUE('Reference',$,IFCIDENTIFIER('5-2-P69'),$);
#1004= IFCPROPERTYSET('2lyI$wa2HEXexHc5Ht8P8M',#5,'Pset_PlateCommon','Common Properties to plate elements',(#1002,#1003));
#1005= IFCQUANTITYLENGTH('Width',$,$,147.999876988074);
#1006= IFCQUANTITYAREA('NetArea',$,$,0.0945806295579373);
#1007= IFCQUANTITYAREA('GrossArea',$,$,0.0444011324342549);
#1008= IFCQUANTITYAREA('CrossSectionArea',$,$,6.4E-05);
#1009= IFCQUANTITYVOLUME('NetVolume',$,$,0.000350203250543803);
#1010= IFCQUANTITYVOLUME('GrossVolume',$,$,0.000350203250543803);
#1011= IFCELEMENTQUANTITY('114sR4uET0wRg7PS6hI9X1',#5,'BaseQuantities',$,$,(#1005,#1006,#1007,#1008,#1009,#1010));
#1012= IFCMATERIAL('STEEL/S275');
#1013= IFCCARTESIANPOINT((0.000771845603594556,-3.99999999999454,19.9999999851098));
#1014= IFCCARTESIANPOINT((0.00308731410768814,-3.99999999998545,79.9982299806288));
#1015= IFCCARTESIANPOINT((0.00308731410950713,4.00000000002001,79.9982299806361));
#1016= IFCCARTESIANPOINT((0.000771845605413546,4.00000000000909,19.9999999851207));
#1017= IFCPOLYLOOP((#1013,#1014,#1015,#1016));
#1018= IFCFACEOUTERBOUND(#1017,.T.);
#1019= IFCFACE((#1018));
#1020= IFCCARTESIANPOINT((148.002975463693,-3.99999999993452,79.9981613158998));
#1021= IFCCARTESIANPOINT((148.002975463693,4.00000000007094,79.9981613159034));
#1022= IFCPOLYLOOP((#1014,#1020,#1021,#1015));
#1023= IFCFACEOUTERBOUND(#1022,.T.);
#1024= IFCFACE((#1023));
#1025= IFCCARTESIANPOINT((148.000652330837,-3.99999999994543,19.9999999848515));
#1026= IFCCARTESIANPOINT((148.000652330835,4.00000000005821,19.9999999848587));
#1027= IFCPOLYLOOP((#1020,#1025,#1026,#1021));
#1028= IFCFACEOUTERBOUND(#1027,.T.);
#1029= IFCFACE((#1028));
#1030= IFCCARTESIANPOINT((144.09873607267,-3.99999999994543,19.6158377900829));
#1031= IFCCARTESIANPOINT((144.098736072672,4.00000000005821,19.6158377900938));
#1032= IFCPOLYLOOP((#1025,#1030,#1031,#1026));
#1033= IFCFACEOUTERBOUND(#1032,.T.);
#1034= IFCFACE((#1033));
#1035= IFCCARTESIANPOINT((140.346745875586,-3.99999999994907,18.4778129052065));
#1036= IFCCARTESIANPOINT((140.346745875586,4.00000000005457,18.4778129052138));
#1037= IFCPOLYLOOP((#1030,#1035,#1036,#1031));
#1038= IFCFACEOUTERBOUND(#1037,.T.);
#1039= IFCFACE((#1038));
#1040= IFCCARTESIANPOINT((136.88887570435,-3.99999999994907,16.6296611374964));
#1041= IFCCARTESIANPOINT((136.88887570435,4.00000000005457,16.6296611375001));
#1042= IFCPOLYLOOP((#1035,#1040,#1041,#1036));
#1043= IFCFACEOUTERBOUND(#1042,.T.);
#1044= IFCFACE((#1043));
#1045= IFCCARTESIANPOINT((133.858016100638,-3.99999999995089,14.142409413158));
#1046= IFCCARTESIANPOINT((133.858016100639,4.00000000005275,14.1424094131653));
#1047= IFCPOLYLOOP((#1040,#1045,#1046,#1041));
#1048= IFCFACEOUTERBOUND(#1047,.T.);
#1049= IFCFACE((#1048));
#1050= IFCCARTESIANPOINT((131.370647023074,-3.99999999995271,11.1116461182719));
#1051= IFCCARTESIANPOINT((131.370647023075,4.00000000005093,11.1116461182792));
#1052= IFCPOLYLOOP((#1045,#1050,#1051,#1046));
#1053= IFCFACEOUTERBOUND(#1052,.T.);
#1054= IFCFACE((#1053));
#1055= IFCCARTESIANPOINT((129.522361367775,-3.99999999995453,7.65384751018792));
#1056= IFCCARTESIANPOINT((129.522361367775,4.00000000004911,7.65384751019519));
#1057= IFCPOLYLOOP((#1050,#1055,#1056,#1051));
#1058= IFCFACEOUTERBOUND(#1057,.T.);
#1059= IFCFACE((#1058));
#1060= IFCCARTESIANPOINT((128.384191206434,-3.99999999995634,3.90190138031539));
#1061= IFCCARTESIANPOINT((128.384191206436,4.00000000004729,3.90190138032631));
#1062= IFCPOLYLOOP((#1055,#1060,#1061,#1056));
#1063= IFCFACEOUTERBOUND(#1062,.T.);
#1064= IFCFACE((#1063));
#1065= IFCPOLYLOOP((#1060,#920,#921,#1061));
#1066= IFCFACEOUTERBOUND(#1065,.T.);
#1067= IFCFACE((#1066));
#1068= IFCCARTESIANPOINT((19.6157244302885,-3.99999999999272,3.90171181341066));
#1069= IFCCARTESIANPOINT((19.6157244302885,4.00000000001091,3.90171181341429));
#1070= IFCPOLYLOOP((#925,#1068,#1069,#926));
#1071= IFCFACEOUTERBOUND(#1070,.T.);
#1072= IFCFACE((#1071));
#1073= IFCCARTESIANPOINT((18.4776644925023,-3.99999999999091,7.65349037384294));
#1074= IFCCARTESIANPOINT((18.4776644925005,4.00000000001273,7.65349037385022));
#1075= IFCPOLYLOOP((#1068,#1073,#1074,#1069));
#1076= IFCFACEOUTERBOUND(#1075,.T.);
#1077= IFCFACE((#1076));
#1078= IFCCARTESIANPOINT((16.62955304973,-3.99999999999272,11.1111639969058));
#1079= IFCCARTESIANPOINT((16.62955304973,4.00000000001091,11.1111639969131));
#1080= IFCPOLYLOOP((#1073,#1078,#1079,#1074));
#1081= IFCFACEOUTERBOUND(#1080,.T.);
#1082= IFCFACE((#1081));
#1083= IFCCARTESIANPOINT((14.1424085097333,-3.99999999999091,14.1418627324601));
#1084= IFCCARTESIANPOINT((14.1424085097315,4.00000000001273,14.1418627324674));
#1085= IFCPOLYLOOP((#1078,#1083,#1084,#1079));
#1086= IFCFACEOUTERBOUND(#1085,.T.);
#1087= IFCFACE((#1086));
#1088= IFCCARTESIANPOINT((11.1118057610183,-3.99999999999272,16.6291242321859));
#1089= IFCCARTESIANPOINT((11.1118057610183,4.00000000001091,16.6291242321931));
#1090= IFCPOLYLOOP((#1083,#1088,#1089,#1084));
#1091= IFCFACEOUTERBOUND(#1090,.T.);
#1092= IFCFACE((#1091));
#1093= IFCCARTESIANPOINT((7.65420346336577,-3.99999999999272,18.477369113094));
#1094= IFCCARTESIANPOINT((7.65420346336577,4.00000000001273,18.4773691131049));
#1095= IFCPOLYLOOP((#1088,#1093,#1094,#1089));
#1096= IFCFACEOUTERBOUND(#1095,.T.);
#1097= IFCFACE((#1096));
#1098= IFCCARTESIANPOINT((3.90246882605607,-3.99999999999272,19.6155738397247));
#1099= IFCCARTESIANPOINT((3.90246882605788,4.00000000001091,19.6155738397356));
#1100= IFCPOLYLOOP((#1093,#1098,#1099,#1094));
#1101= IFCFACEOUTERBOUND(#1100,.T.);
#1102= IFCFACE((#1101));
#1103= IFCPOLYLOOP((#1098,#1013,#1016,#1099));
#1104= IFCFACEOUTERBOUND(#1103,.T.);
#1105= IFCFACE((#1104));
#1106= IFCPOLYLOOP((#1021,#1026,#1031,#1036,#1041,#1046,#1051,#1056,#1061,#921,#926,#1069,#1074,#1079,#1084,#1089,#1094,#1099,#1016,#1015));
#1107= IFCFACEOUTERBOUND(#1106,.T.);
#1108= IFCFACE((#1107));
#1109= IFCPOLYLOOP((#1098,#1093,#1088,#1083,#1078,#1073,#1068,#925,#920,#1060,#1055,#1050,#1045,#1040,#1035,#1030,#1025,#1020,#1014,#1013));
#1110= IFCFACEOUTERBOUND(#1109,.T.);
#1111= IFCFACE((#1110));
#1112= IFCCLOSEDSHELL((#1019,#1024,#1029,#1034,#1039,#1044,#1049,#1054,#1059,#1064,#1067,#929,#1072,#1077,#1082,#1087,#1092,#1097,#1102,#1105,#1108,#1111));
#1113= IFCFACETEDBREP(#1112);
#1114= IFCSTYLEDITEM(#1113,(#867),$);
#1115= IFCSHAPEREPRESENTATION(#12,'Body','Brep',(#1113));
#1116= IFCPRODUCTDEFINITIONSHAPE($,$,(#1115));
#1117= IFCCARTESIANPOINT((12466.0012609482,29867.9746077263,16246.9993322548));
#1118= IFCAXIS2PLACEMENT3D(#1117,#980,#981);
#1119= IFCLOCALPLACEMENT(#42,#1118);
#1120= IFCPLATE('38u9FhFEr3zAO9hsqDNnkX',#44,'PLATE-8','PL8*80',$,#1119,#1116,'IDc8e093eb-3ced-43f4-a609-af6d0d5f1ba1');
#1121= IFCPLATETYPE('16w9iWyen3lhUHujjZEC$z',#5,'PL8*80',$,$,$,$,$,$,.NOTDEFINED.);
#1122= IFCPROPERTYSINGLEVALUE('Bottom elevation',$,IFCLABEL(' +16.243'),$);
#1123= IFCPROPERTYSINGLEVALUE('Top elevation',$,IFCLABEL(' +16.251'),$);
#1124= IFCPROPERTYSINGLEVALUE('Preliminary mark',$,IFCLABEL('5-2-P70(?)'),$);
#1125= IFCPROPERTYSET('33MBKBYZrEHvjUqmMkly4J',#5,'Tekla Common','Common Properties to Shared building elements',(#1122,#1123,#988,#1124,#990,#991));
#1126= IFCPROPERTYSINGLEVALUE('Weight',$,IFCMASSMEASURE(0.7),$);
#1127= IFCPROPERTYSINGLEVALUE('Gross footprint area',$,IFCAREAMEASURE(0.011),$);
#1128= IFCPROPERTYSINGLEVALUE('Area per tons',$,IFCAREAMEASURE(36.83),$);
#1129= IFCPROPERTYSINGLEVALUE('Net surface area',$,IFCAREAMEASURE(0.026),$);
#1130= IFCPROPERTYSINGLEVALUE('Height',$,IFCLENGTHMEASURE(80.),$);
#1131= IFCPROPERTYSINGLEVALUE('Length',$,IFCLENGTHMEASURE(148.),$);
#1132= IFCPROPERTYSET('3sQ0OVQjLAvxXaYiEapHGv',#5,'Tekla Quantity','Quantity Properties to Shared building elements',(#1126,#994,#1127,#1128,#1129,#1130,#999,#1131));
#1133= IFCPROPERTYSINGLEVALUE('Reference',$,IFCIDENTIFIER('5-2-P70'),$);
#1134= IFCPROPERTYSET('1UnRm7JfvDkh4syIViZJIB',#5,'Pset_PlateCommon','Common Properties to plate elements',(#1002,#1133));
#1135= IFCQUANTITYLENGTH('Width',$,$,79.9982299806452);
#1136= IFCQUANTITYAREA('NetArea',$,$,0.0259406861266426);
#1137= IFCQUANTITYAREA('GrossArea',$,$,0.0118399143226811);
#1138= IFCQUANTITYVOLUME('NetVolume',$,$,8.97234763513864E-05);
#1139= IFCQUANTITYVOLUME('GrossVolume',$,$,8.97234763513864E-05);
#1140= IFCELEMENTQUANTITY('1sg4GoZHn8wvsncfR44vVL',#5,'BaseQuantities',$,$,(#1135,#1136,#1137,#1008,#1138,#1139));
#1141= IFCCOLOURRGB('Light Red',0.905882352941176,0.325490196078431,0.36078431372549);
#1142= IFCSURFACESTYLERENDERING(#1141,0.,$,$,$,$,IFCNORMALISEDRATIOMEASURE(0.00390625),IFCSPECULAREXPONENT(10.),.NOTDEFINED.);
#1143= IFCSURFACESTYLE('STEEL/S275',.POSITIVE.,(#1142));
#1144= IFCPRESENTATIONSTYLEASSIGNMENT((#1143));
#1145= IFCCARTESIANPOINT((-2.83762346953154E-09,-6.00000000004547,455.000000000215));
#1146= IFCCARTESIANPOINT((-4.08908817917109E-09,-6.00000000006548,655.000000002197));
#1147= IFCCARTESIANPOINT((-4.11091605201364E-09,5.99999999992906,655.000000002201));
#1148= IFCCARTESIANPOINT((-2.85945134237409E-09,5.99999999994907,455.000000000218));
#1149= IFCPOLYLOOP((#1145,#1146,#1147,#1148));
#1150= IFCFACEOUTERBOUND(#1149,.T.);
#1151= IFCFACE((#1150));
#1152= IFCCARTESIANPOINT((289.998321525145,-6.00000000009641,655.00000000251));
#1153= IFCCARTESIANPOINT((289.99832152513,5.99999999989814,655.000000002514));
#1154= IFCPOLYLOOP((#1146,#1152,#1153,#1147));
#1155= IFCFACEOUTERBOUND(#1154,.T.);
#1156= IFCFACE((#1155));
#1157= IFCCARTESIANPOINT((290.454088934799,-6.00000000009459,649.790554672487));
#1158= IFCCARTESIANPOINT((290.454088934777,5.99999999989996,649.790554672491));
#1159= IFCPOLYLOOP((#1152,#1157,#1158,#1153));
#1160= IFCFACEOUTERBOUND(#1159,.T.);
#1161= IFCFACE((#1160));
#1162= IFCCARTESIANPOINT((291.807542901599,-6.00000000009459,644.739395702716));
#1163= IFCCARTESIANPOINT((291.807542901584,5.99999999989996,644.73939570272));
#1164= IFCPOLYLOOP((#1157,#1162,#1163,#1158));
#1165= IFCFACEOUTERBOUND(#1164,.T.);
#1166= IFCFACE((#1165));
#1167= IFCCARTESIANPOINT((294.017559411663,-6.00000000009641,640.000000002474));
#1168= IFCCARTESIANPOINT((294.017559411648,5.99999999989996,640.000000002477));
#1169= IFCPOLYLOOP((#1162,#1167,#1168,#1163));
#1170= IFCFACEOUTERBOUND(#1169,.T.);
#1171= IFCFACE((#1170));
#1172= IFCCARTESIANPOINT((297.016988231648,-6.00000000009459,635.716371711875));
#1173= IFCCARTESIANPOINT((297.01698823163,5.99999999989996,635.716371711875));
#1174= IFCPOLYLOOP((#1167,#1172,#1173,#1168));
#1175= IFCFACEOUTERBOUND(#1174,.T.);
#1176= IFCFACE((#1175));
#1177= IFCCARTESIANPOINT((300.71469323464,-6.00000000009459,632.0186667089));
#1178= IFCCARTESIANPOINT((300.714693234622,5.99999999989996,632.018666708904));
#1179= IFCPOLYLOOP((#1172,#1177,#1178,#1173));
#1180= IFCFACEOUTERBOUND(#1179,.T.);
#1181= IFCFACE((#1180));
#1182= IFCCARTESIANPOINT((304.998321525254,-6.00000000009459,629.019237888941));
#1183= IFCCARTESIANPOINT((304.998321525236,5.99999999989996,629.019237888944));
#1184= IFCPOLYLOOP((#1177,#1182,#1183,#1178));
#1185= IFCFACEOUTERBOUND(#1184,.T.);
#1186= IFCFACE((#1185));
#1187= IFCCARTESIANPOINT((309.737717225496,-6.00000000009641,626.80922137891));
#1188= IFCCARTESIANPOINT((309.737717225475,5.99999999989814,626.809221378913));
#1189= IFCPOLYLOOP((#1182,#1187,#1188,#1183));
#1190= IFCFACEOUTERBOUND(#1189,.T.);
#1191= IFCFACE((#1190));
#1192= IFCCARTESIANPOINT((314.788876195267,-6.00000000009823,625.455767412139));
#1193= IFCCARTESIANPOINT((314.788876195249,5.99999999989814,625.455767412142));
#1194= IFCPOLYLOOP((#1187,#1192,#1193,#1188));
#1195= IFCFACEOUTERBOUND(#1194,.T.);
#1196= IFCFACE((#1195));
#1197= IFCCARTESIANPOINT((319.99832152528,-6.00000000009823,625.000000002528));
#1198= IFCCARTESIANPOINT((319.998321525261,5.99999999989814,625.000000002532));
#1199= IFCPOLYLOOP((#1192,#1197,#1198,#1193));
#1200= IFCFACEOUTERBOUND(#1199,.T.);
#1201= IFCFACE((#1200));
#1202= IFCCARTESIANPOINT((319.99832152919,-6.00000000003092,3.43788997270167E-10));
#1203= IFCCARTESIANPOINT((319.998321529169,5.99999999996362,3.45607986673713E-10));
#1204= IFCPOLYLOOP((#1197,#1202,#1203,#1198));
#1205= IFCFACEOUTERBOUND(#1204,.T.);
#1206= IFCFACE((#1205));
#1207= IFCCARTESIANPOINT((199.999999999643,-6.00000000001819,2.14640749618411E-10));
#1208= IFCCARTESIANPOINT((199.999999999622,5.99999999997635,2.16459739021957E-10));
#1209= IFCPOLYLOOP((#1202,#1207,#1208,#1203));
#1210= IFCFACEOUTERBOUND(#1209,.T.);
#1211= IFCFACE((#1210));
#1212= IFCPOLYLOOP((#1207,#1145,#1148,#1208));
#1213= IFCFACEOUTERBOUND(#1212,.T.);
#1214= IFCFACE((#1213));
#1215= IFCPOLYLOOP((#1153,#1158,#1163,#1168,#1173,#1178,#1183,#1188,#1193,#1198,#1203,#1208,#1148,#1147));
#1216= IFCFACEOUTERBOUND(#1215,.T.);
#1217= IFCFACE((#1216));
#1218= IFCPOLYLOOP((#1207,#1202,#1197,#1192,#1187,#1182,#1177,#1172,#1167,#1162,#1157,#1152,#1146,#1145));
#1219= IFCFACEOUTERBOUND(#1218,.T.);
#1220= IFCFACE((#1219));
#1221= IFCCLOSEDSHELL((#1151,#1156,#1161,#1166,#1171,#1176,#1181,#1186,#1191,#1196,#1201,#1206,#1211,#1214,#1217,#1220));
#1222= IFCFACETEDBREP(#1221);
#1223= IFCSTYLEDITEM(#1222,(#1144),$);
#1224= IFCSHAPEREPRESENTATION(#12,'Body','Brep',(#1222));
#1225= IFCPRODUCTDEFINITIONSHAPE($,$,(#1224));
#1226= IFCCARTESIANPOINT((12459.9994400929,30187.9634746886,15956.9891148577));
#1227= IFCDIRECTION((5.29999997525011E-08,3.19310003142164E-05,0.999999999490204));
#1228= IFCDIRECTION((5.64300000084805E-06,-0.999999999474284,3.1931000013218E-05));
#1229= IFCAXIS2PLACEMENT3D(#1226,#1227,#1228);
#1230= IFCLOCALPLACEMENT(#42,#1229);
#1231= IFCPLATE('13X2wnuz96iwkLNIWwLlEC',#44,'PLATE-12','PL12*320',$,#1230,#1225,'ID43842eb1-e3d2-46b3-ab95-5d283a56f38c');
#1232= IFCPLATETYPE('3nrfXFHiT1ig5H5GprtAf5',#5,'PL12*320',$,$,$,$,$,$,.NOTDEFINED.);
#1233= IFCPROPERTYSINGLEVALUE('Bottom elevation',$,IFCLABEL(' +15.957'),$);
#1234= IFCPROPERTYSINGLEVALUE('Top elevation',$,IFCLABEL(' +16.612'),$);
#1235= IFCPROPERTYSINGLEVALUE('Preliminary mark',$,IFCLABEL('5-2-P24(?)'),$);
#1236= IFCPROPERTYSINGLEVALUE('Class',$,IFCLABEL('16'),$);
#1237= IFCPROPERTYSET('0sQ9KJ$tf9YxFMlixTHv61',#5,'Tekla Common','Common Properties to Shared building elements',(#1233,#1234,#988,#1235,#990,#1236));
#1238= IFCPROPERTYSINGLEVALUE('Weight',$,IFCMASSMEASURE(15.39),$);
#1239= IFCPROPERTYSINGLEVALUE('Volume',$,IFCVOLUMEMEASURE(0.002),$);
#1240= IFCPROPERTYSINGLEVALUE('Gross footprint area',$,IFCAREAMEASURE(0.003),$);
#1241= IFCPROPERTYSINGLEVALUE('Area per tons',$,IFCAREAMEASURE(22.618),$);
#1242= IFCPROPERTYSINGLEVALUE('Net surface area',$,IFCAREAMEASURE(0.348),$);
#1243= IFCPROPERTYSINGLEVALUE('Height',$,IFCLENGTHMEASURE(320.),$);
#1244= IFCPROPERTYSINGLEVALUE('Width',$,IFCLENGTHMEASURE(12.),$);
#1245= IFCPROPERTYSINGLEVALUE('Length',$,IFCLENGTHMEASURE(655.),$);
#1246= IFCPROPERTYSET('1CKZp5Ch59ofyhjQ9drSsZ',#5,'Tekla Quantity','Quantity Properties to Shared building elements',(#1238,#1239,#1240,#1241,#1242,#1243,#1244,#1245));
#1247= IFCPROPERTYSINGLEVALUE('Reference',$,IFCIDENTIFIER('5-2-P24'),$);
#1248= IFCPROPERTYSET('0qJ$Wv2Ev1nBlW9h9xbXbG',#5,'Pset_PlateCommon','Common Properties to plate elements',(#1002,#1247));
#1249= IFCQUANTITYLENGTH('Width',$,$,319.998321529147);
#1250= IFCQUANTITYAREA('NetArea',$,$,0.348140173051687);
#1251= IFCQUANTITYAREA('GrossArea',$,$,0.209598900603205);
#1252= IFCQUANTITYAREA('CrossSectionArea',$,$,0.000144);
#1253= IFCQUANTITYVOLUME('NetVolume',$,$,0.00196074750579652);
#1254= IFCQUANTITYVOLUME('GrossVolume',$,$,0.00196074750579652);
#1255= IFCELEMENTQUANTITY('0HkzQMWObBCh1TG9upd7lv',#5,'BaseQuantities',$,$,(#1249,#1250,#1251,#1252,#1253,#1254));
#1256= IFCSHAPEREPRESENTATION(#12,'Body','Brep',(#1222));
#1257= IFCPRODUCTDEFINITIONSHAPE($,$,(#1256));
#1258= IFCCARTESIANPOINT((12619.9993164954,30187.971960805,15956.9891061778));
#1259= IFCAXIS2PLACEMENT3D(#1258,#1227,#1228);
#1260= IFCLOCALPLACEMENT(#42,#1259);
#1261= IFCPLATE('3cszKoP_989A1Gn8ct4xDd',#44,'PLATE-12','PL12*320',$,#1260,#1257,'IDe6dbd532-67e2-4824-a050-c489b713b367');
#1262= IFCCARTESIANPOINT((-1.81898940354586E-12,-4.00000000000182,1.09139364212751E-11));
#1263= IFCCARTESIANPOINT((-0.000125010114061297,-3.99999999999818,19.9982299817129));
#1264= IFCCARTESIANPOINT((-0.000125010110423318,4.00000000000546,19.998229981702));
#1265= IFCCARTESIANPOINT((3.63797880709171E-12,4.00000000000182,-3.63797880709171E-12));
#1266= IFCPOLYLOOP((#1262,#1263,#1264,#1265));
#1267= IFCFACEOUTERBOUND(#1266,.T.);
#1268= IFCFACE((#1267));
#1269= IFCCARTESIANPOINT((103.999499926302,-4.,79.9981723908459));
#1270= IFCCARTESIANPOINT((103.999499926305,4.00000000000364,79.9981723908313));
#1271= IFCPOLYLOOP((#1263,#1269,#1270,#1264));
#1272= IFCFACEOUTERBOUND(#1271,.T.);
#1273= IFCFACE((#1272));
#1274= IFCCARTESIANPOINT((123.999382018688,-4.00000000000182,79.9981613159616));
#1275= IFCCARTESIANPOINT((123.999382018692,4.00000000000182,79.9981613159471));
#1276= IFCPOLYLOOP((#1269,#1274,#1275,#1270));
#1277= IFCFACEOUTERBOUND(#1276,.T.);
#1278= IFCFACE((#1277));
#1279= IFCCARTESIANPOINT((123.999753948856,-4.00000000001091,19.9999999995853));
#1280= IFCCARTESIANPOINT((123.999753948863,3.99999999999272,19.9999999995707));
#1281= IFCPOLYLOOP((#1274,#1279,#1280,#1275));
#1282= IFCFACEOUTERBOUND(#1281,.T.);
#1283= IFCFACE((#1282));
#1284= IFCCARTESIANPOINT((120.097965090628,-4.00000000001091,19.6156844437683));
#1285= IFCCARTESIANPOINT((120.097965090634,3.99999999999272,19.6156844437573));
#1286= IFCPOLYLOOP((#1279,#1284,#1285,#1280));
#1287= IFCFACEOUTERBOUND(#1286,.T.);
#1288= IFCFACE((#1287));
#1289= IFCCARTESIANPOINT((116.346123374864,-4.00000000001273,18.477555066027));
#1290= IFCCARTESIANPOINT((116.346123374868,3.99999999999272,18.4775550660161));
#1291= IFCPOLYLOOP((#1284,#1289,#1290,#1285));
#1292= IFCFACEOUTERBOUND(#1291,.T.);
#1293= IFCFACE((#1292));
#1294= IFCCARTESIANPOINT((112.888408840303,-4.00000000001091,16.6293491959659));
#1295= IFCCARTESIANPOINT((112.888408840308,3.99999999999454,16.6293491959514));
#1296= IFCPOLYLOOP((#1289,#1294,#1295,#1290));
#1297= IFCFACEOUTERBOUND(#1296,.T.);
#1298= IFCFACE((#1297));
#1299= IFCCARTESIANPOINT((109.857698471989,-4.00000000001091,14.1420917899013));
#1300= IFCCARTESIANPOINT((109.857698471995,3.99999999999272,14.1420917898904));
#1301= IFCPOLYLOOP((#1294,#1299,#1300,#1295));
#1302= IFCFACEOUTERBOUND(#1301,.T.);
#1303= IFCFACE((#1302));
#1304= IFCCARTESIANPOINT((107.370459853422,-4.00000000001091,11.1113660030715));
#1305= IFCCARTESIANPOINT((107.370459853428,3.99999999999272,11.1113660030605));
#1306= IFCPOLYLOOP((#1299,#1304,#1305,#1300));
#1307= IFCFACEOUTERBOUND(#1306,.T.);
#1308= IFCFACE((#1307));
#1309= IFCCARTESIANPOINT((105.522275417861,-4.00000000001091,7.65364001149646));
#1310= IFCCARTESIANPOINT((105.522275417867,3.99999999999272,7.65364001148555));
#1311= IFCPOLYLOOP((#1304,#1309,#1310,#1305));
#1312= IFCFACEOUTERBOUND(#1311,.T.);
#1313= IFCFACE((#1312));
#1314= IFCCARTESIANPOINT((104.384169297904,-4.00000000001273,3.90179124051065));
#1315= IFCCARTESIANPOINT((104.384169297911,3.99999999999091,3.90179124049973));
#1316= IFCPOLYLOOP((#1309,#1314,#1315,#1310));
#1317= IFCFACEOUTERBOUND(#1316,.T.);
#1318= IFCFACE((#1317));
#1319= IFCCARTESIANPOINT((103.999877929389,-4.00000000001455,-2.5465851649642E-11));
#1320= IFCCARTESIANPOINT((103.999877929393,3.99999999998909,-3.63797880709171E-11));
#1321= IFCPOLYLOOP((#1314,#1319,#1320,#1315));
#1322= IFCFACEOUTERBOUND(#1321,.T.);
#1323= IFCFACE((#1322));
#1324= IFCPOLYLOOP((#1319,#1262,#1265,#1320));
#1325= IFCFACEOUTERBOUND(#1324,.T.);
#1326= IFCFACE((#1325));
#1327= IFCPOLYLOOP((#1270,#1275,#1280,#1285,#1290,#1295,#1300,#1305,#1310,#1315,#1320,#1265,#1264));
#1328= IFCFACEOUTERBOUND(#1327,.T.);
#1329= IFCFACE((#1328));
#1330= IFCPOLYLOOP((#1319,#1314,#1309,#1304,#1299,#1294,#1289,#1284,#1279,#1274,#1269,#1263,#1262));
#1331= IFCFACEOUTERBOUND(#1330,.T.);
#1332= IFCFACE((#1331));
#1333= IFCCLOSEDSHELL((#1268,#1273,#1278,#1283,#1288,#1293,#1298,#1303,#1308,#1313,#1318,#1323,#1326,#1329,#1332));
#1334= IFCFACETEDBREP(#1333);
#1335= IFCSTYLEDITEM(#1334,(#867),$);
#1336= IFCSHAPEREPRESENTATION(#12,'Body','Brep',(#1334));
#1337= IFCPRODUCTDEFINITIONSHAPE($,$,(#1336));
#1338= IFCCARTESIANPOINT((12330.0012610142,29867.9769086707,16246.9993393289));
#1339= IFCDIRECTION((-1.10900016879896E-05,0.999999999428712,-3.19310000140832E-05));
#1340= IFCDIRECTION((0.999999999938505,1.1090000000843E-05,-5.3000005162749E-08));
#1341= IFCAXIS2PLACEMENT3D(#1338,#1339,#1340);
#1342= IFCLOCALPLACEMENT(#42,#1341);
#1343= IFCPLATE('3UuEG5qZrA6QVnTUFqD1d5',#44,'PLATE-8','PL8*80',$,#1342,#1337,'IDdee0e405-d23d-4a19-a7f1-75e3f43419c5');
#1344= IFCPROPERTYSINGLEVALUE('Preliminary mark',$,IFCLABEL('5-2-P71(?)'),$);
#1345= IFCPROPERTYSET('3dKPJP83L4FACccqe8u0Og',#5,'Tekla Common','Common Properties to Shared building elements',(#1122,#1123,#988,#1344,#990,#991));
#1346= IFCPROPERTYSINGLEVALUE('Weight',$,IFCMASSMEASURE(0.41),$);
#1347= IFCPROPERTYSINGLEVALUE('Gross footprint area',$,IFCAREAMEASURE(0.006),$);
#1348= IFCPROPERTYSINGLEVALUE('Area per tons',$,IFCAREAMEASURE(38.826),$);
#1349= IFCPROPERTYSINGLEVALUE('Net surface area',$,IFCAREAMEASURE(0.016),$);
#1350= IFCPROPERTYSINGLEVALUE('Length',$,IFCLENGTHMEASURE(124.),$);
#1351= IFCPROPERTYSET('11XhlB5OLERPDoAaPqeRN1',#5,'Tekla Quantity','Quantity Properties to Shared building elements',(#1346,#994,#1347,#1348,#1349,#1130,#999,#1350));
#1352= IFCPROPERTYSINGLEVALUE('Reference',$,IFCIDENTIFIER('5-2-P71'),$);
#1353= IFCPROPERTYSET('10IIsYlrnETvZtpf93ih_r',#5,'Pset_PlateCommon','Common Properties to plate elements',(#1002,#1352));
#1354= IFCQUANTITYLENGTH('Width',$,$,79.9981723908593);
#1355= IFCQUANTITYAREA('NetArea',$,$,0.0158186691833528);
#1356= IFCQUANTITYAREA('GrossArea',$,$,0.00991976369340906);
#1357= IFCQUANTITYVOLUME('NetVolume',$,$,5.19009868982816E-05);
#1358= IFCQUANTITYVOLUME('GrossVolume',$,$,5.19009868982816E-05);
#1359= IFCELEMENTQUANTITY('1gpAZZpSrBbvEOnM_TZN$b',#5,'BaseQuantities',$,$,(#1354,#1355,#1356,#1008,#1357,#1358));
#1360= IFCCARTESIANPOINT((-0.000125021178973839,-4.,19.999999999618));
#1361= IFCCARTESIANPOINT((-0.000500073647344834,-3.99999999998909,79.9982299805415));
#1362= IFCCARTESIANPOINT((-0.000500073640068877,4.00000000001455,79.9982299805306));
#1363= IFCCARTESIANPOINT((-0.000125021171697881,4.00000000000364,19.9999999996107));
#1364= IFCPOLYLOOP((#1360,#1361,#1362,#1363));
#1365= IFCFACEOUTERBOUND(#1364,.T.);
#1366= IFCFACE((#1365));
#1367= IFCCARTESIANPOINT((19.999382018741,-3.99999999999272,79.9982189056609));
#1368= IFCCARTESIANPOINT((19.9993820187465,4.00000000001091,79.99821890565));
#1369= IFCPOLYLOOP((#1361,#1367,#1368,#1362));
#1370= IFCFACEOUTERBOUND(#1369,.T.);
#1371= IFCFACE((#1370));
#1372= IFCCARTESIANPOINT((123.999753960255,-4.00000000001455,19.9981613170858));
#1373= IFCCARTESIANPOINT((123.999753960261,3.99999999999091,19.9981613170785));
#1374= IFCPOLYLOOP((#1367,#1372,#1373,#1368));
#1375= IFCFACEOUTERBOUND(#1374,.T.);
#1376= IFCFACE((#1375));
#1377= IFCCARTESIANPOINT((123.99987792938,-4.00000000001819,-4.00177668780088E-11));
#1378= IFCCARTESIANPOINT((123.999877929386,3.99999999998545,-5.0931703299284E-11));
#1379= IFCPOLYLOOP((#1372,#1377,#1378,#1373));
#1380= IFCFACEOUTERBOUND(#1379,.T.);
#1381= IFCFACE((#1380));
#1382= IFCPOLYLOOP((#1377,#925,#926,#1378));
#1383= IFCFACEOUTERBOUND(#1382,.T.);
#1384= IFCFACE((#1383));
#1385= IFCCARTESIANPOINT((19.6157025592474,-4.00000000000546,3.90182176769304));
#1386= IFCCARTESIANPOINT((19.6157025592529,3.99999999999818,3.90182176767848));
#1387= IFCPOLYLOOP((#925,#1385,#1386,#926));
#1388= IFCFACEOUTERBOUND(#1387,.T.);
#1389= IFCFACE((#1388));
#1390= IFCCARTESIANPOINT((18.4775786893133,-4.00000000000364,7.65369752342667));
#1391= IFCCARTESIANPOINT((18.4775786893169,4.,7.65369752341212));
#1392= IFCPOLYLOOP((#1385,#1390,#1391,#1386));
#1393= IFCFACEOUTERBOUND(#1392,.T.);
#1394= IFCFACE((#1393));
#1395= IFCCARTESIANPOINT((16.6293661992331,-4.00000000000364,11.1114436421121));
#1396= IFCCARTESIANPOINT((16.6293661992386,4.00000000000182,11.1114436420976));
#1397= IFCPOLYLOOP((#1390,#1395,#1396,#1391));
#1398= IFCFACEOUTERBOUND(#1397,.T.);
#1399= IFCFACE((#1398));
#1400= IFCCARTESIANPOINT((14.1420914219962,-4.00000000000182,14.1421798253323));
#1401= IFCCARTESIANPOINT((14.1420914219998,4.00000000000182,14.1421798253214));
#1402= IFCPOLYLOOP((#1395,#1400,#1401,#1396));
#1403= IFCFACEOUTERBOUND(#1402,.T.);
#1404= IFCFACE((#1403));
#1405= IFCCARTESIANPOINT((11.1113396907349,-4.00000000000182,16.6294356572107));
#1406= IFCCARTESIANPOINT((11.1113396907422,4.00000000000182,16.6294356571962));
#1407= IFCPOLYLOOP((#1400,#1405,#1406,#1401));
#1408= IFCFACEOUTERBOUND(#1407,.T.);
#1409= IFCFACE((#1408));
#1410= IFCCARTESIANPOINT((7.65358201883464,-4.00000000000182,18.47762653268));
#1411= IFCCARTESIANPOINT((7.6535820188401,4.00000000000182,18.4776265326727));
#1412= IFCPOLYLOOP((#1405,#1410,#1411,#1406));
#1413= IFCFACEOUTERBOUND(#1412,.T.);
#1414= IFCFACE((#1413));
#1415= IFCCARTESIANPOINT((3.90169914869875,-4.00000000000182,19.6157269493997));
#1416= IFCCARTESIANPOINT((3.90169914870603,4.00000000000364,19.6157269493924));
#1417= IFCPOLYLOOP((#1410,#1415,#1416,#1411));
#1418= IFCFACEOUTERBOUND(#1417,.T.);
#1419= IFCFACE((#1418));
#1420= IFCPOLYLOOP((#1415,#1360,#1363,#1416));
#1421= IFCFACEOUTERBOUND(#1420,.T.);
#1422= IFCFACE((#1421));
#1423= IFCPOLYLOOP((#1368,#1373,#1378,#926,#1386,#1391,#1396,#1401,#1406,#1411,#1416,#1363,#1362));
#1424= IFCFACEOUTERBOUND(#1423,.T.);
#1425= IFCFACE((#1424));
#1426= IFCPOLYLOOP((#1415,#1410,#1405,#1400,#1395,#1390,#1385,#925,#1377,#1372,#1367,#1361,#1360));
#1427= IFCFACEOUTERBOUND(#1426,.T.);
#1428= IFCFACE((#1427));
#1429= IFCCLOSEDSHELL((#1366,#1371,#1376,#1381,#1384,#1389,#1394,#1399,#1404,#1409,#1414,#1419,#1422,#1425,#1428));
#1430= IFCFACETEDBREP(#1429);
#1431= IFCSTYLEDITEM(#1430,(#867),$);
#1432= IFCSHAPEREPRESENTATION(#12,'Body','Brep',(#1430));
#1433= IFCPRODUCTDEFINITIONSHAPE($,$,(#1432));
#1434= IFCCARTESIANPOINT((12626.0012610808,29867.979209685,16246.9993236989));
#1435= IFCAXIS2PLACEMENT3D(#1434,#1339,#1340);
#1436= IFCLOCALPLACEMENT(#42,#1435);
#1437= IFCPLATE('0csdgARZHATBj$ij5yPVOa',#44,'PLATE-8','PL8*80',$,#1436,#1433,'ID26da7a8a-6e34-4a74-bb7f-b2d17c65f624');
#1438= IFCQUANTITYLENGTH('Width',$,$,79.9982299805779);
#1439= IFCQUANTITYAREA('NetArea',$,$,0.0158186719182469);
#1440= IFCQUANTITYAREA('GrossArea',$,$,0.00991981075716711);
#1441= IFCQUANTITYVOLUME('NetVolume',$,$,5.19009673608833E-05);
#1442= IFCQUANTITYVOLUME('GrossVolume',$,$,5.19009673608833E-05);
#1443= IFCELEMENTQUANTITY('2eMh7XchDBuO6Y1xNuUOsP',#5,'BaseQuantities',$,$,(#1438,#1439,#1440,#1008,#1441,#1442));
#1444= IFCCARTESIANPOINT((0.0024944799260993,-4.00000000013461,79.9982300876582));
#1445= IFCCARTESIANPOINT((0.00249447993155627,3.99999999986903,79.9982300876436));
#1446= IFCPOLYLOOP((#1262,#1444,#1445,#1265));
#1447= IFCFACEOUTERBOUND(#1446,.T.);
#1448= IFCFACE((#1447));
#1449= IFCCARTESIANPOINT((80.0093544514584,-4.00000000036016,299.998190603153));
#1450= IFCCARTESIANPOINT((80.0093544514657,3.99999999964348,299.998190603143));
#1451= IFCPOLYLOOP((#1444,#1449,#1450,#1445));
#1452= IFCFACEOUTERBOUND(#1451,.T.);
#1453= IFCFACE((#1452));
#1454= IFCCARTESIANPOINT((124.009231566906,-4.00000000028376,299.998168945538));
#1455= IFCCARTESIANPOINT((124.009231566914,3.99999999971988,299.998168945531));
#1456= IFCPOLYLOOP((#1449,#1454,#1455,#1450));
#1457= IFCFACEOUTERBOUND(#1456,.T.);
#1458= IFCFACE((#1457));
#1459= IFCCARTESIANPOINT((124.000501509021,-3.99999999982174,19.9999999902611));
#1460= IFCCARTESIANPOINT((124.000501509025,4.0000000001819,19.9999999902502));
#1461= IFCPOLYLOOP((#1454,#1459,#1460,#1455));
#1462= IFCFACEOUTERBOUND(#1461,.T.);
#1463= IFCFACE((#1462));
#1464= IFCCARTESIANPOINT((120.098606638529,-3.99999999982538,19.6158120483087));
#1465= IFCCARTESIANPOINT((120.098606638532,4.00000000017826,19.6158120482942));
#1466= IFCPOLYLOOP((#1459,#1464,#1465,#1460));
#1467= IFCFACEOUTERBOUND(#1466,.T.);
#1468= IFCFACE((#1467));
#1469= IFCCARTESIANPOINT((116.346641368526,-3.99999999983629,18.4777696203564));
#1470= IFCCARTESIANPOINT((116.346641368531,4.00000000017099,18.4777696203455));
#1471= IFCPOLYLOOP((#1464,#1469,#1470,#1465));
#1472= IFCFACEOUTERBOUND(#1471,.T.);
#1473= IFCFACE((#1472));
#1474= IFCCARTESIANPOINT((112.888797325804,-3.99999999983629,16.6296087693045));
#1475= IFCCARTESIANPOINT((112.88879732581,4.00000000016735,16.6296087692936));
#1476= IFCPOLYLOOP((#1469,#1474,#1475,#1470));
#1477= IFCFACEOUTERBOUND(#1476,.T.);
#1478= IFCFACE((#1477));
#1479= IFCCARTESIANPOINT((109.85796277607,-3.99999999983629,14.1423560906951));
#1480= IFCCARTESIANPOINT((109.857962776077,4.00000000016735,14.1423560906842));
#1481= IFCPOLYLOOP((#1474,#1479,#1480,#1475));
#1482= IFCFACEOUTERBOUND(#1481,.T.);
#1483= IFCFACE((#1482));
#1484= IFCCARTESIANPOINT((107.370615600332,-3.99999999983629,11.1115990924372));
#1485= IFCCARTESIANPOINT((107.370615600335,4.00000000016735,11.1115990924263));
#1486= IFCPOLYLOOP((#1479,#1484,#1485,#1480));
#1487= IFCFACEOUTERBOUND(#1486,.T.);
#1488= IFCFACE((#1487));
#1489= IFCCARTESIANPOINT((105.52234693812,-3.99999999983629,7.65381267516932));
#1490= IFCCARTESIANPOINT((105.522346938127,4.00000000016735,7.65381267516204));
#1491= IFCPOLYLOOP((#1484,#1489,#1490,#1485));
#1492= IFCFACEOUTERBOUND(#1491,.T.);
#1493= IFCFACE((#1492));
#1494= IFCCARTESIANPOINT((104.384187528267,-3.99999999982901,3.90188288999343));
#1495= IFCCARTESIANPOINT((104.384187528272,4.00000000017462,3.90188288998252));
#1496= IFCPOLYLOOP((#1489,#1494,#1495,#1490));
#1497= IFCFACEOUTERBOUND(#1496,.T.);
#1498= IFCFACE((#1497));
#1499= IFCPOLYLOOP((#1494,#1319,#1320,#1495));
#1500= IFCFACEOUTERBOUND(#1499,.T.);
#1501= IFCFACE((#1500));
#1502= IFCPOLYLOOP((#1450,#1455,#1460,#1465,#1470,#1475,#1480,#1485,#1490,#1495,#1320,#1265,#1445));
#1503= IFCFACEOUTERBOUND(#1502,.T.);
#1504= IFCFACE((#1503));
#1505= IFCPOLYLOOP((#1319,#1494,#1489,#1484,#1479,#1474,#1469,#1464,#1459,#1454,#1449,#1444,#1262));
#1506= IFCFACEOUTERBOUND(#1505,.T.);
#1507= IFCFACE((#1506));
#1508= IFCCLOSEDSHELL((#1448,#1453,#1458,#1463,#1468,#1473,#1478,#1483,#1488,#1493,#1498,#1501,#1326,#1504,#1507));
#1509= IFCFACETEDBREP(#1508);
#1510= IFCSTYLEDITEM(#1509,(#867),$);
#1511= IFCSHAPEREPRESENTATION(#12,'Body','Brep',(#1509));
#1512= IFCPRODUCTDEFINITIONSHAPE($,$,(#1511));
#1513= IFCCARTESIANPOINT((12330.0012715257,29867.9832948711,16446.9993392269));
#1514= IFCAXIS2PLACEMENT3D(#1513,#1339,#1340);
#1515= IFCLOCALPLACEMENT(#42,#1514);
#1516= IFCPLATE('32p3itJ6H7Pg95T_6k4qVk',#44,'PLATE-8','PL8*124',$,#1515,#1512,'IDc2cc3b37-4c64-4766-a245-77e1ae1347ee');
#1517= IFCPLATETYPE('1OQvG1uxLFRecbrVLWwjC6',#5,'PL8*124',$,$,$,$,$,$,.NOTDEFINED.);
#1518= IFCPROPERTYSINGLEVALUE('Preliminary mark',$,IFCLABEL('5-2-P72(?)'),$);
#1519= IFCPROPERTYSET('0xK1_EtsX7_fPOw7XUmBxg',#5,'Tekla Common','Common Properties to Shared building elements',(#986,#987,#988,#1518,#990,#991));
#1520= IFCPROPERTYSINGLEVALUE('Weight',$,IFCMASSMEASURE(1.76),$);
#1521= IFCPROPERTYSINGLEVALUE('Gross footprint area',$,IFCAREAMEASURE(0.028),$);
#1522= IFCPROPERTYSINGLEVALUE('Area per tons',$,IFCAREAMEASURE(35.355),$);
#1523= IFCPROPERTYSINGLEVALUE('Net surface area',$,IFCAREAMEASURE(0.062),$);
#1524= IFCPROPERTYSINGLEVALUE('Height',$,IFCLENGTHMEASURE(124.),$);
#1525= IFCPROPERTYSET('21LBXyP5PAoArFoacl7Yp3',#5,'Tekla Quantity','Quantity Properties to Shared building elements',(#1520,#994,#1521,#1522,#1523,#1524,#999,#1000));
#1526= IFCPROPERTYSINGLEVALUE('Reference',$,IFCIDENTIFIER('5-2-P72'),$);
#1527= IFCPROPERTYSET('1pvTNCU4DC2geiK2UkhFu_',#5,'Pset_PlateCommon','Common Properties to plate elements',(#1002,#1526));
#1528= IFCQUANTITYLENGTH('Width',$,$,123.999877814993);
#1529= IFCQUANTITYAREA('NetArea',$,$,0.0623628472495253);
#1530= IFCQUANTITYAREA('GrossArea',$,$,0.0372002157607089);
#1531= IFCQUANTITYVOLUME('NetVolume',$,$,0.000224700714908852);
#1532= IFCQUANTITYVOLUME('GrossVolume',$,$,0.000224700714908852);
#1533= IFCELEMENTQUANTITY('3rf5LWBev1QeoKh49Xzb32',#5,'BaseQuantities',$,$,(#1528,#1529,#1530,#1008,#1531,#1532));
#1534= IFCCARTESIANPOINT((0.000623633779468946,-4.00000000003274,19.9999999902866));
#1535= IFCCARTESIANPOINT((0.00935445149661973,-4.00000000049477,299.998229980742));
#1536= IFCCARTESIANPOINT((0.00935445150025771,3.99999999950887,299.998229980727));
#1537= IFCCARTESIANPOINT((0.000623633784925914,3.9999999999709,19.999999990272));
#1538= IFCPOLYLOOP((#1534,#1535,#1536,#1537));
#1539= IFCFACEOUTERBOUND(#1538,.T.);
#1540= IFCFACE((#1539));
#1541= IFCCARTESIANPOINT((44.009231566939,-4.00000000041837,299.998208323126));
#1542= IFCCARTESIANPOINT((44.0092315669444,3.99999999958527,299.998208323115));
#1543= IFCPOLYLOOP((#1535,#1541,#1542,#1536));
#1544= IFCFACEOUTERBOUND(#1543,.T.);
#1545= IFCFACE((#1544));
#1546= IFCCARTESIANPOINT((124.002372190856,-3.9999999999236,79.9981690524473));
#1547= IFCCARTESIANPOINT((124.002372190864,4.00000000008004,79.9981690524364));
#1548= IFCPOLYLOOP((#1541,#1546,#1547,#1542));
#1549= IFCFACEOUTERBOUND(#1548,.T.);
#1550= IFCFACE((#1549));
#1551= IFCPOLYLOOP((#1546,#1377,#1378,#1547));
#1552= IFCFACEOUTERBOUND(#1551,.T.);
#1553= IFCFACE((#1552));
#1554= IFCCARTESIANPOINT((16.6295221720447,-3.99999999998909,11.111210209936));
#1555= IFCCARTESIANPOINT((16.6295221720484,4.00000000001455,11.1112102099287));
#1556= IFCPOLYLOOP((#1073,#1554,#1555,#1074));
#1557= IFCFACEOUTERBOUND(#1556,.T.);
#1558= IFCFACE((#1557));
#1559= IFCCARTESIANPOINT((14.1423561098436,-4.,14.1419151341834));
#1560= IFCCARTESIANPOINT((14.1423561098491,4.00000000000364,14.1419151341688));
#1561= IFCPOLYLOOP((#1554,#1559,#1560,#1555));
#1562= IFCFACEOUTERBOUND(#1561,.T.);
#1563= IFCFACE((#1562));
#1564= IFCCARTESIANPOINT((11.1117287411125,-4.00000000000728,16.6291756976716));
#1565= IFCCARTESIANPOINT((11.1117287411198,3.99999999999636,16.6291756976607));
#1566= IFCPOLYLOOP((#1559,#1564,#1565,#1560));
#1567= IFCFACEOUTERBOUND(#1566,.T.);
#1568= IFCFACE((#1567));
#1569= IFCCARTESIANPOINT((7.65410076706939,-4.00000000001819,18.4774116544468));
#1570= IFCCARTESIANPOINT((7.65410076707303,3.99999999998909,18.4774116544322));
#1571= IFCPOLYLOOP((#1564,#1569,#1570,#1565));
#1572= IFCFACEOUTERBOUND(#1571,.T.);
#1573= IFCFACE((#1572));
#1574= IFCCARTESIANPOINT((3.90234163334571,-4.00000000002547,19.6155991439737));
#1575= IFCCARTESIANPOINT((3.90234163335117,3.99999999997817,19.6155991439591));
#1576= IFCPOLYLOOP((#1569,#1574,#1575,#1570));
#1577= IFCFACEOUTERBOUND(#1576,.T.);
#1578= IFCFACE((#1577));
#1579= IFCPOLYLOOP((#1574,#1534,#1537,#1575));
#1580= IFCFACEOUTERBOUND(#1579,.T.);
#1581= IFCFACE((#1580));
#1582= IFCPOLYLOOP((#1542,#1547,#1378,#926,#1069,#1074,#1555,#1560,#1565,#1570,#1575,#1537,#1536));
#1583= IFCFACEOUTERBOUND(#1582,.T.);
#1584= IFCFACE((#1583));
#1585= IFCPOLYLOOP((#1574,#1569,#1564,#1559,#1554,#1073,#1068,#925,#1377,#1546,#1541,#1535,#1534));
#1586= IFCFACEOUTERBOUND(#1585,.T.);
#1587= IFCFACE((#1586));
#1588= IFCCLOSEDSHELL((#1540,#1545,#1550,#1553,#1384,#1072,#1077,#1558,#1563,#1568,#1573,#1578,#1581,#1584,#1587));
#1589= IFCFACETEDBREP(#1588);
#1590= IFCSTYLEDITEM(#1589,(#867),$);
#1591= IFCSHAPEREPRESENTATION(#12,'Body','Brep',(#1589));
#1592= IFCPRODUCTDEFINITIONSHAPE($,$,(#1591));
#1593= IFCCARTESIANPOINT((12626.0012715923,29867.9855958855,16446.999323597));
#1594= IFCAXIS2PLACEMENT3D(#1593,#1339,#1340);
#1595= IFCLOCALPLACEMENT(#42,#1594);
#1596= IFCPLATE('0S8JnC_2T5MgvRPd58nEt3',#44,'PLATE-8','PL8*124',$,#1595,#1592,'ID1c213c4c-f827-455a-ae5b-667148c4edc3');
#1597= IFCQUANTITYLENGTH('Width',$,$,123.999877869072);
#1598= IFCQUANTITYAREA('NetArea',$,$,0.0623628248690064);
#1599= IFCQUANTITYAREA('GrossArea',$,$,0.0371998340071852);
#1600= IFCQUANTITYVOLUME('NetVolume',$,$,0.00022470081276873);
#1601= IFCQUANTITYVOLUME('GrossVolume',$,$,0.00022470081276873);
#1602= IFCELEMENTQUANTITY('36ZhIKoi94_BDZkN7JVEdU',#5,'BaseQuantities',$,$,(#1597,#1598,#1599,#1008,#1600,#1601));
#1603= IFCPOLYLOOP((#1262,#1535,#1536,#1265));
#1604= IFCFACEOUTERBOUND(#1603,.T.);
#1605= IFCFACE((#1604));
#1606= IFCPOLYLOOP((#1535,#1454,#1455,#1536));
#1607= IFCFACEOUTERBOUND(#1606,.T.);
#1608= IFCFACE((#1607));
#1609= IFCPOLYLOOP((#1455,#1460,#1465,#1470,#1475,#1480,#1485,#1490,#1495,#1320,#1265,#1536));
#1610= IFCFACEOUTERBOUND(#1609,.T.);
#1611= IFCFACE((#1610));
#1612= IFCPOLYLOOP((#1319,#1494,#1489,#1484,#1479,#1474,#1469,#1464,#1459,#1454,#1535,#1262));
#1613= IFCFACEOUTERBOUND(#1612,.T.);
#1614= IFCFACE((#1613));
#1615= IFCCLOSEDSHELL((#1605,#1608,#1463,#1468,#1473,#1478,#1483,#1488,#1493,#1498,#1501,#1326,#1611,#1614));
#1616= IFCFACETEDBREP(#1615);
#1617= IFCSTYLEDITEM(#1616,(#867),$);
#1618= IFCSHAPEREPRESENTATION(#12,'Body','Brep',(#1616));
#1619= IFCPRODUCTDEFINITIONSHAPE($,$,(#1618));
#1620= IFCCARTESIANPOINT((12330.0013042166,29868.0031559545,17068.9993389098));
#1621= IFCAXIS2PLACEMENT3D(#1620,#1339,#1340);
#1622= IFCLOCALPLACEMENT(#42,#1621);
#1623= IFCPLATE('2aTPJLRz18Lwk636PMk_U6',#44,'PLATE-8','PL8*124',$,#1622,#1619,'IDa47594d5-6fd0-4857-ab86-0c6656bbe786');
#1624= IFCPROPERTYSINGLEVALUE('Bottom elevation',$,IFCLABEL(' +17.065'),$);
#1625= IFCPROPERTYSINGLEVALUE('Top elevation',$,IFCLABEL(' +17.073'),$);
#1626= IFCPROPERTYSINGLEVALUE('Preliminary mark',$,IFCLABEL('5-2-P54(?)'),$);
#1627= IFCPROPERTYSET('0INEVJ$HL82Phk7HyeLJ9b',#5,'Tekla Common','Common Properties to Shared building elements',(#1624,#1625,#988,#1626,#990,#991));
#1628= IFCPROPERTYSINGLEVALUE('Weight',$,IFCMASSMEASURE(2.32),$);
#1629= IFCPROPERTYSINGLEVALUE('Gross footprint area',$,IFCAREAMEASURE(0.037),$);
#1630= IFCPROPERTYSINGLEVALUE('Area per tons',$,IFCAREAMEASURE(34.746),$);
#1631= IFCPROPERTYSINGLEVALUE('Net surface area',$,IFCAREAMEASURE(0.08),$);
#1632= IFCPROPERTYSET('1trOo0cXD1qvdeOoFpQZb9',#5,'Tekla Quantity','Quantity Properties to Shared building elements',(#1628,#994,#1629,#1630,#1631,#1524,#999,#1000));
#1633= IFCPROPERTYSINGLEVALUE('Reference',$,IFCIDENTIFIER('5-2-P54'),$);
#1634= IFCPROPERTYSET('3m8ypT3mvD7BAnbB857csB',#5,'Pset_PlateCommon','Common Properties to plate elements',(#1002,#1633));
#1635= IFCQUANTITYAREA('NetArea',$,$,0.080490076796887);
#1636= IFCQUANTITYAREA('GrossArea',$,$,0.0372002157607103);
#1637= IFCQUANTITYVOLUME('NetVolume',$,$,0.000295100714875704);
#1638= IFCQUANTITYVOLUME('GrossVolume',$,$,0.000295100714875704);
#1639= IFCELEMENTQUANTITY('3k_Z7NgSX7s9_869RYhvO1',#5,'BaseQuantities',$,$,(#1528,#1635,#1636,#1008,#1637,#1638));
#1640= IFCSHAPEREPRESENTATION(#12,'Body','Brep',(#1334));
#1641= IFCPRODUCTDEFINITIONSHAPE($,$,(#1640));
#1642= IFCCARTESIANPOINT((12330.0013147282,29868.0095421549,17268.9993388079));
#1643= IFCAXIS2PLACEMENT3D(#1642,#1339,#1340);
#1644= IFCLOCALPLACEMENT(#42,#1643);
#1645= IFCPLATE('3$ylByrmj2DhLatYhpAkhb',#44,'PLATE-8','PL8*80',$,#1644,#1641,'IDfff2f2fc-d70b-4236-b564-de2af32aeae5');
#1646= IFCPROPERTYSINGLEVALUE('Bottom elevation',$,IFCLABEL(' +17.265'),$);
#1647= IFCPROPERTYSINGLEVALUE('Top elevation',$,IFCLABEL(' +17.273'),$);
#1648= IFCPROPERTYSET('2RGUX0nm1Eqw65_h5eRKVA',#5,'Tekla Common','Common Properties to Shared building elements',(#1646,#1647,#988,#1344,#990,#991));
#1649= IFCPOLYLOOP((#1454,#1377,#1378,#1455));
#1650= IFCFACEOUTERBOUND(#1649,.T.);
#1651= IFCFACE((#1650));
#1652= IFCPOLYLOOP((#1455,#1378,#926,#1069,#1074,#1555,#1560,#1565,#1570,#1575,#1537,#1536));
#1653= IFCFACEOUTERBOUND(#1652,.T.);
#1654= IFCFACE((#1653));
#1655= IFCPOLYLOOP((#1574,#1569,#1564,#1559,#1554,#1073,#1068,#925,#1377,#1454,#1535,#1534));
#1656= IFCFACEOUTERBOUND(#1655,.T.);
#1657= IFCFACE((#1656));
#1658= IFCCLOSEDSHELL((#1540,#1608,#1651,#1384,#1072,#1077,#1558,#1563,#1568,#1573,#1578,#1581,#1654,#1657));
#1659= IFCFACETEDBREP(#1658);
#1660= IFCSTYLEDITEM(#1659,(#867),$);
#1661= IFCSHAPEREPRESENTATION(#12,'Body','Brep',(#1659));
#1662= IFCPRODUCTDEFINITIONSHAPE($,$,(#1661));
#1663= IFCCARTESIANPOINT((12626.0013042832,29868.0054569688,17068.9993232799));
#1664= IFCAXIS2PLACEMENT3D(#1663,#1339,#1340);
#1665= IFCLOCALPLACEMENT(#42,#1664);
#1666= IFCPLATE('0q$lpKwhvD0w35ljjqcGm5',#44,'PLATE-8','PL8*124',$,#1665,#1662,'ID34fefcd4-eabe-4d03-a0c5-bedb74990c05');
#1667= IFCQUANTITYAREA('NetArea',$,$,0.080490091332196);
#1668= IFCQUANTITYAREA('GrossArea',$,$,0.0372001384464221);
#1669= IFCQUANTITYVOLUME('NetVolume',$,$,0.000295100812735588);
#1670= IFCQUANTITYVOLUME('GrossVolume',$,$,0.000295100812735588);
#1671= IFCELEMENTQUANTITY('38z6bHMpbFxx6c3hq3lEbh',#5,'BaseQuantities',$,$,(#1597,#1667,#1668,#1008,#1669,#1670));
#1672= IFCSHAPEREPRESENTATION(#12,'Body','Brep',(#1430));
#1673= IFCPRODUCTDEFINITIONSHAPE($,$,(#1672));
#1674= IFCCARTESIANPOINT((12626.0013147947,29868.0118431693,17268.9993231779));
#1675= IFCAXIS2PLACEMENT3D(#1674,#1339,#1340);
#1676= IFCLOCALPLACEMENT(#42,#1675);
#1677= IFCPLATE('1365mpOTL3Luv9z6BZt9SZ',#44,'PLATE-8','PL8*80',$,#1676,#1673,'ID43185c33-61d5-4357-8e49-f462e3dc9723');
#1678= IFCSHAPEREPRESENTATION(#12,'Body','Brep',(#1113));
#1679= IFCPRODUCTDEFINITIONSHAPE($,$,(#1678));
#1680= IFCCARTESIANPOINT((12466.0013146622,29868.0072412106,17268.9993317338));
#1681= IFCAXIS2PLACEMENT3D(#1680,#980,#981);
#1682= IFCLOCALPLACEMENT(#42,#1681);
#1683= IFCPLATE('298eQKFbb5T8$2KJwZsncB',#44,'PLATE-8','PL8*80',$,#1682,#1679,'ID89228694-3e59-4574-8fc2-513ea3db198b');
#1684= IFCPROPERTYSET('0NHZUuXK10lwfroRBTR9VZ',#5,'Tekla Common','Common Properties to Shared building elements',(#1646,#1647,#988,#1124,#990,#991));
#1685= IFCSHAPEREPRESENTATION(#12,'Body','Brep',(#975));
#1686= IFCPRODUCTDEFINITIONSHAPE($,$,(#1685));
#1687= IFCCARTESIANPOINT((12466.0013041507,29868.0008550101,17068.9993318358));
#1688= IFCAXIS2PLACEMENT3D(#1687,#980,#981);
#1689= IFCLOCALPLACEMENT(#42,#1688);
#1690= IFCPLATE('0hDWHSWvPFp9glFaARTFCD',#44,'PLATE-8','PL8*148',$,#1689,#1686,'ID2b36045c-8396-4fcc-9aaf-3e429b74f30d');
#1691= IFCPROPERTYSINGLEVALUE('Preliminary mark',$,IFCLABEL('5-2-P51(?)'),$);
#1692= IFCPROPERTYSET('3E8Pj8zKz3eQiJHhg8hmPJ',#5,'Tekla Common','Common Properties to Shared building elements',(#1624,#1625,#988,#1691,#990,#991));
#1693= IFCPROPERTYSINGLEVALUE('Reference',$,IFCIDENTIFIER('5-2-P51'),$);
#1694= IFCPROPERTYSET('04cfym9FjFtBvN$wUkcFv0',#5,'Pset_PlateCommon','Common Properties to plate elements',(#1002,#1693));
#1695= IFCQUANTITYLENGTH('Width',$,$,147.99987680932);
#1696= IFCQUANTITYAREA('GrossArea',$,$,0.0444011323684958);
#1697= IFCELEMENTQUANTITY('3SjeUEqGvAJguNlT631ocU',#5,'BaseQuantities',$,$,(#1695,#1006,#1696,#1008,#1009,#1010));
#1698= IFCCARTESIANPOINT((7.27595761418343E-12,-5.99999999999636,0.));
#1699= IFCCARTESIANPOINT((-2.33922037295997E-09,-6.00000000001819,200.000000001968));
#1700= IFCCARTESIANPOINT((-2.35741026699543E-09,5.99999999997635,200.000000001972));
#1701= IFCCARTESIANPOINT((-1.45519152283669E-11,5.99999999999818,0.));
#1702= IFCPOLYLOOP((#1698,#1699,#1700,#1701));
#1703= IFCFACEOUTERBOUND(#1702,.T.);
#1704= IFCFACE((#1703));
#1705= IFCCARTESIANPOINT((219.999999991938,-6.00000000008913,655.000000002023));
#1706= IFCCARTESIANPOINT((219.99999999192,5.99999999990541,655.000000002026));
#1707= IFCPOLYLOOP((#1699,#1705,#1706,#1700));
#1708= IFCFACEOUTERBOUND(#1707,.T.);
#1709= IFCFACE((#1708));
#1710= IFCCARTESIANPOINT((319.998321521536,-6.00000000009823,655.000000001946));
#1711= IFCCARTESIANPOINT((319.998321521518,5.99999999989632,655.00000000195));
#1712= IFCPOLYLOOP((#1705,#1710,#1711,#1706));
#1713= IFCFACEOUTERBOUND(#1712,.T.);
#1714= IFCFACE((#1713));
#1715= IFCCARTESIANPOINT((319.998321528859,-6.00000000003456,29.9999999997708));
#1716= IFCCARTESIANPOINT((319.998321528838,5.99999999995998,29.9999999997744));
#1717= IFCPOLYLOOP((#1710,#1715,#1716,#1711));
#1718= IFCFACEOUTERBOUND(#1717,.T.);
#1719= IFCFACE((#1718));
#1720= IFCCARTESIANPOINT((314.788876198894,-6.00000000003274,29.5442325900985));
#1721= IFCCARTESIANPOINT((314.788876198876,5.9999999999618,29.5442325900985));
#1722= IFCPOLYLOOP((#1715,#1720,#1721,#1716));
#1723= IFCFACEOUTERBOUND(#1722,.T.);
#1724= IFCFACE((#1723));
#1725= IFCCARTESIANPOINT((309.737717229185,-6.00000000003274,28.1907786232805));
#1726= IFCCARTESIANPOINT((309.737717229164,5.9999999999618,28.1907786232841));
#1727= IFCPOLYLOOP((#1720,#1725,#1726,#1721));
#1728= IFCFACEOUTERBOUND(#1727,.T.);
#1729= IFCFACE((#1728));
#1730= IFCCARTESIANPOINT((304.998321529012,-6.00000000003274,25.9807621132204));
#1731= IFCCARTESIANPOINT((304.998321528994,5.9999999999618,25.980762113224));
#1732= IFCPOLYLOOP((#1725,#1730,#1731,#1726));
#1733= IFCFACEOUTERBOUND(#1732,.T.);
#1734= IFCFACE((#1733));
#1735= IFCCARTESIANPOINT((300.714693238475,-6.00000000003092,22.9813332932572));
#1736= IFCCARTESIANPOINT((300.714693238457,5.99999999996362,22.9813332932572));
#1737= IFCPOLYLOOP((#1730,#1735,#1736,#1731));
#1738= IFCFACEOUTERBOUND(#1737,.T.);
#1739= IFCFACE((#1738));
#1740= IFCCARTESIANPOINT((297.016988235555,-6.00000000003092,19.2836282902863));
#1741= IFCCARTESIANPOINT((297.016988235533,5.99999999996362,19.2836282902863));
#1742= IFCPOLYLOOP((#1735,#1740,#1741,#1736));
#1743= IFCFACEOUTERBOUND(#1742,.T.);
#1744= IFCFACE((#1743));
#1745= IFCCARTESIANPOINT((294.017559415635,-6.00000000003092,14.9999999997017));
#1746= IFCCARTESIANPOINT((294.017559415617,5.99999999996362,14.9999999997053));
#1747= IFCPOLYLOOP((#1740,#1745,#1746,#1741));
#1748= IFCFACEOUTERBOUND(#1747,.T.);
#1749= IFCFACE((#1748));
#1750= IFCCARTESIANPOINT((291.807542905637,-6.0000000000291,10.2606042994921));
#1751= IFCCARTESIANPOINT((291.807542905619,5.99999999996544,10.2606042994958));
#1752= IFCPOLYLOOP((#1745,#1750,#1751,#1746));
#1753= IFCFACEOUTERBOUND(#1752,.T.);
#1754= IFCFACE((#1753));
#1755= IFCCARTESIANPOINT((290.454088938877,-6.00000000002728,5.20944532975773));
#1756= IFCCARTESIANPOINT((290.454088938859,5.99999999996726,5.20944532976137));
#1757= IFCPOLYLOOP((#1750,#1755,#1756,#1751));
#1758= IFCFACEOUTERBOUND(#1757,.T.);
#1759= IFCFACE((#1758));
#1760= IFCCARTESIANPOINT((289.998321529263,-6.00000000002728,-2.21916707232594E-10));
#1761= IFCCARTESIANPOINT((289.998321529241,5.99999999996726,-2.18278728425503E-10));
#1762= IFCPOLYLOOP((#1755,#1760,#1761,#1756));
#1763= IFCFACEOUTERBOUND(#1762,.T.);
#1764= IFCFACE((#1763));
#1765= IFCPOLYLOOP((#1760,#1698,#1701,#1761));
#1766= IFCFACEOUTERBOUND(#1765,.T.);
#1767= IFCFACE((#1766));
#1768= IFCPOLYLOOP((#1706,#1711,#1716,#1721,#1726,#1731,#1736,#1741,#1746,#1751,#1756,#1761,#1701,#1700));
#1769= IFCFACEOUTERBOUND(#1768,.T.);
#1770= IFCFACE((#1769));
#1771= IFCPOLYLOOP((#1760,#1755,#1750,#1745,#1740,#1735,#1730,#1725,#1720,#1715,#1710,#1705,#1699,#1698));
#1772= IFCFACEOUTERBOUND(#1771,.T.);
#1773= IFCFACE((#1772));
#1774= IFCCLOSEDSHELL((#1704,#1709,#1714,#1719,#1724,#1729,#1734,#1739,#1744,#1749,#1754,#1759,#1764,#1767,#1770,#1773));
#1775= IFCFACETEDBREP(#1774);
#1776= IFCSTYLEDITEM(#1775,(#1144),$);
#1777= IFCSHAPEREPRESENTATION(#12,'Body','Brep',(#1775));
#1778= IFCPRODUCTDEFINITIONSHAPE($,$,(#1777));
#1779= IFCCARTESIANPOINT((12459.9994898651,30187.9937133476,16903.9891143749));
#1780= IFCAXIS2PLACEMENT3D(#1779,#1227,#1228);
#1781= IFCLOCALPLACEMENT(#42,#1780);
#1782= IFCPLATE('3WfooA6hjFEuUq9KA1BhXX',#44,'PLATE-12','PL12*320',$,#1781,#1778,'IDe0a72c8a-1abb-4f3b-87b4-2542812eb861');
#1783= IFCPROPERTYSINGLEVALUE('Bottom elevation',$,IFCLABEL(' +16.904'),$);
#1784= IFCPROPERTYSINGLEVALUE('Top elevation',$,IFCLABEL(' +17.559'),$);
#1785= IFCPROPERTYSINGLEVALUE('Preliminary mark',$,IFCLABEL('5-2-P23(?)'),$);
#1786= IFCPROPERTYSET('2$NuMTxnXFUf_O39pPQVfv',#5,'Tekla Common','Common Properties to Shared building elements',(#1783,#1784,#988,#1785,#990,#1236));
#1787= IFCPROPERTYSINGLEVALUE('Weight',$,IFCMASSMEASURE(14.96),$);
#1788= IFCPROPERTYSINGLEVALUE('Gross footprint area',$,IFCAREAMEASURE(0.001),$);
#1789= IFCPROPERTYSINGLEVALUE('Area per tons',$,IFCAREAMEASURE(22.649),$);
#1790= IFCPROPERTYSINGLEVALUE('Net surface area',$,IFCAREAMEASURE(0.339),$);
#1791= IFCPROPERTYSET('1nQ71YI8X5Uhg2NLEDyj$e',#5,'Tekla Quantity','Quantity Properties to Shared building elements',(#1787,#1239,#1788,#1789,#1790,#1243,#1244,#1245));
#1792= IFCPROPERTYSINGLEVALUE('Reference',$,IFCIDENTIFIER('5-2-P23'),$);
#1793= IFCPROPERTYSET('01NcuCBvL2IhMhkpiuFp1i',#5,'Pset_PlateCommon','Common Properties to plate elements',(#1002,#1792));
#1794= IFCQUANTITYLENGTH('Width',$,$,319.998321531819);
#1795= IFCQUANTITYAREA('NetArea',$,$,0.338900730509028);
#1796= IFCQUANTITYAREA('GrossArea',$,$,0.209598900604524);
#1797= IFCQUANTITYVOLUME('NetVolume',$,$,0.00190614750579668);
#1798= IFCQUANTITYVOLUME('GrossVolume',$,$,0.00190614750579668);
#1799= IFCELEMENTQUANTITY('3A66oGECn4M8sHTPn70yTM',#5,'BaseQuantities',$,$,(#1794,#1795,#1796,#1252,#1797,#1798));
#1800= IFCSHAPEREPRESENTATION(#12,'Body','Brep',(#1775));
#1801= IFCPRODUCTDEFINITIONSHAPE($,$,(#1800));
#1802= IFCCARTESIANPOINT((12619.9993662676,30188.0021994641,16903.989105695));
#1803= IFCAXIS2PLACEMENT3D(#1802,#1227,#1228);
#1804= IFCLOCALPLACEMENT(#42,#1803);
#1805= IFCPLATE('21m4DPXiv2KhevgnEDklw_',#44,'PLATE-12','PL12*320',$,#1804,#1801,'ID81c04359-86ce-4252-ba39-ab138dbafebe');
#1806= IFCCOLOURRGB('Light Gray',0.615686274509804,0.615686274509804,0.611764705882353);
#1807= IFCSURFACESTYLERENDERING(#1806,0.,$,$,$,$,IFCNORMALISEDRATIOMEASURE(0.00390625),IFCSPECULAREXPONENT(10.),.NOTDEFINED.);
#1808= IFCSURFACESTYLE('STEEL/S275',.POSITIVE.,(#1807));
#1809= IFCPRESENTATIONSTYLEASSIGNMENT((#1808));
#1810= IFCCARTESIANPOINT((440.00002441411,9.00000000073851,7.99999999936335));
#1811= IFCCARTESIANPOINT((440.000000000317,1.00000000074942,-6.18456397205591E-10));
#1812= IFCCARTESIANPOINT((1.81898940354586E-12,0.999999999996362,3.63797880709171E-12));
#1813= IFCCARTESIANPOINT((2.74629092018586E-05,8.99999999998545,7.99999999998545));
#1814= IFCPOLYLOOP((#1810,#1811,#1812,#1813));
#1815= IFCFACEOUTERBOUND(#1814,.T.);
#1816= IFCFACE((#1815));
#1817= IFCCARTESIANPOINT((440.000000000315,-0.999999999250576,-6.14818418398499E-10));
#1818= IFCCARTESIANPOINT((440.000024414097,-8.99999999926877,7.99999999938518));
#1819= IFCCARTESIANPOINT((2.74628946499433E-05,-9.00000000002183,8.00000000001091));
#1820= IFCCARTESIANPOINT((0.,-1.00000000000364,3.63797880709171E-12));
#1821= IFCPOLYLOOP((#1817,#1818,#1819,#1820));
#1822= IFCFACEOUTERBOUND(#1821,.T.);
#1823= IFCFACE((#1822));
#1824= IFCCARTESIANPOINT((0.00120151524242829,-9.00000000058208,350.003875732211));
#1825= IFCCARTESIANPOINT((0.00120151525516121,8.9999999994252,350.003875732193));
#1826= IFCPOLYLOOP((#1820,#1819,#1824,#1825,#1813,#1812));
#1827= IFCFACEOUTERBOUND(#1826,.T.);
#1828= IFCFACE((#1827));
#1829= IFCCARTESIANPOINT((440.001068115356,-8.99999999982901,350.003875731589));
#1830= IFCCARTESIANPOINT((440.001068115369,9.00000000017826,350.003875731567));
#1831= IFCPOLYLOOP((#1824,#1829,#1830,#1825));
#1832= IFCFACEOUTERBOUND(#1831,.T.);
#1833= IFCFACE((#1832));
#1834= IFCPOLYLOOP((#1830,#1829,#1818,#1817,#1811,#1810));
#1835= IFCFACEOUTERBOUND(#1834,.T.);
#1836= IFCFACE((#1835));
#1837= IFCPOLYLOOP((#1817,#1820,#1812,#1811));
#1838= IFCFACEOUTERBOUND(#1837,.T.);
#1839= IFCFACE((#1838));
#1840= IFCPOLYLOOP((#1825,#1830,#1810,#1813));
#1841= IFCFACEOUTERBOUND(#1840,.T.);
#1842= IFCFACE((#1841));
#1843= IFCPOLYLOOP((#1829,#1824,#1819,#1818));
#1844= IFCFACEOUTERBOUND(#1843,.T.);
#1845= IFCFACE((#1844));
#1846= IFCCLOSEDSHELL((#1816,#1823,#1828,#1833,#1836,#1839,#1842,#1845));
#1847= IFCFACETEDBREP(#1846);
#1848= IFCSTYLEDITEM(#1847,(#1809),$);
#1849= IFCSHAPEREPRESENTATION(#12,'Body','Brep',(#1847));
#1850= IFCPRODUCTDEFINITIONSHAPE($,$,(#1849));
#1851= IFCCARTESIANPOINT((12320.0011568413,29867.9858194121,16620.9993397599));
#1852= IFCAXIS2PLACEMENT3D(#1851,#848,#849);
#1853= IFCLOCALPLACEMENT(#42,#1852);
#1854= IFCPLATE('3eCnB744H1Zvk$pHUTuxth',#44,'PLATE-18','PL18*350',$,#1853,#1850,'IDe83312c7-1044-418f-9bbf-cd179de3bdeb');
#1855= IFCPLATETYPE('3lqc6RL_HA7AtlsxBmTLR1',#5,'PL18*350',$,$,$,$,$,$,.NOTDEFINED.);
#1856= IFCPROPERTYSINGLEVALUE('Bottom elevation',$,IFCLABEL(' +16.612'),$);
#1857= IFCPROPERTYSINGLEVALUE('Top elevation',$,IFCLABEL(' +16.630'),$);
#1858= IFCPROPERTYSINGLEVALUE('Preliminary mark',$,IFCLABEL('5-2-P85'),$);
#1859= IFCPROPERTYSINGLEVALUE('Class',$,IFCLABEL('15'),$);
#1860= IFCPROPERTYSET('1yitiwInP5Vh19aF6Sgcif',#5,'Tekla Common','Common Properties to Shared building elements',(#1856,#1857,#988,#1858,#990,#1859));
#1861= IFCPROPERTYSINGLEVALUE('Weight',$,IFCMASSMEASURE(21.54),$);
#1862= IFCPROPERTYSINGLEVALUE('Volume',$,IFCVOLUMEMEASURE(0.003),$);
#1863= IFCPROPERTYSINGLEVALUE('Gross footprint area',$,IFCAREAMEASURE(0.154),$);
#1864= IFCPROPERTYSINGLEVALUE('Area per tons',$,IFCAREAMEASURE(15.423),$);
#1865= IFCPROPERTYSINGLEVALUE('Net surface area',$,IFCAREAMEASURE(0.332),$);
#1866= IFCPROPERTYSINGLEVALUE('Height',$,IFCLENGTHMEASURE(350.),$);
#1867= IFCPROPERTYSINGLEVALUE('Width',$,IFCLENGTHMEASURE(18.),$);
#1868= IFCPROPERTYSINGLEVALUE('Length',$,IFCLENGTHMEASURE(440.),$);
#1869= IFCPROPERTYSET('0C8RA3jCH5MB8xJv_qh1u2',#5,'Tekla Quantity','Quantity Properties to Shared building elements',(#1861,#1862,#1863,#1864,#1865,#1866,#1867,#1868));
#1870= IFCPROPERTYSINGLEVALUE('Reference',$,IFCIDENTIFIER('5-2-P85'),$);
#1871= IFCPROPERTYSET('2MvgQF6yPA4Pfauky5BBXM',#5,'Pset_PlateCommon','Common Properties to plate elements',(#1002,#1870));
#1872= IFCQUANTITYLENGTH('Width',$,$,350.003875732422);
#1873= IFCQUANTITYAREA('NetArea',$,$,0.332191564548176);
#1874= IFCQUANTITYAREA('GrossArea',$,$,0.154002079166737);
#1875= IFCQUANTITYAREA('CrossSectionArea',$,$,0.000324);
#1876= IFCQUANTITYVOLUME('NetVolume',$,$,0.00274387027565054);
#1877= IFCQUANTITYVOLUME('GrossVolume',$,$,0.00277203027557486);
#1878= IFCELEMENTQUANTITY('2PX0KcOC162xUwW1VdjplW',#5,'BaseQuantities',$,$,(#1872,#1873,#1874,#1875,#1876,#1877));
#1879= IFCSHAPEREPRESENTATION(#12,'Body','Brep',(#1847));
#1880= IFCPRODUCTDEFINITIONSHAPE($,$,(#1879));
#1881= IFCCARTESIANPOINT((12320.0011713624,29867.9945685057,16894.9993396206));
#1882= IFCAXIS2PLACEMENT3D(#1881,#848,#849);
#1883= IFCLOCALPLACEMENT(#42,#1882);
#1884= IFCPLATE('0l8XaZVwX2NfWXCVmt8oLy',#44,'PLATE-18','PL18*350',$,#1883,#1880,'ID2f221923-7fa8-425e-9821-31fc3723257c');
#1885= IFCPROPERTYSINGLEVALUE('Bottom elevation',$,IFCLABEL(' +16.886'),$);
#1886= IFCPROPERTYSINGLEVALUE('Top elevation',$,IFCLABEL(' +16.904'),$);
#1887= IFCPROPERTYSET('1UnxUTrJb2kPGigILz6iBo',#5,'Tekla Common','Common Properties to Shared building elements',(#1885,#1886,#988,#1858,#990,#1859));
#1888= IFCCOLOURRGB('Light Yellow',1.,0.898039215686275,0.);
#1889= IFCSURFACESTYLERENDERING(#1888,0.,$,$,$,$,IFCNORMALISEDRATIOMEASURE(0.00390625),IFCSPECULAREXPONENT(10.),.NOTDEFINED.);
#1890= IFCSURFACESTYLE('STEEL/S275',.POSITIVE.,(#1889));
#1891= IFCPRESENTATIONSTYLEASSIGNMENT((#1890));
#1892= IFCCARTESIANPOINT((-5.45696821063757E-12,-12.5000000000036,1.45519152283669E-11));
#1893= IFCCARTESIANPOINT((-1.87355908565223E-10,-12.4999999972133,1700.00000000083));
#1894= IFCCARTESIANPOINT((-1.81898940354586E-10,12.5000000027976,1700.00000000079));
#1895= IFCCARTESIANPOINT((-1.81898940354586E-12,12.5000000000073,-2.5465851649642E-11));
#1896= IFCPOLYLOOP((#1892,#1893,#1894,#1895));
#1897= IFCFACEOUTERBOUND(#1896,.T.);
#1898= IFCFACE((#1897));
#1899= IFCCARTESIANPOINT((440.002441406072,-12.4999999972133,1700.00000000007));
#1900= IFCCARTESIANPOINT((440.002441406077,12.5000000028012,1700.00000000003));
#1901= IFCPOLYLOOP((#1893,#1899,#1900,#1894));
#1902= IFCFACEOUTERBOUND(#1901,.T.);
#1903= IFCFACE((#1902));
#1904= IFCCARTESIANPOINT((440.002441406245,-12.5000000000036,-7.49423634260893E-10));
#1905= IFCCARTESIANPOINT((440.00244140625,12.5000000000109,-7.89441401138902E-10));
#1906= IFCPOLYLOOP((#1899,#1904,#1905,#1900));
#1907= IFCFACEOUTERBOUND(#1906,.T.);
#1908= IFCFACE((#1907));
#1909= IFCPOLYLOOP((#1904,#1892,#1895,#1905));
#1910= IFCFACEOUTERBOUND(#1909,.T.);
#1911= IFCFACE((#1910));
#1912= IFCPOLYLOOP((#1900,#1905,#1895,#1894));
#1913= IFCFACEOUTERBOUND(#1912,.T.);
#1914= IFCFACE((#1913));
#1915= IFCPOLYLOOP((#1904,#1899,#1893,#1892));
#1916= IFCFACEOUTERBOUND(#1915,.T.);
#1917= IFCFACE((#1916));
#1918= IFCCLOSEDSHELL((#1898,#1903,#1908,#1911,#1914,#1917));
#1919= IFCFACETEDBREP(#1918);
#1920= IFCSTYLEDITEM(#1919,(#1891),$);
#1921= IFCSHAPEREPRESENTATION(#12,'Body','Brep',(#1919));
#1922= IFCPRODUCTDEFINITIONSHAPE($,$,(#1921));
#1923= IFCCARTESIANPOINT((12760.0029159453,29855.5248552873,17605.0003696209));
#1924= IFCDIRECTION((-0.999999999999999,0.,5.29999970429828E-08));
#1925= IFCAXIS2PLACEMENT3D(#1923,#129,#1924);
#1926= IFCLOCALPLACEMENT(#42,#1925);
#1927= IFCPLATE('3hmzsjWir1KRkFEzmjoxIQ',#44,'PLATE-25','PL25*440',$,#1926,#1922,'IDebc3ddad-82cd-4151-bb8f-3bdc2dcbb49a');
#1928= IFCPLATETYPE('1x2V_3c6P9ofg1ZkNnwrhN',#5,'PL25*440',$,$,$,$,$,$,.NOTDEFINED.);
#1929= IFCPROPERTYSINGLEVALUE('Bottom elevation',$,IFCLABEL(' +15.905'),$);
#1930= IFCPROPERTYSINGLEVALUE('Top elevation',$,IFCLABEL(' +17.605'),$);
#1931= IFCPROPERTYSINGLEVALUE('Preliminary mark',$,IFCLABEL('5-2-P11(?)'),$);
#1932= IFCPROPERTYSINGLEVALUE('Class',$,IFCLABEL('20'),$);
#1933= IFCPROPERTYSET('1KD3tXkfj0YxcTjMoWAiJa',#5,'Tekla Common','Common Properties to Shared building elements',(#1929,#1930,#988,#1931,#990,#1932));
#1934= IFCPROPERTYSINGLEVALUE('Weight',$,IFCMASSMEASURE(146.8),$);
#1935= IFCPROPERTYSINGLEVALUE('Volume',$,IFCVOLUMEMEASURE(0.019),$);
#1936= IFCPROPERTYSINGLEVALUE('Area per tons',$,IFCAREAMEASURE(10.92),$);
#1937= IFCPROPERTYSINGLEVALUE('Net surface area',$,IFCAREAMEASURE(1.603),$);
#1938= IFCPROPERTYSINGLEVALUE('Height',$,IFCLENGTHMEASURE(440.),$);
#1939= IFCPROPERTYSINGLEVALUE('Width',$,IFCLENGTHMEASURE(25.),$);
#1940= IFCPROPERTYSINGLEVALUE('Length',$,IFCLENGTHMEASURE(1700.),$);
#1941= IFCPROPERTYSET('2wtNBuVFP9Q8HVcj4kvoJi',#5,'Tekla Quantity','Quantity Properties to Shared building elements',(#1934,#1935,#1127,#1936,#1937,#1938,#1939,#1940));
#1942= IFCPROPERTYSINGLEVALUE('Reference',$,IFCIDENTIFIER('5-2-P11'),$);
#1943= IFCPROPERTYSET('11LjwfJkv1Bxa2Z7Z4Ycae',#5,'Pset_PlateCommon','Common Properties to plate elements',(#1002,#1942));
#1944= IFCQUANTITYLENGTH('Width',$,$,440.002441409347);
#1945= IFCQUANTITYAREA('NetArea',$,$,1.60300842285158);
#1946= IFCQUANTITYAREA('GrossArea',$,$,0.748004150397313);
#1947= IFCQUANTITYAREA('CrossSectionArea',$,$,0.000625);
#1948= IFCQUANTITYVOLUME('NetVolume',$,$,0.0187001037597658);
#1949= IFCQUANTITYVOLUME('GrossVolume',$,$,0.0187001037597658);
#1950= IFCELEMENTQUANTITY('3pcGqc1y1C4BjLZlaf$cpf',#5,'BaseQuantities',$,$,(#1944,#1945,#1946,#1947,#1948,#1949));
#1951= IFCRELAGGREGATES('3QfNE0ie13pundHHKeKmHc',#5,$,$,#37,(#39));
#1952= IFCRELAGGREGATES('0Gyrcmk$97mPZlJI00qvnK',#5,$,$,#39,(#41));
#1953= IFCRELAGGREGATES('3BvwUJGAHEPBNSXVqwC1I_',#5,$,$,#41,(#43));
#1954= IFCRELCONTAINEDINSPATIALSTRUCTURE('2TuBYX8WT3PgwgcdEgWSoR',#5,$,$,(#1927,#1884,#1854,#1805,#1782,#1690,#1683,#1677,#1666,#1645,#1623,#1596,#1516,#1437,#1343,#1261,#1231,#1120,#984,#852,#525,#518,#511,#504,#497,#485,#405,#393,#313,#306,#299,#292,#285,#278,#271,#264,#257,#250,#243,#236,#229,#222,#215,#208,#201,#194,#187,#180,#173,#166,#159,#133),#43);
#1955= IFCRELDEFINESBYPROPERTIES('1U84ve1vP5QO1d$TC0riLw',#5,$,$,(#313,#306,#299,#292,#285,#278,#271,#264,#257,#250,#243,#236,#229,#222,#215,#208,#201,#194,#187,#180,#173,#166,#159,#133),#151);
#1956= IFCRELDEFINESBYPROPERTIES('22wdndYajCpvQyOZfa8mXL',#5,$,$,(#405,#393),#398);
#1957= IFCRELDEFINESBYPROPERTIES('30HHCekFXCl9eXdlojWb8M',#5,$,$,(#525,#518,#511,#504,#497,#485),#490);
#1958= IFCRELDEFINESBYPROPERTIES('2HiqO2QyTAF8Z54_wbKw5L',#5,$,$,(#852),#862);
#1959= IFCRELDEFINESBYPROPERTIES('2gIi$_B9z43g32OHpmhNrV',#5,$,$,(#984),#992);
#1960= IFCRELDEFINESBYPROPERTIES('0o6$9aDVTEvBj99eW4GQ81',#5,$,$,(#1690,#984),#1001);
#1961= IFCRELDEFINESBYPROPERTIES('1Qm0mdEOT2OfLDbcdR7ROJ',#5,$,$,(#984),#1004);
#1962= IFCRELDEFINESBYPROPERTIES('2kGUUGApr1jwNP0XbeAVcV',#5,$,$,(#984),#1011);
#1963= IFCRELDEFINESBYPROPERTIES('2Ed9okzZP9fOKlNw$kiUnK',#5,$,$,(#1120),#1125);
#1964= IFCRELDEFINESBYPROPERTIES('20PUcdEjDA5gSUApiyEnl6',#5,$,$,(#1683,#1120),#1132);
#1965= IFCRELDEFINESBYPROPERTIES('2XnVJ93CD5w8FA6JrBjKd_',#5,$,$,(#1683,#1120),#1134);
#1966= IFCRELDEFINESBYPROPERTIES('2QasmotDbDkOLKyDSTC7B8',#5,$,$,(#1683,#1120),#1140);
#1967= IFCRELDEFINESBYPROPERTIES('16e9UQT3XDHgZOS15xuXDe',#5,$,$,(#1261,#1231),#1237);
#1968= IFCRELDEFINESBYPROPERTIES('1PA6mynMv5ohxYekluLRLO',#5,$,$,(#1261,#1231),#1246);
#1969= IFCRELDEFINESBYPROPERTIES('0FmlgRvU935hnyHFonGzIB',#5,$,$,(#1261,#1231),#1248);
#1970= IFCRELDEFINESBYPROPERTIES('0QteFLB7v2g9xXn_GoD8TW',#5,$,$,(#1261,#1231),#1255);
#1971= IFCRELDEFINESBYPROPERTIES('3LD2uirvLA6eDT8PB4xE6J',#5,$,$,(#1437,#1343),#1345);
#1972= IFCRELDEFINESBYPROPERTIES('1ekmJ6aNv0_h9m2kvUWTXY',#5,$,$,(#1677,#1645,#1437,#1343),#1351);
#1973= IFCRELDEFINESBYPROPERTIES('2vW6PyU0v3SetNvFhM5IeQ',#5,$,$,(#1677,#1645,#1437,#1343),#1353);
#1974= IFCRELDEFINESBYPROPERTIES('1uYyAOsxH28BI9fac$uoZU',#5,$,$,(#1645,#1343),#1359);
#1975= IFCRELDEFINESBYPROPERTIES('1aEVQ0ZSj04Okpc6F49k9x',#5,$,$,(#1677,#1437),#1443);
#1976= IFCRELDEFINESBYPROPERTIES('37Qd2FoYjCyB$ADD3xSlRu',#5,$,$,(#1596,#1516),#1519);
#1977= IFCRELDEFINESBYPROPERTIES('1cTUEopjv9IAEI4jtZeSQ9',#5,$,$,(#1596,#1516),#1525);
#1978= IFCRELDEFINESBYPROPERTIES('34IXh2Qn5AKeGAm5OhzMfe',#5,$,$,(#1596,#1516),#1527);
#1979= IFCRELDEFINESBYPROPERTIES('29khryI8XDQg6wQI1K$Xik',#5,$,$,(#1516),#1533);
#1980= IFCRELDEFINESBYPROPERTIES('0j4HsEuHfA9eFQBCmVfKDb',#5,$,$,(#1596),#1602);
#1981= IFCRELDEFINESBYPROPERTIES('3JRCVxgNjAghgbGseSpE35',#5,$,$,(#1666,#1623),#1627);
#1982= IFCRELDEFINESBYPROPERTIES('1OSvh4Ci186RU0RV0RAImB',#5,$,$,(#1666,#1623),#1632);
#1983= IFCRELDEFINESBYPROPERTIES('1UPu9Ex3534uKQLDPn4iSQ',#5,$,$,(#1666,#1623),#1634);
#1984= IFCRELDEFINESBYPROPERTIES('3Fi22SDArCugafyPZBO$5L',#5,$,$,(#1623),#1639);
#1985= IFCRELDEFINESBYPROPERTIES('3QesCQXxb7qwS_gyICWACE',#5,$,$,(#1677,#1645),#1648);
#1986= IFCRELDEFINESBYPROPERTIES('2WEsk7r1z6XPgPMKxEkmc4',#5,$,$,(#1666),#1671);
#1987= IFCRELDEFINESBYPROPERTIES('3F2y_$Q4rCWA$aS8NpnyBo',#5,$,$,(#1683),#1684);
#1988= IFCRELDEFINESBYPROPERTIES('3qHzDUax5AC81M9Ah04utZ',#5,$,$,(#1690),#1692);
#1989= IFCRELDEFINESBYPROPERTIES('3oHBI3gEv7euHLqjUCk22V',#5,$,$,(#1690),#1694);
#1990= IFCRELDEFINESBYPROPERTIES('12nv6kTjD5dvmg$Dw9plPq',#5,$,$,(#1690),#1697);
#1991= IFCRELDEFINESBYPROPERTIES('2hmSgb5Xz4hfDq3oIRkgby',#5,$,$,(#1805,#1782),#1786);
#1992= IFCRELDEFINESBYPROPERTIES('1DjqLLBhn8JvDsbJLer68s',#5,$,$,(#1805,#1782),#1791);
#1993= IFCRELDEFINESBYPROPERTIES('0t4jCMDZT6Pemdt3Y5yfCs',#5,$,$,(#1805,#1782),#1793);
#1994= IFCRELDEFINESBYPROPERTIES('0DgTftKQ5DTeetEKILWcxD',#5,$,$,(#1805,#1782),#1799);
#1995= IFCRELDEFINESBYPROPERTIES('0vOFZ7IkX5MRrogBYIlHys',#5,$,$,(#1854),#1860);
#1996= IFCRELDEFINESBYPROPERTIES('2QC0uHo6r5nOT98Jg9eSV_',#5,$,$,(#1884,#1854),#1869);
#1997= IFCRELDEFINESBYPROPERTIES('2gHju70bTD1gQCxSp9JteL',#5,$,$,(#1884,#1854),#1871);
#1998= IFCRELDEFINESBYPROPERTIES('3TbRTtqgf4bhbau9Kf$JUJ',#5,$,$,(#1884,#1854),#1878);
#1999= IFCRELDEFINESBYPROPERTIES('1M_NUnOqvCYwNmjDkaN1FO',#5,$,$,(#1884),#1887);
#2000= IFCRELDEFINESBYPROPERTIES('3kmZ$UTbv2ox1VweeyI9uN',#5,$,$,(#1927),#1933);
#2001= IFCRELDEFINESBYPROPERTIES('0HavDmRxv5HR5K1RVtJUn$',#5,$,$,(#1927),#1941);
#2002= IFCRELDEFINESBYPROPERTIES('2Ixj7sOF90WOpbT$oda6um',#5,$,$,(#1927),#1943);
#2003= IFCRELDEFINESBYPROPERTIES('1_fT0SgwfEguf$$65w4_Pc',#5,$,$,(#1927),#1950);
#2004= IFCRELDEFINESBYTYPE('2jsmCBMJ11A8lqpUG4Kqep',#5,$,$,(#852,#525,#518,#511,#504,#497,#485,#405,#393,#313,#306,#299,#292,#285,#278,#271,#264,#257,#250,#243,#236,#229,#222,#215,#208,#201,#194,#187,#180,#173,#166,#159,#133),#134);
#2005= IFCRELDEFINESBYTYPE('3nhSalsVr3PghVLdc82AY0',#5,$,$,(#1690,#984),#985);
#2006= IFCRELDEFINESBYTYPE('3WK$$DVVjFh9KCLnCeyNNK',#5,$,$,(#1683,#1677,#1645,#1437,#1343,#1120),#1121);
#2007= IFCRELDEFINESBYTYPE('06GCF5PIbFE8fV45MBTIzN',#5,$,$,(#1805,#1782,#1261,#1231),#1232);
#2008= IFCRELDEFINESBYTYPE('0j1PZZArL0neEkvXpDECPw',#5,$,$,(#1666,#1623,#1596,#1516),#1517);
#2009= IFCRELDEFINESBYTYPE('1VWVcRGbzBEQPiJAHwzENm',#5,$,$,(#1884,#1854),#1855);
#2010= IFCRELDEFINESBYTYPE('14FMk1aN9EAfgLUjGQohbg',#5,$,$,(#1927),#1928);
#2011= IFCRELASSOCIATESMATERIAL('28qwZRUMX64h0V3D1EV2b_',#5,$,$,(#525,#518,#511,#504,#497,#485,#405,#393,#313,#306,#299,#292,#285,#278,#271,#264,#257,#250,#243,#236,#229,#222,#215,#208,#201,#194,#187,#180,#173,#166,#159,#133),#152);
#2012= IFCRELASSOCIATESMATERIAL('0ZigNZFpT7FAhNYziBBy_0',#5,$,$,(#852),#863);
#2013= IFCRELASSOCIATESMATERIAL('27d8OvgBD2pPY8PuQ4_u76',#5,$,$,(#1927,#1884,#1854,#1805,#1782,#1690,#1683,#1677,#1666,#1645,#1623,#1596,#1516,#1437,#1343,#1261,#1231,#1120,#984),#1012);
#2014= IFCPRESENTATIONLAYERASSIGNMENT('BoltArray',$,(#126,#154,#161,#168,#175,#182,#189,#196,#203,#210,#217,#224,#231,#238,#245,#252,#259,#266,#273,#280,#287,#294,#301,#308,#386,#400,#478,#492,#499,#506,#513,#520,#845),$);
#2015= IFCPRESENTATIONLAYERASSIGNMENT('PLATE-8',$,(#977,#1115,#1336,#1432,#1511,#1591,#1618,#1640,#1661,#1672,#1678,#1685),$);
#2016= IFCPRESENTATIONLAYERASSIGNMENT('PLATE-12',$,(#1224,#1256,#1777,#1800),$);
#2017= IFCPRESENTATIONLAYERASSIGNMENT('PLATE-18',$,(#1849,#1879),$);
#2018= IFCPRESENTATIONLAYERASSIGNMENT('PLATE-25',$,(#1921),$);
ENDSEC;

END-ISO-10303-21;
