ISO-10303-21;
HEADER;
FILE_DESCRIPTION(('ViewDefinition[CoordinationView_V2.0, QuantityTakeOffAddOnView]', 'ExchangeRequirement[Structural, SurfaceGeometry]', 'Option [BaseQuantities:On]', 'Option [GridExport:On]', 'Option [Assemblies:Off]', 'Option [Bolts:On]', 'Option [Rebars:On]', 'Option [PourObjects:Off]', 'Option [Welds:Off]', 'Option [SurfaceTreatments:On]', 'Option [LocationBy:0]', 'Option [ViewColors:Off]', 'Option [SectionedSpine:Off]', 'Option [PropertySets:On]', 'Option [Export all:Off]'),'2;1');
FILE_NAME('5-2-A51.ifc','2026-03-10T09:15:03',('DESKTOP-NLV509P\\Ahmed'),('Structural Designer'),'IFC Parser version: 3.13.2','Tekla Structures 2023 Service Pack 8, IFC Export Version: 4.0.0.0 Jan 19 2024','');
FILE_SCHEMA(('IFC2X3'));
ENDSEC;

DATA;
#1= IFCPERSON('DESKTOP-NLV509P\\Ahmed','Undefined',$,$,$,$,$,$);
#2= IFCORGANIZATION($,'Trimble Solutions Corporation',$,$,$);
#3= IFCPERSONANDORGANIZATION(#1,#2,$);
#4= IFCAPPLICATION(#2,'2023 Service Pack 8','Tekla Structures','Multi material modeling');
#5= IFCOWNERHISTORY(#3,#4,$,.NOCHANGE.,$,$,$,1773123303);
#6= IFCCARTESIANPOINT((0.,0.,0.));
#7= IFCDIRECTION((1.,0.,0.));
#8= IFCDIRECTION((0.,1.,0.));
#9= IFCDIRECTION((0.,0.,1.));
#10= IFCAXIS2PLACEMENT3D(#6,#9,#7);
#11= IFCGEOMETRICREPRESENTATIONCONTEXT($,'Model',3,1.E-05,#10,$);
#12= IFCGEOMETRICREPRESENTATIONSUBCONTEXT('Body','Model',*,*,*,*,#11,$,.MODEL_VIEW.,$);
#13= IFCGEOMETRICREPRESENTATIONSUBCONTEXT('Axis','Model',*,*,*,*,#11,$,.GRAPH_VIEW.,$);
#14= IFCGEOMETRICREPRESENTATIONSUBCONTEXT('FootPrint','Model',*,*,*,*,#11,$,.MODEL_VIEW.,$);
#15= IFCSIUNIT(*,.LENGTHUNIT.,.MILLI.,.METRE.);
#16= IFCMEASUREWITHUNIT(IFCRATIOMEASURE(304.8),#15);
#17= IFCDIMENSIONALEXPONENTS(1,0,0,0,0,0,0);
#18= IFCCONVERSIONBASEDUNIT(#17,.LENGTHUNIT.,'FOOT',#16);
#19= IFCSIUNIT(*,.AREAUNIT.,$,.SQUARE_METRE.);
#20= IFCMEASUREWITHUNIT(IFCRATIOMEASURE(0.09290304),#19);
#21= IFCDIMENSIONALEXPONENTS(2,0,0,0,0,0,0);
#22= IFCCONVERSIONBASEDUNIT(#21,.AREAUNIT.,'SQUARE FOOT',#20);
#23= IFCSIUNIT(*,.VOLUMEUNIT.,$,.CUBIC_METRE.);
#24= IFCMEASUREWITHUNIT(IFCRATIOMEASURE(0.028316846592),#23);
#25= IFCDIMENSIONALEXPONENTS(3,0,0,0,0,0,0);
#26= IFCCONVERSIONBASEDUNIT(#25,.VOLUMEUNIT.,'CUBIC FOOT',#24);
#27= IFCSIUNIT(*,.MASSUNIT.,.KILO.,.GRAM.);
#28= IFCSIUNIT(*,.TIMEUNIT.,$,.SECOND.);
#29= IFCSIUNIT(*,.PLANEANGLEUNIT.,$,.RADIAN.);
#30= IFCMEASUREWITHUNIT(IFCRATIOMEASURE(0.0174532925199433),#29);
#31= IFCDIMENSIONALEXPONENTS(0,0,0,0,0,0,0);
#32= IFCCONVERSIONBASEDUNIT(#31,.PLANEANGLEUNIT.,'DEGREE',#30);
#33= IFCSIUNIT(*,.SOLIDANGLEUNIT.,$,.STERADIAN.);
#34= IFCSIUNIT(*,.THERMODYNAMICTEMPERATUREUNIT.,$,.DEGREE_CELSIUS.);
#35= IFCSIUNIT(*,.LUMINOUSINTENSITYUNIT.,$,.LUMEN.);
#36= IFCUNITASSIGNMENT((#15,#19,#23,#27,#28,#29,#33,#34,#35));
#37= IFCPROJECT('1PVd3spb1AAOo3xe_rOsM8',#5,'Undefined',$,$,$,$,(#11),#36);
#38= IFCLOCALPLACEMENT($,#10);
#39= IFCSITE('33dEUJXq11gPxkav$lLiWE',#5,'Undefined',$,$,#38,$,$,.ELEMENT.,$,$,$,$,$);
#40= IFCLOCALPLACEMENT(#38,#10);
#41= IFCBUILDING('0xRLhEn11218rFU_xFDnub',#5,'Undefined',$,$,#40,$,$,.ELEMENT.,$,$,$);
#42= IFCLOCALPLACEMENT(#40,#10);
#43= IFCBUILDINGSTOREY('3gJPpYF7LCbf7I109fNVl5',#5,'Undefined',$,$,#42,$,$,.ELEMENT.,0.);
#44= IFCOWNERHISTORY(#3,#4,$,.NOCHANGE.,$,$,$,1770840000);
#45= IFCCOLOURRGB($,0.698039215686274,0.4,0.);
#46= IFCSURFACESTYLERENDERING(#45,0.,$,$,$,$,IFCNORMALISEDRATIOMEASURE(0.00390625),IFCSPECULAREXPONENT(10.),.NOTDEFINED.);
#47= IFCSURFACESTYLE('EVENT',.POSITIVE.,(#46));
#48= IFCPRESENTATIONSTYLEASSIGNMENT((#47));
#49= IFCCARTESIANPOINT((7.5,-8.,0.));
#50= IFCCARTESIANPOINT((6.49519052838316,-8.,3.75000000000022));
#51= IFCCARTESIANPOINT((3.74999999999955,-8.,6.49519052838355));
#52= IFCCARTESIANPOINT((-7.77251986200242E-13,-8.,7.5));
#53= IFCCARTESIANPOINT((-3.7500000000009,-8.,6.49519052838277));
#54= IFCCARTESIANPOINT((-6.49519052838394,-8.,3.74999999999888));
#55= IFCCARTESIANPOINT((-7.5,-8.,-1.55450397240048E-12));
#56= IFCCARTESIANPOINT((-6.49519052838238,-8.,-3.75000000000157));
#57= IFCCARTESIANPOINT((-3.74999999999821,-8.,-6.49519052838432));
#58= IFCCARTESIANPOINT((2.32342928591604E-12,-8.,-7.5));
#59= IFCCARTESIANPOINT((3.75000000000224,-8.,-6.495190528382));
#60= IFCCARTESIANPOINT((6.49519052838471,-8.,-3.74999999999753));
#61= IFCCARTESIANPOINT((7.5,8.1,0.));
#62= IFCCARTESIANPOINT((6.49519052838316,8.1,3.75000000000022));
#63= IFCCARTESIANPOINT((3.74999999999955,8.1,6.49519052838355));
#64= IFCCARTESIANPOINT((-7.77251986200242E-13,8.1,7.5));
#65= IFCCARTESIANPOINT((-3.7500000000009,8.1,6.49519052838277));
#66= IFCCARTESIANPOINT((-6.49519052838394,8.1,3.74999999999888));
#67= IFCCARTESIANPOINT((-7.5,8.1,-1.55450397240048E-12));
#68= IFCCARTESIANPOINT((-6.49519052838238,8.1,-3.75000000000157));
#69= IFCCARTESIANPOINT((-3.74999999999821,8.1,-6.49519052838432));
#70= IFCCARTESIANPOINT((2.32342928591604E-12,8.1,-7.5));
#71= IFCCARTESIANPOINT((3.75000000000224,8.1,-6.495190528382));
#72= IFCCARTESIANPOINT((6.49519052838471,8.1,-3.74999999999753));
#73= IFCPOLYLOOP((#49,#50,#51,#52,#53,#54,#55,#56,#57,#58,#59,#60));
#74= IFCFACEOUTERBOUND(#73,.T.);
#75= IFCFACE((#74));
#76= IFCPOLYLOOP((#72,#71,#70,#69,#68,#67,#66,#65,#64,#63,#62,#61));
#77= IFCFACEOUTERBOUND(#76,.T.);
#78= IFCFACE((#77));
#79= IFCPOLYLOOP((#49,#61,#62,#50));
#80= IFCFACEOUTERBOUND(#79,.T.);
#81= IFCFACE((#80));
#82= IFCPOLYLOOP((#50,#62,#63,#51));
#83= IFCFACEOUTERBOUND(#82,.T.);
#84= IFCFACE((#83));
#85= IFCPOLYLOOP((#51,#63,#64,#52));
#86= IFCFACEOUTERBOUND(#85,.T.);
#87= IFCFACE((#86));
#88= IFCPOLYLOOP((#52,#64,#65,#53));
#89= IFCFACEOUTERBOUND(#88,.T.);
#90= IFCFACE((#89));
#91= IFCPOLYLOOP((#53,#65,#66,#54));
#92= IFCFACEOUTERBOUND(#91,.T.);
#93= IFCFACE((#92));
#94= IFCPOLYLOOP((#54,#66,#67,#55));
#95= IFCFACEOUTERBOUND(#94,.T.);
#96= IFCFACE((#95));
#97= IFCPOLYLOOP((#55,#67,#68,#56));
#98= IFCFACEOUTERBOUND(#97,.T.);
#99= IFCFACE((#98));
#100= IFCPOLYLOOP((#56,#68,#69,#57));
#101= IFCFACEOUTERBOUND(#100,.T.);
#102= IFCFACE((#101));
#103= IFCPOLYLOOP((#57,#69,#70,#58));
#104= IFCFACEOUTERBOUND(#103,.T.);
#105= IFCFACE((#104));
#106= IFCPOLYLOOP((#58,#70,#71,#59));
#107= IFCFACEOUTERBOUND(#106,.T.);
#108= IFCFACE((#107));
#109= IFCPOLYLOOP((#59,#71,#72,#60));
#110= IFCFACEOUTERBOUND(#109,.T.);
#111= IFCFACE((#110));
#112= IFCPOLYLOOP((#60,#72,#61,#49));
#113= IFCFACEOUTERBOUND(#112,.T.);
#114= IFCFACE((#113));
#115= IFCCLOSEDSHELL((#75,#78,#81,#84,#87,#90,#93,#96,#99,#102,#105,#108,#111,#114));
#116= IFCCOLOURRGB($,0.,0.,0.);
#117= IFCSURFACESTYLERENDERING(#116,0.,$,$,$,$,IFCNORMALISEDRATIOMEASURE(0.00390625),IFCSPECULAREXPONENT(10.),.NOTDEFINED.);
#118= IFCSURFACESTYLE($,.POSITIVE.,(#117));
#119= IFCPRESENTATIONSTYLEASSIGNMENT((#118));
#120= IFCFACETEDBREP(#115);
#121= IFCSTYLEDITEM(#120,(#119),$);
#122= IFCCARTESIANTRANSFORMATIONOPERATOR3D($,$,#6,$,$);
#123= IFCSHAPEREPRESENTATION(#12,'Body','Brep',(#120));
#124= IFCREPRESENTATIONMAP(#10,#123);
#125= IFCMAPPEDITEM(#124,#122);
#126= IFCSHAPEREPRESENTATION(#12,'Body','MappedRepresentation',(#125));
#127= IFCPRODUCTDEFINITIONSHAPE($,$,(#126));
#128= IFCCARTESIANPOINT((53967.2825955528,-6690.50096637581,19231.9997011097));
#129= IFCDIRECTION((0.838779662026273,-0.54447100801704,0.));
#130= IFCDIRECTION((0.544471008017041,0.838779662026272,0.));
#131= IFCAXIS2PLACEMENT3D(#128,#129,#130);
#132= IFCLOCALPLACEMENT(#42,#131);
#133= IFCMECHANICALFASTENER('3digyxtm17YeiXAlKr5E3N',#44,'Bolt assembly',$,$,#132,#127,'IDe7b2af3b-df00-478a-8b21-2af53514e0d7',15.,16.);
#134= IFCMECHANICALFASTENERTYPE('3H7PhuaVj9FAa6pxPCry7S',#5,'Bolt assembly',$,$,$,$,$,$);
#135= IFCPROPERTYSINGLEVALUE('Washer count',$,IFCINTEGER(0),$);
#136= IFCPROPERTYSINGLEVALUE('Washer diameter',$,IFCLENGTHMEASURE(15.),$);
#137= IFCPROPERTYSINGLEVALUE('Washer type',$,IFCLABEL(''),$);
#138= IFCPROPERTYSINGLEVALUE('Washer name',$,IFCLABEL(''),$);
#139= IFCPROPERTYSINGLEVALUE('Nut count',$,IFCINTEGER(0),$);
#140= IFCPROPERTYSINGLEVALUE('Nut type',$,IFCLABEL(''),$);
#141= IFCPROPERTYSINGLEVALUE('Nut name',$,IFCLABEL(''),$);
#142= IFCPROPERTYSINGLEVALUE('Slotted hole y',$,IFCLENGTHMEASURE(0.),$);
#143= IFCPROPERTYSINGLEVALUE('Slotted hole x',$,IFCLENGTHMEASURE(0.),$);
#144= IFCPROPERTYSINGLEVALUE('Bolt hole diameter',$,IFCLENGTHMEASURE(15.),$);
#145= IFCPROPERTYSINGLEVALUE('Location',$,IFCLABEL('Site'),$);
#146= IFCPROPERTYSINGLEVALUE('Bolt count',$,IFCINTEGER(1),$);
#147= IFCPROPERTYSINGLEVALUE('Bolt size',$,IFCLENGTHMEASURE(15.),$);
#148= IFCPROPERTYSINGLEVALUE('Bolt length',$,IFCLENGTHMEASURE(16.),$);
#149= IFCPROPERTYSINGLEVALUE('Bolt standard',$,IFCLABEL('EVENT'),$);
#150= IFCPROPERTYSINGLEVALUE('Bolt Name',$,IFCLABEL(''),$);
#151= IFCPROPERTYSET('3lO1HYaTb0m9CKreKNUFd6',#5,'Tekla Bolt','Bolt Properties',(#135,#136,#137,#138,#139,#140,#141,#142,#143,#144,#145,#146,#147,#148,#149,#150));
#152= IFCMATERIAL('EVENT');
#153= IFCMAPPEDITEM(#124,#122);
#154= IFCSHAPEREPRESENTATION(#12,'Body','MappedRepresentation',(#153));
#155= IFCPRODUCTDEFINITIONSHAPE($,$,(#154));
#156= IFCCARTESIANPOINT((54152.2825955528,-6690.50096637581,19231.9997011097));
#157= IFCDIRECTION((-0.838779662026273,-0.54447100801704,0.));
#158= IFCDIRECTION((-0.544471008017041,0.838779662026272,0.));
#159= IFCAXIS2PLACEMENT3D(#156,#157,#158);
#160= IFCLOCALPLACEMENT(#42,#159);
#161= IFCMECHANICALFASTENER('28eZJdnTHBOBVHNZ$Aal4O',#44,'Bolt assembly',$,$,#160,#155,'ID88a234e7-c5d4-4b60-b7d1-5e3fca92f118',15.,16.);
#162= IFCMAPPEDITEM(#124,#122);
#163= IFCSHAPEREPRESENTATION(#12,'Body','MappedRepresentation',(#162));
#164= IFCPRODUCTDEFINITIONSHAPE($,$,(#163));
#165= IFCCARTESIANPOINT((54152.2825955528,-6405.50096637581,19231.9997011097));
#166= IFCDIRECTION((-0.544471008017041,-0.838779662026272,0.));
#167= IFCAXIS2PLACEMENT3D(#165,#129,#166);
#168= IFCLOCALPLACEMENT(#42,#167);
#169= IFCMECHANICALFASTENER('2QzUtkXWn2Ewy5dKE4iprY',#44,'Bolt assembly',$,$,#168,#164,'ID9af5edee-860c-423b-af05-9d4384b33d62',15.,16.);
#170= IFCMAPPEDITEM(#124,#122);
#171= IFCSHAPEREPRESENTATION(#12,'Body','MappedRepresentation',(#170));
#172= IFCPRODUCTDEFINITIONSHAPE($,$,(#171));
#173= IFCCARTESIANPOINT((53967.2825955528,-6405.50096637581,19231.9997011097));
#174= IFCDIRECTION((0.838779662026273,0.54447100801704,0.));
#175= IFCDIRECTION((0.544471008017041,-0.838779662026272,0.));
#176= IFCAXIS2PLACEMENT3D(#173,#174,#175);
#177= IFCLOCALPLACEMENT(#42,#176);
#178= IFCMECHANICALFASTENER('23w1ulSHT6Y8WxSSpslLiJ',#44,'Bolt assembly',$,$,#177,#172,'ID83e81e2f-7117-4688-883b-71ccf6bd5b13',15.,16.);
#179= IFCOWNERHISTORY(#3,#4,$,.NOCHANGE.,$,$,$,1773043200);
#180= IFCCARTESIANPOINT((7.5,-3.00000000017047,0.));
#181= IFCCARTESIANPOINT((6.49519052838316,-3.00000000017047,3.75000000000022));
#182= IFCCARTESIANPOINT((3.74999999999955,-3.00000000017047,6.49519052838355));
#183= IFCCARTESIANPOINT((-7.77251986200242E-13,-3.00000000017047,7.5));
#184= IFCCARTESIANPOINT((-3.7500000000009,-3.00000000017047,6.49519052838277));
#185= IFCCARTESIANPOINT((-6.49519052838394,-3.00000000017047,3.74999999999888));
#186= IFCCARTESIANPOINT((-7.5,-3.00000000017047,-1.55450397240048E-12));
#187= IFCCARTESIANPOINT((-6.49519052838238,-3.00000000017047,-3.75000000000157));
#188= IFCCARTESIANPOINT((-3.74999999999821,-3.00000000017047,-6.49519052838432));
#189= IFCCARTESIANPOINT((2.32342928591604E-12,-3.00000000017047,-7.5));
#190= IFCCARTESIANPOINT((3.75000000000224,-3.00000000017047,-6.495190528382));
#191= IFCCARTESIANPOINT((6.49519052838471,-3.00000000017047,-3.74999999999753));
#192= IFCCARTESIANPOINT((7.5,3.09999999909906,0.));
#193= IFCCARTESIANPOINT((6.49519052838316,3.09999999909906,3.75000000000022));
#194= IFCCARTESIANPOINT((3.74999999999955,3.09999999909906,6.49519052838355));
#195= IFCCARTESIANPOINT((-7.77251986200242E-13,3.09999999909906,7.5));
#196= IFCCARTESIANPOINT((-3.7500000000009,3.09999999909906,6.49519052838277));
#197= IFCCARTESIANPOINT((-6.49519052838394,3.09999999909906,3.74999999999888));
#198= IFCCARTESIANPOINT((-7.5,3.09999999909906,-1.55450397240048E-12));
#199= IFCCARTESIANPOINT((-6.49519052838238,3.09999999909906,-3.75000000000157));
#200= IFCCARTESIANPOINT((-3.74999999999821,3.09999999909906,-6.49519052838432));
#201= IFCCARTESIANPOINT((2.32342928591604E-12,3.09999999909906,-7.5));
#202= IFCCARTESIANPOINT((3.75000000000224,3.09999999909906,-6.495190528382));
#203= IFCCARTESIANPOINT((6.49519052838471,3.09999999909906,-3.74999999999753));
#204= IFCPOLYLOOP((#180,#181,#182,#183,#184,#185,#186,#187,#188,#189,#190,#191));
#205= IFCFACEOUTERBOUND(#204,.T.);
#206= IFCFACE((#205));
#207= IFCPOLYLOOP((#203,#202,#201,#200,#199,#198,#197,#196,#195,#194,#193,#192));
#208= IFCFACEOUTERBOUND(#207,.T.);
#209= IFCFACE((#208));
#210= IFCPOLYLOOP((#180,#192,#193,#181));
#211= IFCFACEOUTERBOUND(#210,.T.);
#212= IFCFACE((#211));
#213= IFCPOLYLOOP((#181,#193,#194,#182));
#214= IFCFACEOUTERBOUND(#213,.T.);
#215= IFCFACE((#214));
#216= IFCPOLYLOOP((#182,#194,#195,#183));
#217= IFCFACEOUTERBOUND(#216,.T.);
#218= IFCFACE((#217));
#219= IFCPOLYLOOP((#183,#195,#196,#184));
#220= IFCFACEOUTERBOUND(#219,.T.);
#221= IFCFACE((#220));
#222= IFCPOLYLOOP((#184,#196,#197,#185));
#223= IFCFACEOUTERBOUND(#222,.T.);
#224= IFCFACE((#223));
#225= IFCPOLYLOOP((#185,#197,#198,#186));
#226= IFCFACEOUTERBOUND(#225,.T.);
#227= IFCFACE((#226));
#228= IFCPOLYLOOP((#186,#198,#199,#187));
#229= IFCFACEOUTERBOUND(#228,.T.);
#230= IFCFACE((#229));
#231= IFCPOLYLOOP((#187,#199,#200,#188));
#232= IFCFACEOUTERBOUND(#231,.T.);
#233= IFCFACE((#232));
#234= IFCPOLYLOOP((#188,#200,#201,#189));
#235= IFCFACEOUTERBOUND(#234,.T.);
#236= IFCFACE((#235));
#237= IFCPOLYLOOP((#189,#201,#202,#190));
#238= IFCFACEOUTERBOUND(#237,.T.);
#239= IFCFACE((#238));
#240= IFCPOLYLOOP((#190,#202,#203,#191));
#241= IFCFACEOUTERBOUND(#240,.T.);
#242= IFCFACE((#241));
#243= IFCPOLYLOOP((#191,#203,#192,#180));
#244= IFCFACEOUTERBOUND(#243,.T.);
#245= IFCFACE((#244));
#246= IFCCLOSEDSHELL((#206,#209,#212,#215,#218,#221,#224,#227,#230,#233,#236,#239,#242,#245));
#247= IFCFACETEDBREP(#246);
#248= IFCSTYLEDITEM(#247,(#119),$);
#249= IFCSHAPEREPRESENTATION(#12,'Body','Brep',(#247));
#250= IFCREPRESENTATIONMAP(#10,#249);
#251= IFCMAPPEDITEM(#250,#122);
#252= IFCSHAPEREPRESENTATION(#12,'Body','MappedRepresentation',(#251));
#253= IFCPRODUCTDEFINITIONSHAPE($,$,(#252));
#254= IFCCARTESIANPOINT((53947.7769787862,-6670.49921601029,16682.5007692249));
#255= IFCDIRECTION((-5.13999999384396E-07,-0.50932089390068,0.860576682833057));
#256= IFCDIRECTION((8.67999992711447E-07,0.86057668283262,0.509320893900938));
#257= IFCAXIS2PLACEMENT3D(#254,#255,#256);
#258= IFCLOCALPLACEMENT(#42,#257);
#259= IFCMECHANICALFASTENER('0GYVrVr75959rZn7pVFkmA',#179,'Bolt assembly',$,$,#258,#253,'ID1089fd5f-d471-4914-9d63-c47cdf3eec0a',15.,6.);
#260= IFCPROPERTYSINGLEVALUE('Bolt length',$,IFCLENGTHMEASURE(6.),$);
#261= IFCPROPERTYSET('1asHd4yov0HRs4dBwMlZWn',#5,'Tekla Bolt','Bolt Properties',(#135,#136,#137,#138,#139,#140,#141,#142,#143,#144,#145,#146,#147,#260,#149,#150));
#262= IFCMAPPEDITEM(#250,#122);
#263= IFCSHAPEREPRESENTATION(#12,'Body','MappedRepresentation',(#262));
#264= IFCPRODUCTDEFINITIONSHAPE($,$,(#263));
#265= IFCCARTESIANPOINT((53947.7769787862,-6670.49921601029,16827.5007692249));
#266= IFCDIRECTION((-5.13999999384396E-07,-0.509320893900679,-0.860576682833058));
#267= IFCDIRECTION((8.67999992711447E-07,0.86057668283262,-0.509320893900938));
#268= IFCAXIS2PLACEMENT3D(#265,#266,#267);
#269= IFCLOCALPLACEMENT(#42,#268);
#270= IFCMECHANICALFASTENER('3eMbz$drbBZuYkqiRQZCKy',#179,'Bolt assembly',$,$,#269,#264,'IDe85a5f7f-9f59-4b8f-88ae-d2c6da8cc53c',15.,6.);
#271= IFCMAPPEDITEM(#250,#122);
#272= IFCSHAPEREPRESENTATION(#12,'Body','MappedRepresentation',(#271));
#273= IFCPRODUCTDEFINITIONSHAPE($,$,(#272));
#274= IFCCARTESIANPOINT((53947.7772259916,-6425.49921601071,16827.5007692249));
#275= IFCDIRECTION((-8.67999992711442E-07,-0.860576682832622,-0.509320893900935));
#276= IFCAXIS2PLACEMENT3D(#274,#255,#275);
#277= IFCLOCALPLACEMENT(#42,#276);
#278= IFCMECHANICALFASTENER('2z5G1lccfEqAgmCsDtY4Rq',#179,'Bolt assembly',$,$,#277,#273,'IDbd15006f-9a6a-4ed0-aab0-3363778846f4',15.,6.);
#279= IFCMAPPEDITEM(#250,#122);
#280= IFCSHAPEREPRESENTATION(#12,'Body','MappedRepresentation',(#279));
#281= IFCPRODUCTDEFINITIONSHAPE($,$,(#280));
#282= IFCCARTESIANPOINT((53947.7772259916,-6425.49921601071,16682.5007692249));
#283= IFCDIRECTION((5.13999999384396E-07,0.509320893900676,0.860576682833059));
#284= IFCDIRECTION((-8.67999992711442E-07,-0.860576682832622,0.509320893900935));
#285= IFCAXIS2PLACEMENT3D(#282,#283,#284);
#286= IFCLOCALPLACEMENT(#42,#285);
#287= IFCMECHANICALFASTENER('1aXhFwOt1FzO7jcK0flvx0',#179,'Bolt assembly',$,$,#286,#281,'ID6486b3fa-6370-4ff5-81ed-994029bf9ec0',15.,6.);
#288= IFCCARTESIANPOINT((7.5,-6.00000000060234,0.));
#289= IFCCARTESIANPOINT((6.49519052838316,-6.00000000060234,3.75000000000022));
#290= IFCCARTESIANPOINT((3.74999999999955,-6.00000000060234,6.49519052838355));
#291= IFCCARTESIANPOINT((-7.77251986200242E-13,-6.00000000060234,7.5));
#292= IFCCARTESIANPOINT((-3.7500000000009,-6.00000000060234,6.49519052838277));
#293= IFCCARTESIANPOINT((-6.49519052838394,-6.00000000060234,3.74999999999888));
#294= IFCCARTESIANPOINT((-7.5,-6.00000000060234,-1.55450397240048E-12));
#295= IFCCARTESIANPOINT((-6.49519052838238,-6.00000000060234,-3.75000000000157));
#296= IFCCARTESIANPOINT((-3.74999999999821,-6.00000000060234,-6.49519052838432));
#297= IFCCARTESIANPOINT((2.32342928591604E-12,-6.00000000060234,-7.5));
#298= IFCCARTESIANPOINT((3.75000000000224,-6.00000000060234,-6.495190528382));
#299= IFCCARTESIANPOINT((6.49519052838471,-6.00000000060234,-3.74999999999753));
#300= IFCCARTESIANPOINT((7.5,6.09999999963637,0.));
#301= IFCCARTESIANPOINT((6.49519052838316,6.09999999963637,3.75000000000022));
#302= IFCCARTESIANPOINT((3.74999999999955,6.09999999963637,6.49519052838355));
#303= IFCCARTESIANPOINT((-7.77251986200242E-13,6.09999999963637,7.5));
#304= IFCCARTESIANPOINT((-3.7500000000009,6.09999999963637,6.49519052838277));
#305= IFCCARTESIANPOINT((-6.49519052838394,6.09999999963637,3.74999999999888));
#306= IFCCARTESIANPOINT((-7.5,6.09999999963637,-1.55450397240048E-12));
#307= IFCCARTESIANPOINT((-6.49519052838238,6.09999999963637,-3.75000000000157));
#308= IFCCARTESIANPOINT((-3.74999999999821,6.09999999963637,-6.49519052838432));
#309= IFCCARTESIANPOINT((2.32342928591604E-12,6.09999999963637,-7.5));
#310= IFCCARTESIANPOINT((3.75000000000224,6.09999999963637,-6.495190528382));
#311= IFCCARTESIANPOINT((6.49519052838471,6.09999999963637,-3.74999999999753));
#312= IFCPOLYLOOP((#288,#289,#290,#291,#292,#293,#294,#295,#296,#297,#298,#299));
#313= IFCFACEOUTERBOUND(#312,.T.);
#314= IFCFACE((#313));
#315= IFCPOLYLOOP((#311,#310,#309,#308,#307,#306,#305,#304,#303,#302,#301,#300));
#316= IFCFACEOUTERBOUND(#315,.T.);
#317= IFCFACE((#316));
#318= IFCPOLYLOOP((#288,#300,#301,#289));
#319= IFCFACEOUTERBOUND(#318,.T.);
#320= IFCFACE((#319));
#321= IFCPOLYLOOP((#289,#301,#302,#290));
#322= IFCFACEOUTERBOUND(#321,.T.);
#323= IFCFACE((#322));
#324= IFCPOLYLOOP((#290,#302,#303,#291));
#325= IFCFACEOUTERBOUND(#324,.T.);
#326= IFCFACE((#325));
#327= IFCPOLYLOOP((#291,#303,#304,#292));
#328= IFCFACEOUTERBOUND(#327,.T.);
#329= IFCFACE((#328));
#330= IFCPOLYLOOP((#292,#304,#305,#293));
#331= IFCFACEOUTERBOUND(#330,.T.);
#332= IFCFACE((#331));
#333= IFCPOLYLOOP((#293,#305,#306,#294));
#334= IFCFACEOUTERBOUND(#333,.T.);
#335= IFCFACE((#334));
#336= IFCPOLYLOOP((#294,#306,#307,#295));
#337= IFCFACEOUTERBOUND(#336,.T.);
#338= IFCFACE((#337));
#339= IFCPOLYLOOP((#295,#307,#308,#296));
#340= IFCFACEOUTERBOUND(#339,.T.);
#341= IFCFACE((#340));
#342= IFCPOLYLOOP((#296,#308,#309,#297));
#343= IFCFACEOUTERBOUND(#342,.T.);
#344= IFCFACE((#343));
#345= IFCPOLYLOOP((#297,#309,#310,#298));
#346= IFCFACEOUTERBOUND(#345,.T.);
#347= IFCFACE((#346));
#348= IFCPOLYLOOP((#298,#310,#311,#299));
#349= IFCFACEOUTERBOUND(#348,.T.);
#350= IFCFACE((#349));
#351= IFCPOLYLOOP((#299,#311,#300,#288));
#352= IFCFACEOUTERBOUND(#351,.T.);
#353= IFCFACE((#352));
#354= IFCCLOSEDSHELL((#314,#317,#320,#323,#326,#329,#332,#335,#338,#341,#344,#347,#350,#353));
#355= IFCFACETEDBREP(#354);
#356= IFCSTYLEDITEM(#355,(#119),$);
#357= IFCSHAPEREPRESENTATION(#12,'Body','Brep',(#355));
#358= IFCREPRESENTATIONMAP(#10,#357);
#359= IFCMAPPEDITEM(#358,#122);
#360= IFCSHAPEREPRESENTATION(#12,'Body','MappedRepresentation',(#359));
#361= IFCPRODUCTDEFINITIONSHAPE($,$,(#360));
#362= IFCCARTESIANPOINT((55178.7769787881,-6670.50040708915,16827.5007692249));
#363= IFCAXIS2PLACEMENT3D(#362,#266,#267);
#364= IFCLOCALPLACEMENT(#42,#363);
#365= IFCMECHANICALFASTENER('1TYK8KBAb6T9HxmBUvY5_x',#44,'Bolt assembly',$,$,#364,#361,'ID5d894214-2ca9-4674-947b-c0b7b9885fbb',15.,12.);
#366= IFCPROPERTYSINGLEVALUE('Bolt length',$,IFCLENGTHMEASURE(12.),$);
#367= IFCPROPERTYSET('2oaGz7lJj4eBScx3W79yVh',#5,'Tekla Bolt','Bolt Properties',(#135,#136,#137,#138,#139,#140,#141,#142,#143,#144,#145,#146,#147,#366,#149,#150));
#368= IFCMAPPEDITEM(#358,#122);
#369= IFCSHAPEREPRESENTATION(#12,'Body','MappedRepresentation',(#368));
#370= IFCPRODUCTDEFINITIONSHAPE($,$,(#369));
#371= IFCCARTESIANPOINT((55178.7769787881,-6670.50040708915,16682.5007692249));
#372= IFCAXIS2PLACEMENT3D(#371,#255,#256);
#373= IFCLOCALPLACEMENT(#42,#372);
#374= IFCMECHANICALFASTENER('1K6UVsGe1B2PxW27p1rnlg',#44,'Bolt assembly',$,$,#373,#370,'ID5419e7f6-4280-4b09-9ee0-087cc1d71bea',15.,12.);
#375= IFCMAPPEDITEM(#358,#122);
#376= IFCSHAPEREPRESENTATION(#12,'Body','MappedRepresentation',(#375));
#377= IFCPRODUCTDEFINITIONSHAPE($,$,(#376));
#378= IFCCARTESIANPOINT((55178.7772259931,-6425.50040708938,16682.5007692249));
#379= IFCAXIS2PLACEMENT3D(#378,#266,#284);
#380= IFCLOCALPLACEMENT(#42,#379);
#381= IFCMECHANICALFASTENER('2GcEYdmyL6gugtIow79Qu_',#44,'Bolt assembly',$,$,#380,#377,'ID9098e8a7-c3c5-46ab-8ab7-4b2e8725ae3e',15.,12.);
#382= IFCMAPPEDITEM(#358,#122);
#383= IFCSHAPEREPRESENTATION(#12,'Body','MappedRepresentation',(#382));
#384= IFCPRODUCTDEFINITIONSHAPE($,$,(#383));
#385= IFCCARTESIANPOINT((55178.7772259931,-6425.50040708938,16827.5007692249));
#386= IFCDIRECTION((5.13999999384396E-07,0.509320893900687,-0.860576682833053));
#387= IFCAXIS2PLACEMENT3D(#385,#386,#275);
#388= IFCLOCALPLACEMENT(#42,#387);
#389= IFCMECHANICALFASTENER('0E6CpueV9AGuTKQ61XYrVE',#44,'Bolt assembly',$,$,#388,#384,'ID0e18ccf8-a1f2-4a43-8754-6860618b57ce',15.,12.);
#390= IFCOWNERHISTORY(#3,#4,$,.NOCHANGE.,$,$,$,1770796800);
#391= IFCSURFACESTYLE('Undefined',.POSITIVE.,(#46));
#392= IFCPRESENTATIONSTYLEASSIGNMENT((#391));
#393= IFCCARTESIANPOINT((14.,28.5,0.));
#394= IFCCARTESIANPOINT((12.1243556529819,28.5,7.00000000000042));
#395= IFCCARTESIANPOINT((6.99999999999916,28.5,12.1243556529826));
#396= IFCCARTESIANPOINT((-1.45087037424045E-12,28.5,14.));
#397= IFCCARTESIANPOINT((-7.00000000000167,28.5,12.1243556529812));
#398= IFCCARTESIANPOINT((-12.1243556529833,28.5,6.99999999999791));
#399= IFCCARTESIANPOINT((-14.,28.5,-2.9017407484809E-12));
#400= IFCCARTESIANPOINT((-12.1243556529805,28.5,-7.00000000000293));
#401= IFCCARTESIANPOINT((-6.99999999999666,28.5,-12.1243556529841));
#402= IFCCARTESIANPOINT((4.3370680003766E-12,28.5,-14.));
#403= IFCCARTESIANPOINT((7.00000000000418,28.5,-12.1243556529797));
#404= IFCCARTESIANPOINT((12.1243556529848,28.5,-6.9999999999954));
#405= IFCCARTESIANPOINT((14.,50.6,0.));
#406= IFCCARTESIANPOINT((12.1243556529819,50.6,7.00000000000042));
#407= IFCCARTESIANPOINT((6.99999999999916,50.6,12.1243556529826));
#408= IFCCARTESIANPOINT((-1.45087037424045E-12,50.6,14.));
#409= IFCCARTESIANPOINT((-7.00000000000167,50.6,12.1243556529812));
#410= IFCCARTESIANPOINT((-12.1243556529833,50.6,6.99999999999791));
#411= IFCCARTESIANPOINT((-14.,50.6,-2.9017407484809E-12));
#412= IFCCARTESIANPOINT((-12.1243556529805,50.6,-7.00000000000293));
#413= IFCCARTESIANPOINT((-6.99999999999666,50.6,-12.1243556529841));
#414= IFCCARTESIANPOINT((4.3370680003766E-12,50.6,-14.));
#415= IFCCARTESIANPOINT((7.00000000000418,50.6,-12.1243556529797));
#416= IFCCARTESIANPOINT((12.1243556529848,50.6,-6.9999999999954));
#417= IFCPOLYLOOP((#393,#394,#395,#396,#397,#398,#399,#400,#401,#402,#403,#404));
#418= IFCFACEOUTERBOUND(#417,.T.);
#419= IFCFACE((#418));
#420= IFCPOLYLOOP((#416,#415,#414,#413,#412,#411,#410,#409,#408,#407,#406,#405));
#421= IFCFACEOUTERBOUND(#420,.T.);
#422= IFCFACE((#421));
#423= IFCPOLYLOOP((#393,#405,#406,#394));
#424= IFCFACEOUTERBOUND(#423,.T.);
#425= IFCFACE((#424));
#426= IFCPOLYLOOP((#394,#406,#407,#395));
#427= IFCFACEOUTERBOUND(#426,.T.);
#428= IFCFACE((#427));
#429= IFCPOLYLOOP((#395,#407,#408,#396));
#430= IFCFACEOUTERBOUND(#429,.T.);
#431= IFCFACE((#430));
#432= IFCPOLYLOOP((#396,#408,#409,#397));
#433= IFCFACEOUTERBOUND(#432,.T.);
#434= IFCFACE((#433));
#435= IFCPOLYLOOP((#397,#409,#410,#398));
#436= IFCFACEOUTERBOUND(#435,.T.);
#437= IFCFACE((#436));
#438= IFCPOLYLOOP((#398,#410,#411,#399));
#439= IFCFACEOUTERBOUND(#438,.T.);
#440= IFCFACE((#439));
#441= IFCPOLYLOOP((#399,#411,#412,#400));
#442= IFCFACEOUTERBOUND(#441,.T.);
#443= IFCFACE((#442));
#444= IFCPOLYLOOP((#400,#412,#413,#401));
#445= IFCFACEOUTERBOUND(#444,.T.);
#446= IFCFACE((#445));
#447= IFCPOLYLOOP((#401,#413,#414,#402));
#448= IFCFACEOUTERBOUND(#447,.T.);
#449= IFCFACE((#448));
#450= IFCPOLYLOOP((#402,#414,#415,#403));
#451= IFCFACEOUTERBOUND(#450,.T.);
#452= IFCFACE((#451));
#453= IFCPOLYLOOP((#403,#415,#416,#404));
#454= IFCFACEOUTERBOUND(#453,.T.);
#455= IFCFACE((#454));
#456= IFCPOLYLOOP((#404,#416,#405,#393));
#457= IFCFACEOUTERBOUND(#456,.T.);
#458= IFCFACE((#457));
#459= IFCCLOSEDSHELL((#419,#422,#425,#428,#431,#434,#437,#440,#443,#446,#449,#452,#455,#458));
#460= IFCFACETEDBREP(#459);
#461= IFCSTYLEDITEM(#460,(#119),$);
#462= IFCSHAPEREPRESENTATION(#12,'Body','Brep',(#460));
#463= IFCREPRESENTATIONMAP(#10,#462);
#464= IFCMAPPEDITEM(#463,#122);
#465= IFCSHAPEREPRESENTATION(#12,'Body','MappedRepresentation',(#464));
#466= IFCPRODUCTDEFINITIONSHAPE($,$,(#465));
#467= IFCCARTESIANPOINT((54099.2825955528,-6548.00096664199,19359.9997011097));
#468= IFCDIRECTION((0.,0.,-1.));
#469= IFCDIRECTION((0.,-1.,0.));
#470= IFCAXIS2PLACEMENT3D(#467,#468,#469);
#471= IFCLOCALPLACEMENT(#42,#470);
#472= IFCMECHANICALFASTENER('0ZBqlyn5TEj8NbwYmVk5pS',#390,'Bolt assembly',$,$,#471,#466,'ID232f4bfc-c457-4eb4-85e5-ea2c1fb85cdc',26.,22.);
#473= IFCPROPERTYSINGLEVALUE('Washer diameter',$,IFCLENGTHMEASURE(26.),$);
#474= IFCPROPERTYSINGLEVALUE('Washer type',$,IFCLABEL('PLAIN'),$);
#475= IFCPROPERTYSINGLEVALUE('Nut type',$,IFCLABEL('HEAVY_HEX'),$);
#476= IFCPROPERTYSINGLEVALUE('Bolt hole diameter',$,IFCLENGTHMEASURE(28.),$);
#477= IFCPROPERTYSINGLEVALUE('Bolt size',$,IFCLENGTHMEASURE(28.),$);
#478= IFCPROPERTYSINGLEVALUE('Bolt length',$,IFCLENGTHMEASURE(22.),$);
#479= IFCPROPERTYSINGLEVALUE('Bolt standard',$,IFCLABEL(''),$);
#480= IFCPROPERTYSET('1qbhfFSk15IRuK8PKYJBGI',#5,'Tekla Bolt','Bolt Properties',(#135,#473,#474,#138,#139,#475,#141,#142,#143,#476,#145,#146,#477,#478,#479,#150));
#481= IFCMATERIAL('Undefined');
#482= IFCSURFACESTYLE('TS10.9',.POSITIVE.,(#46));
#483= IFCPRESENTATIONSTYLEASSIGNMENT((#482));
#484= IFCCARTESIANPOINT((13.,-39.9054931631241,0.));
#485= IFCCARTESIANPOINT((11.2583302491975,-39.9054931631241,6.50000000000039));
#486= IFCCARTESIANPOINT((6.49999999999922,-39.9054931631241,11.2583302491982));
#487= IFCCARTESIANPOINT((-1.34723677608042E-12,-39.9054931631241,13.));
#488= IFCCARTESIANPOINT((-6.50000000000155,-39.9054931631241,11.2583302491968));
#489= IFCCARTESIANPOINT((-11.2583302491988,-39.9054931631241,6.49999999999806));
#490= IFCCARTESIANPOINT((-13.,-39.9054931631241,-2.69447355216084E-12));
#491= IFCCARTESIANPOINT((-11.2583302491961,-39.9054931631241,-6.50000000000272));
#492= IFCCARTESIANPOINT((-6.4999999999969,-39.9054931631241,-11.2583302491995));
#493= IFCCARTESIANPOINT((4.02727742892113E-12,-39.9054931631241,-13.));
#494= IFCCARTESIANPOINT((6.50000000000388,-39.9054931631241,-11.2583302491955));
#495= IFCCARTESIANPOINT((11.2583302492002,-39.9054931631241,-6.49999999999573));
#496= IFCCARTESIANPOINT((13.,-19.9054931631037,0.));
#497= IFCCARTESIANPOINT((11.2583302491975,-19.9054931631037,6.50000000000039));
#498= IFCCARTESIANPOINT((6.49999999999922,-19.9054931631037,11.2583302491982));
#499= IFCCARTESIANPOINT((-1.34723677608042E-12,-19.9054931631037,13.));
#500= IFCCARTESIANPOINT((-6.50000000000155,-19.9054931631037,11.2583302491968));
#501= IFCCARTESIANPOINT((-11.2583302491988,-19.9054931631037,6.49999999999806));
#502= IFCCARTESIANPOINT((-13.,-19.9054931631037,-2.69447355216084E-12));
#503= IFCCARTESIANPOINT((-11.2583302491961,-19.9054931631037,-6.50000000000272));
#504= IFCCARTESIANPOINT((-6.4999999999969,-19.9054931631037,-11.2583302491995));
#505= IFCCARTESIANPOINT((4.02727742892113E-12,-19.9054931631037,-13.));
#506= IFCCARTESIANPOINT((6.50000000000388,-19.9054931631037,-11.2583302491955));
#507= IFCCARTESIANPOINT((11.2583302492002,-19.9054931631037,-6.49999999999573));
#508= IFCPOLYLOOP((#484,#485,#486,#487,#488,#489,#490,#491,#492,#493,#494,#495));
#509= IFCFACEOUTERBOUND(#508,.T.);
#510= IFCFACE((#509));
#511= IFCPOLYLOOP((#507,#506,#505,#504,#503,#502,#501,#500,#499,#498,#497,#496));
#512= IFCFACEOUTERBOUND(#511,.T.);
#513= IFCFACE((#512));
#514= IFCPOLYLOOP((#484,#496,#497,#485));
#515= IFCFACEOUTERBOUND(#514,.T.);
#516= IFCFACE((#515));
#517= IFCPOLYLOOP((#485,#497,#498,#486));
#518= IFCFACEOUTERBOUND(#517,.T.);
#519= IFCFACE((#518));
#520= IFCPOLYLOOP((#486,#498,#499,#487));
#521= IFCFACEOUTERBOUND(#520,.T.);
#522= IFCFACE((#521));
#523= IFCPOLYLOOP((#487,#499,#500,#488));
#524= IFCFACEOUTERBOUND(#523,.T.);
#525= IFCFACE((#524));
#526= IFCPOLYLOOP((#488,#500,#501,#489));
#527= IFCFACEOUTERBOUND(#526,.T.);
#528= IFCFACE((#527));
#529= IFCPOLYLOOP((#489,#501,#502,#490));
#530= IFCFACEOUTERBOUND(#529,.T.);
#531= IFCFACE((#530));
#532= IFCPOLYLOOP((#490,#502,#503,#491));
#533= IFCFACEOUTERBOUND(#532,.T.);
#534= IFCFACE((#533));
#535= IFCPOLYLOOP((#491,#503,#504,#492));
#536= IFCFACEOUTERBOUND(#535,.T.);
#537= IFCFACE((#536));
#538= IFCPOLYLOOP((#492,#504,#505,#493));
#539= IFCFACEOUTERBOUND(#538,.T.);
#540= IFCFACE((#539));
#541= IFCPOLYLOOP((#493,#505,#506,#494));
#542= IFCFACEOUTERBOUND(#541,.T.);
#543= IFCFACE((#542));
#544= IFCPOLYLOOP((#494,#506,#507,#495));
#545= IFCFACEOUTERBOUND(#544,.T.);
#546= IFCFACE((#545));
#547= IFCPOLYLOOP((#495,#507,#496,#484));
#548= IFCFACEOUTERBOUND(#547,.T.);
#549= IFCFACE((#548));
#550= IFCCARTESIANPOINT((13.,-20.0999999990689,0.));
#551= IFCCARTESIANPOINT((11.2583302491975,-20.0999999990689,6.50000000000039));
#552= IFCCARTESIANPOINT((6.49999999999922,-20.0999999990689,11.2583302491982));
#553= IFCCARTESIANPOINT((-1.34723677608042E-12,-20.0999999990689,13.));
#554= IFCCARTESIANPOINT((-6.50000000000155,-20.0999999990689,11.2583302491968));
#555= IFCCARTESIANPOINT((-11.2583302491988,-20.0999999990689,6.49999999999806));
#556= IFCCARTESIANPOINT((-13.,-20.0999999990689,-2.69447355216084E-12));
#557= IFCCARTESIANPOINT((-11.2583302491961,-20.0999999990689,-6.50000000000272));
#558= IFCCARTESIANPOINT((-6.4999999999969,-20.0999999990689,-11.2583302491995));
#559= IFCCARTESIANPOINT((4.02727742892113E-12,-20.0999999990689,-13.));
#560= IFCCARTESIANPOINT((6.50000000000388,-20.0999999990689,-11.2583302491955));
#561= IFCCARTESIANPOINT((11.2583302492002,-20.0999999990689,-6.49999999999573));
#562= IFCCARTESIANPOINT((13.,9.51501988311065E-10,0.));
#563= IFCCARTESIANPOINT((11.2583302491975,9.51501988311065E-10,6.50000000000039));
#564= IFCCARTESIANPOINT((6.49999999999922,9.51501988311065E-10,11.2583302491982));
#565= IFCCARTESIANPOINT((-1.34723677608042E-12,9.51501988311065E-10,13.));
#566= IFCCARTESIANPOINT((-6.50000000000155,9.51501988311065E-10,11.2583302491968));
#567= IFCCARTESIANPOINT((-11.2583302491988,9.51501988311065E-10,6.49999999999806));
#568= IFCCARTESIANPOINT((-13.,9.51501988311065E-10,-2.69447355216084E-12));
#569= IFCCARTESIANPOINT((-11.2583302491961,9.51501988311065E-10,-6.50000000000272));
#570= IFCCARTESIANPOINT((-6.4999999999969,9.51501988311065E-10,-11.2583302491995));
#571= IFCCARTESIANPOINT((4.02727742892113E-12,9.51501988311065E-10,-13.));
#572= IFCCARTESIANPOINT((6.50000000000388,9.51501988311065E-10,-11.2583302491955));
#573= IFCCARTESIANPOINT((11.2583302492002,9.51501988311065E-10,-6.49999999999573));
#574= IFCPOLYLOOP((#550,#551,#552,#553,#554,#555,#556,#557,#558,#559,#560,#561));
#575= IFCFACEOUTERBOUND(#574,.T.);
#576= IFCFACE((#575));
#577= IFCPOLYLOOP((#573,#572,#571,#570,#569,#568,#567,#566,#565,#564,#563,#562));
#578= IFCFACEOUTERBOUND(#577,.T.);
#579= IFCFACE((#578));
#580= IFCPOLYLOOP((#550,#562,#563,#551));
#581= IFCFACEOUTERBOUND(#580,.T.);
#582= IFCFACE((#581));
#583= IFCPOLYLOOP((#551,#563,#564,#552));
#584= IFCFACEOUTERBOUND(#583,.T.);
#585= IFCFACE((#584));
#586= IFCPOLYLOOP((#552,#564,#565,#553));
#587= IFCFACEOUTERBOUND(#586,.T.);
#588= IFCFACE((#587));
#589= IFCPOLYLOOP((#553,#565,#566,#554));
#590= IFCFACEOUTERBOUND(#589,.T.);
#591= IFCFACE((#590));
#592= IFCPOLYLOOP((#554,#566,#567,#555));
#593= IFCFACEOUTERBOUND(#592,.T.);
#594= IFCFACE((#593));
#595= IFCPOLYLOOP((#555,#567,#568,#556));
#596= IFCFACEOUTERBOUND(#595,.T.);
#597= IFCFACE((#596));
#598= IFCPOLYLOOP((#556,#568,#569,#557));
#599= IFCFACEOUTERBOUND(#598,.T.);
#600= IFCFACE((#599));
#601= IFCPOLYLOOP((#557,#569,#570,#558));
#602= IFCFACEOUTERBOUND(#601,.T.);
#603= IFCFACE((#602));
#604= IFCPOLYLOOP((#558,#570,#571,#559));
#605= IFCFACEOUTERBOUND(#604,.T.);
#606= IFCFACE((#605));
#607= IFCPOLYLOOP((#559,#571,#572,#560));
#608= IFCFACEOUTERBOUND(#607,.T.);
#609= IFCFACE((#608));
#610= IFCPOLYLOOP((#560,#572,#573,#561));
#611= IFCFACEOUTERBOUND(#610,.T.);
#612= IFCFACE((#611));
#613= IFCPOLYLOOP((#561,#573,#562,#550));
#614= IFCFACEOUTERBOUND(#613,.T.);
#615= IFCFACE((#614));
#616= IFCCARTESIANPOINT((20.7846096908265,-63.7654931631241,0.));
#617= IFCCARTESIANPOINT((10.3923048454133,-63.7654931631241,18.));
#618= IFCCARTESIANPOINT((-10.3923048454133,-63.7654931631241,18.));
#619= IFCCARTESIANPOINT((-20.7846096908265,-63.7654931631241,2.54538057293978E-15));
#620= IFCCARTESIANPOINT((-10.3923048454133,-63.7654931631241,-18.));
#621= IFCCARTESIANPOINT((10.3923048454132,-63.7654931631241,-18.));
#622= IFCCARTESIANPOINT((20.7846096908265,-47.9254931631241,0.));
#623= IFCCARTESIANPOINT((10.3923048454133,-47.9254931631241,18.));
#624= IFCCARTESIANPOINT((-10.3923048454133,-47.9254931631241,18.));
#625= IFCCARTESIANPOINT((-20.7846096908265,-47.9254931631241,2.54538057293978E-15));
#626= IFCCARTESIANPOINT((-10.3923048454133,-47.9254931631241,-18.));
#627= IFCCARTESIANPOINT((10.3923048454132,-47.9254931631241,-18.));
#628= IFCPOLYLOOP((#616,#617,#618,#619,#620,#621));
#629= IFCFACEOUTERBOUND(#628,.T.);
#630= IFCFACE((#629));
#631= IFCPOLYLOOP((#627,#626,#625,#624,#623,#622));
#632= IFCFACEOUTERBOUND(#631,.T.);
#633= IFCFACE((#632));
#634= IFCPOLYLOOP((#616,#622,#623,#617));
#635= IFCFACEOUTERBOUND(#634,.T.);
#636= IFCFACE((#635));
#637= IFCPOLYLOOP((#617,#623,#624,#618));
#638= IFCFACEOUTERBOUND(#637,.T.);
#639= IFCFACE((#638));
#640= IFCPOLYLOOP((#618,#624,#625,#619));
#641= IFCFACEOUTERBOUND(#640,.T.);
#642= IFCFACE((#641));
#643= IFCPOLYLOOP((#619,#625,#626,#620));
#644= IFCFACEOUTERBOUND(#643,.T.);
#645= IFCFACE((#644));
#646= IFCPOLYLOOP((#620,#626,#627,#621));
#647= IFCFACEOUTERBOUND(#646,.T.);
#648= IFCFACE((#647));
#649= IFCPOLYLOOP((#621,#627,#622,#616));
#650= IFCFACEOUTERBOUND(#649,.T.);
#651= IFCFACE((#650));
#652= IFCCARTESIANPOINT((12.,-47.9254931631241,0.));
#653= IFCCARTESIANPOINT((10.3923048454131,-47.9254931631241,6.00000000000036));
#654= IFCCARTESIANPOINT((5.99999999999928,-47.9254931631241,10.3923048454137));
#655= IFCCARTESIANPOINT((-1.24360317792039E-12,-47.9254931631241,12.));
#656= IFCCARTESIANPOINT((-6.00000000000143,-47.9254931631241,10.3923048454124));
#657= IFCCARTESIANPOINT((-10.3923048454143,-47.9254931631241,5.99999999999821));
#658= IFCCARTESIANPOINT((-12.,-47.9254931631241,-2.48720635584077E-12));
#659= IFCCARTESIANPOINT((-10.3923048454118,-47.9254931631241,-6.00000000000251));
#660= IFCCARTESIANPOINT((-5.99999999999713,-47.9254931631241,-10.3923048454149));
#661= IFCCARTESIANPOINT((3.71748685746566E-12,-47.9254931631241,-12.));
#662= IFCCARTESIANPOINT((6.00000000000358,-47.9254931631241,-10.3923048454112));
#663= IFCCARTESIANPOINT((10.3923048454155,-47.9254931631241,-5.99999999999605));
#664= IFCCARTESIANPOINT((12.,37.0745068368759,0.));
#665= IFCCARTESIANPOINT((10.3923048454131,37.0745068368759,6.00000000000036));
#666= IFCCARTESIANPOINT((5.99999999999928,37.0745068368759,10.3923048454137));
#667= IFCCARTESIANPOINT((-1.24360317792039E-12,37.0745068368759,12.));
#668= IFCCARTESIANPOINT((-6.00000000000143,37.0745068368759,10.3923048454124));
#669= IFCCARTESIANPOINT((-10.3923048454143,37.0745068368759,5.99999999999821));
#670= IFCCARTESIANPOINT((-12.,37.0745068368759,-2.48720635584077E-12));
#671= IFCCARTESIANPOINT((-10.3923048454118,37.0745068368759,-6.00000000000251));
#672= IFCCARTESIANPOINT((-5.99999999999713,37.0745068368759,-10.3923048454149));
#673= IFCCARTESIANPOINT((3.71748685746566E-12,37.0745068368759,-12.));
#674= IFCCARTESIANPOINT((6.00000000000358,37.0745068368759,-10.3923048454112));
#675= IFCCARTESIANPOINT((10.3923048454155,37.0745068368759,-5.99999999999605));
#676= IFCPOLYLOOP((#652,#653,#654,#655,#656,#657,#658,#659,#660,#661,#662,#663));
#677= IFCFACEOUTERBOUND(#676,.T.);
#678= IFCFACE((#677));
#679= IFCPOLYLOOP((#675,#674,#673,#672,#671,#670,#669,#668,#667,#666,#665,#664));
#680= IFCFACEOUTERBOUND(#679,.T.);
#681= IFCFACE((#680));
#682= IFCPOLYLOOP((#652,#664,#665,#653));
#683= IFCFACEOUTERBOUND(#682,.T.);
#684= IFCFACE((#683));
#685= IFCPOLYLOOP((#653,#665,#666,#654));
#686= IFCFACEOUTERBOUND(#685,.T.);
#687= IFCFACE((#686));
#688= IFCPOLYLOOP((#654,#666,#667,#655));
#689= IFCFACEOUTERBOUND(#688,.T.);
#690= IFCFACE((#689));
#691= IFCPOLYLOOP((#655,#667,#668,#656));
#692= IFCFACEOUTERBOUND(#691,.T.);
#693= IFCFACE((#692));
#694= IFCPOLYLOOP((#656,#668,#669,#657));
#695= IFCFACEOUTERBOUND(#694,.T.);
#696= IFCFACE((#695));
#697= IFCPOLYLOOP((#657,#669,#670,#658));
#698= IFCFACEOUTERBOUND(#697,.T.);
#699= IFCFACE((#698));
#700= IFCPOLYLOOP((#658,#670,#671,#659));
#701= IFCFACEOUTERBOUND(#700,.T.);
#702= IFCFACE((#701));
#703= IFCPOLYLOOP((#659,#671,#672,#660));
#704= IFCFACEOUTERBOUND(#703,.T.);
#705= IFCFACE((#704));
#706= IFCPOLYLOOP((#660,#672,#673,#661));
#707= IFCFACEOUTERBOUND(#706,.T.);
#708= IFCFACE((#707));
#709= IFCPOLYLOOP((#661,#673,#674,#662));
#710= IFCFACEOUTERBOUND(#709,.T.);
#711= IFCFACE((#710));
#712= IFCPOLYLOOP((#662,#674,#675,#663));
#713= IFCFACEOUTERBOUND(#712,.T.);
#714= IFCFACE((#713));
#715= IFCPOLYLOOP((#663,#675,#664,#652));
#716= IFCFACEOUTERBOUND(#715,.T.);
#717= IFCFACE((#716));
#718= IFCCARTESIANPOINT((21.6,-47.9254931631241,0.));
#719= IFCCARTESIANPOINT((18.7061487217435,-47.9254931631241,10.8000000000006));
#720= IFCCARTESIANPOINT((10.7999999999987,-47.9254931631241,18.7061487217446));
#721= IFCCARTESIANPOINT((-2.2384857202567E-12,-47.9254931631241,21.6));
#722= IFCCARTESIANPOINT((-10.8000000000026,-47.9254931631241,18.7061487217424));
#723= IFCCARTESIANPOINT((-18.7061487217457,-47.9254931631241,10.7999999999968));
#724= IFCCARTESIANPOINT((-21.6,-47.9254931631241,-4.47697144051339E-12));
#725= IFCCARTESIANPOINT((-18.7061487217413,-47.9254931631241,-10.8000000000045));
#726= IFCCARTESIANPOINT((-10.7999999999948,-47.9254931631241,-18.7061487217469));
#727= IFCCARTESIANPOINT((6.69147634343819E-12,-47.9254931631241,-21.6));
#728= IFCCARTESIANPOINT((10.8000000000064,-47.9254931631241,-18.7061487217402));
#729= IFCCARTESIANPOINT((18.706148721748,-47.9254931631241,-10.7999999999929));
#730= IFCCARTESIANPOINT((21.6,-40.0054931631241,0.));
#731= IFCCARTESIANPOINT((18.7061487217435,-40.0054931631241,10.8000000000006));
#732= IFCCARTESIANPOINT((10.7999999999987,-40.0054931631241,18.7061487217446));
#733= IFCCARTESIANPOINT((-2.2384857202567E-12,-40.0054931631241,21.6));
#734= IFCCARTESIANPOINT((-10.8000000000026,-40.0054931631241,18.7061487217424));
#735= IFCCARTESIANPOINT((-18.7061487217457,-40.0054931631241,10.7999999999968));
#736= IFCCARTESIANPOINT((-21.6,-40.0054931631241,-4.47697144051339E-12));
#737= IFCCARTESIANPOINT((-18.7061487217413,-40.0054931631241,-10.8000000000045));
#738= IFCCARTESIANPOINT((-10.7999999999948,-40.0054931631241,-18.7061487217469));
#739= IFCCARTESIANPOINT((6.69147634343819E-12,-40.0054931631241,-21.6));
#740= IFCCARTESIANPOINT((10.8000000000064,-40.0054931631241,-18.7061487217402));
#741= IFCCARTESIANPOINT((18.706148721748,-40.0054931631241,-10.7999999999929));
#742= IFCPOLYLOOP((#718,#719,#720,#721,#722,#723,#724,#725,#726,#727,#728,#729));
#743= IFCFACEOUTERBOUND(#742,.T.);
#744= IFCFACE((#743));
#745= IFCPOLYLOOP((#741,#740,#739,#738,#737,#736,#735,#734,#733,#732,#731,#730));
#746= IFCFACEOUTERBOUND(#745,.T.);
#747= IFCFACE((#746));
#748= IFCPOLYLOOP((#718,#730,#731,#719));
#749= IFCFACEOUTERBOUND(#748,.T.);
#750= IFCFACE((#749));
#751= IFCPOLYLOOP((#719,#731,#732,#720));
#752= IFCFACEOUTERBOUND(#751,.T.);
#753= IFCFACE((#752));
#754= IFCPOLYLOOP((#720,#732,#733,#721));
#755= IFCFACEOUTERBOUND(#754,.T.);
#756= IFCFACE((#755));
#757= IFCPOLYLOOP((#721,#733,#734,#722));
#758= IFCFACEOUTERBOUND(#757,.T.);
#759= IFCFACE((#758));
#760= IFCPOLYLOOP((#722,#734,#735,#723));
#761= IFCFACEOUTERBOUND(#760,.T.);
#762= IFCFACE((#761));
#763= IFCPOLYLOOP((#723,#735,#736,#724));
#764= IFCFACEOUTERBOUND(#763,.T.);
#765= IFCFACE((#764));
#766= IFCPOLYLOOP((#724,#736,#737,#725));
#767= IFCFACEOUTERBOUND(#766,.T.);
#768= IFCFACE((#767));
#769= IFCPOLYLOOP((#725,#737,#738,#726));
#770= IFCFACEOUTERBOUND(#769,.T.);
#771= IFCFACE((#770));
#772= IFCPOLYLOOP((#726,#738,#739,#727));
#773= IFCFACEOUTERBOUND(#772,.T.);
#774= IFCFACE((#773));
#775= IFCPOLYLOOP((#727,#739,#740,#728));
#776= IFCFACEOUTERBOUND(#775,.T.);
#777= IFCFACE((#776));
#778= IFCPOLYLOOP((#728,#740,#741,#729));
#779= IFCFACEOUTERBOUND(#778,.T.);
#780= IFCFACE((#779));
#781= IFCPOLYLOOP((#729,#741,#730,#718));
#782= IFCFACEOUTERBOUND(#781,.T.);
#783= IFCFACE((#782));
#784= IFCCARTESIANPOINT((21.6,9.51501988311065E-10,0.));
#785= IFCCARTESIANPOINT((18.7061487217435,9.51501988311065E-10,10.8000000000006));
#786= IFCCARTESIANPOINT((10.7999999999987,9.51501988311065E-10,18.7061487217446));
#787= IFCCARTESIANPOINT((-2.2384857202567E-12,9.51501988311065E-10,21.6));
#788= IFCCARTESIANPOINT((-10.8000000000026,9.51501988311065E-10,18.7061487217424));
#789= IFCCARTESIANPOINT((-18.7061487217457,9.51501988311065E-10,10.7999999999968));
#790= IFCCARTESIANPOINT((-21.6,9.51501988311065E-10,-4.47697144051339E-12));
#791= IFCCARTESIANPOINT((-18.7061487217413,9.51501988311065E-10,-10.8000000000045));
#792= IFCCARTESIANPOINT((-10.7999999999948,9.51501988311065E-10,-18.7061487217469));
#793= IFCCARTESIANPOINT((6.69147634343819E-12,9.51501988311065E-10,-21.6));
#794= IFCCARTESIANPOINT((10.8000000000064,9.51501988311065E-10,-18.7061487217402));
#795= IFCCARTESIANPOINT((18.706148721748,9.51501988311065E-10,-10.7999999999929));
#796= IFCCARTESIANPOINT((21.6,7.9200000009515,0.));
#797= IFCCARTESIANPOINT((18.7061487217435,7.9200000009515,10.8000000000006));
#798= IFCCARTESIANPOINT((10.7999999999987,7.9200000009515,18.7061487217446));
#799= IFCCARTESIANPOINT((-2.2384857202567E-12,7.9200000009515,21.6));
#800= IFCCARTESIANPOINT((-10.8000000000026,7.9200000009515,18.7061487217424));
#801= IFCCARTESIANPOINT((-18.7061487217457,7.9200000009515,10.7999999999968));
#802= IFCCARTESIANPOINT((-21.6,7.9200000009515,-4.47697144051339E-12));
#803= IFCCARTESIANPOINT((-18.7061487217413,7.9200000009515,-10.8000000000045));
#804= IFCCARTESIANPOINT((-10.7999999999948,7.9200000009515,-18.7061487217469));
#805= IFCCARTESIANPOINT((6.69147634343819E-12,7.9200000009515,-21.6));
#806= IFCCARTESIANPOINT((10.8000000000064,7.9200000009515,-18.7061487217402));
#807= IFCCARTESIANPOINT((18.706148721748,7.9200000009515,-10.7999999999929));
#808= IFCPOLYLOOP((#784,#785,#786,#787,#788,#789,#790,#791,#792,#793,#794,#795));
#809= IFCFACEOUTERBOUND(#808,.T.);
#810= IFCFACE((#809));
#811= IFCPOLYLOOP((#807,#806,#805,#804,#803,#802,#801,#800,#799,#798,#797,#796));
#812= IFCFACEOUTERBOUND(#811,.T.);
#813= IFCFACE((#812));
#814= IFCPOLYLOOP((#784,#796,#797,#785));
#815= IFCFACEOUTERBOUND(#814,.T.);
#816= IFCFACE((#815));
#817= IFCPOLYLOOP((#785,#797,#798,#786));
#818= IFCFACEOUTERBOUND(#817,.T.);
#819= IFCFACE((#818));
#820= IFCPOLYLOOP((#786,#798,#799,#787));
#821= IFCFACEOUTERBOUND(#820,.T.);
#822= IFCFACE((#821));
#823= IFCPOLYLOOP((#787,#799,#800,#788));
#824= IFCFACEOUTERBOUND(#823,.T.);
#825= IFCFACE((#824));
#826= IFCPOLYLOOP((#788,#800,#801,#789));
#827= IFCFACEOUTERBOUND(#826,.T.);
#828= IFCFACE((#827));
#829= IFCPOLYLOOP((#789,#801,#802,#790));
#830= IFCFACEOUTERBOUND(#829,.T.);
#831= IFCFACE((#830));
#832= IFCPOLYLOOP((#790,#802,#803,#791));
#833= IFCFACEOUTERBOUND(#832,.T.);
#834= IFCFACE((#833));
#835= IFCPOLYLOOP((#791,#803,#804,#792));
#836= IFCFACEOUTERBOUND(#835,.T.);
#837= IFCFACE((#836));
#838= IFCPOLYLOOP((#792,#804,#805,#793));
#839= IFCFACEOUTERBOUND(#838,.T.);
#840= IFCFACE((#839));
#841= IFCPOLYLOOP((#793,#805,#806,#794));
#842= IFCFACEOUTERBOUND(#841,.T.);
#843= IFCFACE((#842));
#844= IFCPOLYLOOP((#794,#806,#807,#795));
#845= IFCFACEOUTERBOUND(#844,.T.);
#846= IFCFACE((#845));
#847= IFCPOLYLOOP((#795,#807,#796,#784));
#848= IFCFACEOUTERBOUND(#847,.T.);
#849= IFCFACE((#848));
#850= IFCCARTESIANPOINT((23.0016347245147,7.9200000009515,0.));
#851= IFCCARTESIANPOINT((11.5008173622573,7.9200000009515,19.92));
#852= IFCCARTESIANPOINT((-11.5008173622573,7.9200000009515,19.92));
#853= IFCCARTESIANPOINT((-23.0016347245147,7.9200000009515,2.81688783405335E-15));
#854= IFCCARTESIANPOINT((-11.5008173622574,7.9200000009515,-19.92));
#855= IFCCARTESIANPOINT((11.5008173622573,7.9200000009515,-19.92));
#856= IFCCARTESIANPOINT((23.0016347245147,23.7600000009515,0.));
#857= IFCCARTESIANPOINT((11.5008173622573,23.7600000009515,19.92));
#858= IFCCARTESIANPOINT((-11.5008173622573,23.7600000009515,19.92));
#859= IFCCARTESIANPOINT((-23.0016347245147,23.7600000009515,2.81688783405335E-15));
#860= IFCCARTESIANPOINT((-11.5008173622574,23.7600000009515,-19.92));
#861= IFCCARTESIANPOINT((11.5008173622573,23.7600000009515,-19.92));
#862= IFCPOLYLOOP((#850,#851,#852,#853,#854,#855));
#863= IFCFACEOUTERBOUND(#862,.T.);
#864= IFCFACE((#863));
#865= IFCPOLYLOOP((#861,#860,#859,#858,#857,#856));
#866= IFCFACEOUTERBOUND(#865,.T.);
#867= IFCFACE((#866));
#868= IFCPOLYLOOP((#850,#856,#857,#851));
#869= IFCFACEOUTERBOUND(#868,.T.);
#870= IFCFACE((#869));
#871= IFCPOLYLOOP((#851,#857,#858,#852));
#872= IFCFACEOUTERBOUND(#871,.T.);
#873= IFCFACE((#872));
#874= IFCPOLYLOOP((#852,#858,#859,#853));
#875= IFCFACEOUTERBOUND(#874,.T.);
#876= IFCFACE((#875));
#877= IFCPOLYLOOP((#853,#859,#860,#854));
#878= IFCFACEOUTERBOUND(#877,.T.);
#879= IFCFACE((#878));
#880= IFCPOLYLOOP((#854,#860,#861,#855));
#881= IFCFACEOUTERBOUND(#880,.T.);
#882= IFCFACE((#881));
#883= IFCPOLYLOOP((#855,#861,#856,#850));
#884= IFCFACEOUTERBOUND(#883,.T.);
#885= IFCFACE((#884));
#886= IFCCLOSEDSHELL((#630,#633,#636,#639,#642,#645,#648,#651,#678,#681,#684,#687,#690,#693,#696,#699,#702,#705,#708,#711,#714,#717,#744,#747,#750,#753,#756,#759,#762,#765,#768,#771,#774,#777,#780,#783,#810,#813,#816,#819,#822,#825,#828,#831,#834,#837,#840,#843,#846,#849,#864,#867,#870,#873,#876,#879,#882,#885));
#887= IFCFACETEDBREP(#886);
#888= IFCSTYLEDITEM(#887,(#483),$);
#889= IFCCLOSEDSHELL((#510,#513,#516,#519,#522,#525,#528,#531,#534,#537,#540,#543,#546,#549,#576,#579,#582,#585,#588,#591,#594,#597,#600,#603,#606,#609,#612,#615));
#890= IFCFACETEDBREP(#889);
#891= IFCSTYLEDITEM(#890,(#119),$);
#892= IFCSHAPEREPRESENTATION(#12,'Body','Brep',(#887,#890));
#893= IFCREPRESENTATIONMAP(#10,#892);
#894= IFCMAPPEDITEM(#893,#122);
#895= IFCSHAPEREPRESENTATION(#12,'Body','MappedRepresentation',(#894));
#896= IFCPRODUCTDEFINITIONSHAPE($,$,(#895));
#897= IFCCARTESIANPOINT((55314.7772234703,-6428.00054423104,16930.0007692249));
#898= IFCDIRECTION((-1.00899999961257E-06,-0.999999999999491,0.));
#899= IFCAXIS2PLACEMENT3D(#897,#898,#9);
#900= IFCLOCALPLACEMENT(#42,#899);
#901= IFCMECHANICALFASTENER('3jLQ00TFfC3v10pflRGl1g',#390,'Bolt assembly',$,$,#900,#896,'IDed55a000-74fa-4c0f-9040-ce9bdb42f06a',24.,85.);
#902= IFCPROPERTYSINGLEVALUE('Washer count',$,IFCINTEGER(2),$);
#903= IFCPROPERTYSINGLEVALUE('Washer diameter',$,IFCLENGTHMEASURE(24.),$);
#904= IFCPROPERTYSINGLEVALUE('Nut count',$,IFCINTEGER(1),$);
#905= IFCPROPERTYSINGLEVALUE('Bolt hole diameter',$,IFCLENGTHMEASURE(26.),$);
#906= IFCPROPERTYSINGLEVALUE('Bolt size',$,IFCLENGTHMEASURE(24.),$);
#907= IFCPROPERTYSINGLEVALUE('Bolt length',$,IFCLENGTHMEASURE(85.),$);
#908= IFCPROPERTYSINGLEVALUE('Bolt standard',$,IFCLABEL('TS10.9'),$);
#909= IFCPROPERTYSET('3_9XbI1lrEUBsWy1Xzn5cH',#5,'Tekla Bolt','Bolt Properties',(#902,#903,#137,#138,#904,#140,#141,#142,#143,#905,#145,#146,#906,#907,#908,#150));
#910= IFCMATERIAL('TS10.9');
#911= IFCMAPPEDITEM(#893,#122);
#912= IFCSHAPEREPRESENTATION(#12,'Body','MappedRepresentation',(#911));
#913= IFCPRODUCTDEFINITIONSHAPE($,$,(#912));
#914= IFCCARTESIANPOINT((55314.7771023898,-6548.00054423098,16930.0007692249));
#915= IFCAXIS2PLACEMENT3D(#914,#898,#9);
#916= IFCLOCALPLACEMENT(#42,#915);
#917= IFCMECHANICALFASTENER('2_tP0ZmxX0$8Qj85seB3vG',#390,'Bolt assembly',$,$,#916,#913,'IDbedd9023-c3b8-40fc-86ad-205da82c3e50',24.,85.);
#918= IFCMAPPEDITEM(#893,#122);
#919= IFCSHAPEREPRESENTATION(#12,'Body','MappedRepresentation',(#918));
#920= IFCPRODUCTDEFINITIONSHAPE($,$,(#919));
#921= IFCCARTESIANPOINT((55314.7769813094,-6668.00054423091,16930.0007692249));
#922= IFCAXIS2PLACEMENT3D(#921,#898,#9);
#923= IFCLOCALPLACEMENT(#42,#922);
#924= IFCMECHANICALFASTENER('2qy4gB2T5CROde1zWRbm_l',#390,'Bolt assembly',$,$,#923,#920,'IDb4f04a8b-09d1-4c6d-89e8-07d81b970faf',24.,85.);
#925= IFCMAPPEDITEM(#893,#122);
#926= IFCSHAPEREPRESENTATION(#12,'Body','MappedRepresentation',(#925));
#927= IFCPRODUCTDEFINITIONSHAPE($,$,(#926));
#928= IFCCARTESIANPOINT((55314.7772234703,-6428.00054423104,16810.0007692249));
#929= IFCAXIS2PLACEMENT3D(#928,#898,#9);
#930= IFCLOCALPLACEMENT(#42,#929);
#931= IFCMECHANICALFASTENER('395OeL0XL5wQ3SAVDWoho5',#390,'Bolt assembly',$,$,#930,#927,'IDc9158a15-0215-45e9-a0dc-29f360cabc85',24.,85.);
#932= IFCMAPPEDITEM(#893,#122);
#933= IFCSHAPEREPRESENTATION(#12,'Body','MappedRepresentation',(#932));
#934= IFCPRODUCTDEFINITIONSHAPE($,$,(#933));
#935= IFCCARTESIANPOINT((55314.7769813094,-6668.00054423091,16810.0007692249));
#936= IFCAXIS2PLACEMENT3D(#935,#898,#9);
#937= IFCLOCALPLACEMENT(#42,#936);
#938= IFCMECHANICALFASTENER('3ohP48kwz58B2WhPJgnJ9d',#390,'Bolt assembly',$,$,#937,#934,'IDf2ad9108-bbaf-4520-b0a0-ad94eac53267',24.,85.);
#939= IFCMAPPEDITEM(#893,#122);
#940= IFCSHAPEREPRESENTATION(#12,'Body','MappedRepresentation',(#939));
#941= IFCPRODUCTDEFINITIONSHAPE($,$,(#940));
#942= IFCCARTESIANPOINT((55314.7772234703,-6428.00054423104,16695.0007692249));
#943= IFCAXIS2PLACEMENT3D(#942,#898,#9);
#944= IFCLOCALPLACEMENT(#42,#943);
#945= IFCMECHANICALFASTENER('2EVEJofI95AvgAEg2rYhI4',#390,'Bolt assembly',$,$,#944,#941,'ID8e7ce4f2-a522-452b-9a8a-3aa0b58ab484',24.,85.);
#946= IFCMAPPEDITEM(#893,#122);
#947= IFCSHAPEREPRESENTATION(#12,'Body','MappedRepresentation',(#946));
#948= IFCPRODUCTDEFINITIONSHAPE($,$,(#947));
#949= IFCCARTESIANPOINT((55314.7769813094,-6668.00054423091,16695.0007692249));
#950= IFCAXIS2PLACEMENT3D(#949,#898,#9);
#951= IFCLOCALPLACEMENT(#42,#950);
#952= IFCMECHANICALFASTENER('3Acczrz8XCd9xqip$yCM3B',#390,'Bolt assembly',$,$,#951,#948,'IDca9a6f75-f488-4c9c-9ef4-b33ffc3160cb',24.,85.);
#953= IFCMAPPEDITEM(#893,#122);
#954= IFCSHAPEREPRESENTATION(#12,'Body','MappedRepresentation',(#953));
#955= IFCPRODUCTDEFINITIONSHAPE($,$,(#954));
#956= IFCCARTESIANPOINT((55314.7772234703,-6428.00054423104,16580.0007692249));
#957= IFCAXIS2PLACEMENT3D(#956,#898,#9);
#958= IFCLOCALPLACEMENT(#42,#957);
#959= IFCMECHANICALFASTENER('2NReY2KG1FEO_b$CbLA2Gg',#390,'Bolt assembly',$,$,#958,#955,'ID976e8882-5100-4f39-8fa5-fcc95528242a',24.,85.);
#960= IFCMAPPEDITEM(#893,#122);
#961= IFCSHAPEREPRESENTATION(#12,'Body','MappedRepresentation',(#960));
#962= IFCPRODUCTDEFINITIONSHAPE($,$,(#961));
#963= IFCCARTESIANPOINT((55314.7771023898,-6548.00054423098,16580.0007692249));
#964= IFCAXIS2PLACEMENT3D(#963,#898,#9);
#965= IFCLOCALPLACEMENT(#42,#964);
#966= IFCMECHANICALFASTENER('3eMtrBSU14WgAqCbiYAEec',#390,'Bolt assembly',$,$,#965,#962,'IDe85b7d4b-71e0-4482-a2b4-325b2228ea26',24.,85.);
#967= IFCMAPPEDITEM(#893,#122);
#968= IFCSHAPEREPRESENTATION(#12,'Body','MappedRepresentation',(#967));
#969= IFCPRODUCTDEFINITIONSHAPE($,$,(#968));
#970= IFCCARTESIANPOINT((55314.7769813094,-6668.00054423091,16580.0007692249));
#971= IFCAXIS2PLACEMENT3D(#970,#898,#9);
#972= IFCLOCALPLACEMENT(#42,#971);
#973= IFCMECHANICALFASTENER('2u1Hcbna97hReRGCVGNU_K',#390,'Bolt assembly',$,$,#972,#969,'IDb80519a5-c642-47ad-ba1b-40c7d05def94',24.,85.);
#974= IFCCOLOURRGB('Dark Gray',0.709803921568627,0.403921568627451,0.2);
#975= IFCSURFACESTYLERENDERING(#974,0.,$,$,$,$,IFCNORMALISEDRATIOMEASURE(0.00390625),IFCSPECULAREXPONENT(10.),.NOTDEFINED.);
#976= IFCSURFACESTYLE('STEEL/S275',.POSITIVE.,(#975));
#977= IFCPRESENTATIONSTYLEASSIGNMENT((#976));
#978= IFCCARTESIANPOINT((1.38243194669485E-10,-5.,19.9999999999927));
#979= IFCCARTESIANPOINT((7.05767888575792E-10,-5.,99.9999999996735));
#980= IFCCARTESIANPOINT((7.05767888575792E-10,5.,99.9999999996735));
#981= IFCCARTESIANPOINT((1.38243194669485E-10,5.,19.9999999999927));
#982= IFCPOLYLOOP((#978,#979,#980,#981));
#983= IFCFACEOUTERBOUND(#982,.T.);
#984= IFCFACE((#983));
#985= IFCCARTESIANPOINT((3.90180644104112,-5.,100.384294391586));
#986= IFCCARTESIANPOINT((3.90180644104112,5.,100.384294391586));
#987= IFCPOLYLOOP((#979,#985,#986,#980));
#988= IFCFACEOUTERBOUND(#987,.T.);
#989= IFCFACE((#988));
#990= IFCCARTESIANPOINT((7.65366864803946,-5.,101.522409349404));
#991= IFCCARTESIANPOINT((7.65366864803946,5.,101.522409349404));
#992= IFCPOLYLOOP((#985,#990,#991,#986));
#993= IFCFACEOUTERBOUND(#992,.T.);
#994= IFCFACE((#993));
#995= IFCCARTESIANPOINT((11.1114046611401,-5.,103.370607753564));
#996= IFCCARTESIANPOINT((11.1114046611401,5.,103.370607753564));
#997= IFCPOLYLOOP((#990,#995,#996,#991));
#998= IFCFACEOUTERBOUND(#997,.T.);
#999= IFCFACE((#998));
#1000= IFCCARTESIANPOINT((14.1421356245046,-5.,105.857864375872));
#1001= IFCCARTESIANPOINT((14.1421356245046,5.,105.857864375872));
#1002= IFCPOLYLOOP((#995,#1000,#1001,#996));
#1003= IFCFACEOUTERBOUND(#1002,.T.);
#1004= IFCFACE((#1003));
#1005= IFCCARTESIANPOINT((16.6293922468467,-5.,108.888595339204));
#1006= IFCCARTESIANPOINT((16.6293922468467,5.,108.888595339204));
#1007= IFCPOLYLOOP((#1000,#1005,#1006,#1001));
#1008= IFCFACEOUTERBOUND(#1007,.T.);
#1009= IFCFACE((#1008));
#1010= IFCCARTESIANPOINT((18.4775906510476,-5.,112.346331352291));
#1011= IFCCARTESIANPOINT((18.4775906510476,5.,112.346331352291));
#1012= IFCPOLYLOOP((#1005,#1010,#1011,#1006));
#1013= IFCFACEOUTERBOUND(#1012,.T.);
#1014= IFCFACE((#1013));
#1015= IFCCARTESIANPOINT((19.6157056089069,-5.,116.098193559271));
#1016= IFCCARTESIANPOINT((19.6157056089069,5.,116.098193559271));
#1017= IFCPOLYLOOP((#1010,#1015,#1016,#1011));
#1018= IFCFACEOUTERBOUND(#1017,.T.);
#1019= IFCFACE((#1018));
#1020= IFCCARTESIANPOINT((20.0000000008658,-5.,119.999999999597));
#1021= IFCCARTESIANPOINT((20.0000000008658,5.,119.999999999597));
#1022= IFCPOLYLOOP((#1015,#1020,#1021,#1016));
#1023= IFCFACEOUTERBOUND(#1022,.T.);
#1024= IFCFACE((#1023));
#1025= IFCCARTESIANPOINT((110.000000001288,-5.,119.999999999289));
#1026= IFCCARTESIANPOINT((110.000000001288,5.,119.999999999289));
#1027= IFCPOLYLOOP((#1020,#1025,#1026,#1021));
#1028= IFCFACEOUTERBOUND(#1027,.T.);
#1029= IFCFACE((#1028));
#1030= IFCCARTESIANPOINT((110.38429439321,-5.,116.098193558973));
#1031= IFCCARTESIANPOINT((110.38429439321,5.,116.098193558973));
#1032= IFCPOLYLOOP((#1025,#1030,#1031,#1026));
#1033= IFCFACEOUTERBOUND(#1032,.T.);
#1034= IFCFACE((#1033));
#1035= IFCCARTESIANPOINT((111.522409351026,-5.,112.346331351997));
#1036= IFCCARTESIANPOINT((111.522409351026,5.,112.346331351997));
#1037= IFCPOLYLOOP((#1030,#1035,#1036,#1031));
#1038= IFCFACEOUTERBOUND(#1037,.T.);
#1039= IFCFACE((#1038));
#1040= IFCCARTESIANPOINT((113.370607755183,-5.,108.888595338906));
#1041= IFCCARTESIANPOINT((113.370607755183,5.,108.888595338906));
#1042= IFCPOLYLOOP((#1035,#1040,#1041,#1036));
#1043= IFCFACEOUTERBOUND(#1042,.T.);
#1044= IFCFACE((#1043));
#1045= IFCCARTESIANPOINT((115.857864377489,-5.,105.857864375563));
#1046= IFCCARTESIANPOINT((115.857864377489,5.,105.857864375563));
#1047= IFCPOLYLOOP((#1040,#1045,#1046,#1041));
#1048= IFCFACEOUTERBOUND(#1047,.T.);
#1049= IFCFACE((#1048));
#1050= IFCCARTESIANPOINT((118.88859534081,-5.,103.370607753232));
#1051= IFCCARTESIANPOINT((118.88859534081,5.,103.370607753232));
#1052= IFCPOLYLOOP((#1045,#1050,#1051,#1046));
#1053= IFCFACEOUTERBOUND(#1052,.T.);
#1054= IFCFACE((#1053));
#1055= IFCCARTESIANPOINT((122.346331353881,-5.,101.522409349044));
#1056= IFCCARTESIANPOINT((122.346331353881,5.,101.522409349044));
#1057= IFCPOLYLOOP((#1050,#1055,#1056,#1051));
#1058= IFCFACEOUTERBOUND(#1057,.T.);
#1059= IFCFACE((#1058));
#1060= IFCCARTESIANPOINT((126.098193560843,-5.,100.384294391186));
#1061= IFCCARTESIANPOINT((126.098193560843,5.,100.384294391186));
#1062= IFCPOLYLOOP((#1055,#1060,#1061,#1056));
#1063= IFCFACEOUTERBOUND(#1062,.T.);
#1064= IFCFACE((#1063));
#1065= IFCCARTESIANPOINT((130.000000001157,-5.,99.9999999992278));
#1066= IFCCARTESIANPOINT((130.000000001157,5.,99.9999999992278));
#1067= IFCPOLYLOOP((#1060,#1065,#1066,#1061));
#1068= IFCFACEOUTERBOUND(#1067,.T.);
#1069= IFCFACE((#1068));
#1070= IFCCARTESIANPOINT((130.000000000589,-5.,19.999999999548));
#1071= IFCCARTESIANPOINT((130.000000000589,5.,19.999999999548));
#1072= IFCPOLYLOOP((#1065,#1070,#1071,#1066));
#1073= IFCFACEOUTERBOUND(#1072,.T.);
#1074= IFCFACE((#1073));
#1075= IFCCARTESIANPOINT((126.098193560261,-5.,19.6157056076354));
#1076= IFCCARTESIANPOINT((126.098193560261,5.,19.6157056076354));
#1077= IFCPOLYLOOP((#1070,#1075,#1076,#1071));
#1078= IFCFACEOUTERBOUND(#1077,.T.);
#1079= IFCFACE((#1078));
#1080= IFCCARTESIANPOINT((122.346331353263,-5.,18.4775906498162));
#1081= IFCCARTESIANPOINT((122.346331353263,5.,18.4775906498162));
#1082= IFCPOLYLOOP((#1075,#1080,#1081,#1076));
#1083= IFCFACEOUTERBOUND(#1082,.T.);
#1084= IFCFACE((#1083));
#1085= IFCCARTESIANPOINT((118.888595340162,-5.,16.6293922456571));
#1086= IFCCARTESIANPOINT((118.888595340162,5.,16.6293922456571));
#1087= IFCPOLYLOOP((#1080,#1085,#1086,#1081));
#1088= IFCFACEOUTERBOUND(#1087,.T.);
#1089= IFCFACE((#1088));
#1090= IFCCARTESIANPOINT((115.857864376798,-5.,14.1421356233486));
#1091= IFCCARTESIANPOINT((115.857864376798,5.,14.1421356233486));
#1092= IFCPOLYLOOP((#1085,#1090,#1091,#1086));
#1093= IFCFACEOUTERBOUND(#1092,.T.);
#1094= IFCFACE((#1093));
#1095= IFCCARTESIANPOINT((113.370607754456,-5.,11.1114046600178));
#1096= IFCCARTESIANPOINT((113.370607754456,5.,11.1114046600178));
#1097= IFCPOLYLOOP((#1090,#1095,#1096,#1091));
#1098= IFCFACEOUTERBOUND(#1097,.T.);
#1099= IFCFACE((#1098));
#1100= IFCCARTESIANPOINT((111.522409350262,-5.,7.65366864692987));
#1101= IFCCARTESIANPOINT((111.522409350262,5.,7.65366864692987));
#1102= IFCPOLYLOOP((#1095,#1100,#1101,#1096));
#1103= IFCFACEOUTERBOUND(#1102,.T.);
#1104= IFCFACE((#1103));
#1105= IFCCARTESIANPOINT((110.384294392396,-5.,3.90180643995063));
#1106= IFCCARTESIANPOINT((110.384294392396,5.,3.90180643995063));
#1107= IFCPOLYLOOP((#1100,#1105,#1106,#1101));
#1108= IFCFACEOUTERBOUND(#1107,.T.);
#1109= IFCFACE((#1108));
#1110= IFCCARTESIANPOINT((110.000000000444,-5.,-3.75621311832219E-10));
#1111= IFCCARTESIANPOINT((110.000000000444,5.,-3.75621311832219E-10));
#1112= IFCPOLYLOOP((#1105,#1110,#1111,#1106));
#1113= IFCFACEOUTERBOUND(#1112,.T.);
#1114= IFCFACE((#1113));
#1115= IFCCARTESIANPOINT((20.0000000000073,-5.,-6.82121026329696E-11));
#1116= IFCCARTESIANPOINT((20.0000000000073,5.,-6.82121026329696E-11));
#1117= IFCPOLYLOOP((#1110,#1115,#1116,#1111));
#1118= IFCFACEOUTERBOUND(#1117,.T.);
#1119= IFCFACE((#1118));
#1120= IFCCARTESIANPOINT((19.615705608092,-5.,3.90180644024713));
#1121= IFCCARTESIANPOINT((19.615705608092,5.,3.90180644024713));
#1122= IFCPOLYLOOP((#1115,#1120,#1121,#1116));
#1123= IFCFACEOUTERBOUND(#1122,.T.);
#1124= IFCFACE((#1123));
#1125= IFCCARTESIANPOINT((18.4775906502764,-5.,7.65366864722273));
#1126= IFCCARTESIANPOINT((18.4775906502764,5.,7.65366864722273));
#1127= IFCPOLYLOOP((#1120,#1125,#1126,#1121));
#1128= IFCFACEOUTERBOUND(#1127,.T.);
#1129= IFCFACE((#1128));
#1130= IFCCARTESIANPOINT((16.6293922461191,-5.,11.1114046603143));
#1131= IFCCARTESIANPOINT((16.6293922461191,5.,11.1114046603143));
#1132= IFCPOLYLOOP((#1125,#1130,#1131,#1126));
#1133= IFCFACEOUTERBOUND(#1132,.T.);
#1134= IFCFACE((#1133));
#1135= IFCCARTESIANPOINT((14.1421356238134,-5.,14.1421356236579));
#1136= IFCCARTESIANPOINT((14.1421356238134,5.,14.1421356236579));
#1137= IFCPOLYLOOP((#1130,#1135,#1136,#1131));
#1138= IFCFACEOUTERBOUND(#1137,.T.);
#1139= IFCFACE((#1138));
#1140= IFCCARTESIANPOINT((11.1114046604926,-5.,16.6293922459881));
#1141= IFCCARTESIANPOINT((11.1114046604926,5.,16.6293922459881));
#1142= IFCPOLYLOOP((#1135,#1140,#1141,#1136));
#1143= IFCFACEOUTERBOUND(#1142,.T.);
#1144= IFCFACE((#1143));
#1145= IFCCARTESIANPOINT((7.653668647421,-5.,18.4775906501764));
#1146= IFCCARTESIANPOINT((7.653668647421,5.,18.4775906501764));
#1147= IFCPOLYLOOP((#1140,#1145,#1146,#1141));
#1148= IFCFACEOUTERBOUND(#1147,.T.);
#1149= IFCFACE((#1148));
#1150= IFCCARTESIANPOINT((3.90180644045176,-5.,19.6157056080337));
#1151= IFCCARTESIANPOINT((3.90180644045176,5.,19.6157056080337));
#1152= IFCPOLYLOOP((#1145,#1150,#1151,#1146));
#1153= IFCFACEOUTERBOUND(#1152,.T.);
#1154= IFCFACE((#1153));
#1155= IFCPOLYLOOP((#1150,#978,#981,#1151));
#1156= IFCFACEOUTERBOUND(#1155,.T.);
#1157= IFCFACE((#1156));
#1158= IFCPOLYLOOP((#986,#991,#996,#1001,#1006,#1011,#1016,#1021,#1026,#1031,#1036,#1041,#1046,#1051,#1056,#1061,#1066,#1071,#1076,#1081,#1086,#1091,#1096,#1101,#1106,#1111,#1116,#1121,#1126,#1131,#1136,#1141,#1146,#1151,#981,#980));
#1159= IFCFACEOUTERBOUND(#1158,.T.);
#1160= IFCFACE((#1159));
#1161= IFCPOLYLOOP((#1150,#1145,#1140,#1135,#1130,#1125,#1120,#1115,#1110,#1105,#1100,#1095,#1090,#1085,#1080,#1075,#1070,#1065,#1060,#1055,#1050,#1045,#1040,#1035,#1030,#1025,#1020,#1015,#1010,#1005,#1000,#995,#990,#985,#979,#978));
#1162= IFCFACEOUTERBOUND(#1161,.T.);
#1163= IFCFACE((#1162));
#1164= IFCCLOSEDSHELL((#984,#989,#994,#999,#1004,#1009,#1014,#1019,#1024,#1029,#1034,#1039,#1044,#1049,#1054,#1059,#1064,#1069,#1074,#1079,#1084,#1089,#1094,#1099,#1104,#1109,#1114,#1119,#1124,#1129,#1134,#1139,#1144,#1149,#1154,#1157,#1160,#1163));
#1165= IFCFACETEDBREP(#1164);
#1166= IFCSTYLEDITEM(#1165,(#977),$);
#1167= IFCSHAPEREPRESENTATION(#12,'Body','Brep',(#1165));
#1168= IFCPRODUCTDEFINITIONSHAPE($,$,(#1167));
#1169= IFCCARTESIANPOINT((55314.7771629301,-6488.0005442392,16755.0007692249));
#1170= IFCDIRECTION((-0.999999999999491,1.00899999849059E-06,0.));
#1171= IFCAXIS2PLACEMENT3D(#1169,#898,#1170);
#1172= IFCLOCALPLACEMENT(#42,#1171);
#1173= IFCPLATE('12lSaAvwP7n9LSMkVnaeMN',#179,'PLATE-10','PL10*120',$,#1172,#1168,'ID42bdc90a-e7a6-47c4-955c-5ae7f1928597');
#1174= IFCPLATETYPE('0JBHshkt11_B$3D4nce49M',#5,'PL10*120',$,$,$,$,$,$,.NOTDEFINED.);
#1175= IFCPROPERTYSINGLEVALUE('Bottom elevation',$,IFCLABEL(' +16.750'),$);
#1176= IFCPROPERTYSINGLEVALUE('Top elevation',$,IFCLABEL(' +16.760'),$);
#1177= IFCPROPERTYSINGLEVALUE('Initial GUID',$,$,$);
#1178= IFCPROPERTYSINGLEVALUE('Preliminary mark',$,IFCLABEL('5-2-P92'),$);
#1179= IFCPROPERTYSINGLEVALUE('Phase',$,IFCINTEGER(4),$);
#1180= IFCPROPERTYSINGLEVALUE('Class',$,IFCLABEL('22'),$);
#1181= IFCPROPERTYSET('0mMGTejNX7NhBwClakvIhy',#5,'Tekla Common','Common Properties to Shared building elements',(#1175,#1176,#1177,#1178,#1179,#1180));
#1182= IFCPROPERTYSINGLEVALUE('Weight',$,IFCMASSMEASURE(1.13),$);
#1183= IFCPROPERTYSINGLEVALUE('Volume',$,IFCVOLUMEMEASURE(0.),$);
#1184= IFCPROPERTYSINGLEVALUE('Gross footprint area',$,IFCAREAMEASURE(0.014),$);
#1185= IFCPROPERTYSINGLEVALUE('Area per tons',$,IFCAREAMEASURE(29.609),$);
#1186= IFCPROPERTYSINGLEVALUE('Net surface area',$,IFCAREAMEASURE(0.033),$);
#1187= IFCPROPERTYSINGLEVALUE('Height',$,IFCLENGTHMEASURE(120.),$);
#1188= IFCPROPERTYSINGLEVALUE('Width',$,IFCLENGTHMEASURE(10.),$);
#1189= IFCPROPERTYSINGLEVALUE('Length',$,IFCLENGTHMEASURE(130.),$);
#1190= IFCPROPERTYSET('2R01rU4mPEaB$ssUVuCN_K',#5,'Tekla Quantity','Quantity Properties to Shared building elements',(#1182,#1183,#1184,#1185,#1186,#1187,#1188,#1189));
#1191= IFCPROPERTYSINGLEVALUE('LoadBearing',$,IFCBOOLEAN(.F.),$);
#1192= IFCPROPERTYSINGLEVALUE('Reference',$,IFCIDENTIFIER('5-2-P92'),$);
#1193= IFCPROPERTYSET('2s2fmv_BnAUB5AhOt6UQXk',#5,'Pset_PlateCommon','Common Properties to plate elements',(#1191,#1192));
#1194= IFCQUANTITYLENGTH('Width',$,$,119.999999999863);
#1195= IFCQUANTITYAREA('NetArea',$,$,0.0333574632744357);
#1196= IFCQUANTITYAREA('GrossArea',$,$,0.0156000000000878);
#1197= IFCQUANTITYAREA('CrossSectionArea',$,$,0.0001);
#1198= IFCQUANTITYVOLUME('NetVolume',$,$,0.000143514219375628);
#1199= IFCQUANTITYVOLUME('GrossVolume',$,$,0.000143514219375628);
#1200= IFCELEMENTQUANTITY('0KVE2HDmLDsgnqRy6nYLl$',#5,'BaseQuantities',$,$,(#1194,#1195,#1196,#1197,#1198,#1199));
#1201= IFCMATERIAL('STEEL/S275');
#1202= IFCCARTESIANPOINT((-7.42147676646709E-10,-5.,104.999999999708));
#1203= IFCCARTESIANPOINT((-7.42147676646709E-10,5.,104.999999999708));
#1204= IFCPOLYLOOP((#978,#1202,#1203,#981));
#1205= IFCFACEOUTERBOUND(#1204,.T.);
#1206= IFCFACE((#1205));
#1207= IFCCARTESIANPOINT((129.999999999716,-5.,104.999999999208));
#1208= IFCCARTESIANPOINT((129.999999999716,5.,104.999999999208));
#1209= IFCPOLYLOOP((#1202,#1207,#1208,#1203));
#1210= IFCFACEOUTERBOUND(#1209,.T.);
#1211= IFCFACE((#1210));
#1212= IFCPOLYLOOP((#1207,#1070,#1071,#1208));
#1213= IFCFACEOUTERBOUND(#1212,.T.);
#1214= IFCFACE((#1213));
#1215= IFCPOLYLOOP((#1208,#1071,#1076,#1081,#1086,#1091,#1096,#1101,#1106,#1111,#1116,#1121,#1126,#1131,#1136,#1141,#1146,#1151,#981,#1203));
#1216= IFCFACEOUTERBOUND(#1215,.T.);
#1217= IFCFACE((#1216));
#1218= IFCPOLYLOOP((#1150,#1145,#1140,#1135,#1130,#1125,#1120,#1115,#1110,#1105,#1100,#1095,#1090,#1085,#1080,#1075,#1070,#1207,#1202,#978));
#1219= IFCFACEOUTERBOUND(#1218,.T.);
#1220= IFCFACE((#1219));
#1221= IFCCLOSEDSHELL((#1206,#1211,#1214,#1079,#1084,#1089,#1094,#1099,#1104,#1109,#1114,#1119,#1124,#1129,#1134,#1139,#1144,#1149,#1154,#1157,#1217,#1220));
#1222= IFCFACETEDBREP(#1221);
#1223= IFCSTYLEDITEM(#1222,(#977),$);
#1224= IFCSHAPEREPRESENTATION(#12,'Body','Brep',(#1222));
#1225= IFCPRODUCTDEFINITIONSHAPE($,$,(#1224));
#1226= IFCCARTESIANPOINT((55314.7771730257,-6477.99505107515,16755.0007692249));
#1227= IFCDIRECTION((1.00899999961257E-06,0.999999999999491,0.));
#1228= IFCAXIS2PLACEMENT3D(#1226,#1227,#1170);
#1229= IFCLOCALPLACEMENT(#42,#1228);
#1230= IFCPLATE('0s4RVRheHFsBnQBMfwT0aG',#179,'PLATE-10','PL10*105',$,#1229,#1225,'ID3611b7db-ae84-4fd8-bc5a-2d6a7a740910');
#1231= IFCPLATETYPE('3$To6RRij5Lugy0hOu_Ebd',#5,'PL10*105',$,$,$,$,$,$,.NOTDEFINED.);
#1232= IFCPROPERTYSINGLEVALUE('Preliminary mark',$,IFCLABEL('5-2-P99'),$);
#1233= IFCPROPERTYSET('07OBc3GO5C9AGTLyZBq_zO',#5,'Tekla Common','Common Properties to Shared building elements',(#1175,#1176,#1177,#1232,#1179,#1180));
#1234= IFCPROPERTYSINGLEVALUE('Weight',$,IFCMASSMEASURE(1.02),$);
#1235= IFCPROPERTYSINGLEVALUE('Area per tons',$,IFCAREAMEASURE(29.905),$);
#1236= IFCPROPERTYSINGLEVALUE('Net surface area',$,IFCAREAMEASURE(0.031),$);
#1237= IFCPROPERTYSINGLEVALUE('Height',$,IFCLENGTHMEASURE(105.),$);
#1238= IFCPROPERTYSET('3Tret_RvfCcOkuz8LtwVUP',#5,'Tekla Quantity','Quantity Properties to Shared building elements',(#1234,#1183,#1184,#1235,#1236,#1237,#1188,#1189));
#1239= IFCPROPERTYSINGLEVALUE('Reference',$,IFCIDENTIFIER('5-2-P99'),$);
#1240= IFCPROPERTYSET('1B5o0CGS560hnqbKM0Oy$Z',#5,'Pset_PlateCommon','Common Properties to plate elements',(#1191,#1239));
#1241= IFCQUANTITYLENGTH('Width',$,$,104.999999999965);
#1242= IFCQUANTITYAREA('NetArea',$,$,0.0305787316372294);
#1243= IFCQUANTITYAREA('GrossArea',$,$,0.0136500000001558);
#1244= IFCQUANTITYVOLUME('NetVolume',$,$,0.000130257109691803);
#1245= IFCQUANTITYVOLUME('GrossVolume',$,$,0.000130257109691803);
#1246= IFCELEMENTQUANTITY('3GaWexL6HA_9ngdgeZHXZU',#5,'BaseQuantities',$,$,(#1241,#1242,#1243,#1197,#1244,#1245));
#1247= IFCSHAPEREPRESENTATION(#12,'Body','Brep',(#1222));
#1248= IFCPRODUCTDEFINITIONSHAPE($,$,(#1247));
#1249= IFCCARTESIANPOINT((55314.7770317595,-6618.00054423914,16755.0007692249));
#1250= IFCAXIS2PLACEMENT3D(#1249,#898,#1170);
#1251= IFCLOCALPLACEMENT(#42,#1250);
#1252= IFCPLATE('0j65KLPub3XuZLi7uqO6jM',#179,'PLATE-10','PL10*105',$,#1251,#1248,'ID2d185515-6789-4387-88d5-b07e34606b56');
#1253= IFCQUANTITYLENGTH('Width',$,$,104.999999999962);
#1254= IFCQUANTITYAREA('NetArea',$,$,0.0305787316372285);
#1255= IFCQUANTITYAREA('GrossArea',$,$,0.0136500000000905);
#1256= IFCQUANTITYVOLUME('NetVolume',$,$,0.000130257109698153);
#1257= IFCQUANTITYVOLUME('GrossVolume',$,$,0.000130257109698153);
#1258= IFCELEMENTQUANTITY('2g6nXaxJ51Qe45OoLq8L$L',#5,'BaseQuantities',$,$,(#1253,#1254,#1255,#1197,#1256,#1257));
#1259= IFCCARTESIANPOINT((-7.27595761418343E-12,-4.99999999999909,110.));
#1260= IFCCARTESIANPOINT((0.,4.99999999999636,110.));
#1261= IFCPOLYLOOP((#978,#1259,#1260,#981));
#1262= IFCFACEOUTERBOUND(#1261,.T.);
#1263= IFCFACE((#1262));
#1264= IFCCARTESIANPOINT((50.0000000004147,-4.99999999998818,110.));
#1265= IFCCARTESIANPOINT((50.000000000422,5.00000000000728,110.));
#1266= IFCPOLYLOOP((#1259,#1264,#1265,#1260));
#1267= IFCFACEOUTERBOUND(#1266,.T.);
#1268= IFCFACE((#1267));
#1269= IFCCARTESIANPOINT((130.000000000458,-4.99999999997181,60.));
#1270= IFCCARTESIANPOINT((130.000000000466,5.00000000002365,60.));
#1271= IFCPOLYLOOP((#1264,#1269,#1270,#1265));
#1272= IFCFACEOUTERBOUND(#1271,.T.);
#1273= IFCFACE((#1272));
#1274= IFCCARTESIANPOINT((130.000000000458,-4.99999999997181,0.));
#1275= IFCCARTESIANPOINT((130.000000000466,5.00000000002365,0.));
#1276= IFCPOLYLOOP((#1269,#1274,#1275,#1270));
#1277= IFCFACEOUTERBOUND(#1276,.T.);
#1278= IFCFACE((#1277));
#1279= IFCPOLYLOOP((#1274,#1115,#1116,#1275));
#1280= IFCFACEOUTERBOUND(#1279,.T.);
#1281= IFCFACE((#1280));
#1282= IFCPOLYLOOP((#1265,#1270,#1275,#1116,#1121,#1126,#1131,#1136,#1141,#1146,#1151,#981,#1260));
#1283= IFCFACEOUTERBOUND(#1282,.T.);
#1284= IFCFACE((#1283));
#1285= IFCPOLYLOOP((#1150,#1145,#1140,#1135,#1130,#1125,#1120,#1115,#1274,#1269,#1264,#1259,#978));
#1286= IFCFACEOUTERBOUND(#1285,.T.);
#1287= IFCFACE((#1286));
#1288= IFCCLOSEDSHELL((#1263,#1268,#1273,#1278,#1281,#1124,#1129,#1134,#1139,#1144,#1149,#1154,#1157,#1284,#1287));
#1289= IFCFACETEDBREP(#1288);
#1290= IFCSTYLEDITEM(#1289,(#977),$);
#1291= IFCSHAPEREPRESENTATION(#12,'Body','Brep',(#1289));
#1292= IFCPRODUCTDEFINITIONSHAPE($,$,(#1291));
#1293= IFCCARTESIANPOINT((55314.7771679752,-6483.00054423921,16880.0007692249));
#1294= IFCAXIS2PLACEMENT3D(#1293,#9,#1170);
#1295= IFCLOCALPLACEMENT(#42,#1294);
#1296= IFCPLATE('0_WVGoq8j76OvUSwbJ0FVA',#390,'PLATE-10','PL10*110',$,#1295,#1292,'ID3e81f432-d08b-4719-8e5e-73a95300f7ca');
#1297= IFCPLATETYPE('2ydjatI7L2ARueaWNjkLiV',#5,'PL10*110',$,$,$,$,$,$,.NOTDEFINED.);
#1298= IFCPROPERTYSINGLEVALUE('Bottom elevation',$,IFCLABEL(' +16.880'),$);
#1299= IFCPROPERTYSINGLEVALUE('Top elevation',$,IFCLABEL(' +16.990'),$);
#1300= IFCPROPERTYSINGLEVALUE('Preliminary mark',$,IFCLABEL('5-2-P98'),$);
#1301= IFCPROPERTYSET('2$qmL1xmj7cwTrRgMq7l8z',#5,'Tekla Common','Common Properties to Shared building elements',(#1298,#1299,#1177,#1300,#1179,#1180));
#1302= IFCPROPERTYSINGLEVALUE('Weight',$,IFCMASSMEASURE(0.94),$);
#1303= IFCPROPERTYSINGLEVALUE('Gross footprint area',$,IFCAREAMEASURE(0.001),$);
#1304= IFCPROPERTYSINGLEVALUE('Area per tons',$,IFCAREAMEASURE(30.108),$);
#1305= IFCPROPERTYSINGLEVALUE('Net surface area',$,IFCAREAMEASURE(0.028),$);
#1306= IFCPROPERTYSINGLEVALUE('Height',$,IFCLENGTHMEASURE(110.),$);
#1307= IFCPROPERTYSET('0nkS_NtK90GRarIvva98$2',#5,'Tekla Quantity','Quantity Properties to Shared building elements',(#1302,#1183,#1303,#1304,#1305,#1306,#1188,#1189));
#1308= IFCPROPERTYSINGLEVALUE('Reference',$,IFCIDENTIFIER('5-2-P98'),$);
#1309= IFCPROPERTYSET('291fjoQDP8eRSv1$2vjxby',#5,'Pset_PlateCommon','Common Properties to plate elements',(#1191,#1308));
#1310= IFCQUANTITYLENGTH('Width',$,$,110.);
#1311= IFCQUANTITYAREA('NetArea',$,$,0.0283327639319141);
#1312= IFCQUANTITYAREA('GrossArea',$,$,0.0143000000000624);
#1313= IFCQUANTITYVOLUME('NetVolume',$,$,0.000119878554847546);
#1314= IFCQUANTITYVOLUME('GrossVolume',$,$,0.000119878554847546);
#1315= IFCELEMENTQUANTITY('3ri7Rpun95_ez_WJq8oBUf',#5,'BaseQuantities',$,$,(#1310,#1311,#1312,#1197,#1313,#1314));
#1316= IFCSHAPEREPRESENTATION(#12,'Body','Brep',(#1289));
#1317= IFCPRODUCTDEFINITIONSHAPE($,$,(#1316));
#1318= IFCCARTESIANPOINT((55314.7770368046,-6613.00054423914,16880.0007692249));
#1319= IFCAXIS2PLACEMENT3D(#1318,#9,#1170);
#1320= IFCLOCALPLACEMENT(#42,#1319);
#1321= IFCPLATE('0Ln59Ou957tRmfuV$eLb_2',#390,'PLATE-10','PL10*110',$,#1320,#1317,'ID15c45258-e091-47dd-bc29-e1ffe8565f82');
#1322= IFCQUANTITYAREA('NetArea',$,$,0.0283327639319144);
#1323= IFCQUANTITYVOLUME('NetVolume',$,$,0.000119878554847678);
#1324= IFCQUANTITYVOLUME('GrossVolume',$,$,0.000119878554847678);
#1325= IFCELEMENTQUANTITY('2TSTlIxhDAZPEoYTOWtpYA',#5,'BaseQuantities',$,$,(#1310,#1322,#1312,#1197,#1323,#1324));
#1326= IFCCARTESIANPOINT((0.,-4.99999999999909,0.));
#1327= IFCCARTESIANPOINT((-7.27595761418343E-12,-4.99999999999909,90.));
#1328= IFCCARTESIANPOINT((0.,4.99999999999636,90.));
#1329= IFCCARTESIANPOINT((7.27595761418343E-12,4.99999999999636,0.));
#1330= IFCPOLYLOOP((#1326,#1327,#1328,#1329));
#1331= IFCFACEOUTERBOUND(#1330,.T.);
#1332= IFCFACE((#1331));
#1333= IFCCARTESIANPOINT((3.90180644031352,-4.99999999999818,90.3842943919371));
#1334= IFCCARTESIANPOINT((3.9018064403208,4.99999999999727,90.3842943919371));
#1335= IFCPOLYLOOP((#1327,#1333,#1334,#1328));
#1336= IFCFACEOUTERBOUND(#1335,.T.);
#1337= IFCFACE((#1336));
#1338= IFCCARTESIANPOINT((7.65366864729731,-4.99999999999818,91.5224093497745));
#1339= IFCCARTESIANPOINT((7.65366864730458,4.99999999999818,91.5224093497745));
#1340= IFCPOLYLOOP((#1333,#1338,#1339,#1334));
#1341= IFCFACEOUTERBOUND(#1340,.T.);
#1342= IFCFACE((#1341));
#1343= IFCCARTESIANPOINT((11.1114046603907,-4.99999999999636,93.37060775395));
#1344= IFCCARTESIANPOINT((11.111404660398,4.99999999999909,93.37060775395));
#1345= IFCPOLYLOOP((#1338,#1343,#1344,#1339));
#1346= IFCFACEOUTERBOUND(#1345,.T.);
#1347= IFCFACE((#1346));
#1348= IFCCARTESIANPOINT((14.1421356237333,-4.99999999999545,95.8578643762703));
#1349= IFCCARTESIANPOINT((14.1421356237406,5.,95.8578643762703));
#1350= IFCPOLYLOOP((#1343,#1348,#1349,#1344));
#1351= IFCFACEOUTERBOUND(#1350,.T.);
#1352= IFCFACE((#1351));
#1353= IFCCARTESIANPOINT((16.6293922460536,-4.99999999999545,98.8885953396093));
#1354= IFCCARTESIANPOINT((16.6293922460609,5.,98.8885953396093));
#1355= IFCPOLYLOOP((#1348,#1353,#1354,#1349));
#1356= IFCFACEOUTERBOUND(#1355,.T.);
#1357= IFCFACE((#1356));
#1358= IFCCARTESIANPOINT((18.4775906502255,-4.99999999999454,102.346331352699));
#1359= IFCCARTESIANPOINT((18.4775906502327,5.00000000000091,102.346331352699));
#1360= IFCPOLYLOOP((#1353,#1358,#1359,#1354));
#1361= IFCFACEOUTERBOUND(#1360,.T.);
#1362= IFCFACE((#1361));
#1363= IFCCARTESIANPOINT((19.6157056080629,-4.99999999999454,106.098193559679));
#1364= IFCCARTESIANPOINT((19.6157056080701,5.00000000000091,106.098193559679));
#1365= IFCPOLYLOOP((#1358,#1363,#1364,#1359));
#1366= IFCFACEOUTERBOUND(#1365,.T.);
#1367= IFCFACE((#1366));
#1368= IFCCARTESIANPOINT((20.,-4.99999999999454,110.));
#1369= IFCCARTESIANPOINT((20.0000000000073,5.00000000000091,110.));
#1370= IFCPOLYLOOP((#1363,#1368,#1369,#1364));
#1371= IFCFACEOUTERBOUND(#1370,.T.);
#1372= IFCFACE((#1371));
#1373= IFCCARTESIANPOINT((130.000000000458,-4.99999999997181,110.));
#1374= IFCCARTESIANPOINT((130.000000000466,5.00000000002365,110.));
#1375= IFCPOLYLOOP((#1368,#1373,#1374,#1369));
#1376= IFCFACEOUTERBOUND(#1375,.T.);
#1377= IFCFACE((#1376));
#1378= IFCCARTESIANPOINT((130.000000000458,-4.99999999997181,50.));
#1379= IFCCARTESIANPOINT((130.000000000466,5.00000000002365,50.));
#1380= IFCPOLYLOOP((#1373,#1378,#1379,#1374));
#1381= IFCFACEOUTERBOUND(#1380,.T.);
#1382= IFCFACE((#1381));
#1383= IFCCARTESIANPOINT((50.0000000004147,-4.99999999998818,0.));
#1384= IFCCARTESIANPOINT((50.000000000422,5.00000000000728,0.));
#1385= IFCPOLYLOOP((#1378,#1383,#1384,#1379));
#1386= IFCFACEOUTERBOUND(#1385,.T.);
#1387= IFCFACE((#1386));
#1388= IFCPOLYLOOP((#1383,#1326,#1329,#1384));
#1389= IFCFACEOUTERBOUND(#1388,.T.);
#1390= IFCFACE((#1389));
#1391= IFCPOLYLOOP((#1334,#1339,#1344,#1349,#1354,#1359,#1364,#1369,#1374,#1379,#1384,#1329,#1328));
#1392= IFCFACEOUTERBOUND(#1391,.T.);
#1393= IFCFACE((#1392));
#1394= IFCPOLYLOOP((#1383,#1378,#1373,#1368,#1363,#1358,#1353,#1348,#1343,#1338,#1333,#1327,#1326));
#1395= IFCFACEOUTERBOUND(#1394,.T.);
#1396= IFCFACE((#1395));
#1397= IFCCLOSEDSHELL((#1332,#1337,#1342,#1347,#1352,#1357,#1362,#1367,#1372,#1377,#1382,#1387,#1390,#1393,#1396));
#1398= IFCFACETEDBREP(#1397);
#1399= IFCSTYLEDITEM(#1398,(#977),$);
#1400= IFCSHAPEREPRESENTATION(#12,'Body','Brep',(#1398));
#1401= IFCPRODUCTDEFINITIONSHAPE($,$,(#1400));
#1402= IFCCARTESIANPOINT((55314.7771679752,-6483.00054423921,16520.0007692249));
#1403= IFCAXIS2PLACEMENT3D(#1402,#9,#1170);
#1404= IFCLOCALPLACEMENT(#42,#1403);
#1405= IFCPLATE('1lxlaqsvzEaOAQX8GMjyAx',#390,'PLATE-10','PL10*110',$,#1404,#1401,'ID6feef934-db9f-4e91-829a-848416b7c2bb');
#1406= IFCPROPERTYSINGLEVALUE('Bottom elevation',$,IFCLABEL(' +16.520'),$);
#1407= IFCPROPERTYSINGLEVALUE('Top elevation',$,IFCLABEL(' +16.630'),$);
#1408= IFCPROPERTYSET('1lvZqZ0_L2yvZrJwGRoTEr',#5,'Tekla Common','Common Properties to Shared building elements',(#1406,#1407,#1177,#1300,#1179,#1180));
#1409= IFCQUANTITYAREA('NetArea',$,$,0.0283327639319149);
#1410= IFCQUANTITYVOLUME('NetVolume',$,$,0.000119878554846978);
#1411= IFCQUANTITYVOLUME('GrossVolume',$,$,0.000119878554846978);
#1412= IFCELEMENTQUANTITY('35N7rPVQjDPfIuZukCaI8r',#5,'BaseQuantities',$,$,(#1310,#1409,#1312,#1197,#1410,#1411));
#1413= IFCSHAPEREPRESENTATION(#12,'Body','Brep',(#1398));
#1414= IFCPRODUCTDEFINITIONSHAPE($,$,(#1413));
#1415= IFCCARTESIANPOINT((55314.7770368046,-6613.00054423914,16520.0007692249));
#1416= IFCAXIS2PLACEMENT3D(#1415,#9,#1170);
#1417= IFCLOCALPLACEMENT(#42,#1416);
#1418= IFCPLATE('3aVWUMkCr2MxvzszN6a9FD',#390,'PLATE-10','PL10*110',$,#1417,#1414,'IDe47e0796-b8cd-425b-be7d-dbd5c69093cd');
#1419= IFCQUANTITYAREA('NetArea',$,$,0.0283327639319148);
#1420= IFCQUANTITYVOLUME('NetVolume',$,$,0.000119878554849302);
#1421= IFCQUANTITYVOLUME('GrossVolume',$,$,0.000119878554849302);
#1422= IFCELEMENTQUANTITY('3VoTvSNMf2LgVnJzhIWFqu',#5,'BaseQuantities',$,$,(#1310,#1419,#1312,#1197,#1420,#1421));
#1423= IFCCARTESIANPOINT((349.999999999835,-5.,119.999999999811));
#1424= IFCCARTESIANPOINT((349.999999999834,5.,129.999999999825));
#1425= IFCCARTESIANPOINT((-2.81943357549608E-11,5.,130.000000000073));
#1426= IFCCARTESIANPOINT((-2.63753463514149E-11,-5.,120.000000000058));
#1427= IFCPOLYLOOP((#1423,#1424,#1425,#1426));
#1428= IFCFACEOUTERBOUND(#1427,.T.);
#1429= IFCFACE((#1428));
#1430= IFCCARTESIANPOINT((349.99999999986,5.,-2.40106601268053E-10));
#1431= IFCCARTESIANPOINT((349.999999999858,-5.,9.99999999975989));
#1432= IFCCARTESIANPOINT((-1.81898940354586E-12,-5.,10.0000000000073));
#1433= IFCPOLYLOOP((#1430,#1431,#1432,#1329));
#1434= IFCFACEOUTERBOUND(#1433,.T.);
#1435= IFCFACE((#1434));
#1436= IFCPOLYLOOP((#1329,#1432,#1426,#1425));
#1437= IFCFACEOUTERBOUND(#1436,.T.);
#1438= IFCFACE((#1437));
#1439= IFCPOLYLOOP((#1431,#1430,#1424,#1423));
#1440= IFCFACEOUTERBOUND(#1439,.T.);
#1441= IFCFACE((#1440));
#1442= IFCPOLYLOOP((#1424,#1430,#1329,#1425));
#1443= IFCFACEOUTERBOUND(#1442,.T.);
#1444= IFCFACE((#1443));
#1445= IFCPOLYLOOP((#1432,#1431,#1423,#1426));
#1446= IFCFACEOUTERBOUND(#1445,.T.);
#1447= IFCFACE((#1446));
#1448= IFCCLOSEDSHELL((#1429,#1435,#1438,#1441,#1444,#1447));
#1449= IFCFACETEDBREP(#1448);
#1450= IFCSTYLEDITEM(#1449,(#977),$);
#1451= IFCSHAPEREPRESENTATION(#12,'Body','Brep',(#1449));
#1452= IFCPRODUCTDEFINITIONSHAPE($,$,(#1451));
#1453= IFCCARTESIANPOINT((55314.776925814,-6723.00054423909,16875.0007692249));
#1454= IFCAXIS2PLACEMENT3D(#1453,#1170,#1227);
#1455= IFCLOCALPLACEMENT(#42,#1454);
#1456= IFCPLATE('1aLaGgKS16BODFzQB2z82S',#44,'PLATE-10','PL10*130',$,#1455,#1452,'ID6456442a-51c0-462d-834f-f5a2c2f4809c');
#1457= IFCPLATETYPE('2G2jM0hEr4R9RQxgGzE1h7',#5,'PL10*130',$,$,$,$,$,$,.NOTDEFINED.);
#1458= IFCPROPERTYSINGLEVALUE('Bottom elevation',$,IFCLABEL(' +16.870'),$);
#1459= IFCPROPERTYSINGLEVALUE('Top elevation',$,IFCLABEL(' +16.880'),$);
#1460= IFCPROPERTYSINGLEVALUE('Preliminary mark',$,IFCLABEL('5-2-P103'),$);
#1461= IFCPROPERTYSET('2rgT0McK9FTPMuqlPtlbto',#5,'Tekla Common','Common Properties to Shared building elements',(#1458,#1459,#1177,#1460,#1179,#1180));
#1462= IFCPROPERTYSINGLEVALUE('Weight',$,IFCMASSMEASURE(3.3),$);
#1463= IFCPROPERTYSINGLEVALUE('Gross footprint area',$,IFCAREAMEASURE(0.046),$);
#1464= IFCPROPERTYSINGLEVALUE('Area per tons',$,IFCAREAMEASURE(29.208),$);
#1465= IFCPROPERTYSINGLEVALUE('Net surface area',$,IFCAREAMEASURE(0.096),$);
#1466= IFCPROPERTYSINGLEVALUE('Height',$,IFCLENGTHMEASURE(130.),$);
#1467= IFCPROPERTYSINGLEVALUE('Length',$,IFCLENGTHMEASURE(350.),$);
#1468= IFCPROPERTYSET('2bMpwX8jb7EPmakl76snzK',#5,'Tekla Quantity','Quantity Properties to Shared building elements',(#1462,#1183,#1463,#1464,#1465,#1466,#1188,#1467));
#1469= IFCPROPERTYSINGLEVALUE('Reference',$,IFCIDENTIFIER('5-2-P103'),$);
#1470= IFCPROPERTYSET('3efsM0Ooz1tPY$ZGPZ89Na',#5,'Pset_PlateCommon','Common Properties to plate elements',(#1191,#1469));
#1471= IFCQUANTITYLENGTH('Width',$,$,130.000000000451);
#1472= IFCQUANTITYAREA('NetArea',$,$,0.0962994949366212);
#1473= IFCQUANTITYAREA('GrossArea',$,$,0.0455000000001371);
#1474= IFCQUANTITYVOLUME('NetVolume',$,$,0.000420000000017107);
#1475= IFCQUANTITYVOLUME('GrossVolume',$,$,0.000454999999999998);
#1476= IFCELEMENTQUANTITY('2C$ErliFb5lg67PEGKWH$D',#5,'BaseQuantities',$,$,(#1471,#1472,#1473,#1197,#1474,#1475));
#1477= IFCCARTESIANPOINT((349.999999999858,5.,9.99999999975989));
#1478= IFCCARTESIANPOINT((349.99999999986,-5.,-2.40106601268053E-10));
#1479= IFCCARTESIANPOINT((-1.81898940354586E-12,5.,10.0000000000073));
#1480= IFCPOLYLOOP((#1477,#1478,#1326,#1479));
#1481= IFCFACEOUTERBOUND(#1480,.T.);
#1482= IFCFACE((#1481));
#1483= IFCCARTESIANPOINT((349.999999999834,-5.,129.999999999825));
#1484= IFCCARTESIANPOINT((349.999999999835,5.,119.999999999811));
#1485= IFCCARTESIANPOINT((-2.63753463514149E-11,5.,120.000000000058));
#1486= IFCCARTESIANPOINT((-2.81943357549608E-11,-5.,130.000000000073));
#1487= IFCPOLYLOOP((#1483,#1484,#1485,#1486));
#1488= IFCFACEOUTERBOUND(#1487,.T.);
#1489= IFCFACE((#1488));
#1490= IFCPOLYLOOP((#1486,#1485,#1479,#1326));
#1491= IFCFACEOUTERBOUND(#1490,.T.);
#1492= IFCFACE((#1491));
#1493= IFCPOLYLOOP((#1484,#1483,#1478,#1477));
#1494= IFCFACEOUTERBOUND(#1493,.T.);
#1495= IFCFACE((#1494));
#1496= IFCPOLYLOOP((#1485,#1484,#1477,#1479));
#1497= IFCFACEOUTERBOUND(#1496,.T.);
#1498= IFCFACE((#1497));
#1499= IFCPOLYLOOP((#1478,#1483,#1486,#1326));
#1500= IFCFACEOUTERBOUND(#1499,.T.);
#1501= IFCFACE((#1500));
#1502= IFCCLOSEDSHELL((#1482,#1489,#1492,#1495,#1498,#1501));
#1503= IFCFACETEDBREP(#1502);
#1504= IFCSTYLEDITEM(#1503,(#977),$);
#1505= IFCSHAPEREPRESENTATION(#12,'Body','Brep',(#1503));
#1506= IFCPRODUCTDEFINITIONSHAPE($,$,(#1505));
#1507= IFCCARTESIANPOINT((55314.776925814,-6723.00054423909,16635.0007692249));
#1508= IFCAXIS2PLACEMENT3D(#1507,#1170,#1227);
#1509= IFCLOCALPLACEMENT(#42,#1508);
#1510= IFCPLATE('3XjJTcH5j1sgjO6JH_b3aW',#44,'PLATE-10','PL10*130',$,#1509,#1506,'IDe1b53766-445b-41da-ab58-19347e943920');
#1511= IFCPROPERTYSINGLEVALUE('Bottom elevation',$,IFCLABEL(' +16.630'),$);
#1512= IFCPROPERTYSINGLEVALUE('Top elevation',$,IFCLABEL(' +16.640'),$);
#1513= IFCPROPERTYSET('38uXdNvLT6cejDSlXtALcd',#5,'Tekla Common','Common Properties to Shared building elements',(#1511,#1512,#1177,#1460,#1179,#1180));
#1514= IFCQUANTITYAREA('NetArea',$,$,0.0962994949366208);
#1515= IFCQUANTITYVOLUME('NetVolume',$,$,0.000420000000005469);
#1516= IFCELEMENTQUANTITY('2fR2kNukb5JACtGlAhmbC3',#5,'BaseQuantities',$,$,(#1471,#1514,#1473,#1197,#1515,#1475));
#1517= IFCCARTESIANPOINT((3.9018064403208,0.901806440323526,19.6157056080629));
#1518= IFCCARTESIANPOINT((0.,-2.99999999999818,20.));
#1519= IFCCARTESIANPOINT((0.,-2.99999999999818,210.));
#1520= IFCCARTESIANPOINT((3.9018064403208,0.901806440323526,210.384294391937));
#1521= IFCCARTESIANPOINT((7.65366864731186,4.65366864730186,211.522409349775));
#1522= IFCCARTESIANPOINT((8.00000000000728,5.,211.70752731452));
#1523= IFCCARTESIANPOINT((8.00000000000728,5.,18.2924726854799));
#1524= IFCCARTESIANPOINT((7.65366864731186,4.65366864730186,18.4775906502255));
#1525= IFCPOLYLOOP((#1517,#1518,#1519,#1520,#1521,#1522,#1523,#1524));
#1526= IFCFACEOUTERBOUND(#1525,.T.);
#1527= IFCFACE((#1526));
#1528= IFCCARTESIANPOINT((0.,-4.99999999999727,210.));
#1529= IFCPOLYLOOP((#978,#1528,#1519,#1518));
#1530= IFCFACEOUTERBOUND(#1529,.T.);
#1531= IFCFACE((#1530));
#1532= IFCCARTESIANPOINT((3.90180644031352,-4.99999999999636,210.384294391937));
#1533= IFCPOLYLOOP((#1528,#1532,#1520,#1519));
#1534= IFCFACEOUTERBOUND(#1533,.T.);
#1535= IFCFACE((#1534));
#1536= IFCCARTESIANPOINT((7.65366864729731,-4.99999999999636,211.522409349775));
#1537= IFCPOLYLOOP((#1532,#1536,#1521,#1520));
#1538= IFCFACEOUTERBOUND(#1537,.T.);
#1539= IFCFACE((#1538));
#1540= IFCCARTESIANPOINT((11.1114046603907,-4.99999999999545,213.37060775395));
#1541= IFCCARTESIANPOINT((11.111404660398,5.00000000000091,213.37060775395));
#1542= IFCPOLYLOOP((#1536,#1540,#1541,#1522,#1521));
#1543= IFCFACEOUTERBOUND(#1542,.T.);
#1544= IFCFACE((#1543));
#1545= IFCCARTESIANPOINT((14.1421356237333,-4.99999999999454,215.85786437627));
#1546= IFCCARTESIANPOINT((14.1421356237406,5.00000000000091,215.85786437627));
#1547= IFCPOLYLOOP((#1540,#1545,#1546,#1541));
#1548= IFCFACEOUTERBOUND(#1547,.T.);
#1549= IFCFACE((#1548));
#1550= IFCCARTESIANPOINT((16.6293922460536,-4.99999999999363,218.888595339609));
#1551= IFCCARTESIANPOINT((16.6293922460609,5.00000000000182,218.888595339609));
#1552= IFCPOLYLOOP((#1545,#1550,#1551,#1546));
#1553= IFCFACEOUTERBOUND(#1552,.T.);
#1554= IFCFACE((#1553));
#1555= IFCCARTESIANPOINT((18.4775906502327,-4.99999999999363,222.346331352699));
#1556= IFCCARTESIANPOINT((18.4775906502327,5.00000000000273,222.346331352699));
#1557= IFCPOLYLOOP((#1550,#1555,#1556,#1551));
#1558= IFCFACEOUTERBOUND(#1557,.T.);
#1559= IFCFACE((#1558));
#1560= IFCCARTESIANPOINT((19.6157056080701,-4.99999999999363,226.098193559679));
#1561= IFCCARTESIANPOINT((19.6157056080774,5.00000000000273,226.098193559679));
#1562= IFCPOLYLOOP((#1555,#1560,#1561,#1556));
#1563= IFCFACEOUTERBOUND(#1562,.T.);
#1564= IFCFACE((#1563));
#1565= IFCCARTESIANPOINT((20.0000000000073,-4.99999999999363,230.));
#1566= IFCCARTESIANPOINT((20.0000000000146,5.00000000000273,230.));
#1567= IFCPOLYLOOP((#1560,#1565,#1566,#1561));
#1568= IFCFACEOUTERBOUND(#1567,.T.);
#1569= IFCFACE((#1568));
#1570= IFCCARTESIANPOINT((110.000000000051,-4.99999999997453,230.));
#1571= IFCCARTESIANPOINT((110.000000000058,5.00000000002092,230.));
#1572= IFCPOLYLOOP((#1565,#1570,#1571,#1566));
#1573= IFCFACEOUTERBOUND(#1572,.T.);
#1574= IFCFACE((#1573));
#1575= IFCCARTESIANPOINT((110.384294391988,-4.99999999997453,226.098193559679));
#1576= IFCCARTESIANPOINT((110.384294391995,5.00000000002092,226.098193559679));
#1577= IFCPOLYLOOP((#1570,#1575,#1576,#1571));
#1578= IFCFACEOUTERBOUND(#1577,.T.);
#1579= IFCFACE((#1578));
#1580= IFCCARTESIANPOINT((111.522409349833,-4.99999999997453,222.346331352699));
#1581= IFCCARTESIANPOINT((111.522409349833,5.00000000002092,222.346331352699));
#1582= IFCPOLYLOOP((#1575,#1580,#1581,#1576));
#1583= IFCFACEOUTERBOUND(#1582,.T.);
#1584= IFCFACE((#1583));
#1585= IFCCARTESIANPOINT((113.370607754005,-4.99999999997362,218.888595339609));
#1586= IFCCARTESIANPOINT((113.370607754012,5.00000000002183,218.888595339609));
#1587= IFCPOLYLOOP((#1580,#1585,#1586,#1581));
#1588= IFCFACEOUTERBOUND(#1587,.T.);
#1589= IFCFACE((#1588));
#1590= IFCCARTESIANPOINT((115.857864376325,-4.99999999997362,215.85786437627));
#1591= IFCCARTESIANPOINT((115.857864376332,5.00000000002183,215.85786437627));
#1592= IFCPOLYLOOP((#1585,#1590,#1591,#1586));
#1593= IFCFACEOUTERBOUND(#1592,.T.);
#1594= IFCFACE((#1593));
#1595= IFCCARTESIANPOINT((118.888595339668,-4.99999999997272,213.37060775395));
#1596= IFCCARTESIANPOINT((118.888595339675,5.00000000002274,213.37060775395));
#1597= IFCPOLYLOOP((#1590,#1595,#1596,#1591));
#1598= IFCFACEOUTERBOUND(#1597,.T.);
#1599= IFCFACE((#1598));
#1600= IFCCARTESIANPOINT((122.346331352754,-4.99999999997181,211.522409349775));
#1601= IFCCARTESIANPOINT((122.346331352761,5.00000000002456,211.522409349775));
#1602= IFCPOLYLOOP((#1595,#1600,#1601,#1596));
#1603= IFCFACEOUTERBOUND(#1602,.T.);
#1604= IFCFACE((#1603));
#1605= IFCCARTESIANPOINT((126.098193559745,-4.99999999997181,210.384294391937));
#1606= IFCCARTESIANPOINT((126.098193559752,5.00000000002456,210.384294391937));
#1607= IFCPOLYLOOP((#1600,#1605,#1606,#1601));
#1608= IFCFACEOUTERBOUND(#1607,.T.);
#1609= IFCFACE((#1608));
#1610= IFCCARTESIANPOINT((130.000000000065,-4.99999999996999,210.));
#1611= IFCCARTESIANPOINT((130.000000000073,5.00000000002547,210.));
#1612= IFCPOLYLOOP((#1605,#1610,#1611,#1606));
#1613= IFCFACEOUTERBOUND(#1612,.T.);
#1614= IFCFACE((#1613));
#1615= IFCPOLYLOOP((#1610,#1070,#1071,#1611));
#1616= IFCFACEOUTERBOUND(#1615,.T.);
#1617= IFCFACE((#1616));
#1618= IFCPOLYLOOP((#1141,#1140,#1145,#1524,#1523));
#1619= IFCFACEOUTERBOUND(#1618,.T.);
#1620= IFCFACE((#1619));
#1621= IFCPOLYLOOP((#1145,#1150,#1517,#1524));
#1622= IFCFACEOUTERBOUND(#1621,.T.);
#1623= IFCFACE((#1622));
#1624= IFCPOLYLOOP((#1150,#978,#1518,#1517));
#1625= IFCFACEOUTERBOUND(#1624,.T.);
#1626= IFCFACE((#1625));
#1627= IFCPOLYLOOP((#1541,#1546,#1551,#1556,#1561,#1566,#1571,#1576,#1581,#1586,#1591,#1596,#1601,#1606,#1611,#1071,#1076,#1081,#1086,#1091,#1096,#1101,#1106,#1111,#1116,#1121,#1126,#1131,#1136,#1141,#1523,#1522));
#1628= IFCFACEOUTERBOUND(#1627,.T.);
#1629= IFCFACE((#1628));
#1630= IFCPOLYLOOP((#1150,#1145,#1140,#1135,#1130,#1125,#1120,#1115,#1110,#1105,#1100,#1095,#1090,#1085,#1080,#1075,#1070,#1610,#1605,#1600,#1595,#1590,#1585,#1580,#1575,#1570,#1565,#1560,#1555,#1550,#1545,#1540,#1536,#1532,#1528,#978));
#1631= IFCFACEOUTERBOUND(#1630,.T.);
#1632= IFCFACE((#1631));
#1633= IFCCLOSEDSHELL((#1527,#1531,#1535,#1539,#1544,#1549,#1554,#1559,#1564,#1569,#1574,#1579,#1584,#1589,#1594,#1599,#1604,#1609,#1614,#1617,#1079,#1084,#1089,#1094,#1099,#1104,#1109,#1114,#1119,#1124,#1129,#1134,#1139,#1144,#1620,#1623,#1626,#1629,#1632));
#1634= IFCFACETEDBREP(#1633);
#1635= IFCSTYLEDITEM(#1634,(#977),$);
#1636= IFCSHAPEREPRESENTATION(#12,'Body','Brep',(#1634));
#1637= IFCPRODUCTDEFINITIONSHAPE($,$,(#1636));
#1638= IFCCARTESIANPOINT((55314.7770368046,-6613.00054423916,16640.0007692249));
#1639= IFCAXIS2PLACEMENT3D(#1638,#9,#1170);
#1640= IFCLOCALPLACEMENT(#42,#1639);
#1641= IFCPLATE('3uhzXu5d91lh7P8m0ElAmN',#179,'PLATE-10','PL10*130',$,#1640,#1637,'IDf8afd878-1672-41be-b1d9-23000ebcac17');
#1642= IFCPROPERTYSINGLEVALUE('Bottom elevation',$,IFCLABEL(' +16.640'),$);
#1643= IFCPROPERTYSINGLEVALUE('Top elevation',$,IFCLABEL(' +16.870'),$);
#1644= IFCPROPERTYSINGLEVALUE('Preliminary mark',$,IFCLABEL('5-2-P104'),$);
#1645= IFCPROPERTYSET('2W_nDQvOXCu89ok5wQY50c',#5,'Tekla Common','Common Properties to Shared building elements',(#1642,#1643,#1177,#1644,#1179,#1180));
#1646= IFCPROPERTYSINGLEVALUE('Weight',$,IFCMASSMEASURE(2.2),$);
#1647= IFCPROPERTYSINGLEVALUE('Area per tons',$,IFCAREAMEASURE(28.714),$);
#1648= IFCPROPERTYSINGLEVALUE('Net surface area',$,IFCAREAMEASURE(0.063),$);
#1649= IFCPROPERTYSINGLEVALUE('Length',$,IFCLENGTHMEASURE(230.),$);
#1650= IFCPROPERTYSET('3xLb9cQzj7x90Uglq5ytdx',#5,'Tekla Quantity','Quantity Properties to Shared building elements',(#1646,#1183,#1303,#1647,#1648,#1466,#1188,#1649));
#1651= IFCPROPERTYSINGLEVALUE('Reference',$,IFCIDENTIFIER('5-2-P104'),$);
#1652= IFCPROPERTYSET('20khQRGBD7k8pUKkrjy8Qs',#5,'Pset_PlateCommon','Common Properties to plate elements',(#1191,#1651));
#1653= IFCQUANTITYLENGTH('Width',$,$,130.000000000138);
#1654= IFCQUANTITYAREA('NetArea',$,$,0.0632061206819446);
#1655= IFCQUANTITYAREA('GrossArea',$,$,0.0299000000000318);
#1656= IFCQUANTITYVOLUME('NetVolume',$,$,0.000280412706933998);
#1657= IFCQUANTITYVOLUME('GrossVolume',$,$,0.000286514219396039);
#1658= IFCELEMENTQUANTITY('3SILVxdrXES8q08CH6eC88',#5,'BaseQuantities',$,$,(#1653,#1654,#1655,#1197,#1656,#1657));
#1659= IFCCARTESIANPOINT((7.65366864730458,-4.65366864729913,18.4775906502255));
#1660= IFCCARTESIANPOINT((8.00000000000728,-4.99999999999727,18.2924726854799));
#1661= IFCCARTESIANPOINT((8.00000000000728,-4.99999999999727,211.70752731452));
#1662= IFCCARTESIANPOINT((7.65366864730458,-4.65366864729913,211.522409349775));
#1663= IFCCARTESIANPOINT((3.9018064403208,-0.901806440322616,210.384294391937));
#1664= IFCCARTESIANPOINT((7.27595761418343E-12,2.99999999999727,210.));
#1665= IFCCARTESIANPOINT((7.27595761418343E-12,2.99999999999727,20.));
#1666= IFCCARTESIANPOINT((3.9018064403208,-0.901806440322616,19.6157056080629));
#1667= IFCPOLYLOOP((#1659,#1660,#1661,#1662,#1663,#1664,#1665,#1666));
#1668= IFCFACEOUTERBOUND(#1667,.T.);
#1669= IFCFACE((#1668));
#1670= IFCCARTESIANPOINT((7.27595761418343E-12,4.99999999999636,210.));
#1671= IFCPOLYLOOP((#1670,#981,#1665,#1664));
#1672= IFCFACEOUTERBOUND(#1671,.T.);
#1673= IFCFACE((#1672));
#1674= IFCCARTESIANPOINT((3.90180644032807,4.99999999999727,210.384294391937));
#1675= IFCPOLYLOOP((#1674,#1670,#1664,#1663));
#1676= IFCFACEOUTERBOUND(#1675,.T.);
#1677= IFCFACE((#1676));
#1678= IFCCARTESIANPOINT((7.65366864731186,4.99999999999818,211.522409349775));
#1679= IFCPOLYLOOP((#1678,#1674,#1663,#1662));
#1680= IFCFACEOUTERBOUND(#1679,.T.);
#1681= IFCFACE((#1680));
#1682= IFCPOLYLOOP((#1540,#1541,#1678,#1662,#1661));
#1683= IFCFACEOUTERBOUND(#1682,.T.);
#1684= IFCFACE((#1683));
#1685= IFCPOLYLOOP((#1146,#1141,#1140,#1660,#1659));
#1686= IFCFACEOUTERBOUND(#1685,.T.);
#1687= IFCFACE((#1686));
#1688= IFCPOLYLOOP((#1151,#1146,#1659,#1666));
#1689= IFCFACEOUTERBOUND(#1688,.T.);
#1690= IFCFACE((#1689));
#1691= IFCPOLYLOOP((#981,#1151,#1666,#1665));
#1692= IFCFACEOUTERBOUND(#1691,.T.);
#1693= IFCFACE((#1692));
#1694= IFCPOLYLOOP((#1674,#1678,#1541,#1546,#1551,#1556,#1561,#1566,#1571,#1576,#1581,#1586,#1591,#1596,#1601,#1606,#1611,#1071,#1076,#1081,#1086,#1091,#1096,#1101,#1106,#1111,#1116,#1121,#1126,#1131,#1136,#1141,#1146,#1151,#981,#1670));
#1695= IFCFACEOUTERBOUND(#1694,.T.);
#1696= IFCFACE((#1695));
#1697= IFCPOLYLOOP((#1140,#1135,#1130,#1125,#1120,#1115,#1110,#1105,#1100,#1095,#1090,#1085,#1080,#1075,#1070,#1610,#1605,#1600,#1595,#1590,#1585,#1580,#1575,#1570,#1565,#1560,#1555,#1550,#1545,#1540,#1661,#1660));
#1698= IFCFACEOUTERBOUND(#1697,.T.);
#1699= IFCFACE((#1698));
#1700= IFCCLOSEDSHELL((#1669,#1673,#1677,#1681,#1684,#1549,#1554,#1559,#1564,#1569,#1574,#1579,#1584,#1589,#1594,#1599,#1604,#1609,#1614,#1617,#1079,#1084,#1089,#1094,#1099,#1104,#1109,#1114,#1119,#1124,#1129,#1134,#1139,#1144,#1687,#1690,#1693,#1696,#1699));
#1701= IFCFACETEDBREP(#1700);
#1702= IFCSTYLEDITEM(#1701,(#977),$);
#1703= IFCSHAPEREPRESENTATION(#12,'Body','Brep',(#1701));
#1704= IFCPRODUCTDEFINITIONSHAPE($,$,(#1703));
#1705= IFCCARTESIANPOINT((55314.7771679752,-6483.00054423921,16640.0007692249));
#1706= IFCAXIS2PLACEMENT3D(#1705,#9,#1170);
#1707= IFCLOCALPLACEMENT(#42,#1706);
#1708= IFCPLATE('2T_JheDkLA3OkZsRZcKwfz',#179,'PLATE-10','PL10*130',$,#1707,#1704,'ID9df93ae8-36e5-4a0d-8ba3-d9b8e653aa7d');
#1709= IFCQUANTITYLENGTH('Width',$,$,130.000000000022);
#1710= IFCQUANTITYAREA('NetArea',$,$,0.0632061206818875);
#1711= IFCQUANTITYAREA('GrossArea',$,$,0.029900000000005);
#1712= IFCQUANTITYVOLUME('NetVolume',$,$,0.000280412706933884);
#1713= IFCELEMENTQUANTITY('1dKKhFoNz9MwRYf7sqw0Hj',#5,'BaseQuantities',$,$,(#1709,#1710,#1711,#1197,#1712,#1657));
#1714= IFCCOLOURRGB('Light Red',0.905882352941176,0.325490196078431,0.36078431372549);
#1715= IFCSURFACESTYLERENDERING(#1714,0.,$,$,$,$,IFCNORMALISEDRATIOMEASURE(0.00390625),IFCSPECULAREXPONENT(10.),.NOTDEFINED.);
#1716= IFCSURFACESTYLE('STEEL/S275',.POSITIVE.,(#1715));
#1717= IFCPRESENTATIONSTYLEASSIGNMENT((#1716));
#1718= IFCCARTESIANPOINT((1.81898940354586E-12,-6.,0.));
#1719= IFCCARTESIANPOINT((9.09494701772928E-13,-6.,250.));
#1720= IFCCARTESIANPOINT((-1.81898940354586E-12,6.,250.));
#1721= IFCCARTESIANPOINT((-9.09494701772928E-13,6.,0.));
#1722= IFCPOLYLOOP((#1718,#1719,#1720,#1721));
#1723= IFCFACEOUTERBOUND(#1722,.T.);
#1724= IFCFACE((#1723));
#1725= IFCCARTESIANPOINT((349.999999999861,-6.00000000024738,250.));
#1726= IFCCARTESIANPOINT((349.999999999859,5.99999999975262,250.));
#1727= IFCPOLYLOOP((#1719,#1725,#1726,#1720));
#1728= IFCFACEOUTERBOUND(#1727,.T.);
#1729= IFCFACE((#1728));
#1730= IFCCARTESIANPOINT((349.999999999861,-6.00000000024738,0.));
#1731= IFCCARTESIANPOINT((349.999999999859,5.99999999975262,0.));
#1732= IFCPOLYLOOP((#1725,#1730,#1731,#1726));
#1733= IFCFACEOUTERBOUND(#1732,.T.);
#1734= IFCFACE((#1733));
#1735= IFCPOLYLOOP((#1730,#1718,#1721,#1731));
#1736= IFCFACEOUTERBOUND(#1735,.T.);
#1737= IFCFACE((#1736));
#1738= IFCPOLYLOOP((#1726,#1731,#1721,#1720));
#1739= IFCFACEOUTERBOUND(#1738,.T.);
#1740= IFCFACE((#1739));
#1741= IFCPOLYLOOP((#1730,#1725,#1719,#1718));
#1742= IFCFACEOUTERBOUND(#1741,.T.);
#1743= IFCFACE((#1742));
#1744= IFCCLOSEDSHELL((#1724,#1729,#1734,#1737,#1740,#1743));
#1745= IFCFACETEDBREP(#1744);
#1746= IFCSTYLEDITEM(#1745,(#1717),$);
#1747= IFCSHAPEREPRESENTATION(#12,'Body','Brep',(#1745));
#1748= IFCPRODUCTDEFINITIONSHAPE($,$,(#1747));
#1749= IFCCARTESIANPOINT((55178.7772789656,-6373.00040701607,16630.0007692249));
#1750= IFCAXIS2PLACEMENT3D(#1749,#9,#898);
#1751= IFCLOCALPLACEMENT(#42,#1750);
#1752= IFCPLATE('1iTbzTyhrBIhk1Qi3gcvTt',#179,'PLATE-12','PL12*250',$,#1751,#1748,'ID6c765f5d-f2bd-4b4a-bb81-6ac0ea9b9777');
#1753= IFCPLATETYPE('1K9CHJ01jEsObcNqBmgjeH',#5,'PL12*250',$,$,$,$,$,$,.NOTDEFINED.);
#1754= IFCPROPERTYSINGLEVALUE('Preliminary mark',$,IFCLABEL('5-2-P28'),$);
#1755= IFCPROPERTYSINGLEVALUE('Class',$,IFCLABEL('16'),$);
#1756= IFCPROPERTYSET('2N9EeOT7r54xoo4NjNmoqi',#5,'Tekla Common','Common Properties to Shared building elements',(#1511,#1459,#1177,#1754,#1179,#1755));
#1757= IFCPROPERTYSINGLEVALUE('Weight',$,IFCMASSMEASURE(8.24),$);
#1758= IFCPROPERTYSINGLEVALUE('Volume',$,IFCVOLUMEMEASURE(0.001),$);
#1759= IFCPROPERTYSINGLEVALUE('Gross footprint area',$,IFCAREAMEASURE(0.004),$);
#1760= IFCPROPERTYSINGLEVALUE('Area per tons',$,IFCAREAMEASURE(22.978),$);
#1761= IFCPROPERTYSINGLEVALUE('Net surface area',$,IFCAREAMEASURE(0.189),$);
#1762= IFCPROPERTYSINGLEVALUE('Height',$,IFCLENGTHMEASURE(250.),$);
#1763= IFCPROPERTYSINGLEVALUE('Width',$,IFCLENGTHMEASURE(12.),$);
#1764= IFCPROPERTYSET('1oz$rNRij7mQlgUIThwaL_',#5,'Tekla Quantity','Quantity Properties to Shared building elements',(#1757,#1758,#1759,#1760,#1761,#1762,#1763,#1467));
#1765= IFCPROPERTYSINGLEVALUE('Reference',$,IFCIDENTIFIER('5-2-P28'),$);
#1766= IFCPROPERTYSET('2A6cLF5XnDVBbPYEXvtCf8',#5,'Pset_PlateCommon','Common Properties to plate elements',(#1191,#1765));
#1767= IFCQUANTITYLENGTH('Width',$,$,250.);
#1768= IFCQUANTITYAREA('NetArea',$,$,0.189399999999933);
#1769= IFCQUANTITYAREA('GrossArea',$,$,0.0874999999999329);
#1770= IFCQUANTITYAREA('CrossSectionArea',$,$,0.000144);
#1771= IFCQUANTITYVOLUME('NetVolume',$,$,0.00105000000000858);
#1772= IFCQUANTITYVOLUME('GrossVolume',$,$,0.00105000000000858);
#1773= IFCELEMENTQUANTITY('2XXOGk9kT4Lh03OqtHKHum',#5,'BaseQuantities',$,$,(#1767,#1768,#1769,#1770,#1771,#1772));
#1774= IFCCOLOURRGB('Light Blue',0.23921568627451,0.,0.63921568627451);
#1775= IFCSURFACESTYLERENDERING(#1774,0.,$,$,$,$,IFCNORMALISEDRATIOMEASURE(0.00390625),IFCSPECULAREXPONENT(10.),.NOTDEFINED.);
#1776= IFCSURFACESTYLE('STEEL/S275',.POSITIVE.,(#1775));
#1777= IFCPRESENTATIONSTYLEASSIGNMENT((#1776));
#1778= IFCCARTESIANPOINT((1.81898940354586E-12,-10.0000000000073,0.));
#1779= IFCCARTESIANPOINT((1.81898940354586E-12,-10.0000000000073,470.));
#1780= IFCCARTESIANPOINT((-2.72848410531878E-12,10.0000000000073,470.));
#1781= IFCCARTESIANPOINT((-2.72848410531878E-12,10.0000000000073,0.));
#1782= IFCPOLYLOOP((#1778,#1779,#1780,#1781));
#1783= IFCFACEOUTERBOUND(#1782,.T.);
#1784= IFCFACE((#1783));
#1785= IFCCARTESIANPOINT((349.999999999862,-10.0000000002547,470.));
#1786= IFCCARTESIANPOINT((349.999999999857,9.99999999975989,470.));
#1787= IFCPOLYLOOP((#1779,#1785,#1786,#1780));
#1788= IFCFACEOUTERBOUND(#1787,.T.);
#1789= IFCFACE((#1788));
#1790= IFCCARTESIANPOINT((349.999999999862,-10.0000000002547,0.));
#1791= IFCCARTESIANPOINT((349.999999999857,9.99999999975989,0.));
#1792= IFCPOLYLOOP((#1785,#1790,#1791,#1786));
#1793= IFCFACEOUTERBOUND(#1792,.T.);
#1794= IFCFACE((#1793));
#1795= IFCPOLYLOOP((#1790,#1778,#1781,#1791));
#1796= IFCFACEOUTERBOUND(#1795,.T.);
#1797= IFCFACE((#1796));
#1798= IFCPOLYLOOP((#1786,#1791,#1781,#1780));
#1799= IFCFACEOUTERBOUND(#1798,.T.);
#1800= IFCFACE((#1799));
#1801= IFCPOLYLOOP((#1790,#1785,#1779,#1778));
#1802= IFCFACEOUTERBOUND(#1801,.T.);
#1803= IFCFACE((#1802));
#1804= IFCCLOSEDSHELL((#1784,#1789,#1794,#1797,#1800,#1803));
#1805= IFCFACETEDBREP(#1804);
#1806= IFCSTYLEDITEM(#1805,(#1777),$);
#1807= IFCSHAPEREPRESENTATION(#12,'Body','Brep',(#1805));
#1808= IFCPRODUCTDEFINITIONSHAPE($,$,(#1807));
#1809= IFCCARTESIANPOINT((55324.776925814,-6723.00055432892,16520.0007692249));
#1810= IFCAXIS2PLACEMENT3D(#1809,#9,#1227);
#1811= IFCLOCALPLACEMENT(#42,#1810);
#1812= IFCPLATE('24QZyyf9H1mgue36hT9MIW',#179,'PLATE-20','PL20*350',$,#1811,#1808,'ID846a3f3c-a494-41c2-ae28-0c6add2564a0');
#1813= IFCPLATETYPE('1S2LJ$nsj63fFYEAumECEr',#5,'PL20*350',$,$,$,$,$,$,.NOTDEFINED.);
#1814= IFCPROPERTYSINGLEVALUE('Preliminary mark',$,IFCLABEL('5-2-P27'),$);
#1815= IFCPROPERTYSINGLEVALUE('Class',$,IFCLABEL('14'),$);
#1816= IFCPROPERTYSET('2Fcy_bOoH69RbRzwCB0OfT',#5,'Tekla Common','Common Properties to Shared building elements',(#1406,#1299,#1177,#1814,#1179,#1815));
#1817= IFCPROPERTYSINGLEVALUE('Weight',$,IFCMASSMEASURE(25.83),$);
#1818= IFCPROPERTYSINGLEVALUE('Volume',$,IFCVOLUMEMEASURE(0.003),$);
#1819= IFCPROPERTYSINGLEVALUE('Gross footprint area',$,IFCAREAMEASURE(0.007),$);
#1820= IFCPROPERTYSINGLEVALUE('Area per tons',$,IFCAREAMEASURE(14.009),$);
#1821= IFCPROPERTYSINGLEVALUE('Net surface area',$,IFCAREAMEASURE(0.362),$);
#1822= IFCPROPERTYSINGLEVALUE('Height',$,IFCLENGTHMEASURE(350.),$);
#1823= IFCPROPERTYSINGLEVALUE('Width',$,IFCLENGTHMEASURE(20.),$);
#1824= IFCPROPERTYSINGLEVALUE('Length',$,IFCLENGTHMEASURE(470.),$);
#1825= IFCPROPERTYSET('1mj0J7vPf5mB56yz3iHSPO',#5,'Tekla Quantity','Quantity Properties to Shared building elements',(#1817,#1818,#1819,#1820,#1821,#1822,#1823,#1824));
#1826= IFCPROPERTYSINGLEVALUE('Reference',$,IFCIDENTIFIER('5-2-P27'),$);
#1827= IFCPROPERTYSET('2JF57yCTfDyRyuaTQX_3yF',#5,'Pset_PlateCommon','Common Properties to plate elements',(#1191,#1826));
#1828= IFCQUANTITYLENGTH('Width',$,$,349.999999999738);
#1829= IFCQUANTITYAREA('NetArea',$,$,0.361799999999881);
#1830= IFCQUANTITYAREA('GrossArea',$,$,0.164499999999877);
#1831= IFCQUANTITYAREA('CrossSectionArea',$,$,0.0004);
#1832= IFCQUANTITYVOLUME('NetVolume',$,$,0.00329000000000119);
#1833= IFCQUANTITYVOLUME('GrossVolume',$,$,0.00329000000000119);
#1834= IFCELEMENTQUANTITY('0LpGU8nhv6gxUnRkwwD5SK',#5,'BaseQuantities',$,$,(#1828,#1829,#1830,#1831,#1832,#1833));
#1835= IFCCOLOURRGB('Dark Blue',0.117647058823529,0.262745098039216,0.513725490196078);
#1836= IFCSURFACESTYLERENDERING(#1835,0.,$,$,$,$,IFCNORMALISEDRATIOMEASURE(0.00390625),IFCSPECULAREXPONENT(10.),.NOTDEFINED.);
#1837= IFCSURFACESTYLE('STEEL/S275',.POSITIVE.,(#1836));
#1838= IFCPRESENTATIONSTYLEASSIGNMENT((#1837));
#1839= IFCCARTESIANPOINT((1227.99999999985,-125.,174.9999999999));
#1840= IFCCARTESIANPOINT((1237.99999999987,-115.,164.999999999895));
#1841= IFCCARTESIANPOINT((1237.99999999987,115.,164.999999999895));
#1842= IFCCARTESIANPOINT((1227.99999999985,125.,174.9999999999));
#1843= IFCPOLYLOOP((#1839,#1840,#1841,#1842));
#1844= IFCFACEOUTERBOUND(#1843,.T.);
#1845= IFCFACE((#1844));
#1846= IFCCARTESIANPOINT((1238.00000000073,-115.,-165.000000000212));
#1847= IFCCARTESIANPOINT((1228.00000000076,-125.,-175.000000000213));
#1848= IFCCARTESIANPOINT((1228.00000000076,125.,-175.000000000213));
#1849= IFCCARTESIANPOINT((1238.00000000073,115.,-165.000000000212));
#1850= IFCPOLYLOOP((#1846,#1847,#1848,#1849));
#1851= IFCFACEOUTERBOUND(#1850,.T.);
#1852= IFCFACE((#1851));
#1853= IFCPOLYLOOP((#1847,#1846,#1840,#1839));
#1854= IFCFACEOUTERBOUND(#1853,.T.);
#1855= IFCFACE((#1854));
#1856= IFCPOLYLOOP((#1849,#1848,#1842,#1841));
#1857= IFCFACEOUTERBOUND(#1856,.T.);
#1858= IFCFACE((#1857));
#1859= IFCCARTESIANPOINT((4.36557456851006E-10,115.,-165.000000000055));
#1860= IFCCARTESIANPOINT((4.36557456851006E-10,-115.,-165.000000000055));
#1861= IFCPOLYLOOP((#1859,#1860,#1846,#1849));
#1862= IFCFACEOUTERBOUND(#1861,.T.);
#1863= IFCFACE((#1862));
#1864= IFCCARTESIANPOINT((-4.22005541622639E-10,-115.,165.000000000053));
#1865= IFCPOLYLOOP((#1860,#1864,#1840,#1846));
#1866= IFCFACEOUTERBOUND(#1865,.T.);
#1867= IFCFACE((#1866));
#1868= IFCCARTESIANPOINT((-4.22005541622639E-10,115.,165.000000000053));
#1869= IFCPOLYLOOP((#1864,#1868,#1841,#1840));
#1870= IFCFACEOUTERBOUND(#1869,.T.);
#1871= IFCFACE((#1870));
#1872= IFCPOLYLOOP((#1868,#1859,#1849,#1841));
#1873= IFCFACEOUTERBOUND(#1872,.T.);
#1874= IFCFACE((#1873));
#1875= IFCCARTESIANPOINT((4.65661287307739E-10,125.,-175.000000000057));
#1876= IFCCARTESIANPOINT((-4.43833414465189E-10,125.,175.000000000056));
#1877= IFCPOLYLOOP((#1875,#1876,#1842,#1848));
#1878= IFCFACEOUTERBOUND(#1877,.T.);
#1879= IFCFACE((#1878));
#1880= IFCCARTESIANPOINT((-4.43833414465189E-10,-125.,175.000000000056));
#1881= IFCPOLYLOOP((#1876,#1880,#1839,#1842));
#1882= IFCFACEOUTERBOUND(#1881,.T.);
#1883= IFCFACE((#1882));
#1884= IFCCARTESIANPOINT((4.65661287307739E-10,-125.,-175.000000000057));
#1885= IFCPOLYLOOP((#1880,#1884,#1847,#1839));
#1886= IFCFACEOUTERBOUND(#1885,.T.);
#1887= IFCFACE((#1886));
#1888= IFCPOLYLOOP((#1884,#1875,#1848,#1847));
#1889= IFCFACEOUTERBOUND(#1888,.T.);
#1890= IFCFACE((#1889));
#1891= IFCPOLYLOOP((#1846,#1849,#1841,#1840));
#1892= IFCFACEOUTERBOUND(#1891,.T.);
#1893= IFCPOLYLOOP((#1840,#1841,#1849,#1846));
#1894= IFCFACEBOUND(#1893,.T.);
#1895= IFCFACE((#1892,#1894));
#1896= IFCPOLYLOOP((#1884,#1880,#1876,#1875));
#1897= IFCFACEOUTERBOUND(#1896,.T.);
#1898= IFCPOLYLOOP((#1868,#1864,#1860,#1859));
#1899= IFCFACEBOUND(#1898,.T.);
#1900= IFCFACE((#1897,#1899));
#1901= IFCCLOSEDSHELL((#1845,#1852,#1855,#1858,#1863,#1867,#1871,#1874,#1879,#1883,#1887,#1890,#1895,#1900));
#1902= IFCFACETEDBREP(#1901);
#1903= IFCSTYLEDITEM(#1902,(#1838),$);
#1904= IFCSHAPEREPRESENTATION(#12,'Body','Brep',(#1902));
#1905= IFCPRODUCTDEFINITIONSHAPE($,$,(#1904));
#1906= IFCCARTESIANPOINT((53934.7771023888,-6547.9994041435,16755.0007692249));
#1907= IFCAXIS2PLACEMENT3D(#1906,#8,#7);
#1908= IFCLOCALPLACEMENT(#42,#1907);
#1909= IFCBEAM('0CIN_d_ff2h9gNuYUqJ$ZE',#179,'B2-\S\?\S\Z350x250x10','TUB350X250X10 ',$,#1908,#1905,'ID0c497fa7-fa9a-42ac-9a97-e227b44ff8ce');
#1910= IFCBEAMTYPE('1CIqBzI2H848xVXqFCmwh9',#5,'TUB350X250X10 ',$,$,$,$,$,$,.NOTDEFINED.);
#1911= IFCPROPERTYSINGLEVALUE('Preliminary mark',$,IFCLABEL('5-2-P38'),$);
#1912= IFCPROPERTYSINGLEVALUE('Class',$,IFCLABEL('4'),$);
#1913= IFCPROPERTYSET('0c7Lt8JFX5nhvsw8jgy4zu',#5,'Tekla Common','Common Properties to Shared building elements',(#1511,#1459,#1177,#1911,#1179,#1912));
#1914= IFCPROPERTYSINGLEVALUE('Weight',$,IFCMASSMEASURE(112.27),$);
#1915= IFCPROPERTYSINGLEVALUE('Volume',$,IFCVOLUMEMEASURE(0.014),$);
#1916= IFCPROPERTYSINGLEVALUE('Gross footprint area',$,IFCAREAMEASURE(0.433),$);
#1917= IFCPROPERTYSINGLEVALUE('Area per tons',$,IFCAREAMEASURE(13.241),$);
#1918= IFCPROPERTYSINGLEVALUE('Net surface area',$,IFCAREAMEASURE(1.487),$);
#1919= IFCPROPERTYSINGLEVALUE('Width',$,IFCLENGTHMEASURE(250.),$);
#1920= IFCPROPERTYSINGLEVALUE('Length',$,IFCLENGTHMEASURE(1238.),$);
#1921= IFCPROPERTYSET('0dl1ON3eb5PhQkjOLTPAFa',#5,'Tekla Quantity','Quantity Properties to Shared building elements',(#1914,#1915,#1916,#1917,#1918,#1822,#1919,#1920));
#1922= IFCPROPERTYSINGLEVALUE('Reference',$,IFCIDENTIFIER('5-2-P38'),$);
#1923= IFCPROPERTYSET('0UGe42w496lvmoyh3KjKB3',#5,'Pset_BeamCommon','Common Properties to beam elements',(#1191,#1922));
#1924= IFCQUANTITYLENGTH('Length',$,$,1238.00000000163);
#1925= IFCQUANTITYAREA('OuterSurfaceArea',$,$,1.48655545156422);
#1926= IFCQUANTITYVOLUME('NetVolume',$,$,0.0143021333333315);
#1927= IFCQUANTITYWEIGHT('NetWeight',$,$,112.271746666652);
#1928= IFCELEMENTQUANTITY('3AKIeMA0L6VfRLcbcOzKqi',#5,'BaseQuantities',$,$,(#1924,#1925,#1926,#1927));
#1929= IFCCOLOURRGB('Light Magenta',0.686274509803922,0.505882352941176,0.752941176470588);
#1930= IFCSURFACESTYLERENDERING(#1929,0.,$,$,$,$,IFCNORMALISEDRATIOMEASURE(0.00390625),IFCSPECULAREXPONENT(10.),.NOTDEFINED.);
#1931= IFCSURFACESTYLE('STEEL/S275',.POSITIVE.,(#1930));
#1932= IFCPRESENTATIONSTYLEASSIGNMENT((#1931));
#1933= IFCCARTESIANPOINT((0.,-4.,0.));
#1934= IFCCARTESIANPOINT((0.,-4.,30.));
#1935= IFCCARTESIANPOINT((0.,4.,30.));
#1936= IFCCARTESIANPOINT((0.,4.,0.));
#1937= IFCPOLYLOOP((#1933,#1934,#1935,#1936));
#1938= IFCFACEOUTERBOUND(#1937,.T.);
#1939= IFCFACE((#1938));
#1940= IFCCARTESIANPOINT((64.,-4.,80.));
#1941= IFCCARTESIANPOINT((64.,4.,80.));
#1942= IFCPOLYLOOP((#1934,#1940,#1941,#1935));
#1943= IFCFACEOUTERBOUND(#1942,.T.);
#1944= IFCFACE((#1943));
#1945= IFCCARTESIANPOINT((114.,-4.,80.));
#1946= IFCCARTESIANPOINT((114.,4.,80.));
#1947= IFCPOLYLOOP((#1940,#1945,#1946,#1941));
#1948= IFCFACEOUTERBOUND(#1947,.T.);
#1949= IFCFACE((#1948));
#1950= IFCCARTESIANPOINT((114.,-4.,20.));
#1951= IFCCARTESIANPOINT((114.,4.,20.));
#1952= IFCPOLYLOOP((#1945,#1950,#1951,#1946));
#1953= IFCFACEOUTERBOUND(#1952,.T.);
#1954= IFCFACE((#1953));
#1955= IFCCARTESIANPOINT((110.098193559679,-4.,19.6157056080629));
#1956= IFCCARTESIANPOINT((110.098193559679,4.,19.6157056080629));
#1957= IFCPOLYLOOP((#1950,#1955,#1956,#1951));
#1958= IFCFACEOUTERBOUND(#1957,.T.);
#1959= IFCFACE((#1958));
#1960= IFCCARTESIANPOINT((106.346331352695,-4.,18.4775906502255));
#1961= IFCCARTESIANPOINT((106.346331352695,4.,18.4775906502255));
#1962= IFCPOLYLOOP((#1955,#1960,#1961,#1956));
#1963= IFCFACEOUTERBOUND(#1962,.T.);
#1964= IFCFACE((#1963));
#1965= IFCCARTESIANPOINT((102.888595339609,-4.,16.62939224605));
#1966= IFCCARTESIANPOINT((102.888595339609,4.,16.62939224605));
#1967= IFCPOLYLOOP((#1960,#1965,#1966,#1961));
#1968= IFCFACEOUTERBOUND(#1967,.T.);
#1969= IFCFACE((#1968));
#1970= IFCCARTESIANPOINT((99.8578643762667,-4.,14.1421356237297));
#1971= IFCCARTESIANPOINT((99.8578643762667,4.,14.1421356237297));
#1972= IFCPOLYLOOP((#1965,#1970,#1971,#1966));
#1973= IFCFACEOUTERBOUND(#1972,.T.);
#1974= IFCFACE((#1973));
#1975= IFCCARTESIANPOINT((97.3706077539464,-4.,11.1114046603907));
#1976= IFCCARTESIANPOINT((97.3706077539464,4.,11.1114046603907));
#1977= IFCPOLYLOOP((#1970,#1975,#1976,#1971));
#1978= IFCFACEOUTERBOUND(#1977,.T.);
#1979= IFCFACE((#1978));
#1980= IFCCARTESIANPOINT((95.5224093497745,-4.,7.65366864730095));
#1981= IFCCARTESIANPOINT((95.5224093497745,4.,7.65366864730095));
#1982= IFCPOLYLOOP((#1975,#1980,#1981,#1976));
#1983= IFCFACEOUTERBOUND(#1982,.T.);
#1984= IFCFACE((#1983));
#1985= IFCCARTESIANPOINT((94.3842943919371,-4.,3.9018064403208));
#1986= IFCCARTESIANPOINT((94.3842943919371,4.,3.9018064403208));
#1987= IFCPOLYLOOP((#1980,#1985,#1986,#1981));
#1988= IFCFACEOUTERBOUND(#1987,.T.);
#1989= IFCFACE((#1988));
#1990= IFCCARTESIANPOINT((94.,-4.,0.));
#1991= IFCCARTESIANPOINT((94.,4.,0.));
#1992= IFCPOLYLOOP((#1985,#1990,#1991,#1986));
#1993= IFCFACEOUTERBOUND(#1992,.T.);
#1994= IFCFACE((#1993));
#1995= IFCPOLYLOOP((#1990,#1933,#1936,#1991));
#1996= IFCFACEOUTERBOUND(#1995,.T.);
#1997= IFCFACE((#1996));
#1998= IFCPOLYLOOP((#1941,#1946,#1951,#1956,#1961,#1966,#1971,#1976,#1981,#1986,#1991,#1936,#1935));
#1999= IFCFACEOUTERBOUND(#1998,.T.);
#2000= IFCFACE((#1999));
#2001= IFCPOLYLOOP((#1990,#1985,#1980,#1975,#1970,#1965,#1960,#1955,#1950,#1945,#1940,#1934,#1933));
#2002= IFCFACEOUTERBOUND(#2001,.T.);
#2003= IFCFACE((#2002));
#2004= IFCCLOSEDSHELL((#1939,#1944,#1949,#1954,#1959,#1964,#1969,#1974,#1979,#1984,#1989,#1994,#1997,#2000,#2003));
#2005= IFCFACETEDBREP(#2004);
#2006= IFCSTYLEDITEM(#2005,(#1932),$);
#2007= IFCSHAPEREPRESENTATION(#12,'Body','Brep',(#2005));
#2008= IFCPRODUCTDEFINITIONSHAPE($,$,(#2007));
#2009= IFCCARTESIANPOINT((53934.7808850097,-6422.99969642951,19239.9353389305));
#2010= IFCAXIS2PLACEMENT3D(#2009,#9,#7);
#2011= IFCLOCALPLACEMENT(#42,#2010);
#2012= IFCPLATE('2_2NHd0I1DzwYWK02Op2_y',#390,'PLATE-8','PL8*80',$,#2011,#2008,'IDbe097467-0120-4df7-a8a0-500098cc2fbc');
#2013= IFCPLATETYPE('2JBhGIbi53ZxuJl88hJ$9H',#5,'PL8*80',$,$,$,$,$,$,.NOTDEFINED.);
#2014= IFCPROPERTYSINGLEVALUE('Bottom elevation',$,IFCLABEL(' +19.240'),$);
#2015= IFCPROPERTYSINGLEVALUE('Top elevation',$,IFCLABEL(' +19.320'),$);
#2016= IFCPROPERTYSINGLEVALUE('Preliminary mark',$,IFCLABEL('5-2-P66(?)'),$);
#2017= IFCPROPERTYSINGLEVALUE('Class',$,IFCLABEL('12'),$);
#2018= IFCPROPERTYSET('180I83xx9DVfymTl_97JU$',#5,'Tekla Common','Common Properties to Shared building elements',(#2014,#2015,#1177,#2016,#1179,#2017));
#2019= IFCPROPERTYSINGLEVALUE('Weight',$,IFCMASSMEASURE(0.45),$);
#2020= IFCPROPERTYSINGLEVALUE('Gross footprint area',$,IFCAREAMEASURE(0.),$);
#2021= IFCPROPERTYSINGLEVALUE('Area per tons',$,IFCAREAMEASURE(37.972),$);
#2022= IFCPROPERTYSINGLEVALUE('Net surface area',$,IFCAREAMEASURE(0.017),$);
#2023= IFCPROPERTYSINGLEVALUE('Height',$,IFCLENGTHMEASURE(80.),$);
#2024= IFCPROPERTYSINGLEVALUE('Width',$,IFCLENGTHMEASURE(8.),$);
#2025= IFCPROPERTYSINGLEVALUE('Length',$,IFCLENGTHMEASURE(114.),$);
#2026= IFCPROPERTYSET('3oBidAbfP9nxRMmSEQ3ItN',#5,'Tekla Quantity','Quantity Properties to Shared building elements',(#2019,#1183,#2020,#2021,#2022,#2023,#2024,#2025));
#2027= IFCPROPERTYSINGLEVALUE('Reference',$,IFCIDENTIFIER('5-2-P66'),$);
#2028= IFCPROPERTYSET('0J1XbNPrn8ihUj91Ac5jlq',#5,'Pset_PlateCommon','Common Properties to plate elements',(#1191,#2027));
#2029= IFCQUANTITYLENGTH('Width',$,$,80.);
#2030= IFCQUANTITYAREA('NetArea',$,$,0.017188360944928);
#2031= IFCQUANTITYAREA('GrossArea',$,$,0.00912);
#2032= IFCQUANTITYAREA('CrossSectionArea',$,$,6.4E-05);
#2033= IFCQUANTITYVOLUME('NetVolume',$,$,5.76628438776699E-05);
#2034= IFCQUANTITYVOLUME('GrossVolume',$,$,5.76628438776699E-05);
#2035= IFCELEMENTQUANTITY('3zRONZDSbBsAy7_1v$ZhEj',#5,'BaseQuantities',$,$,(#2029,#2030,#2031,#2032,#2033,#2034));
#2036= IFCSHAPEREPRESENTATION(#12,'Body','Brep',(#2005));
#2037= IFCPRODUCTDEFINITIONSHAPE($,$,(#2036));
#2038= IFCCARTESIANPOINT((54184.7791149903,-6422.99969642951,19239.9353389305));
#2039= IFCDIRECTION((-1.,0.,0.));
#2040= IFCAXIS2PLACEMENT3D(#2038,#9,#2039);
#2041= IFCLOCALPLACEMENT(#42,#2040);
#2042= IFCPLATE('3owABS4C16De5af2_uxjkB',#390,'PLATE-8','PL8*80',$,#2041,#2037,'IDf2e8a2dc-10c0-4636-8164-a42fb8eedb8b');
#2043= IFCQUANTITYAREA('NetArea',$,$,0.0171883609449281);
#2044= IFCQUANTITYVOLUME('NetVolume',$,$,5.76628438786254E-05);
#2045= IFCQUANTITYVOLUME('GrossVolume',$,$,5.76628438786254E-05);
#2046= IFCELEMENTQUANTITY('3Jpzk0e811ofo76IA21TeD',#5,'BaseQuantities',$,$,(#2029,#2043,#2031,#2032,#2044,#2045));
#2047= IFCSHAPEREPRESENTATION(#12,'Body','Brep',(#2005));
#2048= IFCPRODUCTDEFINITIONSHAPE($,$,(#2047));
#2049= IFCCARTESIANPOINT((53934.7808850097,-6672.99969642951,19239.9353389315));
#2050= IFCAXIS2PLACEMENT3D(#2049,#9,#7);
#2051= IFCLOCALPLACEMENT(#42,#2050);
#2052= IFCPLATE('0mIGiwypvBIh1lR3unVqvl',#390,'PLATE-8','PL8*80',$,#2051,#2048,'ID30490b3a-f33e-4b4a-b06f-6c3e317f4e6f');
#2053= IFCQUANTITYVOLUME('NetVolume',$,$,5.76628438775646E-05);
#2054= IFCQUANTITYVOLUME('GrossVolume',$,$,5.76628438775646E-05);
#2055= IFCELEMENTQUANTITY('0CVkxFjhfDLfQzGZQoRoiP',#5,'BaseQuantities',$,$,(#2029,#2030,#2031,#2032,#2053,#2054));
#2056= IFCSHAPEREPRESENTATION(#12,'Body','Brep',(#2005));
#2057= IFCPRODUCTDEFINITIONSHAPE($,$,(#2056));
#2058= IFCCARTESIANPOINT((54184.7791149903,-6672.99969642951,19239.9353389315));
#2059= IFCAXIS2PLACEMENT3D(#2058,#9,#2039);
#2060= IFCLOCALPLACEMENT(#42,#2059);
#2061= IFCPLATE('15OTFQZNDEdPLN4ufkt6eo',#390,'PLATE-8','PL8*80',$,#2060,#2057,'ID4561d3da-8d73-4e9d-9557-138a6edc6a32');
#2062= IFCQUANTITYVOLUME('NetVolume',$,$,5.76628438787297E-05);
#2063= IFCQUANTITYVOLUME('GrossVolume',$,$,5.76628438787297E-05);
#2064= IFCELEMENTQUANTITY('22UkGQtZjAcRdzbVXT9VbK',#5,'BaseQuantities',$,$,(#2029,#2043,#2031,#2032,#2062,#2063));
#2065= IFCCOLOURRGB('Dark Red',0.752941176470588,0.16078431372549,0.552941176470588);
#2066= IFCSURFACESTYLERENDERING(#2065,0.,$,$,$,$,IFCNORMALISEDRATIOMEASURE(0.00390625),IFCSPECULAREXPONENT(10.),.NOTDEFINED.);
#2067= IFCSURFACESTYLE('STEEL/S275',.POSITIVE.,(#2066));
#2068= IFCPRESENTATIONSTYLEASSIGNMENT((#2067));
#2069= IFCCARTESIANPOINT((25.8269577029678,-1.,310.600738525612));
#2070= IFCCARTESIANPOINT((19.3464376149022,-11.,301.382670503633));
#2071= IFCCARTESIANPOINT((175.887916431431,-11.,2.13276507565752E-10));
#2072= IFCCARTESIANPOINT((187.156402587949,-1.,2.26918928092346E-10));
#2073= IFCPOLYLOOP((#2069,#2070,#2071,#2072));
#2074= IFCFACEOUTERBOUND(#2073,.T.);
#2075= IFCFACE((#2074));
#2076= IFCCARTESIANPOINT((19.3464376149022,11.,301.382670503633));
#2077= IFCCARTESIANPOINT((25.8269577029678,1.,310.600738525612));
#2078= IFCCARTESIANPOINT((187.156402587949,1.,2.26918928092346E-10));
#2079= IFCCARTESIANPOINT((175.887916431431,11.,2.13276507565752E-10));
#2080= IFCPOLYLOOP((#2076,#2077,#2078,#2079));
#2081= IFCFACEOUTERBOUND(#2080,.T.);
#2082= IFCFACE((#2081));
#2083= IFCCARTESIANPOINT((3.63797880709171E-12,-11.,3.18323145620525E-12));
#2084= IFCCARTESIANPOINT((-21.6593395073505,-11.,2.37567957578767));
#2085= IFCCARTESIANPOINT((-21.6593395073505,11.,2.37567957578767));
#2086= IFCCARTESIANPOINT((3.63797880709171E-12,11.,3.18323145620525E-12));
#2087= IFCPOLYLOOP((#2083,#2084,#2085,#2086));
#2088= IFCFACEOUTERBOUND(#2087,.T.);
#2089= IFCFACE((#2088));
#2090= IFCCARTESIANPOINT((-42.2904186153901,-11.,9.38491749294053));
#2091= IFCCARTESIANPOINT((-42.2904186153901,11.,9.38491749294053));
#2092= IFCPOLYLOOP((#2084,#2090,#2091,#2085));
#2093= IFCFACEOUTERBOUND(#2092,.T.);
#2094= IFCFACE((#2093));
#2095= IFCCARTESIANPOINT((-60.9143227811292,-11.,20.6951356591321));
#2096= IFCCARTESIANPOINT((-60.9143227811292,11.,20.6951356591321));
#2097= IFCPOLYLOOP((#2090,#2095,#2096,#2091));
#2098= IFCFACEOUTERBOUND(#2097,.T.);
#2099= IFCFACE((#2098));
#2100= IFCCARTESIANPOINT((-76.647374978289,-11.,35.769680756845));
#2101= IFCCARTESIANPOINT((-76.647374978289,11.,35.769680756845));
#2102= IFCPOLYLOOP((#2095,#2100,#2101,#2096));
#2103= IFCFACEOUTERBOUND(#2102,.T.);
#2104= IFCFACE((#2103));
#2105= IFCCARTESIANPOINT((-88.743064880342,-11.,53.8932876587528));
#2106= IFCCARTESIANPOINT((-88.743064880342,11.,53.8932876587528));
#2107= IFCPOLYLOOP((#2100,#2105,#2106,#2101));
#2108= IFCFACEOUTERBOUND(#2107,.T.);
#2109= IFCFACE((#2108));
#2110= IFCCARTESIANPOINT((-96.6131464219216,-11.,74.2135106018709));
#2111= IFCCARTESIANPOINT((-96.6131464219216,11.,74.2135106018709));
#2112= IFCPOLYLOOP((#2105,#2110,#2111,#2106));
#2113= IFCFACEOUTERBOUND(#2112,.T.);
#2114= IFCFACE((#2113));
#2115= IFCCARTESIANPOINT((-99.8982610276835,-11.,95.75550832623));
#2116= IFCCARTESIANPOINT((-99.8982610276835,11.,95.75550832623));
#2117= IFCPOLYLOOP((#2110,#2115,#2116,#2111));
#2118= IFCFACEOUTERBOUND(#2117,.T.);
#2119= IFCFACE((#2118));
#2120= IFCCARTESIANPOINT((-98.4426473438944,-11.,117.497882454486));
#2121= IFCCARTESIANPOINT((-98.4426473438944,11.,117.497882454486));
#2122= IFCPOLYLOOP((#2115,#2120,#2121,#2116));
#2123= IFCFACEOUTERBOUND(#2122,.T.);
#2124= IFCFACE((#2123));
#2125= IFCCARTESIANPOINT((-92.3153222497494,-11.,138.409733905763));
#2126= IFCCARTESIANPOINT((-92.3153222497494,11.,138.409733905763));
#2127= IFCPOLYLOOP((#2120,#2125,#2126,#2121));
#2128= IFCFACEOUTERBOUND(#2127,.T.);
#2129= IFCFACE((#2128));
#2130= IFCCARTESIANPOINT((-81.8068084715414,-11.,157.499542236464));
#2131= IFCCARTESIANPOINT((-81.8068084715414,11.,157.499542236464));
#2132= IFCPOLYLOOP((#2125,#2130,#2131,#2126));
#2133= IFCFACEOUTERBOUND(#2132,.T.);
#2134= IFCFACE((#2133));
#2135= IFCPOLYLOOP((#2077,#2076,#2131,#2130,#2070,#2069));
#2136= IFCFACEOUTERBOUND(#2135,.T.);
#2137= IFCFACE((#2136));
#2138= IFCPOLYLOOP((#2078,#2077,#2069,#2072));
#2139= IFCFACEOUTERBOUND(#2138,.T.);
#2140= IFCFACE((#2139));
#2141= IFCPOLYLOOP((#2083,#2086,#2079,#2078,#2072,#2071));
#2142= IFCFACEOUTERBOUND(#2141,.T.);
#2143= IFCFACE((#2142));
#2144= IFCPOLYLOOP((#2086,#2085,#2091,#2096,#2101,#2106,#2111,#2116,#2121,#2126,#2131,#2076,#2079));
#2145= IFCFACEOUTERBOUND(#2144,.T.);
#2146= IFCFACE((#2145));
#2147= IFCPOLYLOOP((#2130,#2125,#2120,#2115,#2110,#2105,#2100,#2095,#2090,#2084,#2083,#2071,#2070));
#2148= IFCFACEOUTERBOUND(#2147,.T.);
#2149= IFCFACE((#2148));
#2150= IFCCLOSEDSHELL((#2075,#2082,#2089,#2094,#2099,#2104,#2109,#2114,#2119,#2124,#2129,#2134,#2137,#2140,#2143,#2146,#2149));
#2151= IFCFACETEDBREP(#2150);
#2152= IFCSTYLEDITEM(#2151,(#2068),$);
#2153= IFCSHAPEREPRESENTATION(#12,'Body','Brep',(#2151));
#2154= IFCPRODUCTDEFINITIONSHAPE($,$,(#2153));
#2155= IFCCARTESIANPOINT((54059.7825955528,-6459.26907173786,19406.0880248574));
#2156= IFCDIRECTION((0.,-0.88743064935972,-0.460941257186842));
#2157= IFCDIRECTION((0.,0.460941257186841,-0.88743064935972));
#2158= IFCAXIS2PLACEMENT3D(#2155,#2156,#2157);
#2159= IFCLOCALPLACEMENT(#42,#2158);
#2160= IFCPLATE('3Xzk4S0H1FEv$X1v6wD6mj',#390,'PLATE-22','PL22*220',$,#2159,#2154,'IDe1f6e11c-0110-4f3b-9fe1-0791ba346c2d');
#2161= IFCPLATETYPE('1qrL5Wamf1whfv2w_cMF5z',#5,'PL22*220',$,$,$,$,$,$,.NOTDEFINED.);
#2162= IFCPROPERTYSINGLEVALUE('Top elevation',$,IFCLABEL(' +19.460'),$);
#2163= IFCPROPERTYSINGLEVALUE('Preliminary mark',$,IFCLABEL('5-2-P7(?)'),$);
#2164= IFCPROPERTYSINGLEVALUE('Class',$,IFCLABEL('79'),$);
#2165= IFCPROPERTYSET('08B$mrC_bF082bLBR9rdIk',#5,'Tekla Common','Common Properties to Shared building elements',(#2014,#2162,#1177,#2163,#1179,#2164));
#2166= IFCPROPERTYSINGLEVALUE('Weight',$,IFCMASSMEASURE(8.46),$);
#2167= IFCPROPERTYSINGLEVALUE('Area per tons',$,IFCAREAMEASURE(13.888),$);
#2168= IFCPROPERTYSINGLEVALUE('Net surface area',$,IFCAREAMEASURE(0.117),$);
#2169= IFCPROPERTYSINGLEVALUE('Height',$,IFCLENGTHMEASURE(220.),$);
#2170= IFCPROPERTYSINGLEVALUE('Width',$,IFCLENGTHMEASURE(22.),$);
#2171= IFCPROPERTYSET('1mwsBockz8TvDD9ddIbFHA',#5,'Tekla Quantity','Quantity Properties to Shared building elements',(#2166,#1758,#2020,#2167,#2168,#2169,#2170,#1467));
#2172= IFCPROPERTYSINGLEVALUE('Reference',$,IFCIDENTIFIER('5-2-P7'),$);
#2173= IFCPROPERTYSET('3Cb2U$oFbBYg9vJpFfgqvM',#5,'Pset_PlateCommon','Common Properties to plate elements',(#1191,#2172));
#2174= IFCQUANTITYLENGTH('Width',$,$,220.00000423826);
#2175= IFCQUANTITYAREA('NetArea',$,$,0.117446344085069);
#2176= IFCQUANTITYAREA('GrossArea',$,$,0.0770000041734917);
#2177= IFCQUANTITYAREA('CrossSectionArea',$,$,0.000484);
#2178= IFCQUANTITYVOLUME('NetVolume',$,$,0.00107729967821431);
#2179= IFCQUANTITYVOLUME('GrossVolume',$,$,0.00111195343385261);
#2180= IFCELEMENTQUANTITY('1srLEpvbvAbOJpAJDGWLTD',#5,'BaseQuantities',$,$,(#2174,#2175,#2176,#2177,#2178,#2179));
#2181= IFCCOLOURRGB('Dark Magenta',0.572549019607843,0.219607843137255,0.694117647058824);
#2182= IFCSURFACESTYLERENDERING(#2181,0.,$,$,$,$,IFCNORMALISEDRATIOMEASURE(0.00390625),IFCSPECULAREXPONENT(10.),.NOTDEFINED.);
#2183= IFCSURFACESTYLE('STEEL/S275',.POSITIVE.,(#2182));
#2184= IFCPRESENTATIONSTYLEASSIGNMENT((#2183));
#2185= IFCCARTESIANPOINT((-7.27595761418343E-12,6.,330.));
#2186= IFCCARTESIANPOINT((13.9999999999927,-8.,316.));
#2187= IFCCARTESIANPOINT((216.,-8.,316.));
#2188= IFCCARTESIANPOINT((230.,6.,330.));
#2189= IFCPOLYLOOP((#2185,#2186,#2187,#2188));
#2190= IFCFACEOUTERBOUND(#2189,.T.);
#2191= IFCFACE((#2190));
#2192= IFCCARTESIANPOINT((216.,-8.,14.));
#2193= IFCCARTESIANPOINT((230.,6.,0.));
#2194= IFCPOLYLOOP((#2192,#2193,#2188,#2187));
#2195= IFCFACEOUTERBOUND(#2194,.T.);
#2196= IFCFACE((#2195));
#2197= IFCCARTESIANPOINT((14.,-8.,14.));
#2198= IFCPOLYLOOP((#2197,#1721,#2193,#2192));
#2199= IFCFACEOUTERBOUND(#2198,.T.);
#2200= IFCFACE((#2199));
#2201= IFCPOLYLOOP((#1721,#2197,#2186,#2185));
#2202= IFCFACEOUTERBOUND(#2201,.T.);
#2203= IFCFACE((#2202));
#2204= IFCCARTESIANPOINT((-7.27595761418343E-12,8.,330.));
#2205= IFCCARTESIANPOINT((0.,8.,0.));
#2206= IFCPOLYLOOP((#2204,#2205,#1721,#2185));
#2207= IFCFACEOUTERBOUND(#2206,.T.);
#2208= IFCFACE((#2207));
#2209= IFCCARTESIANPOINT((230.,8.,330.));
#2210= IFCPOLYLOOP((#2209,#2204,#2185,#2188));
#2211= IFCFACEOUTERBOUND(#2210,.T.);
#2212= IFCFACE((#2211));
#2213= IFCCARTESIANPOINT((230.,8.,0.));
#2214= IFCPOLYLOOP((#2213,#2209,#2188,#2193));
#2215= IFCFACEOUTERBOUND(#2214,.T.);
#2216= IFCFACE((#2215));
#2217= IFCPOLYLOOP((#2205,#2213,#2193,#1721));
#2218= IFCFACEOUTERBOUND(#2217,.T.);
#2219= IFCFACE((#2218));
#2220= IFCPOLYLOOP((#2209,#2213,#2205,#2204));
#2221= IFCFACEOUTERBOUND(#2220,.T.);
#2222= IFCFACE((#2221));
#2223= IFCPOLYLOOP((#2197,#2192,#2187,#2186));
#2224= IFCFACEOUTERBOUND(#2223,.T.);
#2225= IFCFACE((#2224));
#2226= IFCCLOSEDSHELL((#2191,#2196,#2200,#2203,#2208,#2212,#2216,#2219,#2222,#2225));
#2227= IFCFACETEDBREP(#2226);
#2228= IFCSTYLEDITEM(#2227,(#2184),$);
#2229= IFCSHAPEREPRESENTATION(#12,'Body','Brep',(#2227));
#2230= IFCPRODUCTDEFINITIONSHAPE($,$,(#2229));
#2231= IFCCARTESIANPOINT((54174.7825955528,-6383.0009663758,19231.9997011097));
#2232= IFCAXIS2PLACEMENT3D(#2231,#469,#2039);
#2233= IFCLOCALPLACEMENT(#42,#2232);
#2234= IFCPLATE('1qVhFX1f12vhXgE3Uh8tfh',#179,'PLATE-16','PL16*230',$,#2233,#2230,'ID747eb3e1-0690-42e6-b86a-3837ab237a6b');
#2235= IFCPLATETYPE('1dA8ZgpY5DjwpgWsUEtCN8',#5,'PL16*230',$,$,$,$,$,$,.NOTDEFINED.);
#2236= IFCPROPERTYSINGLEVALUE('Bottom elevation',$,IFCLABEL(' +19.224'),$);
#2237= IFCPROPERTYSINGLEVALUE('Top elevation',$,IFCLABEL(' +19.240'),$);
#2238= IFCPROPERTYSINGLEVALUE('Preliminary mark',$,IFCLABEL('5-2-P108(?)'),$);
#2239= IFCPROPERTYSINGLEVALUE('Class',$,IFCLABEL('77'),$);
#2240= IFCPROPERTYSET('0O$pCdCLj4dAqkwLrxVd9d',#5,'Tekla Common','Common Properties to Shared building elements',(#2236,#2237,#1177,#2238,#1179,#2239));
#2241= IFCPROPERTYSINGLEVALUE('Weight',$,IFCMASSMEASURE(8.7),$);
#2242= IFCPROPERTYSINGLEVALUE('Gross footprint area',$,IFCAREAMEASURE(0.076),$);
#2243= IFCPROPERTYSINGLEVALUE('Area per tons',$,IFCAREAMEASURE(18.415),$);
#2244= IFCPROPERTYSINGLEVALUE('Net surface area',$,IFCAREAMEASURE(0.16),$);
#2245= IFCPROPERTYSINGLEVALUE('Height',$,IFCLENGTHMEASURE(230.),$);
#2246= IFCPROPERTYSINGLEVALUE('Width',$,IFCLENGTHMEASURE(16.),$);
#2247= IFCPROPERTYSINGLEVALUE('Length',$,IFCLENGTHMEASURE(330.),$);
#2248= IFCPROPERTYSET('0nyJxTJNXCOO_IV8RaoRtq',#5,'Tekla Quantity','Quantity Properties to Shared building elements',(#2241,#1758,#2242,#2243,#2244,#2245,#2246,#2247));
#2249= IFCPROPERTYSINGLEVALUE('Reference',$,IFCIDENTIFIER('5-2-P108'),$);
#2250= IFCPROPERTYSET('0UmxWdkMH7$u0XQaCaWECu',#5,'Pset_PlateCommon','Common Properties to plate elements',(#1191,#2249));
#2251= IFCQUANTITYLENGTH('Width',$,$,230.000000000007);
#2252= IFCQUANTITYAREA('NetArea',$,$,0.160210125225112);
#2253= IFCQUANTITYAREA('GrossArea',$,$,0.0759000000000024);
#2254= IFCQUANTITYAREA('CrossSectionArea',$,$,0.000256);
#2255= IFCQUANTITYVOLUME('NetVolume',$,$,0.00110829866666669);
#2256= IFCQUANTITYVOLUME('GrossVolume',$,$,0.00121440000000002);
#2257= IFCELEMENTQUANTITY('2ygzAch3D9_fIDWSMVpFv9',#5,'BaseQuantities',$,$,(#2251,#2252,#2253,#2254,#2255,#2256));
#2258= IFCCARTESIANPOINT((0.,-3.,1.81898940354586E-12));
#2259= IFCCARTESIANPOINT((-1.45519152283669E-11,-3.00000000023283,329.999999999869));
#2260= IFCCARTESIANPOINT((-1.45519152283669E-11,2.99999999977445,329.999999999868));
#2261= IFCCARTESIANPOINT((0.,3.00000000000728,0.));
#2262= IFCPOLYLOOP((#2258,#2259,#2260,#2261));
#2263= IFCFACEOUTERBOUND(#2262,.T.);
#2264= IFCFACE((#2263));
#2265= IFCCARTESIANPOINT((230.,-3.00000000023283,329.999999999869));
#2266= IFCCARTESIANPOINT((230.,2.99999999977445,329.999999999868));
#2267= IFCPOLYLOOP((#2259,#2265,#2266,#2260));
#2268= IFCFACEOUTERBOUND(#2267,.T.);
#2269= IFCFACE((#2268));
#2270= IFCCARTESIANPOINT((230.,-3.,3.63797880709171E-12));
#2271= IFCCARTESIANPOINT((230.,3.00000000000728,1.81898940354586E-12));
#2272= IFCPOLYLOOP((#2265,#2270,#2271,#2266));
#2273= IFCFACEOUTERBOUND(#2272,.T.);
#2274= IFCFACE((#2273));
#2275= IFCPOLYLOOP((#2270,#2258,#2261,#2271));
#2276= IFCFACEOUTERBOUND(#2275,.T.);
#2277= IFCFACE((#2276));
#2278= IFCPOLYLOOP((#2266,#2271,#2261,#2260));
#2279= IFCFACEOUTERBOUND(#2278,.T.);
#2280= IFCFACE((#2279));
#2281= IFCPOLYLOOP((#2270,#2265,#2259,#2258));
#2282= IFCFACEOUTERBOUND(#2281,.T.);
#2283= IFCFACE((#2282));
#2284= IFCCLOSEDSHELL((#2264,#2269,#2274,#2277,#2280,#2283));
#2285= IFCFACETEDBREP(#2284);
#2286= IFCSTYLEDITEM(#2285,(#1838),$);
#2287= IFCSHAPEREPRESENTATION(#12,'Body','Brep',(#2285));
#2288= IFCPRODUCTDEFINITIONSHAPE($,$,(#2287));
#2289= IFCCARTESIANPOINT((53947.7769359037,-6712.99941726034,16870.0007692249));
#2290= IFCAXIS2PLACEMENT3D(#2289,#1227,#468);
#2291= IFCLOCALPLACEMENT(#42,#2290);
#2292= IFCPLATE('2CjEbpEJT7Wxk7s01X4ugq',#179,'PLATE-6','PL6*230',$,#2291,#2288,'ID8cb4e973-3937-4783-bb87-d80061138ab4');
#2293= IFCPLATETYPE('2LXgaPFQP7rAIJSm5PQ4BL',#5,'PL6*230',$,$,$,$,$,$,.NOTDEFINED.);
#2294= IFCPROPERTYSINGLEVALUE('Preliminary mark',$,IFCLABEL('5-2-P107'),$);
#2295= IFCPROPERTYSINGLEVALUE('Class',$,IFCLABEL('18'),$);
#2296= IFCPROPERTYSET('0OIIxLGEb9w8EL3P1L_c5o',#5,'Tekla Common','Common Properties to Shared building elements',(#1642,#1643,#1177,#2294,#1179,#2295));
#2297= IFCPROPERTYSINGLEVALUE('Weight',$,IFCMASSMEASURE(3.57),$);
#2298= IFCPROPERTYSINGLEVALUE('Gross footprint area',$,IFCAREAMEASURE(0.002),$);
#2299= IFCPROPERTYSINGLEVALUE('Area per tons',$,IFCAREAMEASURE(44.343),$);
#2300= IFCPROPERTYSINGLEVALUE('Net surface area',$,IFCAREAMEASURE(0.159),$);
#2301= IFCPROPERTYSINGLEVALUE('Width',$,IFCLENGTHMEASURE(6.),$);
#2302= IFCPROPERTYSET('1dZZBvBOXDuwc5Q1meU$SU',#5,'Tekla Quantity','Quantity Properties to Shared building elements',(#2297,#1183,#2298,#2299,#2300,#2245,#2301,#2247));
#2303= IFCPROPERTYSINGLEVALUE('Reference',$,IFCIDENTIFIER('5-2-P107'),$);
#2304= IFCPROPERTYSET('24mRKpFTj9AQ1nrkVUr4uX',#5,'Pset_PlateCommon','Common Properties to plate elements',(#1191,#2303));
#2305= IFCQUANTITYLENGTH('Width',$,$,230.000000000015);
#2306= IFCQUANTITYAREA('NetArea',$,$,0.158519999999946);
#2307= IFCQUANTITYAREA('GrossArea',$,$,0.0758999999999452);
#2308= IFCQUANTITYAREA('CrossSectionArea',$,$,3.6E-05);
#2309= IFCQUANTITYVOLUME('NetVolume',$,$,0.000455399999989986);
#2310= IFCQUANTITYVOLUME('GrossVolume',$,$,0.000455399999989986);
#2311= IFCELEMENTQUANTITY('2Z5qSv4CX9rPe4j4unllCK',#5,'BaseQuantities',$,$,(#2305,#2306,#2307,#2308,#2309,#2310));
#2312= IFCCARTESIANPOINT((2359.99893188477,125.,-175.));
#2313= IFCCARTESIANPOINT((2359.99893188477,-125.,-175.));
#2314= IFCPOLYLOOP((#1884,#1875,#2312,#2313));
#2315= IFCFACEOUTERBOUND(#2314,.T.);
#2316= IFCFACE((#2315));
#2317= IFCCARTESIANPOINT((2359.99893188477,-125.,175.));
#2318= IFCPOLYLOOP((#1880,#1884,#2313,#2317));
#2319= IFCFACEOUTERBOUND(#2318,.T.);
#2320= IFCFACE((#2319));
#2321= IFCCARTESIANPOINT((2359.99893188477,125.,175.));
#2322= IFCPOLYLOOP((#1876,#1880,#2317,#2321));
#2323= IFCFACEOUTERBOUND(#2322,.T.);
#2324= IFCFACE((#2323));
#2325= IFCPOLYLOOP((#1875,#1876,#2321,#2312));
#2326= IFCFACEOUTERBOUND(#2325,.T.);
#2327= IFCFACE((#2326));
#2328= IFCCARTESIANPOINT((2359.99893188477,-115.,165.));
#2329= IFCCARTESIANPOINT((2359.99893188477,-115.,-165.));
#2330= IFCPOLYLOOP((#1860,#1864,#2328,#2329));
#2331= IFCFACEOUTERBOUND(#2330,.T.);
#2332= IFCFACE((#2331));
#2333= IFCCARTESIANPOINT((2359.99893188477,115.,165.));
#2334= IFCPOLYLOOP((#1864,#1868,#2333,#2328));
#2335= IFCFACEOUTERBOUND(#2334,.T.);
#2336= IFCFACE((#2335));
#2337= IFCCARTESIANPOINT((2359.99893188477,115.,-165.));
#2338= IFCPOLYLOOP((#1868,#1859,#2337,#2333));
#2339= IFCFACEOUTERBOUND(#2338,.T.);
#2340= IFCFACE((#2339));
#2341= IFCPOLYLOOP((#2317,#2313,#2312,#2321));
#2342= IFCFACEOUTERBOUND(#2341,.T.);
#2343= IFCPOLYLOOP((#2328,#2333,#2337,#2329));
#2344= IFCFACEBOUND(#2343,.T.);
#2345= IFCFACE((#2342,#2344));
#2346= IFCPOLYLOOP((#1859,#1860,#2329,#2337));
#2347= IFCFACEOUTERBOUND(#2346,.T.);
#2348= IFCFACE((#2347));
#2349= IFCCLOSEDSHELL((#2316,#2320,#2324,#2327,#2332,#2336,#2340,#2345,#2348,#1900));
#2350= IFCFACETEDBREP(#2349);
#2351= IFCSTYLEDITEM(#2350,(#1838),$);
#2352= IFCSHAPEREPRESENTATION(#12,'Body','Brep',(#2350));
#2353= IFCPRODUCTDEFINITIONSHAPE($,$,(#2352));
#2354= IFCCARTESIANPOINT((54059.7825955528,-6548.00096637581,16880.0007692249));
#2355= IFCAXIS2PLACEMENT3D(#2354,#8,#9);
#2356= IFCLOCALPLACEMENT(#42,#2355);
#2357= IFCCOLUMN('25r2joMwnETu62iCSTP24Z',#179,'B2-\S\?\S\Z350x250x10','TUB350X250X10 ',$,#2356,#2353,'ID85d42b72-5bac-4e77-8182-b0c71d642123');
#2358= IFCCOLUMNTYPE('3riMP4bN10Ox5gdQMWhgfy',#5,'TUB350X250X10 ',$,$,$,$,$,$,.NOTDEFINED.);
#2359= IFCPROPERTYSINGLEVALUE('Preliminary mark',$,IFCLABEL('5-2-P33(?)'),$);
#2360= IFCPROPERTYSET('0wB8s4ZVb01uSBKZ3u2$_7',#5,'Tekla Common','Common Properties to Shared building elements',(#1298,#2237,#1177,#2359,#1179,#1912));
#2361= IFCPROPERTYSINGLEVALUE('Weight',$,IFCMASSMEASURE(214.9),$);
#2362= IFCPROPERTYSINGLEVALUE('Volume',$,IFCVOLUMEMEASURE(0.027),$);
#2363= IFCPROPERTYSINGLEVALUE('Gross footprint area',$,IFCAREAMEASURE(0.012),$);
#2364= IFCPROPERTYSINGLEVALUE('Area per tons',$,IFCAREAMEASURE(13.169),$);
#2365= IFCPROPERTYSINGLEVALUE('Net surface area',$,IFCAREAMEASURE(2.83),$);
#2366= IFCPROPERTYSINGLEVALUE('Length',$,IFCLENGTHMEASURE(2360.),$);
#2367= IFCPROPERTYSET('1_9TdHSCL9KR55wAO7dMzO',#5,'Tekla Quantity','Quantity Properties to Shared building elements',(#2361,#2362,#2363,#2364,#2365,#1822,#1919,#2366));
#2368= IFCPROPERTYSINGLEVALUE('Reference',$,IFCIDENTIFIER('5-2-P33'),$);
#2369= IFCPROPERTYSET('0TwIwRtKH3kxWikqyhehFv',#5,'Pset_ColumnCommon','Common Properties to column elements',(#1191,#2368));
#2370= IFCQUANTITYLENGTH('Length',$,$,2359.99893188477);
#2371= IFCQUANTITYAREA('OuterSurfaceArea',$,$,2.83005754807416);
#2372= IFCQUANTITYVOLUME('NetVolume',$,$,0.027375987609866);
#2373= IFCQUANTITYWEIGHT('NetWeight',$,$,214.901502737448);
#2374= IFCELEMENTQUANTITY('1LwvpSnK9EwwyN0oyfev6$',#5,'BaseQuantities',$,$,(#2370,#2371,#2372,#2373));
#2375= IFCRELAGGREGATES('3Lr59bBbL0cQrTKsdmmY$6',#5,$,$,#37,(#39));
#2376= IFCRELAGGREGATES('1ijHUbbe13YeqBkHPcq7ZH',#5,$,$,#39,(#41));
#2377= IFCRELAGGREGATES('3Mkxz$v85AeuZCTxoIgQHx',#5,$,$,#41,(#43));
#2378= IFCRELCONTAINEDINSPATIALSTRUCTURE('35auvwTTvD2B0Rdr7c2EKK',#5,$,$,(#2357,#2292,#2234,#2160,#2061,#2052,#2042,#2012,#1909,#1812,#1752,#1708,#1641,#1510,#1456,#1418,#1405,#1321,#1296,#1252,#1230,#1173,#973,#966,#959,#952,#945,#938,#931,#924,#917,#901,#472,#389,#381,#374,#365,#287,#278,#270,#259,#178,#169,#161,#133),#43);
#2379= IFCRELDEFINESBYPROPERTIES('2sRqYMZ2XCvRAr4RYXV6O8',#5,$,$,(#178,#169,#161,#133),#151);
#2380= IFCRELDEFINESBYPROPERTIES('1jD6mUxajFRQT5yKRFmrbC',#5,$,$,(#287,#278,#270,#259),#261);
#2381= IFCRELDEFINESBYPROPERTIES('2SxA$ffPj0MwxarBM3MPeH',#5,$,$,(#389,#381,#374,#365),#367);
#2382= IFCRELDEFINESBYPROPERTIES('3Jjwv8OcT75uLpbscCdyEU',#5,$,$,(#472),#480);
#2383= IFCRELDEFINESBYPROPERTIES('3kSct8aBT1ZBHSh4PLuiHE',#5,$,$,(#973,#966,#959,#952,#945,#938,#931,#924,#917,#901),#909);
#2384= IFCRELDEFINESBYPROPERTIES('0HY0kKMRLEgQsOT7aiMSy1',#5,$,$,(#1173),#1181);
#2385= IFCRELDEFINESBYPROPERTIES('2JKTiJ7QHCZvLaU0VDKNY9',#5,$,$,(#1173),#1190);
#2386= IFCRELDEFINESBYPROPERTIES('3lbzMSpwD6qhvcdTiIGxLq',#5,$,$,(#1173),#1193);
#2387= IFCRELDEFINESBYPROPERTIES('0CUbxD2hvC5BRIrWUeySKS',#5,$,$,(#1173),#1200);
#2388= IFCRELDEFINESBYPROPERTIES('1Ua67ebkL09ePjqcL7c9jI',#5,$,$,(#1252,#1230),#1233);
#2389= IFCRELDEFINESBYPROPERTIES('3Tm4X54zv7JQ23Bg8xsr_g',#5,$,$,(#1252,#1230),#1238);
#2390= IFCRELDEFINESBYPROPERTIES('1jjbZWeTr9aQGw7qGKvZhV',#5,$,$,(#1252,#1230),#1240);
#2391= IFCRELDEFINESBYPROPERTIES('1X$EqCzk909OEttBWN$H_6',#5,$,$,(#1230),#1246);
#2392= IFCRELDEFINESBYPROPERTIES('32i_X2HkHEYRlRD7pS5Gg$',#5,$,$,(#1252),#1258);
#2393= IFCRELDEFINESBYPROPERTIES('1_tb3ep8D3n8Gni35KiVxQ',#5,$,$,(#1321,#1296),#1301);
#2394= IFCRELDEFINESBYPROPERTIES('35BVceF25A1Oh5HDGA4AMl',#5,$,$,(#1418,#1405,#1321,#1296),#1307);
#2395= IFCRELDEFINESBYPROPERTIES('0jzRTQA5b1ZgLVouaNdUuX',#5,$,$,(#1418,#1405,#1321,#1296),#1309);
#2396= IFCRELDEFINESBYPROPERTIES('37NendezH9mwUcYHFzdsgc',#5,$,$,(#1296),#1315);
#2397= IFCRELDEFINESBYPROPERTIES('0eYZubJQ52IAcXLBQlSIvO',#5,$,$,(#1321),#1325);
#2398= IFCRELDEFINESBYPROPERTIES('2nr1FxGMb8Ue7DvF6XV52C',#5,$,$,(#1418,#1405),#1408);
#2399= IFCRELDEFINESBYPROPERTIES('0RYeL7TYP2$B3HgNpdTuC2',#5,$,$,(#1405),#1412);
#2400= IFCRELDEFINESBYPROPERTIES('0Q_ss$VhzE8xpkQ2mpSV63',#5,$,$,(#1418),#1422);
#2401= IFCRELDEFINESBYPROPERTIES('0Rqfg9htz6avezmMjhFGfJ',#5,$,$,(#1456),#1461);
#2402= IFCRELDEFINESBYPROPERTIES('2pRe5zwOX18O$pzHL6A4LQ',#5,$,$,(#1510,#1456),#1468);
#2403= IFCRELDEFINESBYPROPERTIES('2HybCIyCv8jRXqYUD_ze_I',#5,$,$,(#1510,#1456),#1470);
#2404= IFCRELDEFINESBYPROPERTIES('3JXRKJR8z1yRyBdHvUTNub',#5,$,$,(#1456),#1476);
#2405= IFCRELDEFINESBYPROPERTIES('199r2H_xj7vuYUc3HJE40l',#5,$,$,(#1510),#1513);
#2406= IFCRELDEFINESBYPROPERTIES('3omdKsoCrBGfq0fb0aYq3j',#5,$,$,(#1510),#1516);
#2407= IFCRELDEFINESBYPROPERTIES('3H4FM84BjEZfmiGtfZC8wR',#5,$,$,(#1708,#1641),#1645);
#2408= IFCRELDEFINESBYPROPERTIES('297Fqn0dbFgAyKwLQabRmx',#5,$,$,(#1708,#1641),#1650);
#2409= IFCRELDEFINESBYPROPERTIES('1Dt4QFlJ9BZ80FMUwQBYdD',#5,$,$,(#1708,#1641),#1652);
#2410= IFCRELDEFINESBYPROPERTIES('1Gz697EsvFefNMi71JcRhL',#5,$,$,(#1641),#1658);
#2411= IFCRELDEFINESBYPROPERTIES('1inRNcWMn5AuaeTV0GmqHv',#5,$,$,(#1708),#1713);
#2412= IFCRELDEFINESBYPROPERTIES('1Mrs3992z68PfpzlC8cQYj',#5,$,$,(#1752),#1756);
#2413= IFCRELDEFINESBYPROPERTIES('3ks7IdJ7T6LxHBLJRwgpnu',#5,$,$,(#1752),#1764);
#2414= IFCRELDEFINESBYPROPERTIES('1HIs$nFaX26xbiuYToZJut',#5,$,$,(#1752),#1766);
#2415= IFCRELDEFINESBYPROPERTIES('3r_3bm2AbFpgqXyIW5tbVR',#5,$,$,(#1752),#1773);
#2416= IFCRELDEFINESBYPROPERTIES('1Jeo$CVVv0zgN2rvqRHx0d',#5,$,$,(#1812),#1816);
#2417= IFCRELDEFINESBYPROPERTIES('2iG02fTGj98PbXgTHg$j1j',#5,$,$,(#1812),#1825);
#2418= IFCRELDEFINESBYPROPERTIES('2G21Lu2vX6TAsINq8ikape',#5,$,$,(#1812),#1827);
#2419= IFCRELDEFINESBYPROPERTIES('12f1gXvYz3b86$EMeBF8UL',#5,$,$,(#1812),#1834);
#2420= IFCRELDEFINESBYPROPERTIES('0mQmAczLT3mAF$k8gbuXEK',#5,$,$,(#1909),#1913);
#2421= IFCRELDEFINESBYPROPERTIES('1bUaQbBmP8p8NRB$$_OLOC',#5,$,$,(#1909),#1921);
#2422= IFCRELDEFINESBYPROPERTIES('2EbUx0LWjFEP8awuvOO3es',#5,$,$,(#1909),#1923);
#2423= IFCRELDEFINESBYPROPERTIES('1LlGto9_XFegTZkoBpBbwh',#5,$,$,(#1909),#1928);
#2424= IFCRELDEFINESBYPROPERTIES('2GG4av9ET4TA56$o10Sz6s',#5,$,$,(#2061,#2052,#2042,#2012),#2018);
#2425= IFCRELDEFINESBYPROPERTIES('3SBvUAI9b8qRl2FHAJwUIH',#5,$,$,(#2061,#2052,#2042,#2012),#2026);
#2426= IFCRELDEFINESBYPROPERTIES('076ynLSpr1JeuQy6Nv1Fhm',#5,$,$,(#2061,#2052,#2042,#2012),#2028);
#2427= IFCRELDEFINESBYPROPERTIES('3Co07LkHb5KRECRYR43egn',#5,$,$,(#2012),#2035);
#2428= IFCRELDEFINESBYPROPERTIES('3UINSQpBfESfI9AX5UbKT_',#5,$,$,(#2042),#2046);
#2429= IFCRELDEFINESBYPROPERTIES('009B0b$AL6ieX6yKC9efMW',#5,$,$,(#2052),#2055);
#2430= IFCRELDEFINESBYPROPERTIES('2zEER3z8LCGPz_eJqXbjUb',#5,$,$,(#2061),#2064);
#2431= IFCRELDEFINESBYPROPERTIES('3I7ZWMHm9Bie1NeS0T7DpP',#5,$,$,(#2160),#2165);
#2432= IFCRELDEFINESBYPROPERTIES('1eunZEu9T5JPnSJWoJrrZY',#5,$,$,(#2160),#2171);
#2433= IFCRELDEFINESBYPROPERTIES('1x4vM9bIL8ZgfXM1yyekeR',#5,$,$,(#2160),#2173);
#2434= IFCRELDEFINESBYPROPERTIES('2$B1gvEiD0qg88bm8MFb8C',#5,$,$,(#2160),#2180);
#2435= IFCRELDEFINESBYPROPERTIES('11xKjYGEnCkgxZNvfWgO56',#5,$,$,(#2234),#2240);
#2436= IFCRELDEFINESBYPROPERTIES('1xiRsfIVL7fuTorw$80k9r',#5,$,$,(#2234),#2248);
#2437= IFCRELDEFINESBYPROPERTIES('3$Il57heT4AQ7$xUBE_PR6',#5,$,$,(#2234),#2250);
#2438= IFCRELDEFINESBYPROPERTIES('0AbNIEmkP6QfGUgaglM9D$',#5,$,$,(#2234),#2257);
#2439= IFCRELDEFINESBYPROPERTIES('26cSuDbUrBahGEkt2ghESF',#5,$,$,(#2292),#2296);
#2440= IFCRELDEFINESBYPROPERTIES('1FcffOnYv9QAmPnli1Lyc9',#5,$,$,(#2292),#2302);
#2441= IFCRELDEFINESBYPROPERTIES('1X$UG9DLz038TR34ZOo2eQ',#5,$,$,(#2292),#2304);
#2442= IFCRELDEFINESBYPROPERTIES('2tXkOqRp52qfxDCiYLfM54',#5,$,$,(#2292),#2311);
#2443= IFCRELDEFINESBYPROPERTIES('3$j7dKpIzDgRRXlw0v0G9R',#5,$,$,(#2357),#2360);
#2444= IFCRELDEFINESBYPROPERTIES('1sn2OMKW94RBaA3agunKnb',#5,$,$,(#2357),#2367);
#2445= IFCRELDEFINESBYPROPERTIES('1EI925T5PFn9cM49WRsimP',#5,$,$,(#2357),#2369);
#2446= IFCRELDEFINESBYPROPERTIES('1ZrOWIcFPEpfmOjkIrsXNu',#5,$,$,(#2357),#2374);
#2447= IFCRELDEFINESBYTYPE('3WtwzyP8v26fylyipO744Z',#5,$,$,(#973,#966,#959,#952,#945,#938,#931,#924,#917,#901,#472,#389,#381,#374,#365,#287,#278,#270,#259,#178,#169,#161,#133),#134);
#2448= IFCRELDEFINESBYTYPE('3w_oYlFmX9$eGYKzGlcPr4',#5,$,$,(#1173),#1174);
#2449= IFCRELDEFINESBYTYPE('3hsJpKGHf5vgSbgLDLzrPB',#5,$,$,(#1252,#1230),#1231);
#2450= IFCRELDEFINESBYTYPE('2HM6teySvFFxSiuxiCX4OY',#5,$,$,(#1418,#1405,#1321,#1296),#1297);
#2451= IFCRELDEFINESBYTYPE('3NhOH2FLr5Zfep8wluq4rs',#5,$,$,(#1708,#1641,#1510,#1456),#1457);
#2452= IFCRELDEFINESBYTYPE('3yt_S2B1n2_BadPTvdxQcZ',#5,$,$,(#1752),#1753);
#2453= IFCRELDEFINESBYTYPE('2mnSs7AgD3BhUk7vUzVEWQ',#5,$,$,(#1812),#1813);
#2454= IFCRELDEFINESBYTYPE('3NePfTqNzCch7gYCLwil_a',#5,$,$,(#1909),#1910);
#2455= IFCRELDEFINESBYTYPE('3cP3Ei9E16de736d4S5ghR',#5,$,$,(#2061,#2052,#2042,#2012),#2013);
#2456= IFCRELDEFINESBYTYPE('1$TSrt0g9BrAoXNXy8wlmx',#5,$,$,(#2160),#2161);
#2457= IFCRELDEFINESBYTYPE('0URZqegbnEdQzj22lgfVQR',#5,$,$,(#2234),#2235);
#2458= IFCRELDEFINESBYTYPE('0cbVHnb$nAFBfmtRq1RTHx',#5,$,$,(#2292),#2293);
#2459= IFCRELDEFINESBYTYPE('2dqo4v2JP1AA7H1d64MM__',#5,$,$,(#2357),#2358);
#2460= IFCRELASSOCIATESMATERIAL('3Haryt6cX7pRnisXrWoGYs',#5,$,$,(#389,#381,#374,#365,#287,#278,#270,#259,#178,#169,#161,#133),#152);
#2461= IFCRELASSOCIATESMATERIAL('1wSu3k4aP5W9gENk8tHMBv',#5,$,$,(#472),#481);
#2462= IFCRELASSOCIATESMATERIAL('3tCKza3ljDZR9rjZPLrlIH',#5,$,$,(#973,#966,#959,#952,#945,#938,#931,#924,#917,#901),#910);
#2463= IFCRELASSOCIATESMATERIAL('2DVf9LiFz179LjYZHwrcE$',#5,$,$,(#2357,#2292,#2234,#2160,#2061,#2052,#2042,#2012,#1909,#1812,#1752,#1708,#1641,#1510,#1456,#1418,#1405,#1321,#1296,#1252,#1230,#1173),#1201);
#2464= IFCPRESENTATIONLAYERASSIGNMENT('BoltArray',$,(#126,#154,#163,#171,#252,#263,#272,#280,#360,#369,#376,#383,#465,#895,#912,#919,#926,#933,#940,#947,#954,#961,#968),$);
#2465= IFCPRESENTATIONLAYERASSIGNMENT('PLATE-10',$,(#1167,#1224,#1247,#1291,#1316,#1400,#1413,#1451,#1505,#1636,#1703),$);
#2466= IFCPRESENTATIONLAYERASSIGNMENT('PLATE-12',$,(#1747),$);
#2467= IFCPRESENTATIONLAYERASSIGNMENT('PLATE-20',$,(#1807),$);
#2468= IFCPRESENTATIONLAYERASSIGNMENT('B2-\S\?\S\Z350x250x10',$,(#1904,#2352),$);
#2469= IFCPRESENTATIONLAYERASSIGNMENT('PLATE-8',$,(#2007,#2036,#2047,#2056),$);
#2470= IFCPRESENTATIONLAYERASSIGNMENT('PLATE-22',$,(#2153),$);
#2471= IFCPRESENTATIONLAYERASSIGNMENT('PLATE-16',$,(#2229),$);
#2472= IFCPRESENTATIONLAYERASSIGNMENT('PLATE-6',$,(#2287),$);
ENDSEC;

END-ISO-10303-21;
