ISO-10303-21;
HEADER;
FILE_DESCRIPTION(('ViewDefinition[CoordinationView_V2.0, QuantityTakeOffAddOnView]', 'ExchangeRequirement[Structural, SurfaceGeometry]', 'Option [BaseQuantities:On]', 'Option [GridExport:On]', 'Option [Assemblies:Off]', 'Option [Bolts:On]', 'Option [Rebars:On]', 'Option [PourObjects:Off]', 'Option [Welds:Off]', 'Option [SurfaceTreatments:On]', 'Option [LocationBy:0]', 'Option [ViewColors:Off]', 'Option [SectionedSpine:Off]', 'Option [PropertySets:On]', 'Option [Export all:Off]'),'2;1');
FILE_NAME('5-2-A33_1.ifc','2026-03-10T08:04:08',('DESKTOP-NLV509P\\Ahmed'),('Structural Designer'),'IFC Parser version: 3.13.2','Tekla Structures 2023 Service Pack 8, IFC Export Version: 4.0.0.0 Jan 19 2024','');
FILE_SCHEMA(('IFC2X3'));
ENDSEC;

DATA;
#1= IFCPERSON('DESKTOP-NLV509P\\Ahmed','Undefined',$,$,$,$,$,$);
#2= IFCORGANIZATION($,'Trimble Solutions Corporation',$,$,$);
#3= IFCPERSONANDORGANIZATION(#1,#2,$);
#4= IFCAPPLICATION(#2,'2023 Service Pack 8','Tekla Structures','Multi material modeling');
#5= IFCOWNERHISTORY(#3,#4,$,.NOCHANGE.,$,$,$,1773119048);
#6= IFCCARTESIANPOINT((0.,0.,0.));
#7= IFCDIRECTION((1.,0.,0.));
#8= IFCDIRECTION((0.,1.,0.));
#9= IFCDIRECTION((0.,0.,1.));
#10= IFCAXIS2PLACEMENT3D(#6,#9,#7);
#11= IFCGEOMETRICREPRESENTATIONCONTEXT($,'Model',3,1.E-05,#10,$);
#12= IFCGEOMETRICREPRESENTATIONSUBCONTEXT('Body','Model',*,*,*,*,#11,$,.MODEL_VIEW.,$);
#13= IFCGEOMETRICREPRESENTATIONSUBCONTEXT('Axis','Model',*,*,*,*,#11,$,.GRAPH_VIEW.,$);
#14= IFCGEOMETRICREPRESENTATIONSUBCONTEXT('FootPrint','Model',*,*,*,*,#11,$,.MODEL_VIEW.,$);
#15= IFCSIUNIT(*,.LENGTHUNIT.,.MILLI.,.METRE.);
#16= IFCMEASUREWITHUNIT(IFCRATIOMEASURE(304.8),#15);
#17= IFCDIMENSIONALEXPONENTS(1,0,0,0,0,0,0);
#18= IFCCONVERSIONBASEDUNIT(#17,.LENGTHUNIT.,'FOOT',#16);
#19= IFCSIUNIT(*,.AREAUNIT.,$,.SQUARE_METRE.);
#20= IFCMEASUREWITHUNIT(IFCRATIOMEASURE(0.09290304),#19);
#21= IFCDIMENSIONALEXPONENTS(2,0,0,0,0,0,0);
#22= IFCCONVERSIONBASEDUNIT(#21,.AREAUNIT.,'SQUARE FOOT',#20);
#23= IFCSIUNIT(*,.VOLUMEUNIT.,$,.CUBIC_METRE.);
#24= IFCMEASUREWITHUNIT(IFCRATIOMEASURE(0.028316846592),#23);
#25= IFCDIMENSIONALEXPONENTS(3,0,0,0,0,0,0);
#26= IFCCONVERSIONBASEDUNIT(#25,.VOLUMEUNIT.,'CUBIC FOOT',#24);
#27= IFCSIUNIT(*,.MASSUNIT.,.KILO.,.GRAM.);
#28= IFCSIUNIT(*,.TIMEUNIT.,$,.SECOND.);
#29= IFCSIUNIT(*,.PLANEANGLEUNIT.,$,.RADIAN.);
#30= IFCMEASUREWITHUNIT(IFCRATIOMEASURE(0.0174532925199433),#29);
#31= IFCDIMENSIONALEXPONENTS(0,0,0,0,0,0,0);
#32= IFCCONVERSIONBASEDUNIT(#31,.PLANEANGLEUNIT.,'DEGREE',#30);
#33= IFCSIUNIT(*,.SOLIDANGLEUNIT.,$,.STERADIAN.);
#34= IFCSIUNIT(*,.THERMODYNAMICTEMPERATUREUNIT.,$,.DEGREE_CELSIUS.);
#35= IFCSIUNIT(*,.LUMINOUSINTENSITYUNIT.,$,.LUMEN.);
#36= IFCUNITASSIGNMENT((#15,#19,#23,#27,#28,#29,#33,#34,#35));
#37= IFCPROJECT('2i3f34ZuH37BZj0iFqLKuu',#5,'Undefined',$,$,$,$,(#11),#36);
#38= IFCLOCALPLACEMENT($,#10);
#39= IFCSITE('3CEZQzeG1AKOGd9LsVXFvW',#5,'Undefined',$,$,#38,$,$,.ELEMENT.,$,$,$,$,$);
#40= IFCLOCALPLACEMENT(#38,#10);
#41= IFCBUILDING('3R25WjiAjC3vjzE$VbdYWu',#5,'Undefined',$,$,#40,$,$,.ELEMENT.,$,$,$);
#42= IFCLOCALPLACEMENT(#40,#10);
#43= IFCBUILDINGSTOREY('3gJPpYF7LCbf7I109fNVl5',#5,'Undefined',$,$,#42,$,$,.ELEMENT.,0.);
#44= IFCOWNERHISTORY(#3,#4,$,.NOCHANGE.,$,$,$,1770840000);
#45= IFCCOLOURRGB($,0.698039215686274,0.4,0.);
#46= IFCSURFACESTYLERENDERING(#45,0.,$,$,$,$,IFCNORMALISEDRATIOMEASURE(0.00390625),IFCSPECULAREXPONENT(10.),.NOTDEFINED.);
#47= IFCSURFACESTYLE('EVENT',.POSITIVE.,(#46));
#48= IFCPRESENTATIONSTYLEASSIGNMENT((#47));
#49= IFCCARTESIANPOINT((7.5,-3.9999999991978,0.));
#50= IFCCARTESIANPOINT((6.49519052838316,-3.9999999991978,3.75000000000022));
#51= IFCCARTESIANPOINT((3.74999999999955,-3.9999999991978,6.49519052838355));
#52= IFCCARTESIANPOINT((-7.77251986200242E-13,-3.9999999991978,7.5));
#53= IFCCARTESIANPOINT((-3.7500000000009,-3.9999999991978,6.49519052838277));
#54= IFCCARTESIANPOINT((-6.49519052838394,-3.9999999991978,3.74999999999888));
#55= IFCCARTESIANPOINT((-7.5,-3.9999999991978,-1.55450397240048E-12));
#56= IFCCARTESIANPOINT((-6.49519052838238,-3.9999999991978,-3.75000000000157));
#57= IFCCARTESIANPOINT((-3.74999999999821,-3.9999999991978,-6.49519052838432));
#58= IFCCARTESIANPOINT((2.32342928591604E-12,-3.9999999991978,-7.5));
#59= IFCCARTESIANPOINT((3.75000000000224,-3.9999999991978,-6.495190528382));
#60= IFCCARTESIANPOINT((6.49519052838471,-3.9999999991978,-3.74999999999753));
#61= IFCCARTESIANPOINT((7.5,4.1000000004776,0.));
#62= IFCCARTESIANPOINT((6.49519052838316,4.1000000004776,3.75000000000022));
#63= IFCCARTESIANPOINT((3.74999999999955,4.1000000004776,6.49519052838355));
#64= IFCCARTESIANPOINT((-7.77251986200242E-13,4.1000000004776,7.5));
#65= IFCCARTESIANPOINT((-3.7500000000009,4.1000000004776,6.49519052838277));
#66= IFCCARTESIANPOINT((-6.49519052838394,4.1000000004776,3.74999999999888));
#67= IFCCARTESIANPOINT((-7.5,4.1000000004776,-1.55450397240048E-12));
#68= IFCCARTESIANPOINT((-6.49519052838238,4.1000000004776,-3.75000000000157));
#69= IFCCARTESIANPOINT((-3.74999999999821,4.1000000004776,-6.49519052838432));
#70= IFCCARTESIANPOINT((2.32342928591604E-12,4.1000000004776,-7.5));
#71= IFCCARTESIANPOINT((3.75000000000224,4.1000000004776,-6.495190528382));
#72= IFCCARTESIANPOINT((6.49519052838471,4.1000000004776,-3.74999999999753));
#73= IFCPOLYLOOP((#49,#50,#51,#52,#53,#54,#55,#56,#57,#58,#59,#60));
#74= IFCFACEOUTERBOUND(#73,.T.);
#75= IFCFACE((#74));
#76= IFCPOLYLOOP((#72,#71,#70,#69,#68,#67,#66,#65,#64,#63,#62,#61));
#77= IFCFACEOUTERBOUND(#76,.T.);
#78= IFCFACE((#77));
#79= IFCPOLYLOOP((#49,#61,#62,#50));
#80= IFCFACEOUTERBOUND(#79,.T.);
#81= IFCFACE((#80));
#82= IFCPOLYLOOP((#50,#62,#63,#51));
#83= IFCFACEOUTERBOUND(#82,.T.);
#84= IFCFACE((#83));
#85= IFCPOLYLOOP((#51,#63,#64,#52));
#86= IFCFACEOUTERBOUND(#85,.T.);
#87= IFCFACE((#86));
#88= IFCPOLYLOOP((#52,#64,#65,#53));
#89= IFCFACEOUTERBOUND(#88,.T.);
#90= IFCFACE((#89));
#91= IFCPOLYLOOP((#53,#65,#66,#54));
#92= IFCFACEOUTERBOUND(#91,.T.);
#93= IFCFACE((#92));
#94= IFCPOLYLOOP((#54,#66,#67,#55));
#95= IFCFACEOUTERBOUND(#94,.T.);
#96= IFCFACE((#95));
#97= IFCPOLYLOOP((#55,#67,#68,#56));
#98= IFCFACEOUTERBOUND(#97,.T.);
#99= IFCFACE((#98));
#100= IFCPOLYLOOP((#56,#68,#69,#57));
#101= IFCFACEOUTERBOUND(#100,.T.);
#102= IFCFACE((#101));
#103= IFCPOLYLOOP((#57,#69,#70,#58));
#104= IFCFACEOUTERBOUND(#103,.T.);
#105= IFCFACE((#104));
#106= IFCPOLYLOOP((#58,#70,#71,#59));
#107= IFCFACEOUTERBOUND(#106,.T.);
#108= IFCFACE((#107));
#109= IFCPOLYLOOP((#59,#71,#72,#60));
#110= IFCFACEOUTERBOUND(#109,.T.);
#111= IFCFACE((#110));
#112= IFCPOLYLOOP((#60,#72,#61,#49));
#113= IFCFACEOUTERBOUND(#112,.T.);
#114= IFCFACE((#113));
#115= IFCCLOSEDSHELL((#75,#78,#81,#84,#87,#90,#93,#96,#99,#102,#105,#108,#111,#114));
#116= IFCCOLOURRGB($,0.,0.,0.);
#117= IFCSURFACESTYLERENDERING(#116,0.,$,$,$,$,IFCNORMALISEDRATIOMEASURE(0.00390625),IFCSPECULAREXPONENT(10.),.NOTDEFINED.);
#118= IFCSURFACESTYLE($,.POSITIVE.,(#117));
#119= IFCPRESENTATIONSTYLEASSIGNMENT((#118));
#120= IFCFACETEDBREP(#115);
#121= IFCSTYLEDITEM(#120,(#119),$);
#122= IFCCARTESIANTRANSFORMATIONOPERATOR3D($,$,#6,$,$);
#123= IFCSHAPEREPRESENTATION(#12,'Body','Brep',(#120));
#124= IFCREPRESENTATIONMAP(#10,#123);
#125= IFCMAPPEDITEM(#124,#122);
#126= IFCSHAPEREPRESENTATION(#12,'Body','MappedRepresentation',(#125));
#127= IFCPRODUCTDEFINITIONSHAPE($,$,(#126));
#128= IFCCARTESIANPOINT((56982.355420384,-3090.99719722301,16682.5007692249));
#129= IFCDIRECTION((-0.509320892562413,-3.94080000437498E-05,0.86057668272295));
#130= IFCDIRECTION((0.860576680146946,6.65860000121546E-05,0.509320894086985));
#131= IFCAXIS2PLACEMENT3D(#128,#129,#130);
#132= IFCLOCALPLACEMENT(#42,#131);
#133= IFCMECHANICALFASTENER('00j2S6YB96DvCs9y_hiaK$',#44,'Bolt assembly',$,$,#132,#127,'ID00b42706-88b2-4637-9336-27cfabb2453f',15.,8.);
#134= IFCMECHANICALFASTENERTYPE('1U_SbKB$1AcBdzpvYcuZcx',#5,'Bolt assembly',$,$,$,$,$,$);
#135= IFCPROPERTYSINGLEVALUE('Washer count',$,IFCINTEGER(0),$);
#136= IFCPROPERTYSINGLEVALUE('Washer diameter',$,IFCLENGTHMEASURE(15.),$);
#137= IFCPROPERTYSINGLEVALUE('Washer type',$,IFCLABEL(''),$);
#138= IFCPROPERTYSINGLEVALUE('Washer name',$,IFCLABEL(''),$);
#139= IFCPROPERTYSINGLEVALUE('Nut count',$,IFCINTEGER(0),$);
#140= IFCPROPERTYSINGLEVALUE('Nut type',$,IFCLABEL(''),$);
#141= IFCPROPERTYSINGLEVALUE('Nut name',$,IFCLABEL(''),$);
#142= IFCPROPERTYSINGLEVALUE('Slotted hole y',$,IFCLENGTHMEASURE(0.),$);
#143= IFCPROPERTYSINGLEVALUE('Slotted hole x',$,IFCLENGTHMEASURE(0.),$);
#144= IFCPROPERTYSINGLEVALUE('Bolt hole diameter',$,IFCLENGTHMEASURE(15.),$);
#145= IFCPROPERTYSINGLEVALUE('Location',$,IFCLABEL('Site'),$);
#146= IFCPROPERTYSINGLEVALUE('Bolt count',$,IFCINTEGER(1),$);
#147= IFCPROPERTYSINGLEVALUE('Bolt size',$,IFCLENGTHMEASURE(15.),$);
#148= IFCPROPERTYSINGLEVALUE('Bolt length',$,IFCLENGTHMEASURE(8.),$);
#149= IFCPROPERTYSINGLEVALUE('Bolt standard',$,IFCLABEL('EVENT'),$);
#150= IFCPROPERTYSINGLEVALUE('Bolt Name',$,IFCLABEL(''),$);
#151= IFCPROPERTYSET('2T0GADf8L2MhZ$J5$Tji4N',#5,'Tekla Bolt','Bolt Properties',(#135,#136,#137,#138,#139,#140,#141,#142,#143,#144,#145,#146,#147,#148,#149,#150));
#152= IFCMATERIAL('EVENT');
#153= IFCMAPPEDITEM(#124,#122);
#154= IFCSHAPEREPRESENTATION(#12,'Body','MappedRepresentation',(#153));
#155= IFCPRODUCTDEFINITIONSHAPE($,$,(#154));
#156= IFCCARTESIANPOINT((56982.355420384,-3090.99719722288,16827.5007692249));
#157= IFCDIRECTION((0.509320892562413,3.94080000437498E-05,0.86057668272295));
#158= IFCDIRECTION((0.860576680146946,6.65860000121546E-05,-0.509320894086985));
#159= IFCAXIS2PLACEMENT3D(#156,#157,#158);
#160= IFCLOCALPLACEMENT(#42,#159);
#161= IFCMECHANICALFASTENER('2r6CebATnA6woLrLwBjQ07',#44,'Bolt assembly',$,$,#160,#155,'IDb518ca25-29dc-4a1b-ac95-d55e8bb5a007',15.,8.);
#162= IFCMAPPEDITEM(#124,#122);
#163= IFCSHAPEREPRESENTATION(#12,'Body','MappedRepresentation',(#162));
#164= IFCPRODUCTDEFINITIONSHAPE($,$,(#163));
#165= IFCCARTESIANPOINT((57212.7352960267,-3090.97937204048,16682.5007692249));
#166= IFCDIRECTION((-0.509320892562399,-3.94080000437498E-05,-0.860576682722958));
#167= IFCDIRECTION((-0.860576680146955,-6.65860000119655E-05,0.50932089408697));
#168= IFCAXIS2PLACEMENT3D(#165,#166,#167);
#169= IFCLOCALPLACEMENT(#42,#168);
#170= IFCMECHANICALFASTENER('034owYAGD5uRGG5CwKs$xg',#44,'Bolt assembly',$,$,#169,#164,'ID03132ea2-2903-45e1-b410-14ce94dbfeea',15.,8.);
#171= IFCMAPPEDITEM(#124,#122);
#172= IFCSHAPEREPRESENTATION(#12,'Body','MappedRepresentation',(#171));
#173= IFCPRODUCTDEFINITIONSHAPE($,$,(#172));
#174= IFCCARTESIANPOINT((57212.7352960267,-3090.97937204034,16827.5007692249));
#175= IFCDIRECTION((0.509320892562399,3.94080000437498E-05,-0.860576682722958));
#176= IFCDIRECTION((-0.860576680146955,-6.65860000119655E-05,-0.50932089408697));
#177= IFCAXIS2PLACEMENT3D(#174,#175,#176);
#178= IFCLOCALPLACEMENT(#42,#177);
#179= IFCMECHANICALFASTENER('3VTqPGKJP5EQAok1sPpOqj',#44,'Bolt assembly',$,$,#178,#173,'IDdf774650-5136-4539-a2b2-b81d99cd8d2d',15.,8.);
#180= IFCMAPPEDITEM(#124,#122);
#181= IFCSHAPEREPRESENTATION(#12,'Body','MappedRepresentation',(#180));
#182= IFCPRODUCTDEFINITIONSHAPE($,$,(#181));
#183= IFCCARTESIANPOINT((56982.38499827,-3522.97895616673,16682.5007692249));
#184= IFCDIRECTION((-0.509320892101416,-4.26940000088507E-05,0.860576682839037));
#185= IFCDIRECTION((0.860576679815545,7.21379999855456E-05,0.509320893890838));
#186= IFCAXIS2PLACEMENT3D(#183,#184,#185);
#187= IFCLOCALPLACEMENT(#42,#186);
#188= IFCMECHANICALFASTENER('00epxatUH5wPlEEizeKnP5',#44,'Bolt assembly',$,$,#187,#182,'ID00a33ee4-dde4-45e9-9bce-3acf68531645',15.,8.);
#189= IFCMAPPEDITEM(#124,#122);
#190= IFCSHAPEREPRESENTATION(#12,'Body','MappedRepresentation',(#189));
#191= IFCPRODUCTDEFINITIONSHAPE($,$,(#190));
#192= IFCCARTESIANPOINT((56982.38499827,-3522.9789561666,16827.5007692249));
#193= IFCDIRECTION((0.509320892101416,4.26940000088507E-05,0.860576682839037));
#194= IFCDIRECTION((0.860576679815545,7.21379999855456E-05,-0.509320893890838));
#195= IFCAXIS2PLACEMENT3D(#192,#193,#194);
#196= IFCLOCALPLACEMENT(#42,#195);
#197= IFCMECHANICALFASTENER('3qJoBUgUHA2wZ1g3cPcVRg',#44,'Bolt assembly',$,$,#196,#191,'IDf44f22de-a9e4-4a0b-a8c1-a8399999f6ea',15.,8.);
#198= IFCMAPPEDITEM(#124,#122);
#199= IFCSHAPEREPRESENTATION(#12,'Body','MappedRepresentation',(#198));
#200= IFCPRODUCTDEFINITIONSHAPE($,$,(#199));
#201= IFCCARTESIANPOINT((57212.7648737933,-3522.95964457364,16682.5007692249));
#202= IFCDIRECTION((-0.509320892101423,-4.26940000088507E-05,-0.860576682839033));
#203= IFCDIRECTION((-0.860576679815543,-7.21379999853397E-05,0.509320893890841));
#204= IFCAXIS2PLACEMENT3D(#201,#202,#203);
#205= IFCLOCALPLACEMENT(#42,#204);
#206= IFCMECHANICALFASTENER('2htjuzkILBSgvHpQOUv6XC',#44,'Bolt assembly',$,$,#205,#200,'IDabdede3d-b925-4b72-ae51-cda61ee4684c',15.,8.);
#207= IFCMAPPEDITEM(#124,#122);
#208= IFCSHAPEREPRESENTATION(#12,'Body','MappedRepresentation',(#207));
#209= IFCPRODUCTDEFINITIONSHAPE($,$,(#208));
#210= IFCCARTESIANPOINT((57212.7648737933,-3522.95964457351,16827.5007692249));
#211= IFCDIRECTION((0.509320892101423,4.26940000088507E-05,-0.860576682839033));
#212= IFCDIRECTION((-0.860576679815543,-7.21379999853397E-05,-0.509320893890841));
#213= IFCAXIS2PLACEMENT3D(#210,#211,#212);
#214= IFCLOCALPLACEMENT(#42,#213);
#215= IFCMECHANICALFASTENER('0GsYAuibbDQfgU6boB1k7z',#44,'Bolt assembly',$,$,#214,#209,'ID10da22b8-b259-4d6a-9a9e-1a5c8b06e1fd',15.,8.);
#216= IFCCARTESIANPOINT((7.5,-5.99999999945354,0.));
#217= IFCCARTESIANPOINT((6.49519052838316,-5.99999999945354,3.75000000000022));
#218= IFCCARTESIANPOINT((3.74999999999955,-5.99999999945354,6.49519052838355));
#219= IFCCARTESIANPOINT((-7.77251986200242E-13,-5.99999999945354,7.5));
#220= IFCCARTESIANPOINT((-3.7500000000009,-5.99999999945354,6.49519052838277));
#221= IFCCARTESIANPOINT((-6.49519052838394,-5.99999999945354,3.74999999999888));
#222= IFCCARTESIANPOINT((-7.5,-5.99999999945354,-1.55450397240048E-12));
#223= IFCCARTESIANPOINT((-6.49519052838238,-5.99999999945354,-3.75000000000157));
#224= IFCCARTESIANPOINT((-3.74999999999821,-5.99999999945354,-6.49519052838432));
#225= IFCCARTESIANPOINT((2.32342928591604E-12,-5.99999999945354,-7.5));
#226= IFCCARTESIANPOINT((3.75000000000224,-5.99999999945354,-6.495190528382));
#227= IFCCARTESIANPOINT((6.49519052838471,-5.99999999945354,-3.74999999999753));
#228= IFCCARTESIANPOINT((7.5,6.10000000033216,0.));
#229= IFCCARTESIANPOINT((6.49519052838316,6.10000000033216,3.75000000000022));
#230= IFCCARTESIANPOINT((3.74999999999955,6.10000000033216,6.49519052838355));
#231= IFCCARTESIANPOINT((-7.77251986200242E-13,6.10000000033216,7.5));
#232= IFCCARTESIANPOINT((-3.7500000000009,6.10000000033216,6.49519052838277));
#233= IFCCARTESIANPOINT((-6.49519052838394,6.10000000033216,3.74999999999888));
#234= IFCCARTESIANPOINT((-7.5,6.10000000033216,-1.55450397240048E-12));
#235= IFCCARTESIANPOINT((-6.49519052838238,6.10000000033216,-3.75000000000157));
#236= IFCCARTESIANPOINT((-3.74999999999821,6.10000000033216,-6.49519052838432));
#237= IFCCARTESIANPOINT((2.32342928591604E-12,6.10000000033216,-7.5));
#238= IFCCARTESIANPOINT((3.75000000000224,6.10000000033216,-6.495190528382));
#239= IFCCARTESIANPOINT((6.49519052838471,6.10000000033216,-3.74999999999753));
#240= IFCPOLYLOOP((#216,#217,#218,#219,#220,#221,#222,#223,#224,#225,#226,#227));
#241= IFCFACEOUTERBOUND(#240,.T.);
#242= IFCFACE((#241));
#243= IFCPOLYLOOP((#239,#238,#237,#236,#235,#234,#233,#232,#231,#230,#229,#228));
#244= IFCFACEOUTERBOUND(#243,.T.);
#245= IFCFACE((#244));
#246= IFCPOLYLOOP((#216,#228,#229,#217));
#247= IFCFACEOUTERBOUND(#246,.T.);
#248= IFCFACE((#247));
#249= IFCPOLYLOOP((#217,#229,#230,#218));
#250= IFCFACEOUTERBOUND(#249,.T.);
#251= IFCFACE((#250));
#252= IFCPOLYLOOP((#218,#230,#231,#219));
#253= IFCFACEOUTERBOUND(#252,.T.);
#254= IFCFACE((#253));
#255= IFCPOLYLOOP((#219,#231,#232,#220));
#256= IFCFACEOUTERBOUND(#255,.T.);
#257= IFCFACE((#256));
#258= IFCPOLYLOOP((#220,#232,#233,#221));
#259= IFCFACEOUTERBOUND(#258,.T.);
#260= IFCFACE((#259));
#261= IFCPOLYLOOP((#221,#233,#234,#222));
#262= IFCFACEOUTERBOUND(#261,.T.);
#263= IFCFACE((#262));
#264= IFCPOLYLOOP((#222,#234,#235,#223));
#265= IFCFACEOUTERBOUND(#264,.T.);
#266= IFCFACE((#265));
#267= IFCPOLYLOOP((#223,#235,#236,#224));
#268= IFCFACEOUTERBOUND(#267,.T.);
#269= IFCFACE((#268));
#270= IFCPOLYLOOP((#224,#236,#237,#225));
#271= IFCFACEOUTERBOUND(#270,.T.);
#272= IFCFACE((#271));
#273= IFCPOLYLOOP((#225,#237,#238,#226));
#274= IFCFACEOUTERBOUND(#273,.T.);
#275= IFCFACE((#274));
#276= IFCPOLYLOOP((#226,#238,#239,#227));
#277= IFCFACEOUTERBOUND(#276,.T.);
#278= IFCFACE((#277));
#279= IFCPOLYLOOP((#227,#239,#228,#216));
#280= IFCFACEOUTERBOUND(#279,.T.);
#281= IFCFACE((#280));
#282= IFCCLOSEDSHELL((#242,#245,#248,#251,#254,#257,#260,#263,#266,#269,#272,#275,#278,#281));
#283= IFCFACETEDBREP(#282);
#284= IFCSTYLEDITEM(#283,(#119),$);
#285= IFCSHAPEREPRESENTATION(#12,'Body','Brep',(#283));
#286= IFCREPRESENTATIONMAP(#10,#285);
#287= IFCMAPPEDITEM(#286,#122);
#288= IFCSHAPEREPRESENTATION(#12,'Body','MappedRepresentation',(#287));
#289= IFCPRODUCTDEFINITIONSHAPE($,$,(#288));
#290= IFCCARTESIANPOINT((55490.7824719522,-6670.50072190314,16682.5007692249));
#291= IFCDIRECTION((-5.13999999384395E-07,-0.509320893900677,0.860576682833059));
#292= IFCDIRECTION((8.6799999271079E-07,0.860576682832621,0.509320893900936));
#293= IFCAXIS2PLACEMENT3D(#290,#291,#292);
#294= IFCLOCALPLACEMENT(#42,#293);
#295= IFCMECHANICALFASTENER('3twAU8Xuz6t9cIYsEq4x0f',#44,'Bolt assembly',$,$,#294,#289,'IDf7e8a788-878f-46dc-9992-8b63b413b029',15.,12.);
#296= IFCPROPERTYSINGLEVALUE('Bolt length',$,IFCLENGTHMEASURE(12.),$);
#297= IFCPROPERTYSET('2aqawp_GX0_wuUjBLFUefa',#5,'Tekla Bolt','Bolt Properties',(#135,#136,#137,#138,#139,#140,#141,#142,#143,#144,#145,#146,#147,#296,#149,#150));
#298= IFCMAPPEDITEM(#286,#122);
#299= IFCSHAPEREPRESENTATION(#12,'Body','MappedRepresentation',(#298));
#300= IFCPRODUCTDEFINITIONSHAPE($,$,(#299));
#301= IFCCARTESIANPOINT((55490.7824719522,-6670.50072190314,16827.5007692249));
#302= IFCDIRECTION((-5.13999999384395E-07,-0.509320893900677,-0.860576682833059));
#303= IFCDIRECTION((8.6799999271079E-07,0.860576682832621,-0.509320893900936));
#304= IFCAXIS2PLACEMENT3D(#301,#302,#303);
#305= IFCLOCALPLACEMENT(#42,#304);
#306= IFCMECHANICALFASTENER('39DmIvbiTEcuMqOyIRXkhw',#44,'Bolt assembly',$,$,#305,#300,'IDc93704b9-96c7-4e9b-85b4-63c49b86eafa',15.,12.);
#307= IFCMAPPEDITEM(#286,#122);
#308= IFCSHAPEREPRESENTATION(#12,'Body','MappedRepresentation',(#307));
#309= IFCPRODUCTDEFINITIONSHAPE($,$,(#308));
#310= IFCCARTESIANPOINT((55490.7827191571,-6425.50072190336,16827.5007692249));
#311= IFCDIRECTION((-8.67999992711028E-07,-0.860576682832614,-0.509320893900948));
#312= IFCAXIS2PLACEMENT3D(#310,#291,#311);
#313= IFCLOCALPLACEMENT(#42,#312);
#314= IFCMECHANICALFASTENER('057ZOjwirBmA7OUjaQJyn7',#44,'Bolt assembly',$,$,#313,#309,'ID051e362d-eacd-4bc0-a1d8-7ad91a4fcc47',15.,12.);
#315= IFCMAPPEDITEM(#286,#122);
#316= IFCSHAPEREPRESENTATION(#12,'Body','MappedRepresentation',(#315));
#317= IFCPRODUCTDEFINITIONSHAPE($,$,(#316));
#318= IFCCARTESIANPOINT((55490.7827191571,-6425.50072190336,16682.5007692249));
#319= IFCDIRECTION((5.13999999384395E-07,0.509320893900689,0.860576682833052));
#320= IFCDIRECTION((-8.67999992711028E-07,-0.860576682832614,0.509320893900948));
#321= IFCAXIS2PLACEMENT3D(#318,#319,#320);
#322= IFCLOCALPLACEMENT(#42,#321);
#323= IFCMECHANICALFASTENER('2JpzrisIXCHe0$vrztxNAD',#44,'Bolt assembly',$,$,#322,#317,'ID93cfdd6c-d928-4c46-803f-e75f77ed728d',15.,12.);
#324= IFCMAPPEDITEM(#124,#122);
#325= IFCSHAPEREPRESENTATION(#12,'Body','MappedRepresentation',(#324));
#326= IFCPRODUCTDEFINITIONSHAPE($,$,(#325));
#327= IFCCARTESIANPOINT((56967.983511295,-6719.00174285833,16827.5007692249));
#328= IFCDIRECTION((-0.509320893160139,-4.95000000228173E-07,-0.860576683271347));
#329= IFCDIRECTION((0.860576683270943,8.35999997826482E-07,-0.509320893160378));
#330= IFCAXIS2PLACEMENT3D(#327,#328,#329);
#331= IFCLOCALPLACEMENT(#42,#330);
#332= IFCMECHANICALFASTENER('3tHKhZ7qD2eBV$6NYoOObG',#44,'Bolt assembly',$,$,#331,#326,'IDf7454ae3-1f43-42a0-b7ff-1978b2618950',15.,8.);
#333= IFCMAPPEDITEM(#124,#122);
#334= IFCSHAPEREPRESENTATION(#12,'Body','MappedRepresentation',(#333));
#335= IFCPRODUCTDEFINITIONSHAPE($,$,(#334));
#336= IFCCARTESIANPOINT((56967.983511295,-6719.00174285833,16682.5007692249));
#337= IFCDIRECTION((-0.509320893160139,-4.95000000228173E-07,0.860576683271347));
#338= IFCDIRECTION((0.860576683270943,8.35999997826482E-07,0.509320893160378));
#339= IFCAXIS2PLACEMENT3D(#336,#337,#338);
#340= IFCLOCALPLACEMENT(#42,#339);
#341= IFCMECHANICALFASTENER('04vopYcnH4TBbYHO5sRfij',#44,'Bolt assembly',$,$,#340,#335,'ID04e72ce2-9b14-4474-b962-4581766e9b2d',15.,8.);
#342= IFCMAPPEDITEM(#124,#122);
#343= IFCSHAPEREPRESENTATION(#12,'Body','MappedRepresentation',(#342));
#344= IFCPRODUCTDEFINITIONSHAPE($,$,(#343));
#345= IFCCARTESIANPOINT((57212.9835118513,-6719.00150471928,16682.5007692249));
#346= IFCDIRECTION((-0.860576683270951,-8.35999997568931E-07,0.509320893160364));
#347= IFCAXIS2PLACEMENT3D(#345,#328,#346);
#348= IFCLOCALPLACEMENT(#42,#347);
#349= IFCMECHANICALFASTENER('0vtLWPuPfAgBZnxCX$585j',#44,'Bolt assembly',$,$,#348,#344,'ID39dd5819-e19a-4aa8-b8f1-ecc87f14816d',15.,8.);
#350= IFCMAPPEDITEM(#124,#122);
#351= IFCSHAPEREPRESENTATION(#12,'Body','MappedRepresentation',(#350));
#352= IFCPRODUCTDEFINITIONSHAPE($,$,(#351));
#353= IFCCARTESIANPOINT((57212.9835118513,-6719.00150471928,16827.5007692249));
#354= IFCDIRECTION((0.509320893160125,4.95000000228174E-07,-0.860576683271356));
#355= IFCDIRECTION((-0.860576683270951,-8.35999997568931E-07,-0.509320893160364));
#356= IFCAXIS2PLACEMENT3D(#353,#354,#355);
#357= IFCLOCALPLACEMENT(#42,#356);
#358= IFCMECHANICALFASTENER('03i4a8Yt9AOeVyK$3BEcBa',#44,'Bolt assembly',$,$,#357,#352,'ID03b04908-8b72-4a62-87fc-53f0cb3a62e4',15.,8.);
#359= IFCMAPPEDITEM(#286,#122);
#360= IFCSHAPEREPRESENTATION(#12,'Body','MappedRepresentation',(#359));
#361= IFCPRODUCTDEFINITIONSHAPE($,$,(#360));
#362= IFCCARTESIANPOINT((56967.3598959956,2396.98113495759,16682.5007692249));
#363= IFCDIRECTION((-0.5093208927034,-3.48419999795624E-05,0.860576682836484));
#364= IFCDIRECTION((0.860576680822837,5.88709999886699E-05,0.50932089389515));
#365= IFCAXIS2PLACEMENT3D(#362,#363,#364);
#366= IFCLOCALPLACEMENT(#42,#365);
#367= IFCMECHANICALFASTENER('30xKU3tCv2E8YY6JYmQXgl',#44,'Bolt assembly',$,$,#366,#361,'IDc0ed4783-dcce-4238-88a2-1938b06a1aaf',15.,12.);
#368= IFCMAPPEDITEM(#286,#122);
#369= IFCSHAPEREPRESENTATION(#12,'Body','MappedRepresentation',(#368));
#370= IFCPRODUCTDEFINITIONSHAPE($,$,(#369));
#371= IFCCARTESIANPOINT((56967.3598959956,2396.98113495759,16827.5007692249));
#372= IFCDIRECTION((-0.5093208927034,-3.48419999795624E-05,-0.860576682836484));
#373= IFCDIRECTION((0.860576680822837,5.88709999886699E-05,-0.50932089389515));
#374= IFCAXIS2PLACEMENT3D(#371,#372,#373);
#375= IFCLOCALPLACEMENT(#42,#374);
#376= IFCMECHANICALFASTENER('00$zlZrQD3PeXvP5MjKz2d',#44,'Bolt assembly',$,$,#375,#370,'ID00ffdbe3-d5a3-4366-8879-6455ad53d0a7',15.,12.);
#377= IFCMAPPEDITEM(#286,#122);
#378= IFCSHAPEREPRESENTATION(#12,'Body','MappedRepresentation',(#377));
#379= IFCPRODUCTDEFINITIONSHAPE($,$,(#378));
#380= IFCCARTESIANPOINT((57212.3598954216,2396.99789516215,16827.5007692249));
#381= IFCDIRECTION((-0.860576680822836,-5.88709999886524E-05,-0.509320893895151));
#382= IFCAXIS2PLACEMENT3D(#380,#363,#381);
#383= IFCLOCALPLACEMENT(#42,#382);
#384= IFCMECHANICALFASTENER('34dYjdx$z7h9LaeZRFjl7h',#44,'Bolt assembly',$,$,#383,#379,'IDc49e2b67-efff-47ac-9564-a236cfb6f1eb',15.,12.);
#385= IFCMAPPEDITEM(#286,#122);
#386= IFCSHAPEREPRESENTATION(#12,'Body','MappedRepresentation',(#385));
#387= IFCPRODUCTDEFINITIONSHAPE($,$,(#386));
#388= IFCCARTESIANPOINT((57212.3598954216,2396.99789516215,16682.500769225));
#389= IFCDIRECTION((0.5093208927034,3.48419999795624E-05,0.860576682836484));
#390= IFCDIRECTION((-0.860576680822836,-5.88709999886524E-05,0.509320893895151));
#391= IFCAXIS2PLACEMENT3D(#388,#389,#390);
#392= IFCLOCALPLACEMENT(#42,#391);
#393= IFCMECHANICALFASTENER('0AgKmHk257zPxF$VKBwHmg',#44,'Bolt assembly',$,$,#392,#387,'ID0aa94c11-b821-47f5-9ecf-fdf50be91c2a',15.,12.);
#394= IFCOWNERHISTORY(#3,#4,$,.NOCHANGE.,$,$,$,1770796800);
#395= IFCSURFACESTYLE('TS10.9',.POSITIVE.,(#46));
#396= IFCPRESENTATIONSTYLEASSIGNMENT((#395));
#397= IFCCARTESIANPOINT((13.,-39.9054931631862,0.));
#398= IFCCARTESIANPOINT((11.2583302491975,-39.9054931631862,6.50000000000039));
#399= IFCCARTESIANPOINT((6.49999999999922,-39.9054931631862,11.2583302491982));
#400= IFCCARTESIANPOINT((-1.34723677608042E-12,-39.9054931631862,13.));
#401= IFCCARTESIANPOINT((-6.50000000000155,-39.9054931631862,11.2583302491968));
#402= IFCCARTESIANPOINT((-11.2583302491988,-39.9054931631862,6.49999999999806));
#403= IFCCARTESIANPOINT((-13.,-39.9054931631862,-2.69447355216084E-12));
#404= IFCCARTESIANPOINT((-11.2583302491961,-39.9054931631862,-6.50000000000272));
#405= IFCCARTESIANPOINT((-6.4999999999969,-39.9054931631862,-11.2583302491995));
#406= IFCCARTESIANPOINT((4.02727742892113E-12,-39.9054931631862,-13.));
#407= IFCCARTESIANPOINT((6.50000000000388,-39.9054931631862,-11.2583302491955));
#408= IFCCARTESIANPOINT((11.2583302492002,-39.9054931631862,-6.49999999999573));
#409= IFCCARTESIANPOINT((13.,-19.9054931631773,0.));
#410= IFCCARTESIANPOINT((11.2583302491975,-19.9054931631773,6.50000000000039));
#411= IFCCARTESIANPOINT((6.49999999999922,-19.9054931631773,11.2583302491982));
#412= IFCCARTESIANPOINT((-1.34723677608042E-12,-19.9054931631773,13.));
#413= IFCCARTESIANPOINT((-6.50000000000155,-19.9054931631773,11.2583302491968));
#414= IFCCARTESIANPOINT((-11.2583302491988,-19.9054931631773,6.49999999999806));
#415= IFCCARTESIANPOINT((-13.,-19.9054931631773,-2.69447355216084E-12));
#416= IFCCARTESIANPOINT((-11.2583302491961,-19.9054931631773,-6.50000000000272));
#417= IFCCARTESIANPOINT((-6.4999999999969,-19.9054931631773,-11.2583302491995));
#418= IFCCARTESIANPOINT((4.02727742892113E-12,-19.9054931631773,-13.));
#419= IFCCARTESIANPOINT((6.50000000000388,-19.9054931631773,-11.2583302491955));
#420= IFCCARTESIANPOINT((11.2583302492002,-19.9054931631773,-6.49999999999573));
#421= IFCPOLYLOOP((#397,#398,#399,#400,#401,#402,#403,#404,#405,#406,#407,#408));
#422= IFCFACEOUTERBOUND(#421,.T.);
#423= IFCFACE((#422));
#424= IFCPOLYLOOP((#420,#419,#418,#417,#416,#415,#414,#413,#412,#411,#410,#409));
#425= IFCFACEOUTERBOUND(#424,.T.);
#426= IFCFACE((#425));
#427= IFCPOLYLOOP((#397,#409,#410,#398));
#428= IFCFACEOUTERBOUND(#427,.T.);
#429= IFCFACE((#428));
#430= IFCPOLYLOOP((#398,#410,#411,#399));
#431= IFCFACEOUTERBOUND(#430,.T.);
#432= IFCFACE((#431));
#433= IFCPOLYLOOP((#399,#411,#412,#400));
#434= IFCFACEOUTERBOUND(#433,.T.);
#435= IFCFACE((#434));
#436= IFCPOLYLOOP((#400,#412,#413,#401));
#437= IFCFACEOUTERBOUND(#436,.T.);
#438= IFCFACE((#437));
#439= IFCPOLYLOOP((#401,#413,#414,#402));
#440= IFCFACEOUTERBOUND(#439,.T.);
#441= IFCFACE((#440));
#442= IFCPOLYLOOP((#402,#414,#415,#403));
#443= IFCFACEOUTERBOUND(#442,.T.);
#444= IFCFACE((#443));
#445= IFCPOLYLOOP((#403,#415,#416,#404));
#446= IFCFACEOUTERBOUND(#445,.T.);
#447= IFCFACE((#446));
#448= IFCPOLYLOOP((#404,#416,#417,#405));
#449= IFCFACEOUTERBOUND(#448,.T.);
#450= IFCFACE((#449));
#451= IFCPOLYLOOP((#405,#417,#418,#406));
#452= IFCFACEOUTERBOUND(#451,.T.);
#453= IFCFACE((#452));
#454= IFCPOLYLOOP((#406,#418,#419,#407));
#455= IFCFACEOUTERBOUND(#454,.T.);
#456= IFCFACE((#455));
#457= IFCPOLYLOOP((#407,#419,#420,#408));
#458= IFCFACEOUTERBOUND(#457,.T.);
#459= IFCFACE((#458));
#460= IFCPOLYLOOP((#408,#420,#409,#397));
#461= IFCFACEOUTERBOUND(#460,.T.);
#462= IFCFACE((#461));
#463= IFCCARTESIANPOINT((13.,-20.0999999991364,0.));
#464= IFCCARTESIANPOINT((11.2583302491975,-20.0999999991364,6.50000000000039));
#465= IFCCARTESIANPOINT((6.49999999999922,-20.0999999991364,11.2583302491982));
#466= IFCCARTESIANPOINT((-1.34723677608042E-12,-20.0999999991364,13.));
#467= IFCCARTESIANPOINT((-6.50000000000155,-20.0999999991364,11.2583302491968));
#468= IFCCARTESIANPOINT((-11.2583302491988,-20.0999999991364,6.49999999999806));
#469= IFCCARTESIANPOINT((-13.,-20.0999999991364,-2.69447355216084E-12));
#470= IFCCARTESIANPOINT((-11.2583302491961,-20.0999999991364,-6.50000000000272));
#471= IFCCARTESIANPOINT((-6.4999999999969,-20.0999999991364,-11.2583302491995));
#472= IFCCARTESIANPOINT((4.02727742892113E-12,-20.0999999991364,-13.));
#473= IFCCARTESIANPOINT((6.50000000000388,-20.0999999991364,-11.2583302491955));
#474= IFCCARTESIANPOINT((11.2583302492002,-20.0999999991364,-6.49999999999573));
#475= IFCCARTESIANPOINT((13.,8.72432792675681E-10,0.));
#476= IFCCARTESIANPOINT((11.2583302491975,8.72432792675681E-10,6.50000000000039));
#477= IFCCARTESIANPOINT((6.49999999999922,8.72432792675681E-10,11.2583302491982));
#478= IFCCARTESIANPOINT((-1.34723677608042E-12,8.72432792675681E-10,13.));
#479= IFCCARTESIANPOINT((-6.50000000000155,8.72432792675681E-10,11.2583302491968));
#480= IFCCARTESIANPOINT((-11.2583302491988,8.72432792675681E-10,6.49999999999806));
#481= IFCCARTESIANPOINT((-13.,8.72432792675681E-10,-2.69447355216084E-12));
#482= IFCCARTESIANPOINT((-11.2583302491961,8.72432792675681E-10,-6.50000000000272));
#483= IFCCARTESIANPOINT((-6.4999999999969,8.72432792675681E-10,-11.2583302491995));
#484= IFCCARTESIANPOINT((4.02727742892113E-12,8.72432792675681E-10,-13.));
#485= IFCCARTESIANPOINT((6.50000000000388,8.72432792675681E-10,-11.2583302491955));
#486= IFCCARTESIANPOINT((11.2583302492002,8.72432792675681E-10,-6.49999999999573));
#487= IFCPOLYLOOP((#463,#464,#465,#466,#467,#468,#469,#470,#471,#472,#473,#474));
#488= IFCFACEOUTERBOUND(#487,.T.);
#489= IFCFACE((#488));
#490= IFCPOLYLOOP((#486,#485,#484,#483,#482,#481,#480,#479,#478,#477,#476,#475));
#491= IFCFACEOUTERBOUND(#490,.T.);
#492= IFCFACE((#491));
#493= IFCPOLYLOOP((#463,#475,#476,#464));
#494= IFCFACEOUTERBOUND(#493,.T.);
#495= IFCFACE((#494));
#496= IFCPOLYLOOP((#464,#476,#477,#465));
#497= IFCFACEOUTERBOUND(#496,.T.);
#498= IFCFACE((#497));
#499= IFCPOLYLOOP((#465,#477,#478,#466));
#500= IFCFACEOUTERBOUND(#499,.T.);
#501= IFCFACE((#500));
#502= IFCPOLYLOOP((#466,#478,#479,#467));
#503= IFCFACEOUTERBOUND(#502,.T.);
#504= IFCFACE((#503));
#505= IFCPOLYLOOP((#467,#479,#480,#468));
#506= IFCFACEOUTERBOUND(#505,.T.);
#507= IFCFACE((#506));
#508= IFCPOLYLOOP((#468,#480,#481,#469));
#509= IFCFACEOUTERBOUND(#508,.T.);
#510= IFCFACE((#509));
#511= IFCPOLYLOOP((#469,#481,#482,#470));
#512= IFCFACEOUTERBOUND(#511,.T.);
#513= IFCFACE((#512));
#514= IFCPOLYLOOP((#470,#482,#483,#471));
#515= IFCFACEOUTERBOUND(#514,.T.);
#516= IFCFACE((#515));
#517= IFCPOLYLOOP((#471,#483,#484,#472));
#518= IFCFACEOUTERBOUND(#517,.T.);
#519= IFCFACE((#518));
#520= IFCPOLYLOOP((#472,#484,#485,#473));
#521= IFCFACEOUTERBOUND(#520,.T.);
#522= IFCFACE((#521));
#523= IFCPOLYLOOP((#473,#485,#486,#474));
#524= IFCFACEOUTERBOUND(#523,.T.);
#525= IFCFACE((#524));
#526= IFCPOLYLOOP((#474,#486,#475,#463));
#527= IFCFACEOUTERBOUND(#526,.T.);
#528= IFCFACE((#527));
#529= IFCCARTESIANPOINT((20.7846096908265,-63.7654931631862,0.));
#530= IFCCARTESIANPOINT((10.3923048454133,-63.7654931631862,18.));
#531= IFCCARTESIANPOINT((-10.3923048454133,-63.7654931631862,18.));
#532= IFCCARTESIANPOINT((-20.7846096908265,-63.7654931631862,2.54538057293978E-15));
#533= IFCCARTESIANPOINT((-10.3923048454133,-63.7654931631862,-18.));
#534= IFCCARTESIANPOINT((10.3923048454132,-63.7654931631862,-18.));
#535= IFCCARTESIANPOINT((20.7846096908265,-47.9254931631861,0.));
#536= IFCCARTESIANPOINT((10.3923048454133,-47.9254931631861,18.));
#537= IFCCARTESIANPOINT((-10.3923048454133,-47.9254931631861,18.));
#538= IFCCARTESIANPOINT((-20.7846096908265,-47.9254931631861,2.54538057293978E-15));
#539= IFCCARTESIANPOINT((-10.3923048454133,-47.9254931631861,-18.));
#540= IFCCARTESIANPOINT((10.3923048454132,-47.9254931631861,-18.));
#541= IFCPOLYLOOP((#529,#530,#531,#532,#533,#534));
#542= IFCFACEOUTERBOUND(#541,.T.);
#543= IFCFACE((#542));
#544= IFCPOLYLOOP((#540,#539,#538,#537,#536,#535));
#545= IFCFACEOUTERBOUND(#544,.T.);
#546= IFCFACE((#545));
#547= IFCPOLYLOOP((#529,#535,#536,#530));
#548= IFCFACEOUTERBOUND(#547,.T.);
#549= IFCFACE((#548));
#550= IFCPOLYLOOP((#530,#536,#537,#531));
#551= IFCFACEOUTERBOUND(#550,.T.);
#552= IFCFACE((#551));
#553= IFCPOLYLOOP((#531,#537,#538,#532));
#554= IFCFACEOUTERBOUND(#553,.T.);
#555= IFCFACE((#554));
#556= IFCPOLYLOOP((#532,#538,#539,#533));
#557= IFCFACEOUTERBOUND(#556,.T.);
#558= IFCFACE((#557));
#559= IFCPOLYLOOP((#533,#539,#540,#534));
#560= IFCFACEOUTERBOUND(#559,.T.);
#561= IFCFACE((#560));
#562= IFCPOLYLOOP((#534,#540,#535,#529));
#563= IFCFACEOUTERBOUND(#562,.T.);
#564= IFCFACE((#563));
#565= IFCCARTESIANPOINT((12.,-47.9254931631862,0.));
#566= IFCCARTESIANPOINT((10.3923048454131,-47.9254931631862,6.00000000000036));
#567= IFCCARTESIANPOINT((5.99999999999928,-47.9254931631862,10.3923048454137));
#568= IFCCARTESIANPOINT((-1.24360317792039E-12,-47.9254931631862,12.));
#569= IFCCARTESIANPOINT((-6.00000000000143,-47.9254931631862,10.3923048454124));
#570= IFCCARTESIANPOINT((-10.3923048454143,-47.9254931631862,5.99999999999821));
#571= IFCCARTESIANPOINT((-12.,-47.9254931631862,-2.48720635584077E-12));
#572= IFCCARTESIANPOINT((-10.3923048454118,-47.9254931631862,-6.00000000000251));
#573= IFCCARTESIANPOINT((-5.99999999999713,-47.9254931631862,-10.3923048454149));
#574= IFCCARTESIANPOINT((3.71748685746566E-12,-47.9254931631862,-12.));
#575= IFCCARTESIANPOINT((6.00000000000358,-47.9254931631862,-10.3923048454112));
#576= IFCCARTESIANPOINT((10.3923048454155,-47.9254931631862,-5.99999999999605));
#577= IFCCARTESIANPOINT((12.,37.0745068368138,0.));
#578= IFCCARTESIANPOINT((10.3923048454131,37.0745068368138,6.00000000000036));
#579= IFCCARTESIANPOINT((5.99999999999928,37.0745068368138,10.3923048454137));
#580= IFCCARTESIANPOINT((-1.24360317792039E-12,37.0745068368138,12.));
#581= IFCCARTESIANPOINT((-6.00000000000143,37.0745068368138,10.3923048454124));
#582= IFCCARTESIANPOINT((-10.3923048454143,37.0745068368138,5.99999999999821));
#583= IFCCARTESIANPOINT((-12.,37.0745068368138,-2.48720635584077E-12));
#584= IFCCARTESIANPOINT((-10.3923048454118,37.0745068368138,-6.00000000000251));
#585= IFCCARTESIANPOINT((-5.99999999999713,37.0745068368138,-10.3923048454149));
#586= IFCCARTESIANPOINT((3.71748685746566E-12,37.0745068368138,-12.));
#587= IFCCARTESIANPOINT((6.00000000000358,37.0745068368138,-10.3923048454112));
#588= IFCCARTESIANPOINT((10.3923048454155,37.0745068368138,-5.99999999999605));
#589= IFCPOLYLOOP((#565,#566,#567,#568,#569,#570,#571,#572,#573,#574,#575,#576));
#590= IFCFACEOUTERBOUND(#589,.T.);
#591= IFCFACE((#590));
#592= IFCPOLYLOOP((#588,#587,#586,#585,#584,#583,#582,#581,#580,#579,#578,#577));
#593= IFCFACEOUTERBOUND(#592,.T.);
#594= IFCFACE((#593));
#595= IFCPOLYLOOP((#565,#577,#578,#566));
#596= IFCFACEOUTERBOUND(#595,.T.);
#597= IFCFACE((#596));
#598= IFCPOLYLOOP((#566,#578,#579,#567));
#599= IFCFACEOUTERBOUND(#598,.T.);
#600= IFCFACE((#599));
#601= IFCPOLYLOOP((#567,#579,#580,#568));
#602= IFCFACEOUTERBOUND(#601,.T.);
#603= IFCFACE((#602));
#604= IFCPOLYLOOP((#568,#580,#581,#569));
#605= IFCFACEOUTERBOUND(#604,.T.);
#606= IFCFACE((#605));
#607= IFCPOLYLOOP((#569,#581,#582,#570));
#608= IFCFACEOUTERBOUND(#607,.T.);
#609= IFCFACE((#608));
#610= IFCPOLYLOOP((#570,#582,#583,#571));
#611= IFCFACEOUTERBOUND(#610,.T.);
#612= IFCFACE((#611));
#613= IFCPOLYLOOP((#571,#583,#584,#572));
#614= IFCFACEOUTERBOUND(#613,.T.);
#615= IFCFACE((#614));
#616= IFCPOLYLOOP((#572,#584,#585,#573));
#617= IFCFACEOUTERBOUND(#616,.T.);
#618= IFCFACE((#617));
#619= IFCPOLYLOOP((#573,#585,#586,#574));
#620= IFCFACEOUTERBOUND(#619,.T.);
#621= IFCFACE((#620));
#622= IFCPOLYLOOP((#574,#586,#587,#575));
#623= IFCFACEOUTERBOUND(#622,.T.);
#624= IFCFACE((#623));
#625= IFCPOLYLOOP((#575,#587,#588,#576));
#626= IFCFACEOUTERBOUND(#625,.T.);
#627= IFCFACE((#626));
#628= IFCPOLYLOOP((#576,#588,#577,#565));
#629= IFCFACEOUTERBOUND(#628,.T.);
#630= IFCFACE((#629));
#631= IFCCARTESIANPOINT((21.6,-47.9254931631861,0.));
#632= IFCCARTESIANPOINT((18.7061487217435,-47.9254931631861,10.8000000000006));
#633= IFCCARTESIANPOINT((10.7999999999987,-47.9254931631861,18.7061487217446));
#634= IFCCARTESIANPOINT((-2.2384857202567E-12,-47.9254931631861,21.6));
#635= IFCCARTESIANPOINT((-10.8000000000026,-47.9254931631861,18.7061487217424));
#636= IFCCARTESIANPOINT((-18.7061487217457,-47.9254931631861,10.7999999999968));
#637= IFCCARTESIANPOINT((-21.6,-47.9254931631861,-4.47697144051339E-12));
#638= IFCCARTESIANPOINT((-18.7061487217413,-47.9254931631861,-10.8000000000045));
#639= IFCCARTESIANPOINT((-10.7999999999948,-47.9254931631861,-18.7061487217469));
#640= IFCCARTESIANPOINT((6.69147634343819E-12,-47.9254931631861,-21.6));
#641= IFCCARTESIANPOINT((10.8000000000064,-47.9254931631861,-18.7061487217402));
#642= IFCCARTESIANPOINT((18.706148721748,-47.9254931631861,-10.7999999999929));
#643= IFCCARTESIANPOINT((21.6,-40.0054931631861,0.));
#644= IFCCARTESIANPOINT((18.7061487217435,-40.0054931631861,10.8000000000006));
#645= IFCCARTESIANPOINT((10.7999999999987,-40.0054931631861,18.7061487217446));
#646= IFCCARTESIANPOINT((-2.2384857202567E-12,-40.0054931631861,21.6));
#647= IFCCARTESIANPOINT((-10.8000000000026,-40.0054931631861,18.7061487217424));
#648= IFCCARTESIANPOINT((-18.7061487217457,-40.0054931631861,10.7999999999968));
#649= IFCCARTESIANPOINT((-21.6,-40.0054931631861,-4.47697144051339E-12));
#650= IFCCARTESIANPOINT((-18.7061487217413,-40.0054931631861,-10.8000000000045));
#651= IFCCARTESIANPOINT((-10.7999999999948,-40.0054931631861,-18.7061487217469));
#652= IFCCARTESIANPOINT((6.69147634343819E-12,-40.0054931631861,-21.6));
#653= IFCCARTESIANPOINT((10.8000000000064,-40.0054931631861,-18.7061487217402));
#654= IFCCARTESIANPOINT((18.706148721748,-40.0054931631861,-10.7999999999929));
#655= IFCPOLYLOOP((#631,#632,#633,#634,#635,#636,#637,#638,#639,#640,#641,#642));
#656= IFCFACEOUTERBOUND(#655,.T.);
#657= IFCFACE((#656));
#658= IFCPOLYLOOP((#654,#653,#652,#651,#650,#649,#648,#647,#646,#645,#644,#643));
#659= IFCFACEOUTERBOUND(#658,.T.);
#660= IFCFACE((#659));
#661= IFCPOLYLOOP((#631,#643,#644,#632));
#662= IFCFACEOUTERBOUND(#661,.T.);
#663= IFCFACE((#662));
#664= IFCPOLYLOOP((#632,#644,#645,#633));
#665= IFCFACEOUTERBOUND(#664,.T.);
#666= IFCFACE((#665));
#667= IFCPOLYLOOP((#633,#645,#646,#634));
#668= IFCFACEOUTERBOUND(#667,.T.);
#669= IFCFACE((#668));
#670= IFCPOLYLOOP((#634,#646,#647,#635));
#671= IFCFACEOUTERBOUND(#670,.T.);
#672= IFCFACE((#671));
#673= IFCPOLYLOOP((#635,#647,#648,#636));
#674= IFCFACEOUTERBOUND(#673,.T.);
#675= IFCFACE((#674));
#676= IFCPOLYLOOP((#636,#648,#649,#637));
#677= IFCFACEOUTERBOUND(#676,.T.);
#678= IFCFACE((#677));
#679= IFCPOLYLOOP((#637,#649,#650,#638));
#680= IFCFACEOUTERBOUND(#679,.T.);
#681= IFCFACE((#680));
#682= IFCPOLYLOOP((#638,#650,#651,#639));
#683= IFCFACEOUTERBOUND(#682,.T.);
#684= IFCFACE((#683));
#685= IFCPOLYLOOP((#639,#651,#652,#640));
#686= IFCFACEOUTERBOUND(#685,.T.);
#687= IFCFACE((#686));
#688= IFCPOLYLOOP((#640,#652,#653,#641));
#689= IFCFACEOUTERBOUND(#688,.T.);
#690= IFCFACE((#689));
#691= IFCPOLYLOOP((#641,#653,#654,#642));
#692= IFCFACEOUTERBOUND(#691,.T.);
#693= IFCFACE((#692));
#694= IFCPOLYLOOP((#642,#654,#643,#631));
#695= IFCFACEOUTERBOUND(#694,.T.);
#696= IFCFACE((#695));
#697= IFCCARTESIANPOINT((21.6,8.72432792675681E-10,0.));
#698= IFCCARTESIANPOINT((18.7061487217435,8.72432792675681E-10,10.8000000000006));
#699= IFCCARTESIANPOINT((10.7999999999987,8.72432792675681E-10,18.7061487217446));
#700= IFCCARTESIANPOINT((-2.2384857202567E-12,8.72432792675681E-10,21.6));
#701= IFCCARTESIANPOINT((-10.8000000000026,8.72432792675681E-10,18.7061487217424));
#702= IFCCARTESIANPOINT((-18.7061487217457,8.72432792675681E-10,10.7999999999968));
#703= IFCCARTESIANPOINT((-21.6,8.72432792675681E-10,-4.47697144051339E-12));
#704= IFCCARTESIANPOINT((-18.7061487217413,8.72432792675681E-10,-10.8000000000045));
#705= IFCCARTESIANPOINT((-10.7999999999948,8.72432792675681E-10,-18.7061487217469));
#706= IFCCARTESIANPOINT((6.69147634343819E-12,8.72432792675681E-10,-21.6));
#707= IFCCARTESIANPOINT((10.8000000000064,8.72432792675681E-10,-18.7061487217402));
#708= IFCCARTESIANPOINT((18.706148721748,8.72432792675681E-10,-10.7999999999929));
#709= IFCCARTESIANPOINT((21.6,7.92000000087243,0.));
#710= IFCCARTESIANPOINT((18.7061487217435,7.92000000087243,10.8000000000006));
#711= IFCCARTESIANPOINT((10.7999999999987,7.92000000087243,18.7061487217446));
#712= IFCCARTESIANPOINT((-2.2384857202567E-12,7.92000000087243,21.6));
#713= IFCCARTESIANPOINT((-10.8000000000026,7.92000000087243,18.7061487217424));
#714= IFCCARTESIANPOINT((-18.7061487217457,7.92000000087243,10.7999999999968));
#715= IFCCARTESIANPOINT((-21.6,7.92000000087243,-4.47697144051339E-12));
#716= IFCCARTESIANPOINT((-18.7061487217413,7.92000000087243,-10.8000000000045));
#717= IFCCARTESIANPOINT((-10.7999999999948,7.92000000087243,-18.7061487217469));
#718= IFCCARTESIANPOINT((6.69147634343819E-12,7.92000000087243,-21.6));
#719= IFCCARTESIANPOINT((10.8000000000064,7.92000000087243,-18.7061487217402));
#720= IFCCARTESIANPOINT((18.706148721748,7.92000000087243,-10.7999999999929));
#721= IFCPOLYLOOP((#697,#698,#699,#700,#701,#702,#703,#704,#705,#706,#707,#708));
#722= IFCFACEOUTERBOUND(#721,.T.);
#723= IFCFACE((#722));
#724= IFCPOLYLOOP((#720,#719,#718,#717,#716,#715,#714,#713,#712,#711,#710,#709));
#725= IFCFACEOUTERBOUND(#724,.T.);
#726= IFCFACE((#725));
#727= IFCPOLYLOOP((#697,#709,#710,#698));
#728= IFCFACEOUTERBOUND(#727,.T.);
#729= IFCFACE((#728));
#730= IFCPOLYLOOP((#698,#710,#711,#699));
#731= IFCFACEOUTERBOUND(#730,.T.);
#732= IFCFACE((#731));
#733= IFCPOLYLOOP((#699,#711,#712,#700));
#734= IFCFACEOUTERBOUND(#733,.T.);
#735= IFCFACE((#734));
#736= IFCPOLYLOOP((#700,#712,#713,#701));
#737= IFCFACEOUTERBOUND(#736,.T.);
#738= IFCFACE((#737));
#739= IFCPOLYLOOP((#701,#713,#714,#702));
#740= IFCFACEOUTERBOUND(#739,.T.);
#741= IFCFACE((#740));
#742= IFCPOLYLOOP((#702,#714,#715,#703));
#743= IFCFACEOUTERBOUND(#742,.T.);
#744= IFCFACE((#743));
#745= IFCPOLYLOOP((#703,#715,#716,#704));
#746= IFCFACEOUTERBOUND(#745,.T.);
#747= IFCFACE((#746));
#748= IFCPOLYLOOP((#704,#716,#717,#705));
#749= IFCFACEOUTERBOUND(#748,.T.);
#750= IFCFACE((#749));
#751= IFCPOLYLOOP((#705,#717,#718,#706));
#752= IFCFACEOUTERBOUND(#751,.T.);
#753= IFCFACE((#752));
#754= IFCPOLYLOOP((#706,#718,#719,#707));
#755= IFCFACEOUTERBOUND(#754,.T.);
#756= IFCFACE((#755));
#757= IFCPOLYLOOP((#707,#719,#720,#708));
#758= IFCFACEOUTERBOUND(#757,.T.);
#759= IFCFACE((#758));
#760= IFCPOLYLOOP((#708,#720,#709,#697));
#761= IFCFACEOUTERBOUND(#760,.T.);
#762= IFCFACE((#761));
#763= IFCCARTESIANPOINT((23.0016347245147,7.92000000087243,0.));
#764= IFCCARTESIANPOINT((11.5008173622573,7.92000000087243,19.92));
#765= IFCCARTESIANPOINT((-11.5008173622573,7.92000000087243,19.92));
#766= IFCCARTESIANPOINT((-23.0016347245147,7.92000000087243,2.81688783405335E-15));
#767= IFCCARTESIANPOINT((-11.5008173622574,7.92000000087243,-19.92));
#768= IFCCARTESIANPOINT((11.5008173622573,7.92000000087243,-19.92));
#769= IFCCARTESIANPOINT((23.0016347245147,23.7600000008724,0.));
#770= IFCCARTESIANPOINT((11.5008173622573,23.7600000008724,19.92));
#771= IFCCARTESIANPOINT((-11.5008173622573,23.7600000008724,19.92));
#772= IFCCARTESIANPOINT((-23.0016347245147,23.7600000008724,2.81688783405335E-15));
#773= IFCCARTESIANPOINT((-11.5008173622574,23.7600000008724,-19.92));
#774= IFCCARTESIANPOINT((11.5008173622573,23.7600000008724,-19.92));
#775= IFCPOLYLOOP((#763,#764,#765,#766,#767,#768));
#776= IFCFACEOUTERBOUND(#775,.T.);
#777= IFCFACE((#776));
#778= IFCPOLYLOOP((#774,#773,#772,#771,#770,#769));
#779= IFCFACEOUTERBOUND(#778,.T.);
#780= IFCFACE((#779));
#781= IFCPOLYLOOP((#763,#769,#770,#764));
#782= IFCFACEOUTERBOUND(#781,.T.);
#783= IFCFACE((#782));
#784= IFCPOLYLOOP((#764,#770,#771,#765));
#785= IFCFACEOUTERBOUND(#784,.T.);
#786= IFCFACE((#785));
#787= IFCPOLYLOOP((#765,#771,#772,#766));
#788= IFCFACEOUTERBOUND(#787,.T.);
#789= IFCFACE((#788));
#790= IFCPOLYLOOP((#766,#772,#773,#767));
#791= IFCFACEOUTERBOUND(#790,.T.);
#792= IFCFACE((#791));
#793= IFCPOLYLOOP((#767,#773,#774,#768));
#794= IFCFACEOUTERBOUND(#793,.T.);
#795= IFCFACE((#794));
#796= IFCPOLYLOOP((#768,#774,#769,#763));
#797= IFCFACEOUTERBOUND(#796,.T.);
#798= IFCFACE((#797));
#799= IFCCLOSEDSHELL((#543,#546,#549,#552,#555,#558,#561,#564,#591,#594,#597,#600,#603,#606,#609,#612,#615,#618,#621,#624,#627,#630,#657,#660,#663,#666,#669,#672,#675,#678,#681,#684,#687,#690,#693,#696,#723,#726,#729,#732,#735,#738,#741,#744,#747,#750,#753,#756,#759,#762,#777,#780,#783,#786,#789,#792,#795,#798));
#800= IFCFACETEDBREP(#799);
#801= IFCSTYLEDITEM(#800,(#396),$);
#802= IFCCLOSEDSHELL((#423,#426,#429,#432,#435,#438,#441,#444,#447,#450,#453,#456,#459,#462,#489,#492,#495,#498,#501,#504,#507,#510,#513,#516,#519,#522,#525,#528));
#803= IFCFACETEDBREP(#802);
#804= IFCSTYLEDITEM(#803,(#119),$);
#805= IFCSHAPEREPRESENTATION(#12,'Body','Brep',(#800,#803));
#806= IFCREPRESENTATIONMAP(#10,#805);
#807= IFCMAPPEDITEM(#806,#122);
#808= IFCSHAPEREPRESENTATION(#12,'Body','MappedRepresentation',(#807));
#809= IFCPRODUCTDEFINITIONSHAPE($,$,(#808));
#810= IFCCARTESIANPOINT((57209.8505918046,2532.99772382117,16580.000769225));
#811= IFCDIRECTION((-0.999999997660104,-6.84089999767822E-05,0.));
#812= IFCDIRECTION((0.,0.,-1.));
#813= IFCAXIS2PLACEMENT3D(#810,#811,#812);
#814= IFCLOCALPLACEMENT(#42,#813);
#815= IFCMECHANICALFASTENER('2evPsqYrP8FhaGKS$Cjl68',#394,'Bolt assembly',$,$,#814,#809,'IDa8e59db4-8b56-483e-b910-51cfccb6f188',24.,85.);
#816= IFCPROPERTYSINGLEVALUE('Washer count',$,IFCINTEGER(2),$);
#817= IFCPROPERTYSINGLEVALUE('Washer diameter',$,IFCLENGTHMEASURE(24.),$);
#818= IFCPROPERTYSINGLEVALUE('Nut count',$,IFCINTEGER(1),$);
#819= IFCPROPERTYSINGLEVALUE('Bolt hole diameter',$,IFCLENGTHMEASURE(26.),$);
#820= IFCPROPERTYSINGLEVALUE('Bolt size',$,IFCLENGTHMEASURE(24.),$);
#821= IFCPROPERTYSINGLEVALUE('Bolt length',$,IFCLENGTHMEASURE(85.),$);
#822= IFCPROPERTYSINGLEVALUE('Bolt standard',$,IFCLABEL('TS10.9'),$);
#823= IFCPROPERTYSET('1Y4knqxKL4a86HU6vF4uCA',#5,'Tekla Bolt','Bolt Properties',(#816,#817,#137,#138,#818,#140,#141,#142,#143,#819,#145,#146,#820,#821,#822,#150));
#824= IFCMATERIAL('TS10.9');
#825= IFCMAPPEDITEM(#806,#122);
#826= IFCSHAPEREPRESENTATION(#12,'Body','MappedRepresentation',(#825));
#827= IFCPRODUCTDEFINITIONSHAPE($,$,(#826));
#828= IFCCARTESIANPOINT((57089.8505920858,2532.98951474073,16580.000769225));
#829= IFCAXIS2PLACEMENT3D(#828,#811,#812);
#830= IFCLOCALPLACEMENT(#42,#829);
#831= IFCMECHANICALFASTENER('0EwtzKEiD5je0lv3H877yb',#394,'Bolt assembly',$,$,#830,#827,'ID0eeb7f54-3ac3-45b6-802f-e434481c7f25',24.,85.);
#832= IFCMAPPEDITEM(#806,#122);
#833= IFCSHAPEREPRESENTATION(#12,'Body','MappedRepresentation',(#832));
#834= IFCPRODUCTDEFINITIONSHAPE($,$,(#833));
#835= IFCCARTESIANPOINT((56969.8505923669,2532.98130566028,16580.000769225));
#836= IFCAXIS2PLACEMENT3D(#835,#811,#812);
#837= IFCLOCALPLACEMENT(#42,#836);
#838= IFCMECHANICALFASTENER('1N9VNkfsjAKAqUGUShczXG',#394,'Bolt assembly',$,$,#837,#834,'ID5725f5ee-a76b-4a50-ad1e-41e72b9bd850',24.,85.);
#839= IFCMAPPEDITEM(#806,#122);
#840= IFCSHAPEREPRESENTATION(#12,'Body','MappedRepresentation',(#839));
#841= IFCPRODUCTDEFINITIONSHAPE($,$,(#840));
#842= IFCCARTESIANPOINT((57209.8505918046,2532.99772382117,16700.000769225));
#843= IFCAXIS2PLACEMENT3D(#842,#811,#812);
#844= IFCLOCALPLACEMENT(#42,#843);
#845= IFCMECHANICALFASTENER('10bf0MTsLCzvB4te65kfuN',#394,'Bolt assembly',$,$,#844,#841,'ID40969016-7765-4cf7-92c4-de8185ba9e17',24.,85.);
#846= IFCMAPPEDITEM(#806,#122);
#847= IFCSHAPEREPRESENTATION(#12,'Body','MappedRepresentation',(#846));
#848= IFCPRODUCTDEFINITIONSHAPE($,$,(#847));
#849= IFCCARTESIANPOINT((56969.8505923669,2532.98130566028,16700.000769225));
#850= IFCAXIS2PLACEMENT3D(#849,#811,#812);
#851= IFCLOCALPLACEMENT(#42,#850);
#852= IFCMECHANICALFASTENER('2wgxjv4APCwuYERoIc5sP9',#394,'Bolt assembly',$,$,#851,#848,'IDbaabbb79-10a6-4ceb-888e-6f24a6176649',24.,85.);
#853= IFCMAPPEDITEM(#806,#122);
#854= IFCSHAPEREPRESENTATION(#12,'Body','MappedRepresentation',(#853));
#855= IFCPRODUCTDEFINITIONSHAPE($,$,(#854));
#856= IFCCARTESIANPOINT((57209.8505918046,2532.99772382117,16815.000769225));
#857= IFCAXIS2PLACEMENT3D(#856,#811,#812);
#858= IFCLOCALPLACEMENT(#42,#857);
#859= IFCMECHANICALFASTENER('3Xnm3s_ubAG9kMuHC674ak',#394,'Bolt assembly',$,$,#858,#855,'IDe1c700f6-fb89-4a40-9b96-e113061c492e',24.,85.);
#860= IFCMAPPEDITEM(#806,#122);
#861= IFCSHAPEREPRESENTATION(#12,'Body','MappedRepresentation',(#860));
#862= IFCPRODUCTDEFINITIONSHAPE($,$,(#861));
#863= IFCCARTESIANPOINT((56969.8505923669,2532.98130566028,16815.000769225));
#864= IFCAXIS2PLACEMENT3D(#863,#811,#812);
#865= IFCLOCALPLACEMENT(#42,#864);
#866= IFCMECHANICALFASTENER('3HX6C$tkv1$PRdIf1mXzZr',#394,'Bolt assembly',$,$,#865,#862,'IDd184633f-deee-41fd-96e7-4a907087d8f5',24.,85.);
#867= IFCMAPPEDITEM(#806,#122);
#868= IFCSHAPEREPRESENTATION(#12,'Body','MappedRepresentation',(#867));
#869= IFCPRODUCTDEFINITIONSHAPE($,$,(#868));
#870= IFCCARTESIANPOINT((57209.8505918046,2532.99772382117,16930.000769225));
#871= IFCAXIS2PLACEMENT3D(#870,#811,#812);
#872= IFCLOCALPLACEMENT(#42,#871);
#873= IFCMECHANICALFASTENER('1I0HUSlPr7tQEqeM$uj8Vc',#394,'Bolt assembly',$,$,#872,#869,'ID5201179c-bd9d-47dd-a3b4-a16ff8b487e6',24.,85.);
#874= IFCMAPPEDITEM(#806,#122);
#875= IFCSHAPEREPRESENTATION(#12,'Body','MappedRepresentation',(#874));
#876= IFCPRODUCTDEFINITIONSHAPE($,$,(#875));
#877= IFCCARTESIANPOINT((57089.8505920858,2532.98951474073,16930.000769225));
#878= IFCAXIS2PLACEMENT3D(#877,#811,#812);
#879= IFCLOCALPLACEMENT(#42,#878);
#880= IFCMECHANICALFASTENER('3L41XAh3P6pQ6fIRIah2_G',#394,'Bolt assembly',$,$,#879,#876,'IDd510184a-ac36-46cd-a1a9-49b4a4ac2f90',24.,85.);
#881= IFCMAPPEDITEM(#806,#122);
#882= IFCSHAPEREPRESENTATION(#12,'Body','MappedRepresentation',(#881));
#883= IFCPRODUCTDEFINITIONSHAPE($,$,(#882));
#884= IFCCARTESIANPOINT((56969.8505923669,2532.98130566028,16930.000769225));
#885= IFCAXIS2PLACEMENT3D(#884,#811,#812);
#886= IFCLOCALPLACEMENT(#42,#885);
#887= IFCMECHANICALFASTENER('2mbJPx_WX2FuAp95$xqEZh',#394,'Bolt assembly',$,$,#886,#883,'IDb095367b-fa08-423f-82b3-245ffbd0e8eb',24.,85.);
#888= IFCCOLOURRGB('Dark Gray',0.709803921568627,0.403921568627451,0.2);
#889= IFCSURFACESTYLERENDERING(#888,0.,$,$,$,$,IFCNORMALISEDRATIOMEASURE(0.00390625),IFCSPECULAREXPONENT(10.),.NOTDEFINED.);
#890= IFCSURFACESTYLE('STEEL/S275',.POSITIVE.,(#889));
#891= IFCPRESENTATIONSTYLEASSIGNMENT((#890));
#892= IFCCARTESIANPOINT((3.18323145620525E-12,-5.,19.9999999999345));
#893= IFCCARTESIANPOINT((1.54614099301398E-11,-5.,99.9999999996944));
#894= IFCCARTESIANPOINT((1.54614099301398E-11,5.,99.9999999996944));
#895= IFCCARTESIANPOINT((3.18323145620525E-12,5.,19.9999999999345));
#896= IFCPOLYLOOP((#892,#893,#894,#895));
#897= IFCFACEOUTERBOUND(#896,.T.);
#898= IFCFACE((#897));
#899= IFCCARTESIANPOINT((3.90180644033899,-5.,100.384294391639));
#900= IFCCARTESIANPOINT((3.90180644033899,5.,100.384294391639));
#901= IFCPOLYLOOP((#893,#899,#900,#894));
#902= IFCFACEOUTERBOUND(#901,.T.);
#903= IFCFACE((#902));
#904= IFCCARTESIANPOINT((7.65366864731959,-5.,101.522409349483));
#905= IFCCARTESIANPOINT((7.65366864731959,5.,101.522409349483));
#906= IFCPOLYLOOP((#899,#904,#905,#900));
#907= IFCFACEOUTERBOUND(#906,.T.);
#908= IFCFACE((#907));
#909= IFCCARTESIANPOINT((11.1114046604112,-5.,103.37060775367));
#910= IFCCARTESIANPOINT((11.1114046604112,5.,103.37060775367));
#911= IFCPOLYLOOP((#904,#909,#910,#905));
#912= IFCFACEOUTERBOUND(#911,.T.);
#913= IFCFACE((#912));
#914= IFCCARTESIANPOINT((14.1421356237511,-5.,105.857864375983));
#915= IFCCARTESIANPOINT((14.1421356237511,5.,105.857864375983));
#916= IFCPOLYLOOP((#909,#914,#915,#910));
#917= IFCFACEOUTERBOUND(#916,.T.);
#918= IFCFACE((#917));
#919= IFCCARTESIANPOINT((16.6293922460723,-5.,108.888595339318));
#920= IFCCARTESIANPOINT((16.6293922460723,5.,108.888595339318));
#921= IFCPOLYLOOP((#914,#919,#920,#915));
#922= IFCFACEOUTERBOUND(#921,.T.);
#923= IFCFACE((#922));
#924= IFCCARTESIANPOINT((18.4775906502477,-5.,112.346331352397));
#925= IFCCARTESIANPOINT((18.4775906502477,5.,112.346331352397));
#926= IFCPOLYLOOP((#919,#924,#925,#920));
#927= IFCFACEOUTERBOUND(#926,.T.);
#928= IFCFACE((#927));
#929= IFCCARTESIANPOINT((19.6157056080874,-5.,116.098193559374));
#930= IFCCARTESIANPOINT((19.6157056080874,5.,116.098193559374));
#931= IFCPOLYLOOP((#924,#929,#930,#925));
#932= IFCFACEOUTERBOUND(#931,.T.);
#933= IFCFACE((#932));
#934= IFCCARTESIANPOINT((20.0000000000232,-5.,119.999999999687));
#935= IFCCARTESIANPOINT((20.0000000000232,5.,119.999999999687));
#936= IFCPOLYLOOP((#929,#934,#935,#930));
#937= IFCFACEOUTERBOUND(#936,.T.);
#938= IFCFACE((#937));
#939= IFCCARTESIANPOINT((110.000000000036,-5.,119.999999999927));
#940= IFCCARTESIANPOINT((110.000000000036,5.,119.999999999927));
#941= IFCPOLYLOOP((#934,#939,#940,#935));
#942= IFCFACEOUTERBOUND(#941,.T.);
#943= IFCFACE((#942));
#944= IFCCARTESIANPOINT((110.384294391971,-5.,116.098193559621));
#945= IFCCARTESIANPOINT((110.384294391971,5.,116.098193559621));
#946= IFCPOLYLOOP((#939,#944,#945,#940));
#947= IFCFACEOUTERBOUND(#946,.T.);
#948= IFCFACE((#947));
#949= IFCCARTESIANPOINT((111.52240934981,-5.,112.346331352644));
#950= IFCCARTESIANPOINT((111.52240934981,5.,112.346331352644));
#951= IFCPOLYLOOP((#944,#949,#950,#945));
#952= IFCFACEOUTERBOUND(#951,.T.);
#953= IFCFACE((#952));
#954= IFCCARTESIANPOINT((113.370607753985,-5.,108.888595339573));
#955= IFCCARTESIANPOINT((113.370607753985,5.,108.888595339573));
#956= IFCPOLYLOOP((#949,#954,#955,#950));
#957= IFCFACEOUTERBOUND(#956,.T.);
#958= IFCFACE((#957));
#959= IFCCARTESIANPOINT((115.857864376305,-5.,105.857864376252));
#960= IFCCARTESIANPOINT((115.857864376305,5.,105.857864376252));
#961= IFCPOLYLOOP((#954,#959,#960,#955));
#962= IFCFACEOUTERBOUND(#961,.T.);
#963= IFCFACE((#962));
#964= IFCCARTESIANPOINT((118.888595339644,-5.,103.370607753946));
#965= IFCCARTESIANPOINT((118.888595339644,5.,103.370607753946));
#966= IFCPOLYLOOP((#959,#964,#965,#960));
#967= IFCFACEOUTERBOUND(#966,.T.);
#968= IFCFACE((#967));
#969= IFCCARTESIANPOINT((122.346331352735,-5.,101.522409349789));
#970= IFCCARTESIANPOINT((122.346331352735,5.,101.522409349789));
#971= IFCPOLYLOOP((#964,#969,#970,#965));
#972= IFCFACEOUTERBOUND(#971,.T.);
#973= IFCFACE((#972));
#974= IFCCARTESIANPOINT((126.098193559715,-5.,100.384294391966));
#975= IFCCARTESIANPOINT((126.098193559715,5.,100.384294391966));
#976= IFCPOLYLOOP((#969,#974,#975,#970));
#977= IFCFACEOUTERBOUND(#976,.T.);
#978= IFCFACE((#977));
#979= IFCCARTESIANPOINT((130.000000000038,-5.,100.000000000036));
#980= IFCCARTESIANPOINT((130.000000000038,5.,100.000000000036));
#981= IFCPOLYLOOP((#974,#979,#980,#975));
#982= IFCFACEOUTERBOUND(#981,.T.);
#983= IFCFACE((#982));
#984= IFCCARTESIANPOINT((130.00000000003,-5.,20.0000000002765));
#985= IFCCARTESIANPOINT((130.00000000003,5.,20.0000000002765));
#986= IFCPOLYLOOP((#979,#984,#985,#980));
#987= IFCFACEOUTERBOUND(#986,.T.);
#988= IFCFACE((#987));
#989= IFCCARTESIANPOINT((126.098193559707,-5.,19.6157056083248));
#990= IFCCARTESIANPOINT((126.098193559707,5.,19.6157056083248));
#991= IFCPOLYLOOP((#984,#989,#990,#985));
#992= IFCFACEOUTERBOUND(#991,.T.);
#993= IFCFACE((#992));
#994= IFCCARTESIANPOINT((122.346331352727,-5.,18.4775906504874));
#995= IFCCARTESIANPOINT((122.346331352727,5.,18.4775906504874));
#996= IFCPOLYLOOP((#989,#994,#995,#990));
#997= IFCFACEOUTERBOUND(#996,.T.);
#998= IFCFACE((#997));
#999= IFCCARTESIANPOINT((118.888595339636,-5.,16.629392246301));
#1000= IFCCARTESIANPOINT((118.888595339636,5.,16.629392246301));
#1001= IFCPOLYLOOP((#994,#999,#1000,#995));
#1002= IFCFACEOUTERBOUND(#1001,.T.);
#1003= IFCFACE((#1002));
#1004= IFCCARTESIANPOINT((115.857864376295,-5.,14.142135623988));
#1005= IFCCARTESIANPOINT((115.857864376295,5.,14.142135623988));
#1006= IFCPOLYLOOP((#999,#1004,#1005,#1000));
#1007= IFCFACEOUTERBOUND(#1006,.T.);
#1008= IFCFACE((#1007));
#1009= IFCCARTESIANPOINT((113.370607753975,-5.,11.1114046606526));
#1010= IFCCARTESIANPOINT((113.370607753975,5.,11.1114046606526));
#1011= IFCPOLYLOOP((#1004,#1009,#1010,#1005));
#1012= IFCFACEOUTERBOUND(#1011,.T.);
#1013= IFCFACE((#1012));
#1014= IFCCARTESIANPOINT((111.522409349799,-5.,7.65366864756652));
#1015= IFCCARTESIANPOINT((111.522409349799,5.,7.65366864756652));
#1016= IFCPOLYLOOP((#1009,#1014,#1015,#1010));
#1017= IFCFACEOUTERBOUND(#1016,.T.);
#1018= IFCFACE((#1017));
#1019= IFCCARTESIANPOINT((110.38429439196,-5.,3.90180644059728));
#1020= IFCCARTESIANPOINT((110.38429439196,5.,3.90180644059728));
#1021= IFCPOLYLOOP((#1014,#1019,#1020,#1015));
#1022= IFCFACEOUTERBOUND(#1021,.T.);
#1023= IFCFACE((#1022));
#1024= IFCCARTESIANPOINT((110.000000000024,-5.,2.83762346953154E-10));
#1025= IFCCARTESIANPOINT((110.000000000024,5.,2.83762346953154E-10));
#1026= IFCPOLYLOOP((#1019,#1024,#1025,#1020));
#1027= IFCFACEOUTERBOUND(#1026,.T.);
#1028= IFCFACE((#1027));
#1029= IFCCARTESIANPOINT((20.0000000000045,-5.,4.36557456851006E-11));
#1030= IFCCARTESIANPOINT((20.0000000000045,5.,4.36557456851006E-11));
#1031= IFCPOLYLOOP((#1024,#1029,#1030,#1025));
#1032= IFCFACEOUTERBOUND(#1031,.T.);
#1033= IFCFACE((#1032));
#1034= IFCCARTESIANPOINT((19.6157056080692,-5.,3.9018064403499));
#1035= IFCCARTESIANPOINT((19.6157056080692,5.,3.9018064403499));
#1036= IFCPOLYLOOP((#1029,#1034,#1035,#1030));
#1037= IFCFACEOUTERBOUND(#1036,.T.);
#1038= IFCFACE((#1037));
#1039= IFCCARTESIANPOINT((18.47759065023,-5.,7.65366864732641));
#1040= IFCCARTESIANPOINT((18.47759065023,5.,7.65366864732641));
#1041= IFCPOLYLOOP((#1034,#1039,#1040,#1035));
#1042= IFCFACEOUTERBOUND(#1041,.T.);
#1043= IFCFACE((#1042));
#1044= IFCCARTESIANPOINT((16.6293922460559,-5.,11.111404660398));
#1045= IFCCARTESIANPOINT((16.6293922460559,5.,11.111404660398));
#1046= IFCPOLYLOOP((#1039,#1044,#1045,#1040));
#1047= IFCFACEOUTERBOUND(#1046,.T.);
#1048= IFCFACE((#1047));
#1049= IFCCARTESIANPOINT((14.1421356237356,-5.,14.1421356237188));
#1050= IFCCARTESIANPOINT((14.1421356237356,5.,14.1421356237188));
#1051= IFCPOLYLOOP((#1044,#1049,#1050,#1045));
#1052= IFCFACEOUTERBOUND(#1051,.T.);
#1053= IFCFACE((#1052));
#1054= IFCCARTESIANPOINT((11.1114046603966,-5.,16.6293922460172));
#1055= IFCCARTESIANPOINT((11.1114046603966,5.,16.6293922460172));
#1056= IFCPOLYLOOP((#1049,#1054,#1055,#1050));
#1057= IFCFACEOUTERBOUND(#1056,.T.);
#1058= IFCFACE((#1057));
#1059= IFCCARTESIANPOINT((7.65366864730595,-5.,18.4775906501891));
#1060= IFCCARTESIANPOINT((7.65366864730595,5.,18.4775906501891));
#1061= IFCPOLYLOOP((#1054,#1059,#1060,#1055));
#1062= IFCFACEOUTERBOUND(#1061,.T.);
#1063= IFCFACE((#1062));
#1064= IFCCARTESIANPOINT((3.90180644032625,-5.,19.6157056080119));
#1065= IFCCARTESIANPOINT((3.90180644032625,5.,19.6157056080119));
#1066= IFCPOLYLOOP((#1059,#1064,#1065,#1060));
#1067= IFCFACEOUTERBOUND(#1066,.T.);
#1068= IFCFACE((#1067));
#1069= IFCPOLYLOOP((#1064,#892,#895,#1065));
#1070= IFCFACEOUTERBOUND(#1069,.T.);
#1071= IFCFACE((#1070));
#1072= IFCPOLYLOOP((#900,#905,#910,#915,#920,#925,#930,#935,#940,#945,#950,#955,#960,#965,#970,#975,#980,#985,#990,#995,#1000,#1005,#1010,#1015,#1020,#1025,#1030,#1035,#1040,#1045,#1050,#1055,#1060,#1065,#895,#894));
#1073= IFCFACEOUTERBOUND(#1072,.T.);
#1074= IFCFACE((#1073));
#1075= IFCPOLYLOOP((#1064,#1059,#1054,#1049,#1044,#1039,#1034,#1029,#1024,#1019,#1014,#1009,#1004,#999,#994,#989,#984,#979,#974,#969,#964,#959,#954,#949,#944,#939,#934,#929,#924,#919,#914,#909,#904,#899,#893,#892));
#1076= IFCFACEOUTERBOUND(#1075,.T.);
#1077= IFCFACE((#1076));
#1078= IFCCLOSEDSHELL((#898,#903,#908,#913,#918,#923,#928,#933,#938,#943,#948,#953,#958,#963,#968,#973,#978,#983,#988,#993,#998,#1003,#1008,#1013,#1018,#1023,#1028,#1033,#1038,#1043,#1048,#1053,#1058,#1063,#1068,#1071,#1074,#1077));
#1079= IFCFACETEDBREP(#1078);
#1080= IFCSTYLEDITEM(#1079,(#891),$);
#1081= IFCSHAPEREPRESENTATION(#12,'Body','Brep',(#1079));
#1082= IFCPRODUCTDEFINITIONSHAPE($,$,(#1081));
#1083= IFCCARTESIANPOINT((57149.850591937,2532.99361928095,16755.0007692249));
#1084= IFCDIRECTION((6.84089999523931E-05,-0.999999997660104,0.));
#1085= IFCAXIS2PLACEMENT3D(#1083,#811,#1084);
#1086= IFCLOCALPLACEMENT(#42,#1085);
#1087= IFCPLATE('0skyqA$EXEIgNK4hs_D4Ho',#44,'PLATE-10','PL10*120',$,#1086,#1082,'ID36bbcd0a-fce8-4e4a-a5d4-12bdbe344472');
#1088= IFCPLATETYPE('23SpRzGab83OFJrjBwIa71',#5,'PL10*120',$,$,$,$,$,$,.NOTDEFINED.);
#1089= IFCPROPERTYSINGLEVALUE('Bottom elevation',$,IFCLABEL(' +16.750'),$);
#1090= IFCPROPERTYSINGLEVALUE('Top elevation',$,IFCLABEL(' +16.760'),$);
#1091= IFCPROPERTYSINGLEVALUE('Initial GUID',$,$,$);
#1092= IFCPROPERTYSINGLEVALUE('Preliminary mark',$,IFCLABEL('5-2-P92'),$);
#1093= IFCPROPERTYSINGLEVALUE('Phase',$,IFCINTEGER(4),$);
#1094= IFCPROPERTYSINGLEVALUE('Class',$,IFCLABEL('22'),$);
#1095= IFCPROPERTYSET('3aHFQzSQH3ohWD87So52Z6',#5,'Tekla Common','Common Properties to Shared building elements',(#1089,#1090,#1091,#1092,#1093,#1094));
#1096= IFCPROPERTYSINGLEVALUE('Weight',$,IFCMASSMEASURE(1.13),$);
#1097= IFCPROPERTYSINGLEVALUE('Volume',$,IFCVOLUMEMEASURE(0.),$);
#1098= IFCPROPERTYSINGLEVALUE('Gross footprint area',$,IFCAREAMEASURE(0.014),$);
#1099= IFCPROPERTYSINGLEVALUE('Area per tons',$,IFCAREAMEASURE(29.609),$);
#1100= IFCPROPERTYSINGLEVALUE('Net surface area',$,IFCAREAMEASURE(0.033),$);
#1101= IFCPROPERTYSINGLEVALUE('Height',$,IFCLENGTHMEASURE(120.),$);
#1102= IFCPROPERTYSINGLEVALUE('Width',$,IFCLENGTHMEASURE(10.),$);
#1103= IFCPROPERTYSINGLEVALUE('Length',$,IFCLENGTHMEASURE(130.),$);
#1104= IFCPROPERTYSET('1aCgSMxLX3yA4hidW5kQpd',#5,'Tekla Quantity','Quantity Properties to Shared building elements',(#1096,#1097,#1098,#1099,#1100,#1101,#1102,#1103));
#1105= IFCPROPERTYSINGLEVALUE('LoadBearing',$,IFCBOOLEAN(.F.),$);
#1106= IFCPROPERTYSINGLEVALUE('Reference',$,IFCIDENTIFIER('5-2-P92'),$);
#1107= IFCPROPERTYSET('0Xhs132zf41PsqVUyBx3jP',#5,'Pset_PlateCommon','Common Properties to plate elements',(#1105,#1106));
#1108= IFCQUANTITYLENGTH('Width',$,$,120.);
#1109= IFCQUANTITYAREA('NetArea',$,$,0.033357463274411);
#1110= IFCQUANTITYAREA('GrossArea',$,$,0.0155999999999999);
#1111= IFCQUANTITYAREA('CrossSectionArea',$,$,0.0001);
#1112= IFCQUANTITYVOLUME('NetVolume',$,$,0.000143514219390963);
#1113= IFCQUANTITYVOLUME('GrossVolume',$,$,0.000143514219390963);
#1114= IFCELEMENTQUANTITY('11zeKq8b9CBOiz6Nj95CQc',#5,'BaseQuantities',$,$,(#1108,#1109,#1110,#1111,#1112,#1113));
#1115= IFCMATERIAL('STEEL/S275');
#1116= IFCCARTESIANPOINT((-1.00044417195022E-11,-5.,104.999999999694));
#1117= IFCCARTESIANPOINT((-1.00044417195022E-11,5.,104.999999999694));
#1118= IFCPOLYLOOP((#892,#1116,#1117,#895));
#1119= IFCFACEOUTERBOUND(#1118,.T.);
#1120= IFCFACE((#1119));
#1121= IFCCARTESIANPOINT((130.000000000019,-5.,104.99999999936));
#1122= IFCCARTESIANPOINT((130.000000000019,5.,104.99999999936));
#1123= IFCPOLYLOOP((#1116,#1121,#1122,#1117));
#1124= IFCFACEOUTERBOUND(#1123,.T.);
#1125= IFCFACE((#1124));
#1126= IFCPOLYLOOP((#1121,#984,#985,#1122));
#1127= IFCFACEOUTERBOUND(#1126,.T.);
#1128= IFCFACE((#1127));
#1129= IFCPOLYLOOP((#1122,#985,#990,#995,#1000,#1005,#1010,#1015,#1020,#1025,#1030,#1035,#1040,#1045,#1050,#1055,#1060,#1065,#895,#1117));
#1130= IFCFACEOUTERBOUND(#1129,.T.);
#1131= IFCFACE((#1130));
#1132= IFCPOLYLOOP((#1064,#1059,#1054,#1049,#1044,#1039,#1034,#1029,#1024,#1019,#1014,#1009,#1004,#999,#994,#989,#984,#1121,#1116,#892));
#1133= IFCFACEOUTERBOUND(#1132,.T.);
#1134= IFCFACE((#1133));
#1135= IFCCLOSEDSHELL((#1120,#1125,#1128,#993,#998,#1003,#1008,#1013,#1018,#1023,#1028,#1033,#1038,#1043,#1048,#1053,#1058,#1063,#1068,#1071,#1131,#1134));
#1136= IFCFACETEDBREP(#1135);
#1137= IFCSTYLEDITEM(#1136,(#891),$);
#1138= IFCSHAPEREPRESENTATION(#12,'Body','Brep',(#1136));
#1139= IFCPRODUCTDEFINITIONSHAPE($,$,(#1138));
#1140= IFCCARTESIANPOINT((57159.8560850776,2532.99430374678,16755.0007692249));
#1141= IFCDIRECTION((0.999999997660104,6.84089999522258E-05,0.));
#1142= IFCAXIS2PLACEMENT3D(#1140,#1141,#1084);
#1143= IFCLOCALPLACEMENT(#42,#1142);
#1144= IFCPLATE('1s6MWe2Lr8r9iH4M16BMcV',#44,'PLATE-10','PL10*105',$,#1143,#1139,'ID76196828-095d-48d4-9b11-1160462d699f');
#1145= IFCPLATETYPE('2B09WdIxfEqQfBcn$WQ5HY',#5,'PL10*105',$,$,$,$,$,$,.NOTDEFINED.);
#1146= IFCPROPERTYSINGLEVALUE('Preliminary mark',$,IFCLABEL('5-2-P99'),$);
#1147= IFCPROPERTYSET('1p63H9qcrB_AutgVtGwZ6F',#5,'Tekla Common','Common Properties to Shared building elements',(#1089,#1090,#1091,#1146,#1093,#1094));
#1148= IFCPROPERTYSINGLEVALUE('Weight',$,IFCMASSMEASURE(1.02),$);
#1149= IFCPROPERTYSINGLEVALUE('Area per tons',$,IFCAREAMEASURE(29.905),$);
#1150= IFCPROPERTYSINGLEVALUE('Net surface area',$,IFCAREAMEASURE(0.031),$);
#1151= IFCPROPERTYSINGLEVALUE('Height',$,IFCLENGTHMEASURE(105.),$);
#1152= IFCPROPERTYSET('1WvhrqETT5xhyzv2rrlyic',#5,'Tekla Quantity','Quantity Properties to Shared building elements',(#1148,#1097,#1098,#1149,#1150,#1151,#1102,#1103));
#1153= IFCPROPERTYSINGLEVALUE('Reference',$,IFCIDENTIFIER('5-2-P99'),$);
#1154= IFCPROPERTYSET('3YeEgFtD9D_vWBYqkGuH1B',#5,'Pset_PlateCommon','Common Properties to plate elements',(#1105,#1153));
#1155= IFCQUANTITYLENGTH('Width',$,$,105.);
#1156= IFCQUANTITYAREA('NetArea',$,$,0.030578731637206);
#1157= IFCQUANTITYAREA('GrossArea',$,$,0.01365);
#1158= IFCQUANTITYVOLUME('NetVolume',$,$,0.000130257109695484);
#1159= IFCQUANTITYVOLUME('GrossVolume',$,$,0.000130257109695484);
#1160= IFCELEMENTQUANTITY('14sF_GLLvECe_tDK7U9Iiy',#5,'BaseQuantities',$,$,(#1155,#1156,#1157,#1111,#1158,#1159));
#1161= IFCSHAPEREPRESENTATION(#12,'Body','Brep',(#1136));
#1162= IFCPRODUCTDEFINITIONSHAPE($,$,(#1161));
#1163= IFCCARTESIANPOINT((57019.8505922416,2532.98472611042,16755.0007692249));
#1164= IFCAXIS2PLACEMENT3D(#1163,#811,#1084);
#1165= IFCLOCALPLACEMENT(#42,#1164);
#1166= IFCPLATE('1l22udhsD2SQxiyzmE_Vd8',#44,'PLATE-10','PL10*105',$,#1165,#1162,'ID6f082e27-af63-4271-aeec-f3dc0ef9f9c8');
#1167= IFCCARTESIANPOINT((-5.91171556152403E-12,-4.99999999999272,110.));
#1168= IFCCARTESIANPOINT((-5.00222085975111E-12,4.99999999997817,110.));
#1169= IFCPOLYLOOP((#892,#1167,#1168,#895));
#1170= IFCFACEOUTERBOUND(#1169,.T.);
#1171= IFCFACE((#1170));
#1172= IFCCARTESIANPOINT((50.0000000000109,-4.99999999986176,110.));
#1173= IFCCARTESIANPOINT((50.0000000000118,5.00000000010914,110.));
#1174= IFCPOLYLOOP((#1167,#1172,#1173,#1168));
#1175= IFCFACEOUTERBOUND(#1174,.T.);
#1176= IFCFACE((#1175));
#1177= IFCCARTESIANPOINT((130.000000000029,-4.99999999965803,60.));
#1178= IFCCARTESIANPOINT((130.000000000029,5.00000000032014,60.));
#1179= IFCPOLYLOOP((#1172,#1177,#1178,#1173));
#1180= IFCFACEOUTERBOUND(#1179,.T.);
#1181= IFCFACE((#1180));
#1182= IFCCARTESIANPOINT((130.000000000029,-4.99999999965803,0.));
#1183= IFCCARTESIANPOINT((130.000000000029,5.00000000032014,0.));
#1184= IFCPOLYLOOP((#1177,#1182,#1183,#1178));
#1185= IFCFACEOUTERBOUND(#1184,.T.);
#1186= IFCFACE((#1185));
#1187= IFCPOLYLOOP((#1182,#1029,#1030,#1183));
#1188= IFCFACEOUTERBOUND(#1187,.T.);
#1189= IFCFACE((#1188));
#1190= IFCPOLYLOOP((#1173,#1178,#1183,#1030,#1035,#1040,#1045,#1050,#1055,#1060,#1065,#895,#1168));
#1191= IFCFACEOUTERBOUND(#1190,.T.);
#1192= IFCFACE((#1191));
#1193= IFCPOLYLOOP((#1064,#1059,#1054,#1049,#1044,#1039,#1034,#1029,#1182,#1177,#1172,#1167,#892));
#1194= IFCFACEOUTERBOUND(#1193,.T.);
#1195= IFCFACE((#1194));
#1196= IFCCLOSEDSHELL((#1171,#1176,#1181,#1186,#1189,#1038,#1043,#1048,#1053,#1058,#1063,#1068,#1071,#1192,#1195));
#1197= IFCFACETEDBREP(#1196);
#1198= IFCSTYLEDITEM(#1197,(#891),$);
#1199= IFCSHAPEREPRESENTATION(#12,'Body','Brep',(#1197));
#1200= IFCPRODUCTDEFINITIONSHAPE($,$,(#1199));
#1201= IFCCARTESIANPOINT((57154.8505919253,2532.99396132605,16630.000769225));
#1202= IFCAXIS2PLACEMENT3D(#1201,#812,#1084);
#1203= IFCLOCALPLACEMENT(#42,#1202);
#1204= IFCPLATE('2N6MXsbSD87Bxf$2HTB6K_',#394,'PLATE-10','PL10*110',$,#1203,#1200,'ID97196876-95c3-481c-bee9-fc245d2c653e');
#1205= IFCPLATETYPE('2RUbhmP3vDQe_WWjgTugSR',#5,'PL10*110',$,$,$,$,$,$,.NOTDEFINED.);
#1206= IFCPROPERTYSINGLEVALUE('Bottom elevation',$,IFCLABEL(' +16.520'),$);
#1207= IFCPROPERTYSINGLEVALUE('Top elevation',$,IFCLABEL(' +16.630'),$);
#1208= IFCPROPERTYSINGLEVALUE('Preliminary mark',$,IFCLABEL('5-2-P98'),$);
#1209= IFCPROPERTYSET('3TK5MDWyT1NPFFFpPzlvBx',#5,'Tekla Common','Common Properties to Shared building elements',(#1206,#1207,#1091,#1208,#1093,#1094));
#1210= IFCPROPERTYSINGLEVALUE('Weight',$,IFCMASSMEASURE(0.94),$);
#1211= IFCPROPERTYSINGLEVALUE('Gross footprint area',$,IFCAREAMEASURE(0.001),$);
#1212= IFCPROPERTYSINGLEVALUE('Area per tons',$,IFCAREAMEASURE(30.108),$);
#1213= IFCPROPERTYSINGLEVALUE('Net surface area',$,IFCAREAMEASURE(0.028),$);
#1214= IFCPROPERTYSINGLEVALUE('Height',$,IFCLENGTHMEASURE(110.),$);
#1215= IFCPROPERTYSET('14FLuUeYD0GAtlRqa7NpPl',#5,'Tekla Quantity','Quantity Properties to Shared building elements',(#1210,#1097,#1211,#1212,#1213,#1214,#1102,#1103));
#1216= IFCPROPERTYSINGLEVALUE('Reference',$,IFCIDENTIFIER('5-2-P98'),$);
#1217= IFCPROPERTYSET('2P_4yfwDr4TgztlsIVwyu2',#5,'Pset_PlateCommon','Common Properties to plate elements',(#1105,#1216));
#1218= IFCQUANTITYLENGTH('Width',$,$,110.);
#1219= IFCQUANTITYAREA('NetArea',$,$,0.0283327639318093);
#1220= IFCQUANTITYAREA('GrossArea',$,$,0.0143000000000006);
#1221= IFCQUANTITYVOLUME('NetVolume',$,$,0.000119878554847745);
#1222= IFCQUANTITYVOLUME('GrossVolume',$,$,0.000119878554847745);
#1223= IFCELEMENTQUANTITY('2$xUGVAtzB4O4QT5GSNebM',#5,'BaseQuantities',$,$,(#1218,#1219,#1220,#1111,#1221,#1222));
#1224= IFCSHAPEREPRESENTATION(#12,'Body','Brep',(#1197));
#1225= IFCPRODUCTDEFINITIONSHAPE($,$,(#1224));
#1226= IFCCARTESIANPOINT((57024.8505922298,2532.98506815552,16630.000769225));
#1227= IFCAXIS2PLACEMENT3D(#1226,#812,#1084);
#1228= IFCLOCALPLACEMENT(#42,#1227);
#1229= IFCPLATE('3VwnxyUaH0sw8bJTSGrchs',#394,'PLATE-10','PL10*110',$,#1228,#1225,'IDdfeb1efc-7a44-40db-a225-4dd710d66af6');
#1230= IFCCARTESIANPOINT((-4.54747350886464E-13,-4.99999999999272,0.));
#1231= IFCCARTESIANPOINT((-5.00222085975111E-12,-4.99999999999272,90.));
#1232= IFCCARTESIANPOINT((-4.09272615797818E-12,4.99999999997817,90.));
#1233= IFCCARTESIANPOINT((4.54747350886464E-13,4.99999999997817,0.));
#1234= IFCPOLYLOOP((#1230,#1231,#1232,#1233));
#1235= IFCFACEOUTERBOUND(#1234,.T.);
#1236= IFCFACE((#1235));
#1237= IFCCARTESIANPOINT((3.90180644031852,-4.99999999997817,90.3842943919371));
#1238= IFCCARTESIANPOINT((3.90180644031989,4.99999999999272,90.3842943919371));
#1239= IFCPOLYLOOP((#1231,#1237,#1238,#1232));
#1240= IFCFACEOUTERBOUND(#1239,.T.);
#1241= IFCFACE((#1240));
#1242= IFCCARTESIANPOINT((7.65366864729822,-4.9999999999709,91.5224093497745));
#1243= IFCCARTESIANPOINT((7.65366864729913,5.,91.5224093497745));
#1244= IFCPOLYLOOP((#1237,#1242,#1243,#1238));
#1245= IFCFACEOUTERBOUND(#1244,.T.);
#1246= IFCFACE((#1245));
#1247= IFCCARTESIANPOINT((11.1114046603893,-4.99999999996362,93.37060775395));
#1248= IFCCARTESIANPOINT((11.1114046603902,5.00000000000728,93.37060775395));
#1249= IFCPOLYLOOP((#1242,#1247,#1248,#1243));
#1250= IFCFACEOUTERBOUND(#1249,.T.);
#1251= IFCFACE((#1250));
#1252= IFCCARTESIANPOINT((14.1421356237288,-4.99999999995634,95.8578643762703));
#1253= IFCCARTESIANPOINT((14.1421356237292,5.00000000001455,95.8578643762703));
#1254= IFCPOLYLOOP((#1247,#1252,#1253,#1248));
#1255= IFCFACEOUTERBOUND(#1254,.T.);
#1256= IFCFACE((#1255));
#1257= IFCCARTESIANPOINT((16.6293922460491,-4.99999999994907,98.8885953396093));
#1258= IFCCARTESIANPOINT((16.62939224605,5.00000000002183,98.8885953396093));
#1259= IFCPOLYLOOP((#1252,#1257,#1258,#1253));
#1260= IFCFACEOUTERBOUND(#1259,.T.);
#1261= IFCFACE((#1260));
#1262= IFCCARTESIANPOINT((18.4775906502246,-4.99999999994179,102.346331352699));
#1263= IFCCARTESIANPOINT((18.477590650225,5.0000000000291,102.346331352699));
#1264= IFCPOLYLOOP((#1257,#1262,#1263,#1258));
#1265= IFCFACEOUTERBOUND(#1264,.T.);
#1266= IFCFACE((#1265));
#1267= IFCCARTESIANPOINT((19.6157056080633,-4.99999999994179,106.098193559679));
#1268= IFCCARTESIANPOINT((19.6157056080642,5.0000000000291,106.098193559679));
#1269= IFCPOLYLOOP((#1262,#1267,#1268,#1263));
#1270= IFCFACEOUTERBOUND(#1269,.T.);
#1271= IFCFACE((#1270));
#1272= IFCCARTESIANPOINT((19.9999999999986,-4.99999999994179,110.));
#1273= IFCCARTESIANPOINT((20.,5.0000000000291,110.));
#1274= IFCPOLYLOOP((#1267,#1272,#1273,#1268));
#1275= IFCFACEOUTERBOUND(#1274,.T.);
#1276= IFCFACE((#1275));
#1277= IFCCARTESIANPOINT((130.000000000029,-4.99999999965803,110.));
#1278= IFCCARTESIANPOINT((130.000000000029,5.00000000032014,110.));
#1279= IFCPOLYLOOP((#1272,#1277,#1278,#1273));
#1280= IFCFACEOUTERBOUND(#1279,.T.);
#1281= IFCFACE((#1280));
#1282= IFCCARTESIANPOINT((130.000000000029,-4.99999999965803,50.));
#1283= IFCCARTESIANPOINT((130.000000000029,5.00000000032014,50.));
#1284= IFCPOLYLOOP((#1277,#1282,#1283,#1278));
#1285= IFCFACEOUTERBOUND(#1284,.T.);
#1286= IFCFACE((#1285));
#1287= IFCCARTESIANPOINT((50.0000000000109,-4.99999999986176,0.));
#1288= IFCCARTESIANPOINT((50.0000000000118,5.00000000010914,0.));
#1289= IFCPOLYLOOP((#1282,#1287,#1288,#1283));
#1290= IFCFACEOUTERBOUND(#1289,.T.);
#1291= IFCFACE((#1290));
#1292= IFCPOLYLOOP((#1287,#1230,#1233,#1288));
#1293= IFCFACEOUTERBOUND(#1292,.T.);
#1294= IFCFACE((#1293));
#1295= IFCPOLYLOOP((#1238,#1243,#1248,#1253,#1258,#1263,#1268,#1273,#1278,#1283,#1288,#1233,#1232));
#1296= IFCFACEOUTERBOUND(#1295,.T.);
#1297= IFCFACE((#1296));
#1298= IFCPOLYLOOP((#1287,#1282,#1277,#1272,#1267,#1262,#1257,#1252,#1247,#1242,#1237,#1231,#1230));
#1299= IFCFACEOUTERBOUND(#1298,.T.);
#1300= IFCFACE((#1299));
#1301= IFCCLOSEDSHELL((#1236,#1241,#1246,#1251,#1256,#1261,#1266,#1271,#1276,#1281,#1286,#1291,#1294,#1297,#1300));
#1302= IFCFACETEDBREP(#1301);
#1303= IFCSTYLEDITEM(#1302,(#891),$);
#1304= IFCSHAPEREPRESENTATION(#12,'Body','Brep',(#1302));
#1305= IFCPRODUCTDEFINITIONSHAPE($,$,(#1304));
#1306= IFCCARTESIANPOINT((57154.8505919253,2532.99396132605,16990.000769225));
#1307= IFCAXIS2PLACEMENT3D(#1306,#812,#1084);
#1308= IFCLOCALPLACEMENT(#42,#1307);
#1309= IFCPLATE('27FFn4Fg5BrQVfE6muUPDX',#394,'PLATE-10','PL10*110',$,#1308,#1305,'ID873cfc44-3ea1-4bd5-a7e9-386c38799361');
#1310= IFCPROPERTYSINGLEVALUE('Bottom elevation',$,IFCLABEL(' +16.880'),$);
#1311= IFCPROPERTYSINGLEVALUE('Top elevation',$,IFCLABEL(' +16.990'),$);
#1312= IFCPROPERTYSET('0tVlxK_IrFEAWJptu74hLD',#5,'Tekla Common','Common Properties to Shared building elements',(#1310,#1311,#1091,#1208,#1093,#1094));
#1313= IFCPROPERTYSINGLEVALUE('Gross footprint area',$,IFCAREAMEASURE(0.),$);
#1314= IFCPROPERTYSET('0u9_leUh96SwNlVQTBHBLl',#5,'Tekla Quantity','Quantity Properties to Shared building elements',(#1210,#1097,#1313,#1212,#1213,#1214,#1102,#1103));
#1315= IFCQUANTITYAREA('NetArea',$,$,0.0283327639318093);
#1316= IFCQUANTITYAREA('GrossArea',$,$,0.0143000000000005);
#1317= IFCQUANTITYVOLUME('NetVolume',$,$,0.000119878554847745);
#1318= IFCQUANTITYVOLUME('GrossVolume',$,$,0.000119878554847745);
#1319= IFCELEMENTQUANTITY('0XBNviTkf2ThDZuBnMGYKY',#5,'BaseQuantities',$,$,(#1218,#1315,#1316,#1111,#1317,#1318));
#1320= IFCSHAPEREPRESENTATION(#12,'Body','Brep',(#1302));
#1321= IFCPRODUCTDEFINITIONSHAPE($,$,(#1320));
#1322= IFCCARTESIANPOINT((57024.8505922298,2532.98506815552,16990.000769225));
#1323= IFCAXIS2PLACEMENT3D(#1322,#812,#1084);
#1324= IFCLOCALPLACEMENT(#42,#1323);
#1325= IFCPLATE('34MJjAJjH31x7Q7gcSCGBO',#394,'PLATE-10','PL10*110',$,#1324,#1321,'IDc4593b4a-4ed4-4307-b1da-1ea99c3102d8');
#1326= IFCCARTESIANPOINT((349.999999998647,-5.,120.000000000001));
#1327= IFCCARTESIANPOINT((349.999999998618,5.,130.000000000003));
#1328= IFCCARTESIANPOINT((-3.41970007866621E-10,5.,130.000000000029));
#1329= IFCCARTESIANPOINT((-3.12866177409887E-10,-5.,120.000000000026));
#1330= IFCPOLYLOOP((#1326,#1327,#1328,#1329));
#1331= IFCFACEOUTERBOUND(#1330,.T.);
#1332= IFCFACE((#1331));
#1333= IFCCARTESIANPOINT((349.999999998967,5.,-2.36468622460961E-11));
#1334= IFCCARTESIANPOINT((349.999999998945,-5.,9.99999999997817));
#1335= IFCCARTESIANPOINT((-2.18278728425503E-11,-5.,10.0000000000023));
#1336= IFCPOLYLOOP((#1333,#1334,#1335,#1233));
#1337= IFCFACEOUTERBOUND(#1336,.T.);
#1338= IFCFACE((#1337));
#1339= IFCPOLYLOOP((#1233,#1335,#1329,#1328));
#1340= IFCFACEOUTERBOUND(#1339,.T.);
#1341= IFCFACE((#1340));
#1342= IFCPOLYLOOP((#1334,#1333,#1327,#1326));
#1343= IFCFACEOUTERBOUND(#1342,.T.);
#1344= IFCFACE((#1343));
#1345= IFCPOLYLOOP((#1327,#1333,#1233,#1328));
#1346= IFCFACEOUTERBOUND(#1345,.T.);
#1347= IFCFACE((#1346));
#1348= IFCPOLYLOOP((#1335,#1334,#1326,#1329));
#1349= IFCFACEOUTERBOUND(#1348,.T.);
#1350= IFCFACE((#1349));
#1351= IFCCLOSEDSHELL((#1332,#1338,#1341,#1344,#1347,#1350));
#1352= IFCFACETEDBREP(#1351);
#1353= IFCSTYLEDITEM(#1352,(#891),$);
#1354= IFCSHAPEREPRESENTATION(#12,'Body','Brep',(#1352));
#1355= IFCPRODUCTDEFINITIONSHAPE($,$,(#1354));
#1356= IFCCARTESIANPOINT((56914.8505924876,2532.97754316497,16635.0007692249));
#1357= IFCAXIS2PLACEMENT3D(#1356,#1084,#1141);
#1358= IFCLOCALPLACEMENT(#42,#1357);
#1359= IFCPLATE('0avppjkrvFPRRaRlTHHsBe',#44,'PLATE-10','PL10*130',$,#1358,#1355,'ID24e73ced-bb5e-4f65-b6e4-6ef7514762e8');
#1360= IFCPLATETYPE('3YJ8AhLOD7pwNzDFXFicui',#5,'PL10*130',$,$,$,$,$,$,.NOTDEFINED.);
#1361= IFCPROPERTYSINGLEVALUE('Bottom elevation',$,IFCLABEL(' +16.630'),$);
#1362= IFCPROPERTYSINGLEVALUE('Top elevation',$,IFCLABEL(' +16.640'),$);
#1363= IFCPROPERTYSINGLEVALUE('Preliminary mark',$,IFCLABEL('5-2-P103'),$);
#1364= IFCPROPERTYSET('3LLH$Op659_g2$d5qYAP3d',#5,'Tekla Common','Common Properties to Shared building elements',(#1361,#1362,#1091,#1363,#1093,#1094));
#1365= IFCPROPERTYSINGLEVALUE('Weight',$,IFCMASSMEASURE(3.3),$);
#1366= IFCPROPERTYSINGLEVALUE('Gross footprint area',$,IFCAREAMEASURE(0.045),$);
#1367= IFCPROPERTYSINGLEVALUE('Area per tons',$,IFCAREAMEASURE(29.208),$);
#1368= IFCPROPERTYSINGLEVALUE('Net surface area',$,IFCAREAMEASURE(0.096),$);
#1369= IFCPROPERTYSINGLEVALUE('Height',$,IFCLENGTHMEASURE(130.),$);
#1370= IFCPROPERTYSINGLEVALUE('Length',$,IFCLENGTHMEASURE(350.),$);
#1371= IFCPROPERTYSET('32w81kKAz55vrulMajZTyT',#5,'Tekla Quantity','Quantity Properties to Shared building elements',(#1365,#1097,#1366,#1367,#1368,#1369,#1102,#1370));
#1372= IFCPROPERTYSINGLEVALUE('Reference',$,IFCIDENTIFIER('5-2-P103'),$);
#1373= IFCPROPERTYSET('1eEaa0rTr9TA93d3B6qLqO',#5,'Pset_PlateCommon','Common Properties to plate elements',(#1105,#1372));
#1374= IFCQUANTITYLENGTH('Width',$,$,130.);
#1375= IFCQUANTITYAREA('NetArea',$,$,0.0962994949366113);
#1376= IFCQUANTITYAREA('GrossArea',$,$,0.0455000000000003);
#1377= IFCQUANTITYVOLUME('NetVolume',$,$,0.000419999999999998);
#1378= IFCQUANTITYVOLUME('GrossVolume',$,$,0.000454999999999998);
#1379= IFCELEMENTQUANTITY('2U6Myx$5jAcQRe45FKxbi0',#5,'BaseQuantities',$,$,(#1374,#1375,#1376,#1111,#1377,#1378));
#1380= IFCCARTESIANPOINT((349.999999998945,5.,9.99999999997817));
#1381= IFCCARTESIANPOINT((349.999999998967,-5.,-2.36468622460961E-11));
#1382= IFCCARTESIANPOINT((-2.18278728425503E-11,5.,10.0000000000023));
#1383= IFCPOLYLOOP((#1380,#1381,#1230,#1382));
#1384= IFCFACEOUTERBOUND(#1383,.T.);
#1385= IFCFACE((#1384));
#1386= IFCCARTESIANPOINT((349.999999998618,-5.,130.000000000003));
#1387= IFCCARTESIANPOINT((349.999999998647,5.,120.000000000001));
#1388= IFCCARTESIANPOINT((-3.12866177409887E-10,5.,120.000000000026));
#1389= IFCCARTESIANPOINT((-3.41970007866621E-10,-5.,130.000000000029));
#1390= IFCPOLYLOOP((#1386,#1387,#1388,#1389));
#1391= IFCFACEOUTERBOUND(#1390,.T.);
#1392= IFCFACE((#1391));
#1393= IFCPOLYLOOP((#1389,#1388,#1382,#1230));
#1394= IFCFACEOUTERBOUND(#1393,.T.);
#1395= IFCFACE((#1394));
#1396= IFCPOLYLOOP((#1387,#1386,#1381,#1380));
#1397= IFCFACEOUTERBOUND(#1396,.T.);
#1398= IFCFACE((#1397));
#1399= IFCPOLYLOOP((#1388,#1387,#1380,#1382));
#1400= IFCFACEOUTERBOUND(#1399,.T.);
#1401= IFCFACE((#1400));
#1402= IFCPOLYLOOP((#1381,#1386,#1389,#1230));
#1403= IFCFACEOUTERBOUND(#1402,.T.);
#1404= IFCFACE((#1403));
#1405= IFCCLOSEDSHELL((#1385,#1392,#1395,#1398,#1401,#1404));
#1406= IFCFACETEDBREP(#1405);
#1407= IFCSTYLEDITEM(#1406,(#891),$);
#1408= IFCSHAPEREPRESENTATION(#12,'Body','Brep',(#1406));
#1409= IFCPRODUCTDEFINITIONSHAPE($,$,(#1408));
#1410= IFCCARTESIANPOINT((56914.8505924876,2532.97754316497,16875.0007692249));
#1411= IFCAXIS2PLACEMENT3D(#1410,#1084,#1141);
#1412= IFCLOCALPLACEMENT(#42,#1411);
#1413= IFCPLATE('2rTYrkKCb0B9C9k1s3eOnJ',#44,'PLATE-10','PL10*130',$,#1412,#1409,'IDb5762d6e-50c9-402c-9309-b81d83a18c53');
#1414= IFCPROPERTYSINGLEVALUE('Bottom elevation',$,IFCLABEL(' +16.870'),$);
#1415= IFCPROPERTYSINGLEVALUE('Top elevation',$,IFCLABEL(' +16.880'),$);
#1416= IFCPROPERTYSET('0qNqfZtWv7URHURfuS_Gm_',#5,'Tekla Common','Common Properties to Shared building elements',(#1414,#1415,#1091,#1363,#1093,#1094));
#1417= IFCOWNERHISTORY(#3,#4,$,.NOCHANGE.,$,$,$,1770843600);
#1418= IFCCARTESIANPOINT((3.90180644032307,0.901806440328073,19.6157056080629));
#1419= IFCCARTESIANPOINT((-4.54747350886464E-13,-3.,20.));
#1420= IFCCARTESIANPOINT((-4.54747350886464E-13,-3.,210.));
#1421= IFCCARTESIANPOINT((3.90180644032307,0.901806440328073,210.384294391937));
#1422= IFCCARTESIANPOINT((7.65366864730413,4.65366864730458,211.522409349775));
#1423= IFCCARTESIANPOINT((8.00000000000227,5.,211.70752731452));
#1424= IFCCARTESIANPOINT((8.00000000000227,5.,18.2924726854799));
#1425= IFCCARTESIANPOINT((7.65366864730413,4.65366864730458,18.4775906502255));
#1426= IFCPOLYLOOP((#1418,#1419,#1420,#1421,#1422,#1423,#1424,#1425));
#1427= IFCFACEOUTERBOUND(#1426,.T.);
#1428= IFCFACE((#1427));
#1429= IFCCARTESIANPOINT((-4.54747350886464E-13,-4.99999999999272,210.));
#1430= IFCPOLYLOOP((#892,#1429,#1420,#1419));
#1431= IFCFACEOUTERBOUND(#1430,.T.);
#1432= IFCFACE((#1431));
#1433= IFCCARTESIANPOINT((3.90180644032262,-4.99999999997817,210.384294391937));
#1434= IFCPOLYLOOP((#1429,#1433,#1421,#1420));
#1435= IFCFACEOUTERBOUND(#1434,.T.);
#1436= IFCFACE((#1435));
#1437= IFCCARTESIANPOINT((7.65366864730277,-4.99999999996362,211.522409349775));
#1438= IFCPOLYLOOP((#1433,#1437,#1422,#1421));
#1439= IFCFACEOUTERBOUND(#1438,.T.);
#1440= IFCFACE((#1439));
#1441= IFCCARTESIANPOINT((11.1114046603943,-4.99999999995634,213.37060775395));
#1442= IFCCARTESIANPOINT((11.1114046603948,5.00000000000728,213.37060775395));
#1443= IFCPOLYLOOP((#1437,#1441,#1442,#1423,#1422));
#1444= IFCFACEOUTERBOUND(#1443,.T.);
#1445= IFCFACE((#1444));
#1446= IFCCARTESIANPOINT((14.1421356237333,-4.99999999995634,215.85786437627));
#1447= IFCCARTESIANPOINT((14.1421356237342,5.00000000001455,215.85786437627));
#1448= IFCPOLYLOOP((#1441,#1446,#1447,#1442));
#1449= IFCFACEOUTERBOUND(#1448,.T.);
#1450= IFCFACE((#1449));
#1451= IFCCARTESIANPOINT((16.6293922460541,-4.99999999994907,218.888595339609));
#1452= IFCCARTESIANPOINT((16.629392246055,5.00000000002183,218.888595339609));
#1453= IFCPOLYLOOP((#1446,#1451,#1452,#1447));
#1454= IFCFACEOUTERBOUND(#1453,.T.);
#1455= IFCFACE((#1454));
#1456= IFCCARTESIANPOINT((18.4775906502291,-4.99999999994179,222.346331352699));
#1457= IFCCARTESIANPOINT((18.47759065023,5.0000000000291,222.346331352699));
#1458= IFCPOLYLOOP((#1451,#1456,#1457,#1452));
#1459= IFCFACEOUTERBOUND(#1458,.T.);
#1460= IFCFACE((#1459));
#1461= IFCCARTESIANPOINT((19.6157056080683,-4.99999999994179,226.098193559679));
#1462= IFCCARTESIANPOINT((19.6157056080692,5.0000000000291,226.098193559679));
#1463= IFCPOLYLOOP((#1456,#1461,#1462,#1457));
#1464= IFCFACEOUTERBOUND(#1463,.T.);
#1465= IFCFACE((#1464));
#1466= IFCCARTESIANPOINT((20.0000000000036,-4.99999999994179,230.));
#1467= IFCCARTESIANPOINT((20.000000000005,5.0000000000291,230.));
#1468= IFCPOLYLOOP((#1461,#1466,#1467,#1462));
#1469= IFCFACEOUTERBOUND(#1468,.T.);
#1470= IFCFACE((#1469));
#1471= IFCCARTESIANPOINT((109.999999999514,-4.99999999970169,230.));
#1472= IFCCARTESIANPOINT((109.999999999515,5.00000000026921,230.));
#1473= IFCPOLYLOOP((#1466,#1471,#1472,#1467));
#1474= IFCFACEOUTERBOUND(#1473,.T.);
#1475= IFCFACE((#1474));
#1476= IFCCARTESIANPOINT((110.38429439145,-4.99999999970169,226.098193559679));
#1477= IFCCARTESIANPOINT((110.384294391451,5.00000000026921,226.098193559679));
#1478= IFCPOLYLOOP((#1471,#1476,#1477,#1472));
#1479= IFCFACEOUTERBOUND(#1478,.T.);
#1480= IFCFACE((#1479));
#1481= IFCCARTESIANPOINT((111.522409349289,-4.99999999970169,222.346331352699));
#1482= IFCCARTESIANPOINT((111.52240934929,5.00000000026921,222.346331352699));
#1483= IFCPOLYLOOP((#1476,#1481,#1482,#1477));
#1484= IFCFACEOUTERBOUND(#1483,.T.);
#1485= IFCFACE((#1484));
#1486= IFCCARTESIANPOINT((113.370607753464,-4.99999999969441,218.888595339609));
#1487= IFCCARTESIANPOINT((113.370607753465,5.00000000027649,218.888595339609));
#1488= IFCPOLYLOOP((#1481,#1486,#1487,#1482));
#1489= IFCFACEOUTERBOUND(#1488,.T.);
#1490= IFCFACE((#1489));
#1491= IFCCARTESIANPOINT((115.857864375785,-4.99999999968713,215.85786437627));
#1492= IFCCARTESIANPOINT((115.857864375786,5.00000000028376,215.85786437627));
#1493= IFCPOLYLOOP((#1486,#1491,#1492,#1487));
#1494= IFCFACEOUTERBOUND(#1493,.T.);
#1495= IFCFACE((#1494));
#1496= IFCCARTESIANPOINT((118.888595339124,-4.99999999968713,213.37060775395));
#1497= IFCCARTESIANPOINT((118.888595339125,5.00000000028376,213.37060775395));
#1498= IFCPOLYLOOP((#1491,#1496,#1497,#1492));
#1499= IFCFACEOUTERBOUND(#1498,.T.);
#1500= IFCFACE((#1499));
#1501= IFCCARTESIANPOINT((122.346331352215,-4.99999999967258,211.522409349775));
#1502= IFCCARTESIANPOINT((122.346331352216,5.00000000029831,211.522409349775));
#1503= IFCPOLYLOOP((#1496,#1501,#1502,#1497));
#1504= IFCFACEOUTERBOUND(#1503,.T.);
#1505= IFCFACE((#1504));
#1506= IFCCARTESIANPOINT((126.098193559195,-4.99999999966531,210.384294391937));
#1507= IFCCARTESIANPOINT((126.098193559196,5.00000000030559,210.384294391937));
#1508= IFCPOLYLOOP((#1501,#1506,#1507,#1502));
#1509= IFCFACEOUTERBOUND(#1508,.T.);
#1510= IFCFACE((#1509));
#1511= IFCCARTESIANPOINT((129.999999999519,-4.99999999965075,210.));
#1512= IFCCARTESIANPOINT((129.99999999952,5.00000000031287,210.));
#1513= IFCPOLYLOOP((#1506,#1511,#1512,#1507));
#1514= IFCFACEOUTERBOUND(#1513,.T.);
#1515= IFCFACE((#1514));
#1516= IFCPOLYLOOP((#1511,#984,#985,#1512));
#1517= IFCFACEOUTERBOUND(#1516,.T.);
#1518= IFCFACE((#1517));
#1519= IFCPOLYLOOP((#1055,#1054,#1059,#1425,#1424));
#1520= IFCFACEOUTERBOUND(#1519,.T.);
#1521= IFCFACE((#1520));
#1522= IFCPOLYLOOP((#1059,#1064,#1418,#1425));
#1523= IFCFACEOUTERBOUND(#1522,.T.);
#1524= IFCFACE((#1523));
#1525= IFCPOLYLOOP((#1064,#892,#1419,#1418));
#1526= IFCFACEOUTERBOUND(#1525,.T.);
#1527= IFCFACE((#1526));
#1528= IFCPOLYLOOP((#1442,#1447,#1452,#1457,#1462,#1467,#1472,#1477,#1482,#1487,#1492,#1497,#1502,#1507,#1512,#985,#990,#995,#1000,#1005,#1010,#1015,#1020,#1025,#1030,#1035,#1040,#1045,#1050,#1055,#1424,#1423));
#1529= IFCFACEOUTERBOUND(#1528,.T.);
#1530= IFCFACE((#1529));
#1531= IFCPOLYLOOP((#1064,#1059,#1054,#1049,#1044,#1039,#1034,#1029,#1024,#1019,#1014,#1009,#1004,#999,#994,#989,#984,#1511,#1506,#1501,#1496,#1491,#1486,#1481,#1476,#1471,#1466,#1461,#1456,#1451,#1446,#1441,#1437,#1433,#1429,#892));
#1532= IFCFACEOUTERBOUND(#1531,.T.);
#1533= IFCFACE((#1532));
#1534= IFCCLOSEDSHELL((#1428,#1432,#1436,#1440,#1445,#1450,#1455,#1460,#1465,#1470,#1475,#1480,#1485,#1490,#1495,#1500,#1505,#1510,#1515,#1518,#993,#998,#1003,#1008,#1013,#1018,#1023,#1028,#1033,#1038,#1043,#1048,#1053,#1058,#1521,#1524,#1527,#1530,#1533));
#1535= IFCFACETEDBREP(#1534);
#1536= IFCSTYLEDITEM(#1535,(#891),$);
#1537= IFCSHAPEREPRESENTATION(#12,'Body','Brep',(#1535));
#1538= IFCPRODUCTDEFINITIONSHAPE($,$,(#1537));
#1539= IFCCARTESIANPOINT((57024.8505922298,2532.98506815551,16870.000769225));
#1540= IFCAXIS2PLACEMENT3D(#1539,#812,#1084);
#1541= IFCLOCALPLACEMENT(#42,#1540);
#1542= IFCPLATE('1TVxsTxaj6E9w9Anpor0Zx',#1417,'PLATE-10','PL10*130',$,#1541,#1538,'ID5d7fbd9d-ee4b-4638-9e89-2b1cf2d408fb');
#1543= IFCPROPERTYSINGLEVALUE('Bottom elevation',$,IFCLABEL(' +16.640'),$);
#1544= IFCPROPERTYSINGLEVALUE('Top elevation',$,IFCLABEL(' +16.870'),$);
#1545= IFCPROPERTYSINGLEVALUE('Preliminary mark',$,IFCLABEL('5-2-P104'),$);
#1546= IFCPROPERTYSET('0poyVFQSb8Wfynb5MCLL3l',#5,'Tekla Common','Common Properties to Shared building elements',(#1543,#1544,#1091,#1545,#1093,#1094));
#1547= IFCPROPERTYSINGLEVALUE('Weight',$,IFCMASSMEASURE(2.2),$);
#1548= IFCPROPERTYSINGLEVALUE('Area per tons',$,IFCAREAMEASURE(28.714),$);
#1549= IFCPROPERTYSINGLEVALUE('Net surface area',$,IFCAREAMEASURE(0.063),$);
#1550= IFCPROPERTYSINGLEVALUE('Length',$,IFCLENGTHMEASURE(230.),$);
#1551= IFCPROPERTYSET('0f0fGPUk52f89TMjREEwIy',#5,'Tekla Quantity','Quantity Properties to Shared building elements',(#1547,#1097,#1211,#1548,#1549,#1369,#1102,#1550));
#1552= IFCPROPERTYSINGLEVALUE('Reference',$,IFCIDENTIFIER('5-2-P104'),$);
#1553= IFCPROPERTYSET('1NuuMZncDAU9Ty4ONpVZri',#5,'Pset_PlateCommon','Common Properties to plate elements',(#1105,#1552));
#1554= IFCQUANTITYLENGTH('Width',$,$,129.999999999575);
#1555= IFCQUANTITYAREA('NetArea',$,$,0.0632061206816695);
#1556= IFCQUANTITYAREA('GrossArea',$,$,0.0298999999999023);
#1557= IFCQUANTITYVOLUME('NetVolume',$,$,0.000280412706930392);
#1558= IFCQUANTITYVOLUME('GrossVolume',$,$,0.000286514219396039);
#1559= IFCELEMENTQUANTITY('0Ipof_66z4uvAKjQvy$46l',#5,'BaseQuantities',$,$,(#1554,#1555,#1556,#1111,#1557,#1558));
#1560= IFCCARTESIANPOINT((7.65366864730322,-4.65366864728276,18.4775906502255));
#1561= IFCCARTESIANPOINT((8.00000000000136,-4.9999999999709,18.2924726854799));
#1562= IFCCARTESIANPOINT((7.99999999999955,-4.9999999999709,211.70752731452));
#1563= IFCCARTESIANPOINT((7.6536686473014,-4.65366864728276,211.522409349775));
#1564= IFCCARTESIANPOINT((3.90180644032171,-0.901806440313521,210.384294391937));
#1565= IFCCARTESIANPOINT((-1.36424205265939E-12,2.99999999998545,210.));
#1566= IFCCARTESIANPOINT((4.54747350886464E-13,2.99999999998545,20.));
#1567= IFCCARTESIANPOINT((3.90180644032353,-0.901806440313521,19.6157056080629));
#1568= IFCPOLYLOOP((#1560,#1561,#1562,#1563,#1564,#1565,#1566,#1567));
#1569= IFCFACEOUTERBOUND(#1568,.T.);
#1570= IFCFACE((#1569));
#1571= IFCCARTESIANPOINT((-1.36424205265939E-12,4.99999999997817,210.));
#1572= IFCPOLYLOOP((#1571,#895,#1566,#1565));
#1573= IFCFACEOUTERBOUND(#1572,.T.);
#1574= IFCFACE((#1573));
#1575= IFCCARTESIANPOINT((3.90180644032216,4.99999999999272,210.384294391937));
#1576= IFCPOLYLOOP((#1575,#1571,#1565,#1564));
#1577= IFCFACEOUTERBOUND(#1576,.T.);
#1578= IFCFACE((#1577));
#1579= IFCCARTESIANPOINT((7.65366864730186,5.,211.522409349775));
#1580= IFCPOLYLOOP((#1579,#1575,#1564,#1563));
#1581= IFCFACEOUTERBOUND(#1580,.T.);
#1582= IFCFACE((#1581));
#1583= IFCPOLYLOOP((#1441,#1442,#1579,#1563,#1562));
#1584= IFCFACEOUTERBOUND(#1583,.T.);
#1585= IFCFACE((#1584));
#1586= IFCPOLYLOOP((#1060,#1055,#1054,#1561,#1560));
#1587= IFCFACEOUTERBOUND(#1586,.T.);
#1588= IFCFACE((#1587));
#1589= IFCPOLYLOOP((#1065,#1060,#1560,#1567));
#1590= IFCFACEOUTERBOUND(#1589,.T.);
#1591= IFCFACE((#1590));
#1592= IFCPOLYLOOP((#895,#1065,#1567,#1566));
#1593= IFCFACEOUTERBOUND(#1592,.T.);
#1594= IFCFACE((#1593));
#1595= IFCPOLYLOOP((#1575,#1579,#1442,#1447,#1452,#1457,#1462,#1467,#1472,#1477,#1482,#1487,#1492,#1497,#1502,#1507,#1512,#985,#990,#995,#1000,#1005,#1010,#1015,#1020,#1025,#1030,#1035,#1040,#1045,#1050,#1055,#1060,#1065,#895,#1571));
#1596= IFCFACEOUTERBOUND(#1595,.T.);
#1597= IFCFACE((#1596));
#1598= IFCPOLYLOOP((#1054,#1049,#1044,#1039,#1034,#1029,#1024,#1019,#1014,#1009,#1004,#999,#994,#989,#984,#1511,#1506,#1501,#1496,#1491,#1486,#1481,#1476,#1471,#1466,#1461,#1456,#1451,#1446,#1441,#1562,#1561));
#1599= IFCFACEOUTERBOUND(#1598,.T.);
#1600= IFCFACE((#1599));
#1601= IFCCLOSEDSHELL((#1570,#1574,#1578,#1582,#1585,#1450,#1455,#1460,#1465,#1470,#1475,#1480,#1485,#1490,#1495,#1500,#1505,#1510,#1515,#1518,#993,#998,#1003,#1008,#1013,#1018,#1023,#1028,#1033,#1038,#1043,#1048,#1053,#1058,#1588,#1591,#1594,#1597,#1600));
#1602= IFCFACETEDBREP(#1601);
#1603= IFCSTYLEDITEM(#1602,(#891),$);
#1604= IFCSHAPEREPRESENTATION(#12,'Body','Brep',(#1602));
#1605= IFCPRODUCTDEFINITIONSHAPE($,$,(#1604));
#1606= IFCCARTESIANPOINT((57154.8505919252,2532.99396132615,16870.000769225));
#1607= IFCAXIS2PLACEMENT3D(#1606,#812,#1084);
#1608= IFCLOCALPLACEMENT(#42,#1607);
#1609= IFCPLATE('1d9w2r06TBkPN9lmJR5TOd',#44,'PLATE-10','PL10*130',$,#1608,#1605,'ID6727a0b5-0067-4bb9-95c9-bf04db15d627');
#1610= IFCQUANTITYLENGTH('Width',$,$,130.000000000064);
#1611= IFCQUANTITYAREA('NetArea',$,$,0.0632061206819144);
#1612= IFCQUANTITYAREA('GrossArea',$,$,0.0299000000000148);
#1613= IFCQUANTITYVOLUME('NetVolume',$,$,0.000280412706931566);
#1614= IFCELEMENTQUANTITY('2hc4GjwbL0dfLebiixfX7N',#5,'BaseQuantities',$,$,(#1610,#1611,#1612,#1111,#1613,#1558));
#1615= IFCCOLOURRGB('Light Red',0.905882352941176,0.325490196078431,0.36078431372549);
#1616= IFCSURFACESTYLERENDERING(#1615,0.,$,$,$,$,IFCNORMALISEDRATIOMEASURE(0.00390625),IFCSPECULAREXPONENT(10.),.NOTDEFINED.);
#1617= IFCSURFACESTYLE('STEEL/S275',.POSITIVE.,(#1616));
#1618= IFCPRESENTATIONSTYLEASSIGNMENT((#1617));
#1619= IFCCARTESIANPOINT((1.45519152283669E-11,-6.00000000000136,0.));
#1620= IFCCARTESIANPOINT((1.45519152283669E-11,-6.00000000000136,250.));
#1621= IFCCARTESIANPOINT((-1.45519152283669E-11,6.00000000000091,250.));
#1622= IFCCARTESIANPOINT((-1.45519152283669E-11,6.00000000000091,0.));
#1623= IFCPOLYLOOP((#1619,#1620,#1621,#1622));
#1624= IFCFACEOUTERBOUND(#1623,.T.);
#1625= IFCFACE((#1624));
#1626= IFCCARTESIANPOINT((349.999999998981,-6.00000000002728,250.));
#1627= IFCCARTESIANPOINT((349.999999998945,5.99999999997544,250.));
#1628= IFCPOLYLOOP((#1620,#1626,#1627,#1621));
#1629= IFCFACEOUTERBOUND(#1628,.T.);
#1630= IFCFACE((#1629));
#1631= IFCCARTESIANPOINT((349.999999998981,-6.00000000002728,0.));
#1632= IFCCARTESIANPOINT((349.999999998945,5.99999999997544,0.));
#1633= IFCPOLYLOOP((#1626,#1631,#1632,#1627));
#1634= IFCFACEOUTERBOUND(#1633,.T.);
#1635= IFCFACE((#1634));
#1636= IFCPOLYLOOP((#1631,#1619,#1622,#1632));
#1637= IFCFACEOUTERBOUND(#1636,.T.);
#1638= IFCFACE((#1637));
#1639= IFCPOLYLOOP((#1627,#1632,#1622,#1621));
#1640= IFCFACEOUTERBOUND(#1639,.T.);
#1641= IFCFACE((#1640));
#1642= IFCPOLYLOOP((#1631,#1626,#1620,#1619));
#1643= IFCFACEOUTERBOUND(#1642,.T.);
#1644= IFCFACE((#1643));
#1645= IFCCLOSEDSHELL((#1625,#1630,#1635,#1638,#1641,#1644));
#1646= IFCFACETEDBREP(#1645);
#1647= IFCSTYLEDITEM(#1646,(#1618),$);
#1648= IFCSHAPEREPRESENTATION(#12,'Body','Brep',(#1646));
#1649= IFCPRODUCTDEFINITIONSHAPE($,$,(#1648));
#1650= IFCCARTESIANPOINT((57264.8598952905,2397.00148663455,16880.0007692249));
#1651= IFCAXIS2PLACEMENT3D(#1650,#812,#811);
#1652= IFCLOCALPLACEMENT(#42,#1651);
#1653= IFCPLATE('0TpRioACP4b8U1iJfbG9U0',#1417,'PLATE-12','PL12*250',$,#1652,#1649,'ID1dcdbb32-28c6-4494-8781-b13a65409780');
#1654= IFCPLATETYPE('0_buk5j_97iwOjgjfrCJaH',#5,'PL12*250',$,$,$,$,$,$,.NOTDEFINED.);
#1655= IFCPROPERTYSINGLEVALUE('Preliminary mark',$,IFCLABEL('5-2-P28'),$);
#1656= IFCPROPERTYSINGLEVALUE('Class',$,IFCLABEL('16'),$);
#1657= IFCPROPERTYSET('2dTW45NlTCGwitzGdQgQFL',#5,'Tekla Common','Common Properties to Shared building elements',(#1361,#1415,#1091,#1655,#1093,#1656));
#1658= IFCPROPERTYSINGLEVALUE('Weight',$,IFCMASSMEASURE(8.24),$);
#1659= IFCPROPERTYSINGLEVALUE('Volume',$,IFCVOLUMEMEASURE(0.001),$);
#1660= IFCPROPERTYSINGLEVALUE('Gross footprint area',$,IFCAREAMEASURE(0.004),$);
#1661= IFCPROPERTYSINGLEVALUE('Area per tons',$,IFCAREAMEASURE(22.978),$);
#1662= IFCPROPERTYSINGLEVALUE('Net surface area',$,IFCAREAMEASURE(0.189),$);
#1663= IFCPROPERTYSINGLEVALUE('Height',$,IFCLENGTHMEASURE(250.),$);
#1664= IFCPROPERTYSINGLEVALUE('Width',$,IFCLENGTHMEASURE(12.),$);
#1665= IFCPROPERTYSET('3sLm8wqmz3Qwwe6t6tGaXf',#5,'Tekla Quantity','Quantity Properties to Shared building elements',(#1658,#1659,#1660,#1661,#1662,#1663,#1664,#1370));
#1666= IFCPROPERTYSINGLEVALUE('Reference',$,IFCIDENTIFIER('5-2-P28'),$);
#1667= IFCPROPERTYSET('2AAhjH6RnFL8Z$Hb69mV1D',#5,'Pset_PlateCommon','Common Properties to plate elements',(#1105,#1666));
#1668= IFCQUANTITYLENGTH('Width',$,$,250.);
#1669= IFCQUANTITYAREA('NetArea',$,$,0.1894);
#1670= IFCQUANTITYAREA('GrossArea',$,$,0.0875000000000002);
#1671= IFCQUANTITYAREA('CrossSectionArea',$,$,0.000144);
#1672= IFCQUANTITYVOLUME('NetVolume',$,$,0.00105);
#1673= IFCQUANTITYVOLUME('GrossVolume',$,$,0.00105);
#1674= IFCELEMENTQUANTITY('2YCbqkggf3cAq9I42Han2O',#5,'BaseQuantities',$,$,(#1668,#1669,#1670,#1671,#1672,#1673));
#1675= IFCCOLOURRGB('Light Blue',0.23921568627451,0.,0.63921568627451);
#1676= IFCSURFACESTYLERENDERING(#1675,0.,$,$,$,$,IFCNORMALISEDRATIOMEASURE(0.00390625),IFCSPECULAREXPONENT(10.),.NOTDEFINED.);
#1677= IFCSURFACESTYLE('STEEL/S275',.POSITIVE.,(#1676));
#1678= IFCPRESENTATIONSTYLEASSIGNMENT((#1677));
#1679= IFCCARTESIANPOINT((3.63797880709171E-11,-10.0000000000023,0.));
#1680= IFCCARTESIANPOINT((3.63797880709171E-11,-10.0000000000023,470.));
#1681= IFCCARTESIANPOINT((-1.45519152283669E-11,10.0000000000027,470.));
#1682= IFCCARTESIANPOINT((-1.45519152283669E-11,10.0000000000027,0.));
#1683= IFCPOLYLOOP((#1679,#1680,#1681,#1682));
#1684= IFCFACEOUTERBOUND(#1683,.T.);
#1685= IFCFACE((#1684));
#1686= IFCCARTESIANPOINT((349.999999999003,-10.0000000000277,470.));
#1687= IFCCARTESIANPOINT((349.999999998945,9.99999999997681,470.));
#1688= IFCPOLYLOOP((#1680,#1686,#1687,#1681));
#1689= IFCFACEOUTERBOUND(#1688,.T.);
#1690= IFCFACE((#1689));
#1691= IFCCARTESIANPOINT((349.999999999003,-10.0000000000277,0.));
#1692= IFCCARTESIANPOINT((349.999999998945,9.99999999997681,0.));
#1693= IFCPOLYLOOP((#1686,#1691,#1692,#1687));
#1694= IFCFACEOUTERBOUND(#1693,.T.);
#1695= IFCFACE((#1694));
#1696= IFCPOLYLOOP((#1691,#1679,#1682,#1692));
#1697= IFCFACEOUTERBOUND(#1696,.T.);
#1698= IFCFACE((#1697));
#1699= IFCPOLYLOOP((#1687,#1692,#1682,#1681));
#1700= IFCFACEOUTERBOUND(#1699,.T.);
#1701= IFCFACE((#1700));
#1702= IFCPOLYLOOP((#1691,#1686,#1680,#1679));
#1703= IFCFACEOUTERBOUND(#1702,.T.);
#1704= IFCFACE((#1703));
#1705= IFCCLOSEDSHELL((#1685,#1690,#1695,#1698,#1701,#1704));
#1706= IFCFACETEDBREP(#1705);
#1707= IFCSTYLEDITEM(#1706,(#1678),$);
#1708= IFCSHAPEREPRESENTATION(#12,'Body','Brep',(#1706));
#1709= IFCPRODUCTDEFINITIONSHAPE($,$,(#1708));
#1710= IFCCARTESIANPOINT((56914.8499083978,2542.97754314158,16990.0007692249));
#1711= IFCAXIS2PLACEMENT3D(#1710,#812,#1141);
#1712= IFCLOCALPLACEMENT(#42,#1711);
#1713= IFCPLATE('0OVnoZu6DBfPPfVKyi6t4H',#44,'PLATE-20','PL20*350',$,#1712,#1709,'ID187f1ca3-e063-4ba5-9669-7d4f2c1b7111');
#1714= IFCPLATETYPE('0QKD9pmUD60hvofUwJbUhr',#5,'PL20*350',$,$,$,$,$,$,.NOTDEFINED.);
#1715= IFCPROPERTYSINGLEVALUE('Preliminary mark',$,IFCLABEL('5-2-P27'),$);
#1716= IFCPROPERTYSINGLEVALUE('Class',$,IFCLABEL('14'),$);
#1717= IFCPROPERTYSET('1a9x4EP9TC9O42UEm6mi7P',#5,'Tekla Common','Common Properties to Shared building elements',(#1206,#1311,#1091,#1715,#1093,#1716));
#1718= IFCPROPERTYSINGLEVALUE('Weight',$,IFCMASSMEASURE(25.83),$);
#1719= IFCPROPERTYSINGLEVALUE('Volume',$,IFCVOLUMEMEASURE(0.003),$);
#1720= IFCPROPERTYSINGLEVALUE('Gross footprint area',$,IFCAREAMEASURE(0.007),$);
#1721= IFCPROPERTYSINGLEVALUE('Area per tons',$,IFCAREAMEASURE(14.009),$);
#1722= IFCPROPERTYSINGLEVALUE('Net surface area',$,IFCAREAMEASURE(0.362),$);
#1723= IFCPROPERTYSINGLEVALUE('Height',$,IFCLENGTHMEASURE(350.),$);
#1724= IFCPROPERTYSINGLEVALUE('Width',$,IFCLENGTHMEASURE(20.),$);
#1725= IFCPROPERTYSINGLEVALUE('Length',$,IFCLENGTHMEASURE(470.),$);
#1726= IFCPROPERTYSET('31j6s6A_DAgfRRNk_PHAGt',#5,'Tekla Quantity','Quantity Properties to Shared building elements',(#1718,#1719,#1720,#1721,#1722,#1723,#1724,#1725));
#1727= IFCPROPERTYSINGLEVALUE('Reference',$,IFCIDENTIFIER('5-2-P27'),$);
#1728= IFCPROPERTYSET('0Akppul0D0Of9b223vkfLt',#5,'Pset_PlateCommon','Common Properties to plate elements',(#1105,#1727));
#1729= IFCQUANTITYLENGTH('Width',$,$,349.999999997981);
#1730= IFCQUANTITYAREA('NetArea',$,$,0.3618);
#1731= IFCQUANTITYAREA('GrossArea',$,$,0.164499999999051);
#1732= IFCQUANTITYAREA('CrossSectionArea',$,$,0.0004);
#1733= IFCQUANTITYVOLUME('NetVolume',$,$,0.00329);
#1734= IFCQUANTITYVOLUME('GrossVolume',$,$,0.00329);
#1735= IFCELEMENTQUANTITY('2DqwMk$KX6Q8yfrp53U6yL',#5,'BaseQuantities',$,$,(#1729,#1730,#1731,#1732,#1733,#1734));
#1736= IFCMAPPEDITEM(#806,#122);
#1737= IFCSHAPEREPRESENTATION(#12,'Body','MappedRepresentation',(#1736));
#1738= IFCPRODUCTDEFINITIONSHAPE($,$,(#1737));
#1739= IFCCARTESIANPOINT((55314.7772234703,-6428.00054423104,16930.0007692249));
#1740= IFCDIRECTION((-1.00899999961257E-06,-0.999999999999491,0.));
#1741= IFCAXIS2PLACEMENT3D(#1739,#1740,#9);
#1742= IFCLOCALPLACEMENT(#42,#1741);
#1743= IFCMECHANICALFASTENER('3jLQ00TFfC3v10pflRGl1g',#394,'Bolt assembly',$,$,#1742,#1738,'IDed55a000-74fa-4c0f-9040-ce9bdb42f06a',24.,85.);
#1744= IFCMAPPEDITEM(#806,#122);
#1745= IFCSHAPEREPRESENTATION(#12,'Body','MappedRepresentation',(#1744));
#1746= IFCPRODUCTDEFINITIONSHAPE($,$,(#1745));
#1747= IFCCARTESIANPOINT((55314.7771023898,-6548.00054423098,16930.0007692249));
#1748= IFCAXIS2PLACEMENT3D(#1747,#1740,#9);
#1749= IFCLOCALPLACEMENT(#42,#1748);
#1750= IFCMECHANICALFASTENER('2_tP0ZmxX0$8Qj85seB3vG',#394,'Bolt assembly',$,$,#1749,#1746,'IDbedd9023-c3b8-40fc-86ad-205da82c3e50',24.,85.);
#1751= IFCMAPPEDITEM(#806,#122);
#1752= IFCSHAPEREPRESENTATION(#12,'Body','MappedRepresentation',(#1751));
#1753= IFCPRODUCTDEFINITIONSHAPE($,$,(#1752));
#1754= IFCCARTESIANPOINT((55314.7769813094,-6668.00054423091,16930.0007692249));
#1755= IFCAXIS2PLACEMENT3D(#1754,#1740,#9);
#1756= IFCLOCALPLACEMENT(#42,#1755);
#1757= IFCMECHANICALFASTENER('2qy4gB2T5CROde1zWRbm_l',#394,'Bolt assembly',$,$,#1756,#1753,'IDb4f04a8b-09d1-4c6d-89e8-07d81b970faf',24.,85.);
#1758= IFCMAPPEDITEM(#806,#122);
#1759= IFCSHAPEREPRESENTATION(#12,'Body','MappedRepresentation',(#1758));
#1760= IFCPRODUCTDEFINITIONSHAPE($,$,(#1759));
#1761= IFCCARTESIANPOINT((55314.7772234703,-6428.00054423104,16810.0007692249));
#1762= IFCAXIS2PLACEMENT3D(#1761,#1740,#9);
#1763= IFCLOCALPLACEMENT(#42,#1762);
#1764= IFCMECHANICALFASTENER('395OeL0XL5wQ3SAVDWoho5',#394,'Bolt assembly',$,$,#1763,#1760,'IDc9158a15-0215-45e9-a0dc-29f360cabc85',24.,85.);
#1765= IFCMAPPEDITEM(#806,#122);
#1766= IFCSHAPEREPRESENTATION(#12,'Body','MappedRepresentation',(#1765));
#1767= IFCPRODUCTDEFINITIONSHAPE($,$,(#1766));
#1768= IFCCARTESIANPOINT((55314.7769813094,-6668.00054423091,16810.0007692249));
#1769= IFCAXIS2PLACEMENT3D(#1768,#1740,#9);
#1770= IFCLOCALPLACEMENT(#42,#1769);
#1771= IFCMECHANICALFASTENER('3ohP48kwz58B2WhPJgnJ9d',#394,'Bolt assembly',$,$,#1770,#1767,'IDf2ad9108-bbaf-4520-b0a0-ad94eac53267',24.,85.);
#1772= IFCMAPPEDITEM(#806,#122);
#1773= IFCSHAPEREPRESENTATION(#12,'Body','MappedRepresentation',(#1772));
#1774= IFCPRODUCTDEFINITIONSHAPE($,$,(#1773));
#1775= IFCCARTESIANPOINT((55314.7772234703,-6428.00054423104,16695.0007692249));
#1776= IFCAXIS2PLACEMENT3D(#1775,#1740,#9);
#1777= IFCLOCALPLACEMENT(#42,#1776);
#1778= IFCMECHANICALFASTENER('2EVEJofI95AvgAEg2rYhI4',#394,'Bolt assembly',$,$,#1777,#1774,'ID8e7ce4f2-a522-452b-9a8a-3aa0b58ab484',24.,85.);
#1779= IFCMAPPEDITEM(#806,#122);
#1780= IFCSHAPEREPRESENTATION(#12,'Body','MappedRepresentation',(#1779));
#1781= IFCPRODUCTDEFINITIONSHAPE($,$,(#1780));
#1782= IFCCARTESIANPOINT((55314.7769813094,-6668.00054423091,16695.0007692249));
#1783= IFCAXIS2PLACEMENT3D(#1782,#1740,#9);
#1784= IFCLOCALPLACEMENT(#42,#1783);
#1785= IFCMECHANICALFASTENER('3Acczrz8XCd9xqip$yCM3B',#394,'Bolt assembly',$,$,#1784,#1781,'IDca9a6f75-f488-4c9c-9ef4-b33ffc3160cb',24.,85.);
#1786= IFCMAPPEDITEM(#806,#122);
#1787= IFCSHAPEREPRESENTATION(#12,'Body','MappedRepresentation',(#1786));
#1788= IFCPRODUCTDEFINITIONSHAPE($,$,(#1787));
#1789= IFCCARTESIANPOINT((55314.7772234703,-6428.00054423104,16580.0007692249));
#1790= IFCAXIS2PLACEMENT3D(#1789,#1740,#9);
#1791= IFCLOCALPLACEMENT(#42,#1790);
#1792= IFCMECHANICALFASTENER('2NReY2KG1FEO_b$CbLA2Gg',#394,'Bolt assembly',$,$,#1791,#1788,'ID976e8882-5100-4f39-8fa5-fcc95528242a',24.,85.);
#1793= IFCMAPPEDITEM(#806,#122);
#1794= IFCSHAPEREPRESENTATION(#12,'Body','MappedRepresentation',(#1793));
#1795= IFCPRODUCTDEFINITIONSHAPE($,$,(#1794));
#1796= IFCCARTESIANPOINT((55314.7771023898,-6548.00054423098,16580.0007692249));
#1797= IFCAXIS2PLACEMENT3D(#1796,#1740,#9);
#1798= IFCLOCALPLACEMENT(#42,#1797);
#1799= IFCMECHANICALFASTENER('3eMtrBSU14WgAqCbiYAEec',#394,'Bolt assembly',$,$,#1798,#1795,'IDe85b7d4b-71e0-4482-a2b4-325b2228ea26',24.,85.);
#1800= IFCMAPPEDITEM(#806,#122);
#1801= IFCSHAPEREPRESENTATION(#12,'Body','MappedRepresentation',(#1800));
#1802= IFCPRODUCTDEFINITIONSHAPE($,$,(#1801));
#1803= IFCCARTESIANPOINT((55314.7769813094,-6668.00054423091,16580.0007692249));
#1804= IFCAXIS2PLACEMENT3D(#1803,#1740,#9);
#1805= IFCLOCALPLACEMENT(#42,#1804);
#1806= IFCMECHANICALFASTENER('2u1Hcbna97hReRGCVGNU_K',#394,'Bolt assembly',$,$,#1805,#1802,'IDb80519a5-c642-47ad-ba1b-40c7d05def94',24.,85.);
#1807= IFCSHAPEREPRESENTATION(#12,'Body','Brep',(#1079));
#1808= IFCPRODUCTDEFINITIONSHAPE($,$,(#1807));
#1809= IFCCARTESIANPOINT((55354.7826560941,-6488.00058460453,16755.0007692249));
#1810= IFCDIRECTION((0.999999999999491,-1.00899999849059E-06,0.));
#1811= IFCAXIS2PLACEMENT3D(#1809,#1740,#1810);
#1812= IFCLOCALPLACEMENT(#42,#1811);
#1813= IFCPLATE('0vqw_Rcs50KRZLdshCaHDv',#44,'PLATE-10','PL10*120',$,#1812,#1808,'ID39d3af9b-9b61-4051-b8d5-9f6acc911379');
#1814= IFCSHAPEREPRESENTATION(#12,'Body','Brep',(#1136));
#1815= IFCPRODUCTDEFINITIONSHAPE($,$,(#1814));
#1816= IFCCARTESIANPOINT((55354.7826661897,-6477.99509144047,16755.0007692249));
#1817= IFCDIRECTION((1.00899999961257E-06,0.999999999999491,0.));
#1818= IFCAXIS2PLACEMENT3D(#1816,#1817,#1810);
#1819= IFCLOCALPLACEMENT(#42,#1818);
#1820= IFCPLATE('3d6hEwqen0oueIhjoTVB_u',#44,'PLATE-10','PL10*105',$,#1819,#1815,'IDe71ab3ba-d28c-40cb-8a12-aedc9d7cbfb8');
#1821= IFCSHAPEREPRESENTATION(#12,'Body','Brep',(#1136));
#1822= IFCPRODUCTDEFINITIONSHAPE($,$,(#1821));
#1823= IFCCARTESIANPOINT((55354.7825249236,-6618.00058460446,16755.0007692249));
#1824= IFCAXIS2PLACEMENT3D(#1823,#1740,#1810);
#1825= IFCLOCALPLACEMENT(#42,#1824);
#1826= IFCPLATE('3O3MrFr8D4_famAxddqsPh',#44,'PLATE-10','PL10*105',$,#1825,#1822,'IDd80d6d4f-d483-44fa-9930-2bb9e7d3666b');
#1827= IFCSHAPEREPRESENTATION(#12,'Body','Brep',(#1197));
#1828= IFCPRODUCTDEFINITIONSHAPE($,$,(#1827));
#1829= IFCCARTESIANPOINT((55354.7826611392,-6483.00058460453,16880.0007692249));
#1830= IFCAXIS2PLACEMENT3D(#1829,#9,#1810);
#1831= IFCLOCALPLACEMENT(#42,#1830);
#1832= IFCPLATE('0BK2cTM6v44vuIXTTLdKB5',#394,'PLATE-10','PL10*110',$,#1831,#1828,'ID0b50299d-586e-4413-9e12-85d7559d42c5');
#1833= IFCSHAPEREPRESENTATION(#12,'Body','Brep',(#1197));
#1834= IFCPRODUCTDEFINITIONSHAPE($,$,(#1833));
#1835= IFCCARTESIANPOINT((55354.7825299686,-6613.00058460447,16880.0007692249));
#1836= IFCAXIS2PLACEMENT3D(#1835,#9,#1810);
#1837= IFCLOCALPLACEMENT(#42,#1836);
#1838= IFCPLATE('2ow3i4Urn0UBIrhcj5_CHm',#394,'PLATE-10','PL10*110',$,#1837,#1834,'IDb2e83b04-7b5c-4078-b4b5-ae6b45f8c470');
#1839= IFCSHAPEREPRESENTATION(#12,'Body','Brep',(#1302));
#1840= IFCPRODUCTDEFINITIONSHAPE($,$,(#1839));
#1841= IFCCARTESIANPOINT((55354.7826611392,-6483.00058460453,16520.0007692249));
#1842= IFCAXIS2PLACEMENT3D(#1841,#9,#1810);
#1843= IFCLOCALPLACEMENT(#42,#1842);
#1844= IFCPLATE('1hf5qGf7rA392Qy1ieQY$j',#394,'PLATE-10','PL10*110',$,#1843,#1840,'ID6ba45d10-a47d-4a0c-909a-f01b286a2fed');
#1845= IFCSHAPEREPRESENTATION(#12,'Body','Brep',(#1302));
#1846= IFCPRODUCTDEFINITIONSHAPE($,$,(#1845));
#1847= IFCCARTESIANPOINT((55354.7825299686,-6613.00058460447,16520.0007692249));
#1848= IFCAXIS2PLACEMENT3D(#1847,#9,#1810);
#1849= IFCLOCALPLACEMENT(#42,#1848);
#1850= IFCPLATE('3azB9GG$zFBgEOc8iZEH61',#394,'PLATE-10','PL10*110',$,#1849,#1846,'IDe4f4b250-43ff-4f2e-a398-988b23391181');
#1851= IFCSHAPEREPRESENTATION(#12,'Body','Brep',(#1646));
#1852= IFCPRODUCTDEFINITIONSHAPE($,$,(#1851));
#1853= IFCCARTESIANPOINT((55490.7827721296,-6373.00072181161,16630.0007692249));
#1854= IFCAXIS2PLACEMENT3D(#1853,#9,#1740);
#1855= IFCLOCALPLACEMENT(#42,#1854);
#1856= IFCPLATE('2fktfdGbv9nRyNTclW270c',#1417,'PLATE-12','PL12*250',$,#1855,#1852,'IDa9bb7a67-425e-49c5-bf17-766be0087026');
#1857= IFCSHAPEREPRESENTATION(#12,'Body','Brep',(#1602));
#1858= IFCPRODUCTDEFINITIONSHAPE($,$,(#1857));
#1859= IFCCARTESIANPOINT((55354.7825299687,-6613.00058460448,16640.0007692249));
#1860= IFCAXIS2PLACEMENT3D(#1859,#9,#1810);
#1861= IFCLOCALPLACEMENT(#42,#1860);
#1862= IFCPLATE('10n6cNMUbCogdrdXf_FEcE',#44,'PLATE-10','PL10*130',$,#1861,#1858,'ID40c46997-59e9-4cca-a9f5-9e1a7e3ce98e');
#1863= IFCQUANTITYLENGTH('Width',$,$,130.000000000136);
#1864= IFCQUANTITYAREA('GrossArea',$,$,0.0299000000000312);
#1865= IFCELEMENTQUANTITY('204S3tWY5FyvW2uzmlxFPC',#5,'BaseQuantities',$,$,(#1863,#1611,#1864,#1111,#1613,#1558));
#1866= IFCSHAPEREPRESENTATION(#12,'Body','Brep',(#1535));
#1867= IFCPRODUCTDEFINITIONSHAPE($,$,(#1866));
#1868= IFCCARTESIANPOINT((55354.7826611392,-6483.00058460454,16640.0007692249));
#1869= IFCAXIS2PLACEMENT3D(#1868,#9,#1810);
#1870= IFCLOCALPLACEMENT(#42,#1869);
#1871= IFCPLATE('1w6BGmsc5BxeN2P$5rTG0e',#1417,'PLATE-10','PL10*130',$,#1870,#1867,'ID7a18b430-da61-4bee-85c2-67f175750028');
#1872= IFCQUANTITYLENGTH('Width',$,$,129.999999999632);
#1873= IFCQUANTITYAREA('GrossArea',$,$,0.0298999999999154);
#1874= IFCELEMENTQUANTITY('1zp_lWQojEdO5D8elheyyB',#5,'BaseQuantities',$,$,(#1872,#1555,#1873,#1111,#1557,#1558));
#1875= IFCSHAPEREPRESENTATION(#12,'Body','Brep',(#1406));
#1876= IFCPRODUCTDEFINITIONSHAPE($,$,(#1875));
#1877= IFCCARTESIANPOINT((55354.7824189781,-6723.00058460441,16875.0007692249));
#1878= IFCAXIS2PLACEMENT3D(#1877,#1810,#1817);
#1879= IFCLOCALPLACEMENT(#42,#1878);
#1880= IFCPLATE('2wiJFqT7540Q0pBMccNpVK',#44,'PLATE-10','PL10*130',$,#1879,#1876,'IDbab133f4-7471-4401-a033-2d69a65f37d4');
#1881= IFCPROPERTYSINGLEVALUE('Gross footprint area',$,IFCAREAMEASURE(0.046),$);
#1882= IFCPROPERTYSET('10aCoaZUf5EvDZZtUrKpAW',#5,'Tekla Quantity','Quantity Properties to Shared building elements',(#1365,#1097,#1881,#1367,#1368,#1369,#1102,#1370));
#1883= IFCCLOSEDSHELL((#1338,#1332,#1341,#1344,#1347,#1350));
#1884= IFCFACETEDBREP(#1883);
#1885= IFCSTYLEDITEM(#1884,(#891),$);
#1886= IFCSHAPEREPRESENTATION(#12,'Body','Brep',(#1884));
#1887= IFCPRODUCTDEFINITIONSHAPE($,$,(#1886));
#1888= IFCCARTESIANPOINT((55354.7824189781,-6723.00058460441,16635.0007692249));
#1889= IFCAXIS2PLACEMENT3D(#1888,#1810,#1817);
#1890= IFCLOCALPLACEMENT(#42,#1889);
#1891= IFCPLATE('2RswpZSMf4WhNhibxC3llc',#44,'PLATE-10','PL10*130',$,#1890,#1887,'ID9bdbace3-716a-4482-b5eb-b25ecc0efbe6');
#1892= IFCQUANTITYVOLUME('NetVolume',$,$,0.000419999999999998);
#1893= IFCELEMENTQUANTITY('1uDVFAHx1ETx11AdFiCUJQ',#5,'BaseQuantities',$,$,(#1374,#1375,#1376,#1111,#1892,#1378));
#1894= IFCSHAPEREPRESENTATION(#12,'Body','Brep',(#1706));
#1895= IFCPRODUCTDEFINITIONSHAPE($,$,(#1894));
#1896= IFCCARTESIANPOINT((55344.7824189781,-6723.00057451457,16520.0007692249));
#1897= IFCAXIS2PLACEMENT3D(#1896,#9,#1817);
#1898= IFCLOCALPLACEMENT(#42,#1897);
#1899= IFCPLATE('1n$5XGkOP1OwNZW$8MrUPX',#44,'PLATE-20','PL20*350',$,#1898,#1895,'ID71fc5850-b986-4163-a5e3-83f216d5e661');
#1900= IFCQUANTITYLENGTH('Width',$,$,349.999999999738);
#1901= IFCQUANTITYAREA('GrossArea',$,$,0.164499999999877);
#1902= IFCELEMENTQUANTITY('379GvTkk16IB4kXxLrHEDE',#5,'BaseQuantities',$,$,(#1900,#1730,#1901,#1732,#1733,#1734));
#1903= IFCCARTESIANPOINT((13.,23.9993452044109,0.));
#1904= IFCCARTESIANPOINT((11.2583302491975,23.9993452044109,6.50000000000039));
#1905= IFCCARTESIANPOINT((6.49999999999922,23.9993452044109,11.2583302491982));
#1906= IFCCARTESIANPOINT((-1.34723677608042E-12,23.9993452044109,13.));
#1907= IFCCARTESIANPOINT((-6.50000000000155,23.9993452044109,11.2583302491968));
#1908= IFCCARTESIANPOINT((-11.2583302491988,23.9993452044109,6.49999999999806));
#1909= IFCCARTESIANPOINT((-13.,23.9993452044109,-2.69447355216084E-12));
#1910= IFCCARTESIANPOINT((-11.2583302491961,23.9993452044109,-6.50000000000272));
#1911= IFCCARTESIANPOINT((-6.4999999999969,23.9993452044109,-11.2583302491995));
#1912= IFCCARTESIANPOINT((4.02727742892113E-12,23.9993452044109,-13.));
#1913= IFCCARTESIANPOINT((6.50000000000388,23.9993452044109,-11.2583302491955));
#1914= IFCCARTESIANPOINT((11.2583302492002,23.9993452044109,-6.49999999999573));
#1915= IFCCARTESIANPOINT((13.,274.099345204411,0.));
#1916= IFCCARTESIANPOINT((11.2583302491975,274.099345204411,6.50000000000039));
#1917= IFCCARTESIANPOINT((6.49999999999922,274.099345204411,11.2583302491982));
#1918= IFCCARTESIANPOINT((-1.34723677608042E-12,274.099345204411,13.));
#1919= IFCCARTESIANPOINT((-6.50000000000155,274.099345204411,11.2583302491968));
#1920= IFCCARTESIANPOINT((-11.2583302491988,274.099345204411,6.49999999999806));
#1921= IFCCARTESIANPOINT((-13.,274.099345204411,-2.69447355216084E-12));
#1922= IFCCARTESIANPOINT((-11.2583302491961,274.099345204411,-6.50000000000272));
#1923= IFCCARTESIANPOINT((-6.4999999999969,274.099345204411,-11.2583302491995));
#1924= IFCCARTESIANPOINT((4.02727742892113E-12,274.099345204411,-13.));
#1925= IFCCARTESIANPOINT((6.50000000000388,274.099345204411,-11.2583302491955));
#1926= IFCCARTESIANPOINT((11.2583302492002,274.099345204411,-6.49999999999573));
#1927= IFCPOLYLOOP((#1903,#1904,#1905,#1906,#1907,#1908,#1909,#1910,#1911,#1912,#1913,#1914));
#1928= IFCFACEOUTERBOUND(#1927,.T.);
#1929= IFCFACE((#1928));
#1930= IFCPOLYLOOP((#1926,#1925,#1924,#1923,#1922,#1921,#1920,#1919,#1918,#1917,#1916,#1915));
#1931= IFCFACEOUTERBOUND(#1930,.T.);
#1932= IFCFACE((#1931));
#1933= IFCPOLYLOOP((#1903,#1915,#1916,#1904));
#1934= IFCFACEOUTERBOUND(#1933,.T.);
#1935= IFCFACE((#1934));
#1936= IFCPOLYLOOP((#1904,#1916,#1917,#1905));
#1937= IFCFACEOUTERBOUND(#1936,.T.);
#1938= IFCFACE((#1937));
#1939= IFCPOLYLOOP((#1905,#1917,#1918,#1906));
#1940= IFCFACEOUTERBOUND(#1939,.T.);
#1941= IFCFACE((#1940));
#1942= IFCPOLYLOOP((#1906,#1918,#1919,#1907));
#1943= IFCFACEOUTERBOUND(#1942,.T.);
#1944= IFCFACE((#1943));
#1945= IFCPOLYLOOP((#1907,#1919,#1920,#1908));
#1946= IFCFACEOUTERBOUND(#1945,.T.);
#1947= IFCFACE((#1946));
#1948= IFCPOLYLOOP((#1908,#1920,#1921,#1909));
#1949= IFCFACEOUTERBOUND(#1948,.T.);
#1950= IFCFACE((#1949));
#1951= IFCPOLYLOOP((#1909,#1921,#1922,#1910));
#1952= IFCFACEOUTERBOUND(#1951,.T.);
#1953= IFCFACE((#1952));
#1954= IFCPOLYLOOP((#1910,#1922,#1923,#1911));
#1955= IFCFACEOUTERBOUND(#1954,.T.);
#1956= IFCFACE((#1955));
#1957= IFCPOLYLOOP((#1911,#1923,#1924,#1912));
#1958= IFCFACEOUTERBOUND(#1957,.T.);
#1959= IFCFACE((#1958));
#1960= IFCPOLYLOOP((#1912,#1924,#1925,#1913));
#1961= IFCFACEOUTERBOUND(#1960,.T.);
#1962= IFCFACE((#1961));
#1963= IFCPOLYLOOP((#1913,#1925,#1926,#1914));
#1964= IFCFACEOUTERBOUND(#1963,.T.);
#1965= IFCFACE((#1964));
#1966= IFCPOLYLOOP((#1914,#1926,#1915,#1903));
#1967= IFCFACEOUTERBOUND(#1966,.T.);
#1968= IFCFACE((#1967));
#1969= IFCCLOSEDSHELL((#1929,#1932,#1935,#1938,#1941,#1944,#1947,#1950,#1953,#1956,#1959,#1962,#1965,#1968));
#1970= IFCFACETEDBREP(#1969);
#1971= IFCSTYLEDITEM(#1970,(#119),$);
#1972= IFCCARTESIANPOINT((0.,0.,-74.99999999992));
#1973= IFCCARTESIANTRANSFORMATIONOPERATOR3D($,$,#1972,$,$);
#1974= IFCSHAPEREPRESENTATION(#12,'Body','Brep',(#1970));
#1975= IFCREPRESENTATIONMAP(#10,#1974);
#1976= IFCMAPPEDITEM(#1975,#1973);
#1977= IFCCARTESIANPOINT((159.999999999978,0.,-75.));
#1978= IFCCARTESIANTRANSFORMATIONOPERATOR3D($,$,#1977,$,$);
#1979= IFCMAPPEDITEM(#1975,#1978);
#1980= IFCCARTESIANPOINT((319.999999999955,0.,-75.0000000000728));
#1981= IFCCARTESIANTRANSFORMATIONOPERATOR3D($,$,#1980,$,$);
#1982= IFCMAPPEDITEM(#1975,#1981);
#1983= IFCCARTESIANPOINT((-4.54747350886464E-13,0.,74.9999999999272));
#1984= IFCCARTESIANTRANSFORMATIONOPERATOR3D($,$,#1983,$,$);
#1985= IFCMAPPEDITEM(#1975,#1984);
#1986= IFCCARTESIANPOINT((159.999999999978,0.,74.9999999998472));
#1987= IFCCARTESIANTRANSFORMATIONOPERATOR3D($,$,#1986,$,$);
#1988= IFCMAPPEDITEM(#1975,#1987);
#1989= IFCCARTESIANPOINT((319.999999999955,0.,74.9999999997744));
#1990= IFCCARTESIANTRANSFORMATIONOPERATOR3D($,$,#1989,$,$);
#1991= IFCMAPPEDITEM(#1975,#1990);
#1992= IFCSHAPEREPRESENTATION(#12,'Body','MappedRepresentation',(#1976,#1979,#1982,#1985,#1988,#1991));
#1993= IFCPRODUCTDEFINITIONSHAPE($,$,(#1992));
#1994= IFCCARTESIANPOINT((57089.9786269033,-3146.99161625405,16904.0001144294));
#1995= IFCDIRECTION((0.999999997446663,7.14610000432003E-05,0.));
#1996= IFCDIRECTION((7.14610000431809E-05,-0.999999997446663,0.));
#1997= IFCAXIS2PLACEMENT3D(#1994,#1995,#1996);
#1998= IFCLOCALPLACEMENT(#42,#1997);
#1999= IFCMECHANICALFASTENER('1D0RXB5pXA4P2gcysyKg2c',#394,'Bolt assembly',$,$,#1998,#1993,'ID4d01b84b-1738-4a11-90aa-9bcdbc52a0a6',24.,1250.);
#2000= IFCPROPERTYSINGLEVALUE('Bolt count',$,IFCINTEGER(6),$);
#2001= IFCPROPERTYSINGLEVALUE('Bolt size',$,IFCLENGTHMEASURE(26.),$);
#2002= IFCPROPERTYSINGLEVALUE('Bolt length',$,IFCLENGTHMEASURE(1250.),$);
#2003= IFCPROPERTYSET('0cbN3dK897aPdqNow0ZRMF',#5,'Tekla Bolt','Bolt Properties',(#135,#817,#137,#138,#139,#140,#141,#142,#143,#819,#145,#2000,#2001,#2002,#822,#150));
#2004= IFCCARTESIANPOINT((-5.45696821063757E-12,-5.00000000000728,230.));
#2005= IFCCARTESIANPOINT((5.45696821063757E-12,5.00000000000728,230.));
#2006= IFCPOLYLOOP((#1230,#2004,#2005,#1233));
#2007= IFCFACEOUTERBOUND(#2006,.T.);
#2008= IFCFACE((#2007));
#2009= IFCCARTESIANPOINT((80.0751558977918,5.00000000007276,230.));
#2010= IFCCARTESIANPOINT((80.0751558977918,5.00000000007276,7.27595761418343E-12));
#2011= IFCPOLYLOOP((#1233,#2005,#2009,#2010));
#2012= IFCFACEOUTERBOUND(#2011,.T.);
#2013= IFCFACE((#2012));
#2014= IFCCARTESIANPOINT((76.7088660806821,-4.99999999994907,7.27595761418343E-12));
#2015= IFCPOLYLOOP((#1230,#1233,#2010,#2014));
#2016= IFCFACEOUTERBOUND(#2015,.T.);
#2017= IFCFACE((#2016));
#2018= IFCCARTESIANPOINT((76.7088660806821,-4.99999999994907,230.));
#2019= IFCPOLYLOOP((#2004,#1230,#2014,#2018));
#2020= IFCFACEOUTERBOUND(#2019,.T.);
#2021= IFCFACE((#2020));
#2022= IFCPOLYLOOP((#2005,#2004,#2018,#2009));
#2023= IFCFACEOUTERBOUND(#2022,.T.);
#2024= IFCFACE((#2023));
#2025= IFCPOLYLOOP((#2014,#2010,#2009,#2018));
#2026= IFCFACEOUTERBOUND(#2025,.T.);
#2027= IFCFACE((#2026));
#2028= IFCCLOSEDSHELL((#2008,#2013,#2017,#2021,#2024,#2027));
#2029= IFCFACETEDBREP(#2028);
#2030= IFCSTYLEDITEM(#2029,(#891),$);
#2031= IFCSHAPEREPRESENTATION(#12,'Body','Brep',(#2029));
#2032= IFCPRODUCTDEFINITIONSHAPE($,$,(#2031));
#2033= IFCCARTESIANPOINT((56920.5323795866,-3601.26862511426,16870.000769225));
#2034= IFCDIRECTION((0.319483108031819,0.947591971094273,0.));
#2035= IFCAXIS2PLACEMENT3D(#2033,#812,#2034);
#2036= IFCLOCALPLACEMENT(#42,#2035);
#2037= IFCPLATE('3fP8dk3nj4l90vIqxZT4hW',#394,'PLATE-10','PL10*80.1',$,#2036,#2032,'IDe96489ee-0f1b-44bc-9039-4b4ee3744ae0');
#2038= IFCPLATETYPE('1SJo_l91DF3fwT5UnfSEkc',#5,'PL10*80.1',$,$,$,$,$,$,.NOTDEFINED.);
#2039= IFCPROPERTYSINGLEVALUE('Preliminary mark',$,IFCLABEL('5-2-P111'),$);
#2040= IFCPROPERTYSET('1RIwq2oJD4S9aP0$yGxzVO',#5,'Tekla Common','Common Properties to Shared building elements',(#1543,#1544,#1091,#2039,#1093,#1094));
#2041= IFCPROPERTYSINGLEVALUE('Weight',$,IFCMASSMEASURE(1.42),$);
#2042= IFCPROPERTYSINGLEVALUE('Area per tons',$,IFCAREAMEASURE(29.925),$);
#2043= IFCPROPERTYSINGLEVALUE('Net surface area',$,IFCAREAMEASURE(0.042),$);
#2044= IFCPROPERTYSINGLEVALUE('Height',$,IFCLENGTHMEASURE(80.1),$);
#2045= IFCPROPERTYSET('10zuQsYR15XP5G04hR_JnQ',#5,'Tekla Quantity','Quantity Properties to Shared building elements',(#2041,#1097,#1211,#2042,#2043,#2044,#1102,#1550));
#2046= IFCPROPERTYSINGLEVALUE('Reference',$,IFCIDENTIFIER('5-2-P111'),$);
#2047= IFCPROPERTYSET('19$h5dzqb1FvzXc0_7GJB9',#5,'Pset_PlateCommon','Common Properties to plate elements',(#1105,#2046));
#2048= IFCQUANTITYLENGTH('Width',$,$,80.0751558978044);
#2049= IFCQUANTITYAREA('NetArea',$,$,0.0423549858053291);
#2050= IFCQUANTITYAREA('GrossArea',$,$,0.018417285856495);
#2051= IFCQUANTITYVOLUME('NetVolume',$,$,0.000180301625275159);
#2052= IFCQUANTITYVOLUME('GrossVolume',$,$,0.000195861972045895);
#2053= IFCELEMENTQUANTITY('3hpNz66NfAmvNu0lT0gse3',#5,'BaseQuantities',$,$,(#2048,#2049,#2050,#1111,#2051,#2052));
#2054= IFCCARTESIANPOINT((423.982025146531,-5.00000000116415,230.));
#2055= IFCCARTESIANPOINT((423.982025146531,4.99999999883585,230.));
#2056= IFCPOLYLOOP((#2004,#2054,#2055,#2005));
#2057= IFCFACEOUTERBOUND(#2056,.T.);
#2058= IFCFACE((#2057));
#2059= IFCCARTESIANPOINT((423.982025146531,-5.00000000116415,3.63797880709171E-12));
#2060= IFCCARTESIANPOINT((423.982025146531,4.99999999883585,3.63797880709171E-12));
#2061= IFCPOLYLOOP((#2054,#2059,#2060,#2055));
#2062= IFCFACEOUTERBOUND(#2061,.T.);
#2063= IFCFACE((#2062));
#2064= IFCPOLYLOOP((#2059,#1230,#1233,#2060));
#2065= IFCFACEOUTERBOUND(#2064,.T.);
#2066= IFCFACE((#2065));
#2067= IFCPOLYLOOP((#2055,#2060,#1233,#2005));
#2068= IFCFACEOUTERBOUND(#2067,.T.);
#2069= IFCFACE((#2068));
#2070= IFCPOLYLOOP((#2059,#2054,#2004,#1230));
#2071= IFCFACEOUTERBOUND(#2070,.T.);
#2072= IFCFACE((#2071));
#2073= IFCCLOSEDSHELL((#2008,#2058,#2063,#2066,#2069,#2072));
#2074= IFCFACETEDBREP(#2073);
#2075= IFCSTYLEDITEM(#2074,(#891),$);
#2076= IFCSHAPEREPRESENTATION(#12,'Body','Brep',(#2074));
#2077= IFCPRODUCTDEFINITIONSHAPE($,$,(#2076));
#2078= IFCCARTESIANPOINT((56945.2646012714,-3518.98214568842,16870.0007692251));
#2079= IFCDIRECTION((-6.82409999742637E-05,0.999999997671583,0.));
#2080= IFCAXIS2PLACEMENT3D(#2078,#812,#2079);
#2081= IFCLOCALPLACEMENT(#42,#2080);
#2082= IFCPLATE('3ZaMK0ktXDzRIFmRBMpDtG',#394,'PLATE-10','PL10*230',$,#2081,#2077,'IDe3916500-bb78-4df5-b48f-c1b2d6ccddd0');
#2083= IFCPLATETYPE('1275IAWIHAUwQRAzLirAuD',#5,'PL10*230',$,$,$,$,$,$,.NOTDEFINED.);
#2084= IFCPROPERTYSINGLEVALUE('Preliminary mark',$,IFCLABEL('5-2-P89'),$);
#2085= IFCPROPERTYSET('3ua$afYlz6gQwHivUjEFX4',#5,'Tekla Common','Common Properties to Shared building elements',(#1543,#1544,#1091,#2084,#1093,#1094));
#2086= IFCPROPERTYSINGLEVALUE('Weight',$,IFCMASSMEASURE(7.65),$);
#2087= IFCPROPERTYSINGLEVALUE('Area per tons',$,IFCAREAMEASURE(27.186),$);
#2088= IFCPROPERTYSINGLEVALUE('Net surface area',$,IFCAREAMEASURE(0.208),$);
#2089= IFCPROPERTYSINGLEVALUE('Height',$,IFCLENGTHMEASURE(230.),$);
#2090= IFCPROPERTYSINGLEVALUE('Length',$,IFCLENGTHMEASURE(424.),$);
#2091= IFCPROPERTYSET('0F0A$4fjD5LfuZdHTQlig_',#5,'Tekla Quantity','Quantity Properties to Shared building elements',(#2086,#1659,#1660,#2087,#2088,#2089,#1102,#2090));
#2092= IFCPROPERTYSINGLEVALUE('Reference',$,IFCIDENTIFIER('5-2-P89'),$);
#2093= IFCPROPERTYSET('1XgwM24sf3vwaWoby5Jg_D',#5,'Pset_PlateCommon','Common Properties to plate elements',(#1105,#2092));
#2094= IFCQUANTITYLENGTH('Width',$,$,230.);
#2095= IFCQUANTITYAREA('NetArea',$,$,0.208111372070359);
#2096= IFCQUANTITYAREA('GrossArea',$,$,0.0975158657837427);
#2097= IFCQUANTITYVOLUME('NetVolume',$,$,0.000975158657847285);
#2098= IFCQUANTITYVOLUME('GrossVolume',$,$,0.000975158657847285);
#2099= IFCELEMENTQUANTITY('18TOfzPUz86ukTOUejgAU9',#5,'BaseQuantities',$,$,(#2094,#2095,#2096,#1111,#2097,#2098));
#2100= IFCCARTESIANPOINT((85.867134094322,-5.00000000018917,230.));
#2101= IFCCARTESIANPOINT((85.867134094322,-5.00000000018917,0.));
#2102= IFCCARTESIANPOINT((85.867134094311,4.99999999983993,0.));
#2103= IFCCARTESIANPOINT((85.867134094311,4.99999999983993,230.));
#2104= IFCPOLYLOOP((#2100,#2101,#2102,#2103));
#2105= IFCFACEOUTERBOUND(#2104,.T.);
#2106= IFCFACE((#2105));
#2107= IFCCARTESIANPOINT((8.43204272902949,-5.0000000000291,230.));
#2108= IFCCARTESIANPOINT((8.43204272902949,-5.0000000000291,0.));
#2109= IFCPOLYLOOP((#2101,#2100,#2107,#2108));
#2110= IFCFACEOUTERBOUND(#2109,.T.);
#2111= IFCFACE((#2110));
#2112= IFCCARTESIANPOINT((5.09921910313642,5.00000000000728,0.));
#2113= IFCPOLYLOOP((#2102,#2101,#2108,#2112));
#2114= IFCFACEOUTERBOUND(#2113,.T.);
#2115= IFCFACE((#2114));
#2116= IFCCARTESIANPOINT((5.09921910313642,5.00000000000728,230.));
#2117= IFCPOLYLOOP((#2103,#2102,#2112,#2116));
#2118= IFCFACEOUTERBOUND(#2117,.T.);
#2119= IFCFACE((#2118));
#2120= IFCPOLYLOOP((#2100,#2103,#2116,#2107));
#2121= IFCFACEOUTERBOUND(#2120,.T.);
#2122= IFCFACE((#2121));
#2123= IFCPOLYLOOP((#2112,#2108,#2107,#2116));
#2124= IFCFACEOUTERBOUND(#2123,.T.);
#2125= IFCFACE((#2124));
#2126= IFCCLOSEDSHELL((#2106,#2111,#2115,#2119,#2122,#2125));
#2127= IFCFACETEDBREP(#2126);
#2128= IFCSTYLEDITEM(#2127,(#891),$);
#2129= IFCSHAPEREPRESENTATION(#12,'Body','Brep',(#2127));
#2130= IFCPRODUCTDEFINITIONSHAPE($,$,(#2129));
#2131= IFCCARTESIANPOINT((56947.6455555294,-3093.41879167607,16870.0007692251));
#2132= IFCDIRECTION((-0.316291634100237,0.948662006300559,0.));
#2133= IFCAXIS2PLACEMENT3D(#2131,#812,#2132);
#2134= IFCLOCALPLACEMENT(#42,#2133);
#2135= IFCPLATE('1NbRPdq413uhqI2yy0f3qb',#394,'PLATE-10','PL10*80.8',$,#2134,#2130,'ID5795b667-d040-43e2-bd12-0bcf00a43d25');
#2136= IFCPLATETYPE('3SRIwig4r38wT_8BUwGMbY',#5,'PL10*80.8',$,$,$,$,$,$,.NOTDEFINED.);
#2137= IFCPROPERTYSINGLEVALUE('Weight',$,IFCMASSMEASURE(1.43),$);
#2138= IFCPROPERTYSINGLEVALUE('Area per tons',$,IFCAREAMEASURE(29.893),$);
#2139= IFCPROPERTYSINGLEVALUE('Net surface area',$,IFCAREAMEASURE(0.043),$);
#2140= IFCPROPERTYSINGLEVALUE('Height',$,IFCLENGTHMEASURE(80.8),$);
#2141= IFCPROPERTYSET('2Lx8Dy1mj0W8KKNn1BWtKS',#5,'Tekla Quantity','Quantity Properties to Shared building elements',(#2137,#1097,#1211,#2138,#2139,#2140,#1102,#1550));
#2142= IFCQUANTITYLENGTH('Width',$,$,80.7679149920481);
#2143= IFCQUANTITYAREA('NetArea',$,$,0.042693097328624);
#2144= IFCQUANTITYAREA('GrossArea',$,$,0.0185766204481908);
#2145= IFCQUANTITYVOLUME('NetVolume',$,$,0.000181933457309767);
#2146= IFCQUANTITYVOLUME('GrossVolume',$,$,0.000197494408415853);
#2147= IFCELEMENTQUANTITY('2wdUOh30n71xC_lsKxmGDH',#5,'BaseQuantities',$,$,(#2142,#2143,#2144,#1111,#2145,#2146));
#2148= IFCCOLOURRGB('Dark Blue',0.117647058823529,0.262745098039216,0.513725490196078);
#2149= IFCSURFACESTYLERENDERING(#2148,0.,$,$,$,$,IFCNORMALISEDRATIOMEASURE(0.00390625),IFCSPECULAREXPONENT(10.),.NOTDEFINED.);
#2150= IFCSURFACESTYLE('STEEL/S275',.POSITIVE.,(#2149));
#2151= IFCPRESENTATIONSTYLEASSIGNMENT((#2150));
#2152= IFCCARTESIANPOINT((9.99999999998954,125.,174.999999999462));
#2153= IFCCARTESIANPOINT((-1.22781784739345E-11,115.,164.99999999952));
#2154= IFCCARTESIANPOINT((-1.22781784739345E-11,-115.,164.99999999952));
#2155= IFCCARTESIANPOINT((9.99999999998954,-125.,174.999999999462));
#2156= IFCPOLYLOOP((#2152,#2153,#2154,#2155));
#2157= IFCFACEOUTERBOUND(#2156,.T.);
#2158= IFCFACE((#2157));
#2159= IFCCARTESIANPOINT((1.22781784739345E-11,115.,-164.999999999505));
#2160= IFCCARTESIANPOINT((10.0000000000155,125.,-174.999999999505));
#2161= IFCCARTESIANPOINT((10.0000000000155,-125.,-174.999999999505));
#2162= IFCCARTESIANPOINT((1.22781784739345E-11,-115.,-164.999999999505));
#2163= IFCPOLYLOOP((#2159,#2160,#2161,#2162));
#2164= IFCFACEOUTERBOUND(#2163,.T.);
#2165= IFCFACE((#2164));
#2166= IFCPOLYLOOP((#2160,#2159,#2153,#2152));
#2167= IFCFACEOUTERBOUND(#2166,.T.);
#2168= IFCFACE((#2167));
#2169= IFCPOLYLOOP((#2162,#2161,#2155,#2154));
#2170= IFCFACEOUTERBOUND(#2169,.T.);
#2171= IFCFACE((#2170));
#2172= IFCCARTESIANPOINT((5962.55007228273,115.,-165.000000015338));
#2173= IFCCARTESIANPOINT((5990.6488023794,115.,-174.475701345473));
#2174= IFCCARTESIANPOINT((5993.84428272605,115.,-165.00000001541));
#2175= IFCPOLYLOOP((#2172,#2173,#2174));
#2176= IFCFACEOUTERBOUND(#2175,.T.);
#2177= IFCFACE((#2176));
#2178= IFCCARTESIANPOINT((5993.84428272605,-115.,-165.000000013475));
#2179= IFCCARTESIANPOINT((5990.6488023794,-115.,-174.475701345473));
#2180= IFCCARTESIANPOINT((5962.55007228273,-115.,-165.000000015338));
#2181= IFCPOLYLOOP((#2178,#2179,#2180));
#2182= IFCFACEOUTERBOUND(#2181,.T.);
#2183= IFCFACE((#2182));
#2184= IFCPOLYLOOP((#2174,#2173,#2179,#2178));
#2185= IFCFACEOUTERBOUND(#2184,.T.);
#2186= IFCFACE((#2185));
#2187= IFCCARTESIANPOINT((9124.00000001181,-125.,174.999999975262));
#2188= IFCCARTESIANPOINT((9124.00000001181,125.,174.999999975262));
#2189= IFCPOLYLOOP((#2187,#2188,#2152,#2155));
#2190= IFCFACEOUTERBOUND(#2189,.T.);
#2191= IFCFACE((#2190));
#2192= IFCCARTESIANPOINT((5402.97945242971,125.,-175.000000013817));
#2193= IFCCARTESIANPOINT((5402.97945242971,-125.,-175.000000013817));
#2194= IFCPOLYLOOP((#2192,#2193,#2161,#2160));
#2195= IFCFACEOUTERBOUND(#2194,.T.);
#2196= IFCFACE((#2195));
#2197= IFCCARTESIANPOINT((5477.97972256922,-125.,-150.000000570006));
#2198= IFCCARTESIANPOINT((5477.97972256922,-115.,-150.000000570006));
#2199= IFCCARTESIANPOINT((5917.98044086941,-115.,-149.969836761018));
#2200= IFCCARTESIANPOINT((5917.98044086941,-125.,-149.969836761018));
#2201= IFCPOLYLOOP((#2197,#2198,#2199,#2200));
#2202= IFCFACEOUTERBOUND(#2201,.T.);
#2203= IFCFACE((#2202));
#2204= IFCCARTESIANPOINT((5992.20353023909,-125.,-175.000000015381));
#2205= IFCCARTESIANPOINT((9124.00000001183,-125.,-175.000000023698));
#2206= IFCPOLYLOOP((#2193,#2197,#2200,#2204,#2205,#2187,#2155,#2161));
#2207= IFCFACEOUTERBOUND(#2206,.T.);
#2208= IFCFACE((#2207));
#2209= IFCCARTESIANPOINT((9124.00000001183,125.,-175.000000023698));
#2210= IFCCARTESIANPOINT((5992.20353023909,125.,-175.000000015381));
#2211= IFCPOLYLOOP((#2209,#2205,#2204,#2210));
#2212= IFCFACEOUTERBOUND(#2211,.T.);
#2213= IFCFACE((#2212));
#2214= IFCCARTESIANPOINT((5917.98044086941,125.,-149.969836761018));
#2215= IFCCARTESIANPOINT((5477.97972256922,125.,-150.000000570006));
#2216= IFCPOLYLOOP((#2188,#2209,#2210,#2214,#2215,#2192,#2160,#2152));
#2217= IFCFACEOUTERBOUND(#2216,.T.);
#2218= IFCFACE((#2217));
#2219= IFCCARTESIANPOINT((5477.97972256922,115.,-150.000000570006));
#2220= IFCCARTESIANPOINT((5917.98044086941,115.,-149.969836761018));
#2221= IFCPOLYLOOP((#2219,#2215,#2214,#2220));
#2222= IFCFACEOUTERBOUND(#2221,.T.);
#2223= IFCFACE((#2222));
#2224= IFCCARTESIANPOINT((5432.97956095657,115.,-165.000000013926));
#2225= IFCCARTESIANPOINT((5401.35668588061,115.,-165.000000013846));
#2226= IFCCARTESIANPOINT((5404.51895312918,115.,-174.486835145974));
#2227= IFCPOLYLOOP((#2224,#2225,#2226));
#2228= IFCFACEOUTERBOUND(#2227,.T.);
#2229= IFCFACE((#2228));
#2230= IFCCARTESIANPOINT((5404.51895312918,-115.,-174.486835145974));
#2231= IFCCARTESIANPOINT((5432.97956109424,-115.,-165.000000021922));
#2232= IFCPOLYLOOP((#2198,#2197,#2193,#2192,#2215,#2219,#2224,#2226,#2230,#2231));
#2233= IFCFACEOUTERBOUND(#2232,.T.);
#2234= IFCFACE((#2233));
#2235= IFCCARTESIANPOINT((5401.35668588061,-115.,-165.000000013846));
#2236= IFCPOLYLOOP((#2231,#2230,#2235));
#2237= IFCFACEOUTERBOUND(#2236,.T.);
#2238= IFCFACE((#2237));
#2239= IFCPOLYLOOP((#2226,#2225,#2235,#2230));
#2240= IFCFACEOUTERBOUND(#2239,.T.);
#2241= IFCFACE((#2240));
#2242= IFCPOLYLOOP((#2159,#2162,#2235,#2225));
#2243= IFCFACEOUTERBOUND(#2242,.T.);
#2244= IFCFACE((#2243));
#2245= IFCPOLYLOOP((#2159,#2162,#2154,#2153));
#2246= IFCFACEOUTERBOUND(#2245,.T.);
#2247= IFCPOLYLOOP((#2153,#2154,#2162,#2159));
#2248= IFCFACEBOUND(#2247,.T.);
#2249= IFCFACE((#2246,#2248));
#2250= IFCCARTESIANPOINT((9124.0000000118,115.,164.999999975291));
#2251= IFCCARTESIANPOINT((9124.0000000118,-115.,164.999999975291));
#2252= IFCPOLYLOOP((#2154,#2153,#2250,#2251));
#2253= IFCFACEOUTERBOUND(#2252,.T.);
#2254= IFCFACE((#2253));
#2255= IFCPOLYLOOP((#2187,#2205,#2209,#2188));
#2256= IFCFACEOUTERBOUND(#2255,.T.);
#2257= IFCCARTESIANPOINT((9124.00000001183,115.,-165.000000023727));
#2258= IFCCARTESIANPOINT((9124.00000001183,-115.,-165.000000023727));
#2259= IFCPOLYLOOP((#2251,#2250,#2257,#2258));
#2260= IFCFACEBOUND(#2259,.T.);
#2261= IFCFACE((#2256,#2260));
#2262= IFCPOLYLOOP((#2199,#2198,#2231,#2235,#2162,#2154,#2251,#2258,#2178,#2180));
#2263= IFCFACEOUTERBOUND(#2262,.T.);
#2264= IFCFACE((#2263));
#2265= IFCPOLYLOOP((#2172,#2220,#2214,#2210,#2204,#2200,#2199,#2180,#2179,#2173));
#2266= IFCFACEOUTERBOUND(#2265,.T.);
#2267= IFCFACE((#2266));
#2268= IFCPOLYLOOP((#2257,#2250,#2153,#2159,#2225,#2224,#2219,#2220,#2172,#2174));
#2269= IFCFACEOUTERBOUND(#2268,.T.);
#2270= IFCFACE((#2269));
#2271= IFCPOLYLOOP((#2258,#2257,#2174,#2178));
#2272= IFCFACEOUTERBOUND(#2271,.T.);
#2273= IFCFACE((#2272));
#2274= IFCCLOSEDSHELL((#2158,#2165,#2168,#2171,#2177,#2183,#2186,#2191,#2196,#2203,#2208,#2213,#2218,#2223,#2229,#2234,#2238,#2241,#2244,#2249,#2254,#2261,#2264,#2267,#2270,#2273));
#2275= IFCFACETEDBREP(#2274);
#2276= IFCSTYLEDITEM(#2275,(#2151),$);
#2277= IFCSHAPEREPRESENTATION(#12,'Body','Brep',(#2275));
#2278= IFCPRODUCTDEFINITIONSHAPE($,$,(#2277));
#2279= IFCCARTESIANPOINT((57089.8603061626,2390.98951491885,16755.0007692249));
#2280= IFCAXIS2PLACEMENT3D(#2279,#1141,#1084);
#2281= IFCLOCALPLACEMENT(#42,#2280);
#2282= IFCBEAM('3N7Wipr0r6LfhyR86onwJH',#44,'B2-\S\?\S\Z350x250x10','TUB350X250X10 ',$,#2281,#2278,'IDd71e0b33-d40d-4656-9afc-6c81b2c7a4d1');
#2283= IFCBEAMTYPE('3CCwqATevBUhiUGqA8h7Ic',#5,'TUB350X250X10 ',$,$,$,$,$,$,.NOTDEFINED.);
#2284= IFCPROPERTYSINGLEVALUE('Preliminary mark',$,IFCLABEL('5-2-P35'),$);
#2285= IFCPROPERTYSINGLEVALUE('Class',$,IFCLABEL('4'),$);
#2286= IFCPROPERTYSET('2qR2WXyNT6BBtW0qXY3hsD',#5,'Tekla Common','Common Properties to Shared building elements',(#1361,#1415,#1091,#2284,#1093,#2285));
#2287= IFCPROPERTYSINGLEVALUE('Weight',$,IFCMASSMEASURE(817.71),$);
#2288= IFCPROPERTYSINGLEVALUE('Volume',$,IFCVOLUMEMEASURE(0.104),$);
#2289= IFCPROPERTYSINGLEVALUE('Gross footprint area',$,IFCAREAMEASURE(3.181),$);
#2290= IFCPROPERTYSINGLEVALUE('Area per tons',$,IFCAREAMEASURE(13.141),$);
#2291= IFCPROPERTYSINGLEVALUE('Net surface area',$,IFCAREAMEASURE(10.746),$);
#2292= IFCPROPERTYSINGLEVALUE('Width',$,IFCLENGTHMEASURE(250.),$);
#2293= IFCPROPERTYSINGLEVALUE('Length',$,IFCLENGTHMEASURE(9124.),$);
#2294= IFCPROPERTYSET('1dxUe6dXz1cBT_6KuYdDlI',#5,'Tekla Quantity','Quantity Properties to Shared building elements',(#2287,#2288,#2289,#2290,#2291,#1723,#2292,#2293));
#2295= IFCPROPERTYSINGLEVALUE('Reference',$,IFCIDENTIFIER('5-2-P35'),$);
#2296= IFCPROPERTYSET('2dmvg$q$HBhRJLk0VIRoiu',#5,'Pset_BeamCommon','Common Properties to beam elements',(#1105,#2295));
#2297= IFCQUANTITYLENGTH('Length',$,$,9124.00000000981);
#2298= IFCQUANTITYAREA('OuterSurfaceArea',$,$,10.7458736100176);
#2299= IFCQUANTITYVOLUME('NetVolume',$,$,0.104167056659693);
#2300= IFCQUANTITYWEIGHT('NetWeight',$,$,817.711394778589);
#2301= IFCELEMENTQUANTITY('2R8car_e955uBtvbLdpvof',#5,'BaseQuantities',$,$,(#2297,#2298,#2299,#2300));
#2302= IFCCOLOURRGB('Light Green',0.356862745098039,0.592156862745098,0.137254901960784);
#2303= IFCSURFACESTYLERENDERING(#2302,0.,$,$,$,$,IFCNORMALISEDRATIOMEASURE(0.00390625),IFCSPECULAREXPONENT(10.),.NOTDEFINED.);
#2304= IFCSURFACESTYLE('STEEL/S275',.POSITIVE.,(#2303));
#2305= IFCPRESENTATIONSTYLEASSIGNMENT((#2304));
#2306= IFCCARTESIANPOINT((1.45519152283669E-11,-3.99999999999955,0.));
#2307= IFCCARTESIANPOINT((2.18278728425503E-11,-3.99999999999955,230.));
#2308= IFCCARTESIANPOINT((0.,4.,230.));
#2309= IFCCARTESIANPOINT((-7.27595761418343E-12,4.,0.));
#2310= IFCPOLYLOOP((#2306,#2307,#2308,#2309));
#2311= IFCFACEOUTERBOUND(#2310,.T.);
#2312= IFCFACE((#2311));
#2313= IFCCARTESIANPOINT((314.615539550483,-3.99999999993042,230.));
#2314= IFCCARTESIANPOINT((314.615539550468,4.00000000006958,230.));
#2315= IFCPOLYLOOP((#2307,#2313,#2314,#2308));
#2316= IFCFACEOUTERBOUND(#2315,.T.);
#2317= IFCFACE((#2316));
#2318= IFCCARTESIANPOINT((314.615539550483,-3.99999999993042,1.78260961547494E-10));
#2319= IFCCARTESIANPOINT((314.615539550468,4.00000000006958,1.78260961547494E-10));
#2320= IFCPOLYLOOP((#2313,#2318,#2319,#2314));
#2321= IFCFACEOUTERBOUND(#2320,.T.);
#2322= IFCFACE((#2321));
#2323= IFCPOLYLOOP((#2318,#2306,#2309,#2319));
#2324= IFCFACEOUTERBOUND(#2323,.T.);
#2325= IFCFACE((#2324));
#2326= IFCPOLYLOOP((#2314,#2319,#2309,#2308));
#2327= IFCFACEOUTERBOUND(#2326,.T.);
#2328= IFCFACE((#2327));
#2329= IFCPOLYLOOP((#2318,#2313,#2307,#2306));
#2330= IFCFACEOUTERBOUND(#2329,.T.);
#2331= IFCFACE((#2330));
#2332= IFCCLOSEDSHELL((#2312,#2317,#2322,#2325,#2328,#2331));
#2333= IFCFACETEDBREP(#2332);
#2334= IFCSTYLEDITEM(#2333,(#2305),$);
#2335= IFCSHAPEREPRESENTATION(#12,'Body','Brep',(#2333));
#2336= IFCPRODUCTDEFINITIONSHAPE($,$,(#2335));
#2337= IFCCARTESIANPOINT((56940.2649365842,-3522.98248688123,16870.0007692251));
#2338= IFCDIRECTION((0.999999996486685,8.38250000404553E-05,0.));
#2339= IFCAXIS2PLACEMENT3D(#2337,#812,#2338);
#2340= IFCLOCALPLACEMENT(#42,#2339);
#2341= IFCPLATE('0YZrYwVIf3f9w8Zx5ESK6f',#1417,'PLATE-8','PL8*230',$,#2340,#2336,'ID228f58ba-7d2a-43a4-9e88-8fb14e7141a9');
#2342= IFCPLATETYPE('3Kc$13cInD2BJy7eLoZA2S',#5,'PL8*230',$,$,$,$,$,$,.NOTDEFINED.);
#2343= IFCPROPERTYSINGLEVALUE('Preliminary mark',$,IFCLABEL('5-2-P75'),$);
#2344= IFCPROPERTYSINGLEVALUE('Class',$,IFCLABEL('17'),$);
#2345= IFCPROPERTYSET('3vp9RdZpjFweQjDqFVZ9ve',#5,'Tekla Common','Common Properties to Shared building elements',(#1543,#1544,#1091,#2343,#1093,#2344));
#2346= IFCPROPERTYSINGLEVALUE('Weight',$,IFCMASSMEASURE(4.54),$);
#2347= IFCPROPERTYSINGLEVALUE('Gross footprint area',$,IFCAREAMEASURE(0.003),$);
#2348= IFCPROPERTYSINGLEVALUE('Area per tons',$,IFCAREAMEASURE(33.765),$);
#2349= IFCPROPERTYSINGLEVALUE('Net surface area',$,IFCAREAMEASURE(0.153),$);
#2350= IFCPROPERTYSINGLEVALUE('Width',$,IFCLENGTHMEASURE(8.),$);
#2351= IFCPROPERTYSINGLEVALUE('Length',$,IFCLENGTHMEASURE(314.6),$);
#2352= IFCPROPERTYSET('1HHuimOHPCegxS0T8BqcRe',#5,'Tekla Quantity','Quantity Properties to Shared building elements',(#2346,#1659,#2347,#2348,#2349,#2089,#2350,#2351));
#2353= IFCPROPERTYSINGLEVALUE('Reference',$,IFCIDENTIFIER('5-2-P75'),$);
#2354= IFCPROPERTYSET('2TVBy$I3zD6vAFiF$FHsY9',#5,'Pset_PlateCommon','Common Properties to plate elements',(#1105,#2353));
#2355= IFCQUANTITYAREA('NetArea',$,$,0.153436996825967);
#2356= IFCQUANTITYAREA('GrossArea',$,$,0.0723615740965441);
#2357= IFCQUANTITYAREA('CrossSectionArea',$,$,6.4E-05);
#2358= IFCQUANTITYVOLUME('NetVolume',$,$,0.000578892592770405);
#2359= IFCQUANTITYVOLUME('GrossVolume',$,$,0.000578892592770405);
#2360= IFCELEMENTQUANTITY('3p8BcBQgj599WTnniFC$on',#5,'BaseQuantities',$,$,(#2094,#2355,#2356,#2357,#2358,#2359));
#2361= IFCCARTESIANPOINT((314.605072022394,-3.99999999994998,230.));
#2362= IFCCARTESIANPOINT((314.605072022394,4.00000000005139,230.));
#2363= IFCPOLYLOOP((#2307,#2361,#2362,#2308));
#2364= IFCFACEOUTERBOUND(#2363,.T.);
#2365= IFCFACE((#2364));
#2366= IFCCARTESIANPOINT((314.605072022394,-3.99999999994998,1.78260961547494E-10));
#2367= IFCCARTESIANPOINT((314.605072022394,4.00000000005139,1.78260961547494E-10));
#2368= IFCPOLYLOOP((#2361,#2366,#2367,#2362));
#2369= IFCFACEOUTERBOUND(#2368,.T.);
#2370= IFCFACE((#2369));
#2371= IFCPOLYLOOP((#2366,#2306,#2309,#2367));
#2372= IFCFACEOUTERBOUND(#2371,.T.);
#2373= IFCFACE((#2372));
#2374= IFCPOLYLOOP((#2362,#2367,#2309,#2308));
#2375= IFCFACEOUTERBOUND(#2374,.T.);
#2376= IFCFACE((#2375));
#2377= IFCPOLYLOOP((#2366,#2361,#2307,#2306));
#2378= IFCFACEOUTERBOUND(#2377,.T.);
#2379= IFCFACE((#2378));
#2380= IFCCLOSEDSHELL((#2312,#2365,#2370,#2373,#2376,#2379));
#2381= IFCFACETEDBREP(#2380);
#2382= IFCSTYLEDITEM(#2381,(#2305),$);
#2383= IFCSHAPEREPRESENTATION(#12,'Body','Brep',(#2381));
#2384= IFCPRODUCTDEFINITIONSHAPE($,$,(#2383));
#2385= IFCCARTESIANPOINT((56940.2353586757,-3091.00045617889,16870.0007692251));
#2386= IFCDIRECTION((0.999999997006709,7.73730000008915E-05,0.));
#2387= IFCAXIS2PLACEMENT3D(#2385,#812,#2386);
#2388= IFCLOCALPLACEMENT(#42,#2387);
#2389= IFCPLATE('2gRIi3BgrAm8LsrH4JOsHn',#1417,'PLATE-8','PL8*230',$,#2388,#2384,'IDaa6d2b03-2ead-4ac0-8576-d51113636471');
#2390= IFCQUANTITYAREA('NetArea',$,$,0.153432014282167);
#2391= IFCQUANTITYAREA('GrossArea',$,$,0.0723591665649414);
#2392= IFCQUANTITYVOLUME('NetVolume',$,$,0.0005788733325193);
#2393= IFCQUANTITYVOLUME('GrossVolume',$,$,0.0005788733325193);
#2394= IFCELEMENTQUANTITY('0vNmfF5HX3bf2ZaDtfG3lD',#5,'BaseQuantities',$,$,(#2094,#2390,#2391,#2357,#2392,#2393));
#2395= IFCCARTESIANPOINT((330.000000000146,-3.99999999990723,230.));
#2396= IFCCARTESIANPOINT((330.000000000167,4.00000000009004,230.));
#2397= IFCPOLYLOOP((#2307,#2395,#2396,#2308));
#2398= IFCFACEOUTERBOUND(#2397,.T.);
#2399= IFCFACE((#2398));
#2400= IFCCARTESIANPOINT((330.000000000146,-3.99999999990723,-7.27595761418343E-12));
#2401= IFCCARTESIANPOINT((330.000000000167,4.00000000009004,-7.27595761418343E-12));
#2402= IFCPOLYLOOP((#2395,#2400,#2401,#2396));
#2403= IFCFACEOUTERBOUND(#2402,.T.);
#2404= IFCFACE((#2403));
#2405= IFCPOLYLOOP((#2400,#2306,#2309,#2401));
#2406= IFCFACEOUTERBOUND(#2405,.T.);
#2407= IFCFACE((#2406));
#2408= IFCPOLYLOOP((#2396,#2401,#2309,#2308));
#2409= IFCFACEOUTERBOUND(#2408,.T.);
#2410= IFCFACE((#2409));
#2411= IFCPOLYLOOP((#2400,#2395,#2307,#2306));
#2412= IFCFACEOUTERBOUND(#2411,.T.);
#2413= IFCFACE((#2412));
#2414= IFCCLOSEDSHELL((#2312,#2399,#2404,#2407,#2410,#2413));
#2415= IFCFACETEDBREP(#2414);
#2416= IFCSTYLEDITEM(#2415,(#2305),$);
#2417= IFCSHAPEREPRESENTATION(#12,'Body','Brep',(#2415));
#2418= IFCPRODUCTDEFINITIONSHAPE($,$,(#2417));
#2419= IFCCARTESIANPOINT((57254.8439222768,-6719.0014640311,16870.0007692249));
#2420= IFCDIRECTION((-0.999999999999528,-9.72000000752133E-07,0.));
#2421= IFCAXIS2PLACEMENT3D(#2419,#812,#2420);
#2422= IFCLOCALPLACEMENT(#42,#2421);
#2423= IFCPLATE('2tR6i0w5T6TwqluLjloBLQ',#44,'PLATE-8','PL8*230',$,#2422,#2418,'IDb76c6b00-e857-4677-ad2f-e15b6fc8b55a');
#2424= IFCPROPERTYSINGLEVALUE('Preliminary mark',$,IFCLABEL('5-2-P74'),$);
#2425= IFCPROPERTYSET('3R6qfOY15BYxFgxo0uaFkS',#5,'Tekla Common','Common Properties to Shared building elements',(#1543,#1544,#1091,#2424,#1093,#2344));
#2426= IFCPROPERTYSINGLEVALUE('Weight',$,IFCMASSMEASURE(4.77),$);
#2427= IFCPROPERTYSINGLEVALUE('Area per tons',$,IFCAREAMEASURE(33.727),$);
#2428= IFCPROPERTYSINGLEVALUE('Net surface area',$,IFCAREAMEASURE(0.161),$);
#2429= IFCPROPERTYSINGLEVALUE('Length',$,IFCLENGTHMEASURE(330.),$);
#2430= IFCPROPERTYSET('0uTUuNMfH7D8ycb6RtVj7G',#5,'Tekla Quantity','Quantity Properties to Shared building elements',(#2426,#1659,#2347,#2427,#2428,#2089,#2350,#2429));
#2431= IFCPROPERTYSINGLEVALUE('Reference',$,IFCIDENTIFIER('5-2-P74'),$);
#2432= IFCPROPERTYSET('341UFSFNz8NBPtJ7ZzjOTG',#5,'Pset_PlateCommon','Common Properties to plate elements',(#1105,#2431));
#2433= IFCQUANTITYLENGTH('Width',$,$,230.000000000007);
#2434= IFCQUANTITYAREA('NetArea',$,$,0.160760000000072);
#2435= IFCQUANTITYAREA('GrossArea',$,$,0.0759000000000894);
#2436= IFCQUANTITYVOLUME('NetVolume',$,$,0.000607199999991775);
#2437= IFCQUANTITYVOLUME('GrossVolume',$,$,0.000607199999991775);
#2438= IFCELEMENTQUANTITY('1hyHKg1ZD4iv360IKrKe4q',#5,'BaseQuantities',$,$,(#2433,#2434,#2435,#2357,#2436,#2437));
#2439= IFCCARTESIANPOINT((1418.05828857554,-115.,-164.999999999633));
#2440= IFCCARTESIANPOINT((1418.05828857554,115.,-164.999999999633));
#2441= IFCPOLYLOOP((#2159,#2162,#2439,#2440));
#2442= IFCFACEOUTERBOUND(#2441,.T.);
#2443= IFCFACE((#2442));
#2444= IFCCARTESIANPOINT((1418.05828857578,-115.,165.000000000234));
#2445= IFCPOLYLOOP((#2162,#2154,#2444,#2439));
#2446= IFCFACEOUTERBOUND(#2445,.T.);
#2447= IFCFACE((#2446));
#2448= IFCCARTESIANPOINT((1418.05828857578,115.,165.000000000234));
#2449= IFCPOLYLOOP((#2154,#2153,#2448,#2444));
#2450= IFCFACEOUTERBOUND(#2449,.T.);
#2451= IFCFACE((#2450));
#2452= IFCPOLYLOOP((#2153,#2159,#2440,#2448));
#2453= IFCFACEOUTERBOUND(#2452,.T.);
#2454= IFCFACE((#2453));
#2455= IFCCARTESIANPOINT((1418.05828857578,125.,175.000000000229));
#2456= IFCCARTESIANPOINT((1418.05828857554,125.,-174.999999999631));
#2457= IFCPOLYLOOP((#2455,#2456,#2160,#2152));
#2458= IFCFACEOUTERBOUND(#2457,.T.);
#2459= IFCFACE((#2458));
#2460= IFCCARTESIANPOINT((1418.05828857578,-125.,175.000000000229));
#2461= IFCPOLYLOOP((#2460,#2455,#2152,#2155));
#2462= IFCFACEOUTERBOUND(#2461,.T.);
#2463= IFCFACE((#2462));
#2464= IFCCARTESIANPOINT((1418.05828857554,-125.,-174.999999999631));
#2465= IFCPOLYLOOP((#2464,#2460,#2155,#2161));
#2466= IFCFACEOUTERBOUND(#2465,.T.);
#2467= IFCFACE((#2466));
#2468= IFCPOLYLOOP((#2456,#2464,#2161,#2160));
#2469= IFCFACEOUTERBOUND(#2468,.T.);
#2470= IFCFACE((#2469));
#2471= IFCPOLYLOOP((#2460,#2464,#2456,#2455));
#2472= IFCFACEOUTERBOUND(#2471,.T.);
#2473= IFCPOLYLOOP((#2444,#2448,#2440,#2439));
#2474= IFCFACEBOUND(#2473,.T.);
#2475= IFCFACE((#2472,#2474));
#2476= IFCCLOSEDSHELL((#2158,#2165,#2168,#2171,#2443,#2447,#2451,#2454,#2459,#2463,#2467,#2470,#2475,#2249));
#2477= IFCFACETEDBREP(#2476);
#2478= IFCSTYLEDITEM(#2477,(#2151),$);
#2479= IFCSHAPEREPRESENTATION(#12,'Body','Brep',(#2477));
#2480= IFCPRODUCTDEFINITIONSHAPE($,$,(#2479));
#2481= IFCCARTESIANPOINT((55496.7825955528,-6548.00072795723,16755.0007692249));
#2482= IFCAXIS2PLACEMENT3D(#2481,#1817,#1810);
#2483= IFCLOCALPLACEMENT(#42,#2482);
#2484= IFCBEAM('2elp3WxQf2WQk0kJRgXYIf',#44,'B2-\S\?\S\Z350x250x10','TUB350X250X10 ',$,#2483,#2480,'IDa8bf30e0-edaa-4281-ab80-b936ea8624a9');
#2485= IFCPROPERTYSINGLEVALUE('Preliminary mark',$,IFCLABEL('5-2-P34'),$);
#2486= IFCPROPERTYSET('0ss_VySOv4jxrfMKXUNtFr',#5,'Tekla Common','Common Properties to Shared building elements',(#1361,#1415,#1091,#2485,#1093,#2285));
#2487= IFCPROPERTYSINGLEVALUE('Weight',$,IFCMASSMEASURE(128.67),$);
#2488= IFCPROPERTYSINGLEVALUE('Volume',$,IFCVOLUMEMEASURE(0.016),$);
#2489= IFCPROPERTYSINGLEVALUE('Gross footprint area',$,IFCAREAMEASURE(0.496),$);
#2490= IFCPROPERTYSINGLEVALUE('Area per tons',$,IFCAREAMEASURE(13.224),$);
#2491= IFCPROPERTYSINGLEVALUE('Net surface area',$,IFCAREAMEASURE(1.702),$);
#2492= IFCPROPERTYSINGLEVALUE('Length',$,IFCLENGTHMEASURE(1418.1),$);
#2493= IFCPROPERTYSET('2vemBEQCb8Z9C81pvObuM$',#5,'Tekla Quantity','Quantity Properties to Shared building elements',(#2487,#2488,#2489,#2490,#2491,#1723,#2292,#2492));
#2494= IFCPROPERTYSINGLEVALUE('Reference',$,IFCIDENTIFIER('5-2-P34'),$);
#2495= IFCPROPERTYSET('33Eor4n1X5TecJrdeKYTWk',#5,'Pset_BeamCommon','Common Properties to beam elements',(#1105,#2494));
#2496= IFCQUANTITYLENGTH('Length',$,$,1418.05828857669);
#2497= IFCQUANTITYAREA('OuterSurfaceArea',$,$,1.70156623145059);
#2498= IFCQUANTITYVOLUME('NetVolume',$,$,0.016390809480805);
#2499= IFCQUANTITYWEIGHT('NetWeight',$,$,128.66785442432);
#2500= IFCELEMENTQUANTITY('1ZCzIRUNDCzeIiiPvXuJus',#5,'BaseQuantities',$,$,(#2496,#2497,#2498,#2499));
#2501= IFCRELAGGREGATES('2lgrpuJx17hPSDRWMmSURQ',#5,$,$,#37,(#39));
#2502= IFCRELAGGREGATES('3jOCOTnuv4bQbVgv7cqtzR',#5,$,$,#39,(#41));
#2503= IFCRELAGGREGATES('3_swUw8YL97vwJ$T5iIYnd',#5,$,$,#41,(#43));
#2504= IFCRELCONTAINEDINSPATIALSTRUCTURE('1RdwK8WjP1xRputaQdLevW',#5,$,$,(#2484,#2423,#2389,#2341,#2282,#2135,#2082,#2037,#1999,#1899,#1891,#1880,#1871,#1862,#1856,#1850,#1844,#1838,#1832,#1826,#1820,#1813,#1806,#1799,#1792,#1785,#1778,#1771,#1764,#1757,#1750,#1743,#1713,#1653,#1609,#1542,#1413,#1359,#1325,#1309,#1229,#1204,#1166,#1144,#1087,#887,#880,#873,#866,#859,#852,#845,#838,#831,#815,#393,#384,#376,#367,#358,#349,#341,#332,#323,#314,#306,#295,#215,#206,#197,#188,#179,#170,#161,#133),#43);
#2505= IFCRELDEFINESBYPROPERTIES('1mLX2PUybAXuEwb_$vQW5G',#5,$,$,(#358,#349,#341,#332,#215,#206,#197,#188,#179,#170,#161,#133),#151);
#2506= IFCRELDEFINESBYPROPERTIES('37kZg8F$PEIAynuh8TmWsK',#5,$,$,(#393,#384,#376,#367,#323,#314,#306,#295),#297);
#2507= IFCRELDEFINESBYPROPERTIES('1sawsHB7HBAPZRhkioVNOw',#5,$,$,(#1806,#1799,#1792,#1785,#1778,#1771,#1764,#1757,#1750,#1743,#887,#880,#873,#866,#859,#852,#845,#838,#831,#815),#823);
#2508= IFCRELDEFINESBYPROPERTIES('07qZoYANXC19ZM_f7FFOrX',#5,$,$,(#1813,#1087),#1095);
#2509= IFCRELDEFINESBYPROPERTIES('02Huy$55vCwBrMX_kTDHMI',#5,$,$,(#1813,#1087),#1104);
#2510= IFCRELDEFINESBYPROPERTIES('2DYsHn6EfD2uCOnSu8MxvI',#5,$,$,(#1813,#1087),#1107);
#2511= IFCRELDEFINESBYPROPERTIES('0ZqN9R10XFJupt8rZzEei_',#5,$,$,(#1813,#1087),#1114);
#2512= IFCRELDEFINESBYPROPERTIES('1qIK3P$dX2YONTfLE66bDx',#5,$,$,(#1826,#1820,#1166,#1144),#1147);
#2513= IFCRELDEFINESBYPROPERTIES('2f28WK0Ev1nvjAJ6ok_qRu',#5,$,$,(#1826,#1820,#1166,#1144),#1152);
#2514= IFCRELDEFINESBYPROPERTIES('3S0Q8rxzfFTuuRf0rwcxtM',#5,$,$,(#1826,#1820,#1166,#1144),#1154);
#2515= IFCRELDEFINESBYPROPERTIES('2YO$Rfa0DEjOaOCwJmnUk7',#5,$,$,(#1826,#1820,#1166,#1144),#1160);
#2516= IFCRELDEFINESBYPROPERTIES('0TAEPHcqfAKwLAzzj$33HM',#5,$,$,(#1850,#1844,#1229,#1204),#1209);
#2517= IFCRELDEFINESBYPROPERTIES('3W84Pl$mz0mQ3_ALZB$sjB',#5,$,$,(#1850,#1844,#1838,#1832,#1229,#1204),#1215);
#2518= IFCRELDEFINESBYPROPERTIES('2TN5sCeiP4o9S7n$6TlScC',#5,$,$,(#1850,#1844,#1838,#1832,#1325,#1309,#1229,#1204),#1217);
#2519= IFCRELDEFINESBYPROPERTIES('2hQyongaD3C91hWBBnq7xt',#5,$,$,(#1838,#1832,#1229,#1204),#1223);
#2520= IFCRELDEFINESBYPROPERTIES('3v62GOVRfENwd97YK_xRoV',#5,$,$,(#1838,#1832,#1325,#1309),#1312);
#2521= IFCRELDEFINESBYPROPERTIES('07GeGreEX4Ch39D9w447i7',#5,$,$,(#1325,#1309),#1314);
#2522= IFCRELDEFINESBYPROPERTIES('1nhVmu5OvDOOHa9FlPwGT0',#5,$,$,(#1850,#1844,#1325,#1309),#1319);
#2523= IFCRELDEFINESBYPROPERTIES('0J81eC1vP2zwyEgZ1RL$pM',#5,$,$,(#1891,#1359),#1364);
#2524= IFCRELDEFINESBYPROPERTIES('21hfD0JJ50bgRBDi91dla$',#5,$,$,(#1413,#1359),#1371);
#2525= IFCRELDEFINESBYPROPERTIES('0RQZblhdP6Eh085f4iO1IO',#5,$,$,(#1891,#1880,#1413,#1359),#1373);
#2526= IFCRELDEFINESBYPROPERTIES('0hDsVkSeD39x1wfC1JJIBF',#5,$,$,(#1880,#1413,#1359),#1379);
#2527= IFCRELDEFINESBYPROPERTIES('25fFSfWWvBYRtp8crZQ7TR',#5,$,$,(#1880,#1413),#1416);
#2528= IFCRELDEFINESBYPROPERTIES('0KKrWnH4X2ZviBm7aP1l0B',#5,$,$,(#1871,#1862,#1609,#1542),#1546);
#2529= IFCRELDEFINESBYPROPERTIES('1Y$efcVo53JgMJutaU$s26',#5,$,$,(#1871,#1862,#1609,#1542),#1551);
#2530= IFCRELDEFINESBYPROPERTIES('1C208wbRHE4BHCKIvuOl2f',#5,$,$,(#1871,#1862,#1609,#1542),#1553);
#2531= IFCRELDEFINESBYPROPERTIES('1pSRSeQhzEBAwbj9ZKUYdU',#5,$,$,(#1542),#1559);
#2532= IFCRELDEFINESBYPROPERTIES('2M737iZ9z3fwNrhBLqYoAr',#5,$,$,(#1609),#1614);
#2533= IFCRELDEFINESBYPROPERTIES('2z7O2VkwP7sRFzJDxp$KQV',#5,$,$,(#1856,#1653),#1657);
#2534= IFCRELDEFINESBYPROPERTIES('3A45wHV1XD_x0C68Id3hS9',#5,$,$,(#1856,#1653),#1665);
#2535= IFCRELDEFINESBYPROPERTIES('1PL4_ugMDAsR6IZsXhIrg1',#5,$,$,(#1856,#1653),#1667);
#2536= IFCRELDEFINESBYPROPERTIES('1up$7hsRfEuhNjEyOfN6_F',#5,$,$,(#1856,#1653),#1674);
#2537= IFCRELDEFINESBYPROPERTIES('0DABasvw5AigR60BAMbAGg',#5,$,$,(#1899,#1713),#1717);
#2538= IFCRELDEFINESBYPROPERTIES('3GAmL27cL40eCGtvbSIbJr',#5,$,$,(#1899,#1713),#1726);
#2539= IFCRELDEFINESBYPROPERTIES('3W8HIvbsT5Rx2lcjENZqaO',#5,$,$,(#1899,#1713),#1728);
#2540= IFCRELDEFINESBYPROPERTIES('124h8Sm4T5ZvlH7GyEDsYm',#5,$,$,(#1713),#1735);
#2541= IFCRELDEFINESBYPROPERTIES('3TTfKevar6RRXyDcltPVZ5',#5,$,$,(#1862),#1865);
#2542= IFCRELDEFINESBYPROPERTIES('3AxPZnvFr6xfZHDNnmwx6K',#5,$,$,(#1871),#1874);
#2543= IFCRELDEFINESBYPROPERTIES('3i1KlXciX4SO_PQQiUK5WT',#5,$,$,(#1891,#1880),#1882);
#2544= IFCRELDEFINESBYPROPERTIES('3UZ7EPlEP9ZfvBBfWXKdCc',#5,$,$,(#1891),#1893);
#2545= IFCRELDEFINESBYPROPERTIES('24LdcfyJDF1RG4u7YhzGcA',#5,$,$,(#1899),#1902);
#2546= IFCRELDEFINESBYPROPERTIES('0N$sX0nHXBw8WK4JK6qi_M',#5,$,$,(#1999),#2003);
#2547= IFCRELDEFINESBYPROPERTIES('1yAFPh6gr4awdmAuPW0ZYc',#5,$,$,(#2135,#2037),#2040);
#2548= IFCRELDEFINESBYPROPERTIES('1DgRwa8HnAWwAOuddgPd18',#5,$,$,(#2037),#2045);
#2549= IFCRELDEFINESBYPROPERTIES('06oTlUzXvDlfYjn7rVs4iS',#5,$,$,(#2135,#2037),#2047);
#2550= IFCRELDEFINESBYPROPERTIES('1pHX1UTOvCNvK01kO8i7rQ',#5,$,$,(#2037),#2053);
#2551= IFCRELDEFINESBYPROPERTIES('3alGprb$v8txKwwC_ZIwtd',#5,$,$,(#2082),#2085);
#2552= IFCRELDEFINESBYPROPERTIES('1KFhTUOuD4lhRWsVNTDxEX',#5,$,$,(#2082),#2091);
#2553= IFCRELDEFINESBYPROPERTIES('1J9JOO1Hr4xOCN9OGyX4iT',#5,$,$,(#2082),#2093);
#2554= IFCRELDEFINESBYPROPERTIES('3QGyG0u49EjA1XHfQc$jjR',#5,$,$,(#2082),#2099);
#2555= IFCRELDEFINESBYPROPERTIES('21UJZ2Cur0BxxnU$ft_Pzn',#5,$,$,(#2135),#2141);
#2556= IFCRELDEFINESBYPROPERTIES('1lqFxBx09A1QICP6SUG24u',#5,$,$,(#2135),#2147);
#2557= IFCRELDEFINESBYPROPERTIES('16jiaARaL7UhTbzQZvl3Yz',#5,$,$,(#2282),#2286);
#2558= IFCRELDEFINESBYPROPERTIES('1YUkHTnuH3GRmoNC6ohrvD',#5,$,$,(#2282),#2294);
#2559= IFCRELDEFINESBYPROPERTIES('2yAlis$4PEE9FxkM26My2A',#5,$,$,(#2282),#2296);
#2560= IFCRELDEFINESBYPROPERTIES('0am_Ba8P58Hh20f3QHzrZC',#5,$,$,(#2282),#2301);
#2561= IFCRELDEFINESBYPROPERTIES('1YcY8zm8H2D9B0ydLQZiKQ',#5,$,$,(#2389,#2341),#2345);
#2562= IFCRELDEFINESBYPROPERTIES('0B0p8ocRD4KuMNXMi4iEHd',#5,$,$,(#2389,#2341),#2352);
#2563= IFCRELDEFINESBYPROPERTIES('2Dri0_Mj97zwnCb_v3229v',#5,$,$,(#2389,#2341),#2354);
#2564= IFCRELDEFINESBYPROPERTIES('1lg56Julf6MOpG3Ten8M9w',#5,$,$,(#2341),#2360);
#2565= IFCRELDEFINESBYPROPERTIES('37N68lRLX2kQly4oeYPZhj',#5,$,$,(#2389),#2394);
#2566= IFCRELDEFINESBYPROPERTIES('0P4HSfeVr6eOIcJsStiFlq',#5,$,$,(#2423),#2425);
#2567= IFCRELDEFINESBYPROPERTIES('2jmZyS3OfCaxQd2m3uq7wn',#5,$,$,(#2423),#2430);
#2568= IFCRELDEFINESBYPROPERTIES('0EEIWWXY10pfnbZVl5bcUN',#5,$,$,(#2423),#2432);
#2569= IFCRELDEFINESBYPROPERTIES('2rYrZ_C0LCahZIrBRNHmJV',#5,$,$,(#2423),#2438);
#2570= IFCRELDEFINESBYPROPERTIES('3flEyQIHz61xX2dP7LXLaJ',#5,$,$,(#2484),#2486);
#2571= IFCRELDEFINESBYPROPERTIES('3z8XMbKULC6h1w2i4onLHi',#5,$,$,(#2484),#2493);
#2572= IFCRELDEFINESBYPROPERTIES('1YEusI5JHDNfWcHy87CVg2',#5,$,$,(#2484),#2495);
#2573= IFCRELDEFINESBYPROPERTIES('0db$kem_rA5hVJvyvQtdy0',#5,$,$,(#2484),#2500);
#2574= IFCRELDEFINESBYTYPE('2IMcpiseL5IeUoYiLqOrFg',#5,$,$,(#1999,#1806,#1799,#1792,#1785,#1778,#1771,#1764,#1757,#1750,#1743,#887,#880,#873,#866,#859,#852,#845,#838,#831,#815,#393,#384,#376,#367,#358,#349,#341,#332,#323,#314,#306,#295,#215,#206,#197,#188,#179,#170,#161,#133),#134);
#2575= IFCRELDEFINESBYTYPE('3OfyJX2yT7NBNZRcRaNr3u',#5,$,$,(#1813,#1087),#1088);
#2576= IFCRELDEFINESBYTYPE('0NsMl_vQz38fufyuqiJXrl',#5,$,$,(#1826,#1820,#1166,#1144),#1145);
#2577= IFCRELDEFINESBYTYPE('2m5cuh24nDIvlrNYPUMdbr',#5,$,$,(#1850,#1844,#1838,#1832,#1325,#1309,#1229,#1204),#1205);
#2578= IFCRELDEFINESBYTYPE('3qATxG79P4iBwtojPRgFd1',#5,$,$,(#1891,#1880,#1871,#1862,#1609,#1542,#1413,#1359),#1360);
#2579= IFCRELDEFINESBYTYPE('0_APMoF$nDG8TaDTfFBDUj',#5,$,$,(#1856,#1653),#1654);
#2580= IFCRELDEFINESBYTYPE('2npZ2mHQz55hqD4yKWxGkJ',#5,$,$,(#1899,#1713),#1714);
#2581= IFCRELDEFINESBYTYPE('1IlX5Z6LD5xPXtJQvFxrHs',#5,$,$,(#2037),#2038);
#2582= IFCRELDEFINESBYTYPE('3tiBvJ$gD8oAsXvH8iUWzC',#5,$,$,(#2082),#2083);
#2583= IFCRELDEFINESBYTYPE('3S1tlQTtLBpRYht2RdnB$B',#5,$,$,(#2135),#2136);
#2584= IFCRELDEFINESBYTYPE('08mN$hyNHCowv5P1HDXpMQ',#5,$,$,(#2484,#2282),#2283);
#2585= IFCRELDEFINESBYTYPE('1$3oAk1hX2oOFS$MzGH6Vk',#5,$,$,(#2423,#2389,#2341),#2342);
#2586= IFCRELASSOCIATESMATERIAL('0hy0VojPP14RSeslsKmXyh',#5,$,$,(#393,#384,#376,#367,#358,#349,#341,#332,#323,#314,#306,#295,#215,#206,#197,#188,#179,#170,#161,#133),#152);
#2587= IFCRELASSOCIATESMATERIAL('0MuwfiaOTE1w14MBR5bAJu',#5,$,$,(#1999,#1806,#1799,#1792,#1785,#1778,#1771,#1764,#1757,#1750,#1743,#887,#880,#873,#866,#859,#852,#845,#838,#831,#815),#824);
#2588= IFCRELASSOCIATESMATERIAL('3GlbInUcXDcPnwPOsAd$tq',#5,$,$,(#2484,#2423,#2389,#2341,#2282,#2135,#2082,#2037,#1899,#1891,#1880,#1871,#1862,#1856,#1850,#1844,#1838,#1832,#1826,#1820,#1813,#1713,#1653,#1609,#1542,#1413,#1359,#1325,#1309,#1229,#1204,#1166,#1144,#1087),#1115);
#2589= IFCPRESENTATIONLAYERASSIGNMENT('BoltArray',$,(#126,#154,#163,#172,#181,#190,#199,#208,#288,#299,#308,#316,#325,#334,#343,#351,#360,#369,#378,#386,#808,#826,#833,#840,#847,#854,#861,#868,#875,#882,#1737,#1745,#1752,#1759,#1766,#1773,#1780,#1787,#1794,#1801,#1992),$);
#2590= IFCPRESENTATIONLAYERASSIGNMENT('PLATE-10',$,(#1081,#1138,#1161,#1199,#1224,#1304,#1320,#1354,#1408,#1537,#1604,#1807,#1814,#1821,#1827,#1833,#1839,#1845,#1857,#1866,#1875,#1886,#2031,#2076,#2129),$);
#2591= IFCPRESENTATIONLAYERASSIGNMENT('PLATE-12',$,(#1648,#1851),$);
#2592= IFCPRESENTATIONLAYERASSIGNMENT('PLATE-20',$,(#1708,#1894),$);
#2593= IFCPRESENTATIONLAYERASSIGNMENT('B2-\S\?\S\Z350x250x10',$,(#2277,#2479),$);
#2594= IFCPRESENTATIONLAYERASSIGNMENT('PLATE-8',$,(#2335,#2383,#2417),$);
ENDSEC;

END-ISO-10303-21;
