ISO-10303-21;
HEADER;
FILE_DESCRIPTION(('ViewDefinition[CoordinationView_V2.0, QuantityTakeOffAddOnView]', 'ExchangeRequirement[Structural, SurfaceGeometry]', 'Option [BaseQuantities:On]', 'Option [GridExport:On]', 'Option [Assemblies:Off]', 'Option [Bolts:On]', 'Option [Rebars:On]', 'Option [PourObjects:Off]', 'Option [Welds:Off]', 'Option [SurfaceTreatments:On]', 'Option [LocationBy:0]', 'Option [ViewColors:Off]', 'Option [SectionedSpine:Off]', 'Option [PropertySets:On]', 'Option [Export all:Off]'),'2;1');
FILE_NAME('5-2-A16_1.ifc','2026-03-10T08:04:08',('DESKTOP-NLV509P\\Ahmed'),('Structural Designer'),'IFC Parser version: 3.13.2','Tekla Structures 2023 Service Pack 8, IFC Export Version: 4.0.0.0 Jan 19 2024','');
FILE_SCHEMA(('IFC2X3'));
ENDSEC;

DATA;
#1= IFCPERSON('DESKTOP-NLV509P\\Ahmed','Undefined',$,$,$,$,$,$);
#2= IFCORGANIZATION($,'Trimble Solutions Corporation',$,$,$);
#3= IFCPERSONANDORGANIZATION(#1,#2,$);
#4= IFCAPPLICATION(#2,'2023 Service Pack 8','Tekla Structures','Multi material modeling');
#5= IFCOWNERHISTORY(#3,#4,$,.NOCHANGE.,$,$,$,1773119048);
#6= IFCCARTESIANPOINT((0.,0.,0.));
#7= IFCDIRECTION((1.,0.,0.));
#8= IFCDIRECTION((0.,1.,0.));
#9= IFCDIRECTION((0.,0.,1.));
#10= IFCAXIS2PLACEMENT3D(#6,#9,#7);
#11= IFCGEOMETRICREPRESENTATIONCONTEXT($,'Model',3,1.E-05,#10,$);
#12= IFCGEOMETRICREPRESENTATIONSUBCONTEXT('Body','Model',*,*,*,*,#11,$,.MODEL_VIEW.,$);
#13= IFCGEOMETRICREPRESENTATIONSUBCONTEXT('Axis','Model',*,*,*,*,#11,$,.GRAPH_VIEW.,$);
#14= IFCGEOMETRICREPRESENTATIONSUBCONTEXT('FootPrint','Model',*,*,*,*,#11,$,.MODEL_VIEW.,$);
#15= IFCSIUNIT(*,.LENGTHUNIT.,.MILLI.,.METRE.);
#16= IFCMEASUREWITHUNIT(IFCRATIOMEASURE(304.8),#15);
#17= IFCDIMENSIONALEXPONENTS(1,0,0,0,0,0,0);
#18= IFCCONVERSIONBASEDUNIT(#17,.LENGTHUNIT.,'FOOT',#16);
#19= IFCSIUNIT(*,.AREAUNIT.,$,.SQUARE_METRE.);
#20= IFCMEASUREWITHUNIT(IFCRATIOMEASURE(0.09290304),#19);
#21= IFCDIMENSIONALEXPONENTS(2,0,0,0,0,0,0);
#22= IFCCONVERSIONBASEDUNIT(#21,.AREAUNIT.,'SQUARE FOOT',#20);
#23= IFCSIUNIT(*,.VOLUMEUNIT.,$,.CUBIC_METRE.);
#24= IFCMEASUREWITHUNIT(IFCRATIOMEASURE(0.028316846592),#23);
#25= IFCDIMENSIONALEXPONENTS(3,0,0,0,0,0,0);
#26= IFCCONVERSIONBASEDUNIT(#25,.VOLUMEUNIT.,'CUBIC FOOT',#24);
#27= IFCSIUNIT(*,.MASSUNIT.,.KILO.,.GRAM.);
#28= IFCSIUNIT(*,.TIMEUNIT.,$,.SECOND.);
#29= IFCSIUNIT(*,.PLANEANGLEUNIT.,$,.RADIAN.);
#30= IFCMEASUREWITHUNIT(IFCRATIOMEASURE(0.0174532925199433),#29);
#31= IFCDIMENSIONALEXPONENTS(0,0,0,0,0,0,0);
#32= IFCCONVERSIONBASEDUNIT(#31,.PLANEANGLEUNIT.,'DEGREE',#30);
#33= IFCSIUNIT(*,.SOLIDANGLEUNIT.,$,.STERADIAN.);
#34= IFCSIUNIT(*,.THERMODYNAMICTEMPERATUREUNIT.,$,.DEGREE_CELSIUS.);
#35= IFCSIUNIT(*,.LUMINOUSINTENSITYUNIT.,$,.LUMEN.);
#36= IFCUNITASSIGNMENT((#15,#19,#23,#27,#28,#29,#33,#34,#35));
#37= IFCPROJECT('1zswOE_h9Azfh2jYjTEAfJ',#5,'Undefined',$,$,$,$,(#11),#36);
#38= IFCLOCALPLACEMENT($,#10);
#39= IFCSITE('3nPElMDbzFlBu8ve6KI8kV',#5,'Undefined',$,$,#38,$,$,.ELEMENT.,$,$,$,$,$);
#40= IFCLOCALPLACEMENT(#38,#10);
#41= IFCBUILDING('3DxNqxOn1Chfu7wevTF3y6',#5,'Undefined',$,$,#40,$,$,.ELEMENT.,$,$,$);
#42= IFCLOCALPLACEMENT(#40,#10);
#43= IFCBUILDINGSTOREY('3gJPpYF7LCbf7I109fNVl5',#5,'Undefined',$,$,#42,$,$,.ELEMENT.,0.);
#44= IFCOWNERHISTORY(#3,#4,$,.NOCHANGE.,$,$,$,1770876000);
#45= IFCCOLOURRGB($,0.698039215686274,0.4,0.);
#46= IFCSURFACESTYLERENDERING(#45,0.,$,$,$,$,IFCNORMALISEDRATIOMEASURE(0.00390625),IFCSPECULAREXPONENT(10.),.NOTDEFINED.);
#47= IFCSURFACESTYLE('TS10.9',.POSITIVE.,(#46));
#48= IFCPRESENTATIONSTYLEASSIGNMENT((#47));
#49= IFCCARTESIANPOINT((13.,23.99934518999,0.));
#50= IFCCARTESIANPOINT((11.2583302491975,23.99934518999,6.50000000000039));
#51= IFCCARTESIANPOINT((6.49999999999922,23.99934518999,11.2583302491982));
#52= IFCCARTESIANPOINT((-1.34723677608042E-12,23.99934518999,13.));
#53= IFCCARTESIANPOINT((-6.50000000000155,23.99934518999,11.2583302491968));
#54= IFCCARTESIANPOINT((-11.2583302491988,23.99934518999,6.49999999999806));
#55= IFCCARTESIANPOINT((-13.,23.99934518999,-2.69447355216084E-12));
#56= IFCCARTESIANPOINT((-11.2583302491961,23.99934518999,-6.50000000000272));
#57= IFCCARTESIANPOINT((-6.4999999999969,23.99934518999,-11.2583302491995));
#58= IFCCARTESIANPOINT((4.02727742892113E-12,23.99934518999,-13.));
#59= IFCCARTESIANPOINT((6.50000000000388,23.99934518999,-11.2583302491955));
#60= IFCCARTESIANPOINT((11.2583302492002,23.99934518999,-6.49999999999573));
#61= IFCCARTESIANPOINT((13.,274.09934518999,0.));
#62= IFCCARTESIANPOINT((11.2583302491975,274.09934518999,6.50000000000039));
#63= IFCCARTESIANPOINT((6.49999999999922,274.09934518999,11.2583302491982));
#64= IFCCARTESIANPOINT((-1.34723677608042E-12,274.09934518999,13.));
#65= IFCCARTESIANPOINT((-6.50000000000155,274.09934518999,11.2583302491968));
#66= IFCCARTESIANPOINT((-11.2583302491988,274.09934518999,6.49999999999806));
#67= IFCCARTESIANPOINT((-13.,274.09934518999,-2.69447355216084E-12));
#68= IFCCARTESIANPOINT((-11.2583302491961,274.09934518999,-6.50000000000272));
#69= IFCCARTESIANPOINT((-6.4999999999969,274.09934518999,-11.2583302491995));
#70= IFCCARTESIANPOINT((4.02727742892113E-12,274.09934518999,-13.));
#71= IFCCARTESIANPOINT((6.50000000000388,274.09934518999,-11.2583302491955));
#72= IFCCARTESIANPOINT((11.2583302492002,274.09934518999,-6.49999999999573));
#73= IFCPOLYLOOP((#49,#50,#51,#52,#53,#54,#55,#56,#57,#58,#59,#60));
#74= IFCFACEOUTERBOUND(#73,.T.);
#75= IFCFACE((#74));
#76= IFCPOLYLOOP((#72,#71,#70,#69,#68,#67,#66,#65,#64,#63,#62,#61));
#77= IFCFACEOUTERBOUND(#76,.T.);
#78= IFCFACE((#77));
#79= IFCPOLYLOOP((#49,#61,#62,#50));
#80= IFCFACEOUTERBOUND(#79,.T.);
#81= IFCFACE((#80));
#82= IFCPOLYLOOP((#50,#62,#63,#51));
#83= IFCFACEOUTERBOUND(#82,.T.);
#84= IFCFACE((#83));
#85= IFCPOLYLOOP((#51,#63,#64,#52));
#86= IFCFACEOUTERBOUND(#85,.T.);
#87= IFCFACE((#86));
#88= IFCPOLYLOOP((#52,#64,#65,#53));
#89= IFCFACEOUTERBOUND(#88,.T.);
#90= IFCFACE((#89));
#91= IFCPOLYLOOP((#53,#65,#66,#54));
#92= IFCFACEOUTERBOUND(#91,.T.);
#93= IFCFACE((#92));
#94= IFCPOLYLOOP((#54,#66,#67,#55));
#95= IFCFACEOUTERBOUND(#94,.T.);
#96= IFCFACE((#95));
#97= IFCPOLYLOOP((#55,#67,#68,#56));
#98= IFCFACEOUTERBOUND(#97,.T.);
#99= IFCFACE((#98));
#100= IFCPOLYLOOP((#56,#68,#69,#57));
#101= IFCFACEOUTERBOUND(#100,.T.);
#102= IFCFACE((#101));
#103= IFCPOLYLOOP((#57,#69,#70,#58));
#104= IFCFACEOUTERBOUND(#103,.T.);
#105= IFCFACE((#104));
#106= IFCPOLYLOOP((#58,#70,#71,#59));
#107= IFCFACEOUTERBOUND(#106,.T.);
#108= IFCFACE((#107));
#109= IFCPOLYLOOP((#59,#71,#72,#60));
#110= IFCFACEOUTERBOUND(#109,.T.);
#111= IFCFACE((#110));
#112= IFCPOLYLOOP((#60,#72,#61,#49));
#113= IFCFACEOUTERBOUND(#112,.T.);
#114= IFCFACE((#113));
#115= IFCCLOSEDSHELL((#75,#78,#81,#84,#87,#90,#93,#96,#99,#102,#105,#108,#111,#114));
#116= IFCCOLOURRGB($,0.,0.,0.);
#117= IFCSURFACESTYLERENDERING(#116,0.,$,$,$,$,IFCNORMALISEDRATIOMEASURE(0.00390625),IFCSPECULAREXPONENT(10.),.NOTDEFINED.);
#118= IFCSURFACESTYLE($,.POSITIVE.,(#117));
#119= IFCPRESENTATIONSTYLEASSIGNMENT((#118));
#120= IFCFACETEDBREP(#115);
#121= IFCSTYLEDITEM(#120,(#119),$);
#122= IFCCARTESIANTRANSFORMATIONOPERATOR3D($,$,#6,$,$);
#123= IFCSHAPEREPRESENTATION(#12,'Body','Brep',(#120));
#124= IFCREPRESENTATIONMAP(#10,#123);
#125= IFCMAPPEDITEM(#124,#122);
#126= IFCSHAPEREPRESENTATION(#12,'Body','MappedRepresentation',(#125));
#127= IFCPRODUCTDEFINITIONSHAPE($,$,(#126));
#128= IFCCARTESIANPOINT((57164.9943479943,6633.01374388433,16904.0001144149));
#129= IFCDIRECTION((0.999999997446663,7.14610001659821E-05,0.));
#130= IFCDIRECTION((7.14610001663094E-05,-0.999999997446663,0.));
#131= IFCAXIS2PLACEMENT3D(#128,#129,#130);
#132= IFCLOCALPLACEMENT(#42,#131);
#133= IFCMECHANICALFASTENER('2Qrhj2gS5ADBwyk4chT$NW',#44,'Bolt assembly',$,$,#132,#127,'ID9ad6bb42-a9c1-4a34-bebc-b849ab77f5e0',24.,1250.);
#134= IFCMECHANICALFASTENERTYPE('338GXGXhjAJA185ui4yOc1',#5,'Bolt assembly',$,$,$,$,$,$);
#135= IFCPROPERTYSINGLEVALUE('Washer count',$,IFCINTEGER(0),$);
#136= IFCPROPERTYSINGLEVALUE('Washer diameter',$,IFCLENGTHMEASURE(24.),$);
#137= IFCPROPERTYSINGLEVALUE('Washer type',$,IFCLABEL(''),$);
#138= IFCPROPERTYSINGLEVALUE('Washer name',$,IFCLABEL(''),$);
#139= IFCPROPERTYSINGLEVALUE('Nut count',$,IFCINTEGER(0),$);
#140= IFCPROPERTYSINGLEVALUE('Nut type',$,IFCLABEL(''),$);
#141= IFCPROPERTYSINGLEVALUE('Nut name',$,IFCLABEL(''),$);
#142= IFCPROPERTYSINGLEVALUE('Slotted hole y',$,IFCLENGTHMEASURE(0.),$);
#143= IFCPROPERTYSINGLEVALUE('Slotted hole x',$,IFCLENGTHMEASURE(0.),$);
#144= IFCPROPERTYSINGLEVALUE('Bolt hole diameter',$,IFCLENGTHMEASURE(26.),$);
#145= IFCPROPERTYSINGLEVALUE('Location',$,IFCLABEL('Site'),$);
#146= IFCPROPERTYSINGLEVALUE('Bolt count',$,IFCINTEGER(1),$);
#147= IFCPROPERTYSINGLEVALUE('Bolt size',$,IFCLENGTHMEASURE(26.),$);
#148= IFCPROPERTYSINGLEVALUE('Bolt length',$,IFCLENGTHMEASURE(1250.),$);
#149= IFCPROPERTYSINGLEVALUE('Bolt standard',$,IFCLABEL('TS10.9'),$);
#150= IFCPROPERTYSINGLEVALUE('Bolt Name',$,IFCLABEL(''),$);
#151= IFCPROPERTYSET('25Jsph$3rEPeJF2KIw2TWI',#5,'Tekla Bolt','Bolt Properties',(#135,#136,#137,#138,#139,#140,#141,#142,#143,#144,#145,#146,#147,#148,#149,#150));
#152= IFCMATERIAL('TS10.9');
#153= IFCMAPPEDITEM(#124,#122);
#154= IFCSHAPEREPRESENTATION(#12,'Body','MappedRepresentation',(#153));
#155= IFCPRODUCTDEFINITIONSHAPE($,$,(#154));
#156= IFCCARTESIANPOINT((57014.9943483779,6633.00302473411,16904.0001144149));
#157= IFCAXIS2PLACEMENT3D(#156,#129,#130);
#158= IFCLOCALPLACEMENT(#42,#157);
#159= IFCMECHANICALFASTENER('3QfeK6BHP39veT3sSvLj8q',#44,'Bolt assembly',$,$,#158,#155,'IDdaa68506-2d16-4327-9a1d-0f673956d234',24.,1250.);
#160= IFCOWNERHISTORY(#3,#4,$,.NOCHANGE.,$,$,$,1770840000);
#161= IFCSURFACESTYLE('EVENT',.POSITIVE.,(#46));
#162= IFCPRESENTATIONSTYLEASSIGNMENT((#161));
#163= IFCCARTESIANPOINT((7.5,-4.0000000024711,0.));
#164= IFCCARTESIANPOINT((6.49519052838316,-4.0000000024711,3.75000000000022));
#165= IFCCARTESIANPOINT((3.74999999999955,-4.0000000024711,6.49519052838355));
#166= IFCCARTESIANPOINT((-7.77251986200242E-13,-4.0000000024711,7.5));
#167= IFCCARTESIANPOINT((-3.7500000000009,-4.0000000024711,6.49519052838277));
#168= IFCCARTESIANPOINT((-6.49519052838394,-4.0000000024711,3.74999999999888));
#169= IFCCARTESIANPOINT((-7.5,-4.0000000024711,-1.55450397240048E-12));
#170= IFCCARTESIANPOINT((-6.49519052838238,-4.0000000024711,-3.75000000000157));
#171= IFCCARTESIANPOINT((-3.74999999999821,-4.0000000024711,-6.49519052838432));
#172= IFCCARTESIANPOINT((2.32342928591604E-12,-4.0000000024711,-7.5));
#173= IFCCARTESIANPOINT((3.75000000000224,-4.0000000024711,-6.495190528382));
#174= IFCCARTESIANPOINT((6.49519052838471,-4.0000000024711,-3.74999999999753));
#175= IFCCARTESIANPOINT((7.5,4.09999999777361,0.));
#176= IFCCARTESIANPOINT((6.49519052838316,4.09999999777361,3.75000000000022));
#177= IFCCARTESIANPOINT((3.74999999999955,4.09999999777361,6.49519052838355));
#178= IFCCARTESIANPOINT((-7.77251986200242E-13,4.09999999777361,7.5));
#179= IFCCARTESIANPOINT((-3.7500000000009,4.09999999777361,6.49519052838277));
#180= IFCCARTESIANPOINT((-6.49519052838394,4.09999999777361,3.74999999999888));
#181= IFCCARTESIANPOINT((-7.5,4.09999999777361,-1.55450397240048E-12));
#182= IFCCARTESIANPOINT((-6.49519052838238,4.09999999777361,-3.75000000000157));
#183= IFCCARTESIANPOINT((-3.74999999999821,4.09999999777361,-6.49519052838432));
#184= IFCCARTESIANPOINT((2.32342928591604E-12,4.09999999777361,-7.5));
#185= IFCCARTESIANPOINT((3.75000000000224,4.09999999777361,-6.495190528382));
#186= IFCCARTESIANPOINT((6.49519052838471,4.09999999777361,-3.74999999999753));
#187= IFCPOLYLOOP((#163,#164,#165,#166,#167,#168,#169,#170,#171,#172,#173,#174));
#188= IFCFACEOUTERBOUND(#187,.T.);
#189= IFCFACE((#188));
#190= IFCPOLYLOOP((#186,#185,#184,#183,#182,#181,#180,#179,#178,#177,#176,#175));
#191= IFCFACEOUTERBOUND(#190,.T.);
#192= IFCFACE((#191));
#193= IFCPOLYLOOP((#163,#175,#176,#164));
#194= IFCFACEOUTERBOUND(#193,.T.);
#195= IFCFACE((#194));
#196= IFCPOLYLOOP((#164,#176,#177,#165));
#197= IFCFACEOUTERBOUND(#196,.T.);
#198= IFCFACE((#197));
#199= IFCPOLYLOOP((#165,#177,#178,#166));
#200= IFCFACEOUTERBOUND(#199,.T.);
#201= IFCFACE((#200));
#202= IFCPOLYLOOP((#166,#178,#179,#167));
#203= IFCFACEOUTERBOUND(#202,.T.);
#204= IFCFACE((#203));
#205= IFCPOLYLOOP((#167,#179,#180,#168));
#206= IFCFACEOUTERBOUND(#205,.T.);
#207= IFCFACE((#206));
#208= IFCPOLYLOOP((#168,#180,#181,#169));
#209= IFCFACEOUTERBOUND(#208,.T.);
#210= IFCFACE((#209));
#211= IFCPOLYLOOP((#169,#181,#182,#170));
#212= IFCFACEOUTERBOUND(#211,.T.);
#213= IFCFACE((#212));
#214= IFCPOLYLOOP((#170,#182,#183,#171));
#215= IFCFACEOUTERBOUND(#214,.T.);
#216= IFCFACE((#215));
#217= IFCPOLYLOOP((#171,#183,#184,#172));
#218= IFCFACEOUTERBOUND(#217,.T.);
#219= IFCFACE((#218));
#220= IFCPOLYLOOP((#172,#184,#185,#173));
#221= IFCFACEOUTERBOUND(#220,.T.);
#222= IFCFACE((#221));
#223= IFCPOLYLOOP((#173,#185,#186,#174));
#224= IFCFACEOUTERBOUND(#223,.T.);
#225= IFCFACE((#224));
#226= IFCPOLYLOOP((#174,#186,#175,#163));
#227= IFCFACEOUTERBOUND(#226,.T.);
#228= IFCFACE((#227));
#229= IFCCLOSEDSHELL((#189,#192,#195,#198,#201,#204,#207,#210,#213,#216,#219,#222,#225,#228));
#230= IFCFACETEDBREP(#229);
#231= IFCSTYLEDITEM(#230,(#119),$);
#232= IFCSHAPEREPRESENTATION(#12,'Body','Brep',(#230));
#233= IFCREPRESENTATIONMAP(#10,#232);
#234= IFCMAPPEDITEM(#233,#122);
#235= IFCSHAPEREPRESENTATION(#12,'Body','MappedRepresentation',(#234));
#236= IFCPRODUCTDEFINITIONSHAPE($,$,(#235));
#237= IFCCARTESIANPOINT((57212.7218454771,6668.99550169526,16682.5007692248));
#238= IFCDIRECTION((0.509320893844517,5.75599999774567E-06,0.8605766828472));
#239= IFCDIRECTION((-0.860576682792239,-9.72599999873351E-06,0.509320893877044));
#240= IFCAXIS2PLACEMENT3D(#237,#238,#239);
#241= IFCLOCALPLACEMENT(#42,#240);
#242= IFCMECHANICALFASTENER('33apKnvZbCu8y6enRgn8W3',#160,'Bolt assembly',$,$,#241,#236,'IDc3933531-e639-4ce0-8f06-a316eac48803',15.,8.);
#243= IFCPROPERTYSINGLEVALUE('Washer diameter',$,IFCLENGTHMEASURE(15.),$);
#244= IFCPROPERTYSINGLEVALUE('Bolt hole diameter',$,IFCLENGTHMEASURE(15.),$);
#245= IFCPROPERTYSINGLEVALUE('Bolt size',$,IFCLENGTHMEASURE(15.),$);
#246= IFCPROPERTYSINGLEVALUE('Bolt length',$,IFCLENGTHMEASURE(8.),$);
#247= IFCPROPERTYSINGLEVALUE('Bolt standard',$,IFCLABEL('EVENT'),$);
#248= IFCPROPERTYSET('35MsmYo5D3kRZL_1vLDqPJ',#5,'Tekla Bolt','Bolt Properties',(#135,#243,#137,#138,#139,#140,#141,#142,#143,#244,#145,#146,#245,#246,#247,#150));
#249= IFCMATERIAL('EVENT');
#250= IFCMAPPEDITEM(#233,#122);
#251= IFCSHAPEREPRESENTATION(#12,'Body','MappedRepresentation',(#250));
#252= IFCPRODUCTDEFINITIONSHAPE($,$,(#251));
#253= IFCCARTESIANPOINT((57212.7218454771,6668.99550169513,16827.5007692248));
#254= IFCDIRECTION((-0.509320893844517,-5.75599999774567E-06,0.8605766828472));
#255= IFCDIRECTION((-0.860576682792239,-9.72599999873351E-06,-0.509320893877044));
#256= IFCAXIS2PLACEMENT3D(#253,#254,#255);
#257= IFCLOCALPLACEMENT(#42,#256);
#258= IFCMECHANICALFASTENER('3miPxwNRL7M9z3vL_G4o90',#160,'Bolt assembly',$,$,#257,#252,'IDf0b19efa-5db5-4758-9f43-e55f90132240',15.,8.);
#259= IFCMAPPEDITEM(#233,#122);
#260= IFCSHAPEREPRESENTATION(#12,'Body','MappedRepresentation',(#259));
#261= IFCPRODUCTDEFINITIONSHAPE($,$,(#260));
#262= IFCCARTESIANPOINT((56982.3419691595,6668.99289817208,16682.5007692248));
#263= IFCDIRECTION((0.509320893844518,5.75599999774568E-06,-0.8605766828472));
#264= IFCDIRECTION((0.860576682792239,9.7259999987052E-06,0.509320893877044));
#265= IFCAXIS2PLACEMENT3D(#262,#263,#264);
#266= IFCLOCALPLACEMENT(#42,#265);
#267= IFCMECHANICALFASTENER('0yBAD5Udz5kxRAa06xhyTe',#160,'Bolt assembly',$,$,#266,#261,'ID3c2ca345-7a7f-45bb-b6ca-9001bbafc768',15.,8.);
#268= IFCMAPPEDITEM(#233,#122);
#269= IFCSHAPEREPRESENTATION(#12,'Body','MappedRepresentation',(#268));
#270= IFCPRODUCTDEFINITIONSHAPE($,$,(#269));
#271= IFCCARTESIANPOINT((56982.3419691595,6668.99289817195,16827.5007692248));
#272= IFCDIRECTION((-0.509320893844518,-5.75599999774568E-06,-0.8605766828472));
#273= IFCDIRECTION((0.860576682792239,9.7259999987052E-06,-0.509320893877044));
#274= IFCAXIS2PLACEMENT3D(#271,#272,#273);
#275= IFCLOCALPLACEMENT(#42,#274);
#276= IFCMECHANICALFASTENER('1zJzpEm0T51uiqTATEBPd$',#160,'Bolt assembly',$,$,#275,#270,'ID7d4fdcce-c007-4507-8b34-74a74e2d99ff',15.,8.);
#277= IFCMAPPEDITEM(#233,#122);
#278= IFCSHAPEREPRESENTATION(#12,'Body','MappedRepresentation',(#277));
#279= IFCPRODUCTDEFINITIONSHAPE($,$,(#278));
#280= IFCCARTESIANPOINT((57212.7318454767,6477.02550169528,16682.5007692248));
#281= IFCAXIS2PLACEMENT3D(#280,#238,#239);
#282= IFCLOCALPLACEMENT(#42,#281);
#283= IFCMECHANICALFASTENER('09mO_CyYn6suAScy3pcn2n',#160,'Bolt assembly',$,$,#282,#279,'ID09c18f8c-f22c-46db-829c-9bc0f39b10b1',15.,8.);
#284= IFCMAPPEDITEM(#233,#122);
#285= IFCSHAPEREPRESENTATION(#12,'Body','MappedRepresentation',(#284));
#286= IFCPRODUCTDEFINITIONSHAPE($,$,(#285));
#287= IFCCARTESIANPOINT((57212.7318454767,6477.02550169515,16827.5007692248));
#288= IFCAXIS2PLACEMENT3D(#287,#254,#255);
#289= IFCLOCALPLACEMENT(#42,#288);
#290= IFCMECHANICALFASTENER('2raB3$JH97wx8goWqEi$5c',#160,'Bolt assembly',$,$,#289,#286,'IDb590b0ff-4d12-47eb-b22a-ca0d0eb3f166',15.,8.);
#291= IFCMAPPEDITEM(#233,#122);
#292= IFCSHAPEREPRESENTATION(#12,'Body','MappedRepresentation',(#291));
#293= IFCPRODUCTDEFINITIONSHAPE($,$,(#292));
#294= IFCCARTESIANPOINT((56982.3519691592,6477.02289817211,16682.5007692248));
#295= IFCAXIS2PLACEMENT3D(#294,#263,#264);
#296= IFCLOCALPLACEMENT(#42,#295);
#297= IFCMECHANICALFASTENER('244vvhTfnDmgDUOYdui7b8',#160,'Bolt assembly',$,$,#296,#293,'ID84139e6b-769c-4dc2-a35e-6229f8b07948',15.,8.);
#298= IFCMAPPEDITEM(#233,#122);
#299= IFCSHAPEREPRESENTATION(#12,'Body','MappedRepresentation',(#298));
#300= IFCPRODUCTDEFINITIONSHAPE($,$,(#299));
#301= IFCCARTESIANPOINT((56982.3519691592,6477.02289817198,16827.5007692248));
#302= IFCAXIS2PLACEMENT3D(#301,#272,#273);
#303= IFCLOCALPLACEMENT(#42,#302);
#304= IFCMECHANICALFASTENER('1FbO4D5FzDVgskLcHGj4$L',#160,'Bolt assembly',$,$,#303,#300,'ID4f95810d-14ff-4d7e-adae-566450b44fd5',15.,8.);
#305= IFCCARTESIANPOINT((7.5,-6.00000000007407,0.));
#306= IFCCARTESIANPOINT((6.49519052838316,-6.00000000007407,3.75000000000022));
#307= IFCCARTESIANPOINT((3.74999999999955,-6.00000000007407,6.49519052838355));
#308= IFCCARTESIANPOINT((-7.77251986200242E-13,-6.00000000007407,7.5));
#309= IFCCARTESIANPOINT((-3.7500000000009,-6.00000000007407,6.49519052838277));
#310= IFCCARTESIANPOINT((-6.49519052838394,-6.00000000007407,3.74999999999888));
#311= IFCCARTESIANPOINT((-7.5,-6.00000000007407,-1.55450397240048E-12));
#312= IFCCARTESIANPOINT((-6.49519052838238,-6.00000000007407,-3.75000000000157));
#313= IFCCARTESIANPOINT((-3.74999999999821,-6.00000000007407,-6.49519052838432));
#314= IFCCARTESIANPOINT((2.32342928591604E-12,-6.00000000007407,-7.5));
#315= IFCCARTESIANPOINT((3.75000000000224,-6.00000000007407,-6.495190528382));
#316= IFCCARTESIANPOINT((6.49519052838471,-6.00000000007407,-3.74999999999753));
#317= IFCCARTESIANPOINT((7.5,6.09999999978104,0.));
#318= IFCCARTESIANPOINT((6.49519052838316,6.09999999978104,3.75000000000022));
#319= IFCCARTESIANPOINT((3.74999999999955,6.09999999978104,6.49519052838355));
#320= IFCCARTESIANPOINT((-7.77251986200242E-13,6.09999999978104,7.5));
#321= IFCCARTESIANPOINT((-3.7500000000009,6.09999999978104,6.49519052838277));
#322= IFCCARTESIANPOINT((-6.49519052838394,6.09999999978104,3.74999999999888));
#323= IFCCARTESIANPOINT((-7.5,6.09999999978104,-1.55450397240048E-12));
#324= IFCCARTESIANPOINT((-6.49519052838238,6.09999999978104,-3.75000000000157));
#325= IFCCARTESIANPOINT((-3.74999999999821,6.09999999978104,-6.49519052838432));
#326= IFCCARTESIANPOINT((2.32342928591604E-12,6.09999999978104,-7.5));
#327= IFCCARTESIANPOINT((3.75000000000224,6.09999999978104,-6.495190528382));
#328= IFCCARTESIANPOINT((6.49519052838471,6.09999999978104,-3.74999999999753));
#329= IFCPOLYLOOP((#305,#306,#307,#308,#309,#310,#311,#312,#313,#314,#315,#316));
#330= IFCFACEOUTERBOUND(#329,.T.);
#331= IFCFACE((#330));
#332= IFCPOLYLOOP((#328,#327,#326,#325,#324,#323,#322,#321,#320,#319,#318,#317));
#333= IFCFACEOUTERBOUND(#332,.T.);
#334= IFCFACE((#333));
#335= IFCPOLYLOOP((#305,#317,#318,#306));
#336= IFCFACEOUTERBOUND(#335,.T.);
#337= IFCFACE((#336));
#338= IFCPOLYLOOP((#306,#318,#319,#307));
#339= IFCFACEOUTERBOUND(#338,.T.);
#340= IFCFACE((#339));
#341= IFCPOLYLOOP((#307,#319,#320,#308));
#342= IFCFACEOUTERBOUND(#341,.T.);
#343= IFCFACE((#342));
#344= IFCPOLYLOOP((#308,#320,#321,#309));
#345= IFCFACEOUTERBOUND(#344,.T.);
#346= IFCFACE((#345));
#347= IFCPOLYLOOP((#309,#321,#322,#310));
#348= IFCFACEOUTERBOUND(#347,.T.);
#349= IFCFACE((#348));
#350= IFCPOLYLOOP((#310,#322,#323,#311));
#351= IFCFACEOUTERBOUND(#350,.T.);
#352= IFCFACE((#351));
#353= IFCPOLYLOOP((#311,#323,#324,#312));
#354= IFCFACEOUTERBOUND(#353,.T.);
#355= IFCFACE((#354));
#356= IFCPOLYLOOP((#312,#324,#325,#313));
#357= IFCFACEOUTERBOUND(#356,.T.);
#358= IFCFACE((#357));
#359= IFCPOLYLOOP((#313,#325,#326,#314));
#360= IFCFACEOUTERBOUND(#359,.T.);
#361= IFCFACE((#360));
#362= IFCPOLYLOOP((#314,#326,#327,#315));
#363= IFCFACEOUTERBOUND(#362,.T.);
#364= IFCFACE((#363));
#365= IFCPOLYLOOP((#315,#327,#328,#316));
#366= IFCFACEOUTERBOUND(#365,.T.);
#367= IFCFACE((#366));
#368= IFCPOLYLOOP((#316,#328,#317,#305));
#369= IFCFACEOUTERBOUND(#368,.T.);
#370= IFCFACE((#369));
#371= IFCCLOSEDSHELL((#331,#334,#337,#340,#343,#346,#349,#352,#355,#358,#361,#364,#367,#370));
#372= IFCFACETEDBREP(#371);
#373= IFCSTYLEDITEM(#372,(#119),$);
#374= IFCSHAPEREPRESENTATION(#12,'Body','Brep',(#372));
#375= IFCREPRESENTATIONMAP(#10,#374);
#376= IFCMAPPEDITEM(#375,#122);
#377= IFCSHAPEREPRESENTATION(#12,'Body','MappedRepresentation',(#376));
#378= IFCPRODUCTDEFINITIONSHAPE($,$,(#377));
#379= IFCCARTESIANPOINT((57212.3416702364,2709.0033878097,16682.500769225));
#380= IFCDIRECTION((0.509320891962808,3.48419999972975E-05,0.860576683274794));
#381= IFCDIRECTION((-0.860576681261148,-5.8871000018639E-05,0.509320893154556));
#382= IFCAXIS2PLACEMENT3D(#379,#380,#381);
#383= IFCLOCALPLACEMENT(#42,#382);
#384= IFCMECHANICALFASTENER('3WNs1xkMz6X8geeB0ntxVc',#160,'Bolt assembly',$,$,#383,#378,'IDe05f607b-b96f-4684-8aa8-a0b031dfb7e6',15.,12.);
#385= IFCPROPERTYSINGLEVALUE('Bolt length',$,IFCLENGTHMEASURE(12.),$);
#386= IFCPROPERTYSET('1eG05rG918vvHzczjKxVrX',#5,'Tekla Bolt','Bolt Properties',(#135,#243,#137,#138,#139,#140,#141,#142,#143,#244,#145,#146,#245,#385,#247,#150));
#387= IFCMAPPEDITEM(#375,#122);
#388= IFCSHAPEREPRESENTATION(#12,'Body','MappedRepresentation',(#387));
#389= IFCPRODUCTDEFINITIONSHAPE($,$,(#388));
#390= IFCCARTESIANPOINT((57212.3416702364,2709.0033878097,16827.500769225));
#391= IFCDIRECTION((0.509320891962808,3.48419999972975E-05,-0.860576683274794));
#392= IFCDIRECTION((-0.860576681261148,-5.8871000018639E-05,-0.509320893154556));
#393= IFCAXIS2PLACEMENT3D(#390,#391,#392);
#394= IFCLOCALPLACEMENT(#42,#393);
#395= IFCMECHANICALFASTENER('1uQVToL4j7gBSIRM0Rt7hf',#160,'Bolt assembly',$,$,#394,#389,'ID7869f772-544b-47a8-b712-6d601bdc7ae9',15.,12.);
#396= IFCMAPPEDITEM(#375,#122);
#397= IFCSHAPEREPRESENTATION(#12,'Body','MappedRepresentation',(#396));
#398= IFCPRODUCTDEFINITIONSHAPE($,$,(#397));
#399= IFCCARTESIANPOINT((56967.3416702427,2708.9866276051,16827.500769225));
#400= IFCDIRECTION((0.860576681261146,5.88710000186039E-05,-0.509320893154559));
#401= IFCAXIS2PLACEMENT3D(#399,#380,#400);
#402= IFCLOCALPLACEMENT(#42,#401);
#403= IFCMECHANICALFASTENER('28vNg4J0vBlgWNqPwyxDsW',#160,'Bolt assembly',$,$,#402,#398,'ID88e57a84-4c0e-4bbe-a817-d19ebcecdda0',15.,12.);
#404= IFCMAPPEDITEM(#375,#122);
#405= IFCSHAPEREPRESENTATION(#12,'Body','MappedRepresentation',(#404));
#406= IFCPRODUCTDEFINITIONSHAPE($,$,(#405));
#407= IFCCARTESIANPOINT((56967.3416702427,2708.9866276051,16682.500769225));
#408= IFCDIRECTION((-0.509320891962808,-3.48419999972975E-05,0.860576683274794));
#409= IFCDIRECTION((0.860576681261146,5.88710000186039E-05,0.509320893154559));
#410= IFCAXIS2PLACEMENT3D(#407,#408,#409);
#411= IFCLOCALPLACEMENT(#42,#410);
#412= IFCMECHANICALFASTENER('2bl$6fVg57Bf4GGlYz$951',#160,'Bolt assembly',$,$,#411,#406,'IDa5bff1a9-7ea1-472e-9110-42f8bdfc9141',15.,12.);
#413= IFCOWNERHISTORY(#3,#4,$,.NOCHANGE.,$,$,$,1770796800);
#414= IFCCARTESIANPOINT((13.,-39.9054931631862,0.));
#415= IFCCARTESIANPOINT((11.2583302491975,-39.9054931631862,6.50000000000039));
#416= IFCCARTESIANPOINT((6.49999999999922,-39.9054931631862,11.2583302491982));
#417= IFCCARTESIANPOINT((-1.34723677608042E-12,-39.9054931631862,13.));
#418= IFCCARTESIANPOINT((-6.50000000000155,-39.9054931631862,11.2583302491968));
#419= IFCCARTESIANPOINT((-11.2583302491988,-39.9054931631862,6.49999999999806));
#420= IFCCARTESIANPOINT((-13.,-39.9054931631862,-2.69447355216084E-12));
#421= IFCCARTESIANPOINT((-11.2583302491961,-39.9054931631862,-6.50000000000272));
#422= IFCCARTESIANPOINT((-6.4999999999969,-39.9054931631862,-11.2583302491995));
#423= IFCCARTESIANPOINT((4.02727742892113E-12,-39.9054931631862,-13.));
#424= IFCCARTESIANPOINT((6.50000000000388,-39.9054931631862,-11.2583302491955));
#425= IFCCARTESIANPOINT((11.2583302492002,-39.9054931631862,-6.49999999999573));
#426= IFCCARTESIANPOINT((13.,-19.9054931631773,0.));
#427= IFCCARTESIANPOINT((11.2583302491975,-19.9054931631773,6.50000000000039));
#428= IFCCARTESIANPOINT((6.49999999999922,-19.9054931631773,11.2583302491982));
#429= IFCCARTESIANPOINT((-1.34723677608042E-12,-19.9054931631773,13.));
#430= IFCCARTESIANPOINT((-6.50000000000155,-19.9054931631773,11.2583302491968));
#431= IFCCARTESIANPOINT((-11.2583302491988,-19.9054931631773,6.49999999999806));
#432= IFCCARTESIANPOINT((-13.,-19.9054931631773,-2.69447355216084E-12));
#433= IFCCARTESIANPOINT((-11.2583302491961,-19.9054931631773,-6.50000000000272));
#434= IFCCARTESIANPOINT((-6.4999999999969,-19.9054931631773,-11.2583302491995));
#435= IFCCARTESIANPOINT((4.02727742892113E-12,-19.9054931631773,-13.));
#436= IFCCARTESIANPOINT((6.50000000000388,-19.9054931631773,-11.2583302491955));
#437= IFCCARTESIANPOINT((11.2583302492002,-19.9054931631773,-6.49999999999573));
#438= IFCPOLYLOOP((#414,#415,#416,#417,#418,#419,#420,#421,#422,#423,#424,#425));
#439= IFCFACEOUTERBOUND(#438,.T.);
#440= IFCFACE((#439));
#441= IFCPOLYLOOP((#437,#436,#435,#434,#433,#432,#431,#430,#429,#428,#427,#426));
#442= IFCFACEOUTERBOUND(#441,.T.);
#443= IFCFACE((#442));
#444= IFCPOLYLOOP((#414,#426,#427,#415));
#445= IFCFACEOUTERBOUND(#444,.T.);
#446= IFCFACE((#445));
#447= IFCPOLYLOOP((#415,#427,#428,#416));
#448= IFCFACEOUTERBOUND(#447,.T.);
#449= IFCFACE((#448));
#450= IFCPOLYLOOP((#416,#428,#429,#417));
#451= IFCFACEOUTERBOUND(#450,.T.);
#452= IFCFACE((#451));
#453= IFCPOLYLOOP((#417,#429,#430,#418));
#454= IFCFACEOUTERBOUND(#453,.T.);
#455= IFCFACE((#454));
#456= IFCPOLYLOOP((#418,#430,#431,#419));
#457= IFCFACEOUTERBOUND(#456,.T.);
#458= IFCFACE((#457));
#459= IFCPOLYLOOP((#419,#431,#432,#420));
#460= IFCFACEOUTERBOUND(#459,.T.);
#461= IFCFACE((#460));
#462= IFCPOLYLOOP((#420,#432,#433,#421));
#463= IFCFACEOUTERBOUND(#462,.T.);
#464= IFCFACE((#463));
#465= IFCPOLYLOOP((#421,#433,#434,#422));
#466= IFCFACEOUTERBOUND(#465,.T.);
#467= IFCFACE((#466));
#468= IFCPOLYLOOP((#422,#434,#435,#423));
#469= IFCFACEOUTERBOUND(#468,.T.);
#470= IFCFACE((#469));
#471= IFCPOLYLOOP((#423,#435,#436,#424));
#472= IFCFACEOUTERBOUND(#471,.T.);
#473= IFCFACE((#472));
#474= IFCPOLYLOOP((#424,#436,#437,#425));
#475= IFCFACEOUTERBOUND(#474,.T.);
#476= IFCFACE((#475));
#477= IFCPOLYLOOP((#425,#437,#426,#414));
#478= IFCFACEOUTERBOUND(#477,.T.);
#479= IFCFACE((#478));
#480= IFCCARTESIANPOINT((13.,-20.0999999991364,0.));
#481= IFCCARTESIANPOINT((11.2583302491975,-20.0999999991364,6.50000000000039));
#482= IFCCARTESIANPOINT((6.49999999999922,-20.0999999991364,11.2583302491982));
#483= IFCCARTESIANPOINT((-1.34723677608042E-12,-20.0999999991364,13.));
#484= IFCCARTESIANPOINT((-6.50000000000155,-20.0999999991364,11.2583302491968));
#485= IFCCARTESIANPOINT((-11.2583302491988,-20.0999999991364,6.49999999999806));
#486= IFCCARTESIANPOINT((-13.,-20.0999999991364,-2.69447355216084E-12));
#487= IFCCARTESIANPOINT((-11.2583302491961,-20.0999999991364,-6.50000000000272));
#488= IFCCARTESIANPOINT((-6.4999999999969,-20.0999999991364,-11.2583302491995));
#489= IFCCARTESIANPOINT((4.02727742892113E-12,-20.0999999991364,-13.));
#490= IFCCARTESIANPOINT((6.50000000000388,-20.0999999991364,-11.2583302491955));
#491= IFCCARTESIANPOINT((11.2583302492002,-20.0999999991364,-6.49999999999573));
#492= IFCCARTESIANPOINT((13.,8.72432792675681E-10,0.));
#493= IFCCARTESIANPOINT((11.2583302491975,8.72432792675681E-10,6.50000000000039));
#494= IFCCARTESIANPOINT((6.49999999999922,8.72432792675681E-10,11.2583302491982));
#495= IFCCARTESIANPOINT((-1.34723677608042E-12,8.72432792675681E-10,13.));
#496= IFCCARTESIANPOINT((-6.50000000000155,8.72432792675681E-10,11.2583302491968));
#497= IFCCARTESIANPOINT((-11.2583302491988,8.72432792675681E-10,6.49999999999806));
#498= IFCCARTESIANPOINT((-13.,8.72432792675681E-10,-2.69447355216084E-12));
#499= IFCCARTESIANPOINT((-11.2583302491961,8.72432792675681E-10,-6.50000000000272));
#500= IFCCARTESIANPOINT((-6.4999999999969,8.72432792675681E-10,-11.2583302491995));
#501= IFCCARTESIANPOINT((4.02727742892113E-12,8.72432792675681E-10,-13.));
#502= IFCCARTESIANPOINT((6.50000000000388,8.72432792675681E-10,-11.2583302491955));
#503= IFCCARTESIANPOINT((11.2583302492002,8.72432792675681E-10,-6.49999999999573));
#504= IFCPOLYLOOP((#480,#481,#482,#483,#484,#485,#486,#487,#488,#489,#490,#491));
#505= IFCFACEOUTERBOUND(#504,.T.);
#506= IFCFACE((#505));
#507= IFCPOLYLOOP((#503,#502,#501,#500,#499,#498,#497,#496,#495,#494,#493,#492));
#508= IFCFACEOUTERBOUND(#507,.T.);
#509= IFCFACE((#508));
#510= IFCPOLYLOOP((#480,#492,#493,#481));
#511= IFCFACEOUTERBOUND(#510,.T.);
#512= IFCFACE((#511));
#513= IFCPOLYLOOP((#481,#493,#494,#482));
#514= IFCFACEOUTERBOUND(#513,.T.);
#515= IFCFACE((#514));
#516= IFCPOLYLOOP((#482,#494,#495,#483));
#517= IFCFACEOUTERBOUND(#516,.T.);
#518= IFCFACE((#517));
#519= IFCPOLYLOOP((#483,#495,#496,#484));
#520= IFCFACEOUTERBOUND(#519,.T.);
#521= IFCFACE((#520));
#522= IFCPOLYLOOP((#484,#496,#497,#485));
#523= IFCFACEOUTERBOUND(#522,.T.);
#524= IFCFACE((#523));
#525= IFCPOLYLOOP((#485,#497,#498,#486));
#526= IFCFACEOUTERBOUND(#525,.T.);
#527= IFCFACE((#526));
#528= IFCPOLYLOOP((#486,#498,#499,#487));
#529= IFCFACEOUTERBOUND(#528,.T.);
#530= IFCFACE((#529));
#531= IFCPOLYLOOP((#487,#499,#500,#488));
#532= IFCFACEOUTERBOUND(#531,.T.);
#533= IFCFACE((#532));
#534= IFCPOLYLOOP((#488,#500,#501,#489));
#535= IFCFACEOUTERBOUND(#534,.T.);
#536= IFCFACE((#535));
#537= IFCPOLYLOOP((#489,#501,#502,#490));
#538= IFCFACEOUTERBOUND(#537,.T.);
#539= IFCFACE((#538));
#540= IFCPOLYLOOP((#490,#502,#503,#491));
#541= IFCFACEOUTERBOUND(#540,.T.);
#542= IFCFACE((#541));
#543= IFCPOLYLOOP((#491,#503,#492,#480));
#544= IFCFACEOUTERBOUND(#543,.T.);
#545= IFCFACE((#544));
#546= IFCCARTESIANPOINT((20.7846096908265,-63.7654931631862,0.));
#547= IFCCARTESIANPOINT((10.3923048454133,-63.7654931631862,18.));
#548= IFCCARTESIANPOINT((-10.3923048454133,-63.7654931631862,18.));
#549= IFCCARTESIANPOINT((-20.7846096908265,-63.7654931631862,2.54538057293978E-15));
#550= IFCCARTESIANPOINT((-10.3923048454133,-63.7654931631862,-18.));
#551= IFCCARTESIANPOINT((10.3923048454132,-63.7654931631862,-18.));
#552= IFCCARTESIANPOINT((20.7846096908265,-47.9254931631861,0.));
#553= IFCCARTESIANPOINT((10.3923048454133,-47.9254931631861,18.));
#554= IFCCARTESIANPOINT((-10.3923048454133,-47.9254931631861,18.));
#555= IFCCARTESIANPOINT((-20.7846096908265,-47.9254931631861,2.54538057293978E-15));
#556= IFCCARTESIANPOINT((-10.3923048454133,-47.9254931631861,-18.));
#557= IFCCARTESIANPOINT((10.3923048454132,-47.9254931631861,-18.));
#558= IFCPOLYLOOP((#546,#547,#548,#549,#550,#551));
#559= IFCFACEOUTERBOUND(#558,.T.);
#560= IFCFACE((#559));
#561= IFCPOLYLOOP((#557,#556,#555,#554,#553,#552));
#562= IFCFACEOUTERBOUND(#561,.T.);
#563= IFCFACE((#562));
#564= IFCPOLYLOOP((#546,#552,#553,#547));
#565= IFCFACEOUTERBOUND(#564,.T.);
#566= IFCFACE((#565));
#567= IFCPOLYLOOP((#547,#553,#554,#548));
#568= IFCFACEOUTERBOUND(#567,.T.);
#569= IFCFACE((#568));
#570= IFCPOLYLOOP((#548,#554,#555,#549));
#571= IFCFACEOUTERBOUND(#570,.T.);
#572= IFCFACE((#571));
#573= IFCPOLYLOOP((#549,#555,#556,#550));
#574= IFCFACEOUTERBOUND(#573,.T.);
#575= IFCFACE((#574));
#576= IFCPOLYLOOP((#550,#556,#557,#551));
#577= IFCFACEOUTERBOUND(#576,.T.);
#578= IFCFACE((#577));
#579= IFCPOLYLOOP((#551,#557,#552,#546));
#580= IFCFACEOUTERBOUND(#579,.T.);
#581= IFCFACE((#580));
#582= IFCCARTESIANPOINT((12.,-47.9254931631862,0.));
#583= IFCCARTESIANPOINT((10.3923048454131,-47.9254931631862,6.00000000000036));
#584= IFCCARTESIANPOINT((5.99999999999928,-47.9254931631862,10.3923048454137));
#585= IFCCARTESIANPOINT((-1.24360317792039E-12,-47.9254931631862,12.));
#586= IFCCARTESIANPOINT((-6.00000000000143,-47.9254931631862,10.3923048454124));
#587= IFCCARTESIANPOINT((-10.3923048454143,-47.9254931631862,5.99999999999821));
#588= IFCCARTESIANPOINT((-12.,-47.9254931631862,-2.48720635584077E-12));
#589= IFCCARTESIANPOINT((-10.3923048454118,-47.9254931631862,-6.00000000000251));
#590= IFCCARTESIANPOINT((-5.99999999999713,-47.9254931631862,-10.3923048454149));
#591= IFCCARTESIANPOINT((3.71748685746566E-12,-47.9254931631862,-12.));
#592= IFCCARTESIANPOINT((6.00000000000358,-47.9254931631862,-10.3923048454112));
#593= IFCCARTESIANPOINT((10.3923048454155,-47.9254931631862,-5.99999999999605));
#594= IFCCARTESIANPOINT((12.,37.0745068368138,0.));
#595= IFCCARTESIANPOINT((10.3923048454131,37.0745068368138,6.00000000000036));
#596= IFCCARTESIANPOINT((5.99999999999928,37.0745068368138,10.3923048454137));
#597= IFCCARTESIANPOINT((-1.24360317792039E-12,37.0745068368138,12.));
#598= IFCCARTESIANPOINT((-6.00000000000143,37.0745068368138,10.3923048454124));
#599= IFCCARTESIANPOINT((-10.3923048454143,37.0745068368138,5.99999999999821));
#600= IFCCARTESIANPOINT((-12.,37.0745068368138,-2.48720635584077E-12));
#601= IFCCARTESIANPOINT((-10.3923048454118,37.0745068368138,-6.00000000000251));
#602= IFCCARTESIANPOINT((-5.99999999999713,37.0745068368138,-10.3923048454149));
#603= IFCCARTESIANPOINT((3.71748685746566E-12,37.0745068368138,-12.));
#604= IFCCARTESIANPOINT((6.00000000000358,37.0745068368138,-10.3923048454112));
#605= IFCCARTESIANPOINT((10.3923048454155,37.0745068368138,-5.99999999999605));
#606= IFCPOLYLOOP((#582,#583,#584,#585,#586,#587,#588,#589,#590,#591,#592,#593));
#607= IFCFACEOUTERBOUND(#606,.T.);
#608= IFCFACE((#607));
#609= IFCPOLYLOOP((#605,#604,#603,#602,#601,#600,#599,#598,#597,#596,#595,#594));
#610= IFCFACEOUTERBOUND(#609,.T.);
#611= IFCFACE((#610));
#612= IFCPOLYLOOP((#582,#594,#595,#583));
#613= IFCFACEOUTERBOUND(#612,.T.);
#614= IFCFACE((#613));
#615= IFCPOLYLOOP((#583,#595,#596,#584));
#616= IFCFACEOUTERBOUND(#615,.T.);
#617= IFCFACE((#616));
#618= IFCPOLYLOOP((#584,#596,#597,#585));
#619= IFCFACEOUTERBOUND(#618,.T.);
#620= IFCFACE((#619));
#621= IFCPOLYLOOP((#585,#597,#598,#586));
#622= IFCFACEOUTERBOUND(#621,.T.);
#623= IFCFACE((#622));
#624= IFCPOLYLOOP((#586,#598,#599,#587));
#625= IFCFACEOUTERBOUND(#624,.T.);
#626= IFCFACE((#625));
#627= IFCPOLYLOOP((#587,#599,#600,#588));
#628= IFCFACEOUTERBOUND(#627,.T.);
#629= IFCFACE((#628));
#630= IFCPOLYLOOP((#588,#600,#601,#589));
#631= IFCFACEOUTERBOUND(#630,.T.);
#632= IFCFACE((#631));
#633= IFCPOLYLOOP((#589,#601,#602,#590));
#634= IFCFACEOUTERBOUND(#633,.T.);
#635= IFCFACE((#634));
#636= IFCPOLYLOOP((#590,#602,#603,#591));
#637= IFCFACEOUTERBOUND(#636,.T.);
#638= IFCFACE((#637));
#639= IFCPOLYLOOP((#591,#603,#604,#592));
#640= IFCFACEOUTERBOUND(#639,.T.);
#641= IFCFACE((#640));
#642= IFCPOLYLOOP((#592,#604,#605,#593));
#643= IFCFACEOUTERBOUND(#642,.T.);
#644= IFCFACE((#643));
#645= IFCPOLYLOOP((#593,#605,#594,#582));
#646= IFCFACEOUTERBOUND(#645,.T.);
#647= IFCFACE((#646));
#648= IFCCARTESIANPOINT((21.6,-47.9254931631861,0.));
#649= IFCCARTESIANPOINT((18.7061487217435,-47.9254931631861,10.8000000000006));
#650= IFCCARTESIANPOINT((10.7999999999987,-47.9254931631861,18.7061487217446));
#651= IFCCARTESIANPOINT((-2.2384857202567E-12,-47.9254931631861,21.6));
#652= IFCCARTESIANPOINT((-10.8000000000026,-47.9254931631861,18.7061487217424));
#653= IFCCARTESIANPOINT((-18.7061487217457,-47.9254931631861,10.7999999999968));
#654= IFCCARTESIANPOINT((-21.6,-47.9254931631861,-4.47697144051339E-12));
#655= IFCCARTESIANPOINT((-18.7061487217413,-47.9254931631861,-10.8000000000045));
#656= IFCCARTESIANPOINT((-10.7999999999948,-47.9254931631861,-18.7061487217469));
#657= IFCCARTESIANPOINT((6.69147634343819E-12,-47.9254931631861,-21.6));
#658= IFCCARTESIANPOINT((10.8000000000064,-47.9254931631861,-18.7061487217402));
#659= IFCCARTESIANPOINT((18.706148721748,-47.9254931631861,-10.7999999999929));
#660= IFCCARTESIANPOINT((21.6,-40.0054931631861,0.));
#661= IFCCARTESIANPOINT((18.7061487217435,-40.0054931631861,10.8000000000006));
#662= IFCCARTESIANPOINT((10.7999999999987,-40.0054931631861,18.7061487217446));
#663= IFCCARTESIANPOINT((-2.2384857202567E-12,-40.0054931631861,21.6));
#664= IFCCARTESIANPOINT((-10.8000000000026,-40.0054931631861,18.7061487217424));
#665= IFCCARTESIANPOINT((-18.7061487217457,-40.0054931631861,10.7999999999968));
#666= IFCCARTESIANPOINT((-21.6,-40.0054931631861,-4.47697144051339E-12));
#667= IFCCARTESIANPOINT((-18.7061487217413,-40.0054931631861,-10.8000000000045));
#668= IFCCARTESIANPOINT((-10.7999999999948,-40.0054931631861,-18.7061487217469));
#669= IFCCARTESIANPOINT((6.69147634343819E-12,-40.0054931631861,-21.6));
#670= IFCCARTESIANPOINT((10.8000000000064,-40.0054931631861,-18.7061487217402));
#671= IFCCARTESIANPOINT((18.706148721748,-40.0054931631861,-10.7999999999929));
#672= IFCPOLYLOOP((#648,#649,#650,#651,#652,#653,#654,#655,#656,#657,#658,#659));
#673= IFCFACEOUTERBOUND(#672,.T.);
#674= IFCFACE((#673));
#675= IFCPOLYLOOP((#671,#670,#669,#668,#667,#666,#665,#664,#663,#662,#661,#660));
#676= IFCFACEOUTERBOUND(#675,.T.);
#677= IFCFACE((#676));
#678= IFCPOLYLOOP((#648,#660,#661,#649));
#679= IFCFACEOUTERBOUND(#678,.T.);
#680= IFCFACE((#679));
#681= IFCPOLYLOOP((#649,#661,#662,#650));
#682= IFCFACEOUTERBOUND(#681,.T.);
#683= IFCFACE((#682));
#684= IFCPOLYLOOP((#650,#662,#663,#651));
#685= IFCFACEOUTERBOUND(#684,.T.);
#686= IFCFACE((#685));
#687= IFCPOLYLOOP((#651,#663,#664,#652));
#688= IFCFACEOUTERBOUND(#687,.T.);
#689= IFCFACE((#688));
#690= IFCPOLYLOOP((#652,#664,#665,#653));
#691= IFCFACEOUTERBOUND(#690,.T.);
#692= IFCFACE((#691));
#693= IFCPOLYLOOP((#653,#665,#666,#654));
#694= IFCFACEOUTERBOUND(#693,.T.);
#695= IFCFACE((#694));
#696= IFCPOLYLOOP((#654,#666,#667,#655));
#697= IFCFACEOUTERBOUND(#696,.T.);
#698= IFCFACE((#697));
#699= IFCPOLYLOOP((#655,#667,#668,#656));
#700= IFCFACEOUTERBOUND(#699,.T.);
#701= IFCFACE((#700));
#702= IFCPOLYLOOP((#656,#668,#669,#657));
#703= IFCFACEOUTERBOUND(#702,.T.);
#704= IFCFACE((#703));
#705= IFCPOLYLOOP((#657,#669,#670,#658));
#706= IFCFACEOUTERBOUND(#705,.T.);
#707= IFCFACE((#706));
#708= IFCPOLYLOOP((#658,#670,#671,#659));
#709= IFCFACEOUTERBOUND(#708,.T.);
#710= IFCFACE((#709));
#711= IFCPOLYLOOP((#659,#671,#660,#648));
#712= IFCFACEOUTERBOUND(#711,.T.);
#713= IFCFACE((#712));
#714= IFCCARTESIANPOINT((21.6,8.72432792675681E-10,0.));
#715= IFCCARTESIANPOINT((18.7061487217435,8.72432792675681E-10,10.8000000000006));
#716= IFCCARTESIANPOINT((10.7999999999987,8.72432792675681E-10,18.7061487217446));
#717= IFCCARTESIANPOINT((-2.2384857202567E-12,8.72432792675681E-10,21.6));
#718= IFCCARTESIANPOINT((-10.8000000000026,8.72432792675681E-10,18.7061487217424));
#719= IFCCARTESIANPOINT((-18.7061487217457,8.72432792675681E-10,10.7999999999968));
#720= IFCCARTESIANPOINT((-21.6,8.72432792675681E-10,-4.47697144051339E-12));
#721= IFCCARTESIANPOINT((-18.7061487217413,8.72432792675681E-10,-10.8000000000045));
#722= IFCCARTESIANPOINT((-10.7999999999948,8.72432792675681E-10,-18.7061487217469));
#723= IFCCARTESIANPOINT((6.69147634343819E-12,8.72432792675681E-10,-21.6));
#724= IFCCARTESIANPOINT((10.8000000000064,8.72432792675681E-10,-18.7061487217402));
#725= IFCCARTESIANPOINT((18.706148721748,8.72432792675681E-10,-10.7999999999929));
#726= IFCCARTESIANPOINT((21.6,7.92000000087243,0.));
#727= IFCCARTESIANPOINT((18.7061487217435,7.92000000087243,10.8000000000006));
#728= IFCCARTESIANPOINT((10.7999999999987,7.92000000087243,18.7061487217446));
#729= IFCCARTESIANPOINT((-2.2384857202567E-12,7.92000000087243,21.6));
#730= IFCCARTESIANPOINT((-10.8000000000026,7.92000000087243,18.7061487217424));
#731= IFCCARTESIANPOINT((-18.7061487217457,7.92000000087243,10.7999999999968));
#732= IFCCARTESIANPOINT((-21.6,7.92000000087243,-4.47697144051339E-12));
#733= IFCCARTESIANPOINT((-18.7061487217413,7.92000000087243,-10.8000000000045));
#734= IFCCARTESIANPOINT((-10.7999999999948,7.92000000087243,-18.7061487217469));
#735= IFCCARTESIANPOINT((6.69147634343819E-12,7.92000000087243,-21.6));
#736= IFCCARTESIANPOINT((10.8000000000064,7.92000000087243,-18.7061487217402));
#737= IFCCARTESIANPOINT((18.706148721748,7.92000000087243,-10.7999999999929));
#738= IFCPOLYLOOP((#714,#715,#716,#717,#718,#719,#720,#721,#722,#723,#724,#725));
#739= IFCFACEOUTERBOUND(#738,.T.);
#740= IFCFACE((#739));
#741= IFCPOLYLOOP((#737,#736,#735,#734,#733,#732,#731,#730,#729,#728,#727,#726));
#742= IFCFACEOUTERBOUND(#741,.T.);
#743= IFCFACE((#742));
#744= IFCPOLYLOOP((#714,#726,#727,#715));
#745= IFCFACEOUTERBOUND(#744,.T.);
#746= IFCFACE((#745));
#747= IFCPOLYLOOP((#715,#727,#728,#716));
#748= IFCFACEOUTERBOUND(#747,.T.);
#749= IFCFACE((#748));
#750= IFCPOLYLOOP((#716,#728,#729,#717));
#751= IFCFACEOUTERBOUND(#750,.T.);
#752= IFCFACE((#751));
#753= IFCPOLYLOOP((#717,#729,#730,#718));
#754= IFCFACEOUTERBOUND(#753,.T.);
#755= IFCFACE((#754));
#756= IFCPOLYLOOP((#718,#730,#731,#719));
#757= IFCFACEOUTERBOUND(#756,.T.);
#758= IFCFACE((#757));
#759= IFCPOLYLOOP((#719,#731,#732,#720));
#760= IFCFACEOUTERBOUND(#759,.T.);
#761= IFCFACE((#760));
#762= IFCPOLYLOOP((#720,#732,#733,#721));
#763= IFCFACEOUTERBOUND(#762,.T.);
#764= IFCFACE((#763));
#765= IFCPOLYLOOP((#721,#733,#734,#722));
#766= IFCFACEOUTERBOUND(#765,.T.);
#767= IFCFACE((#766));
#768= IFCPOLYLOOP((#722,#734,#735,#723));
#769= IFCFACEOUTERBOUND(#768,.T.);
#770= IFCFACE((#769));
#771= IFCPOLYLOOP((#723,#735,#736,#724));
#772= IFCFACEOUTERBOUND(#771,.T.);
#773= IFCFACE((#772));
#774= IFCPOLYLOOP((#724,#736,#737,#725));
#775= IFCFACEOUTERBOUND(#774,.T.);
#776= IFCFACE((#775));
#777= IFCPOLYLOOP((#725,#737,#726,#714));
#778= IFCFACEOUTERBOUND(#777,.T.);
#779= IFCFACE((#778));
#780= IFCCARTESIANPOINT((23.0016347245147,7.92000000087243,0.));
#781= IFCCARTESIANPOINT((11.5008173622573,7.92000000087243,19.92));
#782= IFCCARTESIANPOINT((-11.5008173622573,7.92000000087243,19.92));
#783= IFCCARTESIANPOINT((-23.0016347245147,7.92000000087243,2.81688783405335E-15));
#784= IFCCARTESIANPOINT((-11.5008173622574,7.92000000087243,-19.92));
#785= IFCCARTESIANPOINT((11.5008173622573,7.92000000087243,-19.92));
#786= IFCCARTESIANPOINT((23.0016347245147,23.7600000008724,0.));
#787= IFCCARTESIANPOINT((11.5008173622573,23.7600000008724,19.92));
#788= IFCCARTESIANPOINT((-11.5008173622573,23.7600000008724,19.92));
#789= IFCCARTESIANPOINT((-23.0016347245147,23.7600000008724,2.81688783405335E-15));
#790= IFCCARTESIANPOINT((-11.5008173622574,23.7600000008724,-19.92));
#791= IFCCARTESIANPOINT((11.5008173622573,23.7600000008724,-19.92));
#792= IFCPOLYLOOP((#780,#781,#782,#783,#784,#785));
#793= IFCFACEOUTERBOUND(#792,.T.);
#794= IFCFACE((#793));
#795= IFCPOLYLOOP((#791,#790,#789,#788,#787,#786));
#796= IFCFACEOUTERBOUND(#795,.T.);
#797= IFCFACE((#796));
#798= IFCPOLYLOOP((#780,#786,#787,#781));
#799= IFCFACEOUTERBOUND(#798,.T.);
#800= IFCFACE((#799));
#801= IFCPOLYLOOP((#781,#787,#788,#782));
#802= IFCFACEOUTERBOUND(#801,.T.);
#803= IFCFACE((#802));
#804= IFCPOLYLOOP((#782,#788,#789,#783));
#805= IFCFACEOUTERBOUND(#804,.T.);
#806= IFCFACE((#805));
#807= IFCPOLYLOOP((#783,#789,#790,#784));
#808= IFCFACEOUTERBOUND(#807,.T.);
#809= IFCFACE((#808));
#810= IFCPOLYLOOP((#784,#790,#791,#785));
#811= IFCFACEOUTERBOUND(#810,.T.);
#812= IFCFACE((#811));
#813= IFCPOLYLOOP((#785,#791,#786,#780));
#814= IFCFACEOUTERBOUND(#813,.T.);
#815= IFCFACE((#814));
#816= IFCCLOSEDSHELL((#560,#563,#566,#569,#572,#575,#578,#581,#608,#611,#614,#617,#620,#623,#626,#629,#632,#635,#638,#641,#644,#647,#674,#677,#680,#683,#686,#689,#692,#695,#698,#701,#704,#707,#710,#713,#740,#743,#746,#749,#752,#755,#758,#761,#764,#767,#770,#773,#776,#779,#794,#797,#800,#803,#806,#809,#812,#815));
#817= IFCFACETEDBREP(#816);
#818= IFCSTYLEDITEM(#817,(#48),$);
#819= IFCCLOSEDSHELL((#440,#443,#446,#449,#452,#455,#458,#461,#464,#467,#470,#473,#476,#479,#506,#509,#512,#515,#518,#521,#524,#527,#530,#533,#536,#539,#542,#545));
#820= IFCFACETEDBREP(#819);
#821= IFCSTYLEDITEM(#820,(#119),$);
#822= IFCSHAPEREPRESENTATION(#12,'Body','Brep',(#817,#820));
#823= IFCREPRESENTATIONMAP(#10,#822);
#824= IFCMAPPEDITEM(#823,#122);
#825= IFCSHAPEREPRESENTATION(#12,'Body','MappedRepresentation',(#824));
#826= IFCPRODUCTDEFINITIONSHAPE($,$,(#825));
#827= IFCCARTESIANPOINT((57209.8505918046,2532.99772382117,16580.000769225));
#828= IFCDIRECTION((-0.999999997660104,-6.84089999767822E-05,0.));
#829= IFCDIRECTION((0.,0.,-1.));
#830= IFCAXIS2PLACEMENT3D(#827,#828,#829);
#831= IFCLOCALPLACEMENT(#42,#830);
#832= IFCMECHANICALFASTENER('2evPsqYrP8FhaGKS$Cjl68',#413,'Bolt assembly',$,$,#831,#826,'IDa8e59db4-8b56-483e-b910-51cfccb6f188',24.,85.);
#833= IFCPROPERTYSINGLEVALUE('Washer count',$,IFCINTEGER(2),$);
#834= IFCPROPERTYSINGLEVALUE('Nut count',$,IFCINTEGER(1),$);
#835= IFCPROPERTYSINGLEVALUE('Bolt size',$,IFCLENGTHMEASURE(24.),$);
#836= IFCPROPERTYSINGLEVALUE('Bolt length',$,IFCLENGTHMEASURE(85.),$);
#837= IFCPROPERTYSET('0SI_zViDLDYv0e3Riwffuw',#5,'Tekla Bolt','Bolt Properties',(#833,#136,#137,#138,#834,#140,#141,#142,#143,#144,#145,#146,#835,#836,#149,#150));
#838= IFCMAPPEDITEM(#823,#122);
#839= IFCSHAPEREPRESENTATION(#12,'Body','MappedRepresentation',(#838));
#840= IFCPRODUCTDEFINITIONSHAPE($,$,(#839));
#841= IFCCARTESIANPOINT((57089.8505920858,2532.98951474073,16580.000769225));
#842= IFCAXIS2PLACEMENT3D(#841,#828,#829);
#843= IFCLOCALPLACEMENT(#42,#842);
#844= IFCMECHANICALFASTENER('0EwtzKEiD5je0lv3H877yb',#413,'Bolt assembly',$,$,#843,#840,'ID0eeb7f54-3ac3-45b6-802f-e434481c7f25',24.,85.);
#845= IFCMAPPEDITEM(#823,#122);
#846= IFCSHAPEREPRESENTATION(#12,'Body','MappedRepresentation',(#845));
#847= IFCPRODUCTDEFINITIONSHAPE($,$,(#846));
#848= IFCCARTESIANPOINT((56969.8505923669,2532.98130566028,16580.000769225));
#849= IFCAXIS2PLACEMENT3D(#848,#828,#829);
#850= IFCLOCALPLACEMENT(#42,#849);
#851= IFCMECHANICALFASTENER('1N9VNkfsjAKAqUGUShczXG',#413,'Bolt assembly',$,$,#850,#847,'ID5725f5ee-a76b-4a50-ad1e-41e72b9bd850',24.,85.);
#852= IFCMAPPEDITEM(#823,#122);
#853= IFCSHAPEREPRESENTATION(#12,'Body','MappedRepresentation',(#852));
#854= IFCPRODUCTDEFINITIONSHAPE($,$,(#853));
#855= IFCCARTESIANPOINT((57209.8505918046,2532.99772382117,16700.000769225));
#856= IFCAXIS2PLACEMENT3D(#855,#828,#829);
#857= IFCLOCALPLACEMENT(#42,#856);
#858= IFCMECHANICALFASTENER('10bf0MTsLCzvB4te65kfuN',#413,'Bolt assembly',$,$,#857,#854,'ID40969016-7765-4cf7-92c4-de8185ba9e17',24.,85.);
#859= IFCMAPPEDITEM(#823,#122);
#860= IFCSHAPEREPRESENTATION(#12,'Body','MappedRepresentation',(#859));
#861= IFCPRODUCTDEFINITIONSHAPE($,$,(#860));
#862= IFCCARTESIANPOINT((56969.8505923669,2532.98130566028,16700.000769225));
#863= IFCAXIS2PLACEMENT3D(#862,#828,#829);
#864= IFCLOCALPLACEMENT(#42,#863);
#865= IFCMECHANICALFASTENER('2wgxjv4APCwuYERoIc5sP9',#413,'Bolt assembly',$,$,#864,#861,'IDbaabbb79-10a6-4ceb-888e-6f24a6176649',24.,85.);
#866= IFCMAPPEDITEM(#823,#122);
#867= IFCSHAPEREPRESENTATION(#12,'Body','MappedRepresentation',(#866));
#868= IFCPRODUCTDEFINITIONSHAPE($,$,(#867));
#869= IFCCARTESIANPOINT((57209.8505918046,2532.99772382117,16815.000769225));
#870= IFCAXIS2PLACEMENT3D(#869,#828,#829);
#871= IFCLOCALPLACEMENT(#42,#870);
#872= IFCMECHANICALFASTENER('3Xnm3s_ubAG9kMuHC674ak',#413,'Bolt assembly',$,$,#871,#868,'IDe1c700f6-fb89-4a40-9b96-e113061c492e',24.,85.);
#873= IFCMAPPEDITEM(#823,#122);
#874= IFCSHAPEREPRESENTATION(#12,'Body','MappedRepresentation',(#873));
#875= IFCPRODUCTDEFINITIONSHAPE($,$,(#874));
#876= IFCCARTESIANPOINT((56969.8505923669,2532.98130566028,16815.000769225));
#877= IFCAXIS2PLACEMENT3D(#876,#828,#829);
#878= IFCLOCALPLACEMENT(#42,#877);
#879= IFCMECHANICALFASTENER('3HX6C$tkv1$PRdIf1mXzZr',#413,'Bolt assembly',$,$,#878,#875,'IDd184633f-deee-41fd-96e7-4a907087d8f5',24.,85.);
#880= IFCMAPPEDITEM(#823,#122);
#881= IFCSHAPEREPRESENTATION(#12,'Body','MappedRepresentation',(#880));
#882= IFCPRODUCTDEFINITIONSHAPE($,$,(#881));
#883= IFCCARTESIANPOINT((57209.8505918046,2532.99772382117,16930.000769225));
#884= IFCAXIS2PLACEMENT3D(#883,#828,#829);
#885= IFCLOCALPLACEMENT(#42,#884);
#886= IFCMECHANICALFASTENER('1I0HUSlPr7tQEqeM$uj8Vc',#413,'Bolt assembly',$,$,#885,#882,'ID5201179c-bd9d-47dd-a3b4-a16ff8b487e6',24.,85.);
#887= IFCMAPPEDITEM(#823,#122);
#888= IFCSHAPEREPRESENTATION(#12,'Body','MappedRepresentation',(#887));
#889= IFCPRODUCTDEFINITIONSHAPE($,$,(#888));
#890= IFCCARTESIANPOINT((57089.8505920858,2532.98951474073,16930.000769225));
#891= IFCAXIS2PLACEMENT3D(#890,#828,#829);
#892= IFCLOCALPLACEMENT(#42,#891);
#893= IFCMECHANICALFASTENER('3L41XAh3P6pQ6fIRIah2_G',#413,'Bolt assembly',$,$,#892,#889,'IDd510184a-ac36-46cd-a1a9-49b4a4ac2f90',24.,85.);
#894= IFCMAPPEDITEM(#823,#122);
#895= IFCSHAPEREPRESENTATION(#12,'Body','MappedRepresentation',(#894));
#896= IFCPRODUCTDEFINITIONSHAPE($,$,(#895));
#897= IFCCARTESIANPOINT((56969.8505923669,2532.98130566028,16930.000769225));
#898= IFCAXIS2PLACEMENT3D(#897,#828,#829);
#899= IFCLOCALPLACEMENT(#42,#898);
#900= IFCMECHANICALFASTENER('2mbJPx_WX2FuAp95$xqEZh',#413,'Bolt assembly',$,$,#899,#896,'IDb095367b-fa08-423f-82b3-245ffbd0e8eb',24.,85.);
#901= IFCCOLOURRGB('Dark Gray',0.709803921568627,0.403921568627451,0.2);
#902= IFCSURFACESTYLERENDERING(#901,0.,$,$,$,$,IFCNORMALISEDRATIOMEASURE(0.00390625),IFCSPECULAREXPONENT(10.),.NOTDEFINED.);
#903= IFCSURFACESTYLE('STEEL/S275',.POSITIVE.,(#902));
#904= IFCPRESENTATIONSTYLEASSIGNMENT((#903));
#905= IFCCARTESIANPOINT((0.,-5.,19.9999999999345));
#906= IFCCARTESIANPOINT((-3.63797880709171E-12,-5.,99.9999999997017));
#907= IFCCARTESIANPOINT((-3.63797880709171E-12,5.,99.9999999997017));
#908= IFCCARTESIANPOINT((0.,5.,19.9999999999345));
#909= IFCPOLYLOOP((#905,#906,#907,#908));
#910= IFCFACEOUTERBOUND(#909,.T.);
#911= IFCFACE((#910));
#912= IFCCARTESIANPOINT((3.90180644032034,-5.,100.384294391624));
#913= IFCCARTESIANPOINT((3.90180644032034,5.,100.384294391624));
#914= IFCPOLYLOOP((#906,#912,#913,#907));
#915= IFCFACEOUTERBOUND(#914,.T.);
#916= IFCFACE((#915));
#917= IFCCARTESIANPOINT((7.65366864730049,-5.,101.522409349447));
#918= IFCCARTESIANPOINT((7.65366864730049,5.,101.522409349447));
#919= IFCPOLYLOOP((#912,#917,#918,#913));
#920= IFCFACEOUTERBOUND(#919,.T.);
#921= IFCFACE((#920));
#922= IFCCARTESIANPOINT((11.1114046603916,-5.,103.370607753604));
#923= IFCCARTESIANPOINT((11.1114046603916,5.,103.370607753604));
#924= IFCPOLYLOOP((#917,#922,#923,#918));
#925= IFCFACEOUTERBOUND(#924,.T.);
#926= IFCFACE((#925));
#927= IFCCARTESIANPOINT((14.1421356237306,-5.,105.85786437591));
#928= IFCCARTESIANPOINT((14.1421356237306,5.,105.85786437591));
#929= IFCPOLYLOOP((#922,#927,#928,#923));
#930= IFCFACEOUTERBOUND(#929,.T.);
#931= IFCFACE((#930));
#932= IFCCARTESIANPOINT((16.6293922460513,-5.,108.888595339238));
#933= IFCCARTESIANPOINT((16.6293922460513,5.,108.888595339238));
#934= IFCPOLYLOOP((#927,#932,#933,#928));
#935= IFCFACEOUTERBOUND(#934,.T.);
#936= IFCFACE((#935));
#937= IFCCARTESIANPOINT((18.4775906502264,-5.,112.34633135231));
#938= IFCCARTESIANPOINT((18.4775906502264,5.,112.34633135231));
#939= IFCPOLYLOOP((#932,#937,#938,#933));
#940= IFCFACEOUTERBOUND(#939,.T.);
#941= IFCFACE((#940));
#942= IFCCARTESIANPOINT((19.6157056080656,-5.,116.098193559279));
#943= IFCCARTESIANPOINT((19.6157056080656,5.,116.098193559279));
#944= IFCPOLYLOOP((#937,#942,#943,#938));
#945= IFCFACEOUTERBOUND(#944,.T.);
#946= IFCFACE((#945));
#947= IFCCARTESIANPOINT((20.0000000000005,-5.,119.999999999585));
#948= IFCCARTESIANPOINT((20.0000000000005,5.,119.999999999585));
#949= IFCPOLYLOOP((#942,#947,#948,#943));
#950= IFCFACEOUTERBOUND(#949,.T.);
#951= IFCFACE((#950));
#952= IFCCARTESIANPOINT((110.000000000013,-5.,119.999999999345));
#953= IFCCARTESIANPOINT((110.000000000013,5.,119.999999999345));
#954= IFCPOLYLOOP((#947,#952,#953,#948));
#955= IFCFACEOUTERBOUND(#954,.T.);
#956= IFCFACE((#955));
#957= IFCCARTESIANPOINT((110.384294391949,-5.,116.098193559032));
#958= IFCCARTESIANPOINT((110.384294391949,5.,116.098193559032));
#959= IFCPOLYLOOP((#952,#957,#958,#953));
#960= IFCFACEOUTERBOUND(#959,.T.);
#961= IFCFACE((#960));
#962= IFCCARTESIANPOINT((111.522409349788,-5.,112.34633135207));
#963= IFCCARTESIANPOINT((111.522409349788,5.,112.34633135207));
#964= IFCPOLYLOOP((#957,#962,#963,#958));
#965= IFCFACEOUTERBOUND(#964,.T.);
#966= IFCFACE((#965));
#967= IFCCARTESIANPOINT((113.370607753964,-5.,108.888595338984));
#968= IFCCARTESIANPOINT((113.370607753964,5.,108.888595338984));
#969= IFCPOLYLOOP((#962,#967,#968,#963));
#970= IFCFACEOUTERBOUND(#969,.T.);
#971= IFCFACE((#970));
#972= IFCCARTESIANPOINT((115.857864376284,-5.,105.857864375641));
#973= IFCCARTESIANPOINT((115.857864376284,5.,105.857864375641));
#974= IFCPOLYLOOP((#967,#972,#973,#968));
#975= IFCFACEOUTERBOUND(#974,.T.);
#976= IFCFACE((#975));
#977= IFCCARTESIANPOINT((118.888595339625,-5.,103.370607753328));
#978= IFCCARTESIANPOINT((118.888595339625,5.,103.370607753328));
#979= IFCPOLYLOOP((#972,#977,#978,#973));
#980= IFCFACEOUTERBOUND(#979,.T.);
#981= IFCFACE((#980));
#982= IFCCARTESIANPOINT((122.346331352716,-5.,101.522409349142));
#983= IFCCARTESIANPOINT((122.346331352716,5.,101.522409349142));
#984= IFCPOLYLOOP((#977,#982,#983,#978));
#985= IFCFACEOUTERBOUND(#984,.T.);
#986= IFCFACE((#985));
#987= IFCCARTESIANPOINT((126.098193559696,-5.,100.384294391304));
#988= IFCCARTESIANPOINT((126.098193559696,5.,100.384294391304));
#989= IFCPOLYLOOP((#982,#987,#988,#983));
#990= IFCFACEOUTERBOUND(#989,.T.);
#991= IFCFACE((#990));
#992= IFCCARTESIANPOINT((130.000000000019,-5.,99.9999999993597));
#993= IFCCARTESIANPOINT((130.000000000019,5.,99.9999999993597));
#994= IFCPOLYLOOP((#987,#992,#993,#988));
#995= IFCFACEOUTERBOUND(#994,.T.);
#996= IFCFACE((#995));
#997= IFCCARTESIANPOINT((130.000000000027,-5.,19.9999999995925));
#998= IFCCARTESIANPOINT((130.000000000027,5.,19.9999999995925));
#999= IFCPOLYLOOP((#992,#997,#998,#993));
#1000= IFCFACEOUTERBOUND(#999,.T.);
#1001= IFCFACE((#1000));
#1002= IFCCARTESIANPOINT((126.098193559704,-5.,19.61570560767));
#1003= IFCCARTESIANPOINT((126.098193559704,5.,19.61570560767));
#1004= IFCPOLYLOOP((#997,#1002,#1003,#998));
#1005= IFCFACEOUTERBOUND(#1004,.T.);
#1006= IFCFACE((#1005));
#1007= IFCCARTESIANPOINT((122.346331352724,-5.,18.4775906498471));
#1008= IFCCARTESIANPOINT((122.346331352724,5.,18.4775906498471));
#1009= IFCPOLYLOOP((#1002,#1007,#1008,#1003));
#1010= IFCFACEOUTERBOUND(#1009,.T.);
#1011= IFCFACE((#1010));
#1012= IFCCARTESIANPOINT((118.888595339633,-5.,16.6293922456825));
#1013= IFCCARTESIANPOINT((118.888595339633,5.,16.6293922456825));
#1014= IFCPOLYLOOP((#1007,#1012,#1013,#1008));
#1015= IFCFACEOUTERBOUND(#1014,.T.);
#1016= IFCFACE((#1015));
#1017= IFCCARTESIANPOINT((115.857864376294,-5.,14.1421356233768));
#1018= IFCCARTESIANPOINT((115.857864376294,5.,14.1421356233768));
#1019= IFCPOLYLOOP((#1012,#1017,#1018,#1013));
#1020= IFCFACEOUTERBOUND(#1019,.T.);
#1021= IFCFACE((#1020));
#1022= IFCCARTESIANPOINT((113.370607753974,-5.,11.111404660056));
#1023= IFCCARTESIANPOINT((113.370607753974,5.,11.111404660056));
#1024= IFCPOLYLOOP((#1017,#1022,#1023,#1018));
#1025= IFCFACEOUTERBOUND(#1024,.T.);
#1026= IFCFACE((#1025));
#1027= IFCCARTESIANPOINT((111.522409349799,-5.,7.65366864698444));
#1028= IFCCARTESIANPOINT((111.522409349799,5.,7.65366864698444));
#1029= IFCPOLYLOOP((#1022,#1027,#1028,#1023));
#1030= IFCFACEOUTERBOUND(#1029,.T.);
#1031= IFCFACE((#1030));
#1032= IFCCARTESIANPOINT((110.38429439196,-5.,3.90180644001521));
#1033= IFCCARTESIANPOINT((110.38429439196,5.,3.90180644001521));
#1034= IFCPOLYLOOP((#1027,#1032,#1033,#1028));
#1035= IFCFACEOUTERBOUND(#1034,.T.);
#1036= IFCFACE((#1035));
#1037= IFCCARTESIANPOINT((110.000000000025,-5.,-2.9831426218152E-10));
#1038= IFCCARTESIANPOINT((110.000000000025,5.,-2.9831426218152E-10));
#1039= IFCPOLYLOOP((#1032,#1037,#1038,#1033));
#1040= IFCFACEOUTERBOUND(#1039,.T.);
#1041= IFCFACE((#1040));
#1042= IFCCARTESIANPOINT((20.0000000000045,-5.,-5.82076609134674E-11));
#1043= IFCCARTESIANPOINT((20.0000000000045,5.,-5.82076609134674E-11));
#1044= IFCPOLYLOOP((#1037,#1042,#1043,#1038));
#1045= IFCFACEOUTERBOUND(#1044,.T.);
#1046= IFCFACE((#1045));
#1047= IFCCARTESIANPOINT((19.6157056080688,-5.,3.90180644026259));
#1048= IFCCARTESIANPOINT((19.6157056080688,5.,3.90180644026259));
#1049= IFCPOLYLOOP((#1042,#1047,#1048,#1043));
#1050= IFCFACEOUTERBOUND(#1049,.T.);
#1051= IFCFACE((#1050));
#1052= IFCCARTESIANPOINT((18.47759065023,-5.,7.65366864723183));
#1053= IFCCARTESIANPOINT((18.47759065023,5.,7.65366864723183));
#1054= IFCPOLYLOOP((#1047,#1052,#1053,#1048));
#1055= IFCFACEOUTERBOUND(#1054,.T.);
#1056= IFCFACE((#1055));
#1057= IFCCARTESIANPOINT((16.6293922460545,-5.,11.1114046603107));
#1058= IFCCARTESIANPOINT((16.6293922460545,5.,11.1114046603107));
#1059= IFCPOLYLOOP((#1052,#1057,#1058,#1053));
#1060= IFCFACEOUTERBOUND(#1059,.T.);
#1061= IFCFACE((#1060));
#1062= IFCCARTESIANPOINT((14.1421356237338,-5.,14.142135623646));
#1063= IFCCARTESIANPOINT((14.1421356237338,5.,14.142135623646));
#1064= IFCPOLYLOOP((#1057,#1062,#1063,#1058));
#1065= IFCFACEOUTERBOUND(#1064,.T.);
#1066= IFCFACE((#1065));
#1067= IFCCARTESIANPOINT((11.1114046603939,-5.,16.6293922459663));
#1068= IFCCARTESIANPOINT((11.1114046603939,5.,16.6293922459663));
#1069= IFCPOLYLOOP((#1062,#1067,#1068,#1063));
#1070= IFCFACEOUTERBOUND(#1069,.T.);
#1071= IFCFACE((#1070));
#1072= IFCCARTESIANPOINT((7.65366864730322,-5.,18.4775906501454));
#1073= IFCCARTESIANPOINT((7.65366864730322,5.,18.4775906501454));
#1074= IFCPOLYLOOP((#1067,#1072,#1073,#1068));
#1075= IFCFACEOUTERBOUND(#1074,.T.);
#1076= IFCFACE((#1075));
#1077= IFCCARTESIANPOINT((3.90180644032307,-5.,19.6157056079901));
#1078= IFCCARTESIANPOINT((3.90180644032307,5.,19.6157056079901));
#1079= IFCPOLYLOOP((#1072,#1077,#1078,#1073));
#1080= IFCFACEOUTERBOUND(#1079,.T.);
#1081= IFCFACE((#1080));
#1082= IFCPOLYLOOP((#1077,#905,#908,#1078));
#1083= IFCFACEOUTERBOUND(#1082,.T.);
#1084= IFCFACE((#1083));
#1085= IFCPOLYLOOP((#913,#918,#923,#928,#933,#938,#943,#948,#953,#958,#963,#968,#973,#978,#983,#988,#993,#998,#1003,#1008,#1013,#1018,#1023,#1028,#1033,#1038,#1043,#1048,#1053,#1058,#1063,#1068,#1073,#1078,#908,#907));
#1086= IFCFACEOUTERBOUND(#1085,.T.);
#1087= IFCFACE((#1086));
#1088= IFCPOLYLOOP((#1077,#1072,#1067,#1062,#1057,#1052,#1047,#1042,#1037,#1032,#1027,#1022,#1017,#1012,#1007,#1002,#997,#992,#987,#982,#977,#972,#967,#962,#957,#952,#947,#942,#937,#932,#927,#922,#917,#912,#906,#905));
#1089= IFCFACEOUTERBOUND(#1088,.T.);
#1090= IFCFACE((#1089));
#1091= IFCCLOSEDSHELL((#911,#916,#921,#926,#931,#936,#941,#946,#951,#956,#961,#966,#971,#976,#981,#986,#991,#996,#1001,#1006,#1011,#1016,#1021,#1026,#1031,#1036,#1041,#1046,#1051,#1056,#1061,#1066,#1071,#1076,#1081,#1084,#1087,#1090));
#1092= IFCFACETEDBREP(#1091);
#1093= IFCSTYLEDITEM(#1092,(#904),$);
#1094= IFCSHAPEREPRESENTATION(#12,'Body','Brep',(#1092));
#1095= IFCPRODUCTDEFINITIONSHAPE($,$,(#1094));
#1096= IFCCARTESIANPOINT((57149.8478552015,2572.99911235142,16755.0007692249));
#1097= IFCDIRECTION((-6.84089999523952E-05,0.999999997660104,0.));
#1098= IFCAXIS2PLACEMENT3D(#1096,#828,#1097);
#1099= IFCLOCALPLACEMENT(#42,#1098);
#1100= IFCPLATE('30hNaxO7TA9xVSbkJAcHVo',#160,'PLATE-10','PL10*120',$,#1099,#1095,'IDc0ad793b-6077-4a27-b7dc-96e4ca9917f2');
#1101= IFCPLATETYPE('0ojDFLq_15Wejo4TYC7Ajg',#5,'PL10*120',$,$,$,$,$,$,.NOTDEFINED.);
#1102= IFCPROPERTYSINGLEVALUE('Bottom elevation',$,IFCLABEL(' +16.750'),$);
#1103= IFCPROPERTYSINGLEVALUE('Top elevation',$,IFCLABEL(' +16.760'),$);
#1104= IFCPROPERTYSINGLEVALUE('Initial GUID',$,$,$);
#1105= IFCPROPERTYSINGLEVALUE('Preliminary mark',$,IFCLABEL('5-2-P92'),$);
#1106= IFCPROPERTYSINGLEVALUE('Phase',$,IFCINTEGER(4),$);
#1107= IFCPROPERTYSINGLEVALUE('Class',$,IFCLABEL('22'),$);
#1108= IFCPROPERTYSET('3dvUyCWe55Dvh_0QsX1yvA',#5,'Tekla Common','Common Properties to Shared building elements',(#1102,#1103,#1104,#1105,#1106,#1107));
#1109= IFCPROPERTYSINGLEVALUE('Weight',$,IFCMASSMEASURE(1.13),$);
#1110= IFCPROPERTYSINGLEVALUE('Volume',$,IFCVOLUMEMEASURE(0.),$);
#1111= IFCPROPERTYSINGLEVALUE('Gross footprint area',$,IFCAREAMEASURE(0.014),$);
#1112= IFCPROPERTYSINGLEVALUE('Area per tons',$,IFCAREAMEASURE(29.609),$);
#1113= IFCPROPERTYSINGLEVALUE('Net surface area',$,IFCAREAMEASURE(0.033),$);
#1114= IFCPROPERTYSINGLEVALUE('Height',$,IFCLENGTHMEASURE(120.),$);
#1115= IFCPROPERTYSINGLEVALUE('Width',$,IFCLENGTHMEASURE(10.),$);
#1116= IFCPROPERTYSINGLEVALUE('Length',$,IFCLENGTHMEASURE(130.),$);
#1117= IFCPROPERTYSET('2HHtZZMZz8jR_OSTJdcb9b',#5,'Tekla Quantity','Quantity Properties to Shared building elements',(#1109,#1110,#1111,#1112,#1113,#1114,#1115,#1116));
#1118= IFCPROPERTYSINGLEVALUE('LoadBearing',$,IFCBOOLEAN(.F.),$);
#1119= IFCPROPERTYSINGLEVALUE('Reference',$,IFCIDENTIFIER('5-2-P92'),$);
#1120= IFCPROPERTYSET('2JLJhTglTCUPbGdryThTAN',#5,'Pset_PlateCommon','Common Properties to plate elements',(#1118,#1119));
#1121= IFCQUANTITYLENGTH('Width',$,$,120.);
#1122= IFCQUANTITYAREA('NetArea',$,$,0.033357463274411);
#1123= IFCQUANTITYAREA('GrossArea',$,$,0.0155999999999999);
#1124= IFCQUANTITYAREA('CrossSectionArea',$,$,0.0001);
#1125= IFCQUANTITYVOLUME('NetVolume',$,$,0.000143514219390963);
#1126= IFCQUANTITYVOLUME('GrossVolume',$,$,0.000143514219390963);
#1127= IFCELEMENTQUANTITY('1KQAloSxj0kAt5sklHK6c9',#5,'BaseQuantities',$,$,(#1121,#1122,#1123,#1124,#1125,#1126));
#1128= IFCMATERIAL('STEEL/S275');
#1129= IFCCARTESIANPOINT((1.04591890703887E-11,-5.,104.999999999687));
#1130= IFCCARTESIANPOINT((1.04591890703887E-11,5.,104.999999999687));
#1131= IFCPOLYLOOP((#905,#1129,#1130,#908));
#1132= IFCFACEOUTERBOUND(#1131,.T.);
#1133= IFCFACE((#1132));
#1134= IFCCARTESIANPOINT((130.000000000039,-5.,105.000000000029));
#1135= IFCCARTESIANPOINT((130.000000000039,5.,105.000000000029));
#1136= IFCPOLYLOOP((#1129,#1134,#1135,#1130));
#1137= IFCFACEOUTERBOUND(#1136,.T.);
#1138= IFCFACE((#1137));
#1139= IFCPOLYLOOP((#1134,#997,#998,#1135));
#1140= IFCFACEOUTERBOUND(#1139,.T.);
#1141= IFCFACE((#1140));
#1142= IFCPOLYLOOP((#1135,#998,#1003,#1008,#1013,#1018,#1023,#1028,#1033,#1038,#1043,#1048,#1053,#1058,#1063,#1068,#1073,#1078,#908,#1130));
#1143= IFCFACEOUTERBOUND(#1142,.T.);
#1144= IFCFACE((#1143));
#1145= IFCPOLYLOOP((#1077,#1072,#1067,#1062,#1057,#1052,#1047,#1042,#1037,#1032,#1027,#1022,#1017,#1012,#1007,#1002,#997,#1134,#1129,#905));
#1146= IFCFACEOUTERBOUND(#1145,.T.);
#1147= IFCFACE((#1146));
#1148= IFCCLOSEDSHELL((#1133,#1138,#1141,#1006,#1011,#1016,#1021,#1026,#1031,#1036,#1041,#1046,#1051,#1056,#1061,#1066,#1071,#1076,#1081,#1084,#1144,#1147));
#1149= IFCFACETEDBREP(#1148);
#1150= IFCSTYLEDITEM(#1149,(#904),$);
#1151= IFCSHAPEREPRESENTATION(#12,'Body','Brep',(#1149));
#1152= IFCPRODUCTDEFINITIONSHAPE($,$,(#1151));
#1153= IFCCARTESIANPOINT((57159.8533483421,2572.99979681724,16755.0007692249));
#1154= IFCDIRECTION((0.999999997660104,6.84089999522258E-05,0.));
#1155= IFCAXIS2PLACEMENT3D(#1153,#1154,#1097);
#1156= IFCLOCALPLACEMENT(#42,#1155);
#1157= IFCPLATE('3c16az5HfFlR$AUkIawgyb',#160,'PLATE-10','PL10*105',$,#1156,#1152,'IDe604693d-151a-4fbd-bfca-7ae4a4eaaf25');
#1158= IFCPLATETYPE('3OWJlRwkn0dO8gH$IJcuQ8',#5,'PL10*105',$,$,$,$,$,$,.NOTDEFINED.);
#1159= IFCPROPERTYSINGLEVALUE('Preliminary mark',$,IFCLABEL('5-2-P99'),$);
#1160= IFCPROPERTYSET('0GJZlhiqj57e_WdK1nzt6w',#5,'Tekla Common','Common Properties to Shared building elements',(#1102,#1103,#1104,#1159,#1106,#1107));
#1161= IFCPROPERTYSINGLEVALUE('Weight',$,IFCMASSMEASURE(1.02),$);
#1162= IFCPROPERTYSINGLEVALUE('Area per tons',$,IFCAREAMEASURE(29.905),$);
#1163= IFCPROPERTYSINGLEVALUE('Net surface area',$,IFCAREAMEASURE(0.031),$);
#1164= IFCPROPERTYSINGLEVALUE('Height',$,IFCLENGTHMEASURE(105.),$);
#1165= IFCPROPERTYSET('2dPQNHj4LDAe4zcZx9_LxR',#5,'Tekla Quantity','Quantity Properties to Shared building elements',(#1161,#1110,#1111,#1162,#1163,#1164,#1115,#1116));
#1166= IFCPROPERTYSINGLEVALUE('Reference',$,IFCIDENTIFIER('5-2-P99'),$);
#1167= IFCPROPERTYSET('1OV5nkM3P9tvtQFjrnCBd_',#5,'Pset_PlateCommon','Common Properties to plate elements',(#1118,#1166));
#1168= IFCQUANTITYLENGTH('Width',$,$,105.);
#1169= IFCQUANTITYAREA('NetArea',$,$,0.030578731637206);
#1170= IFCQUANTITYAREA('GrossArea',$,$,0.01365);
#1171= IFCQUANTITYVOLUME('NetVolume',$,$,0.000130257109695484);
#1172= IFCQUANTITYVOLUME('GrossVolume',$,$,0.000130257109695484);
#1173= IFCELEMENTQUANTITY('1zDddb6_PBcfBalcaDgbZh',#5,'BaseQuantities',$,$,(#1168,#1169,#1170,#1124,#1171,#1172));
#1174= IFCSHAPEREPRESENTATION(#12,'Body','Brep',(#1149));
#1175= IFCPRODUCTDEFINITIONSHAPE($,$,(#1174));
#1176= IFCCARTESIANPOINT((57019.8478555061,2572.99021918088,16755.0007692249));
#1177= IFCAXIS2PLACEMENT3D(#1176,#828,#1097);
#1178= IFCLOCALPLACEMENT(#42,#1177);
#1179= IFCPLATE('1PlvWoX559D9uhP4eijExi',#160,'PLATE-10','PL10*105',$,#1178,#1175,'ID59bf9832-8451-4934-9e2b-644a2cb4eeec');
#1180= IFCCARTESIANPOINT((-5.45696821063757E-12,-4.99999999998545,110.));
#1181= IFCCARTESIANPOINT((-4.54747350886464E-12,4.99999999998545,110.));
#1182= IFCPOLYLOOP((#905,#1180,#1181,#908));
#1183= IFCFACEOUTERBOUND(#1182,.T.);
#1184= IFCFACE((#1183));
#1185= IFCCARTESIANPOINT((50.0000000000114,-4.99999999985448,110.));
#1186= IFCCARTESIANPOINT((50.0000000000118,5.00000000011642,110.));
#1187= IFCPOLYLOOP((#1180,#1185,#1186,#1181));
#1188= IFCFACEOUTERBOUND(#1187,.T.);
#1189= IFCFACE((#1188));
#1190= IFCCARTESIANPOINT((130.000000000029,-4.9999999996362,60.));
#1191= IFCCARTESIANPOINT((130.00000000003,5.00000000032742,60.));
#1192= IFCPOLYLOOP((#1185,#1190,#1191,#1186));
#1193= IFCFACEOUTERBOUND(#1192,.T.);
#1194= IFCFACE((#1193));
#1195= IFCCARTESIANPOINT((130.000000000029,-4.9999999996362,0.));
#1196= IFCCARTESIANPOINT((130.00000000003,5.00000000032742,0.));
#1197= IFCPOLYLOOP((#1190,#1195,#1196,#1191));
#1198= IFCFACEOUTERBOUND(#1197,.T.);
#1199= IFCFACE((#1198));
#1200= IFCPOLYLOOP((#1195,#1042,#1043,#1196));
#1201= IFCFACEOUTERBOUND(#1200,.T.);
#1202= IFCFACE((#1201));
#1203= IFCPOLYLOOP((#1186,#1191,#1196,#1043,#1048,#1053,#1058,#1063,#1068,#1073,#1078,#908,#1181));
#1204= IFCFACEOUTERBOUND(#1203,.T.);
#1205= IFCFACE((#1204));
#1206= IFCPOLYLOOP((#1077,#1072,#1067,#1062,#1057,#1052,#1047,#1042,#1195,#1190,#1185,#1180,#905));
#1207= IFCFACEOUTERBOUND(#1206,.T.);
#1208= IFCFACE((#1207));
#1209= IFCCLOSEDSHELL((#1184,#1189,#1194,#1199,#1202,#1051,#1056,#1061,#1066,#1071,#1076,#1081,#1084,#1205,#1208));
#1210= IFCFACETEDBREP(#1209);
#1211= IFCSTYLEDITEM(#1210,(#904),$);
#1212= IFCSHAPEREPRESENTATION(#12,'Body','Brep',(#1210));
#1213= IFCPRODUCTDEFINITIONSHAPE($,$,(#1212));
#1214= IFCCARTESIANPOINT((57154.8478551898,2572.99945439653,16630.000769225));
#1215= IFCAXIS2PLACEMENT3D(#1214,#829,#1097);
#1216= IFCLOCALPLACEMENT(#42,#1215);
#1217= IFCPLATE('0rWNEvRnT8WRIO6XDoiNwn',#413,'PLATE-10','PL10*110',$,#1216,#1213,'ID358173b9-6f17-4881-b498-1a1372b17eb1');
#1218= IFCPLATETYPE('3O1_pZkMfF$x9k4A54aewT',#5,'PL10*110',$,$,$,$,$,$,.NOTDEFINED.);
#1219= IFCPROPERTYSINGLEVALUE('Bottom elevation',$,IFCLABEL(' +16.520'),$);
#1220= IFCPROPERTYSINGLEVALUE('Top elevation',$,IFCLABEL(' +16.630'),$);
#1221= IFCPROPERTYSINGLEVALUE('Preliminary mark',$,IFCLABEL('5-2-P98'),$);
#1222= IFCPROPERTYSET('0MyKaMVHX8Xu1FREnEro8H',#5,'Tekla Common','Common Properties to Shared building elements',(#1219,#1220,#1104,#1221,#1106,#1107));
#1223= IFCPROPERTYSINGLEVALUE('Weight',$,IFCMASSMEASURE(0.94),$);
#1224= IFCPROPERTYSINGLEVALUE('Gross footprint area',$,IFCAREAMEASURE(0.001),$);
#1225= IFCPROPERTYSINGLEVALUE('Area per tons',$,IFCAREAMEASURE(30.108),$);
#1226= IFCPROPERTYSINGLEVALUE('Net surface area',$,IFCAREAMEASURE(0.028),$);
#1227= IFCPROPERTYSINGLEVALUE('Height',$,IFCLENGTHMEASURE(110.),$);
#1228= IFCPROPERTYSET('0HHkoFBxfFFvq5IoBwFize',#5,'Tekla Quantity','Quantity Properties to Shared building elements',(#1223,#1110,#1224,#1225,#1226,#1227,#1115,#1116));
#1229= IFCPROPERTYSINGLEVALUE('Reference',$,IFCIDENTIFIER('5-2-P98'),$);
#1230= IFCPROPERTYSET('0GWB4NDsL0IBwPSyAYkei0',#5,'Pset_PlateCommon','Common Properties to plate elements',(#1118,#1229));
#1231= IFCQUANTITYLENGTH('Width',$,$,110.);
#1232= IFCQUANTITYAREA('NetArea',$,$,0.0283327639318093);
#1233= IFCQUANTITYAREA('GrossArea',$,$,0.0143000000000006);
#1234= IFCQUANTITYVOLUME('NetVolume',$,$,0.000119878554847745);
#1235= IFCQUANTITYVOLUME('GrossVolume',$,$,0.000119878554847745);
#1236= IFCELEMENTQUANTITY('0MuVD0qUb9uhqJT5GUJYl8',#5,'BaseQuantities',$,$,(#1231,#1232,#1233,#1124,#1234,#1235));
#1237= IFCSHAPEREPRESENTATION(#12,'Body','Brep',(#1210));
#1238= IFCPRODUCTDEFINITIONSHAPE($,$,(#1237));
#1239= IFCCARTESIANPOINT((57024.8478554944,2572.99056122599,16630.000769225));
#1240= IFCAXIS2PLACEMENT3D(#1239,#829,#1097);
#1241= IFCLOCALPLACEMENT(#42,#1240);
#1242= IFCPLATE('0SHIR6TLX0sBj2N0nEQ0a$',#413,'PLATE-10','PL10*110',$,#1241,#1238,'ID1c4526c6-7558-40d8-bb42-5c0c4e68093f');
#1243= IFCCARTESIANPOINT((0.,-4.99999999998545,0.));
#1244= IFCCARTESIANPOINT((-4.54747350886464E-12,-4.99999999998545,90.));
#1245= IFCCARTESIANPOINT((-3.63797880709171E-12,4.99999999998545,90.));
#1246= IFCCARTESIANPOINT((9.09494701772928E-13,4.99999999998545,0.));
#1247= IFCPOLYLOOP((#1243,#1244,#1245,#1246));
#1248= IFCFACEOUTERBOUND(#1247,.T.);
#1249= IFCFACE((#1248));
#1250= IFCCARTESIANPOINT((3.90180644031852,-4.9999999999709,90.3842943919371));
#1251= IFCCARTESIANPOINT((3.90180644031989,5.,90.3842943919371));
#1252= IFCPOLYLOOP((#1244,#1250,#1251,#1245));
#1253= IFCFACEOUTERBOUND(#1252,.T.);
#1254= IFCFACE((#1253));
#1255= IFCCARTESIANPOINT((7.65366864729867,-4.99999999995634,91.5224093497745));
#1256= IFCCARTESIANPOINT((7.65366864729958,5.00000000000728,91.5224093497745));
#1257= IFCPOLYLOOP((#1250,#1255,#1256,#1251));
#1258= IFCFACEOUTERBOUND(#1257,.T.);
#1259= IFCFACE((#1258));
#1260= IFCCARTESIANPOINT((11.1114046603893,-4.99999999994907,93.37060775395));
#1261= IFCCARTESIANPOINT((11.1114046603907,5.00000000002183,93.37060775395));
#1262= IFCPOLYLOOP((#1255,#1260,#1261,#1256));
#1263= IFCFACEOUTERBOUND(#1262,.T.);
#1264= IFCFACE((#1263));
#1265= IFCCARTESIANPOINT((14.1421356237288,-4.99999999994907,95.8578643762703));
#1266= IFCCARTESIANPOINT((14.1421356237297,5.0000000000291,95.8578643762703));
#1267= IFCPOLYLOOP((#1260,#1265,#1266,#1261));
#1268= IFCFACEOUTERBOUND(#1267,.T.);
#1269= IFCFACE((#1268));
#1270= IFCCARTESIANPOINT((16.6293922460495,-4.99999999993452,98.8885953396093));
#1271= IFCCARTESIANPOINT((16.62939224605,5.00000000003638,98.8885953396093));
#1272= IFCPOLYLOOP((#1265,#1270,#1271,#1266));
#1273= IFCFACEOUTERBOUND(#1272,.T.);
#1274= IFCFACE((#1273));
#1275= IFCCARTESIANPOINT((18.4775906502246,-4.99999999992724,102.346331352699));
#1276= IFCCARTESIANPOINT((18.4775906502255,5.00000000004366,102.346331352699));
#1277= IFCPOLYLOOP((#1270,#1275,#1276,#1271));
#1278= IFCFACEOUTERBOUND(#1277,.T.);
#1279= IFCFACE((#1278));
#1280= IFCCARTESIANPOINT((19.6157056080638,-4.99999999992724,106.098193559679));
#1281= IFCCARTESIANPOINT((19.6157056080642,5.00000000004366,106.098193559679));
#1282= IFCPOLYLOOP((#1275,#1280,#1281,#1276));
#1283= IFCFACEOUTERBOUND(#1282,.T.);
#1284= IFCFACE((#1283));
#1285= IFCCARTESIANPOINT((19.9999999999986,-4.99999999992724,110.));
#1286= IFCCARTESIANPOINT((20.,5.00000000004366,110.));
#1287= IFCPOLYLOOP((#1280,#1285,#1286,#1281));
#1288= IFCFACEOUTERBOUND(#1287,.T.);
#1289= IFCFACE((#1288));
#1290= IFCCARTESIANPOINT((130.000000000029,-4.9999999996362,110.));
#1291= IFCCARTESIANPOINT((130.00000000003,5.00000000032742,110.));
#1292= IFCPOLYLOOP((#1285,#1290,#1291,#1286));
#1293= IFCFACEOUTERBOUND(#1292,.T.);
#1294= IFCFACE((#1293));
#1295= IFCCARTESIANPOINT((130.000000000029,-4.9999999996362,50.));
#1296= IFCCARTESIANPOINT((130.00000000003,5.00000000032742,50.));
#1297= IFCPOLYLOOP((#1290,#1295,#1296,#1291));
#1298= IFCFACEOUTERBOUND(#1297,.T.);
#1299= IFCFACE((#1298));
#1300= IFCCARTESIANPOINT((50.0000000000114,-4.99999999985448,0.));
#1301= IFCCARTESIANPOINT((50.0000000000118,5.00000000011642,0.));
#1302= IFCPOLYLOOP((#1295,#1300,#1301,#1296));
#1303= IFCFACEOUTERBOUND(#1302,.T.);
#1304= IFCFACE((#1303));
#1305= IFCPOLYLOOP((#1300,#1243,#1246,#1301));
#1306= IFCFACEOUTERBOUND(#1305,.T.);
#1307= IFCFACE((#1306));
#1308= IFCPOLYLOOP((#1251,#1256,#1261,#1266,#1271,#1276,#1281,#1286,#1291,#1296,#1301,#1246,#1245));
#1309= IFCFACEOUTERBOUND(#1308,.T.);
#1310= IFCFACE((#1309));
#1311= IFCPOLYLOOP((#1300,#1295,#1290,#1285,#1280,#1275,#1270,#1265,#1260,#1255,#1250,#1244,#1243));
#1312= IFCFACEOUTERBOUND(#1311,.T.);
#1313= IFCFACE((#1312));
#1314= IFCCLOSEDSHELL((#1249,#1254,#1259,#1264,#1269,#1274,#1279,#1284,#1289,#1294,#1299,#1304,#1307,#1310,#1313));
#1315= IFCFACETEDBREP(#1314);
#1316= IFCSTYLEDITEM(#1315,(#904),$);
#1317= IFCSHAPEREPRESENTATION(#12,'Body','Brep',(#1315));
#1318= IFCPRODUCTDEFINITIONSHAPE($,$,(#1317));
#1319= IFCCARTESIANPOINT((57154.8478551898,2572.99945439653,16990.000769225));
#1320= IFCAXIS2PLACEMENT3D(#1319,#829,#1097);
#1321= IFCLOCALPLACEMENT(#42,#1320);
#1322= IFCPLATE('17vfKnzsX2SxHvetOkDVRm',#413,'PLATE-10','PL10*110',$,#1321,#1318,'ID47e69531-f768-4273-b479-a3762e35f6f0');
#1323= IFCPROPERTYSINGLEVALUE('Bottom elevation',$,IFCLABEL(' +16.880'),$);
#1324= IFCPROPERTYSINGLEVALUE('Top elevation',$,IFCLABEL(' +16.990'),$);
#1325= IFCPROPERTYSET('1Pf0pV8qj62OKP2M2chOHl',#5,'Tekla Common','Common Properties to Shared building elements',(#1323,#1324,#1104,#1221,#1106,#1107));
#1326= IFCPROPERTYSINGLEVALUE('Gross footprint area',$,IFCAREAMEASURE(0.),$);
#1327= IFCPROPERTYSET('3F$WPoSerBDfRqM$pKX59n',#5,'Tekla Quantity','Quantity Properties to Shared building elements',(#1223,#1110,#1326,#1225,#1226,#1227,#1115,#1116));
#1328= IFCQUANTITYAREA('NetArea',$,$,0.0283327639318093);
#1329= IFCQUANTITYAREA('GrossArea',$,$,0.0143000000000005);
#1330= IFCQUANTITYVOLUME('NetVolume',$,$,0.000119878554847745);
#1331= IFCQUANTITYVOLUME('GrossVolume',$,$,0.000119878554847745);
#1332= IFCELEMENTQUANTITY('2m7IFVdJz3DeWGkZGnYw5Y',#5,'BaseQuantities',$,$,(#1231,#1328,#1329,#1124,#1330,#1331));
#1333= IFCSHAPEREPRESENTATION(#12,'Body','Brep',(#1315));
#1334= IFCPRODUCTDEFINITIONSHAPE($,$,(#1333));
#1335= IFCCARTESIANPOINT((57024.8478554944,2572.99056122599,16990.000769225));
#1336= IFCAXIS2PLACEMENT3D(#1335,#829,#1097);
#1337= IFCLOCALPLACEMENT(#42,#1336);
#1338= IFCPLATE('03NvNikXX9VQYEl2AKuG58',#413,'PLATE-10','PL10*110',$,#1337,#1334,'ID035f95ec-ba18-497d-a88e-bc2294e10148');
#1339= IFCOWNERHISTORY(#3,#4,$,.NOCHANGE.,$,$,$,1770843600);
#1340= IFCCOLOURRGB('Light Red',0.905882352941176,0.325490196078431,0.36078431372549);
#1341= IFCSURFACESTYLERENDERING(#1340,0.,$,$,$,$,IFCNORMALISEDRATIOMEASURE(0.00390625),IFCSPECULAREXPONENT(10.),.NOTDEFINED.);
#1342= IFCSURFACESTYLE('STEEL/S275',.POSITIVE.,(#1341));
#1343= IFCPRESENTATIONSTYLEASSIGNMENT((#1342));
#1344= IFCCARTESIANPOINT((1.45519152283669E-11,-6.00000000000091,0.));
#1345= IFCCARTESIANPOINT((1.45519152283669E-11,-6.00000000000091,250.));
#1346= IFCCARTESIANPOINT((-1.45519152283669E-11,6.00000000000182,250.));
#1347= IFCCARTESIANPOINT((-1.45519152283669E-11,6.00000000000182,0.));
#1348= IFCPOLYLOOP((#1344,#1345,#1346,#1347));
#1349= IFCFACEOUTERBOUND(#1348,.T.);
#1350= IFCFACE((#1349));
#1351= IFCCARTESIANPOINT((349.999999998981,-6.00000000002683,250.));
#1352= IFCCARTESIANPOINT((349.999999998945,5.9999999999759,250.));
#1353= IFCPOLYLOOP((#1345,#1351,#1352,#1346));
#1354= IFCFACEOUTERBOUND(#1353,.T.);
#1355= IFCFACE((#1354));
#1356= IFCCARTESIANPOINT((349.999999998981,-6.00000000002683,0.));
#1357= IFCCARTESIANPOINT((349.999999998945,5.9999999999759,0.));
#1358= IFCPOLYLOOP((#1351,#1356,#1357,#1352));
#1359= IFCFACEOUTERBOUND(#1358,.T.);
#1360= IFCFACE((#1359));
#1361= IFCPOLYLOOP((#1356,#1344,#1347,#1357));
#1362= IFCFACEOUTERBOUND(#1361,.T.);
#1363= IFCFACE((#1362));
#1364= IFCPOLYLOOP((#1352,#1357,#1347,#1346));
#1365= IFCFACEOUTERBOUND(#1364,.T.);
#1366= IFCFACE((#1365));
#1367= IFCPOLYLOOP((#1356,#1351,#1345,#1344));
#1368= IFCFACEOUTERBOUND(#1367,.T.);
#1369= IFCFACE((#1368));
#1370= IFCCLOSEDSHELL((#1350,#1355,#1360,#1363,#1366,#1369));
#1371= IFCFACETEDBREP(#1370);
#1372= IFCSTYLEDITEM(#1371,(#1343),$);
#1373= IFCSHAPEREPRESENTATION(#12,'Body','Brep',(#1371));
#1374= IFCPRODUCTDEFINITIONSHAPE($,$,(#1373));
#1375= IFCCARTESIANPOINT((57264.8385513253,2709.00697906876,16880.0007692249));
#1376= IFCAXIS2PLACEMENT3D(#1375,#829,#828);
#1377= IFCLOCALPLACEMENT(#42,#1376);
#1378= IFCPLATE('2ESM7oo8TA6fXDtVs_uQl6',#1339,'PLATE-12','PL12*250',$,#1377,#1374,'ID8e7161f2-c887-4a1a-984d-ddfdbee1abc6');
#1379= IFCPLATETYPE('2G$d_h8RHAsxiWLZ9AqsWF',#5,'PL12*250',$,$,$,$,$,$,.NOTDEFINED.);
#1380= IFCPROPERTYSINGLEVALUE('Bottom elevation',$,IFCLABEL(' +16.630'),$);
#1381= IFCPROPERTYSINGLEVALUE('Top elevation',$,IFCLABEL(' +16.880'),$);
#1382= IFCPROPERTYSINGLEVALUE('Preliminary mark',$,IFCLABEL('5-2-P28'),$);
#1383= IFCPROPERTYSINGLEVALUE('Class',$,IFCLABEL('16'),$);
#1384= IFCPROPERTYSET('3JAlKMhVDFYvZ8szfOqSS8',#5,'Tekla Common','Common Properties to Shared building elements',(#1380,#1381,#1104,#1382,#1106,#1383));
#1385= IFCPROPERTYSINGLEVALUE('Weight',$,IFCMASSMEASURE(8.24),$);
#1386= IFCPROPERTYSINGLEVALUE('Volume',$,IFCVOLUMEMEASURE(0.001),$);
#1387= IFCPROPERTYSINGLEVALUE('Gross footprint area',$,IFCAREAMEASURE(0.004),$);
#1388= IFCPROPERTYSINGLEVALUE('Area per tons',$,IFCAREAMEASURE(22.978),$);
#1389= IFCPROPERTYSINGLEVALUE('Net surface area',$,IFCAREAMEASURE(0.189),$);
#1390= IFCPROPERTYSINGLEVALUE('Height',$,IFCLENGTHMEASURE(250.),$);
#1391= IFCPROPERTYSINGLEVALUE('Width',$,IFCLENGTHMEASURE(12.),$);
#1392= IFCPROPERTYSINGLEVALUE('Length',$,IFCLENGTHMEASURE(350.),$);
#1393= IFCPROPERTYSET('0nkur$wAHC_ec72btdAxGz',#5,'Tekla Quantity','Quantity Properties to Shared building elements',(#1385,#1386,#1387,#1388,#1389,#1390,#1391,#1392));
#1394= IFCPROPERTYSINGLEVALUE('Reference',$,IFCIDENTIFIER('5-2-P28'),$);
#1395= IFCPROPERTYSET('0IcunPDbr43AfNOhggnv0m',#5,'Pset_PlateCommon','Common Properties to plate elements',(#1118,#1394));
#1396= IFCQUANTITYLENGTH('Width',$,$,250.);
#1397= IFCQUANTITYAREA('NetArea',$,$,0.1894);
#1398= IFCQUANTITYAREA('GrossArea',$,$,0.0875000000000002);
#1399= IFCQUANTITYAREA('CrossSectionArea',$,$,0.000144);
#1400= IFCQUANTITYVOLUME('NetVolume',$,$,0.00105);
#1401= IFCQUANTITYVOLUME('GrossVolume',$,$,0.00105);
#1402= IFCELEMENTQUANTITY('1kgR37ENrC88U4dOiLsh7p',#5,'BaseQuantities',$,$,(#1396,#1397,#1398,#1399,#1400,#1401));
#1403= IFCCARTESIANPOINT((7.65366864730368,-4.6536686472682,18.4775906502255));
#1404= IFCCARTESIANPOINT((8.00000000000182,-4.99999999996362,18.2924726854799));
#1405= IFCCARTESIANPOINT((8.,-4.99999999996362,211.70752731452));
#1406= IFCCARTESIANPOINT((7.65366864730186,-4.6536686472682,211.522409349775));
#1407= IFCCARTESIANPOINT((3.90180644032216,-0.901806440306245,210.384294391937));
#1408= IFCCARTESIANPOINT((-9.09494701772928E-13,3.,210.));
#1409= IFCCARTESIANPOINT((9.09494701772928E-13,3.,20.));
#1410= IFCCARTESIANPOINT((3.90180644032398,-0.901806440306245,19.6157056080629));
#1411= IFCPOLYLOOP((#1403,#1404,#1405,#1406,#1407,#1408,#1409,#1410));
#1412= IFCFACEOUTERBOUND(#1411,.T.);
#1413= IFCFACE((#1412));
#1414= IFCCARTESIANPOINT((-9.09494701772928E-13,4.99999999998545,210.));
#1415= IFCPOLYLOOP((#1414,#908,#1409,#1408));
#1416= IFCFACEOUTERBOUND(#1415,.T.);
#1417= IFCFACE((#1416));
#1418= IFCCARTESIANPOINT((3.90180644032262,5.,210.384294391937));
#1419= IFCPOLYLOOP((#1418,#1414,#1408,#1407));
#1420= IFCFACEOUTERBOUND(#1419,.T.);
#1421= IFCFACE((#1420));
#1422= IFCCARTESIANPOINT((7.65366864730277,5.00000000000728,211.522409349775));
#1423= IFCPOLYLOOP((#1422,#1418,#1407,#1406));
#1424= IFCFACEOUTERBOUND(#1423,.T.);
#1425= IFCFACE((#1424));
#1426= IFCCARTESIANPOINT((11.1114046603925,-4.99999999994907,213.37060775395));
#1427= IFCCARTESIANPOINT((11.1114046603939,5.00000000002183,213.37060775395));
#1428= IFCPOLYLOOP((#1426,#1427,#1422,#1406,#1405));
#1429= IFCFACEOUTERBOUND(#1428,.T.);
#1430= IFCFACE((#1429));
#1431= IFCCARTESIANPOINT((14.1421356237324,-4.99999999994179,215.85786437627));
#1432= IFCCARTESIANPOINT((14.1421356237333,5.0000000000291,215.85786437627));
#1433= IFCPOLYLOOP((#1426,#1431,#1432,#1427));
#1434= IFCFACEOUTERBOUND(#1433,.T.);
#1435= IFCFACE((#1434));
#1436= IFCCARTESIANPOINT((16.6293922460527,-4.99999999993452,218.888595339609));
#1437= IFCCARTESIANPOINT((16.6293922460536,5.00000000003638,218.888595339609));
#1438= IFCPOLYLOOP((#1431,#1436,#1437,#1432));
#1439= IFCFACEOUTERBOUND(#1438,.T.);
#1440= IFCFACE((#1439));
#1441= IFCCARTESIANPOINT((18.4775906502277,-4.99999999992724,222.346331352699));
#1442= IFCCARTESIANPOINT((18.4775906502286,5.00000000004366,222.346331352699));
#1443= IFCPOLYLOOP((#1436,#1441,#1442,#1437));
#1444= IFCFACEOUTERBOUND(#1443,.T.);
#1445= IFCFACE((#1444));
#1446= IFCCARTESIANPOINT((19.6157056080669,-4.99999999992724,226.098193559679));
#1447= IFCCARTESIANPOINT((19.6157056080679,5.00000000004366,226.098193559679));
#1448= IFCPOLYLOOP((#1441,#1446,#1447,#1442));
#1449= IFCFACEOUTERBOUND(#1448,.T.);
#1450= IFCFACE((#1449));
#1451= IFCCARTESIANPOINT((20.0000000000027,-4.99999999992724,230.));
#1452= IFCCARTESIANPOINT((20.0000000000036,5.00000000004366,230.));
#1453= IFCPOLYLOOP((#1446,#1451,#1452,#1447));
#1454= IFCFACEOUTERBOUND(#1453,.T.);
#1455= IFCFACE((#1454));
#1456= IFCCARTESIANPOINT((110.000000000024,-4.99999999968713,230.));
#1457= IFCCARTESIANPOINT((110.000000000025,5.00000000028376,230.));
#1458= IFCPOLYLOOP((#1451,#1456,#1457,#1452));
#1459= IFCFACEOUTERBOUND(#1458,.T.);
#1460= IFCFACE((#1459));
#1461= IFCCARTESIANPOINT((110.38429439196,-4.99999999968713,226.098193559679));
#1462= IFCCARTESIANPOINT((110.384294391961,5.00000000028376,226.098193559679));
#1463= IFCPOLYLOOP((#1456,#1461,#1462,#1457));
#1464= IFCFACEOUTERBOUND(#1463,.T.);
#1465= IFCFACE((#1464));
#1466= IFCCARTESIANPOINT((111.522409349799,-4.99999999968713,222.346331352699));
#1467= IFCCARTESIANPOINT((111.5224093498,5.00000000028376,222.346331352699));
#1468= IFCPOLYLOOP((#1461,#1466,#1467,#1462));
#1469= IFCFACEOUTERBOUND(#1468,.T.);
#1470= IFCFACE((#1469));
#1471= IFCCARTESIANPOINT((113.370607753974,-4.99999999967986,218.888595339609));
#1472= IFCCARTESIANPOINT((113.370607753975,5.00000000028376,218.888595339609));
#1473= IFCPOLYLOOP((#1466,#1471,#1472,#1467));
#1474= IFCFACEOUTERBOUND(#1473,.T.);
#1475= IFCFACE((#1474));
#1476= IFCCARTESIANPOINT((115.857864376295,-4.99999999967258,215.85786437627));
#1477= IFCCARTESIANPOINT((115.857864376296,5.00000000029831,215.85786437627));
#1478= IFCPOLYLOOP((#1471,#1476,#1477,#1472));
#1479= IFCFACEOUTERBOUND(#1478,.T.);
#1480= IFCFACE((#1479));
#1481= IFCCARTESIANPOINT((118.888595339634,-4.99999999967258,213.37060775395));
#1482= IFCCARTESIANPOINT((118.888595339635,5.00000000029831,213.37060775395));
#1483= IFCPOLYLOOP((#1476,#1481,#1482,#1477));
#1484= IFCFACEOUTERBOUND(#1483,.T.);
#1485= IFCFACE((#1484));
#1486= IFCCARTESIANPOINT((122.346331352725,-4.99999999966531,211.522409349775));
#1487= IFCCARTESIANPOINT((122.346331352726,5.00000000030559,211.522409349775));
#1488= IFCPOLYLOOP((#1481,#1486,#1487,#1482));
#1489= IFCFACEOUTERBOUND(#1488,.T.);
#1490= IFCFACE((#1489));
#1491= IFCCARTESIANPOINT((126.098193559705,-4.99999999965075,210.384294391937));
#1492= IFCCARTESIANPOINT((126.098193559706,5.00000000032014,210.384294391937));
#1493= IFCPOLYLOOP((#1486,#1491,#1492,#1487));
#1494= IFCFACEOUTERBOUND(#1493,.T.);
#1495= IFCFACE((#1494));
#1496= IFCCARTESIANPOINT((130.000000000029,-4.99999999964348,210.));
#1497= IFCCARTESIANPOINT((130.00000000003,5.00000000032742,210.));
#1498= IFCPOLYLOOP((#1491,#1496,#1497,#1492));
#1499= IFCFACEOUTERBOUND(#1498,.T.);
#1500= IFCFACE((#1499));
#1501= IFCPOLYLOOP((#1496,#997,#998,#1497));
#1502= IFCFACEOUTERBOUND(#1501,.T.);
#1503= IFCFACE((#1502));
#1504= IFCPOLYLOOP((#1073,#1068,#1067,#1404,#1403));
#1505= IFCFACEOUTERBOUND(#1504,.T.);
#1506= IFCFACE((#1505));
#1507= IFCPOLYLOOP((#1078,#1073,#1403,#1410));
#1508= IFCFACEOUTERBOUND(#1507,.T.);
#1509= IFCFACE((#1508));
#1510= IFCPOLYLOOP((#908,#1078,#1410,#1409));
#1511= IFCFACEOUTERBOUND(#1510,.T.);
#1512= IFCFACE((#1511));
#1513= IFCPOLYLOOP((#1418,#1422,#1427,#1432,#1437,#1442,#1447,#1452,#1457,#1462,#1467,#1472,#1477,#1482,#1487,#1492,#1497,#998,#1003,#1008,#1013,#1018,#1023,#1028,#1033,#1038,#1043,#1048,#1053,#1058,#1063,#1068,#1073,#1078,#908,#1414));
#1514= IFCFACEOUTERBOUND(#1513,.T.);
#1515= IFCFACE((#1514));
#1516= IFCPOLYLOOP((#1067,#1062,#1057,#1052,#1047,#1042,#1037,#1032,#1027,#1022,#1017,#1012,#1007,#1002,#997,#1496,#1491,#1486,#1481,#1476,#1471,#1466,#1461,#1456,#1451,#1446,#1441,#1436,#1431,#1426,#1405,#1404));
#1517= IFCFACEOUTERBOUND(#1516,.T.);
#1518= IFCFACE((#1517));
#1519= IFCCLOSEDSHELL((#1413,#1417,#1421,#1425,#1430,#1435,#1440,#1445,#1450,#1455,#1460,#1465,#1470,#1475,#1480,#1485,#1490,#1495,#1500,#1503,#1006,#1011,#1016,#1021,#1026,#1031,#1036,#1041,#1046,#1051,#1056,#1061,#1066,#1071,#1506,#1509,#1512,#1515,#1518));
#1520= IFCFACETEDBREP(#1519);
#1521= IFCSTYLEDITEM(#1520,(#904),$);
#1522= IFCSHAPEREPRESENTATION(#12,'Body','Brep',(#1520));
#1523= IFCPRODUCTDEFINITIONSHAPE($,$,(#1522));
#1524= IFCCARTESIANPOINT((57024.8478554944,2572.99056122599,16870.000769225));
#1525= IFCAXIS2PLACEMENT3D(#1524,#829,#1097);
#1526= IFCLOCALPLACEMENT(#42,#1525);
#1527= IFCPLATE('36eJFV0fbADv$9EoFb2c7F',#1339,'PLATE-10','PL10*130',$,#1526,#1523,'IDc6a133df-0299-4a37-9fc9-3b23e50a61cf');
#1528= IFCPLATETYPE('1IjK3LORf1T9L3ucbGW4dg',#5,'PL10*130',$,$,$,$,$,$,.NOTDEFINED.);
#1529= IFCPROPERTYSINGLEVALUE('Bottom elevation',$,IFCLABEL(' +16.640'),$);
#1530= IFCPROPERTYSINGLEVALUE('Top elevation',$,IFCLABEL(' +16.870'),$);
#1531= IFCPROPERTYSINGLEVALUE('Preliminary mark',$,IFCLABEL('5-2-P104'),$);
#1532= IFCPROPERTYSET('3K_sLdDWf1hgKR8Q_rXyUi',#5,'Tekla Common','Common Properties to Shared building elements',(#1529,#1530,#1104,#1531,#1106,#1107));
#1533= IFCPROPERTYSINGLEVALUE('Weight',$,IFCMASSMEASURE(2.2),$);
#1534= IFCPROPERTYSINGLEVALUE('Area per tons',$,IFCAREAMEASURE(28.714),$);
#1535= IFCPROPERTYSINGLEVALUE('Net surface area',$,IFCAREAMEASURE(0.063),$);
#1536= IFCPROPERTYSINGLEVALUE('Height',$,IFCLENGTHMEASURE(130.),$);
#1537= IFCPROPERTYSINGLEVALUE('Length',$,IFCLENGTHMEASURE(230.),$);
#1538= IFCPROPERTYSET('2snNuEqILFe9vhnZBpGXMF',#5,'Tekla Quantity','Quantity Properties to Shared building elements',(#1533,#1110,#1224,#1534,#1535,#1536,#1115,#1537));
#1539= IFCPROPERTYSINGLEVALUE('Reference',$,IFCIDENTIFIER('5-2-P104'),$);
#1540= IFCPROPERTYSET('1j9wHkjzz9RxUM7s6cozf9',#5,'Pset_PlateCommon','Common Properties to plate elements',(#1118,#1539));
#1541= IFCQUANTITYLENGTH('Width',$,$,130.000000000064);
#1542= IFCQUANTITYAREA('NetArea',$,$,0.0632061206819144);
#1543= IFCQUANTITYAREA('GrossArea',$,$,0.0299000000000148);
#1544= IFCQUANTITYVOLUME('NetVolume',$,$,0.000280412706931566);
#1545= IFCQUANTITYVOLUME('GrossVolume',$,$,0.000286514219396039);
#1546= IFCELEMENTQUANTITY('0usWISVe932BBBLauiJjP3',#5,'BaseQuantities',$,$,(#1541,#1542,#1543,#1124,#1544,#1545));
#1547= IFCCARTESIANPOINT((3.90180644032353,0.901806440335349,19.6157056080629));
#1548= IFCCARTESIANPOINT((-4.54747350886464E-13,-2.99999999998545,20.));
#1549= IFCCARTESIANPOINT((-4.54747350886464E-13,-2.99999999998545,210.));
#1550= IFCCARTESIANPOINT((3.90180644032353,0.901806440335349,210.384294391937));
#1551= IFCCARTESIANPOINT((7.65366864730458,4.65366864731914,211.522409349775));
#1552= IFCCARTESIANPOINT((8.00000000000273,5.00000000000728,211.70752731452));
#1553= IFCCARTESIANPOINT((8.00000000000273,5.00000000000728,18.2924726854799));
#1554= IFCCARTESIANPOINT((7.65366864730458,4.65366864731914,18.4775906502255));
#1555= IFCPOLYLOOP((#1547,#1548,#1549,#1550,#1551,#1552,#1553,#1554));
#1556= IFCFACEOUTERBOUND(#1555,.T.);
#1557= IFCFACE((#1556));
#1558= IFCCARTESIANPOINT((-4.54747350886464E-13,-4.99999999998545,210.));
#1559= IFCPOLYLOOP((#905,#1558,#1549,#1548));
#1560= IFCFACEOUTERBOUND(#1559,.T.);
#1561= IFCFACE((#1560));
#1562= IFCCARTESIANPOINT((3.90180644032307,-4.9999999999709,210.384294391937));
#1563= IFCPOLYLOOP((#1558,#1562,#1550,#1549));
#1564= IFCFACEOUTERBOUND(#1563,.T.);
#1565= IFCFACE((#1564));
#1566= IFCCARTESIANPOINT((7.65366864730322,-4.99999999995634,211.522409349775));
#1567= IFCPOLYLOOP((#1562,#1566,#1551,#1550));
#1568= IFCFACEOUTERBOUND(#1567,.T.);
#1569= IFCFACE((#1568));
#1570= IFCPOLYLOOP((#1566,#1426,#1427,#1552,#1551));
#1571= IFCFACEOUTERBOUND(#1570,.T.);
#1572= IFCFACE((#1571));
#1573= IFCPOLYLOOP((#1068,#1067,#1072,#1554,#1553));
#1574= IFCFACEOUTERBOUND(#1573,.T.);
#1575= IFCFACE((#1574));
#1576= IFCPOLYLOOP((#1072,#1077,#1547,#1554));
#1577= IFCFACEOUTERBOUND(#1576,.T.);
#1578= IFCFACE((#1577));
#1579= IFCPOLYLOOP((#1077,#905,#1548,#1547));
#1580= IFCFACEOUTERBOUND(#1579,.T.);
#1581= IFCFACE((#1580));
#1582= IFCPOLYLOOP((#1427,#1432,#1437,#1442,#1447,#1452,#1457,#1462,#1467,#1472,#1477,#1482,#1487,#1492,#1497,#998,#1003,#1008,#1013,#1018,#1023,#1028,#1033,#1038,#1043,#1048,#1053,#1058,#1063,#1068,#1553,#1552));
#1583= IFCFACEOUTERBOUND(#1582,.T.);
#1584= IFCFACE((#1583));
#1585= IFCPOLYLOOP((#1077,#1072,#1067,#1062,#1057,#1052,#1047,#1042,#1037,#1032,#1027,#1022,#1017,#1012,#1007,#1002,#997,#1496,#1491,#1486,#1481,#1476,#1471,#1466,#1461,#1456,#1451,#1446,#1441,#1436,#1431,#1426,#1566,#1562,#1558,#905));
#1586= IFCFACEOUTERBOUND(#1585,.T.);
#1587= IFCFACE((#1586));
#1588= IFCCLOSEDSHELL((#1557,#1561,#1565,#1569,#1572,#1435,#1440,#1445,#1450,#1455,#1460,#1465,#1470,#1475,#1480,#1485,#1490,#1495,#1500,#1503,#1006,#1011,#1016,#1021,#1026,#1031,#1036,#1041,#1046,#1051,#1056,#1061,#1066,#1071,#1575,#1578,#1581,#1584,#1587));
#1589= IFCFACETEDBREP(#1588);
#1590= IFCSTYLEDITEM(#1589,(#904),$);
#1591= IFCSHAPEREPRESENTATION(#12,'Body','Brep',(#1589));
#1592= IFCPRODUCTDEFINITIONSHAPE($,$,(#1591));
#1593= IFCCARTESIANPOINT((57154.8478551897,2572.99945439663,16870.000769225));
#1594= IFCAXIS2PLACEMENT3D(#1593,#829,#1097);
#1595= IFCLOCALPLACEMENT(#42,#1594);
#1596= IFCPLATE('10yC2ZP2TD99wO651RRU_D',#160,'PLATE-10','PL10*130',$,#1595,#1592,'ID40f0c0a3-6427-4d24-9e98-18505b6def8d');
#1597= IFCQUANTITYLENGTH('Width',$,$,129.999999999575);
#1598= IFCQUANTITYAREA('NetArea',$,$,0.0632061206816695);
#1599= IFCQUANTITYAREA('GrossArea',$,$,0.0298999999999023);
#1600= IFCQUANTITYVOLUME('NetVolume',$,$,0.000280412706930392);
#1601= IFCELEMENTQUANTITY('1RK9ruMiPBA99NLHSKlEjT',#5,'BaseQuantities',$,$,(#1597,#1598,#1599,#1124,#1600,#1545));
#1602= IFCCARTESIANPOINT((349.999999998989,5.,10.00000000003));
#1603= IFCCARTESIANPOINT((349.999999998967,-5.,2.81943357549608E-11));
#1604= IFCCARTESIANPOINT((2.91038304567337E-11,5.,10.0000000000023));
#1605= IFCPOLYLOOP((#1602,#1603,#1243,#1604));
#1606= IFCFACEOUTERBOUND(#1605,.T.);
#1607= IFCFACE((#1606));
#1608= IFCCARTESIANPOINT((349.999999999309,-5.,130.000000000055));
#1609= IFCCARTESIANPOINT((349.999999999287,5.,120.000000000052));
#1610= IFCCARTESIANPOINT((3.20142135024071E-10,5.,120.000000000027));
#1611= IFCCARTESIANPOINT((3.41970007866621E-10,-5.,130.000000000029));
#1612= IFCPOLYLOOP((#1608,#1609,#1610,#1611));
#1613= IFCFACEOUTERBOUND(#1612,.T.);
#1614= IFCFACE((#1613));
#1615= IFCPOLYLOOP((#1611,#1610,#1604,#1243));
#1616= IFCFACEOUTERBOUND(#1615,.T.);
#1617= IFCFACE((#1616));
#1618= IFCPOLYLOOP((#1609,#1608,#1603,#1602));
#1619= IFCFACEOUTERBOUND(#1618,.T.);
#1620= IFCFACE((#1619));
#1621= IFCPOLYLOOP((#1610,#1609,#1602,#1604));
#1622= IFCFACEOUTERBOUND(#1621,.T.);
#1623= IFCFACE((#1622));
#1624= IFCPOLYLOOP((#1603,#1608,#1611,#1243));
#1625= IFCFACEOUTERBOUND(#1624,.T.);
#1626= IFCFACE((#1625));
#1627= IFCCLOSEDSHELL((#1607,#1614,#1617,#1620,#1623,#1626));
#1628= IFCFACETEDBREP(#1627);
#1629= IFCSTYLEDITEM(#1628,(#904),$);
#1630= IFCSHAPEREPRESENTATION(#12,'Body','Brep',(#1628));
#1631= IFCPRODUCTDEFINITIONSHAPE($,$,(#1630));
#1632= IFCCARTESIANPOINT((56914.8478557521,2572.98303623543,16635.0007692249));
#1633= IFCAXIS2PLACEMENT3D(#1632,#1097,#1154);
#1634= IFCLOCALPLACEMENT(#42,#1633);
#1635= IFCPLATE('1AYe1W5EDEpuE4LV463I6b',#160,'PLATE-10','PL10*130',$,#1634,#1631,'ID4a8a8060-14e3-4ecf-8384-55f1060d21a5');
#1636= IFCPROPERTYSINGLEVALUE('Top elevation',$,IFCLABEL(' +16.640'),$);
#1637= IFCPROPERTYSINGLEVALUE('Preliminary mark',$,IFCLABEL('5-2-P103'),$);
#1638= IFCPROPERTYSET('3K59DphqDFWxpexlssXKML',#5,'Tekla Common','Common Properties to Shared building elements',(#1380,#1636,#1104,#1637,#1106,#1107));
#1639= IFCPROPERTYSINGLEVALUE('Weight',$,IFCMASSMEASURE(3.3),$);
#1640= IFCPROPERTYSINGLEVALUE('Gross footprint area',$,IFCAREAMEASURE(0.045),$);
#1641= IFCPROPERTYSINGLEVALUE('Area per tons',$,IFCAREAMEASURE(29.208),$);
#1642= IFCPROPERTYSINGLEVALUE('Net surface area',$,IFCAREAMEASURE(0.096),$);
#1643= IFCPROPERTYSET('2YHgSxPKv6XwBd863WdypK',#5,'Tekla Quantity','Quantity Properties to Shared building elements',(#1639,#1110,#1640,#1641,#1642,#1536,#1115,#1392));
#1644= IFCPROPERTYSINGLEVALUE('Reference',$,IFCIDENTIFIER('5-2-P103'),$);
#1645= IFCPROPERTYSET('00R83ZIV5C8hnaEMbyaLzr',#5,'Pset_PlateCommon','Common Properties to plate elements',(#1118,#1644));
#1646= IFCQUANTITYLENGTH('Width',$,$,130.);
#1647= IFCQUANTITYAREA('NetArea',$,$,0.0962994949366113);
#1648= IFCQUANTITYAREA('GrossArea',$,$,0.0455000000000003);
#1649= IFCQUANTITYVOLUME('NetVolume',$,$,0.000419999999999998);
#1650= IFCQUANTITYVOLUME('GrossVolume',$,$,0.000454999999999998);
#1651= IFCELEMENTQUANTITY('1SUVVpwBbEVh5ZUHPpGzHw',#5,'BaseQuantities',$,$,(#1646,#1647,#1648,#1124,#1649,#1650));
#1652= IFCCARTESIANPOINT((2.91038304567337E-11,-5.,10.0000000000023));
#1653= IFCCARTESIANPOINT((349.999999998967,5.,2.81943357549608E-11));
#1654= IFCCARTESIANPOINT((349.999999998989,-5.,10.00000000003));
#1655= IFCPOLYLOOP((#1652,#1246,#1653,#1654));
#1656= IFCFACEOUTERBOUND(#1655,.T.);
#1657= IFCFACE((#1656));
#1658= IFCCARTESIANPOINT((349.999999999287,-5.,120.000000000052));
#1659= IFCCARTESIANPOINT((349.999999999309,5.,130.000000000055));
#1660= IFCCARTESIANPOINT((3.41970007866621E-10,5.,130.000000000029));
#1661= IFCCARTESIANPOINT((3.20142135024071E-10,-5.,120.000000000027));
#1662= IFCPOLYLOOP((#1658,#1659,#1660,#1661));
#1663= IFCFACEOUTERBOUND(#1662,.T.);
#1664= IFCFACE((#1663));
#1665= IFCPOLYLOOP((#1661,#1660,#1246,#1652));
#1666= IFCFACEOUTERBOUND(#1665,.T.);
#1667= IFCFACE((#1666));
#1668= IFCPOLYLOOP((#1659,#1658,#1654,#1653));
#1669= IFCFACEOUTERBOUND(#1668,.T.);
#1670= IFCFACE((#1669));
#1671= IFCPOLYLOOP((#1659,#1653,#1246,#1660));
#1672= IFCFACEOUTERBOUND(#1671,.T.);
#1673= IFCFACE((#1672));
#1674= IFCPOLYLOOP((#1658,#1661,#1652,#1654));
#1675= IFCFACEOUTERBOUND(#1674,.T.);
#1676= IFCFACE((#1675));
#1677= IFCCLOSEDSHELL((#1657,#1664,#1667,#1670,#1673,#1676));
#1678= IFCFACETEDBREP(#1677);
#1679= IFCSTYLEDITEM(#1678,(#904),$);
#1680= IFCSHAPEREPRESENTATION(#12,'Body','Brep',(#1678));
#1681= IFCPRODUCTDEFINITIONSHAPE($,$,(#1680));
#1682= IFCCARTESIANPOINT((56914.8478557521,2572.98303623543,16875.0007692249));
#1683= IFCAXIS2PLACEMENT3D(#1682,#1097,#1154);
#1684= IFCLOCALPLACEMENT(#42,#1683);
#1685= IFCPLATE('0zk4y3yGj7hgcYgRK4OPTM',#160,'PLATE-10','PL10*130',$,#1684,#1681,'ID3db84f03-f10b-47ae-a9a2-a9b504619756');
#1686= IFCPROPERTYSINGLEVALUE('Bottom elevation',$,IFCLABEL(' +16.870'),$);
#1687= IFCPROPERTYSET('2is5pq$Eb6NOyFaW5zKNPu',#5,'Tekla Common','Common Properties to Shared building elements',(#1686,#1381,#1104,#1637,#1106,#1107));
#1688= IFCQUANTITYVOLUME('NetVolume',$,$,0.000419999999999998);
#1689= IFCELEMENTQUANTITY('3WiYFWfrLDJBZdgnJ2fbdx',#5,'BaseQuantities',$,$,(#1646,#1647,#1648,#1124,#1688,#1650));
#1690= IFCCOLOURRGB('Light Blue',0.23921568627451,0.,0.63921568627451);
#1691= IFCSURFACESTYLERENDERING(#1690,0.,$,$,$,$,IFCNORMALISEDRATIOMEASURE(0.00390625),IFCSPECULAREXPONENT(10.),.NOTDEFINED.);
#1692= IFCSURFACESTYLE('STEEL/S275',.POSITIVE.,(#1691));
#1693= IFCPRESENTATIONSTYLEASSIGNMENT((#1692));
#1694= IFCCARTESIANPOINT((2.91038304567337E-11,-10.0000000000023,0.));
#1695= IFCCARTESIANPOINT((2.91038304567337E-11,-10.0000000000023,470.));
#1696= IFCCARTESIANPOINT((-2.18278728425503E-11,10.0000000000027,470.));
#1697= IFCCARTESIANPOINT((-2.18278728425503E-11,10.0000000000027,0.));
#1698= IFCPOLYLOOP((#1694,#1695,#1696,#1697));
#1699= IFCFACEOUTERBOUND(#1698,.T.);
#1700= IFCFACE((#1699));
#1701= IFCCARTESIANPOINT((349.999999998996,-10.0000000000282,470.));
#1702= IFCCARTESIANPOINT((349.999999998945,9.99999999997681,470.));
#1703= IFCPOLYLOOP((#1695,#1701,#1702,#1696));
#1704= IFCFACEOUTERBOUND(#1703,.T.);
#1705= IFCFACE((#1704));
#1706= IFCCARTESIANPOINT((349.999999998996,-10.0000000000282,0.));
#1707= IFCCARTESIANPOINT((349.999999998945,9.99999999997681,0.));
#1708= IFCPOLYLOOP((#1701,#1706,#1707,#1702));
#1709= IFCFACEOUTERBOUND(#1708,.T.);
#1710= IFCFACE((#1709));
#1711= IFCPOLYLOOP((#1706,#1694,#1697,#1707));
#1712= IFCFACEOUTERBOUND(#1711,.T.);
#1713= IFCFACE((#1712));
#1714= IFCPOLYLOOP((#1702,#1707,#1697,#1696));
#1715= IFCFACEOUTERBOUND(#1714,.T.);
#1716= IFCFACE((#1715));
#1717= IFCPOLYLOOP((#1706,#1701,#1695,#1694));
#1718= IFCFACEOUTERBOUND(#1717,.T.);
#1719= IFCFACE((#1718));
#1720= IFCCLOSEDSHELL((#1700,#1705,#1710,#1713,#1716,#1719));
#1721= IFCFACETEDBREP(#1720);
#1722= IFCSTYLEDITEM(#1721,(#1693),$);
#1723= IFCSHAPEREPRESENTATION(#12,'Body','Brep',(#1721));
#1724= IFCPRODUCTDEFINITIONSHAPE($,$,(#1723));
#1725= IFCCARTESIANPOINT((56914.8485398419,2562.98303625882,16990.0007692249));
#1726= IFCAXIS2PLACEMENT3D(#1725,#829,#1154);
#1727= IFCLOCALPLACEMENT(#42,#1726);
#1728= IFCPLATE('37NroEDgP9jxuVE4L4YNgI',#160,'PLATE-20','PL20*350',$,#1727,#1724,'IDc75f5c8e-36a6-49b7-be1f-384544897a92');
#1729= IFCPLATETYPE('2S1YG8SHTDHu7Wl$HROkik',#5,'PL20*350',$,$,$,$,$,$,.NOTDEFINED.);
#1730= IFCPROPERTYSINGLEVALUE('Preliminary mark',$,IFCLABEL('5-2-P27'),$);
#1731= IFCPROPERTYSINGLEVALUE('Class',$,IFCLABEL('14'),$);
#1732= IFCPROPERTYSET('1vklG6Waf9jg3os9e1v0Ol',#5,'Tekla Common','Common Properties to Shared building elements',(#1219,#1324,#1104,#1730,#1106,#1731));
#1733= IFCPROPERTYSINGLEVALUE('Weight',$,IFCMASSMEASURE(25.83),$);
#1734= IFCPROPERTYSINGLEVALUE('Volume',$,IFCVOLUMEMEASURE(0.003),$);
#1735= IFCPROPERTYSINGLEVALUE('Gross footprint area',$,IFCAREAMEASURE(0.007),$);
#1736= IFCPROPERTYSINGLEVALUE('Area per tons',$,IFCAREAMEASURE(14.009),$);
#1737= IFCPROPERTYSINGLEVALUE('Net surface area',$,IFCAREAMEASURE(0.362),$);
#1738= IFCPROPERTYSINGLEVALUE('Height',$,IFCLENGTHMEASURE(350.),$);
#1739= IFCPROPERTYSINGLEVALUE('Width',$,IFCLENGTHMEASURE(20.),$);
#1740= IFCPROPERTYSINGLEVALUE('Length',$,IFCLENGTHMEASURE(470.),$);
#1741= IFCPROPERTYSET('2blR5npOrCmAEiM7RajZFW',#5,'Tekla Quantity','Quantity Properties to Shared building elements',(#1733,#1734,#1735,#1736,#1737,#1738,#1739,#1740));
#1742= IFCPROPERTYSINGLEVALUE('Reference',$,IFCIDENTIFIER('5-2-P27'),$);
#1743= IFCPROPERTYSET('0r9MzczzTALfM7y9C$AgDK',#5,'Pset_PlateCommon','Common Properties to plate elements',(#1118,#1742));
#1744= IFCQUANTITYLENGTH('Width',$,$,349.999999997981);
#1745= IFCQUANTITYAREA('NetArea',$,$,0.3618);
#1746= IFCQUANTITYAREA('GrossArea',$,$,0.164499999999051);
#1747= IFCQUANTITYAREA('CrossSectionArea',$,$,0.0004);
#1748= IFCQUANTITYVOLUME('NetVolume',$,$,0.00329);
#1749= IFCQUANTITYVOLUME('GrossVolume',$,$,0.00329);
#1750= IFCELEMENTQUANTITY('3RVo7ReR56OeNvLkq7Swg1',#5,'BaseQuantities',$,$,(#1744,#1745,#1746,#1747,#1748,#1749));
#1751= IFCCARTESIANPOINT((3.63797880709171E-12,-4.99999999999272,230.));
#1752= IFCCARTESIANPOINT((3.63797880709171E-12,4.99999999999272,230.));
#1753= IFCPOLYLOOP((#1243,#1751,#1752,#1246));
#1754= IFCFACEOUTERBOUND(#1753,.T.);
#1755= IFCFACE((#1754));
#1756= IFCCARTESIANPOINT((80.7835521012857,-5.00000000016735,230.));
#1757= IFCCARTESIANPOINT((77.448010158867,4.99999999982538,230.));
#1758= IFCPOLYLOOP((#1752,#1751,#1756,#1757));
#1759= IFCFACEOUTERBOUND(#1758,.T.);
#1760= IFCFACE((#1759));
#1761= IFCCARTESIANPOINT((77.448010158867,4.99999999982538,3.63797880709171E-12));
#1762= IFCPOLYLOOP((#1246,#1752,#1757,#1761));
#1763= IFCFACEOUTERBOUND(#1762,.T.);
#1764= IFCFACE((#1763));
#1765= IFCCARTESIANPOINT((80.7835521012857,-5.00000000016735,3.63797880709171E-12));
#1766= IFCPOLYLOOP((#1243,#1246,#1761,#1765));
#1767= IFCFACEOUTERBOUND(#1766,.T.);
#1768= IFCFACE((#1767));
#1769= IFCPOLYLOOP((#1751,#1243,#1765,#1756));
#1770= IFCFACEOUTERBOUND(#1769,.T.);
#1771= IFCFACE((#1770));
#1772= IFCPOLYLOOP((#1761,#1757,#1756,#1765));
#1773= IFCFACEOUTERBOUND(#1772,.T.);
#1774= IFCFACE((#1773));
#1775= IFCCLOSEDSHELL((#1755,#1760,#1764,#1768,#1771,#1774));
#1776= IFCFACETEDBREP(#1775);
#1777= IFCSTYLEDITEM(#1776,(#904),$);
#1778= IFCSHAPEREPRESENTATION(#12,'Body','Brep',(#1776));
#1779= IFCPRODUCTDEFINITIONSHAPE($,$,(#1778));
#1780= IFCCARTESIANPOINT((56920.096761611,6397.94089053886,16640.000769225));
#1781= IFCDIRECTION((0.316173193093606,0.948701487280901,0.));
#1782= IFCAXIS2PLACEMENT3D(#1780,#9,#1781);
#1783= IFCLOCALPLACEMENT(#42,#1782);
#1784= IFCPLATE('3dPE1WaNr89vzDN7M7D2px',#413,'PLATE-10','PL10*80.8',$,#1783,#1779,'IDe764e060-917d-4827-9f4d-5c7587342cfb');
#1785= IFCPLATETYPE('0AQCs55WjCGRoHpv3J20Hc',#5,'PL10*80.8',$,$,$,$,$,$,.NOTDEFINED.);
#1786= IFCPROPERTYSINGLEVALUE('Preliminary mark',$,IFCLABEL('5-2-P111'),$);
#1787= IFCPROPERTYSET('2d8kGWCHv0vBYyLrQqv_89',#5,'Tekla Common','Common Properties to Shared building elements',(#1529,#1530,#1104,#1786,#1106,#1107));
#1788= IFCPROPERTYSINGLEVALUE('Weight',$,IFCMASSMEASURE(1.43),$);
#1789= IFCPROPERTYSINGLEVALUE('Area per tons',$,IFCAREAMEASURE(29.893),$);
#1790= IFCPROPERTYSINGLEVALUE('Net surface area',$,IFCAREAMEASURE(0.043),$);
#1791= IFCPROPERTYSINGLEVALUE('Height',$,IFCLENGTHMEASURE(80.8),$);
#1792= IFCPROPERTYSET('1QZLLopRL9a8I0fQUvWnLC',#5,'Tekla Quantity','Quantity Properties to Shared building elements',(#1788,#1110,#1224,#1789,#1790,#1791,#1115,#1537));
#1793= IFCPROPERTYSINGLEVALUE('Reference',$,IFCIDENTIFIER('5-2-P111'),$);
#1794= IFCPROPERTYSET('0feOCD5q51hegmwe3In7eP',#5,'Pset_PlateCommon','Common Properties to plate elements',(#1118,#1793));
#1795= IFCQUANTITYLENGTH('Width',$,$,80.7835521013115);
#1796= IFCQUANTITYAREA('NetArea',$,$,0.0427001485004957);
#1797= IFCQUANTITYAREA('GrossArea',$,$,0.0185802169833016);
#1798= IFCQUANTITYVOLUME('NetVolume',$,$,0.000181966296598993);
#1799= IFCQUANTITYVOLUME('GrossVolume',$,$,0.000202377328491209);
#1800= IFCELEMENTQUANTITY('3T7tkCS696dgXCdjv_RTwD',#5,'BaseQuantities',$,$,(#1795,#1796,#1797,#1124,#1798,#1799));
#1801= IFCCOLOURRGB('Dark Blue',0.117647058823529,0.262745098039216,0.513725490196078);
#1802= IFCSURFACESTYLERENDERING(#1801,0.,$,$,$,$,IFCNORMALISEDRATIOMEASURE(0.00390625),IFCSPECULAREXPONENT(10.),.NOTDEFINED.);
#1803= IFCSURFACESTYLE('STEEL/S275',.POSITIVE.,(#1802));
#1804= IFCPRESENTATIONSTYLEASSIGNMENT((#1803));
#1805= IFCCARTESIANPOINT((9.99999999998772,125.,175.000000000022));
#1806= IFCCARTESIANPOINT((-1.22781784739345E-11,115.,165.000000000015));
#1807= IFCCARTESIANPOINT((-1.22781784739345E-11,-115.,165.000000000015));
#1808= IFCCARTESIANPOINT((9.99999999998772,-125.,175.000000000022));
#1809= IFCPOLYLOOP((#1805,#1806,#1807,#1808));
#1810= IFCFACEOUTERBOUND(#1809,.T.);
#1811= IFCFACE((#1810));
#1812= IFCCARTESIANPOINT((10.0000000000136,125.,-175.));
#1813= IFCCARTESIANPOINT((1.22781784739345E-11,115.,-175.000000000015));
#1814= IFCPOLYLOOP((#1812,#1813,#1806,#1805));
#1815= IFCFACEOUTERBOUND(#1814,.T.);
#1816= IFCFACE((#1815));
#1817= IFCCARTESIANPOINT((1.22781784739345E-11,-115.,-175.000000000015));
#1818= IFCCARTESIANPOINT((10.0000000000136,-125.,-175.));
#1819= IFCPOLYLOOP((#1817,#1818,#1808,#1807));
#1820= IFCFACEOUTERBOUND(#1819,.T.);
#1821= IFCFACE((#1820));
#1822= IFCCARTESIANPOINT((3712.98686659653,115.,165.000000005348));
#1823= IFCCARTESIANPOINT((3684.52040350768,115.000000000015,174.487013818762));
#1824= IFCCARTESIANPOINT((3681.358667973,115.,165.000000005304));
#1825= IFCPOLYLOOP((#1822,#1823,#1824));
#1826= IFCFACEOUTERBOUND(#1825,.T.);
#1827= IFCFACE((#1826));
#1828= IFCCARTESIANPOINT((3684.52040350768,-114.999999999985,174.487013818762));
#1829= IFCCARTESIANPOINT((3681.358667973,-115.,165.000000005304));
#1830= IFCPOLYLOOP((#1828,#1829,#1824,#1823));
#1831= IFCFACEOUTERBOUND(#1830,.T.);
#1832= IFCFACE((#1831));
#1833= IFCCARTESIANPOINT((3712.98686659666,-114.999999999985,165.000000002008));
#1834= IFCPOLYLOOP((#1833,#1829,#1828));
#1835= IFCFACEOUTERBOUND(#1834,.T.);
#1836= IFCFACE((#1835));
#1837= IFCCARTESIANPOINT((3968.00000000349,125.,-174.99999999431));
#1838= IFCCARTESIANPOINT((3968.00000000349,-125.,-174.99999999431));
#1839= IFCPOLYLOOP((#1837,#1838,#1818,#1817,#1813,#1812));
#1840= IFCFACEOUTERBOUND(#1839,.T.);
#1841= IFCFACE((#1840));
#1842= IFCCARTESIANPOINT((3968.00000000347,-125.,149.942603566873));
#1843= IFCCARTESIANPOINT((3757.99543646802,-125.,150.000001089204));
#1844= IFCCARTESIANPOINT((3682.99401114332,-125.,175.000000005297));
#1845= IFCPOLYLOOP((#1838,#1842,#1843,#1844,#1808,#1818));
#1846= IFCFACEOUTERBOUND(#1845,.T.);
#1847= IFCFACE((#1846));
#1848= IFCCARTESIANPOINT((3682.99401114332,125.,175.000000005297));
#1849= IFCPOLYLOOP((#1844,#1848,#1805,#1808));
#1850= IFCFACEOUTERBOUND(#1849,.T.);
#1851= IFCFACE((#1850));
#1852= IFCCARTESIANPOINT((3968.00000000347,115.,149.942603566873));
#1853= IFCCARTESIANPOINT((3968.00000000347,125.,149.942603566873));
#1854= IFCCARTESIANPOINT((3757.99543646802,125.,150.000001089204));
#1855= IFCCARTESIANPOINT((3757.99543646802,115.,150.000001089204));
#1856= IFCPOLYLOOP((#1852,#1853,#1854,#1855));
#1857= IFCFACEOUTERBOUND(#1856,.T.);
#1858= IFCFACE((#1857));
#1859= IFCPOLYLOOP((#1848,#1854,#1853,#1837,#1812,#1805));
#1860= IFCFACEOUTERBOUND(#1859,.T.);
#1861= IFCFACE((#1860));
#1862= IFCPOLYLOOP((#1813,#1817,#1807,#1806));
#1863= IFCFACEOUTERBOUND(#1862,.T.);
#1864= IFCCARTESIANPOINT((1.18234311230481E-11,-115.,-165.000000000015));
#1865= IFCCARTESIANPOINT((1.18234311230481E-11,115.,-165.000000000015));
#1866= IFCPOLYLOOP((#1806,#1807,#1864,#1865));
#1867= IFCFACEBOUND(#1866,.T.);
#1868= IFCFACE((#1863,#1867));
#1869= IFCCARTESIANPOINT((3968.00000000349,-115.,-164.99999999431));
#1870= IFCCARTESIANPOINT((3968.00000000349,115.,-164.99999999431));
#1871= IFCPOLYLOOP((#1865,#1864,#1869,#1870));
#1872= IFCFACEOUTERBOUND(#1871,.T.);
#1873= IFCFACE((#1872));
#1874= IFCCARTESIANPOINT((3968.00000000347,-115.,149.942603566873));
#1875= IFCPOLYLOOP((#1838,#1837,#1853,#1852,#1870,#1869,#1874,#1842));
#1876= IFCFACEOUTERBOUND(#1875,.T.);
#1877= IFCFACE((#1876));
#1878= IFCCARTESIANPOINT((3757.99543646802,-115.,150.000001089204));
#1879= IFCPOLYLOOP((#1842,#1874,#1878,#1843));
#1880= IFCFACEOUTERBOUND(#1879,.T.);
#1881= IFCFACE((#1880));
#1882= IFCPOLYLOOP((#1823,#1822,#1855,#1854,#1848,#1844,#1843,#1878,#1833,#1828));
#1883= IFCFACEOUTERBOUND(#1882,.T.);
#1884= IFCFACE((#1883));
#1885= IFCPOLYLOOP((#1806,#1865,#1870,#1852,#1855,#1822,#1824));
#1886= IFCFACEOUTERBOUND(#1885,.T.);
#1887= IFCFACE((#1886));
#1888= IFCPOLYLOOP((#1807,#1806,#1824,#1829));
#1889= IFCFACEOUTERBOUND(#1888,.T.);
#1890= IFCFACE((#1889));
#1891= IFCPOLYLOOP((#1878,#1874,#1869,#1864,#1807,#1829,#1833));
#1892= IFCFACEOUTERBOUND(#1891,.T.);
#1893= IFCFACE((#1892));
#1894= IFCCLOSEDSHELL((#1811,#1816,#1821,#1827,#1832,#1836,#1841,#1847,#1851,#1858,#1861,#1868,#1873,#1877,#1881,#1884,#1887,#1890,#1893));
#1895= IFCFACETEDBREP(#1894);
#1896= IFCSTYLEDITEM(#1895,(#1804),$);
#1897= IFCSHAPEREPRESENTATION(#12,'Body','Brep',(#1895));
#1898= IFCPRODUCTDEFINITIONSHAPE($,$,(#1897));
#1899= IFCCARTESIANPOINT((57089.8416679572,2715.00141946037,16755.000769225));
#1900= IFCDIRECTION((-0.999999999999928,-3.80000000859582E-07,0.));
#1901= IFCAXIS2PLACEMENT3D(#1899,#1900,#8);
#1902= IFCLOCALPLACEMENT(#42,#1901);
#1903= IFCBEAM('0L5M9QzDj3K9nwlaPikncL',#44,'B2-\S\?\S\Z350x250x10','TUB350X250X10 ',$,#1902,#1898,'ID1515625a-f4db-4350-9c7a-be466cbb1995');
#1904= IFCBEAMTYPE('1LIwQxDWPB7QosRTuRuIPi',#5,'TUB350X250X10 ',$,$,$,$,$,$,.NOTDEFINED.);
#1905= IFCPROPERTYSINGLEVALUE('Preliminary mark',$,IFCLABEL('5-2-P87'),$);
#1906= IFCPROPERTYSINGLEVALUE('Class',$,IFCLABEL('4'),$);
#1907= IFCPROPERTYSET('3gTd9FWgX2VBj9zkmGJqZr',#5,'Tekla Common','Common Properties to Shared building elements',(#1380,#1381,#1104,#1905,#1106,#1906));
#1908= IFCPROPERTYSINGLEVALUE('Weight',$,IFCMASSMEASURE(354.84),$);
#1909= IFCPROPERTYSINGLEVALUE('Volume',$,IFCVOLUMEMEASURE(0.045),$);
#1910= IFCPROPERTYSINGLEVALUE('Gross footprint area',$,IFCAREAMEASURE(1.383),$);
#1911= IFCPROPERTYSINGLEVALUE('Area per tons',$,IFCAREAMEASURE(13.16),$);
#1912= IFCPROPERTYSINGLEVALUE('Net surface area',$,IFCAREAMEASURE(4.67),$);
#1913= IFCPROPERTYSINGLEVALUE('Width',$,IFCLENGTHMEASURE(250.),$);
#1914= IFCPROPERTYSINGLEVALUE('Length',$,IFCLENGTHMEASURE(3968.),$);
#1915= IFCPROPERTYSET('2zUpERqiz6Nvl_FoKFTFDj',#5,'Tekla Quantity','Quantity Properties to Shared building elements',(#1908,#1909,#1910,#1911,#1912,#1738,#1913,#1914));
#1916= IFCPROPERTYSINGLEVALUE('Reference',$,IFCIDENTIFIER('5-2-P87'),$);
#1917= IFCPROPERTYSET('33AbwhVNn519V3KGRwgvis',#5,'Pset_BeamCommon','Common Properties to beam elements',(#1118,#1916));
#1918= IFCQUANTITYLENGTH('Length',$,$,3968.00000000319);
#1919= IFCQUANTITYAREA('OuterSurfaceArea',$,$,4.66972526114613);
#1920= IFCQUANTITYVOLUME('NetVolume',$,$,0.0452025608750036);
#1921= IFCQUANTITYWEIGHT('NetWeight',$,$,354.840102868779);
#1922= IFCELEMENTQUANTITY('39rUfrfPX1084t_DW97E3y',#5,'BaseQuantities',$,$,(#1918,#1919,#1920,#1921));
#1923= IFCCARTESIANPOINT((183.970001220717,-4.99999999970896,230.));
#1924= IFCCARTESIANPOINT((183.970001220719,5.00000000031287,230.));
#1925= IFCPOLYLOOP((#1751,#1923,#1924,#1752));
#1926= IFCFACEOUTERBOUND(#1925,.T.);
#1927= IFCFACE((#1926));
#1928= IFCCARTESIANPOINT((183.970001220717,-4.99999999970896,-7.27595761418343E-12));
#1929= IFCCARTESIANPOINT((183.970001220719,5.00000000031287,-7.27595761418343E-12));
#1930= IFCPOLYLOOP((#1923,#1928,#1929,#1924));
#1931= IFCFACEOUTERBOUND(#1930,.T.);
#1932= IFCFACE((#1931));
#1933= IFCPOLYLOOP((#1928,#1243,#1246,#1929));
#1934= IFCFACEOUTERBOUND(#1933,.T.);
#1935= IFCFACE((#1934));
#1936= IFCPOLYLOOP((#1924,#1929,#1246,#1752));
#1937= IFCFACEOUTERBOUND(#1936,.T.);
#1938= IFCFACE((#1937));
#1939= IFCPOLYLOOP((#1928,#1923,#1751,#1243));
#1940= IFCFACEOUTERBOUND(#1939,.T.);
#1941= IFCFACE((#1940));
#1942= IFCCLOSEDSHELL((#1755,#1927,#1932,#1935,#1938,#1941));
#1943= IFCFACETEDBREP(#1942);
#1944= IFCSTYLEDITEM(#1943,(#904),$);
#1945= IFCSHAPEREPRESENTATION(#12,'Body','Brep',(#1943));
#1946= IFCPRODUCTDEFINITIONSHAPE($,$,(#1945));
#1947= IFCCARTESIANPOINT((56944.8849431537,6481.02268757875,16870.0007692249));
#1948= IFCDIRECTION((-5.38649999765861E-05,0.999999998549281,0.));
#1949= IFCAXIS2PLACEMENT3D(#1947,#829,#1948);
#1950= IFCLOCALPLACEMENT(#42,#1949);
#1951= IFCPLATE('2aks7J0g18jftXc4X39FCf',#413,'PLATE-10','PL10*184',$,#1950,#1946,'IDa4bb61d3-02a0-48b6-9de1-98484324f329');
#1952= IFCPLATETYPE('34F7XFbcjAoQhBEJDMN61Y',#5,'PL10*184',$,$,$,$,$,$,.NOTDEFINED.);
#1953= IFCPROPERTYSINGLEVALUE('Preliminary mark',$,IFCLABEL('5-2-P100'),$);
#1954= IFCPROPERTYSET('0d5JJ0YUbEgwFYkp3fFhZE',#5,'Tekla Common','Common Properties to Shared building elements',(#1529,#1530,#1104,#1953,#1106,#1107));
#1955= IFCPROPERTYSINGLEVALUE('Weight',$,IFCMASSMEASURE(3.32),$);
#1956= IFCPROPERTYSINGLEVALUE('Gross footprint area',$,IFCAREAMEASURE(0.002),$);
#1957= IFCPROPERTYSINGLEVALUE('Area per tons',$,IFCAREAMEASURE(27.97),$);
#1958= IFCPROPERTYSINGLEVALUE('Net surface area',$,IFCAREAMEASURE(0.093),$);
#1959= IFCPROPERTYSINGLEVALUE('Height',$,IFCLENGTHMEASURE(184.),$);
#1960= IFCPROPERTYSET('0Y0DSx88rE68kCKP84EtZ5',#5,'Tekla Quantity','Quantity Properties to Shared building elements',(#1955,#1110,#1956,#1957,#1958,#1959,#1115,#1537));
#1961= IFCPROPERTYSINGLEVALUE('Reference',$,IFCIDENTIFIER('5-2-P100'),$);
#1962= IFCPROPERTYSET('3LQbdlGGP56u1PyiXx7ztR',#5,'Pset_PlateCommon','Common Properties to plate elements',(#1118,#1961));
#1963= IFCQUANTITYLENGTH('Width',$,$,183.970001220749);
#1964= IFCQUANTITYAREA('NetArea',$,$,0.092905600585938);
#1965= IFCQUANTITYAREA('GrossArea',$,$,0.0423131002807736);
#1966= IFCQUANTITYVOLUME('NetVolume',$,$,0.00042313100280762);
#1967= IFCQUANTITYVOLUME('GrossVolume',$,$,0.00042313100280762);
#1968= IFCELEMENTQUANTITY('3atbe1Hj9BSw$E1KWUqsYd',#5,'BaseQuantities',$,$,(#1963,#1964,#1965,#1124,#1966,#1967));
#1969= IFCCOLOURRGB('Light Green',0.356862745098039,0.592156862745098,0.137254901960784);
#1970= IFCSURFACESTYLERENDERING(#1969,0.,$,$,$,$,IFCNORMALISEDRATIOMEASURE(0.00390625),IFCSPECULAREXPONENT(10.),.NOTDEFINED.);
#1971= IFCSURFACESTYLE('STEEL/S275',.POSITIVE.,(#1970));
#1972= IFCPRESENTATIONSTYLEASSIGNMENT((#1971));
#1973= IFCCARTESIANPOINT((-2.18278728425503E-11,-4.00000000000091,0.));
#1974= IFCCARTESIANPOINT((-2.18278728425503E-11,-4.00000000000091,230.));
#1975= IFCCARTESIANPOINT((0.,4.00000000000182,230.));
#1976= IFCCARTESIANPOINT((0.,4.00000000000182,0.));
#1977= IFCPOLYLOOP((#1973,#1974,#1975,#1976));
#1978= IFCFACEOUTERBOUND(#1977,.T.);
#1979= IFCFACE((#1978));
#1980= IFCCARTESIANPOINT((314.966918944781,-4.00000000002728,230.));
#1981= IFCCARTESIANPOINT((314.966918944803,3.99999999997362,230.));
#1982= IFCPOLYLOOP((#1974,#1980,#1981,#1975));
#1983= IFCFACEOUTERBOUND(#1982,.T.);
#1984= IFCFACE((#1983));
#1985= IFCCARTESIANPOINT((314.966918944781,-4.00000000002728,-3.63797880709171E-12));
#1986= IFCCARTESIANPOINT((314.966918944803,3.99999999997362,-3.63797880709171E-12));
#1987= IFCPOLYLOOP((#1980,#1985,#1986,#1981));
#1988= IFCFACEOUTERBOUND(#1987,.T.);
#1989= IFCFACE((#1988));
#1990= IFCPOLYLOOP((#1985,#1973,#1976,#1986));
#1991= IFCFACEOUTERBOUND(#1990,.T.);
#1992= IFCFACE((#1991));
#1993= IFCPOLYLOOP((#1981,#1986,#1976,#1975));
#1994= IFCFACEOUTERBOUND(#1993,.T.);
#1995= IFCFACE((#1994));
#1996= IFCPOLYLOOP((#1985,#1980,#1974,#1973));
#1997= IFCFACEOUTERBOUND(#1996,.T.);
#1998= IFCFACE((#1997));
#1999= IFCCLOSEDSHELL((#1979,#1984,#1989,#1992,#1995,#1998));
#2000= IFCFACETEDBREP(#1999);
#2001= IFCSTYLEDITEM(#2000,(#1972),$);
#2002= IFCSHAPEREPRESENTATION(#12,'Body','Brep',(#2000));
#2003= IFCPRODUCTDEFINITIONSHAPE($,$,(#2002));
#2004= IFCCARTESIANPOINT((57254.8519072901,6477.02597769514,16870.0007692249));
#2005= IFCDIRECTION((-0.999999999936144,-1.13010000000913E-05,0.));
#2006= IFCAXIS2PLACEMENT3D(#2004,#829,#2005);
#2007= IFCLOCALPLACEMENT(#42,#2006);
#2008= IFCPLATE('28JbdDZPLE7B35yuNt9CX0',#1339,'PLATE-8','PL8*230',$,#2007,#2003,'ID884e59cd-8d95-4e1c-b0c5-f385f724c840');
#2009= IFCPLATETYPE('2iNBUiWIr0nAvVCUQapJ6R',#5,'PL8*230',$,$,$,$,$,$,.NOTDEFINED.);
#2010= IFCPROPERTYSINGLEVALUE('Preliminary mark',$,IFCLABEL('5-2-P75'),$);
#2011= IFCPROPERTYSINGLEVALUE('Class',$,IFCLABEL('17'),$);
#2012= IFCPROPERTYSET('0OjTmuDfP8JegAyiJbUMIq',#5,'Tekla Common','Common Properties to Shared building elements',(#1529,#1530,#1104,#2010,#1106,#2011));
#2013= IFCPROPERTYSINGLEVALUE('Weight',$,IFCMASSMEASURE(4.55),$);
#2014= IFCPROPERTYSINGLEVALUE('Gross footprint area',$,IFCAREAMEASURE(0.003),$);
#2015= IFCPROPERTYSINGLEVALUE('Area per tons',$,IFCAREAMEASURE(33.764),$);
#2016= IFCPROPERTYSINGLEVALUE('Net surface area',$,IFCAREAMEASURE(0.154),$);
#2017= IFCPROPERTYSINGLEVALUE('Height',$,IFCLENGTHMEASURE(230.),$);
#2018= IFCPROPERTYSINGLEVALUE('Width',$,IFCLENGTHMEASURE(8.),$);
#2019= IFCPROPERTYSINGLEVALUE('Length',$,IFCLENGTHMEASURE(315.),$);
#2020= IFCPROPERTYSET('02oWnaYqrE0wL7F4vMupDW',#5,'Tekla Quantity','Quantity Properties to Shared building elements',(#2013,#1386,#2014,#2015,#2016,#2017,#2018,#2019));
#2021= IFCPROPERTYSINGLEVALUE('Reference',$,IFCIDENTIFIER('5-2-P75'),$);
#2022= IFCPROPERTYSET('3khYdgXIjACAjp6Q4GaJil',#5,'Pset_PlateCommon','Common Properties to plate elements',(#1118,#2021));
#2023= IFCQUANTITYLENGTH('Width',$,$,230.000000000004);
#2024= IFCQUANTITYAREA('NetArea',$,$,0.15360425341797);
#2025= IFCQUANTITYAREA('GrossArea',$,$,0.072442391357423);
#2026= IFCQUANTITYAREA('CrossSectionArea',$,$,6.4E-05);
#2027= IFCQUANTITYVOLUME('NetVolume',$,$,0.00057953913085938);
#2028= IFCQUANTITYVOLUME('GrossVolume',$,$,0.00057953913085938);
#2029= IFCELEMENTQUANTITY('1b2Gj4peT4BuY4GwUd3rDu',#5,'BaseQuantities',$,$,(#2023,#2024,#2025,#2026,#2027,#2028));
#2030= IFCSHAPEREPRESENTATION(#12,'Body','Brep',(#2000));
#2031= IFCPRODUCTDEFINITIONSHAPE($,$,(#2030));
#2032= IFCCARTESIANPOINT((57254.8419072901,6668.99597769514,16870.0007692249));
#2033= IFCAXIS2PLACEMENT3D(#2032,#829,#2005);
#2034= IFCLOCALPLACEMENT(#42,#2033);
#2035= IFCPLATE('0hwifb_If3MPEnAPsRLsPq',#1339,'PLATE-8','PL8*230',$,#2034,#2031,'ID2beaca65-f92a-4359-93b1-299d9b576674');
#2036= IFCRELAGGREGATES('3SbYtX7a9DGuVScyZQuR6S',#5,$,$,#37,(#39));
#2037= IFCRELAGGREGATES('0iigPXH35DAQos2BdwUmDO',#5,$,$,#39,(#41));
#2038= IFCRELAGGREGATES('0_e8omHvTBqQ4O$QwzgBSh',#5,$,$,#41,(#43));
#2039= IFCRELCONTAINEDINSPATIALSTRUCTURE('3P$l6sCbHCPvFpkbxdjR9M',#5,$,$,(#2035,#2008,#1951,#1903,#1784,#1728,#1685,#1635,#1596,#1527,#1378,#1338,#1322,#1242,#1217,#1179,#1157,#1100,#900,#893,#886,#879,#872,#865,#858,#851,#844,#832,#412,#403,#395,#384,#304,#297,#290,#283,#276,#267,#258,#242,#159,#133),#43);
#2040= IFCRELDEFINESBYPROPERTIES('0$NLevpnzCafLlPqUd9hX4',#5,$,$,(#159,#133),#151);
#2041= IFCRELDEFINESBYPROPERTIES('2Js0XpcDf32xP4xsshkVvg',#5,$,$,(#304,#297,#290,#283,#276,#267,#258,#242),#248);
#2042= IFCRELDEFINESBYPROPERTIES('3QuSIStjL5QO5lXdKHOdxa',#5,$,$,(#412,#403,#395,#384),#386);
#2043= IFCRELDEFINESBYPROPERTIES('3iFjZdOm9BbQ4QvdKiVLHB',#5,$,$,(#900,#893,#886,#879,#872,#865,#858,#851,#844,#832),#837);
#2044= IFCRELDEFINESBYPROPERTIES('2zvwhW7u5FDBGfDM2m7v8x',#5,$,$,(#1100),#1108);
#2045= IFCRELDEFINESBYPROPERTIES('0DrtucSgv44vcU8utQL901',#5,$,$,(#1100),#1117);
#2046= IFCRELDEFINESBYPROPERTIES('1kskzMQmH4EBAUs2rbhk89',#5,$,$,(#1100),#1120);
#2047= IFCRELDEFINESBYPROPERTIES('3ZFaJaTojDyuaMJdhrbsCp',#5,$,$,(#1100),#1127);
#2048= IFCRELDEFINESBYPROPERTIES('2ZnGQbyh194OErObumR0Ry',#5,$,$,(#1179,#1157),#1160);
#2049= IFCRELDEFINESBYPROPERTIES('0XeDJSAff3kerZlV8TUSeE',#5,$,$,(#1179,#1157),#1165);
#2050= IFCRELDEFINESBYPROPERTIES('2ofy08Llb1TRjLXraBmNk2',#5,$,$,(#1179,#1157),#1167);
#2051= IFCRELDEFINESBYPROPERTIES('2pR9b2l7H76xGHV_O_EiP5',#5,$,$,(#1179,#1157),#1173);
#2052= IFCRELDEFINESBYPROPERTIES('1hojZYmEv3ZgVTzo$O8pHf',#5,$,$,(#1242,#1217),#1222);
#2053= IFCRELDEFINESBYPROPERTIES('2cFCOJV9j6yPQikpATTWzr',#5,$,$,(#1242,#1217),#1228);
#2054= IFCRELDEFINESBYPROPERTIES('3kSFeTrbfBMhOXnm2a3bHh',#5,$,$,(#1338,#1322,#1242,#1217),#1230);
#2055= IFCRELDEFINESBYPROPERTIES('2U2Fl$31568R5iVmL5X7io',#5,$,$,(#1242,#1217),#1236);
#2056= IFCRELDEFINESBYPROPERTIES('3CiwvDZn9DJw1KwQA1m2WK',#5,$,$,(#1338,#1322),#1325);
#2057= IFCRELDEFINESBYPROPERTIES('2ZL_3xBC93lOgSWk0V6Cxu',#5,$,$,(#1338,#1322),#1327);
#2058= IFCRELDEFINESBYPROPERTIES('3TsOHTcZbBbRNvC9ABq9Py',#5,$,$,(#1338,#1322),#1332);
#2059= IFCRELDEFINESBYPROPERTIES('28pSLDnjn9RwaDa1gEEYJY',#5,$,$,(#1378),#1384);
#2060= IFCRELDEFINESBYPROPERTIES('1OkYSM_8j02R6DYtKR24Ah',#5,$,$,(#1378),#1393);
#2061= IFCRELDEFINESBYPROPERTIES('1Go7Qy_NjEUegk_ipUco63',#5,$,$,(#1378),#1395);
#2062= IFCRELDEFINESBYPROPERTIES('3fz$o2K35CxvQ0UDSSl5KY',#5,$,$,(#1378),#1402);
#2063= IFCRELDEFINESBYPROPERTIES('0jnxbFHcr1nAIGrSHnTNX_',#5,$,$,(#1596,#1527),#1532);
#2064= IFCRELDEFINESBYPROPERTIES('0R2ZwX4I19j944KeQ1v4Lk',#5,$,$,(#1596,#1527),#1538);
#2065= IFCRELDEFINESBYPROPERTIES('0TX2C1rej3rf3BibPsOIhv',#5,$,$,(#1596,#1527),#1540);
#2066= IFCRELDEFINESBYPROPERTIES('11$hM38oT2$BFYK_NP3QOB',#5,$,$,(#1527),#1546);
#2067= IFCRELDEFINESBYPROPERTIES('1rhIxKP$PDrgjKvzFixorK',#5,$,$,(#1596),#1601);
#2068= IFCRELDEFINESBYPROPERTIES('1R5eI2lwTCFB9bPS_w5gux',#5,$,$,(#1635),#1638);
#2069= IFCRELDEFINESBYPROPERTIES('1xKNKiKsb6wvyFFrnjclhp',#5,$,$,(#1685,#1635),#1643);
#2070= IFCRELDEFINESBYPROPERTIES('2Lzz1hxDb5YxdV6ET0FCtS',#5,$,$,(#1685,#1635),#1645);
#2071= IFCRELDEFINESBYPROPERTIES('2rVDyC8mH9aAsV8jKab9MZ',#5,$,$,(#1635),#1651);
#2072= IFCRELDEFINESBYPROPERTIES('1S49HNZjv7XuyhQUJScx41',#5,$,$,(#1685),#1687);
#2073= IFCRELDEFINESBYPROPERTIES('0w4R8M9Rb6qeGvveTARUTM',#5,$,$,(#1685),#1689);
#2074= IFCRELDEFINESBYPROPERTIES('3L83RrxcT8v892IRF_2YVy',#5,$,$,(#1728),#1732);
#2075= IFCRELDEFINESBYPROPERTIES('1IUGxeVc5BKgkbGhSDvTuw',#5,$,$,(#1728),#1741);
#2076= IFCRELDEFINESBYPROPERTIES('3RnEgVih929gj1XkAXYMXL',#5,$,$,(#1728),#1743);
#2077= IFCRELDEFINESBYPROPERTIES('3MVSQXAj9ErwRZ$ojbnazN',#5,$,$,(#1728),#1750);
#2078= IFCRELDEFINESBYPROPERTIES('3YCwJ9x4L5$RfdeTpfkS1B',#5,$,$,(#1784),#1787);
#2079= IFCRELDEFINESBYPROPERTIES('0QmBJGGAD2VvUs9grkgNr7',#5,$,$,(#1784),#1792);
#2080= IFCRELDEFINESBYPROPERTIES('2iYq4a_6v7pQOwgzvMc_uB',#5,$,$,(#1784),#1794);
#2081= IFCRELDEFINESBYPROPERTIES('3UQh07B3T87AO_6Ugb2be4',#5,$,$,(#1784),#1800);
#2082= IFCRELDEFINESBYPROPERTIES('0_XvL7oJH5pOjc7c52EdvO',#5,$,$,(#1903),#1907);
#2083= IFCRELDEFINESBYPROPERTIES('2MuUJDw7HA29J9Swbf3gcJ',#5,$,$,(#1903),#1915);
#2084= IFCRELDEFINESBYPROPERTIES('3vYhHKX452kRYNUpJUxLNG',#5,$,$,(#1903),#1917);
#2085= IFCRELDEFINESBYPROPERTIES('3arm7Uo4b1Je2K8gZBC8gb',#5,$,$,(#1903),#1922);
#2086= IFCRELDEFINESBYPROPERTIES('12FBsHPjP7igE9BPl1CakN',#5,$,$,(#1951),#1954);
#2087= IFCRELDEFINESBYPROPERTIES('1Yqs6z4c57wwzz32R6yJkl',#5,$,$,(#1951),#1960);
#2088= IFCRELDEFINESBYPROPERTIES('38PeAgWsr13PrIU6_fVlCH',#5,$,$,(#1951),#1962);
#2089= IFCRELDEFINESBYPROPERTIES('0ceBQDb617ffdgy9jyxLJ2',#5,$,$,(#1951),#1968);
#2090= IFCRELDEFINESBYPROPERTIES('0nsCqwqbb1oOk0pI0MnVf$',#5,$,$,(#2035,#2008),#2012);
#2091= IFCRELDEFINESBYPROPERTIES('1y8kEjttzAY9DKMAy26jpA',#5,$,$,(#2035,#2008),#2020);
#2092= IFCRELDEFINESBYPROPERTIES('2ih$jAYqLB48OcIRWYkcH7',#5,$,$,(#2035,#2008),#2022);
#2093= IFCRELDEFINESBYPROPERTIES('17_jUFDcnEKf9lpNkaVuhm',#5,$,$,(#2035,#2008),#2029);
#2094= IFCRELDEFINESBYTYPE('38JrHqWrn0PeVqZPnj3DCh',#5,$,$,(#900,#893,#886,#879,#872,#865,#858,#851,#844,#832,#412,#403,#395,#384,#304,#297,#290,#283,#276,#267,#258,#242,#159,#133),#134);
#2095= IFCRELDEFINESBYTYPE('0khB4_kif7Cf$e_PIHgSaw',#5,$,$,(#1100),#1101);
#2096= IFCRELDEFINESBYTYPE('3luKyC_Rv9lA_U_vIph8uH',#5,$,$,(#1179,#1157),#1158);
#2097= IFCRELDEFINESBYTYPE('3yaiefUoj5vOp93omNlJKM',#5,$,$,(#1338,#1322,#1242,#1217),#1218);
#2098= IFCRELDEFINESBYTYPE('1yPY9hJRz4fRUopwv1SYB_',#5,$,$,(#1378),#1379);
#2099= IFCRELDEFINESBYTYPE('09FR34bwTCW8I6JDoRTP4H',#5,$,$,(#1685,#1635,#1596,#1527),#1528);
#2100= IFCRELDEFINESBYTYPE('2uWPuMkfvDZATwgb8dFgTz',#5,$,$,(#1728),#1729);
#2101= IFCRELDEFINESBYTYPE('2iaz1JbBzAWfnkihyZLkWY',#5,$,$,(#1784),#1785);
#2102= IFCRELDEFINESBYTYPE('0sNC754bn1KxclfPy24_rP',#5,$,$,(#1903),#1904);
#2103= IFCRELDEFINESBYTYPE('0FDfbuh6z3fPgGVwTjMqLY',#5,$,$,(#1951),#1952);
#2104= IFCRELDEFINESBYTYPE('24mMxU0Ln2lfynm_gxkpex',#5,$,$,(#2035,#2008),#2009);
#2105= IFCRELASSOCIATESMATERIAL('1qLeyRGcTADREqNDnfHnWF',#5,$,$,(#900,#893,#886,#879,#872,#865,#858,#851,#844,#832,#159,#133),#152);
#2106= IFCRELASSOCIATESMATERIAL('31qvz9Z9nCoOPcTGUuY8jD',#5,$,$,(#412,#403,#395,#384,#304,#297,#290,#283,#276,#267,#258,#242),#249);
#2107= IFCRELASSOCIATESMATERIAL('0YqEprVBz3KxAYE1vSQL9b',#5,$,$,(#2035,#2008,#1951,#1903,#1784,#1728,#1685,#1635,#1596,#1527,#1378,#1338,#1322,#1242,#1217,#1179,#1157,#1100),#1128);
#2108= IFCPRESENTATIONLAYERASSIGNMENT('BoltArray',$,(#126,#154,#235,#251,#260,#269,#278,#285,#292,#299,#377,#388,#397,#405,#825,#839,#846,#853,#860,#867,#874,#881,#888,#895),$);
#2109= IFCPRESENTATIONLAYERASSIGNMENT('PLATE-10',$,(#1094,#1151,#1174,#1212,#1237,#1317,#1333,#1522,#1591,#1630,#1680,#1778,#1945),$);
#2110= IFCPRESENTATIONLAYERASSIGNMENT('PLATE-12',$,(#1373),$);
#2111= IFCPRESENTATIONLAYERASSIGNMENT('PLATE-20',$,(#1723),$);
#2112= IFCPRESENTATIONLAYERASSIGNMENT('B2-\S\?\S\Z350x250x10',$,(#1897),$);
#2113= IFCPRESENTATIONLAYERASSIGNMENT('PLATE-8',$,(#2002,#2030),$);
ENDSEC;

END-ISO-10303-21;
