ISO-10303-21;
HEADER;
FILE_DESCRIPTION(('ViewDefinition[CoordinationView_V2.0, QuantityTakeOffAddOnView]', 'ExchangeRequirement[Structural, SurfaceGeometry]', 'Option [BaseQuantities:On]', 'Option [GridExport:On]', 'Option [Assemblies:Off]', 'Option [Bolts:On]', 'Option [Rebars:On]', 'Option [PourObjects:Off]', 'Option [Welds:Off]', 'Option [SurfaceTreatments:On]', 'Option [LocationBy:0]', 'Option [ViewColors:Off]', 'Option [SectionedSpine:Off]', 'Option [PropertySets:On]', 'Option [Export all:Off]'),'2;1');
FILE_NAME('5-2-A19_3.ifc','2026-03-10T08:04:13',('DESKTOP-NLV509P\\Ahmed'),('Structural Designer'),'IFC Parser version: 3.13.2','Tekla Structures 2023 Service Pack 8, IFC Export Version: 4.0.0.0 Jan 19 2024','');
FILE_SCHEMA(('IFC2X3'));
ENDSEC;

DATA;
#1= IFCPERSON('DESKTOP-NLV509P\\Ahmed','Undefined',$,$,$,$,$,$);
#2= IFCORGANIZATION($,'Trimble Solutions Corporation',$,$,$);
#3= IFCPERSONANDORGANIZATION(#1,#2,$);
#4= IFCAPPLICATION(#2,'2023 Service Pack 8','Tekla Structures','Multi material modeling');
#5= IFCOWNERHISTORY(#3,#4,$,.NOCHANGE.,$,$,$,1773119053);
#6= IFCCARTESIANPOINT((0.,0.,0.));
#7= IFCDIRECTION((1.,0.,0.));
#8= IFCDIRECTION((0.,1.,0.));
#9= IFCDIRECTION((0.,0.,1.));
#10= IFCAXIS2PLACEMENT3D(#6,#9,#7);
#11= IFCGEOMETRICREPRESENTATIONCONTEXT($,'Model',3,1.E-05,#10,$);
#12= IFCGEOMETRICREPRESENTATIONSUBCONTEXT('Body','Model',*,*,*,*,#11,$,.MODEL_VIEW.,$);
#13= IFCGEOMETRICREPRESENTATIONSUBCONTEXT('Axis','Model',*,*,*,*,#11,$,.GRAPH_VIEW.,$);
#14= IFCGEOMETRICREPRESENTATIONSUBCONTEXT('FootPrint','Model',*,*,*,*,#11,$,.MODEL_VIEW.,$);
#15= IFCSIUNIT(*,.LENGTHUNIT.,.MILLI.,.METRE.);
#16= IFCMEASUREWITHUNIT(IFCRATIOMEASURE(304.8),#15);
#17= IFCDIMENSIONALEXPONENTS(1,0,0,0,0,0,0);
#18= IFCCONVERSIONBASEDUNIT(#17,.LENGTHUNIT.,'FOOT',#16);
#19= IFCSIUNIT(*,.AREAUNIT.,$,.SQUARE_METRE.);
#20= IFCMEASUREWITHUNIT(IFCRATIOMEASURE(0.09290304),#19);
#21= IFCDIMENSIONALEXPONENTS(2,0,0,0,0,0,0);
#22= IFCCONVERSIONBASEDUNIT(#21,.AREAUNIT.,'SQUARE FOOT',#20);
#23= IFCSIUNIT(*,.VOLUMEUNIT.,$,.CUBIC_METRE.);
#24= IFCMEASUREWITHUNIT(IFCRATIOMEASURE(0.028316846592),#23);
#25= IFCDIMENSIONALEXPONENTS(3,0,0,0,0,0,0);
#26= IFCCONVERSIONBASEDUNIT(#25,.VOLUMEUNIT.,'CUBIC FOOT',#24);
#27= IFCSIUNIT(*,.MASSUNIT.,.KILO.,.GRAM.);
#28= IFCSIUNIT(*,.TIMEUNIT.,$,.SECOND.);
#29= IFCSIUNIT(*,.PLANEANGLEUNIT.,$,.RADIAN.);
#30= IFCMEASUREWITHUNIT(IFCRATIOMEASURE(0.0174532925199433),#29);
#31= IFCDIMENSIONALEXPONENTS(0,0,0,0,0,0,0);
#32= IFCCONVERSIONBASEDUNIT(#31,.PLANEANGLEUNIT.,'DEGREE',#30);
#33= IFCSIUNIT(*,.SOLIDANGLEUNIT.,$,.STERADIAN.);
#34= IFCSIUNIT(*,.THERMODYNAMICTEMPERATUREUNIT.,$,.DEGREE_CELSIUS.);
#35= IFCSIUNIT(*,.LUMINOUSINTENSITYUNIT.,$,.LUMEN.);
#36= IFCUNITASSIGNMENT((#15,#19,#23,#27,#28,#29,#33,#34,#35));
#37= IFCPROJECT('0X55c0Xk16xBU6LlgEu9p4',#5,'Undefined',$,$,$,$,(#11),#36);
#38= IFCLOCALPLACEMENT($,#10);
#39= IFCSITE('2bwxJPGhH4$fVGbS4ckuNT',#5,'Undefined',$,$,#38,$,$,.ELEMENT.,$,$,$,$,$);
#40= IFCLOCALPLACEMENT(#38,#10);
#41= IFCBUILDING('3fMOzQ0ff07g0wv3LrtuVC',#5,'Undefined',$,$,#40,$,$,.ELEMENT.,$,$,$);
#42= IFCLOCALPLACEMENT(#40,#10);
#43= IFCBUILDINGSTOREY('3gJPpYF7LCbf7I109fNVl5',#5,'Undefined',$,$,#42,$,$,.ELEMENT.,0.);
#44= IFCOWNERHISTORY(#3,#4,$,.NOCHANGE.,$,$,$,1770796800);
#45= IFCCOLOURRGB($,0.698039215686274,0.4,0.);
#46= IFCSURFACESTYLERENDERING(#45,0.,$,$,$,$,IFCNORMALISEDRATIOMEASURE(0.00390625),IFCSPECULAREXPONENT(10.),.NOTDEFINED.);
#47= IFCSURFACESTYLE('Undefined',.POSITIVE.,(#46));
#48= IFCPRESENTATIONSTYLEASSIGNMENT((#47));
#49= IFCCARTESIANPOINT((15.,-12.5000000057044,0.));
#50= IFCCARTESIANPOINT((12.9903810567663,-12.5000000057044,7.50000000000045));
#51= IFCCARTESIANPOINT((7.4999999999991,-12.5000000057044,12.9903810567671));
#52= IFCCARTESIANPOINT((-1.55450397240048E-12,-12.5000000057044,15.));
#53= IFCCARTESIANPOINT((-7.50000000000179,-12.5000000057044,12.9903810567655));
#54= IFCCARTESIANPOINT((-12.9903810567679,-12.5000000057044,7.49999999999776));
#55= IFCCARTESIANPOINT((-15.,-12.5000000057044,-3.10900794480097E-12));
#56= IFCCARTESIANPOINT((-12.9903810567648,-12.5000000057044,-7.50000000000313));
#57= IFCCARTESIANPOINT((-7.49999999999642,-12.5000000057044,-12.9903810567686));
#58= IFCCARTESIANPOINT((4.64685857183207E-12,-12.5000000057044,-15.));
#59= IFCCARTESIANPOINT((7.50000000000448,-12.5000000057044,-12.990381056764));
#60= IFCCARTESIANPOINT((12.9903810567694,-12.5000000057044,-7.49999999999507));
#61= IFCCARTESIANPOINT((15.,12.5999999935169,0.));
#62= IFCCARTESIANPOINT((12.9903810567663,12.5999999935169,7.50000000000045));
#63= IFCCARTESIANPOINT((7.4999999999991,12.5999999935169,12.9903810567671));
#64= IFCCARTESIANPOINT((-1.55450397240048E-12,12.5999999935169,15.));
#65= IFCCARTESIANPOINT((-7.50000000000179,12.5999999935169,12.9903810567655));
#66= IFCCARTESIANPOINT((-12.9903810567679,12.5999999935169,7.49999999999776));
#67= IFCCARTESIANPOINT((-15.,12.5999999935169,-3.10900794480097E-12));
#68= IFCCARTESIANPOINT((-12.9903810567648,12.5999999935169,-7.50000000000313));
#69= IFCCARTESIANPOINT((-7.49999999999642,12.5999999935169,-12.9903810567686));
#70= IFCCARTESIANPOINT((4.64685857183207E-12,12.5999999935169,-15.));
#71= IFCCARTESIANPOINT((7.50000000000448,12.5999999935169,-12.990381056764));
#72= IFCCARTESIANPOINT((12.9903810567694,12.5999999935169,-7.49999999999507));
#73= IFCPOLYLOOP((#49,#50,#51,#52,#53,#54,#55,#56,#57,#58,#59,#60));
#74= IFCFACEOUTERBOUND(#73,.T.);
#75= IFCFACE((#74));
#76= IFCPOLYLOOP((#72,#71,#70,#69,#68,#67,#66,#65,#64,#63,#62,#61));
#77= IFCFACEOUTERBOUND(#76,.T.);
#78= IFCFACE((#77));
#79= IFCPOLYLOOP((#49,#61,#62,#50));
#80= IFCFACEOUTERBOUND(#79,.T.);
#81= IFCFACE((#80));
#82= IFCPOLYLOOP((#50,#62,#63,#51));
#83= IFCFACEOUTERBOUND(#82,.T.);
#84= IFCFACE((#83));
#85= IFCPOLYLOOP((#51,#63,#64,#52));
#86= IFCFACEOUTERBOUND(#85,.T.);
#87= IFCFACE((#86));
#88= IFCPOLYLOOP((#52,#64,#65,#53));
#89= IFCFACEOUTERBOUND(#88,.T.);
#90= IFCFACE((#89));
#91= IFCPOLYLOOP((#53,#65,#66,#54));
#92= IFCFACEOUTERBOUND(#91,.T.);
#93= IFCFACE((#92));
#94= IFCPOLYLOOP((#54,#66,#67,#55));
#95= IFCFACEOUTERBOUND(#94,.T.);
#96= IFCFACE((#95));
#97= IFCPOLYLOOP((#55,#67,#68,#56));
#98= IFCFACEOUTERBOUND(#97,.T.);
#99= IFCFACE((#98));
#100= IFCPOLYLOOP((#56,#68,#69,#57));
#101= IFCFACEOUTERBOUND(#100,.T.);
#102= IFCFACE((#101));
#103= IFCPOLYLOOP((#57,#69,#70,#58));
#104= IFCFACEOUTERBOUND(#103,.T.);
#105= IFCFACE((#104));
#106= IFCPOLYLOOP((#58,#70,#71,#59));
#107= IFCFACEOUTERBOUND(#106,.T.);
#108= IFCFACE((#107));
#109= IFCPOLYLOOP((#59,#71,#72,#60));
#110= IFCFACEOUTERBOUND(#109,.T.);
#111= IFCFACE((#110));
#112= IFCPOLYLOOP((#60,#72,#61,#49));
#113= IFCFACEOUTERBOUND(#112,.T.);
#114= IFCFACE((#113));
#115= IFCCLOSEDSHELL((#75,#78,#81,#84,#87,#90,#93,#96,#99,#102,#105,#108,#111,#114));
#116= IFCCOLOURRGB($,0.,0.,0.);
#117= IFCSURFACESTYLERENDERING(#116,0.,$,$,$,$,IFCNORMALISEDRATIOMEASURE(0.00390625),IFCSPECULAREXPONENT(10.),.NOTDEFINED.);
#118= IFCSURFACESTYLE($,.POSITIVE.,(#117));
#119= IFCPRESENTATIONSTYLEASSIGNMENT((#118));
#120= IFCFACETEDBREP(#115);
#121= IFCSTYLEDITEM(#120,(#119),$);
#122= IFCCARTESIANTRANSFORMATIONOPERATOR3D($,$,#6,$,$);
#123= IFCSHAPEREPRESENTATION(#12,'Body','Brep',(#120));
#124= IFCREPRESENTATIONMAP(#10,#123);
#125= IFCMAPPEDITEM(#124,#122);
#126= IFCSHAPEREPRESENTATION(#12,'Body','MappedRepresentation',(#125));
#127= IFCPRODUCTDEFINITIONSHAPE($,$,(#126));
#128= IFCCARTESIANPOINT((1477.47711528389,16947.9984062718,15955.0014135933));
#129= IFCDIRECTION((3.86650000098144E-05,-0.999999999252509,-3.8198777474463E-14));
#130= IFCDIRECTION((-1.00000458284436E-09,0.,-1.));
#131= IFCAXIS2PLACEMENT3D(#128,#129,#130);
#132= IFCLOCALPLACEMENT(#42,#131);
#133= IFCMECHANICALFASTENER('2ANjmPufb449T29tAcO_P1',#44,'Bolt assembly',$,$,#132,#127,'ID8a5edc19-e299-4410-9742-2772a663e641',28.,25.);
#134= IFCMECHANICALFASTENERTYPE('2sj6TvtP5FGObxF4LH_N$q',#5,'Bolt assembly',$,$,$,$,$,$);
#135= IFCPROPERTYSINGLEVALUE('Washer count',$,IFCINTEGER(0),$);
#136= IFCPROPERTYSINGLEVALUE('Washer diameter',$,IFCLENGTHMEASURE(28.),$);
#137= IFCPROPERTYSINGLEVALUE('Washer type',$,IFCLABEL('PLAIN'),$);
#138= IFCPROPERTYSINGLEVALUE('Washer name',$,IFCLABEL(''),$);
#139= IFCPROPERTYSINGLEVALUE('Nut count',$,IFCINTEGER(0),$);
#140= IFCPROPERTYSINGLEVALUE('Nut type',$,IFCLABEL('HEAVY_HEX'),$);
#141= IFCPROPERTYSINGLEVALUE('Nut name',$,IFCLABEL(''),$);
#142= IFCPROPERTYSINGLEVALUE('Slotted hole y',$,IFCLENGTHMEASURE(0.),$);
#143= IFCPROPERTYSINGLEVALUE('Slotted hole x',$,IFCLENGTHMEASURE(0.),$);
#144= IFCPROPERTYSINGLEVALUE('Bolt hole diameter',$,IFCLENGTHMEASURE(30.),$);
#145= IFCPROPERTYSINGLEVALUE('Location',$,IFCLABEL('Site'),$);
#146= IFCPROPERTYSINGLEVALUE('Bolt count',$,IFCINTEGER(1),$);
#147= IFCPROPERTYSINGLEVALUE('Bolt size',$,IFCLENGTHMEASURE(30.),$);
#148= IFCPROPERTYSINGLEVALUE('Bolt length',$,IFCLENGTHMEASURE(25.),$);
#149= IFCPROPERTYSINGLEVALUE('Bolt standard',$,IFCLABEL(''),$);
#150= IFCPROPERTYSINGLEVALUE('Bolt Name',$,IFCLABEL(''),$);
#151= IFCPROPERTYSET('16X97U_ynCJhHvh78Y3ozZ',#5,'Tekla Bolt','Bolt Properties',(#135,#136,#137,#138,#139,#140,#141,#142,#143,#144,#145,#146,#147,#148,#149,#150));
#152= IFCMATERIAL('Undefined');
#153= IFCMAPPEDITEM(#124,#122);
#154= IFCSHAPEREPRESENTATION(#12,'Body','MappedRepresentation',(#153));
#155= IFCPRODUCTDEFINITIONSHAPE($,$,(#154));
#156= IFCCARTESIANPOINT((1477.48368833149,16777.9984063961,15955.0010168131));
#157= IFCAXIS2PLACEMENT3D(#156,#129,#130);
#158= IFCLOCALPLACEMENT(#42,#157);
#159= IFCMECHANICALFASTENER('173IZqZBzCif7Eg8eGT5e1',#44,'Bolt assembly',$,$,#158,#155,'ID470d28f4-8cbf-4cb2-91ce-a88a10745a01',28.,25.);
#160= IFCMAPPEDITEM(#124,#122);
#161= IFCSHAPEREPRESENTATION(#12,'Body','MappedRepresentation',(#160));
#162= IFCPRODUCTDEFINITIONSHAPE($,$,(#161));
#163= IFCCARTESIANPOINT((1477.49026138174,16607.9984065209,15955.0006200333));
#164= IFCAXIS2PLACEMENT3D(#163,#129,#130);
#165= IFCLOCALPLACEMENT(#42,#164);
#166= IFCMECHANICALFASTENER('0kgqzKfb1DIvgrchY6JJxT',#44,'Bolt assembly',$,$,#165,#162,'ID2eab4f54-a650-4d4b-9ab5-9ab8864d3edd',28.,25.);
#167= IFCMAPPEDITEM(#124,#122);
#168= IFCSHAPEREPRESENTATION(#12,'Body','MappedRepresentation',(#167));
#169= IFCPRODUCTDEFINITIONSHAPE($,$,(#168));
#170= IFCCARTESIANPOINT((1477.49683443097,16437.9984066456,15955.0002232536));
#171= IFCAXIS2PLACEMENT3D(#170,#129,#130);
#172= IFCLOCALPLACEMENT(#42,#171);
#173= IFCMECHANICALFASTENER('1I133icsjCuxwVNBo2I222',#44,'Bolt assembly',$,$,#172,#169,'ID520430ec-9b6b-4ce3-be9f-5cbc82482082',28.,25.);
#174= IFCMAPPEDITEM(#124,#122);
#175= IFCSHAPEREPRESENTATION(#12,'Body','MappedRepresentation',(#174));
#176= IFCPRODUCTDEFINITIONSHAPE($,$,(#175));
#177= IFCCARTESIANPOINT((1477.47711548371,16947.9984062728,16155.0002232534));
#178= IFCAXIS2PLACEMENT3D(#177,#129,#130);
#179= IFCLOCALPLACEMENT(#42,#178);
#180= IFCMECHANICALFASTENER('0155y6atz7XhTCzcv2cGWf',#44,'Bolt assembly',$,$,#179,#176,'ID01145f06-937f-4786-b74c-f66e42990829',28.,25.);
#181= IFCMAPPEDITEM(#124,#122);
#182= IFCSHAPEREPRESENTATION(#12,'Body','MappedRepresentation',(#181));
#183= IFCPRODUCTDEFINITIONSHAPE($,$,(#182));
#184= IFCCARTESIANPOINT((1477.47711548364,16947.9984062713,16155.001413593));
#185= IFCAXIS2PLACEMENT3D(#184,#129,#130);
#186= IFCLOCALPLACEMENT(#42,#185);
#187= IFCMECHANICALFASTENER('3LcG8dx7b7ZvYqxdicI2HQ',#44,'Bolt assembly',$,$,#186,#183,'IDd5990227-ec79-478f-98b4-ee7b2648245a',28.,25.);
#188= IFCMAPPEDITEM(#124,#122);
#189= IFCSHAPEREPRESENTATION(#12,'Body','MappedRepresentation',(#188));
#190= IFCPRODUCTDEFINITIONSHAPE($,$,(#189));
#191= IFCCARTESIANPOINT((1477.48368853287,16777.9984063961,16155.0010168131));
#192= IFCAXIS2PLACEMENT3D(#191,#129,#130);
#193= IFCLOCALPLACEMENT(#42,#192);
#194= IFCMECHANICALFASTENER('2V4ROqhDP1986sygGqssUi',#44,'Bolt assembly',$,$,#193,#190,'ID9f11b634-acd6-4124-81b6-f2a434db67ac',28.,25.);
#195= IFCMAPPEDITEM(#124,#122);
#196= IFCSHAPEREPRESENTATION(#12,'Body','MappedRepresentation',(#195));
#197= IFCPRODUCTDEFINITIONSHAPE($,$,(#196));
#198= IFCCARTESIANPOINT((1477.4902615821,16607.9984065208,16155.0006200333));
#199= IFCAXIS2PLACEMENT3D(#198,#129,#130);
#200= IFCLOCALPLACEMENT(#42,#199);
#201= IFCMECHANICALFASTENER('1zUNDhEEf76h8w$aa3FJVd',#44,'Bolt assembly',$,$,#200,#197,'ID7d79736b-38ea-471a-b23a-fe49033d37e7',28.,25.);
#202= IFCMAPPEDITEM(#124,#122);
#203= IFCSHAPEREPRESENTATION(#12,'Body','MappedRepresentation',(#202));
#204= IFCPRODUCTDEFINITIONSHAPE($,$,(#203));
#205= IFCCARTESIANPOINT((1477.49683463133,16437.9984066455,16155.0002232536));
#206= IFCAXIS2PLACEMENT3D(#205,#129,#130);
#207= IFCLOCALPLACEMENT(#42,#206);
#208= IFCMECHANICALFASTENER('1ommjtl7T8_QgModJwTCbO',#44,'Bolt assembly',$,$,#207,#204,'ID72c30b77-bc77-48f9-aa96-ca74fa74c958',28.,25.);
#209= IFCMAPPEDITEM(#124,#122);
#210= IFCSHAPEREPRESENTATION(#12,'Body','MappedRepresentation',(#209));
#211= IFCPRODUCTDEFINITIONSHAPE($,$,(#210));
#212= IFCCARTESIANPOINT((1477.47711568407,16947.9984062727,16355.0002232534));
#213= IFCAXIS2PLACEMENT3D(#212,#129,#130);
#214= IFCLOCALPLACEMENT(#42,#213);
#215= IFCMECHANICALFASTENER('3eH7nSh996yfyugtkM7hSD',#44,'Bolt assembly',$,$,#214,#211,'IDe8447c5c-ac92-46f2-9f38-ab7b961eb70d',28.,25.);
#216= IFCMAPPEDITEM(#124,#122);
#217= IFCSHAPEREPRESENTATION(#12,'Body','MappedRepresentation',(#216));
#218= IFCPRODUCTDEFINITIONSHAPE($,$,(#217));
#219= IFCCARTESIANPOINT((1477.477115684,16947.9984062713,16355.001413593));
#220= IFCAXIS2PLACEMENT3D(#219,#129,#130);
#221= IFCLOCALPLACEMENT(#42,#220);
#222= IFCMECHANICALFASTENER('33hj843oL6ugu7iTvpMIGA',#44,'Bolt assembly',$,$,#221,#218,'IDc3aed204-0f25-46e2-ae07-b1de7359240a',28.,25.);
#223= IFCMAPPEDITEM(#124,#122);
#224= IFCSHAPEREPRESENTATION(#12,'Body','MappedRepresentation',(#223));
#225= IFCPRODUCTDEFINITIONSHAPE($,$,(#224));
#226= IFCCARTESIANPOINT((1477.48368873323,16777.998406396,16355.0010168131));
#227= IFCAXIS2PLACEMENT3D(#226,#129,#130);
#228= IFCLOCALPLACEMENT(#42,#227);
#229= IFCMECHANICALFASTENER('3gi6z8UdrFzRYo7kY$YvcF',#44,'Bolt assembly',$,$,#228,#225,'IDeab06f48-7a7d-4ff5-b8b2-1ee8bf8b998f',28.,25.);
#230= IFCMAPPEDITEM(#124,#122);
#231= IFCSHAPEREPRESENTATION(#12,'Body','MappedRepresentation',(#230));
#232= IFCPRODUCTDEFINITIONSHAPE($,$,(#231));
#233= IFCCARTESIANPOINT((1477.49026178246,16607.9984065208,16355.0006200333));
#234= IFCAXIS2PLACEMENT3D(#233,#129,#130);
#235= IFCLOCALPLACEMENT(#42,#234);
#236= IFCMECHANICALFASTENER('1BKYZDaivD_wBNfZrvnVla',#44,'Bolt assembly',$,$,#235,#232,'ID4b5228cd-92ce-4dfb-a2d7-a63d79c5fbe4',28.,25.);
#237= IFCMAPPEDITEM(#124,#122);
#238= IFCSHAPEREPRESENTATION(#12,'Body','MappedRepresentation',(#237));
#239= IFCPRODUCTDEFINITIONSHAPE($,$,(#238));
#240= IFCCARTESIANPOINT((1477.49683483169,16437.9984066455,16355.0002232536));
#241= IFCAXIS2PLACEMENT3D(#240,#129,#130);
#242= IFCLOCALPLACEMENT(#42,#241);
#243= IFCMECHANICALFASTENER('02A1paxojAkAW9$TBezXci',#44,'Bolt assembly',$,$,#242,#239,'ID02281ce4-ef2b-4ab8-a809-fdd2e8f619ac',28.,25.);
#244= IFCMAPPEDITEM(#124,#122);
#245= IFCSHAPEREPRESENTATION(#12,'Body','MappedRepresentation',(#244));
#246= IFCPRODUCTDEFINITIONSHAPE($,$,(#245));
#247= IFCCARTESIANPOINT((1477.47711628491,16947.9984062725,16955.000223254));
#248= IFCAXIS2PLACEMENT3D(#247,#129,#130);
#249= IFCLOCALPLACEMENT(#42,#248);
#250= IFCMECHANICALFASTENER('3WT$PcDpn68OsuNkaDm8E3',#44,'Bolt assembly',$,$,#249,#246,'IDe077f666-373c-4621-8db8-5ee90dc08383',28.,25.);
#251= IFCMAPPEDITEM(#124,#122);
#252= IFCSHAPEREPRESENTATION(#12,'Body','MappedRepresentation',(#251));
#253= IFCPRODUCTDEFINITIONSHAPE($,$,(#252));
#254= IFCCARTESIANPOINT((1477.47711628484,16947.9984062711,16955.0014135936));
#255= IFCAXIS2PLACEMENT3D(#254,#129,#130);
#256= IFCLOCALPLACEMENT(#42,#255);
#257= IFCMECHANICALFASTENER('2aNigzYfjBlhC7WYzp4LlJ',#44,'Bolt assembly',$,$,#256,#253,'IDa45ecabd-8a9b-4bbe-b307-822f73115bd3',28.,25.);
#258= IFCMAPPEDITEM(#124,#122);
#259= IFCSHAPEREPRESENTATION(#12,'Body','MappedRepresentation',(#258));
#260= IFCPRODUCTDEFINITIONSHAPE($,$,(#259));
#261= IFCCARTESIANPOINT((1477.48368933407,16777.9984063959,16955.0010168137));
#262= IFCAXIS2PLACEMENT3D(#261,#129,#130);
#263= IFCLOCALPLACEMENT(#42,#262);
#264= IFCMECHANICALFASTENER('3vJ_dA6mvE$RWZfR$AggqW',#44,'Bolt assembly',$,$,#263,#260,'IDf94fe9ca-1b0e-4efd-b823-a5bfcaaaad20',28.,25.);
#265= IFCMAPPEDITEM(#124,#122);
#266= IFCSHAPEREPRESENTATION(#12,'Body','MappedRepresentation',(#265));
#267= IFCPRODUCTDEFINITIONSHAPE($,$,(#266));
#268= IFCCARTESIANPOINT((1477.4902623833,16607.9984065206,16955.0006200339));
#269= IFCAXIS2PLACEMENT3D(#268,#129,#130);
#270= IFCLOCALPLACEMENT(#42,#269);
#271= IFCMECHANICALFASTENER('1ITu0Wg810p8yF91SM$Hi4',#44,'Bolt assembly',$,$,#270,#267,'ID52778020-a880-40cc-8f0f-241716fd1b04',28.,25.);
#272= IFCMAPPEDITEM(#124,#122);
#273= IFCSHAPEREPRESENTATION(#12,'Body','MappedRepresentation',(#272));
#274= IFCPRODUCTDEFINITIONSHAPE($,$,(#273));
#275= IFCCARTESIANPOINT((1477.49683543253,16437.9984066453,16955.0002232541));
#276= IFCAXIS2PLACEMENT3D(#275,#129,#130);
#277= IFCLOCALPLACEMENT(#42,#276);
#278= IFCMECHANICALFASTENER('3wVwscyejF5QuC0MJOdoWd',#44,'Bolt assembly',$,$,#277,#274,'IDfa7fada6-f28b-4f15-ae0c-0164d89f2827',28.,25.);
#279= IFCMAPPEDITEM(#124,#122);
#280= IFCSHAPEREPRESENTATION(#12,'Body','MappedRepresentation',(#279));
#281= IFCPRODUCTDEFINITIONSHAPE($,$,(#280));
#282= IFCCARTESIANPOINT((1477.47711588399,16947.9984062726,16555.000223254));
#283= IFCAXIS2PLACEMENT3D(#282,#129,#130);
#284= IFCLOCALPLACEMENT(#42,#283);
#285= IFCMECHANICALFASTENER('0AAQZwAXz7OOsTTu4glVtl',#44,'Bolt assembly',$,$,#284,#281,'ID0a29a8fa-2a1f-4761-8d9d-77812abdfdef',28.,25.);
#286= IFCMAPPEDITEM(#124,#122);
#287= IFCSHAPEREPRESENTATION(#12,'Body','MappedRepresentation',(#286));
#288= IFCPRODUCTDEFINITIONSHAPE($,$,(#287));
#289= IFCCARTESIANPOINT((1477.47711588391,16947.9984062711,16555.0014135936));
#290= IFCAXIS2PLACEMENT3D(#289,#129,#130);
#291= IFCLOCALPLACEMENT(#42,#290);
#292= IFCMECHANICALFASTENER('1nFpbWSK5BvghwTUuDDqu9',#44,'Bolt assembly',$,$,#291,#288,'ID713f3960-7141-4be6-aafa-75ee0d374e09',28.,25.);
#293= IFCMAPPEDITEM(#124,#122);
#294= IFCSHAPEREPRESENTATION(#12,'Body','MappedRepresentation',(#293));
#295= IFCPRODUCTDEFINITIONSHAPE($,$,(#294));
#296= IFCCARTESIANPOINT((1477.48368893315,16777.9984063959,16555.0010168137));
#297= IFCAXIS2PLACEMENT3D(#296,#129,#130);
#298= IFCLOCALPLACEMENT(#42,#297);
#299= IFCMECHANICALFASTENER('22N_Ku33T9_xb6wrJ69z$u',#44,'Bolt assembly',$,$,#298,#295,'ID825fe538-0c37-49fb-b946-eb54c627dff8',28.,25.);
#300= IFCMAPPEDITEM(#124,#122);
#301= IFCSHAPEREPRESENTATION(#12,'Body','MappedRepresentation',(#300));
#302= IFCPRODUCTDEFINITIONSHAPE($,$,(#301));
#303= IFCCARTESIANPOINT((1477.49026198238,16607.9984065206,16555.0006200339));
#304= IFCAXIS2PLACEMENT3D(#303,#129,#130);
#305= IFCLOCALPLACEMENT(#42,#304);
#306= IFCMECHANICALFASTENER('0ZvJ5pyzvAa9axFLAQ5_Q$',#44,'Bolt assembly',$,$,#305,#302,'ID23e53173-f3de-4a90-993b-3d529a17e6bf',28.,25.);
#307= IFCMAPPEDITEM(#124,#122);
#308= IFCSHAPEREPRESENTATION(#12,'Body','MappedRepresentation',(#307));
#309= IFCPRODUCTDEFINITIONSHAPE($,$,(#308));
#310= IFCCARTESIANPOINT((1477.49683503161,16437.9984066453,16555.0002232541));
#311= IFCAXIS2PLACEMENT3D(#310,#129,#130);
#312= IFCLOCALPLACEMENT(#42,#311);
#313= IFCMECHANICALFASTENER('1YxaXDm192whtMtho9nRiX',#44,'Bolt assembly',$,$,#312,#309,'ID62ee484d-c012-42ea-bdd6-debc89c5bb21',28.,25.);
#314= IFCMAPPEDITEM(#124,#122);
#315= IFCSHAPEREPRESENTATION(#12,'Body','MappedRepresentation',(#314));
#316= IFCPRODUCTDEFINITIONSHAPE($,$,(#315));
#317= IFCCARTESIANPOINT((1477.47711648507,16947.9984062725,17155.000223254));
#318= IFCAXIS2PLACEMENT3D(#317,#129,#130);
#319= IFCLOCALPLACEMENT(#42,#318);
#320= IFCMECHANICALFASTENER('34wEniU09AiOuG37rLLy56',#44,'Bolt assembly',$,$,#319,#316,'IDc4e8ec6c-7802-4ab1-8e10-0c7d5557c146',28.,25.);
#321= IFCMAPPEDITEM(#124,#122);
#322= IFCSHAPEREPRESENTATION(#12,'Body','MappedRepresentation',(#321));
#323= IFCPRODUCTDEFINITIONSHAPE($,$,(#322));
#324= IFCCARTESIANPOINT((1477.477116485,16947.998406271,17155.0014135936));
#325= IFCAXIS2PLACEMENT3D(#324,#129,#130);
#326= IFCLOCALPLACEMENT(#42,#325);
#327= IFCMECHANICALFASTENER('2eH1S14InDeOVVAPevOpS3',#44,'Bolt assembly',$,$,#326,#323,'IDa8441701-112c-4da1-87df-299a39633703',28.,25.);
#328= IFCMAPPEDITEM(#124,#122);
#329= IFCSHAPEREPRESENTATION(#12,'Body','MappedRepresentation',(#328));
#330= IFCPRODUCTDEFINITIONSHAPE($,$,(#329));
#331= IFCCARTESIANPOINT((1477.48368953423,16777.9984063957,17155.0010168137));
#332= IFCAXIS2PLACEMENT3D(#331,#129,#130);
#333= IFCLOCALPLACEMENT(#42,#332);
#334= IFCMECHANICALFASTENER('2WOhjrYXP2yhN_Qe2I9Cu0',#44,'Bolt assembly',$,$,#333,#330,'IDa062bb75-8a16-42f2-b5fe-6a809224ce00',28.,25.);
#335= IFCMAPPEDITEM(#124,#122);
#336= IFCSHAPEREPRESENTATION(#12,'Body','MappedRepresentation',(#335));
#337= IFCPRODUCTDEFINITIONSHAPE($,$,(#336));
#338= IFCCARTESIANPOINT((1477.49026258347,16607.9984065204,17155.0006200339));
#339= IFCAXIS2PLACEMENT3D(#338,#129,#130);
#340= IFCLOCALPLACEMENT(#42,#339);
#341= IFCMECHANICALFASTENER('379N6bTHD8vhvLVOa3dffL',#44,'Bolt assembly',$,$,#340,#337,'IDc72571a5-7513-48e6-be55-7d89039e9a55',28.,25.);
#342= IFCMAPPEDITEM(#124,#122);
#343= IFCSHAPEREPRESENTATION(#12,'Body','MappedRepresentation',(#342));
#344= IFCPRODUCTDEFINITIONSHAPE($,$,(#343));
#345= IFCCARTESIANPOINT((1477.4968356327,16437.9984066451,17155.0002232541));
#346= IFCAXIS2PLACEMENT3D(#345,#129,#130);
#347= IFCLOCALPLACEMENT(#42,#346);
#348= IFCMECHANICALFASTENER('1dBWvbA71DGRobumaed_Wo',#44,'Bolt assembly',$,$,#347,#344,'ID672e0e65-2870-4d41-bca5-e309289fe832',28.,25.);
#349= IFCMAPPEDITEM(#124,#122);
#350= IFCSHAPEREPRESENTATION(#12,'Body','MappedRepresentation',(#349));
#351= IFCPRODUCTDEFINITIONSHAPE($,$,(#350));
#352= IFCCARTESIANPOINT((1477.47711668544,16947.9984062724,17355.000223254));
#353= IFCAXIS2PLACEMENT3D(#352,#129,#130);
#354= IFCLOCALPLACEMENT(#42,#353);
#355= IFCMECHANICALFASTENER('0AMx2EQwL3heWiSUuUt_4e',#44,'Bolt assembly',$,$,#354,#351,'ID0a5bb08e-6ba5-43ae-882c-71ee1edfe128',28.,25.);
#356= IFCMAPPEDITEM(#124,#122);
#357= IFCSHAPEREPRESENTATION(#12,'Body','MappedRepresentation',(#356));
#358= IFCPRODUCTDEFINITIONSHAPE($,$,(#357));
#359= IFCCARTESIANPOINT((1477.47711668536,16947.9984062709,17355.0014135936));
#360= IFCAXIS2PLACEMENT3D(#359,#129,#130);
#361= IFCLOCALPLACEMENT(#42,#360);
#362= IFCMECHANICALFASTENER('0MfnjsoRP0v9eGw_Kfug5E',#44,'Bolt assembly',$,$,#361,#358,'ID16a71b76-c9b6-40e4-9a10-ebe529e2a14e',28.,25.);
#363= IFCMAPPEDITEM(#124,#122);
#364= IFCSHAPEREPRESENTATION(#12,'Body','MappedRepresentation',(#363));
#365= IFCPRODUCTDEFINITIONSHAPE($,$,(#364));
#366= IFCCARTESIANPOINT((1477.4836897346,16777.9984063957,17355.0010168137));
#367= IFCAXIS2PLACEMENT3D(#366,#129,#130);
#368= IFCLOCALPLACEMENT(#42,#367);
#369= IFCMECHANICALFASTENER('1OfMMg08P1qgG1ZFpZmbwh',#44,'Bolt assembly',$,$,#368,#365,'ID58a565aa-0086-41d2-a401-8cfce3c25eab',28.,25.);
#370= IFCMAPPEDITEM(#124,#122);
#371= IFCSHAPEREPRESENTATION(#12,'Body','MappedRepresentation',(#370));
#372= IFCPRODUCTDEFINITIONSHAPE($,$,(#371));
#373= IFCCARTESIANPOINT((1477.49026278383,16607.9984065204,17355.0006200339));
#374= IFCAXIS2PLACEMENT3D(#373,#129,#130);
#375= IFCLOCALPLACEMENT(#42,#374);
#376= IFCMECHANICALFASTENER('1a4LHMmbDCteDgvAe_UJMX',#44,'Bolt assembly',$,$,#375,#372,'ID64115456-c253-4cde-836a-e4aa3e7935a1',28.,25.);
#377= IFCMAPPEDITEM(#124,#122);
#378= IFCSHAPEREPRESENTATION(#12,'Body','MappedRepresentation',(#377));
#379= IFCPRODUCTDEFINITIONSHAPE($,$,(#378));
#380= IFCCARTESIANPOINT((1477.49683583306,16437.9984066451,17355.000223254));
#381= IFCAXIS2PLACEMENT3D(#380,#129,#130);
#382= IFCLOCALPLACEMENT(#42,#381);
#383= IFCMECHANICALFASTENER('2XmmhiJFX6zeqeNGgFbA2n',#44,'Bolt assembly',$,$,#382,#379,'IDa1c30aec-4cf8-46f6-8d28-5d0a8f94a0b1',28.,25.);
#384= IFCMAPPEDITEM(#124,#122);
#385= IFCSHAPEREPRESENTATION(#12,'Body','MappedRepresentation',(#384));
#386= IFCPRODUCTDEFINITIONSHAPE($,$,(#385));
#387= IFCCARTESIANPOINT((1477.47711688578,16947.9984062723,17555.000223254));
#388= IFCAXIS2PLACEMENT3D(#387,#129,#130);
#389= IFCLOCALPLACEMENT(#42,#388);
#390= IFCMECHANICALFASTENER('0M8FTDImj0Ihzoo$YJ3YTI',#44,'Bolt assembly',$,$,#389,#386,'ID1620f74d-4b0b-404a-bf72-cbf8930e2752',28.,25.);
#391= IFCMAPPEDITEM(#124,#122);
#392= IFCSHAPEREPRESENTATION(#12,'Body','MappedRepresentation',(#391));
#393= IFCPRODUCTDEFINITIONSHAPE($,$,(#392));
#394= IFCCARTESIANPOINT((1477.47711688571,16947.9984062709,17555.0014135936));
#395= IFCAXIS2PLACEMENT3D(#394,#129,#130);
#396= IFCLOCALPLACEMENT(#42,#395);
#397= IFCMECHANICALFASTENER('2mTRO_Ecv6AgtPYGrvOq25',#44,'Bolt assembly',$,$,#396,#393,'IDb075b63e-3a6e-462a-add9-890d79634085',28.,25.);
#398= IFCMAPPEDITEM(#124,#122);
#399= IFCSHAPEREPRESENTATION(#12,'Body','MappedRepresentation',(#398));
#400= IFCPRODUCTDEFINITIONSHAPE($,$,(#399));
#401= IFCCARTESIANPOINT((1477.48368993494,16777.9984063956,17555.0010168137));
#402= IFCAXIS2PLACEMENT3D(#401,#129,#130);
#403= IFCLOCALPLACEMENT(#42,#402);
#404= IFCMECHANICALFASTENER('0IDQPiRSzFkP9yXc7kPNQe',#44,'Bolt assembly',$,$,#403,#400,'ID1235a66c-6dcf-4fb9-927c-8661ee6576a8',28.,25.);
#405= IFCMAPPEDITEM(#124,#122);
#406= IFCSHAPEREPRESENTATION(#12,'Body','MappedRepresentation',(#405));
#407= IFCPRODUCTDEFINITIONSHAPE($,$,(#406));
#408= IFCCARTESIANPOINT((1477.49026298417,16607.9984065202,17555.0006200339));
#409= IFCAXIS2PLACEMENT3D(#408,#129,#130);
#410= IFCLOCALPLACEMENT(#42,#409);
#411= IFCMECHANICALFASTENER('26L1hcAWj668go5naKJfp6',#44,'Bolt assembly',$,$,#410,#407,'ID86541ae6-2a0b-4618-8ab2-1719144e9cc6',28.,25.);
#412= IFCMAPPEDITEM(#124,#122);
#413= IFCSHAPEREPRESENTATION(#12,'Body','MappedRepresentation',(#412));
#414= IFCPRODUCTDEFINITIONSHAPE($,$,(#413));
#415= IFCCARTESIANPOINT((1477.4968360334,16437.9984066449,17555.0002232541));
#416= IFCAXIS2PLACEMENT3D(#415,#129,#130);
#417= IFCLOCALPLACEMENT(#42,#416);
#418= IFCMECHANICALFASTENER('0t2sCzAxf2MPE1xgI78f2p',#44,'Bolt assembly',$,$,#417,#414,'ID370b633d-2bba-4259-9381-eea4872290b3',28.,25.);
#419= IFCCARTESIANPOINT((10.,-6.00053348303588,0.));
#420= IFCCARTESIANPOINT((8.66025403784421,-6.00053348303588,5.0000000000003));
#421= IFCCARTESIANPOINT((4.9999999999994,-6.00053348303588,8.66025403784473));
#422= IFCCARTESIANPOINT((-1.03633598160032E-12,-6.00053348303588,10.));
#423= IFCCARTESIANPOINT((-5.00000000000119,-6.00053348303588,8.6602540378437));
#424= IFCCARTESIANPOINT((-8.66025403784525,-6.00053348303588,4.99999999999851));
#425= IFCCARTESIANPOINT((-10.,-6.00053348303588,-2.07267196320065E-12));
#426= IFCCARTESIANPOINT((-8.66025403784318,-6.00053348303588,-5.00000000000209));
#427= IFCCARTESIANPOINT((-4.99999999999761,-6.00053348303588,-8.66025403784576));
#428= IFCCARTESIANPOINT((3.09790571455472E-12,-6.00053348303588,-10.));
#429= IFCCARTESIANPOINT((5.00000000000299,-6.00053348303588,-8.66025403784266));
#430= IFCCARTESIANPOINT((8.66025403784628,-6.00053348303588,-4.99999999999671));
#431= IFCCARTESIANPOINT((10.,6.09946651747918,0.));
#432= IFCCARTESIANPOINT((8.66025403784421,6.09946651747918,5.0000000000003));
#433= IFCCARTESIANPOINT((4.9999999999994,6.09946651747918,8.66025403784473));
#434= IFCCARTESIANPOINT((-1.03633598160032E-12,6.09946651747918,10.));
#435= IFCCARTESIANPOINT((-5.00000000000119,6.09946651747918,8.6602540378437));
#436= IFCCARTESIANPOINT((-8.66025403784525,6.09946651747918,4.99999999999851));
#437= IFCCARTESIANPOINT((-10.,6.09946651747918,-2.07267196320065E-12));
#438= IFCCARTESIANPOINT((-8.66025403784318,6.09946651747918,-5.00000000000209));
#439= IFCCARTESIANPOINT((-4.99999999999761,6.09946651747918,-8.66025403784576));
#440= IFCCARTESIANPOINT((3.09790571455472E-12,6.09946651747918,-10.));
#441= IFCCARTESIANPOINT((5.00000000000299,6.09946651747918,-8.66025403784266));
#442= IFCCARTESIANPOINT((8.66025403784628,6.09946651747918,-4.99999999999671));
#443= IFCPOLYLOOP((#419,#420,#421,#422,#423,#424,#425,#426,#427,#428,#429,#430));
#444= IFCFACEOUTERBOUND(#443,.T.);
#445= IFCFACE((#444));
#446= IFCPOLYLOOP((#442,#441,#440,#439,#438,#437,#436,#435,#434,#433,#432,#431));
#447= IFCFACEOUTERBOUND(#446,.T.);
#448= IFCFACE((#447));
#449= IFCPOLYLOOP((#419,#431,#432,#420));
#450= IFCFACEOUTERBOUND(#449,.T.);
#451= IFCFACE((#450));
#452= IFCPOLYLOOP((#420,#432,#433,#421));
#453= IFCFACEOUTERBOUND(#452,.T.);
#454= IFCFACE((#453));
#455= IFCPOLYLOOP((#421,#433,#434,#422));
#456= IFCFACEOUTERBOUND(#455,.T.);
#457= IFCFACE((#456));
#458= IFCPOLYLOOP((#422,#434,#435,#423));
#459= IFCFACEOUTERBOUND(#458,.T.);
#460= IFCFACE((#459));
#461= IFCPOLYLOOP((#423,#435,#436,#424));
#462= IFCFACEOUTERBOUND(#461,.T.);
#463= IFCFACE((#462));
#464= IFCPOLYLOOP((#424,#436,#437,#425));
#465= IFCFACEOUTERBOUND(#464,.T.);
#466= IFCFACE((#465));
#467= IFCPOLYLOOP((#425,#437,#438,#426));
#468= IFCFACEOUTERBOUND(#467,.T.);
#469= IFCFACE((#468));
#470= IFCPOLYLOOP((#426,#438,#439,#427));
#471= IFCFACEOUTERBOUND(#470,.T.);
#472= IFCFACE((#471));
#473= IFCPOLYLOOP((#427,#439,#440,#428));
#474= IFCFACEOUTERBOUND(#473,.T.);
#475= IFCFACE((#474));
#476= IFCPOLYLOOP((#428,#440,#441,#429));
#477= IFCFACEOUTERBOUND(#476,.T.);
#478= IFCFACE((#477));
#479= IFCPOLYLOOP((#429,#441,#442,#430));
#480= IFCFACEOUTERBOUND(#479,.T.);
#481= IFCFACE((#480));
#482= IFCPOLYLOOP((#430,#442,#431,#419));
#483= IFCFACEOUTERBOUND(#482,.T.);
#484= IFCFACE((#483));
#485= IFCCLOSEDSHELL((#445,#448,#451,#454,#457,#460,#463,#466,#469,#472,#475,#478,#481,#484));
#486= IFCFACETEDBREP(#485);
#487= IFCSTYLEDITEM(#486,(#119),$);
#488= IFCSHAPEREPRESENTATION(#12,'Body','Brep',(#486));
#489= IFCREPRESENTATIONMAP(#10,#488);
#490= IFCMAPPEDITEM(#489,#122);
#491= IFCSHAPEREPRESENTATION(#12,'Body','MappedRepresentation',(#490));
#492= IFCPRODUCTDEFINITIONSHAPE($,$,(#491));
#493= IFCCARTESIANPOINT((1430.63358739897,16862.995831527,17519.0000012378));
#494= IFCDIRECTION((-0.999999998905728,-4.6742999995331E-05,-1.90699999802746E-06));
#495= IFCDIRECTION((-1.90700000074554E-06,0.,0.999999999998182));
#496= IFCAXIS2PLACEMENT3D(#493,#494,#495);
#497= IFCLOCALPLACEMENT(#42,#496);
#498= IFCMECHANICALFASTENER('1OM$qmquvCbQX5m_ObkaNQ',#44,'Bolt assembly',$,$,#497,#492,'ID585bfd30-d38e-4c95-a845-c3e625ba45da',18.,12.);
#499= IFCPROPERTYSINGLEVALUE('Washer diameter',$,IFCLENGTHMEASURE(18.),$);
#500= IFCPROPERTYSINGLEVALUE('Bolt hole diameter',$,IFCLENGTHMEASURE(20.),$);
#501= IFCPROPERTYSINGLEVALUE('Bolt size',$,IFCLENGTHMEASURE(20.),$);
#502= IFCPROPERTYSINGLEVALUE('Bolt length',$,IFCLENGTHMEASURE(12.),$);
#503= IFCPROPERTYSET('2JpR1ukzP9wg1d1UALi$Ql',#5,'Tekla Bolt','Bolt Properties',(#135,#499,#137,#138,#139,#140,#141,#142,#143,#500,#145,#146,#501,#502,#149,#150));
#504= IFCMAPPEDITEM(#489,#122);
#505= IFCSHAPEREPRESENTATION(#12,'Body','MappedRepresentation',(#504));
#506= IFCPRODUCTDEFINITIONSHAPE($,$,(#505));
#507= IFCCARTESIANPOINT((1430.63358739897,16692.9958315271,17519.0000012378));
#508= IFCAXIS2PLACEMENT3D(#507,#494,#495);
#509= IFCLOCALPLACEMENT(#42,#508);
#510= IFCMECHANICALFASTENER('06twcO0xfFUxWZfcugf9L2',#44,'Bolt assembly',$,$,#509,#506,'ID06dfa998-03ba-4f7b-b823-a66e2aa49542',18.,12.);
#511= IFCMAPPEDITEM(#489,#122);
#512= IFCSHAPEREPRESENTATION(#12,'Body','MappedRepresentation',(#511));
#513= IFCPRODUCTDEFINITIONSHAPE($,$,(#512));
#514= IFCCARTESIANPOINT((1430.65358739897,16522.9958315271,17519.0000012378));
#515= IFCAXIS2PLACEMENT3D(#514,#494,#495);
#516= IFCLOCALPLACEMENT(#42,#515);
#517= IFCMECHANICALFASTENER('1GrpSOLHD3jf2guGWvVRUx',#44,'Bolt assembly',$,$,#516,#513,'ID50d73718-5513-43b6-90aa-e108397db7bb',18.,12.);
#518= IFCCARTESIANPOINT((30.,0.00844836449687136,0.));
#519= IFCCARTESIANPOINT((25.9807621135326,0.00844836449687136,15.0000000000009));
#520= IFCCARTESIANPOINT((14.9999999999982,0.00844836449687136,25.9807621135342));
#521= IFCCARTESIANPOINT((-3.10900794480097E-12,0.00844836449687136,30.));
#522= IFCCARTESIANPOINT((-15.0000000000036,0.00844836449687136,25.9807621135311));
#523= IFCCARTESIANPOINT((-25.9807621135357,0.00844836449687136,14.9999999999955));
#524= IFCCARTESIANPOINT((-30.,0.00844836449687136,-6.21801588960193E-12));
#525= IFCCARTESIANPOINT((-25.9807621135295,0.00844836449687136,-15.0000000000063));
#526= IFCCARTESIANPOINT((-14.9999999999928,0.00844836449687136,-25.9807621135373));
#527= IFCCARTESIANPOINT((9.29371714366415E-12,0.00844836449687136,-30.));
#528= IFCCARTESIANPOINT((15.000000000009,0.00844836449687136,-25.980762113528));
#529= IFCCARTESIANPOINT((25.9807621135389,0.00844836449687136,-14.9999999999901));
#530= IFCCARTESIANPOINT((30.,8.10844836449687,0.));
#531= IFCCARTESIANPOINT((25.9807621135326,8.10844836449687,15.0000000000009));
#532= IFCCARTESIANPOINT((14.9999999999982,8.10844836449687,25.9807621135342));
#533= IFCCARTESIANPOINT((-3.10900794480097E-12,8.10844836449687,30.));
#534= IFCCARTESIANPOINT((-15.0000000000036,8.10844836449687,25.9807621135311));
#535= IFCCARTESIANPOINT((-25.9807621135357,8.10844836449687,14.9999999999955));
#536= IFCCARTESIANPOINT((-30.,8.10844836449687,-6.21801588960193E-12));
#537= IFCCARTESIANPOINT((-25.9807621135295,8.10844836449687,-15.0000000000063));
#538= IFCCARTESIANPOINT((-14.9999999999928,8.10844836449687,-25.9807621135373));
#539= IFCCARTESIANPOINT((9.29371714366415E-12,8.10844836449687,-30.));
#540= IFCCARTESIANPOINT((15.000000000009,8.10844836449687,-25.980762113528));
#541= IFCCARTESIANPOINT((25.9807621135389,8.10844836449687,-14.9999999999901));
#542= IFCPOLYLOOP((#518,#519,#520,#521,#522,#523,#524,#525,#526,#527,#528,#529));
#543= IFCFACEOUTERBOUND(#542,.T.);
#544= IFCFACE((#543));
#545= IFCPOLYLOOP((#541,#540,#539,#538,#537,#536,#535,#534,#533,#532,#531,#530));
#546= IFCFACEOUTERBOUND(#545,.T.);
#547= IFCFACE((#546));
#548= IFCPOLYLOOP((#518,#530,#531,#519));
#549= IFCFACEOUTERBOUND(#548,.T.);
#550= IFCFACE((#549));
#551= IFCPOLYLOOP((#519,#531,#532,#520));
#552= IFCFACEOUTERBOUND(#551,.T.);
#553= IFCFACE((#552));
#554= IFCPOLYLOOP((#520,#532,#533,#521));
#555= IFCFACEOUTERBOUND(#554,.T.);
#556= IFCFACE((#555));
#557= IFCPOLYLOOP((#521,#533,#534,#522));
#558= IFCFACEOUTERBOUND(#557,.T.);
#559= IFCFACE((#558));
#560= IFCPOLYLOOP((#522,#534,#535,#523));
#561= IFCFACEOUTERBOUND(#560,.T.);
#562= IFCFACE((#561));
#563= IFCPOLYLOOP((#523,#535,#536,#524));
#564= IFCFACEOUTERBOUND(#563,.T.);
#565= IFCFACE((#564));
#566= IFCPOLYLOOP((#524,#536,#537,#525));
#567= IFCFACEOUTERBOUND(#566,.T.);
#568= IFCFACE((#567));
#569= IFCPOLYLOOP((#525,#537,#538,#526));
#570= IFCFACEOUTERBOUND(#569,.T.);
#571= IFCFACE((#570));
#572= IFCPOLYLOOP((#526,#538,#539,#527));
#573= IFCFACEOUTERBOUND(#572,.T.);
#574= IFCFACE((#573));
#575= IFCPOLYLOOP((#527,#539,#540,#528));
#576= IFCFACEOUTERBOUND(#575,.T.);
#577= IFCFACE((#576));
#578= IFCPOLYLOOP((#528,#540,#541,#529));
#579= IFCFACEOUTERBOUND(#578,.T.);
#580= IFCFACE((#579));
#581= IFCPOLYLOOP((#529,#541,#530,#518));
#582= IFCFACEOUTERBOUND(#581,.T.);
#583= IFCFACE((#582));
#584= IFCCLOSEDSHELL((#544,#547,#550,#553,#556,#559,#562,#565,#568,#571,#574,#577,#580,#583));
#585= IFCFACETEDBREP(#584);
#586= IFCSTYLEDITEM(#585,(#119),$);
#587= IFCSHAPEREPRESENTATION(#12,'Body','Brep',(#585));
#588= IFCREPRESENTATIONMAP(#10,#587);
#589= IFCMAPPEDITEM(#588,#122);
#590= IFCSHAPEREPRESENTATION(#12,'Body','MappedRepresentation',(#589));
#591= IFCPRODUCTDEFINITIONSHAPE($,$,(#590));
#592= IFCCARTESIANPOINT((1214.99760801635,16949.9752145172,17064.9900679838));
#593= IFCDIRECTION((0.,-1.,0.));
#594= IFCAXIS2PLACEMENT3D(#592,#593,#7);
#595= IFCLOCALPLACEMENT(#42,#594);
#596= IFCMECHANICALFASTENER('2OmwhYa1DEhBfmVsXng4Mw',#44,'Bolt assembly',$,$,#595,#591,'ID98c3aae2-9013-4eac-ba70-7f6871a845ba',58.,8.);
#597= IFCPROPERTYSINGLEVALUE('Washer diameter',$,IFCLENGTHMEASURE(58.),$);
#598= IFCPROPERTYSINGLEVALUE('Bolt hole diameter',$,IFCLENGTHMEASURE(60.),$);
#599= IFCPROPERTYSINGLEVALUE('Bolt size',$,IFCLENGTHMEASURE(60.),$);
#600= IFCPROPERTYSINGLEVALUE('Bolt length',$,IFCLENGTHMEASURE(8.),$);
#601= IFCPROPERTYSET('2q_SUbwEX3Pwx7rvNzfI0d',#5,'Tekla Bolt','Bolt Properties',(#135,#597,#137,#138,#139,#140,#141,#142,#143,#598,#145,#146,#599,#600,#149,#150));
#602= IFCMAPPEDITEM(#588,#122);
#603= IFCSHAPEREPRESENTATION(#12,'Body','MappedRepresentation',(#602));
#604= IFCPRODUCTDEFINITIONSHAPE($,$,(#603));
#605= IFCCARTESIANPOINT((1364.99760801635,16949.9752145173,17064.9900679837));
#606= IFCAXIS2PLACEMENT3D(#605,#593,#7);
#607= IFCLOCALPLACEMENT(#42,#606);
#608= IFCMECHANICALFASTENER('1WMlb9hCrEshxX4QurK1jJ',#44,'Bolt assembly',$,$,#607,#604,'ID605af949-accd-4eda-bee1-11ae35501b53',58.,8.);
#609= IFCMAPPEDITEM(#588,#122);
#610= IFCSHAPEREPRESENTATION(#12,'Body','MappedRepresentation',(#609));
#611= IFCPRODUCTDEFINITIONSHAPE($,$,(#610));
#612= IFCCARTESIANPOINT((1364.99760801626,16949.9752145173,17264.9900679837));
#613= IFCAXIS2PLACEMENT3D(#612,#593,#7);
#614= IFCLOCALPLACEMENT(#42,#613);
#615= IFCMECHANICALFASTENER('2JPvEFLkHE8uKeRKbKl5_y',#44,'Bolt assembly',$,$,#614,#611,'ID9367938f-56e4-4e23-8528-6d4954bc5fbc',58.,8.);
#616= IFCMAPPEDITEM(#588,#122);
#617= IFCSHAPEREPRESENTATION(#12,'Body','MappedRepresentation',(#616));
#618= IFCPRODUCTDEFINITIONSHAPE($,$,(#617));
#619= IFCCARTESIANPOINT((1364.99760801626,16779.9752145173,17264.9900679837));
#620= IFCAXIS2PLACEMENT3D(#619,#593,#7);
#621= IFCLOCALPLACEMENT(#42,#620);
#622= IFCMECHANICALFASTENER('3BfxrBlOX5yuk9CvjnLo4l',#44,'Bolt assembly',$,$,#621,#618,'IDcba7bd4b-bd88-45f3-8b89-339b7157212f',58.,8.);
#623= IFCMAPPEDITEM(#588,#122);
#624= IFCSHAPEREPRESENTATION(#12,'Body','MappedRepresentation',(#623));
#625= IFCPRODUCTDEFINITIONSHAPE($,$,(#624));
#626= IFCCARTESIANPOINT((1214.99760801635,16779.9752145172,17064.9900679838));
#627= IFCAXIS2PLACEMENT3D(#626,#593,#7);
#628= IFCLOCALPLACEMENT(#42,#627);
#629= IFCMECHANICALFASTENER('38JEO0u9P9feyLS2_$JGK_',#44,'Bolt assembly',$,$,#628,#625,'IDc84ce600-e096-49a6-8f15-702fbf4d053e',58.,8.);
#630= IFCMAPPEDITEM(#588,#122);
#631= IFCSHAPEREPRESENTATION(#12,'Body','MappedRepresentation',(#630));
#632= IFCPRODUCTDEFINITIONSHAPE($,$,(#631));
#633= IFCCARTESIANPOINT((1364.99760801635,16779.9752145174,17064.9900679837));
#634= IFCAXIS2PLACEMENT3D(#633,#593,#7);
#635= IFCLOCALPLACEMENT(#42,#634);
#636= IFCMECHANICALFASTENER('2Vwq1SnSL2xfPJ_XfqxU1z',#44,'Bolt assembly',$,$,#635,#632,'ID9feb405c-c5c5-42ee-9653-fa1a74ede07d',58.,8.);
#637= IFCMAPPEDITEM(#588,#122);
#638= IFCSHAPEREPRESENTATION(#12,'Body','MappedRepresentation',(#637));
#639= IFCPRODUCTDEFINITIONSHAPE($,$,(#638));
#640= IFCCARTESIANPOINT((1364.99760801626,16609.9752145174,17264.9900679837));
#641= IFCAXIS2PLACEMENT3D(#640,#593,#7);
#642= IFCLOCALPLACEMENT(#42,#641);
#643= IFCMECHANICALFASTENER('1TvfUZcBnCSRdS6QBFLtSE',#44,'Bolt assembly',$,$,#642,#639,'ID5de697a3-98bc-4c71-b9dc-19a2cf57770e',58.,8.);
#644= IFCMAPPEDITEM(#588,#122);
#645= IFCSHAPEREPRESENTATION(#12,'Body','MappedRepresentation',(#644));
#646= IFCPRODUCTDEFINITIONSHAPE($,$,(#645));
#647= IFCCARTESIANPOINT((1214.99760801635,16609.9752145173,17064.9900679838));
#648= IFCAXIS2PLACEMENT3D(#647,#593,#7);
#649= IFCLOCALPLACEMENT(#42,#648);
#650= IFCMECHANICALFASTENER('2tOT1pp4TE6gSLDo0dnBFX',#44,'Bolt assembly',$,$,#649,#646,'IDb761d073-cc47-4e1a-a715-372027c4b3e1',58.,8.);
#651= IFCMAPPEDITEM(#588,#122);
#652= IFCSHAPEREPRESENTATION(#12,'Body','MappedRepresentation',(#651));
#653= IFCPRODUCTDEFINITIONSHAPE($,$,(#652));
#654= IFCCARTESIANPOINT((1364.9976080163,16609.9752145174,17064.9900679837));
#655= IFCAXIS2PLACEMENT3D(#654,#593,#7);
#656= IFCLOCALPLACEMENT(#42,#655);
#657= IFCMECHANICALFASTENER('0fmAX7Eyf0fw6HwvpcLDS9',#44,'Bolt assembly',$,$,#656,#653,'ID29c0a847-3bca-40a7-a191-eb9ce654d709',58.,8.);
#658= IFCMAPPEDITEM(#588,#122);
#659= IFCSHAPEREPRESENTATION(#12,'Body','MappedRepresentation',(#658));
#660= IFCPRODUCTDEFINITIONSHAPE($,$,(#659));
#661= IFCCARTESIANPOINT((1214.99760801633,16439.9752145173,17064.9900679838));
#662= IFCAXIS2PLACEMENT3D(#661,#593,#7);
#663= IFCLOCALPLACEMENT(#42,#662);
#664= IFCMECHANICALFASTENER('3Vuj4Crw9Bih4xpJI6yP$U',#44,'Bolt assembly',$,$,#663,#660,'IDdfe2d10c-d7a2-4bb2-b13b-cd3486f19fde',58.,8.);
#665= IFCMAPPEDITEM(#588,#122);
#666= IFCSHAPEREPRESENTATION(#12,'Body','MappedRepresentation',(#665));
#667= IFCPRODUCTDEFINITIONSHAPE($,$,(#666));
#668= IFCCARTESIANPOINT((1364.99760801639,16439.9752145174,17064.9900679837));
#669= IFCAXIS2PLACEMENT3D(#668,#593,#7);
#670= IFCLOCALPLACEMENT(#42,#669);
#671= IFCMECHANICALFASTENER('27a_pSv6fFmf33LWEymbEi',#44,'Bolt assembly',$,$,#670,#667,'ID8793ecdc-e46a-4fc2-90c3-5603bcc253ac',58.,8.);
#672= IFCMAPPEDITEM(#588,#122);
#673= IFCSHAPEREPRESENTATION(#12,'Body','MappedRepresentation',(#672));
#674= IFCPRODUCTDEFINITIONSHAPE($,$,(#673));
#675= IFCCARTESIANPOINT((1364.99760801623,16439.9752145174,17264.9900679837));
#676= IFCAXIS2PLACEMENT3D(#675,#593,#7);
#677= IFCLOCALPLACEMENT(#42,#676);
#678= IFCMECHANICALFASTENER('3vfJ802tH2mO0oSkwv434m',#44,'Bolt assembly',$,$,#677,#674,'IDf9a53200-0b74-42c1-8032-72eeb9103130',58.,8.);
#679= IFCCARTESIANPOINT((20.,-4.0015516363419,0.));
#680= IFCCARTESIANPOINT((17.3205080756884,-4.0015516363419,10.0000000000006));
#681= IFCCARTESIANPOINT((9.99999999999881,-4.0015516363419,17.3205080756895));
#682= IFCCARTESIANPOINT((-2.07267196320065E-12,-4.0015516363419,20.));
#683= IFCCARTESIANPOINT((-10.0000000000024,-4.0015516363419,17.3205080756874));
#684= IFCCARTESIANPOINT((-17.3205080756905,-4.0015516363419,9.99999999999701));
#685= IFCCARTESIANPOINT((-20.,-4.0015516363419,-4.14534392640129E-12));
#686= IFCCARTESIANPOINT((-17.3205080756864,-4.0015516363419,-10.0000000000042));
#687= IFCCARTESIANPOINT((-9.99999999999522,-4.0015516363419,-17.3205080756915));
#688= IFCCARTESIANPOINT((6.19581142910943E-12,-4.0015516363419,-20.));
#689= IFCCARTESIANPOINT((10.000000000006,-4.0015516363419,-17.3205080756853));
#690= IFCCARTESIANPOINT((17.3205080756926,-4.0015516363419,-9.99999999999343));
#691= IFCCARTESIANPOINT((20.,4.0984483636581,0.));
#692= IFCCARTESIANPOINT((17.3205080756884,4.0984483636581,10.0000000000006));
#693= IFCCARTESIANPOINT((9.99999999999881,4.0984483636581,17.3205080756895));
#694= IFCCARTESIANPOINT((-2.07267196320065E-12,4.0984483636581,20.));
#695= IFCCARTESIANPOINT((-10.0000000000024,4.0984483636581,17.3205080756874));
#696= IFCCARTESIANPOINT((-17.3205080756905,4.0984483636581,9.99999999999701));
#697= IFCCARTESIANPOINT((-20.,4.0984483636581,-4.14534392640129E-12));
#698= IFCCARTESIANPOINT((-17.3205080756864,4.0984483636581,-10.0000000000042));
#699= IFCCARTESIANPOINT((-9.99999999999522,4.0984483636581,-17.3205080756915));
#700= IFCCARTESIANPOINT((6.19581142910943E-12,4.0984483636581,-20.));
#701= IFCCARTESIANPOINT((10.000000000006,4.0984483636581,-17.3205080756853));
#702= IFCCARTESIANPOINT((17.3205080756926,4.0984483636581,-9.99999999999343));
#703= IFCPOLYLOOP((#679,#680,#681,#682,#683,#684,#685,#686,#687,#688,#689,#690));
#704= IFCFACEOUTERBOUND(#703,.T.);
#705= IFCFACE((#704));
#706= IFCPOLYLOOP((#702,#701,#700,#699,#698,#697,#696,#695,#694,#693,#692,#691));
#707= IFCFACEOUTERBOUND(#706,.T.);
#708= IFCFACE((#707));
#709= IFCPOLYLOOP((#679,#691,#692,#680));
#710= IFCFACEOUTERBOUND(#709,.T.);
#711= IFCFACE((#710));
#712= IFCPOLYLOOP((#680,#692,#693,#681));
#713= IFCFACEOUTERBOUND(#712,.T.);
#714= IFCFACE((#713));
#715= IFCPOLYLOOP((#681,#693,#694,#682));
#716= IFCFACEOUTERBOUND(#715,.T.);
#717= IFCFACE((#716));
#718= IFCPOLYLOOP((#682,#694,#695,#683));
#719= IFCFACEOUTERBOUND(#718,.T.);
#720= IFCFACE((#719));
#721= IFCPOLYLOOP((#683,#695,#696,#684));
#722= IFCFACEOUTERBOUND(#721,.T.);
#723= IFCFACE((#722));
#724= IFCPOLYLOOP((#684,#696,#697,#685));
#725= IFCFACEOUTERBOUND(#724,.T.);
#726= IFCFACE((#725));
#727= IFCPOLYLOOP((#685,#697,#698,#686));
#728= IFCFACEOUTERBOUND(#727,.T.);
#729= IFCFACE((#728));
#730= IFCPOLYLOOP((#686,#698,#699,#687));
#731= IFCFACEOUTERBOUND(#730,.T.);
#732= IFCFACE((#731));
#733= IFCPOLYLOOP((#687,#699,#700,#688));
#734= IFCFACEOUTERBOUND(#733,.T.);
#735= IFCFACE((#734));
#736= IFCPOLYLOOP((#688,#700,#701,#689));
#737= IFCFACEOUTERBOUND(#736,.T.);
#738= IFCFACE((#737));
#739= IFCPOLYLOOP((#689,#701,#702,#690));
#740= IFCFACEOUTERBOUND(#739,.T.);
#741= IFCFACE((#740));
#742= IFCPOLYLOOP((#690,#702,#691,#679));
#743= IFCFACEOUTERBOUND(#742,.T.);
#744= IFCFACE((#743));
#745= IFCCLOSEDSHELL((#705,#708,#711,#714,#717,#720,#723,#726,#729,#732,#735,#738,#741,#744));
#746= IFCFACETEDBREP(#745);
#747= IFCSTYLEDITEM(#746,(#119),$);
#748= IFCSHAPEREPRESENTATION(#12,'Body','Brep',(#746));
#749= IFCREPRESENTATIONMAP(#10,#748);
#750= IFCMAPPEDITEM(#749,#122);
#751= IFCSHAPEREPRESENTATION(#12,'Body','MappedRepresentation',(#750));
#752= IFCPRODUCTDEFINITIONSHAPE($,$,(#751));
#753= IFCCARTESIANPOINT((1293.9751395456,16947.9752129948,16417.0000679846));
#754= IFCDIRECTION((-1.,0.,0.));
#755= IFCAXIS2PLACEMENT3D(#753,#754,#593);
#756= IFCLOCALPLACEMENT(#42,#755);
#757= IFCMECHANICALFASTENER('1OqitQQG57Pvvjj0gLkcXh',#44,'Bolt assembly',$,$,#756,#752,'ID58d2cdda-6901-4767-9e6d-b40a95ba686b',38.,8.);
#758= IFCPROPERTYSINGLEVALUE('Washer diameter',$,IFCLENGTHMEASURE(38.),$);
#759= IFCPROPERTYSINGLEVALUE('Washer name',$,IFCLABEL('WASHER 1"1/2 HARDENED PLAIN'),$);
#760= IFCPROPERTYSINGLEVALUE('Nut name',$,IFCLABEL('NUT 1"1/2 HEAVY HEX'),$);
#761= IFCPROPERTYSINGLEVALUE('Bolt hole diameter',$,IFCLENGTHMEASURE(40.),$);
#762= IFCPROPERTYSINGLEVALUE('Bolt size',$,IFCLENGTHMEASURE(40.),$);
#763= IFCPROPERTYSET('340OIqK6rA4RpnNxtW2j1J',#5,'Tekla Bolt','Bolt Properties',(#135,#758,#137,#759,#139,#140,#760,#142,#143,#761,#145,#146,#762,#600,#149,#150));
#764= IFCSURFACESTYLE('TS10.9',.POSITIVE.,(#46));
#765= IFCPRESENTATIONSTYLEASSIGNMENT((#764));
#766= IFCCARTESIANPOINT((13.,-11.8999999998836,0.));
#767= IFCCARTESIANPOINT((11.2583302491975,-11.8999999998836,6.50000000000039));
#768= IFCCARTESIANPOINT((6.49999999999922,-11.8999999998836,11.2583302491982));
#769= IFCCARTESIANPOINT((-1.34723677608042E-12,-11.8999999998836,13.));
#770= IFCCARTESIANPOINT((-6.50000000000155,-11.8999999998836,11.2583302491968));
#771= IFCCARTESIANPOINT((-11.2583302491988,-11.8999999998836,6.49999999999806));
#772= IFCCARTESIANPOINT((-13.,-11.8999999998836,-2.69447355216084E-12));
#773= IFCCARTESIANPOINT((-11.2583302491961,-11.8999999998836,-6.50000000000272));
#774= IFCCARTESIANPOINT((-6.4999999999969,-11.8999999998836,-11.2583302491995));
#775= IFCCARTESIANPOINT((4.02727742892113E-12,-11.8999999998836,-13.));
#776= IFCCARTESIANPOINT((6.50000000000388,-11.8999999998836,-11.2583302491955));
#777= IFCCARTESIANPOINT((11.2583302492002,-11.8999999998836,-6.49999999999573));
#778= IFCCARTESIANPOINT((13.,0.100000000116301,0.));
#779= IFCCARTESIANPOINT((11.2583302491975,0.100000000116301,6.50000000000039));
#780= IFCCARTESIANPOINT((6.49999999999922,0.100000000116301,11.2583302491982));
#781= IFCCARTESIANPOINT((-1.34723677608042E-12,0.100000000116301,13.));
#782= IFCCARTESIANPOINT((-6.50000000000155,0.100000000116301,11.2583302491968));
#783= IFCCARTESIANPOINT((-11.2583302491988,0.100000000116301,6.49999999999806));
#784= IFCCARTESIANPOINT((-13.,0.100000000116301,-2.69447355216084E-12));
#785= IFCCARTESIANPOINT((-11.2583302491961,0.100000000116301,-6.50000000000272));
#786= IFCCARTESIANPOINT((-6.4999999999969,0.100000000116301,-11.2583302491995));
#787= IFCCARTESIANPOINT((4.02727742892113E-12,0.100000000116301,-13.));
#788= IFCCARTESIANPOINT((6.50000000000388,0.100000000116301,-11.2583302491955));
#789= IFCCARTESIANPOINT((11.2583302492002,0.100000000116301,-6.49999999999573));
#790= IFCPOLYLOOP((#766,#767,#768,#769,#770,#771,#772,#773,#774,#775,#776,#777));
#791= IFCFACEOUTERBOUND(#790,.T.);
#792= IFCFACE((#791));
#793= IFCPOLYLOOP((#789,#788,#787,#786,#785,#784,#783,#782,#781,#780,#779,#778));
#794= IFCFACEOUTERBOUND(#793,.T.);
#795= IFCFACE((#794));
#796= IFCPOLYLOOP((#766,#778,#779,#767));
#797= IFCFACEOUTERBOUND(#796,.T.);
#798= IFCFACE((#797));
#799= IFCPOLYLOOP((#767,#779,#780,#768));
#800= IFCFACEOUTERBOUND(#799,.T.);
#801= IFCFACE((#800));
#802= IFCPOLYLOOP((#768,#780,#781,#769));
#803= IFCFACEOUTERBOUND(#802,.T.);
#804= IFCFACE((#803));
#805= IFCPOLYLOOP((#769,#781,#782,#770));
#806= IFCFACEOUTERBOUND(#805,.T.);
#807= IFCFACE((#806));
#808= IFCPOLYLOOP((#770,#782,#783,#771));
#809= IFCFACEOUTERBOUND(#808,.T.);
#810= IFCFACE((#809));
#811= IFCPOLYLOOP((#771,#783,#784,#772));
#812= IFCFACEOUTERBOUND(#811,.T.);
#813= IFCFACE((#812));
#814= IFCPOLYLOOP((#772,#784,#785,#773));
#815= IFCFACEOUTERBOUND(#814,.T.);
#816= IFCFACE((#815));
#817= IFCPOLYLOOP((#773,#785,#786,#774));
#818= IFCFACEOUTERBOUND(#817,.T.);
#819= IFCFACE((#818));
#820= IFCPOLYLOOP((#774,#786,#787,#775));
#821= IFCFACEOUTERBOUND(#820,.T.);
#822= IFCFACE((#821));
#823= IFCPOLYLOOP((#775,#787,#788,#776));
#824= IFCFACEOUTERBOUND(#823,.T.);
#825= IFCFACE((#824));
#826= IFCPOLYLOOP((#776,#788,#789,#777));
#827= IFCFACEOUTERBOUND(#826,.T.);
#828= IFCFACE((#827));
#829= IFCPOLYLOOP((#777,#789,#778,#766));
#830= IFCFACEOUTERBOUND(#829,.T.);
#831= IFCFACE((#830));
#832= IFCCARTESIANPOINT((13.,2.91038304567337E-11,22.));
#833= IFCCARTESIANPOINT((12.0104339226466,2.91038304567337E-11,26.9748846207465));
#834= IFCCARTESIANPOINT((9.19238815542464,2.91038304567337E-11,31.1923881554256));
#835= IFCCARTESIANPOINT((4.97488462074523,2.91038304567337E-11,34.0104339226471));
#836= IFCCARTESIANPOINT((-1.34723677608042E-12,2.91038304567337E-11,35.));
#837= IFCCARTESIANPOINT((-6.50000000000155,2.91038304567337E-11,33.2583302491968));
#838= IFCCARTESIANPOINT((-11.2583302491988,2.91038304567337E-11,28.4999999999981));
#839= IFCCARTESIANPOINT((-13.,2.91038304567337E-11,21.9999999999973));
#840= IFCCARTESIANPOINT((-13.,2.91038304567337E-11,-22.0000000000027));
#841= IFCCARTESIANPOINT((-11.2583302491961,2.91038304567337E-11,-28.5000000000027));
#842= IFCCARTESIANPOINT((-6.4999999999969,2.91038304567337E-11,-33.2583302491995));
#843= IFCCARTESIANPOINT((4.02727742892113E-12,2.91038304567337E-11,-35.));
#844= IFCCARTESIANPOINT((6.50000000000388,2.91038304567337E-11,-33.2583302491955));
#845= IFCCARTESIANPOINT((11.2583302492002,2.91038304567337E-11,-28.4999999999957));
#846= IFCCARTESIANPOINT((13.,2.91038304567337E-11,-21.9999999999946));
#847= IFCCARTESIANPOINT((13.,18.0000000000291,22.));
#848= IFCCARTESIANPOINT((12.0104339226466,18.0000000000291,26.9748846207465));
#849= IFCCARTESIANPOINT((9.19238815542464,18.0000000000291,31.1923881554256));
#850= IFCCARTESIANPOINT((4.97488462074523,18.0000000000291,34.0104339226471));
#851= IFCCARTESIANPOINT((-1.34723677608042E-12,18.0000000000291,35.));
#852= IFCCARTESIANPOINT((-6.50000000000155,18.0000000000291,33.2583302491968));
#853= IFCCARTESIANPOINT((-11.2583302491988,18.0000000000291,28.4999999999981));
#854= IFCCARTESIANPOINT((-13.,18.0000000000291,21.9999999999973));
#855= IFCCARTESIANPOINT((-13.,18.0000000000291,-22.0000000000027));
#856= IFCCARTESIANPOINT((-11.2583302491961,18.0000000000291,-28.5000000000027));
#857= IFCCARTESIANPOINT((-6.4999999999969,18.0000000000291,-33.2583302491995));
#858= IFCCARTESIANPOINT((4.02727742892113E-12,18.0000000000291,-35.));
#859= IFCCARTESIANPOINT((6.50000000000388,18.0000000000291,-33.2583302491955));
#860= IFCCARTESIANPOINT((11.2583302492002,18.0000000000291,-28.4999999999957));
#861= IFCCARTESIANPOINT((13.,18.0000000000291,-21.9999999999946));
#862= IFCPOLYLOOP((#832,#833,#834,#836,#837,#838,#839,#840,#841,#842,#843,#844,#845,#846));
#863= IFCFACEOUTERBOUND(#862,.T.);
#864= IFCFACE((#863));
#865= IFCPOLYLOOP((#861,#860,#859,#858,#857,#856,#855,#854,#853,#852,#851,#850,#849,#848,#847));
#866= IFCFACEOUTERBOUND(#865,.T.);
#867= IFCFACE((#866));
#868= IFCPOLYLOOP((#832,#847,#848,#833));
#869= IFCFACEOUTERBOUND(#868,.T.);
#870= IFCFACE((#869));
#871= IFCPOLYLOOP((#833,#848,#849,#834));
#872= IFCFACEOUTERBOUND(#871,.T.);
#873= IFCFACE((#872));
#874= IFCPOLYLOOP((#834,#849,#850,#835));
#875= IFCFACEOUTERBOUND(#874,.T.);
#876= IFCFACE((#875));
#877= IFCPOLYLOOP((#835,#850,#851,#836));
#878= IFCFACEOUTERBOUND(#877,.T.);
#879= IFCFACE((#878));
#880= IFCPOLYLOOP((#836,#851,#852,#837));
#881= IFCFACEOUTERBOUND(#880,.T.);
#882= IFCFACE((#881));
#883= IFCPOLYLOOP((#837,#852,#853,#838));
#884= IFCFACEOUTERBOUND(#883,.T.);
#885= IFCFACE((#884));
#886= IFCPOLYLOOP((#838,#853,#854,#839));
#887= IFCFACEOUTERBOUND(#886,.T.);
#888= IFCFACE((#887));
#889= IFCPOLYLOOP((#839,#854,#855,#840));
#890= IFCFACEOUTERBOUND(#889,.T.);
#891= IFCFACE((#890));
#892= IFCPOLYLOOP((#840,#855,#856,#841));
#893= IFCFACEOUTERBOUND(#892,.T.);
#894= IFCFACE((#893));
#895= IFCPOLYLOOP((#841,#856,#857,#842));
#896= IFCFACEOUTERBOUND(#895,.T.);
#897= IFCFACE((#896));
#898= IFCPOLYLOOP((#842,#857,#858,#843));
#899= IFCFACEOUTERBOUND(#898,.T.);
#900= IFCFACE((#899));
#901= IFCPOLYLOOP((#843,#858,#859,#844));
#902= IFCFACEOUTERBOUND(#901,.T.);
#903= IFCFACE((#902));
#904= IFCPOLYLOOP((#844,#859,#860,#845));
#905= IFCFACEOUTERBOUND(#904,.T.);
#906= IFCFACE((#905));
#907= IFCPOLYLOOP((#845,#860,#861,#846));
#908= IFCFACEOUTERBOUND(#907,.T.);
#909= IFCFACE((#908));
#910= IFCPOLYLOOP((#846,#861,#847,#832));
#911= IFCFACEOUTERBOUND(#910,.T.);
#912= IFCFACE((#911));
#913= IFCCARTESIANPOINT((13.,273.990000000034,22.));
#914= IFCCARTESIANPOINT((12.0104339226466,273.990000000034,26.9748846207465));
#915= IFCCARTESIANPOINT((9.19238815542464,273.990000000034,31.1923881554256));
#916= IFCCARTESIANPOINT((4.97488462074523,273.990000000034,34.0104339226471));
#917= IFCCARTESIANPOINT((-1.34723677608042E-12,273.990000000034,35.));
#918= IFCCARTESIANPOINT((-6.50000000000155,273.990000000034,33.2583302491968));
#919= IFCCARTESIANPOINT((-11.2583302491988,273.990000000034,28.4999999999981));
#920= IFCCARTESIANPOINT((-13.,273.990000000034,21.9999999999973));
#921= IFCCARTESIANPOINT((-13.,273.990000000034,-22.0000000000027));
#922= IFCCARTESIANPOINT((-11.2583302491961,273.990000000034,-28.5000000000027));
#923= IFCCARTESIANPOINT((-6.4999999999969,273.990000000034,-33.2583302491995));
#924= IFCCARTESIANPOINT((4.02727742892113E-12,273.990000000034,-35.));
#925= IFCCARTESIANPOINT((6.50000000000388,273.990000000034,-33.2583302491955));
#926= IFCCARTESIANPOINT((11.2583302492002,273.990000000034,-28.4999999999957));
#927= IFCCARTESIANPOINT((13.,273.990000000034,-21.9999999999946));
#928= IFCCARTESIANPOINT((13.,291.990000000034,22.));
#929= IFCCARTESIANPOINT((12.0104339226466,291.990000000034,26.9748846207465));
#930= IFCCARTESIANPOINT((9.19238815542464,291.990000000034,31.1923881554256));
#931= IFCCARTESIANPOINT((4.97488462074523,291.990000000034,34.0104339226471));
#932= IFCCARTESIANPOINT((-1.34723677608042E-12,291.990000000034,35.));
#933= IFCCARTESIANPOINT((-6.50000000000155,291.990000000034,33.2583302491968));
#934= IFCCARTESIANPOINT((-11.2583302491988,291.990000000034,28.4999999999981));
#935= IFCCARTESIANPOINT((-13.,291.990000000034,21.9999999999973));
#936= IFCCARTESIANPOINT((-13.,291.990000000034,-22.0000000000027));
#937= IFCCARTESIANPOINT((-11.2583302491961,291.990000000034,-28.5000000000027));
#938= IFCCARTESIANPOINT((-6.4999999999969,291.990000000034,-33.2583302491995));
#939= IFCCARTESIANPOINT((4.02727742892113E-12,291.990000000034,-35.));
#940= IFCCARTESIANPOINT((6.50000000000388,291.990000000034,-33.2583302491955));
#941= IFCCARTESIANPOINT((11.2583302492002,291.990000000034,-28.4999999999957));
#942= IFCCARTESIANPOINT((13.,291.990000000034,-21.9999999999946));
#943= IFCPOLYLOOP((#913,#914,#915,#917,#918,#919,#920,#921,#922,#923,#924,#925,#926,#927));
#944= IFCFACEOUTERBOUND(#943,.T.);
#945= IFCFACE((#944));
#946= IFCPOLYLOOP((#942,#941,#940,#939,#938,#937,#936,#935,#934,#933,#932,#931,#930,#929,#928));
#947= IFCFACEOUTERBOUND(#946,.T.);
#948= IFCFACE((#947));
#949= IFCPOLYLOOP((#913,#928,#929,#914));
#950= IFCFACEOUTERBOUND(#949,.T.);
#951= IFCFACE((#950));
#952= IFCPOLYLOOP((#914,#929,#930,#915));
#953= IFCFACEOUTERBOUND(#952,.T.);
#954= IFCFACE((#953));
#955= IFCPOLYLOOP((#915,#930,#931,#916));
#956= IFCFACEOUTERBOUND(#955,.T.);
#957= IFCFACE((#956));
#958= IFCPOLYLOOP((#916,#931,#932,#917));
#959= IFCFACEOUTERBOUND(#958,.T.);
#960= IFCFACE((#959));
#961= IFCPOLYLOOP((#917,#932,#933,#918));
#962= IFCFACEOUTERBOUND(#961,.T.);
#963= IFCFACE((#962));
#964= IFCPOLYLOOP((#918,#933,#934,#919));
#965= IFCFACEOUTERBOUND(#964,.T.);
#966= IFCFACE((#965));
#967= IFCPOLYLOOP((#919,#934,#935,#920));
#968= IFCFACEOUTERBOUND(#967,.T.);
#969= IFCFACE((#968));
#970= IFCPOLYLOOP((#920,#935,#936,#921));
#971= IFCFACEOUTERBOUND(#970,.T.);
#972= IFCFACE((#971));
#973= IFCPOLYLOOP((#921,#936,#937,#922));
#974= IFCFACEOUTERBOUND(#973,.T.);
#975= IFCFACE((#974));
#976= IFCPOLYLOOP((#922,#937,#938,#923));
#977= IFCFACEOUTERBOUND(#976,.T.);
#978= IFCFACE((#977));
#979= IFCPOLYLOOP((#923,#938,#939,#924));
#980= IFCFACEOUTERBOUND(#979,.T.);
#981= IFCFACE((#980));
#982= IFCPOLYLOOP((#924,#939,#940,#925));
#983= IFCFACEOUTERBOUND(#982,.T.);
#984= IFCFACE((#983));
#985= IFCPOLYLOOP((#925,#940,#941,#926));
#986= IFCFACEOUTERBOUND(#985,.T.);
#987= IFCFACE((#986));
#988= IFCPOLYLOOP((#926,#941,#942,#927));
#989= IFCFACEOUTERBOUND(#988,.T.);
#990= IFCFACE((#989));
#991= IFCPOLYLOOP((#927,#942,#928,#913));
#992= IFCFACEOUTERBOUND(#991,.T.);
#993= IFCFACE((#992));
#994= IFCCARTESIANPOINT((13.,291.890000000136,0.));
#995= IFCCARTESIANPOINT((11.2583302491975,291.890000000136,6.50000000000039));
#996= IFCCARTESIANPOINT((6.49999999999922,291.890000000136,11.2583302491982));
#997= IFCCARTESIANPOINT((-1.34723677608042E-12,291.890000000136,13.));
#998= IFCCARTESIANPOINT((-6.50000000000155,291.890000000136,11.2583302491968));
#999= IFCCARTESIANPOINT((-11.2583302491988,291.890000000136,6.49999999999806));
#1000= IFCCARTESIANPOINT((-13.,291.890000000136,-2.69447355216084E-12));
#1001= IFCCARTESIANPOINT((-11.2583302491961,291.890000000136,-6.50000000000272));
#1002= IFCCARTESIANPOINT((-6.4999999999969,291.890000000136,-11.2583302491995));
#1003= IFCCARTESIANPOINT((4.02727742892113E-12,291.890000000136,-13.));
#1004= IFCCARTESIANPOINT((6.50000000000388,291.890000000136,-11.2583302491955));
#1005= IFCCARTESIANPOINT((11.2583302492002,291.890000000136,-6.49999999999573));
#1006= IFCCARTESIANPOINT((13.,303.990000000136,0.));
#1007= IFCCARTESIANPOINT((11.2583302491975,303.990000000136,6.50000000000039));
#1008= IFCCARTESIANPOINT((6.49999999999922,303.990000000136,11.2583302491982));
#1009= IFCCARTESIANPOINT((-1.34723677608042E-12,303.990000000136,13.));
#1010= IFCCARTESIANPOINT((-6.50000000000155,303.990000000136,11.2583302491968));
#1011= IFCCARTESIANPOINT((-11.2583302491988,303.990000000136,6.49999999999806));
#1012= IFCCARTESIANPOINT((-13.,303.990000000136,-2.69447355216084E-12));
#1013= IFCCARTESIANPOINT((-11.2583302491961,303.990000000136,-6.50000000000272));
#1014= IFCCARTESIANPOINT((-6.4999999999969,303.990000000136,-11.2583302491995));
#1015= IFCCARTESIANPOINT((4.02727742892113E-12,303.990000000136,-13.));
#1016= IFCCARTESIANPOINT((6.50000000000388,303.990000000136,-11.2583302491955));
#1017= IFCCARTESIANPOINT((11.2583302492002,303.990000000136,-6.49999999999573));
#1018= IFCPOLYLOOP((#994,#995,#996,#997,#998,#999,#1000,#1001,#1002,#1003,#1004,#1005));
#1019= IFCFACEOUTERBOUND(#1018,.T.);
#1020= IFCFACE((#1019));
#1021= IFCPOLYLOOP((#1017,#1016,#1015,#1014,#1013,#1012,#1011,#1010,#1009,#1008,#1007,#1006));
#1022= IFCFACEOUTERBOUND(#1021,.T.);
#1023= IFCFACE((#1022));
#1024= IFCPOLYLOOP((#994,#1006,#1007,#995));
#1025= IFCFACEOUTERBOUND(#1024,.T.);
#1026= IFCFACE((#1025));
#1027= IFCPOLYLOOP((#995,#1007,#1008,#996));
#1028= IFCFACEOUTERBOUND(#1027,.T.);
#1029= IFCFACE((#1028));
#1030= IFCPOLYLOOP((#996,#1008,#1009,#997));
#1031= IFCFACEOUTERBOUND(#1030,.T.);
#1032= IFCFACE((#1031));
#1033= IFCPOLYLOOP((#997,#1009,#1010,#998));
#1034= IFCFACEOUTERBOUND(#1033,.T.);
#1035= IFCFACE((#1034));
#1036= IFCPOLYLOOP((#998,#1010,#1011,#999));
#1037= IFCFACEOUTERBOUND(#1036,.T.);
#1038= IFCFACE((#1037));
#1039= IFCPOLYLOOP((#999,#1011,#1012,#1000));
#1040= IFCFACEOUTERBOUND(#1039,.T.);
#1041= IFCFACE((#1040));
#1042= IFCPOLYLOOP((#1000,#1012,#1013,#1001));
#1043= IFCFACEOUTERBOUND(#1042,.T.);
#1044= IFCFACE((#1043));
#1045= IFCPOLYLOOP((#1001,#1013,#1014,#1002));
#1046= IFCFACEOUTERBOUND(#1045,.T.);
#1047= IFCFACE((#1046));
#1048= IFCPOLYLOOP((#1002,#1014,#1015,#1003));
#1049= IFCFACEOUTERBOUND(#1048,.T.);
#1050= IFCFACE((#1049));
#1051= IFCPOLYLOOP((#1003,#1015,#1016,#1004));
#1052= IFCFACEOUTERBOUND(#1051,.T.);
#1053= IFCFACE((#1052));
#1054= IFCPOLYLOOP((#1004,#1016,#1017,#1005));
#1055= IFCFACEOUTERBOUND(#1054,.T.);
#1056= IFCFACE((#1055));
#1057= IFCPOLYLOOP((#1005,#1017,#1006,#994));
#1058= IFCFACEOUTERBOUND(#1057,.T.);
#1059= IFCFACE((#1058));
#1060= IFCCARTESIANPOINT((21.6,303.990000000136,0.));
#1061= IFCCARTESIANPOINT((18.7061487217435,303.990000000136,10.8000000000006));
#1062= IFCCARTESIANPOINT((10.7999999999987,303.990000000136,18.7061487217446));
#1063= IFCCARTESIANPOINT((-2.2384857202567E-12,303.990000000136,21.6));
#1064= IFCCARTESIANPOINT((-10.8000000000026,303.990000000136,18.7061487217424));
#1065= IFCCARTESIANPOINT((-18.7061487217457,303.990000000136,10.7999999999968));
#1066= IFCCARTESIANPOINT((-21.6,303.990000000136,-4.47697144051339E-12));
#1067= IFCCARTESIANPOINT((-18.7061487217413,303.990000000136,-10.8000000000045));
#1068= IFCCARTESIANPOINT((-10.7999999999948,303.990000000136,-18.7061487217469));
#1069= IFCCARTESIANPOINT((6.69147634343819E-12,303.990000000136,-21.6));
#1070= IFCCARTESIANPOINT((10.8000000000064,303.990000000136,-18.7061487217402));
#1071= IFCCARTESIANPOINT((18.706148721748,303.990000000136,-10.7999999999929));
#1072= IFCCARTESIANPOINT((21.6,311.910000000136,0.));
#1073= IFCCARTESIANPOINT((18.7061487217435,311.910000000136,10.8000000000006));
#1074= IFCCARTESIANPOINT((10.7999999999987,311.910000000136,18.7061487217446));
#1075= IFCCARTESIANPOINT((-2.2384857202567E-12,311.910000000136,21.6));
#1076= IFCCARTESIANPOINT((-10.8000000000026,311.910000000136,18.7061487217424));
#1077= IFCCARTESIANPOINT((-18.7061487217457,311.910000000136,10.7999999999968));
#1078= IFCCARTESIANPOINT((-21.6,311.910000000136,-4.47697144051339E-12));
#1079= IFCCARTESIANPOINT((-18.7061487217413,311.910000000136,-10.8000000000045));
#1080= IFCCARTESIANPOINT((-10.7999999999948,311.910000000136,-18.7061487217469));
#1081= IFCCARTESIANPOINT((6.69147634343819E-12,311.910000000136,-21.6));
#1082= IFCCARTESIANPOINT((10.8000000000064,311.910000000136,-18.7061487217402));
#1083= IFCCARTESIANPOINT((18.706148721748,311.910000000136,-10.7999999999929));
#1084= IFCPOLYLOOP((#1060,#1061,#1062,#1063,#1064,#1065,#1066,#1067,#1068,#1069,#1070,#1071));
#1085= IFCFACEOUTERBOUND(#1084,.T.);
#1086= IFCFACE((#1085));
#1087= IFCPOLYLOOP((#1083,#1082,#1081,#1080,#1079,#1078,#1077,#1076,#1075,#1074,#1073,#1072));
#1088= IFCFACEOUTERBOUND(#1087,.T.);
#1089= IFCFACE((#1088));
#1090= IFCPOLYLOOP((#1060,#1072,#1073,#1061));
#1091= IFCFACEOUTERBOUND(#1090,.T.);
#1092= IFCFACE((#1091));
#1093= IFCPOLYLOOP((#1061,#1073,#1074,#1062));
#1094= IFCFACEOUTERBOUND(#1093,.T.);
#1095= IFCFACE((#1094));
#1096= IFCPOLYLOOP((#1062,#1074,#1075,#1063));
#1097= IFCFACEOUTERBOUND(#1096,.T.);
#1098= IFCFACE((#1097));
#1099= IFCPOLYLOOP((#1063,#1075,#1076,#1064));
#1100= IFCFACEOUTERBOUND(#1099,.T.);
#1101= IFCFACE((#1100));
#1102= IFCPOLYLOOP((#1064,#1076,#1077,#1065));
#1103= IFCFACEOUTERBOUND(#1102,.T.);
#1104= IFCFACE((#1103));
#1105= IFCPOLYLOOP((#1065,#1077,#1078,#1066));
#1106= IFCFACEOUTERBOUND(#1105,.T.);
#1107= IFCFACE((#1106));
#1108= IFCPOLYLOOP((#1066,#1078,#1079,#1067));
#1109= IFCFACEOUTERBOUND(#1108,.T.);
#1110= IFCFACE((#1109));
#1111= IFCPOLYLOOP((#1067,#1079,#1080,#1068));
#1112= IFCFACEOUTERBOUND(#1111,.T.);
#1113= IFCFACE((#1112));
#1114= IFCPOLYLOOP((#1068,#1080,#1081,#1069));
#1115= IFCFACEOUTERBOUND(#1114,.T.);
#1116= IFCFACE((#1115));
#1117= IFCPOLYLOOP((#1069,#1081,#1082,#1070));
#1118= IFCFACEOUTERBOUND(#1117,.T.);
#1119= IFCFACE((#1118));
#1120= IFCPOLYLOOP((#1070,#1082,#1083,#1071));
#1121= IFCFACEOUTERBOUND(#1120,.T.);
#1122= IFCFACE((#1121));
#1123= IFCPOLYLOOP((#1071,#1083,#1072,#1060));
#1124= IFCFACEOUTERBOUND(#1123,.T.);
#1125= IFCFACE((#1124));
#1126= IFCCARTESIANPOINT((21.6,319.830000000136,0.));
#1127= IFCCARTESIANPOINT((18.7061487217435,319.830000000136,10.8000000000006));
#1128= IFCCARTESIANPOINT((10.7999999999987,319.830000000136,18.7061487217446));
#1129= IFCCARTESIANPOINT((-2.2384857202567E-12,319.830000000136,21.6));
#1130= IFCCARTESIANPOINT((-10.8000000000026,319.830000000136,18.7061487217424));
#1131= IFCCARTESIANPOINT((-18.7061487217457,319.830000000136,10.7999999999968));
#1132= IFCCARTESIANPOINT((-21.6,319.830000000136,-4.47697144051339E-12));
#1133= IFCCARTESIANPOINT((-18.7061487217413,319.830000000136,-10.8000000000045));
#1134= IFCCARTESIANPOINT((-10.7999999999948,319.830000000136,-18.7061487217469));
#1135= IFCCARTESIANPOINT((6.69147634343819E-12,319.830000000136,-21.6));
#1136= IFCCARTESIANPOINT((10.8000000000064,319.830000000136,-18.7061487217402));
#1137= IFCCARTESIANPOINT((18.706148721748,319.830000000136,-10.7999999999929));
#1138= IFCPOLYLOOP((#1072,#1073,#1074,#1075,#1076,#1077,#1078,#1079,#1080,#1081,#1082,#1083));
#1139= IFCFACEOUTERBOUND(#1138,.T.);
#1140= IFCFACE((#1139));
#1141= IFCPOLYLOOP((#1137,#1136,#1135,#1134,#1133,#1132,#1131,#1130,#1129,#1128,#1127,#1126));
#1142= IFCFACEOUTERBOUND(#1141,.T.);
#1143= IFCFACE((#1142));
#1144= IFCPOLYLOOP((#1072,#1126,#1127,#1073));
#1145= IFCFACEOUTERBOUND(#1144,.T.);
#1146= IFCFACE((#1145));
#1147= IFCPOLYLOOP((#1073,#1127,#1128,#1074));
#1148= IFCFACEOUTERBOUND(#1147,.T.);
#1149= IFCFACE((#1148));
#1150= IFCPOLYLOOP((#1074,#1128,#1129,#1075));
#1151= IFCFACEOUTERBOUND(#1150,.T.);
#1152= IFCFACE((#1151));
#1153= IFCPOLYLOOP((#1075,#1129,#1130,#1076));
#1154= IFCFACEOUTERBOUND(#1153,.T.);
#1155= IFCFACE((#1154));
#1156= IFCPOLYLOOP((#1076,#1130,#1131,#1077));
#1157= IFCFACEOUTERBOUND(#1156,.T.);
#1158= IFCFACE((#1157));
#1159= IFCPOLYLOOP((#1077,#1131,#1132,#1078));
#1160= IFCFACEOUTERBOUND(#1159,.T.);
#1161= IFCFACE((#1160));
#1162= IFCPOLYLOOP((#1078,#1132,#1133,#1079));
#1163= IFCFACEOUTERBOUND(#1162,.T.);
#1164= IFCFACE((#1163));
#1165= IFCPOLYLOOP((#1079,#1133,#1134,#1080));
#1166= IFCFACEOUTERBOUND(#1165,.T.);
#1167= IFCFACE((#1166));
#1168= IFCPOLYLOOP((#1080,#1134,#1135,#1081));
#1169= IFCFACEOUTERBOUND(#1168,.T.);
#1170= IFCFACE((#1169));
#1171= IFCPOLYLOOP((#1081,#1135,#1136,#1082));
#1172= IFCFACEOUTERBOUND(#1171,.T.);
#1173= IFCFACE((#1172));
#1174= IFCPOLYLOOP((#1082,#1136,#1137,#1083));
#1175= IFCFACEOUTERBOUND(#1174,.T.);
#1176= IFCFACE((#1175));
#1177= IFCPOLYLOOP((#1083,#1137,#1126,#1072));
#1178= IFCFACEOUTERBOUND(#1177,.T.);
#1179= IFCFACE((#1178));
#1180= IFCCLOSEDSHELL((#1086,#1089,#1092,#1095,#1098,#1101,#1104,#1107,#1110,#1113,#1116,#1119,#1122,#1125,#1140,#1143,#1146,#1149,#1152,#1155,#1158,#1161,#1164,#1167,#1170,#1173,#1176,#1179));
#1181= IFCFACETEDBREP(#1180);
#1182= IFCSTYLEDITEM(#1181,(#765),$);
#1183= IFCCLOSEDSHELL((#792,#795,#798,#801,#804,#807,#810,#813,#816,#819,#822,#825,#828,#831,#864,#867,#870,#873,#876,#879,#882,#885,#888,#891,#894,#897,#900,#903,#906,#909,#912,#945,#948,#951,#954,#957,#960,#963,#966,#969,#972,#975,#978,#981,#984,#987,#990,#993,#1020,#1023,#1026,#1029,#1032,#1035,#1038,#1041,#1044,#1047,#1050,#1053,#1056,#1059));
#1184= IFCFACETEDBREP(#1183);
#1185= IFCSTYLEDITEM(#1184,(#119),$);
#1186= IFCCARTESIANPOINT((1.85536919161677E-10,0.,-75.0000000000123));
#1187= IFCCARTESIANTRANSFORMATIONOPERATOR3D($,$,#1186,$,$);
#1188= IFCSHAPEREPRESENTATION(#12,'Body','Brep',(#1181,#1184));
#1189= IFCREPRESENTATIONMAP(#10,#1188);
#1190= IFCMAPPEDITEM(#1189,#1187);
#1191= IFCCARTESIANPOINT((170.0000000006,0.,-74.9999999996257));
#1192= IFCCARTESIANTRANSFORMATIONOPERATOR3D($,$,#1191,$,$);
#1193= IFCMAPPEDITEM(#1189,#1192);
#1194= IFCCARTESIANPOINT((340.000000001015,0.,-74.9999999992392));
#1195= IFCCARTESIANTRANSFORMATIONOPERATOR3D($,$,#1194,$,$);
#1196= IFCMAPPEDITEM(#1189,#1195);
#1197= IFCCARTESIANPOINT((510.00000000143,0.,-74.9999999988527));
#1198= IFCCARTESIANTRANSFORMATIONOPERATOR3D($,$,#1197,$,$);
#1199= IFCMAPPEDITEM(#1189,#1198);
#1200= IFCCARTESIANPOINT((-1.85536919161677E-10,0.,75.0000000000123));
#1201= IFCCARTESIANTRANSFORMATIONOPERATOR3D($,$,#1200,$,$);
#1202= IFCMAPPEDITEM(#1189,#1201);
#1203= IFCCARTESIANPOINT((170.000000000226,0.,75.000000000399));
#1204= IFCCARTESIANTRANSFORMATIONOPERATOR3D($,$,#1203,$,$);
#1205= IFCMAPPEDITEM(#1189,#1204);
#1206= IFCCARTESIANPOINT((340.00000000064,0.,75.0000000007853));
#1207= IFCCARTESIANTRANSFORMATIONOPERATOR3D($,$,#1206,$,$);
#1208= IFCMAPPEDITEM(#1189,#1207);
#1209= IFCCARTESIANPOINT((510.000000001055,0.,75.0000000011721));
#1210= IFCCARTESIANTRANSFORMATIONOPERATOR3D($,$,#1209,$,$);
#1211= IFCMAPPEDITEM(#1189,#1210);
#1212= IFCSHAPEREPRESENTATION(#12,'Body','MappedRepresentation',(#1190,#1193,#1196,#1199,#1202,#1205,#1208,#1211));
#1213= IFCPRODUCTDEFINITIONSHAPE($,$,(#1212));
#1214= IFCCARTESIANPOINT((1290.02360846915,16437.9822694666,16903.9900679838));
#1215= IFCDIRECTION((-0.999999999187512,-4.03110000042943E-05,0.));
#1216= IFCDIRECTION((-4.03110000055361E-05,0.999999999187512,0.));
#1217= IFCAXIS2PLACEMENT3D(#1214,#1215,#1216);
#1218= IFCLOCALPLACEMENT(#42,#1217);
#1219= IFCMECHANICALFASTENER('0vamNvr1z3S9k5liJAXRE_',#44,'Bolt assembly',$,$,#1218,#1213,'ID399305f9-d41f-4370-9b85-bec4ca85b3be',24.,100.);
#1220= IFCPROPERTYSINGLEVALUE('Washer count',$,IFCINTEGER(16),$);
#1221= IFCPROPERTYSINGLEVALUE('Washer diameter',$,IFCLENGTHMEASURE(24.),$);
#1222= IFCPROPERTYSINGLEVALUE('Washer type',$,IFCLABEL(''),$);
#1223= IFCPROPERTYSINGLEVALUE('Nut type',$,IFCLABEL(''),$);
#1224= IFCPROPERTYSINGLEVALUE('Slotted hole y',$,IFCLENGTHMEASURE(44.),$);
#1225= IFCPROPERTYSINGLEVALUE('Bolt hole diameter',$,IFCLENGTHMEASURE(26.),$);
#1226= IFCPROPERTYSINGLEVALUE('Bolt count',$,IFCINTEGER(8),$);
#1227= IFCPROPERTYSINGLEVALUE('Bolt size',$,IFCLENGTHMEASURE(26.),$);
#1228= IFCPROPERTYSINGLEVALUE('Bolt length',$,IFCLENGTHMEASURE(100.),$);
#1229= IFCPROPERTYSINGLEVALUE('Bolt standard',$,IFCLABEL('TS10.9'),$);
#1230= IFCPROPERTYSET('1UKz4MEzvE7gYnp48vZsgm',#5,'Tekla Bolt','Bolt Properties',(#1220,#1221,#1222,#138,#139,#1223,#141,#1224,#143,#1225,#145,#1226,#1227,#1228,#1229,#150));
#1231= IFCMATERIAL('TS10.9');
#1232= IFCCOLOURRGB('Light Green',0.356862745098039,0.592156862745098,0.137254901960784);
#1233= IFCSURFACESTYLERENDERING(#1232,0.,$,$,$,$,IFCNORMALISEDRATIOMEASURE(0.00390625),IFCSPECULAREXPONENT(10.),.NOTDEFINED.);
#1234= IFCSURFACESTYLE('STEEL/S275',.POSITIVE.,(#1233));
#1235= IFCPRESENTATIONSTYLEASSIGNMENT((#1234));
#1236= IFCCARTESIANPOINT((-0.0016408261919878,-4.,19.9999999326938));
#1237= IFCCARTESIANPOINT((-0.0169000178575516,-4.,205.994003295898));
#1238= IFCCARTESIANPOINT((-0.0169000178575516,4.,205.994003295898));
#1239= IFCCARTESIANPOINT((-0.0016408261919878,4.,19.9999999326938));
#1240= IFCPOLYLOOP((#1236,#1237,#1238,#1239));
#1241= IFCFACEOUTERBOUND(#1240,.T.);
#1242= IFCFACE((#1241));
#1243= IFCCARTESIANPOINT((49.9830942270212,-4.,205.99967575027));
#1244= IFCCARTESIANPOINT((49.9830942270212,4.,205.99967575027));
#1245= IFCPOLYLOOP((#1237,#1243,#1244,#1238));
#1246= IFCFACEOUTERBOUND(#1245,.T.);
#1247= IFCFACE((#1246));
#1248= IFCCARTESIANPOINT((199.99589538529,-4.,50.0166936405367));
#1249= IFCCARTESIANPOINT((199.99589538529,4.,50.0166936405367));
#1250= IFCPOLYLOOP((#1243,#1248,#1249,#1244));
#1251= IFCFACEOUTERBOUND(#1250,.T.);
#1252= IFCFACE((#1251));
#1253= IFCCARTESIANPOINT((200.,-4.,0.));
#1254= IFCCARTESIANPOINT((200.,4.,0.));
#1255= IFCPOLYLOOP((#1248,#1253,#1254,#1249));
#1256= IFCFACEOUTERBOUND(#1255,.T.);
#1257= IFCFACE((#1256));
#1258= IFCCARTESIANPOINT((20.,-4.,0.));
#1259= IFCCARTESIANPOINT((20.,4.,0.));
#1260= IFCPOLYLOOP((#1253,#1258,#1259,#1254));
#1261= IFCFACEOUTERBOUND(#1260,.T.);
#1262= IFCFACE((#1261));
#1263= IFCCARTESIANPOINT((19.6156655933694,-4.,3.90200760238804));
#1264= IFCCARTESIANPOINT((19.6156655933694,4.,3.90200760238804));
#1265= IFCPOLYLOOP((#1258,#1263,#1264,#1259));
#1266= IFCFACEOUTERBOUND(#1265,.T.);
#1267= IFCFACE((#1266));
#1268= IFCCARTESIANPOINT((18.4774336670894,-4.,7.65404762712569));
#1269= IFCCARTESIANPOINT((18.4774336670894,4.,7.65404762712569));
#1270= IFCPOLYLOOP((#1263,#1268,#1269,#1264));
#1271= IFCFACEOUTERBOUND(#1270,.T.);
#1272= IFCFACE((#1271));
#1273= IFCCARTESIANPOINT((16.6290503903595,-4.,11.1119162665527));
#1274= IFCCARTESIANPOINT((16.6290503903595,4.,11.1119162665527));
#1275= IFCPOLYLOOP((#1268,#1273,#1274,#1269));
#1276= IFCFACEOUTERBOUND(#1275,.T.);
#1277= IFCFACE((#1276));
#1278= IFCCARTESIANPOINT((14.1415554921684,-4.,14.1427157314974));
#1279= IFCCARTESIANPOINT((14.1415554921684,4.,14.1427157314974));
#1280= IFCPOLYLOOP((#1273,#1278,#1279,#1274));
#1281= IFCFACEOUTERBOUND(#1280,.T.);
#1282= IFCFACE((#1281));
#1283= IFCCARTESIANPOINT((11.1105519600858,-4.,16.6299619705605));
#1284= IFCCARTESIANPOINT((11.1105519600858,4.,16.6299619705605));
#1285= IFCPOLYLOOP((#1278,#1283,#1284,#1279));
#1286= IFCFACEOUTERBOUND(#1285,.T.);
#1287= IFCFACE((#1286));
#1288= IFCCARTESIANPOINT((7.65253168851109,-4.,18.4780615529962));
#1289= IFCCARTESIANPOINT((7.65253168851109,4.,18.4780615529962));
#1290= IFCPOLYLOOP((#1283,#1288,#1289,#1284));
#1291= IFCFACEOUTERBOUND(#1290,.T.);
#1292= IFCFACE((#1291));
#1293= IFCCARTESIANPOINT((3.90039829436387,-4.,19.6159856531704));
#1294= IFCCARTESIANPOINT((3.90039829436387,4.,19.6159856531704));
#1295= IFCPOLYLOOP((#1288,#1293,#1294,#1289));
#1296= IFCFACEOUTERBOUND(#1295,.T.);
#1297= IFCFACE((#1296));
#1298= IFCPOLYLOOP((#1293,#1236,#1239,#1294));
#1299= IFCFACEOUTERBOUND(#1298,.T.);
#1300= IFCFACE((#1299));
#1301= IFCPOLYLOOP((#1244,#1249,#1254,#1259,#1264,#1269,#1274,#1279,#1284,#1289,#1294,#1239,#1238));
#1302= IFCFACEOUTERBOUND(#1301,.T.);
#1303= IFCFACE((#1302));
#1304= IFCPOLYLOOP((#1293,#1288,#1283,#1278,#1273,#1268,#1263,#1258,#1253,#1248,#1243,#1237,#1236));
#1305= IFCFACEOUTERBOUND(#1304,.T.);
#1306= IFCFACE((#1305));
#1307= IFCCLOSEDSHELL((#1242,#1247,#1252,#1257,#1262,#1267,#1272,#1277,#1282,#1287,#1292,#1297,#1300,#1303,#1306));
#1308= IFCFACETEDBREP(#1307);
#1309= IFCSTYLEDITEM(#1308,(#1235),$);
#1310= IFCSHAPEREPRESENTATION(#12,'Body','Brep',(#1308));
#1311= IFCPRODUCTDEFINITIONSHAPE($,$,(#1310));
#1312= IFCCARTESIANPOINT((1464.97189635083,16517.0007652858,16246.9985163483));
#1313= IFCAXIS2PLACEMENT3D(#1312,#593,#754);
#1314= IFCLOCALPLACEMENT(#42,#1313);
#1315= IFCPLATE('3FA8KdiUD0Wvto386LAjo0',#44,'PLATE-8','PL8*200',$,#1314,#1311,'IDcf288527-b1e3-4083-9df2-0c81952adc80');
#1316= IFCPLATETYPE('0FlnPZdHrAeBH$pzNxCQiV',#5,'PL8*200',$,$,$,$,$,$,.NOTDEFINED.);
#1317= IFCPROPERTYSINGLEVALUE('Bottom elevation',$,IFCLABEL(' +16.243'),$);
#1318= IFCPROPERTYSINGLEVALUE('Top elevation',$,IFCLABEL(' +16.251'),$);
#1319= IFCPROPERTYSINGLEVALUE('Initial GUID',$,$,$);
#1320= IFCPROPERTYSINGLEVALUE('Preliminary mark',$,IFCLABEL('5-2-P60(?)'),$);
#1321= IFCPROPERTYSINGLEVALUE('Phase',$,IFCINTEGER(2),$);
#1322= IFCPROPERTYSINGLEVALUE('Class',$,IFCLABEL('17'),$);
#1323= IFCPROPERTYSET('3ImNlMedD5EhVMoSmwcYsC',#5,'Tekla Common','Common Properties to Shared building elements',(#1317,#1318,#1319,#1320,#1321,#1322));
#1324= IFCPROPERTYSINGLEVALUE('Weight',$,IFCMASSMEASURE(1.83),$);
#1325= IFCPROPERTYSINGLEVALUE('Volume',$,IFCVOLUMEMEASURE(0.),$);
#1326= IFCPROPERTYSINGLEVALUE('Gross footprint area',$,IFCAREAMEASURE(0.029),$);
#1327= IFCPROPERTYSINGLEVALUE('Area per tons',$,IFCAREAMEASURE(34.962),$);
#1328= IFCPROPERTYSINGLEVALUE('Net surface area',$,IFCAREAMEASURE(0.064),$);
#1329= IFCPROPERTYSINGLEVALUE('Height',$,IFCLENGTHMEASURE(200.),$);
#1330= IFCPROPERTYSINGLEVALUE('Width',$,IFCLENGTHMEASURE(8.),$);
#1331= IFCPROPERTYSINGLEVALUE('Length',$,IFCLENGTHMEASURE(206.),$);
#1332= IFCPROPERTYSET('2nO2hK2G16BPSeOkovnY5W',#5,'Tekla Quantity','Quantity Properties to Shared building elements',(#1324,#1325,#1326,#1327,#1328,#1329,#1330,#1331));
#1333= IFCPROPERTYSINGLEVALUE('LoadBearing',$,IFCBOOLEAN(.F.),$);
#1334= IFCPROPERTYSINGLEVALUE('Reference',$,IFCIDENTIFIER('5-2-P60'),$);
#1335= IFCPROPERTYSET('0tQisZ_jDBgBmJdUHRrqgD',#5,'Pset_PlateCommon','Common Properties to plate elements',(#1333,#1334));
#1336= IFCQUANTITYLENGTH('Width',$,$,199.999999326926);
#1337= IFCQUANTITYAREA('NetArea',$,$,0.0640881425349788);
#1338= IFCQUANTITYAREA('GrossArea',$,$,0.0412023963894287);
#1339= IFCQUANTITYAREA('CrossSectionArea',$,$,6.4E-05);
#1340= IFCQUANTITYVOLUME('NetVolume',$,$,0.000233511268305838);
#1341= IFCQUANTITYVOLUME('GrossVolume',$,$,0.000233511268305838);
#1342= IFCELEMENTQUANTITY('14LOWzlaf7zvahx35ms_p2',#5,'BaseQuantities',$,$,(#1336,#1337,#1338,#1339,#1340,#1341));
#1343= IFCMATERIAL('STEEL/S275');
#1344= IFCCARTESIANPOINT((-0.00213932395013217,-4.,19.9999998855819));
#1345= IFCCARTESIANPOINT((-0.0147606939074194,-4.,137.994003410317));
#1346= IFCCARTESIANPOINT((-0.0147606939074194,4.,137.994003410317));
#1347= IFCCARTESIANPOINT((-0.00213932395013217,4.,19.9999998855819));
#1348= IFCPOLYLOOP((#1344,#1345,#1346,#1347));
#1349= IFCFACEOUTERBOUND(#1348,.T.);
#1350= IFCFACE((#1349));
#1351= IFCCARTESIANPOINT((3.88702051308178,-4.,138.378718325035));
#1352= IFCCARTESIANPOINT((3.88702051308178,4.,138.378718325035));
#1353= IFCPOLYLOOP((#1345,#1351,#1352,#1346));
#1354= IFCFACEOUTERBOUND(#1353,.T.);
#1355= IFCFACE((#1354));
#1356= IFCCARTESIANPOINT((7.63877500903595,-4.,139.517243842936));
#1357= IFCCARTESIANPOINT((7.63877500903595,4.,139.517243842936));
#1358= IFCPOLYLOOP((#1351,#1356,#1357,#1352));
#1359= IFCFACEOUTERBOUND(#1358,.T.);
#1360= IFCFACE((#1359));
#1361= IFCCARTESIANPOINT((11.0963237864223,-4.,141.365826706868));
#1362= IFCCARTESIANPOINT((11.0963237864223,4.,141.365826706868));
#1363= IFCPOLYLOOP((#1356,#1361,#1362,#1357));
#1364= IFCFACEOUTERBOUND(#1363,.T.);
#1365= IFCFACE((#1364));
#1366= IFCCARTESIANPOINT((14.1267940915038,-4.,143.853426329566));
#1367= IFCCARTESIANPOINT((14.1267940915038,4.,143.853426329566));
#1368= IFCPOLYLOOP((#1361,#1366,#1367,#1362));
#1369= IFCFACEOUTERBOUND(#1368,.T.);
#1370= IFCFACE((#1369));
#1371= IFCCARTESIANPOINT((16.6137256917641,-4.,146.884444866038));
#1372= IFCCARTESIANPOINT((16.6137256917641,4.,146.884444866038));
#1373= IFCPOLYLOOP((#1366,#1371,#1372,#1367));
#1374= IFCFACEOUTERBOUND(#1373,.T.);
#1375= IFCFACE((#1374));
#1376= IFCCARTESIANPOINT((18.4615464141532,-4.,150.342401015376));
#1377= IFCCARTESIANPOINT((18.4615464141532,4.,150.342401015376));
#1378= IFCPOLYLOOP((#1371,#1376,#1377,#1372));
#1379= IFCFACEOUTERBOUND(#1378,.T.);
#1380= IFCFACE((#1379));
#1381= IFCCARTESIANPOINT((19.5992449603195,-4.,154.094406368633));
#1382= IFCCARTESIANPOINT((19.5992449603195,4.,154.094406368633));
#1383= IFCPOLYLOOP((#1376,#1381,#1382,#1377));
#1384= IFCFACEOUTERBOUND(#1383,.T.);
#1385= IFCFACE((#1384));
#1386= IFCCARTESIANPOINT((19.9830998534355,-4.,157.996272277895));
#1387= IFCCARTESIANPOINT((19.9830998534355,4.,157.996272277895));
#1388= IFCPOLYLOOP((#1381,#1386,#1387,#1382));
#1389= IFCFACEOUTERBOUND(#1388,.T.);
#1390= IFCFACE((#1389));
#1391= IFCCARTESIANPOINT((199.983093261719,-4.,158.016693115234));
#1392= IFCCARTESIANPOINT((199.983093261719,4.,158.016693115234));
#1393= IFCPOLYLOOP((#1386,#1391,#1392,#1387));
#1394= IFCFACEOUTERBOUND(#1393,.T.);
#1395= IFCFACE((#1394));
#1396= IFCPOLYLOOP((#1391,#1253,#1254,#1392));
#1397= IFCFACEOUTERBOUND(#1396,.T.);
#1398= IFCFACE((#1397));
#1399= IFCCARTESIANPOINT((19.6156534361362,-4.,3.90206871715418));
#1400= IFCCARTESIANPOINT((19.6156534361362,4.,3.90206871715418));
#1401= IFCPOLYLOOP((#1258,#1399,#1400,#1259));
#1402= IFCFACEOUTERBOUND(#1401,.T.);
#1403= IFCFACE((#1402));
#1404= IFCCARTESIANPOINT((18.4773859726606,-4.,7.65416276396718));
#1405= IFCCARTESIANPOINT((18.4773859726606,4.,7.65416276396718));
#1406= IFCPOLYLOOP((#1399,#1404,#1405,#1400));
#1407= IFCFACEOUTERBOUND(#1406,.T.);
#1408= IFCFACE((#1407));
#1409= IFCCARTESIANPOINT((16.6289465284074,-4.,11.1120716950245));
#1410= IFCCARTESIANPOINT((16.6289465284074,4.,11.1120716950245));
#1411= IFCPOLYLOOP((#1404,#1409,#1410,#1405));
#1412= IFCFACEOUTERBOUND(#1411,.T.);
#1413= IFCFACE((#1412));
#1414= IFCCARTESIANPOINT((14.1413792382673,-4.,14.1428919687423));
#1415= IFCCARTESIANPOINT((14.1413792382673,4.,14.1428919687423));
#1416= IFCPOLYLOOP((#1409,#1414,#1415,#1410));
#1417= IFCFACEOUTERBOUND(#1416,.T.);
#1418= IFCFACE((#1417));
#1419= IFCCARTESIANPOINT((11.1102928962753,-4.,16.6301350493304));
#1420= IFCCARTESIANPOINT((11.1102928962753,4.,16.6301350493304));
#1421= IFCPOLYLOOP((#1414,#1419,#1420,#1415));
#1422= IFCFACEOUTERBOUND(#1421,.T.);
#1423= IFCFACE((#1422));
#1424= IFCCARTESIANPOINT((7.6521862644629,-4.,18.478204603638));
#1425= IFCCARTESIANPOINT((7.6521862644629,4.,18.478204603638));
#1426= IFCPOLYLOOP((#1419,#1424,#1425,#1420));
#1427= IFCFACEOUTERBOUND(#1426,.T.);
#1428= IFCFACE((#1427));
#1429= IFCCARTESIANPOINT((3.89997048297141,-4.,19.6160707133713));
#1430= IFCCARTESIANPOINT((3.89997048297141,4.,19.6160707133713));
#1431= IFCPOLYLOOP((#1424,#1429,#1430,#1425));
#1432= IFCFACEOUTERBOUND(#1431,.T.);
#1433= IFCFACE((#1432));
#1434= IFCPOLYLOOP((#1429,#1344,#1347,#1430));
#1435= IFCFACEOUTERBOUND(#1434,.T.);
#1436= IFCFACE((#1435));
#1437= IFCPOLYLOOP((#1352,#1357,#1362,#1367,#1372,#1377,#1382,#1387,#1392,#1254,#1259,#1400,#1405,#1410,#1415,#1420,#1425,#1430,#1347,#1346));
#1438= IFCFACEOUTERBOUND(#1437,.T.);
#1439= IFCFACE((#1438));
#1440= IFCPOLYLOOP((#1429,#1424,#1419,#1414,#1409,#1404,#1399,#1258,#1253,#1391,#1386,#1381,#1376,#1371,#1366,#1361,#1356,#1351,#1345,#1344));
#1441= IFCFACEOUTERBOUND(#1440,.T.);
#1442= IFCFACE((#1441));
#1443= IFCCLOSEDSHELL((#1350,#1355,#1360,#1365,#1370,#1375,#1380,#1385,#1390,#1395,#1398,#1262,#1403,#1408,#1413,#1418,#1423,#1428,#1433,#1436,#1439,#1442));
#1444= IFCFACETEDBREP(#1443);
#1445= IFCSTYLEDITEM(#1444,(#1235),$);
#1446= IFCSHAPEREPRESENTATION(#12,'Body','Brep',(#1444));
#1447= IFCPRODUCTDEFINITIONSHAPE($,$,(#1446));
#1448= IFCCARTESIANPOINT((1464.97189635087,16687.0007652857,16246.9985163483));
#1449= IFCAXIS2PLACEMENT3D(#1448,#593,#754);
#1450= IFCLOCALPLACEMENT(#42,#1449);
#1451= IFCPLATE('3zFvp1sxj3bxSiGEZXCcSl',#44,'PLATE-8','PL8*158',$,#1450,#1447,'IDfd3f9cc1-dbbb-4397-b72c-40e8e132672f');
#1452= IFCPLATETYPE('3OZrV7c3PDvBowmfQ526Oj',#5,'PL8*158',$,$,$,$,$,$,.NOTDEFINED.);
#1453= IFCPROPERTYSINGLEVALUE('Preliminary mark',$,IFCLABEL('5-2-P61(?)'),$);
#1454= IFCPROPERTYSET('0mtoGXur52xxqDBWc9ox8J',#5,'Tekla Common','Common Properties to Shared building elements',(#1317,#1318,#1319,#1453,#1321,#1322));
#1455= IFCPROPERTYSINGLEVALUE('Weight',$,IFCMASSMEASURE(1.95),$);
#1456= IFCPROPERTYSINGLEVALUE('Gross footprint area',$,IFCAREAMEASURE(0.031),$);
#1457= IFCPROPERTYSINGLEVALUE('Area per tons',$,IFCAREAMEASURE(34.721),$);
#1458= IFCPROPERTYSINGLEVALUE('Net surface area',$,IFCAREAMEASURE(0.068),$);
#1459= IFCPROPERTYSINGLEVALUE('Height',$,IFCLENGTHMEASURE(158.),$);
#1460= IFCPROPERTYSINGLEVALUE('Length',$,IFCLENGTHMEASURE(200.),$);
#1461= IFCPROPERTYSET('0Iizmb0aT6RR9YziN8RExY',#5,'Tekla Quantity','Quantity Properties to Shared building elements',(#1455,#1325,#1456,#1457,#1458,#1459,#1330,#1460));
#1462= IFCPROPERTYSINGLEVALUE('Reference',$,IFCIDENTIFIER('5-2-P61'),$);
#1463= IFCPROPERTYSET('3uZmIoecvCMx_CgofUCOzT',#5,'Pset_PlateCommon','Common Properties to plate elements',(#1333,#1462));
#1464= IFCQUANTITYLENGTH('Width',$,$,158.016693115234);
#1465= IFCQUANTITYAREA('NetArea',$,$,0.0675434674005884);
#1466= IFCQUANTITYAREA('GrossArea',$,$,0.0316056710590862);
#1467= IFCQUANTITYVOLUME('NetVolume',$,$,0.000247814064141472);
#1468= IFCQUANTITYVOLUME('GrossVolume',$,$,0.000247814064141472);
#1469= IFCELEMENTQUANTITY('152ovhmQD0pwFAUArdUAXk',#5,'BaseQuantities',$,$,(#1464,#1465,#1466,#1339,#1467,#1468));
#1470= IFCSHAPEREPRESENTATION(#12,'Body','Brep',(#1444));
#1471= IFCPRODUCTDEFINITIONSHAPE($,$,(#1470));
#1472= IFCCARTESIANPOINT((1464.97189635091,16857.0007652856,16246.9985163483));
#1473= IFCAXIS2PLACEMENT3D(#1472,#593,#754);
#1474= IFCLOCALPLACEMENT(#42,#1473);
#1475= IFCPLATE('2nD0lOWD53hwrs2wI_UdEM',#44,'PLATE-8','PL8*158',$,#1474,#1471,'IDb1340bd8-80d1-43af-ad76-0ba4be7a7396');
#1476= IFCCARTESIANPOINT((0.,-4.,0.));
#1477= IFCCARTESIANPOINT((-0.0152591916655638,-4.,185.994003363205));
#1478= IFCCARTESIANPOINT((-0.0152591916655638,4.,185.994003363205));
#1479= IFCCARTESIANPOINT((0.,4.,0.));
#1480= IFCPOLYLOOP((#1476,#1477,#1478,#1479));
#1481= IFCFACEOUTERBOUND(#1480,.T.);
#1482= IFCFACE((#1481));
#1483= IFCCARTESIANPOINT((3.88659271696974,-4.,186.378633188018));
#1484= IFCCARTESIANPOINT((3.88659271696974,4.,186.378633188018));
#1485= IFCPOLYLOOP((#1477,#1483,#1484,#1478));
#1486= IFCFACEOUTERBOUND(#1485,.T.);
#1487= IFCFACE((#1486));
#1488= IFCCARTESIANPOINT((7.63842960932834,-4.,187.517100733534));
#1489= IFCCARTESIANPOINT((7.63842960932834,4.,187.517100733534));
#1490= IFCPOLYLOOP((#1483,#1488,#1489,#1484));
#1491= IFCFACEOUTERBOUND(#1490,.T.);
#1492= IFCFACE((#1491));
#1493= IFCCARTESIANPOINT((11.0960647504241,-4.,189.365653586472));
#1494= IFCCARTESIANPOINT((11.0960647504241,4.,189.365653586472));
#1495= IFCPOLYLOOP((#1488,#1493,#1494,#1489));
#1496= IFCFACEOUTERBOUND(#1495,.T.);
#1497= IFCFACE((#1496));
#1498= IFCCARTESIANPOINT((14.126617864257,-4.,191.853250065666));
#1499= IFCCARTESIANPOINT((14.126617864257,4.,191.853250065666));
#1500= IFCPOLYLOOP((#1493,#1498,#1499,#1494));
#1501= IFCFACEOUTERBOUND(#1500,.T.);
#1502= IFCFACE((#1501));
#1503= IFCCARTESIANPOINT((16.6136218518502,-4.,194.884289422844));
#1504= IFCCARTESIANPOINT((16.6136218518502,4.,194.884289422844));
#1505= IFCPOLYLOOP((#1498,#1503,#1504,#1499));
#1506= IFCFACEOUTERBOUND(#1505,.T.);
#1507= IFCFACE((#1506));
#1508= IFCCARTESIANPOINT((18.4614987349619,-4.,198.342285872222));
#1509= IFCCARTESIANPOINT((18.4614987349619,4.,198.342285872222));
#1510= IFCPOLYLOOP((#1503,#1508,#1509,#1504));
#1511= IFCFACEOUTERBOUND(#1510,.T.);
#1512= IFCFACE((#1511));
#1513= IFCCARTESIANPOINT((19.5992328105972,-4.,202.094345252375));
#1514= IFCCARTESIANPOINT((19.5992328105972,4.,202.094345252375));
#1515= IFCPOLYLOOP((#1508,#1513,#1514,#1509));
#1516= IFCFACEOUTERBOUND(#1515,.T.);
#1517= IFCFACE((#1516));
#1518= IFCCARTESIANPOINT((19.9830998534355,-4.,205.996272277895));
#1519= IFCCARTESIANPOINT((19.9830998534355,4.,205.996272277895));
#1520= IFCPOLYLOOP((#1513,#1518,#1519,#1514));
#1521= IFCFACEOUTERBOUND(#1520,.T.);
#1522= IFCFACE((#1521));
#1523= IFCCARTESIANPOINT((199.983093261719,-4.,206.016693115234));
#1524= IFCCARTESIANPOINT((199.983093261719,4.,206.016693115234));
#1525= IFCPOLYLOOP((#1518,#1523,#1524,#1519));
#1526= IFCFACEOUTERBOUND(#1525,.T.);
#1527= IFCFACE((#1526));
#1528= IFCCARTESIANPOINT((199.987197876429,-4.,155.999999474698));
#1529= IFCCARTESIANPOINT((199.987197876429,4.,155.999999474698));
#1530= IFCPOLYLOOP((#1523,#1528,#1529,#1524));
#1531= IFCFACEOUTERBOUND(#1530,.T.);
#1532= IFCFACE((#1531));
#1533= IFCCARTESIANPOINT((50.,-4.,0.));
#1534= IFCCARTESIANPOINT((50.,4.,0.));
#1535= IFCPOLYLOOP((#1528,#1533,#1534,#1529));
#1536= IFCFACEOUTERBOUND(#1535,.T.);
#1537= IFCFACE((#1536));
#1538= IFCPOLYLOOP((#1533,#1476,#1479,#1534));
#1539= IFCFACEOUTERBOUND(#1538,.T.);
#1540= IFCFACE((#1539));
#1541= IFCPOLYLOOP((#1484,#1489,#1494,#1499,#1504,#1509,#1514,#1519,#1524,#1529,#1534,#1479,#1478));
#1542= IFCFACEOUTERBOUND(#1541,.T.);
#1543= IFCFACE((#1542));
#1544= IFCPOLYLOOP((#1533,#1528,#1523,#1518,#1513,#1508,#1503,#1498,#1493,#1488,#1483,#1477,#1476));
#1545= IFCFACEOUTERBOUND(#1544,.T.);
#1546= IFCFACE((#1545));
#1547= IFCCLOSEDSHELL((#1482,#1487,#1492,#1497,#1502,#1507,#1512,#1517,#1522,#1527,#1532,#1537,#1540,#1543,#1546));
#1548= IFCFACETEDBREP(#1547);
#1549= IFCSTYLEDITEM(#1548,(#1235),$);
#1550= IFCSHAPEREPRESENTATION(#12,'Body','Brep',(#1548));
#1551= IFCPRODUCTDEFINITIONSHAPE($,$,(#1550));
#1552= IFCCARTESIANPOINT((1464.97189635096,17075.0007652855,16246.9985163483));
#1553= IFCAXIS2PLACEMENT3D(#1552,#593,#754);
#1554= IFCLOCALPLACEMENT(#42,#1553);
#1555= IFCPLATE('2BlyPQy$nEZxEy4NKWjKWU',#44,'PLATE-8','PL8*200',$,#1554,#1551,'ID8bbfc65a-f3fc-4e8f-b3bc-117520b5481e');
#1556= IFCQUANTITYLENGTH('Width',$,$,199.999995647706);
#1557= IFCQUANTITYAREA('NetArea',$,$,0.0640881105640937);
#1558= IFCQUANTITYAREA('GrossArea',$,$,0.0412008766259259);
#1559= IFCQUANTITYVOLUME('NetVolume',$,$,0.000233511348031788);
#1560= IFCQUANTITYVOLUME('GrossVolume',$,$,0.000233511348031788);
#1561= IFCELEMENTQUANTITY('0O88yz7rj6gurqlH8FiC7k',#5,'BaseQuantities',$,$,(#1556,#1557,#1558,#1339,#1559,#1560));
#1562= IFCCARTESIANPOINT((89.9830938738803,-4.,206.001044963654));
#1563= IFCCARTESIANPOINT((89.9830938738803,4.,206.001044963654));
#1564= IFCPOLYLOOP((#1237,#1562,#1563,#1238));
#1565= IFCFACEOUTERBOUND(#1564,.T.);
#1566= IFCFACE((#1565));
#1567= IFCCARTESIANPOINT((289.993761698028,-4.,76.0166935529851));
#1568= IFCCARTESIANPOINT((289.993761698028,4.,76.0166935529851));
#1569= IFCPOLYLOOP((#1562,#1567,#1568,#1563));
#1570= IFCFACEOUTERBOUND(#1569,.T.);
#1571= IFCFACE((#1570));
#1572= IFCCARTESIANPOINT((290.,-4.,0.));
#1573= IFCCARTESIANPOINT((290.,4.,0.));
#1574= IFCPOLYLOOP((#1567,#1572,#1573,#1568));
#1575= IFCFACEOUTERBOUND(#1574,.T.);
#1576= IFCFACE((#1575));
#1577= IFCPOLYLOOP((#1572,#1258,#1259,#1573));
#1578= IFCFACEOUTERBOUND(#1577,.T.);
#1579= IFCFACE((#1578));
#1580= IFCPOLYLOOP((#1563,#1568,#1573,#1259,#1264,#1269,#1274,#1279,#1284,#1289,#1294,#1239,#1238));
#1581= IFCFACEOUTERBOUND(#1580,.T.);
#1582= IFCFACE((#1581));
#1583= IFCPOLYLOOP((#1293,#1288,#1283,#1278,#1273,#1268,#1263,#1258,#1572,#1567,#1562,#1237,#1236));
#1584= IFCFACEOUTERBOUND(#1583,.T.);
#1585= IFCFACE((#1584));
#1586= IFCCLOSEDSHELL((#1242,#1566,#1571,#1576,#1579,#1267,#1272,#1277,#1282,#1287,#1292,#1297,#1300,#1582,#1585));
#1587= IFCFACETEDBREP(#1586);
#1588= IFCSTYLEDITEM(#1587,(#1235),$);
#1589= IFCSHAPEREPRESENTATION(#12,'Body','Brep',(#1587));
#1590= IFCPRODUCTDEFINITIONSHAPE($,$,(#1589));
#1591= IFCCARTESIANPOINT((1464.97189635074,16517.0007652858,16416.9985163483));
#1592= IFCAXIS2PLACEMENT3D(#1591,#593,#754);
#1593= IFCLOCALPLACEMENT(#42,#1592);
#1594= IFCPLATE('3z50cLEtn0V95_8NTpVYsd',#44,'PLATE-8','PL8*206',$,#1593,#1590,'IDfd140995-3b7c-407c-917e-2177737e2da7');
#1595= IFCPLATETYPE('1tPo4A5Y97leEXSA2e_p2e',#5,'PL8*206',$,$,$,$,$,$,.NOTDEFINED.);
#1596= IFCPROPERTYSINGLEVALUE('Bottom elevation',$,IFCLABEL(' +16.413'),$);
#1597= IFCPROPERTYSINGLEVALUE('Top elevation',$,IFCLABEL(' +16.421'),$);
#1598= IFCPROPERTYSINGLEVALUE('Preliminary mark',$,IFCLABEL('5-2-P114(?)'),$);
#1599= IFCPROPERTYSET('29zN5H9N16MuzfqaqQTjtV',#5,'Tekla Common','Common Properties to Shared building elements',(#1596,#1597,#1319,#1598,#1321,#1322));
#1600= IFCPROPERTYSINGLEVALUE('Weight',$,IFCMASSMEASURE(2.92),$);
#1601= IFCPROPERTYSINGLEVALUE('Gross footprint area',$,IFCAREAMEASURE(0.046),$);
#1602= IFCPROPERTYSINGLEVALUE('Area per tons',$,IFCAREAMEASURE(34.294),$);
#1603= IFCPROPERTYSINGLEVALUE('Net surface area',$,IFCAREAMEASURE(0.1),$);
#1604= IFCPROPERTYSINGLEVALUE('Height',$,IFCLENGTHMEASURE(206.),$);
#1605= IFCPROPERTYSINGLEVALUE('Length',$,IFCLENGTHMEASURE(290.),$);
#1606= IFCPROPERTYSET('27vgyUEBvF8RD8acLPCSyr',#5,'Tekla Quantity','Quantity Properties to Shared building elements',(#1600,#1325,#1601,#1602,#1603,#1604,#1330,#1605));
#1607= IFCPROPERTYSINGLEVALUE('Reference',$,IFCIDENTIFIER('5-2-P114'),$);
#1608= IFCPROPERTYSET('28Zu$3c6H3eeRgDV8BAI8w',#5,'Pset_PlateCommon','Common Properties to plate elements',(#1333,#1607));
#1609= IFCQUANTITYLENGTH('Width',$,$,206.001044963653);
#1610= IFCQUANTITYAREA('NetArea',$,$,0.0999941032257651);
#1611= IFCQUANTITYAREA('GrossArea',$,$,0.0597437844607981);
#1612= IFCQUANTITYVOLUME('NetVolume',$,$,0.00037143511896851);
#1613= IFCQUANTITYVOLUME('GrossVolume',$,$,0.00037143511896851);
#1614= IFCELEMENTQUANTITY('3WiYvVz6TC5fqhRO4TnSgf',#5,'BaseQuantities',$,$,(#1609,#1610,#1611,#1339,#1612,#1613));
#1615= IFCCARTESIANPOINT((3.88693418533603,-4.,138.378701143905));
#1616= IFCCARTESIANPOINT((3.88693418533603,4.,138.378701143905));
#1617= IFCPOLYLOOP((#1345,#1615,#1616,#1346));
#1618= IFCFACEOUTERBOUND(#1617,.T.);
#1619= IFCFACE((#1618));
#1620= IFCCARTESIANPOINT((7.6386123747227,-4.,139.517176457746));
#1621= IFCCARTESIANPOINT((7.6386123747227,4.,139.517176457746));
#1622= IFCPOLYLOOP((#1615,#1620,#1621,#1616));
#1623= IFCFACEOUTERBOUND(#1622,.T.);
#1624= IFCFACE((#1623));
#1625= IFCCARTESIANPOINT((11.0961042415051,-4.,141.365679978997));
#1626= IFCCARTESIANPOINT((11.0961042415051,4.,141.365679978997));
#1627= IFCPOLYLOOP((#1620,#1625,#1626,#1621));
#1628= IFCFACEOUTERBOUND(#1627,.T.);
#1629= IFCFACE((#1628));
#1630= IFCCARTESIANPOINT((14.1265451561771,-4.,143.853177343746));
#1631= IFCCARTESIANPOINT((14.1265451561771,4.,143.853177343746));
#1632= IFCPOLYLOOP((#1625,#1630,#1631,#1626));
#1633= IFCFACEOUTERBOUND(#1632,.T.);
#1634= IFCFACE((#1633));
#1635= IFCCARTESIANPOINT((16.6134812195296,-4.,146.884078908253));
#1636= IFCCARTESIANPOINT((16.6134812195296,4.,146.884078908253));
#1637= IFCPOLYLOOP((#1630,#1635,#1636,#1631));
#1638= IFCFACEOUTERBOUND(#1637,.T.);
#1639= IFCFACE((#1638));
#1640= IFCCARTESIANPOINT((18.4613443575381,-4.,150.341913071446));
#1641= IFCCARTESIANPOINT((18.4613443575381,4.,150.341913071446));
#1642= IFCPOLYLOOP((#1635,#1640,#1641,#1636));
#1643= IFCFACEOUTERBOUND(#1642,.T.);
#1644= IFCFACE((#1643));
#1645= IFCCARTESIANPOINT((19.5991248149612,-4.,154.093802050036));
#1646= IFCCARTESIANPOINT((19.5991248149612,4.,154.093802050036));
#1647= IFCPOLYLOOP((#1640,#1645,#1646,#1641));
#1648= IFCFACEOUTERBOUND(#1647,.T.);
#1649= IFCFACE((#1648));
#1650= IFCCARTESIANPOINT((19.9830999209262,-4.,157.995568111055));
#1651= IFCCARTESIANPOINT((19.9830999209262,4.,157.995568111055));
#1652= IFCPOLYLOOP((#1645,#1650,#1651,#1646));
#1653= IFCFACEOUTERBOUND(#1652,.T.);
#1654= IFCFACE((#1653));
#1655= IFCCARTESIANPOINT((289.983093261719,-4.,158.016693115234));
#1656= IFCCARTESIANPOINT((289.983093261719,4.,158.016693115234));
#1657= IFCPOLYLOOP((#1650,#1655,#1656,#1651));
#1658= IFCFACEOUTERBOUND(#1657,.T.);
#1659= IFCFACE((#1658));
#1660= IFCPOLYLOOP((#1655,#1572,#1573,#1656));
#1661= IFCFACEOUTERBOUND(#1660,.T.);
#1662= IFCFACE((#1661));
#1663= IFCPOLYLOOP((#1616,#1621,#1626,#1631,#1636,#1641,#1646,#1651,#1656,#1573,#1259,#1400,#1405,#1410,#1415,#1420,#1425,#1430,#1347,#1346));
#1664= IFCFACEOUTERBOUND(#1663,.T.);
#1665= IFCFACE((#1664));
#1666= IFCPOLYLOOP((#1429,#1424,#1419,#1414,#1409,#1404,#1399,#1258,#1572,#1655,#1650,#1645,#1640,#1635,#1630,#1625,#1620,#1615,#1345,#1344));
#1667= IFCFACEOUTERBOUND(#1666,.T.);
#1668= IFCFACE((#1667));
#1669= IFCCLOSEDSHELL((#1350,#1619,#1624,#1629,#1634,#1639,#1644,#1649,#1654,#1659,#1662,#1579,#1403,#1408,#1413,#1418,#1423,#1428,#1433,#1436,#1665,#1668));
#1670= IFCFACETEDBREP(#1669);
#1671= IFCSTYLEDITEM(#1670,(#1235),$);
#1672= IFCSHAPEREPRESENTATION(#12,'Body','Brep',(#1670));
#1673= IFCPRODUCTDEFINITIONSHAPE($,$,(#1672));
#1674= IFCCARTESIANPOINT((1464.97189635078,16687.0007652857,16416.9985163483));
#1675= IFCAXIS2PLACEMENT3D(#1674,#593,#754);
#1676= IFCLOCALPLACEMENT(#42,#1675);
#1677= IFCPLATE('18prC3qCL2tAbHiDawzy5s',#44,'PLATE-8','PL8*158',$,#1676,#1673,'ID48cf5303-d0c5-42dc-a951-b0d93af7c176');
#1678= IFCPROPERTYSINGLEVALUE('Preliminary mark',$,IFCLABEL('5-2-P63(?)'),$);
#1679= IFCPROPERTYSET('22b5RZgxT6MwKm7YDgVqMe',#5,'Tekla Common','Common Properties to Shared building elements',(#1596,#1597,#1319,#1678,#1321,#1322));
#1680= IFCPROPERTYSINGLEVALUE('Weight',$,IFCMASSMEASURE(2.84),$);
#1681= IFCPROPERTYSINGLEVALUE('Gross footprint area',$,IFCAREAMEASURE(0.045),$);
#1682= IFCPROPERTYSINGLEVALUE('Area per tons',$,IFCAREAMEASURE(34.324),$);
#1683= IFCPROPERTYSINGLEVALUE('Net surface area',$,IFCAREAMEASURE(0.097),$);
#1684= IFCPROPERTYSET('39wWkf$GX6OQnzmM5QsIJH',#5,'Tekla Quantity','Quantity Properties to Shared building elements',(#1680,#1325,#1681,#1682,#1683,#1459,#1330,#1605));
#1685= IFCPROPERTYSINGLEVALUE('Reference',$,IFCIDENTIFIER('5-2-P63'),$);
#1686= IFCPROPERTYSET('3wto2wIe9AKvK3A2ZlAFGR',#5,'Pset_PlateCommon','Common Properties to plate elements',(#1333,#1685));
#1687= IFCQUANTITYLENGTH('Width',$,$,158.016693115234);
#1688= IFCQUANTITYAREA('NetArea',$,$,0.097424438280919);
#1689= IFCQUANTITYAREA('GrossArea',$,$,0.0458271734394573);
#1690= IFCQUANTITYVOLUME('NetVolume',$,$,0.000361577970100413);
#1691= IFCQUANTITYVOLUME('GrossVolume',$,$,0.000361577970100413);
#1692= IFCELEMENTQUANTITY('2RpKUdn0r0ehqbc9sVfE6R',#5,'BaseQuantities',$,$,(#1687,#1688,#1689,#1339,#1690,#1691));
#1693= IFCSHAPEREPRESENTATION(#12,'Body','Brep',(#1670));
#1694= IFCPRODUCTDEFINITIONSHAPE($,$,(#1693));
#1695= IFCCARTESIANPOINT((1464.97189635082,16857.0007652856,16416.9985163483));
#1696= IFCAXIS2PLACEMENT3D(#1695,#593,#754);
#1697= IFCLOCALPLACEMENT(#42,#1696);
#1698= IFCPLATE('3kom67yWT8vAjpSZSr5GmC',#44,'PLATE-8','PL8*158',$,#1697,#1694,'IDeecb0187-f207-48e4-ab73-723735150c0c');
#1699= IFCCARTESIANPOINT((3.88650638884928,-4.,186.378616008769));
#1700= IFCCARTESIANPOINT((3.88650638884928,4.,186.378616008769));
#1701= IFCPOLYLOOP((#1477,#1699,#1700,#1478));
#1702= IFCFACEOUTERBOUND(#1701,.T.);
#1703= IFCFACE((#1702));
#1704= IFCCARTESIANPOINT((7.63826697375521,-4.,187.517033351385));
#1705= IFCCARTESIANPOINT((7.63826697375521,4.,187.517033351385));
#1706= IFCPOLYLOOP((#1699,#1704,#1705,#1700));
#1707= IFCFACEOUTERBOUND(#1706,.T.);
#1708= IFCFACE((#1707));
#1709= IFCCARTESIANPOINT((11.0958452032214,-4.,189.365506862025));
#1710= IFCCARTESIANPOINT((11.0958452032214,4.,189.365506862025));
#1711= IFCPOLYLOOP((#1704,#1709,#1710,#1705));
#1712= IFCFACEOUTERBOUND(#1711,.T.);
#1713= IFCFACE((#1712));
#1714= IFCCARTESIANPOINT((14.1263689258271,-4.,191.853001082949));
#1715= IFCCARTESIANPOINT((14.1263689258271,4.,191.853001082949));
#1716= IFCPOLYLOOP((#1709,#1714,#1715,#1710));
#1717= IFCFACEOUTERBOUND(#1716,.T.);
#1718= IFCFACE((#1717));
#1719= IFCCARTESIANPOINT((16.6133773761951,-4.,194.883923467343));
#1720= IFCCARTESIANPOINT((16.6133773761951,4.,194.883923467343));
#1721= IFCPOLYLOOP((#1714,#1719,#1720,#1715));
#1722= IFCFACEOUTERBOUND(#1721,.T.);
#1723= IFCFACE((#1722));
#1724= IFCCARTESIANPOINT((18.4612966753064,-4.,198.341797929552));
#1725= IFCCARTESIANPOINT((18.4612966753064,4.,198.341797929552));
#1726= IFCPOLYLOOP((#1719,#1724,#1725,#1720));
#1727= IFCFACEOUTERBOUND(#1726,.T.);
#1728= IFCFACE((#1727));
#1729= IFCCARTESIANPOINT((19.599112663356,-4.,202.09374093415));
#1730= IFCCARTESIANPOINT((19.599112663356,4.,202.09374093415));
#1731= IFCPOLYLOOP((#1724,#1729,#1730,#1725));
#1732= IFCFACEOUTERBOUND(#1731,.T.);
#1733= IFCFACE((#1732));
#1734= IFCCARTESIANPOINT((19.9830999209262,-4.,205.995568111055));
#1735= IFCCARTESIANPOINT((19.9830999209262,4.,205.995568111055));
#1736= IFCPOLYLOOP((#1729,#1734,#1735,#1730));
#1737= IFCFACEOUTERBOUND(#1736,.T.);
#1738= IFCFACE((#1737));
#1739= IFCCARTESIANPOINT((289.983093261719,-4.,206.016693115234));
#1740= IFCCARTESIANPOINT((289.983093261719,4.,206.016693115234));
#1741= IFCPOLYLOOP((#1734,#1739,#1740,#1735));
#1742= IFCFACEOUTERBOUND(#1741,.T.);
#1743= IFCFACE((#1742));
#1744= IFCCARTESIANPOINT((289.989331563691,-4.,129.999999562249));
#1745= IFCCARTESIANPOINT((289.989331563691,4.,129.999999562249));
#1746= IFCPOLYLOOP((#1739,#1744,#1745,#1740));
#1747= IFCFACEOUTERBOUND(#1746,.T.);
#1748= IFCFACE((#1747));
#1749= IFCCARTESIANPOINT((90.,-4.,0.));
#1750= IFCCARTESIANPOINT((90.,4.,0.));
#1751= IFCPOLYLOOP((#1744,#1749,#1750,#1745));
#1752= IFCFACEOUTERBOUND(#1751,.T.);
#1753= IFCFACE((#1752));
#1754= IFCPOLYLOOP((#1749,#1476,#1479,#1750));
#1755= IFCFACEOUTERBOUND(#1754,.T.);
#1756= IFCFACE((#1755));
#1757= IFCPOLYLOOP((#1700,#1705,#1710,#1715,#1720,#1725,#1730,#1735,#1740,#1745,#1750,#1479,#1478));
#1758= IFCFACEOUTERBOUND(#1757,.T.);
#1759= IFCFACE((#1758));
#1760= IFCPOLYLOOP((#1749,#1744,#1739,#1734,#1729,#1724,#1719,#1714,#1709,#1704,#1699,#1477,#1476));
#1761= IFCFACEOUTERBOUND(#1760,.T.);
#1762= IFCFACE((#1761));
#1763= IFCCLOSEDSHELL((#1482,#1703,#1708,#1713,#1718,#1723,#1728,#1733,#1738,#1743,#1748,#1753,#1756,#1759,#1762));
#1764= IFCFACETEDBREP(#1763);
#1765= IFCSTYLEDITEM(#1764,(#1235),$);
#1766= IFCSHAPEREPRESENTATION(#12,'Body','Brep',(#1764));
#1767= IFCPRODUCTDEFINITIONSHAPE($,$,(#1766));
#1768= IFCCARTESIANPOINT((1464.97189635087,17075.0007652855,16416.9985163483));
#1769= IFCAXIS2PLACEMENT3D(#1768,#593,#754);
#1770= IFCLOCALPLACEMENT(#42,#1769);
#1771= IFCPLATE('2rOUSTZvXALxdDCEq9317b',#44,'PLATE-8','PL8*206',$,#1770,#1767,'IDb561e71d-8f98-4a57-b9cd-30ed090c11e5');
#1772= IFCPROPERTYSINGLEVALUE('Preliminary mark',$,IFCLABEL('5-2-P62(?)'),$);
#1773= IFCPROPERTYSET('11YL3i4gP00Psf6YV01nsr',#5,'Tekla Common','Common Properties to Shared building elements',(#1596,#1597,#1319,#1772,#1321,#1322));
#1774= IFCPROPERTYSINGLEVALUE('Reference',$,IFCIDENTIFIER('5-2-P62'),$);
#1775= IFCPROPERTYSET('0E9n$XP7rF9AkPOqqmLdrG',#5,'Pset_PlateCommon','Common Properties to plate elements',(#1333,#1774));
#1776= IFCQUANTITYLENGTH('Width',$,$,206.016693115234);
#1777= IFCQUANTITYAREA('NetArea',$,$,0.0999940484265347);
#1778= IFCQUANTITYAREA('GrossArea',$,$,0.0597457867756553);
#1779= IFCQUANTITYVOLUME('NetVolume',$,$,0.000371435254025715);
#1780= IFCQUANTITYVOLUME('GrossVolume',$,$,0.000371435254025715);
#1781= IFCELEMENTQUANTITY('01tfdMGbD2S8ZK6TIB4zDP',#5,'BaseQuantities',$,$,(#1776,#1777,#1778,#1339,#1779,#1780));
#1782= IFCPOLYLOOP((#1237,#1523,#1524,#1238));
#1783= IFCFACEOUTERBOUND(#1782,.T.);
#1784= IFCFACE((#1783));
#1785= IFCPOLYLOOP((#1523,#1253,#1254,#1524));
#1786= IFCFACEOUTERBOUND(#1785,.T.);
#1787= IFCFACE((#1786));
#1788= IFCPOLYLOOP((#1524,#1254,#1259,#1264,#1269,#1274,#1279,#1284,#1289,#1294,#1239,#1238));
#1789= IFCFACEOUTERBOUND(#1788,.T.);
#1790= IFCFACE((#1789));
#1791= IFCPOLYLOOP((#1293,#1288,#1283,#1278,#1273,#1268,#1263,#1258,#1253,#1523,#1237,#1236));
#1792= IFCFACEOUTERBOUND(#1791,.T.);
#1793= IFCFACE((#1792));
#1794= IFCCLOSEDSHELL((#1242,#1784,#1787,#1262,#1267,#1272,#1277,#1282,#1287,#1292,#1297,#1300,#1790,#1793));
#1795= IFCFACETEDBREP(#1794);
#1796= IFCSTYLEDITEM(#1795,(#1235),$);
#1797= IFCSHAPEREPRESENTATION(#12,'Body','Brep',(#1795));
#1798= IFCPRODUCTDEFINITIONSHAPE($,$,(#1797));
#1799= IFCCARTESIANPOINT((1464.97189635044,16517.0007652855,17268.9985163483));
#1800= IFCAXIS2PLACEMENT3D(#1799,#593,#754);
#1801= IFCLOCALPLACEMENT(#42,#1800);
#1802= IFCPLATE('3mfyv1QN1Eb9lQhq2qoRZf',#44,'PLATE-8','PL8*200',$,#1801,#1798,'IDf0a7ce41-6970-4e94-9bda-af40b4c9b8e9');
#1803= IFCPROPERTYSINGLEVALUE('Bottom elevation',$,IFCLABEL(' +17.265'),$);
#1804= IFCPROPERTYSINGLEVALUE('Top elevation',$,IFCLABEL(' +17.273'),$);
#1805= IFCPROPERTYSINGLEVALUE('Preliminary mark',$,IFCLABEL('5-2-P47(?)'),$);
#1806= IFCPROPERTYSET('0tzGoPhGDEMQk0H8y5rZ74',#5,'Tekla Common','Common Properties to Shared building elements',(#1803,#1804,#1319,#1805,#1321,#1322));
#1807= IFCPROPERTYSINGLEVALUE('Weight',$,IFCMASSMEASURE(2.57),$);
#1808= IFCPROPERTYSINGLEVALUE('Gross footprint area',$,IFCAREAMEASURE(0.041),$);
#1809= IFCPROPERTYSINGLEVALUE('Area per tons',$,IFCAREAMEASURE(34.35),$);
#1810= IFCPROPERTYSINGLEVALUE('Net surface area',$,IFCAREAMEASURE(0.088),$);
#1811= IFCPROPERTYSET('3kKzrg9ZrD3OAnB_H6Qyut',#5,'Tekla Quantity','Quantity Properties to Shared building elements',(#1807,#1325,#1808,#1809,#1810,#1329,#1330,#1331));
#1812= IFCPROPERTYSINGLEVALUE('Reference',$,IFCIDENTIFIER('5-2-P47'),$);
#1813= IFCPROPERTYSET('2O3ZNySO9BQRfWE0K$$Zcx',#5,'Pset_PlateCommon','Common Properties to plate elements',(#1333,#1812));
#1814= IFCQUANTITYAREA('NetArea',$,$,0.0882048395464952);
#1815= IFCQUANTITYAREA('GrossArea',$,$,0.0412033386231379);
#1816= IFCQUANTITYVOLUME('NetVolume',$,$,0.000327111268259742);
#1817= IFCQUANTITYVOLUME('GrossVolume',$,$,0.000327111268259742);
#1818= IFCELEMENTQUANTITY('1gqKa9SRP4_xIArkU_6HFL',#5,'BaseQuantities',$,$,(#1336,#1814,#1815,#1339,#1816,#1817));
#1819= IFCCARTESIANPOINT((309.983093261719,-4.,206.016693115234));
#1820= IFCCARTESIANPOINT((309.983093261719,4.,206.016693115234));
#1821= IFCPOLYLOOP((#1237,#1819,#1820,#1238));
#1822= IFCFACEOUTERBOUND(#1821,.T.);
#1823= IFCFACE((#1822));
#1824= IFCCARTESIANPOINT((310.,-4.,0.));
#1825= IFCCARTESIANPOINT((310.,4.,0.));
#1826= IFCPOLYLOOP((#1819,#1824,#1825,#1820));
#1827= IFCFACEOUTERBOUND(#1826,.T.);
#1828= IFCFACE((#1827));
#1829= IFCPOLYLOOP((#1824,#1258,#1259,#1825));
#1830= IFCFACEOUTERBOUND(#1829,.T.);
#1831= IFCFACE((#1830));
#1832= IFCPOLYLOOP((#1820,#1825,#1259,#1264,#1269,#1274,#1279,#1284,#1289,#1294,#1239,#1238));
#1833= IFCFACEOUTERBOUND(#1832,.T.);
#1834= IFCFACE((#1833));
#1835= IFCPOLYLOOP((#1293,#1288,#1283,#1278,#1273,#1268,#1263,#1258,#1824,#1819,#1237,#1236));
#1836= IFCFACEOUTERBOUND(#1835,.T.);
#1837= IFCFACE((#1836));
#1838= IFCCLOSEDSHELL((#1242,#1823,#1828,#1831,#1267,#1272,#1277,#1282,#1287,#1292,#1297,#1300,#1834,#1837));
#1839= IFCFACETEDBREP(#1838);
#1840= IFCSTYLEDITEM(#1839,(#1235),$);
#1841= IFCSHAPEREPRESENTATION(#12,'Body','Brep',(#1839));
#1842= IFCPRODUCTDEFINITIONSHAPE($,$,(#1841));
#1843= IFCCARTESIANPOINT((1464.97189635053,16517.0007652855,17068.9985163483));
#1844= IFCAXIS2PLACEMENT3D(#1843,#593,#754);
#1845= IFCLOCALPLACEMENT(#42,#1844);
#1846= IFCPLATE('1$Kh3JT4PAx8blzlpaq0hv',#44,'PLATE-8','PL8*206',$,#1845,#1842,'ID7f52b0d3-7446-4aec-896f-f6fce4d00af9');
#1847= IFCPROPERTYSINGLEVALUE('Bottom elevation',$,IFCLABEL(' +17.065'),$);
#1848= IFCPROPERTYSINGLEVALUE('Top elevation',$,IFCLABEL(' +17.073'),$);
#1849= IFCPROPERTYSINGLEVALUE('Preliminary mark',$,IFCLABEL('5-2-P53(?)'),$);
#1850= IFCPROPERTYSET('3JkE07Xnv5FwmJEQ2ODaF9',#5,'Tekla Common','Common Properties to Shared building elements',(#1847,#1848,#1319,#1849,#1321,#1322));
#1851= IFCPROPERTYSINGLEVALUE('Weight',$,IFCMASSMEASURE(3.99),$);
#1852= IFCPROPERTYSINGLEVALUE('Volume',$,IFCVOLUMEMEASURE(0.001),$);
#1853= IFCPROPERTYSINGLEVALUE('Gross footprint area',$,IFCAREAMEASURE(0.064),$);
#1854= IFCPROPERTYSINGLEVALUE('Area per tons',$,IFCAREAMEASURE(33.899),$);
#1855= IFCPROPERTYSINGLEVALUE('Net surface area',$,IFCAREAMEASURE(0.135),$);
#1856= IFCPROPERTYSINGLEVALUE('Length',$,IFCLENGTHMEASURE(310.),$);
#1857= IFCPROPERTYSET('3ybNWxkEr64vm1cfmC_htR',#5,'Tekla Quantity','Quantity Properties to Shared building elements',(#1851,#1852,#1853,#1854,#1855,#1604,#1330,#1856));
#1858= IFCPROPERTYSINGLEVALUE('Reference',$,IFCIDENTIFIER('5-2-P53'),$);
#1859= IFCPROPERTYSET('1IYhA1lIrBnR3YYr941uzg',#5,'Pset_PlateCommon','Common Properties to plate elements',(#1333,#1858));
#1860= IFCQUANTITYLENGTH('Width',$,$,206.016693115234);
#1861= IFCQUANTITYAREA('NetArea',$,$,0.135286016148066);
#1862= IFCQUANTITYAREA('GrossArea',$,$,0.0638686565515152);
#1863= IFCQUANTITYVOLUME('NetVolume',$,$,0.00050839597468064);
#1864= IFCQUANTITYVOLUME('GrossVolume',$,$,0.00050839597468064);
#1865= IFCELEMENTQUANTITY('2kx6kLt_j1nuWK7N_vVS6c',#5,'BaseQuantities',$,$,(#1860,#1861,#1862,#1339,#1863,#1864));
#1866= IFCCARTESIANPOINT((11.096072765373,-4.,141.365658942981));
#1867= IFCCARTESIANPOINT((11.096072765373,4.,141.365658942981));
#1868= IFCPOLYLOOP((#1620,#1866,#1867,#1621));
#1869= IFCFACEOUTERBOUND(#1868,.T.);
#1870= IFCFACE((#1869));
#1871= IFCCARTESIANPOINT((14.1265094661655,-4.,143.853141647214));
#1872= IFCCARTESIANPOINT((14.1265094661655,4.,143.853141647214));
#1873= IFCPOLYLOOP((#1866,#1871,#1872,#1867));
#1874= IFCFACEOUTERBOUND(#1873,.T.);
#1875= IFCFACE((#1874));
#1876= IFCCARTESIANPOINT((16.6134461690872,-4.,146.884026441629));
#1877= IFCCARTESIANPOINT((16.6134461690872,4.,146.884026441629));
#1878= IFCPOLYLOOP((#1871,#1876,#1877,#1872));
#1879= IFCFACEOUTERBOUND(#1878,.T.);
#1880= IFCFACE((#1879));
#1881= IFCCARTESIANPOINT((18.461315387792,-4.,150.341843115766));
#1882= IFCCARTESIANPOINT((18.461315387792,4.,150.341843115766));
#1883= IFCPOLYLOOP((#1876,#1881,#1882,#1877));
#1884= IFCFACEOUTERBOUND(#1883,.T.);
#1885= IFCFACE((#1884));
#1886= IFCCARTESIANPOINT((19.5991075882944,-4.,154.093715409679));
#1887= IFCCARTESIANPOINT((19.5991075882944,4.,154.093715409679));
#1888= IFCPOLYLOOP((#1881,#1886,#1887,#1882));
#1889= IFCFACEOUTERBOUND(#1888,.T.);
#1890= IFCFACE((#1889));
#1891= IFCCARTESIANPOINT((19.9830999285703,-4.,157.995467155237));
#1892= IFCCARTESIANPOINT((19.9830999285703,4.,157.995467155237));
#1893= IFCPOLYLOOP((#1886,#1891,#1892,#1887));
#1894= IFCFACEOUTERBOUND(#1893,.T.);
#1895= IFCFACE((#1894));
#1896= IFCCARTESIANPOINT((309.983093261719,-4.,158.016693115234));
#1897= IFCCARTESIANPOINT((309.983093261719,4.,158.016693115234));
#1898= IFCPOLYLOOP((#1891,#1896,#1897,#1892));
#1899= IFCFACEOUTERBOUND(#1898,.T.);
#1900= IFCFACE((#1899));
#1901= IFCPOLYLOOP((#1896,#1824,#1825,#1897));
#1902= IFCFACEOUTERBOUND(#1901,.T.);
#1903= IFCFACE((#1902));
#1904= IFCPOLYLOOP((#1616,#1621,#1867,#1872,#1877,#1882,#1887,#1892,#1897,#1825,#1259,#1400,#1405,#1410,#1415,#1420,#1425,#1430,#1347,#1346));
#1905= IFCFACEOUTERBOUND(#1904,.T.);
#1906= IFCFACE((#1905));
#1907= IFCPOLYLOOP((#1429,#1424,#1419,#1414,#1409,#1404,#1399,#1258,#1824,#1896,#1891,#1886,#1881,#1876,#1871,#1866,#1620,#1615,#1345,#1344));
#1908= IFCFACEOUTERBOUND(#1907,.T.);
#1909= IFCFACE((#1908));
#1910= IFCCLOSEDSHELL((#1350,#1619,#1624,#1870,#1875,#1880,#1885,#1890,#1895,#1900,#1903,#1831,#1403,#1408,#1413,#1418,#1423,#1428,#1433,#1436,#1906,#1909));
#1911= IFCFACETEDBREP(#1910);
#1912= IFCSTYLEDITEM(#1911,(#1235),$);
#1913= IFCSHAPEREPRESENTATION(#12,'Body','Brep',(#1911));
#1914= IFCPRODUCTDEFINITIONSHAPE($,$,(#1913));
#1915= IFCCARTESIANPOINT((1464.97189635053,16687.0007652854,17068.9985163483));
#1916= IFCAXIS2PLACEMENT3D(#1915,#593,#754);
#1917= IFCLOCALPLACEMENT(#42,#1916);
#1918= IFCPLATE('3$uTUnDHrFsBfM9NlTewuF',#44,'PLATE-8','PL8*158',$,#1917,#1914,'IDffe1d7b1-351d-4fd8-ba56-257bdda3ae0f');
#1919= IFCPROPERTYSINGLEVALUE('Preliminary mark',$,IFCLABEL('5-2-P50(?)'),$);
#1920= IFCPROPERTYSET('1wwXKPQNH5jPyI2xZgkLC_',#5,'Tekla Common','Common Properties to Shared building elements',(#1847,#1848,#1319,#1919,#1321,#1322));
#1921= IFCPROPERTYSINGLEVALUE('Weight',$,IFCMASSMEASURE(3.04),$);
#1922= IFCPROPERTYSINGLEVALUE('Gross footprint area',$,IFCAREAMEASURE(0.048),$);
#1923= IFCPROPERTYSINGLEVALUE('Area per tons',$,IFCAREAMEASURE(34.267),$);
#1924= IFCPROPERTYSINGLEVALUE('Net surface area',$,IFCAREAMEASURE(0.104),$);
#1925= IFCPROPERTYSET('1zjh9OlpP13v1JvJcacEbG',#5,'Tekla Quantity','Quantity Properties to Shared building elements',(#1921,#1325,#1922,#1923,#1924,#1459,#1330,#1856));
#1926= IFCPROPERTYSINGLEVALUE('Reference',$,IFCIDENTIFIER('5-2-P50'),$);
#1927= IFCPROPERTYSET('3vrl9vYD5C1f3BHZx_twKd',#5,'Pset_PlateCommon','Common Properties to plate elements',(#1333,#1926));
#1928= IFCQUANTITYAREA('NetArea',$,$,0.104064653385247);
#1929= IFCQUANTITYAREA('GrossArea',$,$,0.048987507301762);
#1930= IFCQUANTITYVOLUME('NetVolume',$,$,0.000386858833734588);
#1931= IFCQUANTITYVOLUME('GrossVolume',$,$,0.000386858833734588);
#1932= IFCELEMENTQUANTITY('0iyL7tJ0b7MeY0ix1SVdBX',#5,'BaseQuantities',$,$,(#1687,#1928,#1929,#1339,#1930,#1931));
#1933= IFCSHAPEREPRESENTATION(#12,'Body','Brep',(#1444));
#1934= IFCPRODUCTDEFINITIONSHAPE($,$,(#1933));
#1935= IFCCARTESIANPOINT((1464.97189635044,16687.0007652854,17268.9985163483));
#1936= IFCAXIS2PLACEMENT3D(#1935,#593,#754);
#1937= IFCLOCALPLACEMENT(#42,#1936);
#1938= IFCPLATE('1lrghKRxLAlgswKzZBZx5W',#44,'PLATE-8','PL8*158',$,#1937,#1934,'ID6fd6aad4-6fb5-4abe-adba-53d8cb8fb160');
#1939= IFCPROPERTYSINGLEVALUE('Preliminary mark',$,IFCLABEL('5-2-P45(?)'),$);
#1940= IFCPROPERTYSET('3Mu3qKHOXC5en_ovVswcVa',#5,'Tekla Common','Common Properties to Shared building elements',(#1803,#1804,#1319,#1939,#1321,#1322));
#1941= IFCPROPERTYSINGLEVALUE('Reference',$,IFCIDENTIFIER('5-2-P45'),$);
#1942= IFCPROPERTYSET('0cRw5dtXL9LQNgORhaihZn',#5,'Pset_PlateCommon','Common Properties to plate elements',(#1333,#1941));
#1943= IFCSHAPEREPRESENTATION(#12,'Body','Brep',(#1911));
#1944= IFCPRODUCTDEFINITIONSHAPE($,$,(#1943));
#1945= IFCCARTESIANPOINT((1464.97189635053,16857.0007652854,17068.9985163483));
#1946= IFCAXIS2PLACEMENT3D(#1945,#593,#754);
#1947= IFCLOCALPLACEMENT(#42,#1946);
#1948= IFCPLATE('0KmDvdBqn3dfUOnDtlghX0',#44,'PLATE-8','PL8*158',$,#1947,#1944,'ID14c0de67-2f4c-439e-9798-c4ddefaab840');
#1949= IFCSHAPEREPRESENTATION(#12,'Body','Brep',(#1444));
#1950= IFCPRODUCTDEFINITIONSHAPE($,$,(#1949));
#1951= IFCCARTESIANPOINT((1464.97189635044,16857.0007652854,17268.9985163483));
#1952= IFCAXIS2PLACEMENT3D(#1951,#593,#754);
#1953= IFCLOCALPLACEMENT(#42,#1952);
#1954= IFCPLATE('1FnufoGzfAMRhMsWUHCAmm',#44,'PLATE-8','PL8*158',$,#1953,#1950,'ID4fc78a72-43da-4a59-bad6-da079130ac30');
#1955= IFCPOLYLOOP((#1253,#1476,#1479,#1254));
#1956= IFCFACEOUTERBOUND(#1955,.T.);
#1957= IFCFACE((#1956));
#1958= IFCPOLYLOOP((#1484,#1489,#1494,#1499,#1504,#1509,#1514,#1519,#1524,#1254,#1479,#1478));
#1959= IFCFACEOUTERBOUND(#1958,.T.);
#1960= IFCFACE((#1959));
#1961= IFCPOLYLOOP((#1253,#1523,#1518,#1513,#1508,#1503,#1498,#1493,#1488,#1483,#1477,#1476));
#1962= IFCFACEOUTERBOUND(#1961,.T.);
#1963= IFCFACE((#1962));
#1964= IFCCLOSEDSHELL((#1482,#1487,#1492,#1497,#1502,#1507,#1512,#1517,#1522,#1527,#1787,#1957,#1960,#1963));
#1965= IFCFACETEDBREP(#1964);
#1966= IFCSTYLEDITEM(#1965,(#1235),$);
#1967= IFCSHAPEREPRESENTATION(#12,'Body','Brep',(#1965));
#1968= IFCPRODUCTDEFINITIONSHAPE($,$,(#1967));
#1969= IFCCARTESIANPOINT((1464.97189635044,17075.0007652854,17268.9985163483));
#1970= IFCAXIS2PLACEMENT3D(#1969,#593,#754);
#1971= IFCLOCALPLACEMENT(#42,#1970);
#1972= IFCPLATE('1eGMwxyMv6uQAiONMwcSTV',#44,'PLATE-8','PL8*200',$,#1971,#1968,'ID68416ebb-f16e-46e1-a2ac-6175ba99c75f');
#1973= IFCPROPERTYSINGLEVALUE('Preliminary mark',$,IFCLABEL('5-2-P46(?)'),$);
#1974= IFCPROPERTYSET('07He3Qw3r9MeEaOXlq1qGP',#5,'Tekla Common','Common Properties to Shared building elements',(#1803,#1804,#1319,#1973,#1321,#1322));
#1975= IFCPROPERTYSINGLEVALUE('Reference',$,IFCIDENTIFIER('5-2-P46'),$);
#1976= IFCPROPERTYSET('11jkc52CT3zeA7cWIEZKWZ',#5,'Pset_PlateCommon','Common Properties to plate elements',(#1333,#1975));
#1977= IFCQUANTITYLENGTH('Width',$,$,199.999999327244);
#1978= IFCQUANTITYAREA('NetArea',$,$,0.0882048513483614);
#1979= IFCQUANTITYAREA('GrossArea',$,$,0.0412033386232034);
#1980= IFCQUANTITYVOLUME('NetVolume',$,$,0.000327111347716607);
#1981= IFCQUANTITYVOLUME('GrossVolume',$,$,0.000327111347716607);
#1982= IFCELEMENTQUANTITY('2Nh$hBWtn7Vvxv9vyHNTJU',#5,'BaseQuantities',$,$,(#1977,#1978,#1979,#1339,#1980,#1981));
#1983= IFCCARTESIANPOINT((11.0958137267617,-4.,189.3654858265));
#1984= IFCCARTESIANPOINT((11.0958137267617,4.,189.3654858265));
#1985= IFCPOLYLOOP((#1704,#1983,#1984,#1705));
#1986= IFCFACEOUTERBOUND(#1985,.T.);
#1987= IFCFACE((#1986));
#1988= IFCCARTESIANPOINT((14.1263332353708,-4.,191.852965386865));
#1989= IFCCARTESIANPOINT((14.1263332353708,4.,191.852965386865));
#1990= IFCPOLYLOOP((#1983,#1988,#1989,#1984));
#1991= IFCFACEOUTERBOUND(#1990,.T.);
#1992= IFCFACE((#1991));
#1993= IFCCARTESIANPOINT((16.6133423252622,-4.,194.883871001046));
#1994= IFCCARTESIANPOINT((16.6133423252622,4.,194.883871001046));
#1995= IFCPOLYLOOP((#1988,#1993,#1994,#1989));
#1996= IFCFACEOUTERBOUND(#1995,.T.);
#1997= IFCFACE((#1996));
#1998= IFCCARTESIANPOINT((18.4612677051243,-4.,198.34172797405));
#1999= IFCCARTESIANPOINT((18.4612677051243,4.,198.34172797405));
#2000= IFCPOLYLOOP((#1993,#1998,#1999,#1994));
#2001= IFCFACEOUTERBOUND(#2000,.T.);
#2002= IFCFACE((#2001));
#2003= IFCCARTESIANPOINT((19.5990954364195,-4.,202.093654293851));
#2004= IFCCARTESIANPOINT((19.5990954364195,4.,202.093654293851));
#2005= IFCPOLYLOOP((#1998,#2003,#2004,#1999));
#2006= IFCFACEOUTERBOUND(#2005,.T.);
#2007= IFCFACE((#2006));
#2008= IFCCARTESIANPOINT((19.9830999285703,-4.,205.995467155237));
#2009= IFCCARTESIANPOINT((19.9830999285703,4.,205.995467155237));
#2010= IFCPOLYLOOP((#2003,#2008,#2009,#2004));
#2011= IFCFACEOUTERBOUND(#2010,.T.);
#2012= IFCFACE((#2011));
#2013= IFCPOLYLOOP((#2008,#1819,#1820,#2009));
#2014= IFCFACEOUTERBOUND(#2013,.T.);
#2015= IFCFACE((#2014));
#2016= IFCPOLYLOOP((#1824,#1476,#1479,#1825));
#2017= IFCFACEOUTERBOUND(#2016,.T.);
#2018= IFCFACE((#2017));
#2019= IFCPOLYLOOP((#1700,#1705,#1984,#1989,#1994,#1999,#2004,#2009,#1820,#1825,#1479,#1478));
#2020= IFCFACEOUTERBOUND(#2019,.T.);
#2021= IFCFACE((#2020));
#2022= IFCPOLYLOOP((#1824,#1819,#2008,#2003,#1998,#1993,#1988,#1983,#1704,#1699,#1477,#1476));
#2023= IFCFACEOUTERBOUND(#2022,.T.);
#2024= IFCFACE((#2023));
#2025= IFCCLOSEDSHELL((#1482,#1703,#1708,#1987,#1992,#1997,#2002,#2007,#2012,#2015,#1828,#2018,#2021,#2024));
#2026= IFCFACETEDBREP(#2025);
#2027= IFCSTYLEDITEM(#2026,(#1235),$);
#2028= IFCSHAPEREPRESENTATION(#12,'Body','Brep',(#2026));
#2029= IFCPRODUCTDEFINITIONSHAPE($,$,(#2028));
#2030= IFCCARTESIANPOINT((1464.97189635053,17075.0007652854,17068.9985163483));
#2031= IFCAXIS2PLACEMENT3D(#2030,#593,#754);
#2032= IFCLOCALPLACEMENT(#42,#2031);
#2033= IFCPLATE('1ngBMOlyj56hTaZqH$c$Mv',#44,'PLATE-8','PL8*206',$,#2032,#2029,'ID71a8b598-bfcb-451a-b764-8f447f9bf5b9');
#2034= IFCPROPERTYSINGLEVALUE('Preliminary mark',$,IFCLABEL('5-2-P52(?)'),$);
#2035= IFCPROPERTYSET('34CwfukI94hwcCCcIR8t7e',#5,'Tekla Common','Common Properties to Shared building elements',(#1847,#1848,#1319,#2034,#1321,#1322));
#2036= IFCPROPERTYSINGLEVALUE('Reference',$,IFCIDENTIFIER('5-2-P52'),$);
#2037= IFCPROPERTYSET('3av10j8VT4cA9xcIMkceUW',#5,'Pset_PlateCommon','Common Properties to plate elements',(#1333,#2036));
#2038= IFCQUANTITYAREA('NetArea',$,$,0.135286037333011);
#2039= IFCQUANTITYAREA('GrossArea',$,$,0.0638683185139292);
#2040= IFCQUANTITYVOLUME('NetVolume',$,$,0.000508396117309683);
#2041= IFCQUANTITYVOLUME('GrossVolume',$,$,0.000508396117309683);
#2042= IFCELEMENTQUANTITY('37$gD5HU538AR$DriNjpad',#5,'BaseQuantities',$,$,(#1776,#2038,#2039,#1339,#2040,#2041));
#2043= IFCCOLOURRGB('Light Red',0.905882352941176,0.325490196078431,0.36078431372549);
#2044= IFCSURFACESTYLERENDERING(#2043,0.,$,$,$,$,IFCNORMALISEDRATIOMEASURE(0.00390625),IFCSPECULAREXPONENT(10.),.NOTDEFINED.);
#2045= IFCSURFACESTYLE('STEEL/S275',.POSITIVE.,(#2044));
#2046= IFCPRESENTATIONSTYLEASSIGNMENT((#2045));
#2047= IFCCARTESIANPOINT((0.,-6.00000000000728,0.));
#2048= IFCCARTESIANPOINT((0.,-6.00000000000728,625.000000000004));
#2049= IFCCARTESIANPOINT((-2.27373675443232E-13,6.00000000001091,625.000000000004));
#2050= IFCCARTESIANPOINT((-2.27373675443232E-13,6.00000000001091,0.));
#2051= IFCPOLYLOOP((#2047,#2048,#2049,#2050));
#2052= IFCFACEOUTERBOUND(#2051,.T.);
#2053= IFCFACE((#2052));
#2054= IFCCARTESIANPOINT((5.20944533000829,-6.,625.455767409636));
#2055= IFCCARTESIANPOINT((5.20944533000807,6.00000000001455,625.455767409636));
#2056= IFCPOLYLOOP((#2048,#2054,#2055,#2049));
#2057= IFCFACEOUTERBOUND(#2056,.T.);
#2058= IFCFACE((#2057));
#2059= IFCCARTESIANPOINT((10.2606042997706,-6.,626.809221376425));
#2060= IFCCARTESIANPOINT((10.2606042997704,6.00000000002183,626.809221376425));
#2061= IFCPOLYLOOP((#2054,#2059,#2060,#2055));
#2062= IFCFACEOUTERBOUND(#2061,.T.);
#2063= IFCFACE((#2062));
#2064= IFCCARTESIANPOINT((15.0000000000009,-5.99999999999272,629.01923788647));
#2065= IFCCARTESIANPOINT((15.0000000000007,6.00000000002547,629.01923788647));
#2066= IFCPOLYLOOP((#2059,#2064,#2065,#2060));
#2067= IFCFACEOUTERBOUND(#2066,.T.);
#2068= IFCFACE((#2067));
#2069= IFCCARTESIANPOINT((19.2836282905971,-5.99999999999272,632.018666706434));
#2070= IFCCARTESIANPOINT((19.2836282905971,6.00000000002547,632.018666706434));
#2071= IFCPOLYLOOP((#2064,#2069,#2070,#2065));
#2072= IFCFACEOUTERBOUND(#2071,.T.);
#2073= IFCFACE((#2072));
#2074= IFCCARTESIANPOINT((22.9813332935707,-5.99999999998545,635.716371709404));
#2075= IFCCARTESIANPOINT((22.9813332935705,6.0000000000291,635.716371709404));
#2076= IFCPOLYLOOP((#2069,#2074,#2075,#2070));
#2077= IFCFACEOUTERBOUND(#2076,.T.);
#2078= IFCFACE((#2077));
#2079= IFCCARTESIANPOINT((25.9807621135346,-5.99999999998545,640.000000000004));
#2080= IFCCARTESIANPOINT((25.9807621135344,6.00000000003274,640.000000000004));
#2081= IFCPOLYLOOP((#2074,#2079,#2080,#2075));
#2082= IFCFACEOUTERBOUND(#2081,.T.);
#2083= IFCFACE((#2082));
#2084= IFCCARTESIANPOINT((28.1907786235788,-5.99999999997817,644.739395700231));
#2085= IFCCARTESIANPOINT((28.1907786235786,6.00000000003638,644.739395700231));
#2086= IFCPOLYLOOP((#2079,#2084,#2085,#2080));
#2087= IFCFACEOUTERBOUND(#2086,.T.);
#2088= IFCFACE((#2087));
#2089= IFCCARTESIANPOINT((29.544232590368,-5.99999999998181,649.790554669995));
#2090= IFCCARTESIANPOINT((29.5442325903678,6.00000000003638,649.790554669995));
#2091= IFCPOLYLOOP((#2084,#2089,#2090,#2085));
#2092= IFCFACEOUTERBOUND(#2091,.T.);
#2093= IFCFACE((#2092));
#2094= IFCCARTESIANPOINT((30.0000000000018,-5.99999999997817,655.000000000004));
#2095= IFCCARTESIANPOINT((30.0000000000016,6.00000000003638,655.000000000004));
#2096= IFCPOLYLOOP((#2089,#2094,#2095,#2090));
#2097= IFCFACEOUTERBOUND(#2096,.T.);
#2098= IFCFACE((#2097));
#2099= IFCCARTESIANPOINT((319.998321533334,-5.9999999997126,655.000000000004));
#2100= IFCCARTESIANPOINT((319.998321533334,6.00000000030195,655.000000000004));
#2101= IFCPOLYLOOP((#2094,#2099,#2100,#2095));
#2102= IFCFACEOUTERBOUND(#2101,.T.);
#2103= IFCFACE((#2102));
#2104= IFCCARTESIANPOINT((319.998321533334,-5.9999999997126,454.999999999996));
#2105= IFCCARTESIANPOINT((319.998321533334,6.00000000030195,454.999999999996));
#2106= IFCPOLYLOOP((#2099,#2104,#2105,#2100));
#2107= IFCFACEOUTERBOUND(#2106,.T.);
#2108= IFCFACE((#2107));
#2109= IFCCARTESIANPOINT((99.9983215333216,-5.99999999991633,-1.81898940354586E-12));
#2110= IFCCARTESIANPOINT((99.9983215333214,6.00000000010186,-1.81898940354586E-12));
#2111= IFCPOLYLOOP((#2104,#2109,#2110,#2105));
#2112= IFCFACEOUTERBOUND(#2111,.T.);
#2113= IFCFACE((#2112));
#2114= IFCPOLYLOOP((#2109,#2047,#2050,#2110));
#2115= IFCFACEOUTERBOUND(#2114,.T.);
#2116= IFCFACE((#2115));
#2117= IFCPOLYLOOP((#2055,#2060,#2065,#2070,#2075,#2080,#2085,#2090,#2095,#2100,#2105,#2110,#2050,#2049));
#2118= IFCFACEOUTERBOUND(#2117,.T.);
#2119= IFCFACE((#2118));
#2120= IFCPOLYLOOP((#2109,#2104,#2099,#2094,#2089,#2084,#2079,#2074,#2069,#2064,#2059,#2054,#2048,#2047));
#2121= IFCFACEOUTERBOUND(#2120,.T.);
#2122= IFCFACE((#2121));
#2123= IFCCLOSEDSHELL((#2053,#2058,#2063,#2068,#2073,#2078,#2083,#2088,#2093,#2098,#2103,#2108,#2113,#2116,#2119,#2122));
#2124= IFCFACETEDBREP(#2123);
#2125= IFCSTYLEDITEM(#2124,(#2046),$);
#2126= IFCSHAPEREPRESENTATION(#12,'Body','Brep',(#2124));
#2127= IFCPRODUCTDEFINITIONSHAPE($,$,(#2126));
#2128= IFCCARTESIANPOINT((1464.98341252496,16522.9974678203,15957.0000679837));
#2129= IFCDIRECTION((-0.999999998004965,-6.31669999977931E-05,0.));
#2130= IFCAXIS2PLACEMENT3D(#2128,#9,#2129);
#2131= IFCLOCALPLACEMENT(#42,#2130);
#2132= IFCPLATE('2SNa2$5Hf3ROVKNcK$uRNO',#44,'PLATE-12','PL12*320',$,#2131,#2127,'ID9c5e40bf-151a-436d-87d4-5e653fe1b5d8');
#2133= IFCPLATETYPE('3s_0X50O97uefB94waN0Ub',#5,'PL12*320',$,$,$,$,$,$,.NOTDEFINED.);
#2134= IFCPROPERTYSINGLEVALUE('Bottom elevation',$,IFCLABEL(' +15.957'),$);
#2135= IFCPROPERTYSINGLEVALUE('Top elevation',$,IFCLABEL(' +16.612'),$);
#2136= IFCPROPERTYSINGLEVALUE('Preliminary mark',$,IFCLABEL('5-2-P25(?)'),$);
#2137= IFCPROPERTYSINGLEVALUE('Class',$,IFCLABEL('16'),$);
#2138= IFCPROPERTYSET('0cRQSQkb9CcA5Lr5BF0iq7',#5,'Tekla Common','Common Properties to Shared building elements',(#2134,#2135,#1319,#2136,#1321,#2137));
#2139= IFCPROPERTYSINGLEVALUE('Weight',$,IFCMASSMEASURE(14.96),$);
#2140= IFCPROPERTYSINGLEVALUE('Volume',$,IFCVOLUMEMEASURE(0.002),$);
#2141= IFCPROPERTYSINGLEVALUE('Gross footprint area',$,IFCAREAMEASURE(0.003),$);
#2142= IFCPROPERTYSINGLEVALUE('Area per tons',$,IFCAREAMEASURE(22.649),$);
#2143= IFCPROPERTYSINGLEVALUE('Net surface area',$,IFCAREAMEASURE(0.339),$);
#2144= IFCPROPERTYSINGLEVALUE('Height',$,IFCLENGTHMEASURE(320.),$);
#2145= IFCPROPERTYSINGLEVALUE('Width',$,IFCLENGTHMEASURE(12.),$);
#2146= IFCPROPERTYSINGLEVALUE('Length',$,IFCLENGTHMEASURE(655.),$);
#2147= IFCPROPERTYSET('0P5tj8nIn68wYCR_vy97hx',#5,'Tekla Quantity','Quantity Properties to Shared building elements',(#2139,#2140,#2141,#2142,#2143,#2144,#2145,#2146));
#2148= IFCPROPERTYSINGLEVALUE('Reference',$,IFCIDENTIFIER('5-2-P25'),$);
#2149= IFCPROPERTYSET('0y3NwhVAL54u7rETA6QC6q',#5,'Pset_PlateCommon','Common Properties to plate elements',(#1333,#2148));
#2150= IFCQUANTITYLENGTH('Width',$,$,319.998321533364);
#2151= IFCQUANTITYAREA('NetArea',$,$,0.338900730512523);
#2152= IFCQUANTITYAREA('GrossArea',$,$,0.209598900604354);
#2153= IFCQUANTITYAREA('CrossSectionArea',$,$,0.000144);
#2154= IFCQUANTITYVOLUME('NetVolume',$,$,0.00190614750581726);
#2155= IFCQUANTITYVOLUME('GrossVolume',$,$,0.00190614750581726);
#2156= IFCELEMENTQUANTITY('3PWm4yn494pBIypItFaVMr',#5,'BaseQuantities',$,$,(#2150,#2151,#2152,#2153,#2154,#2155));
#2157= IFCSHAPEREPRESENTATION(#12,'Body','Brep',(#2124));
#2158= IFCPRODUCTDEFINITIONSHAPE($,$,(#2157));
#2159= IFCCARTESIANPOINT((1464.98341252496,16692.9974678203,15957.0000679837));
#2160= IFCAXIS2PLACEMENT3D(#2159,#9,#2129);
#2161= IFCLOCALPLACEMENT(#42,#2160);
#2162= IFCPLATE('2ETVl_MjD1yQkkafL$MGXU',#44,'PLATE-12','PL12*320',$,#2161,#2158,'ID8e75fbfe-5ad3-41f1-abae-92957f59085e');
#2163= IFCSHAPEREPRESENTATION(#12,'Body','Brep',(#2124));
#2164= IFCPRODUCTDEFINITIONSHAPE($,$,(#2163));
#2165= IFCCARTESIANPOINT((1464.98341252496,16862.9974678203,15957.0000679836));
#2166= IFCAXIS2PLACEMENT3D(#2165,#9,#2129);
#2167= IFCLOCALPLACEMENT(#42,#2166);
#2168= IFCPLATE('17Pm_KrAf1XvCndfCN0KbO',#44,'PLATE-12','PL12*320',$,#2167,#2164,'ID47670f94-d4aa-4187-9331-9e9317014958');
#2169= IFCCOLOURRGB('Light Gray',0.615686274509804,0.615686274509804,0.611764705882353);
#2170= IFCSURFACESTYLERENDERING(#2169,0.,$,$,$,$,IFCNORMALISEDRATIOMEASURE(0.00390625),IFCSPECULAREXPONENT(10.),.NOTDEFINED.);
#2171= IFCSURFACESTYLE('STEEL/S275',.POSITIVE.,(#2170));
#2172= IFCPRESENTATIONSTYLEASSIGNMENT((#2171));
#2173= IFCCARTESIANPOINT((779.990173341186,1.,350.003875732461));
#2174= IFCCARTESIANPOINT((779.990397948066,9.,342.00387573246));
#2175= IFCCARTESIANPOINT((-0.00947925361106172,9.,342.00387573245));
#2176= IFCCARTESIANPOINT((-0.00970098802645225,1.,350.003875732451));
#2177= IFCPOLYLOOP((#2173,#2174,#2175,#2176));
#2178= IFCFACEOUTERBOUND(#2177,.T.);
#2179= IFCFACE((#2178));
#2180= IFCCARTESIANPOINT((779.990397948066,-9.,342.00387573246));
#2181= IFCCARTESIANPOINT((779.990173341186,-1.,350.003875732461));
#2182= IFCCARTESIANPOINT((-0.00970098802645225,-1.,350.003875732451));
#2183= IFCCARTESIANPOINT((-0.00947925361106172,-9.,342.00387573245));
#2184= IFCPOLYLOOP((#2180,#2181,#2182,#2183));
#2185= IFCFACEOUTERBOUND(#2184,.T.);
#2186= IFCFACE((#2185));
#2187= IFCCARTESIANPOINT((0.,9.,2.27373675443232E-13));
#2188= IFCCARTESIANPOINT((0.,-9.,2.27373675443232E-13));
#2189= IFCPOLYLOOP((#2187,#2188,#2183,#2182,#2176,#2175));
#2190= IFCFACEOUTERBOUND(#2189,.T.);
#2191= IFCFACE((#2190));
#2192= IFCPOLYLOOP((#2182,#2181,#2173,#2176));
#2193= IFCFACEOUTERBOUND(#2192,.T.);
#2194= IFCFACE((#2193));
#2195= IFCCARTESIANPOINT((780.00000000095,-9.,4.34283720096573E-11));
#2196= IFCCARTESIANPOINT((780.00000000095,9.,4.34283720096573E-11));
#2197= IFCPOLYLOOP((#2181,#2180,#2195,#2196,#2174,#2173));
#2198= IFCFACEOUTERBOUND(#2197,.T.);
#2199= IFCFACE((#2198));
#2200= IFCPOLYLOOP((#2195,#2188,#2187,#2196));
#2201= IFCFACEOUTERBOUND(#2200,.T.);
#2202= IFCFACE((#2201));
#2203= IFCPOLYLOOP((#2196,#2187,#2175,#2174));
#2204= IFCFACEOUTERBOUND(#2203,.T.);
#2205= IFCFACE((#2204));
#2206= IFCPOLYLOOP((#2188,#2195,#2180,#2183));
#2207= IFCFACEOUTERBOUND(#2206,.T.);
#2208= IFCFACE((#2207));
#2209= IFCCLOSEDSHELL((#2179,#2186,#2191,#2194,#2199,#2202,#2205,#2208));
#2210= IFCFACETEDBREP(#2209);
#2211= IFCSTYLEDITEM(#2210,(#2172),$);
#2212= IFCSHAPEREPRESENTATION(#12,'Body','Brep',(#2210));
#2213= IFCPRODUCTDEFINITIONSHAPE($,$,(#2212));
#2214= IFCCARTESIANPOINT((1114.99760801656,17082.9752145171,16621.0000679838));
#2215= IFCDIRECTION((0.999999999187512,4.03110000079323E-05,0.));
#2216= IFCDIRECTION((4.03110000075531E-05,-0.999999999187512,0.));
#2217= IFCAXIS2PLACEMENT3D(#2214,#2215,#2216);
#2218= IFCLOCALPLACEMENT(#42,#2217);
#2219= IFCPLATE('0W7K5gaBvE$Rjw6_7GipQS',#44,'PLATE-18','PL18*350',$,#2218,#2213,'ID201d416a-90be-4efd-bb7a-1be1d0b3369c');
#2220= IFCPLATETYPE('2aQzskcE9CuP5ohgdOZ$ig',#5,'PL18*350',$,$,$,$,$,$,.NOTDEFINED.);
#2221= IFCPROPERTYSINGLEVALUE('Bottom elevation',$,IFCLABEL(' +16.612'),$);
#2222= IFCPROPERTYSINGLEVALUE('Top elevation',$,IFCLABEL(' +16.630'),$);
#2223= IFCPROPERTYSINGLEVALUE('Preliminary mark',$,IFCLABEL('5-2-P83(?)'),$);
#2224= IFCPROPERTYSINGLEVALUE('Class',$,IFCLABEL('15'),$);
#2225= IFCPROPERTYSET('2ZEcyp8xr0B9GzHlyNHZtt',#5,'Tekla Common','Common Properties to Shared building elements',(#2221,#2222,#1319,#2223,#1321,#2224));
#2226= IFCPROPERTYSINGLEVALUE('Weight',$,IFCMASSMEASURE(38.18),$);
#2227= IFCPROPERTYSINGLEVALUE('Volume',$,IFCVOLUMEMEASURE(0.005),$);
#2228= IFCPROPERTYSINGLEVALUE('Gross footprint area',$,IFCAREAMEASURE(0.273),$);
#2229= IFCPROPERTYSINGLEVALUE('Area per tons',$,IFCAREAMEASURE(15.17),$);
#2230= IFCPROPERTYSINGLEVALUE('Net surface area',$,IFCAREAMEASURE(0.579),$);
#2231= IFCPROPERTYSINGLEVALUE('Height',$,IFCLENGTHMEASURE(350.),$);
#2232= IFCPROPERTYSINGLEVALUE('Width',$,IFCLENGTHMEASURE(18.),$);
#2233= IFCPROPERTYSINGLEVALUE('Length',$,IFCLENGTHMEASURE(780.),$);
#2234= IFCPROPERTYSET('17HPwyO8P0wwjbMV5njlqQ',#5,'Tekla Quantity','Quantity Properties to Shared building elements',(#2226,#2227,#2228,#2229,#2230,#2231,#2232,#2233));
#2235= IFCPROPERTYSINGLEVALUE('Reference',$,IFCIDENTIFIER('5-2-P83'),$);
#2236= IFCPROPERTYSET('2_Khaf2Gr5sBExgaznnq01',#5,'Pset_PlateCommon','Common Properties to plate elements',(#1333,#2235));
#2237= IFCQUANTITYLENGTH('Width',$,$,350.003875732422);
#2238= IFCQUANTITYAREA('NetArea',$,$,0.579247525871889);
#2239= IFCQUANTITYAREA('GrossArea',$,$,0.273006418454834);
#2240= IFCQUANTITYAREA('CrossSectionArea',$,$,0.000324);
#2241= IFCQUANTITYVOLUME('NetVolume',$,$,0.00486413402739433);
#2242= IFCQUANTITYVOLUME('GrossVolume',$,$,0.00491405401941261);
#2243= IFCELEMENTQUANTITY('2tnMwh9WzDpxZICGQ8yT8f',#5,'BaseQuantities',$,$,(#2237,#2238,#2239,#2240,#2241,#2242));
#2244= IFCCARTESIANPOINT((2.27373675443232E-13,-6.00000000000728,30.));
#2245= IFCCARTESIANPOINT((2.27373675443232E-13,-6.00000000000728,655.));
#2246= IFCCARTESIANPOINT((0.,6.00000000001091,655.));
#2247= IFCCARTESIANPOINT((0.,6.00000000001091,30.));
#2248= IFCPOLYLOOP((#2244,#2245,#2246,#2247));
#2249= IFCFACEOUTERBOUND(#2248,.T.);
#2250= IFCFACE((#2249));
#2251= IFCCARTESIANPOINT((99.9983215333218,-5.99999999991633,655.));
#2252= IFCCARTESIANPOINT((99.9983215333214,6.00000000010186,655.));
#2253= IFCPOLYLOOP((#2245,#2251,#2252,#2246));
#2254= IFCFACEOUTERBOUND(#2253,.T.);
#2255= IFCFACE((#2254));
#2256= IFCCARTESIANPOINT((319.998321533334,-5.9999999997126,200.));
#2257= IFCCARTESIANPOINT((319.998321533334,6.00000000030195,200.));
#2258= IFCPOLYLOOP((#2251,#2256,#2257,#2252));
#2259= IFCFACEOUTERBOUND(#2258,.T.);
#2260= IFCFACE((#2259));
#2261= IFCCARTESIANPOINT((319.998321533334,-5.9999999997126,-3.63797880709171E-12));
#2262= IFCCARTESIANPOINT((319.998321533334,6.00000000030195,-3.63797880709171E-12));
#2263= IFCPOLYLOOP((#2256,#2261,#2262,#2257));
#2264= IFCFACEOUTERBOUND(#2263,.T.);
#2265= IFCFACE((#2264));
#2266= IFCCARTESIANPOINT((30.0000000000018,-5.99999999997817,0.));
#2267= IFCCARTESIANPOINT((30.0000000000018,6.00000000003638,0.));
#2268= IFCPOLYLOOP((#2261,#2266,#2267,#2262));
#2269= IFCFACEOUTERBOUND(#2268,.T.);
#2270= IFCFACE((#2269));
#2271= IFCCARTESIANPOINT((29.544232590368,-5.99999999998181,5.20944533000875));
#2272= IFCCARTESIANPOINT((29.544232590368,6.00000000003638,5.20944533000875));
#2273= IFCPOLYLOOP((#2266,#2271,#2272,#2267));
#2274= IFCFACEOUTERBOUND(#2273,.T.);
#2275= IFCFACE((#2274));
#2276= IFCCARTESIANPOINT((28.1907786235793,-5.99999999998181,10.2606042997686));
#2277= IFCCARTESIANPOINT((28.190778623579,6.00000000003638,10.2606042997686));
#2278= IFCPOLYLOOP((#2271,#2276,#2277,#2272));
#2279= IFCFACEOUTERBOUND(#2278,.T.);
#2280= IFCFACE((#2279));
#2281= IFCCARTESIANPOINT((25.9807621135349,-5.99999999998545,15.));
#2282= IFCCARTESIANPOINT((25.9807621135346,6.00000000003274,15.));
#2283= IFCPOLYLOOP((#2276,#2281,#2282,#2277));
#2284= IFCFACEOUTERBOUND(#2283,.T.);
#2285= IFCFACE((#2284));
#2286= IFCCARTESIANPOINT((22.981333293571,-5.99999999998545,19.2836282905955));
#2287= IFCCARTESIANPOINT((22.9813332935707,6.0000000000291,19.2836282905955));
#2288= IFCPOLYLOOP((#2281,#2286,#2287,#2282));
#2289= IFCFACEOUTERBOUND(#2288,.T.);
#2290= IFCFACE((#2289));
#2291= IFCCARTESIANPOINT((19.2836282905976,-5.99999999999272,22.9813332935701));
#2292= IFCCARTESIANPOINT((19.2836282905976,6.00000000002547,22.9813332935701));
#2293= IFCPOLYLOOP((#2286,#2291,#2292,#2287));
#2294= IFCFACEOUTERBOUND(#2293,.T.);
#2295= IFCFACE((#2294));
#2296= IFCCARTESIANPOINT((15.0000000000009,-5.99999999999272,25.9807621135333));
#2297= IFCCARTESIANPOINT((15.0000000000007,6.00000000002547,25.9807621135333));
#2298= IFCPOLYLOOP((#2291,#2296,#2297,#2292));
#2299= IFCFACEOUTERBOUND(#2298,.T.);
#2300= IFCFACE((#2299));
#2301= IFCCARTESIANPOINT((10.2606042997709,-6.,28.1907786235788));
#2302= IFCCARTESIANPOINT((10.2606042997706,6.00000000002183,28.1907786235788));
#2303= IFCPOLYLOOP((#2296,#2301,#2302,#2297));
#2304= IFCFACEOUTERBOUND(#2303,.T.);
#2305= IFCFACE((#2304));
#2306= IFCCARTESIANPOINT((5.20944533000852,-6.,29.5442325903678));
#2307= IFCCARTESIANPOINT((5.20944533000829,6.00000000001455,29.5442325903678));
#2308= IFCPOLYLOOP((#2301,#2306,#2307,#2302));
#2309= IFCFACEOUTERBOUND(#2308,.T.);
#2310= IFCFACE((#2309));
#2311= IFCPOLYLOOP((#2306,#2244,#2247,#2307));
#2312= IFCFACEOUTERBOUND(#2311,.T.);
#2313= IFCFACE((#2312));
#2314= IFCPOLYLOOP((#2252,#2257,#2262,#2267,#2272,#2277,#2282,#2287,#2292,#2297,#2302,#2307,#2247,#2246));
#2315= IFCFACEOUTERBOUND(#2314,.T.);
#2316= IFCFACE((#2315));
#2317= IFCPOLYLOOP((#2306,#2301,#2296,#2291,#2286,#2281,#2276,#2271,#2266,#2261,#2256,#2251,#2245,#2244));
#2318= IFCFACEOUTERBOUND(#2317,.T.);
#2319= IFCFACE((#2318));
#2320= IFCCLOSEDSHELL((#2250,#2255,#2260,#2265,#2270,#2275,#2280,#2285,#2290,#2295,#2300,#2305,#2310,#2313,#2316,#2319));
#2321= IFCFACETEDBREP(#2320);
#2322= IFCSTYLEDITEM(#2321,(#2046),$);
#2323= IFCSHAPEREPRESENTATION(#12,'Body','Brep',(#2321));
#2324= IFCPRODUCTDEFINITIONSHAPE($,$,(#2323));
#2325= IFCCARTESIANPOINT((1464.98341252453,16522.9974678203,16903.9900679837));
#2326= IFCAXIS2PLACEMENT3D(#2325,#9,#2129);
#2327= IFCLOCALPLACEMENT(#42,#2326);
#2328= IFCPLATE('3xhOm1v$b02OmeuahJIqTb',#44,'PLATE-12','PL12*320',$,#2327,#2324,'IDfbad8c01-e7f9-4009-8c28-e24ad34b4765');
#2329= IFCPROPERTYSINGLEVALUE('Bottom elevation',$,IFCLABEL(' +16.904'),$);
#2330= IFCPROPERTYSINGLEVALUE('Top elevation',$,IFCLABEL(' +17.559'),$);
#2331= IFCPROPERTYSINGLEVALUE('Preliminary mark',$,IFCLABEL('5-2-P23(?)'),$);
#2332= IFCPROPERTYSET('0ZvP$ICUb4uulrEDH1ttJT',#5,'Tekla Common','Common Properties to Shared building elements',(#2329,#2330,#1319,#2331,#1321,#2137));
#2333= IFCPROPERTYSINGLEVALUE('Gross footprint area',$,IFCAREAMEASURE(0.001),$);
#2334= IFCPROPERTYSET('3BkotpXTHA5vlGREDjtwo2',#5,'Tekla Quantity','Quantity Properties to Shared building elements',(#2139,#2140,#2333,#2142,#2143,#2144,#2145,#2146));
#2335= IFCPROPERTYSINGLEVALUE('Reference',$,IFCIDENTIFIER('5-2-P23'),$);
#2336= IFCPROPERTYSET('0TAICi0KfC$RDGaUqEuKck',#5,'Pset_PlateCommon','Common Properties to plate elements',(#1333,#2335));
#2337= IFCQUANTITYAREA('NetArea',$,$,0.338900730512521);
#2338= IFCQUANTITYAREA('GrossArea',$,$,0.209598900604355);
#2339= IFCQUANTITYVOLUME('NetVolume',$,$,0.00190614750581726);
#2340= IFCQUANTITYVOLUME('GrossVolume',$,$,0.00190614750581726);
#2341= IFCELEMENTQUANTITY('0vWEvMcx53FRJ5qwmnZmXr',#5,'BaseQuantities',$,$,(#2150,#2337,#2338,#2153,#2339,#2340));
#2342= IFCSHAPEREPRESENTATION(#12,'Body','Brep',(#2321));
#2343= IFCPRODUCTDEFINITIONSHAPE($,$,(#2342));
#2344= IFCCARTESIANPOINT((1464.98341252453,16692.9974678203,16903.9900679837));
#2345= IFCAXIS2PLACEMENT3D(#2344,#9,#2129);
#2346= IFCLOCALPLACEMENT(#42,#2345);
#2347= IFCPLATE('0Xkm_N5IX03uh5v5WF535y',#44,'PLATE-12','PL12*320',$,#2346,#2343,'ID21bb0f97-1528-400f-8ac5-e4580f14317c');
#2348= IFCSHAPEREPRESENTATION(#12,'Body','Brep',(#2321));
#2349= IFCPRODUCTDEFINITIONSHAPE($,$,(#2348));
#2350= IFCCARTESIANPOINT((1464.98341252453,16862.9974678202,16903.9900679837));
#2351= IFCAXIS2PLACEMENT3D(#2350,#9,#2129);
#2352= IFCLOCALPLACEMENT(#42,#2351);
#2353= IFCPLATE('3d__VKWH5DjxaZsYlbzLsg',#44,'PLATE-12','PL12*320',$,#2352,#2349,'IDe7fbe7d4-8111-4db7-b923-da2be5f55daa');
#2354= IFCSHAPEREPRESENTATION(#12,'Body','Brep',(#2210));
#2355= IFCPRODUCTDEFINITIONSHAPE($,$,(#2354));
#2356= IFCCARTESIANPOINT((1114.99760801643,17082.9752145171,16894.9900679838));
#2357= IFCAXIS2PLACEMENT3D(#2356,#2215,#2216);
#2358= IFCLOCALPLACEMENT(#42,#2357);
#2359= IFCPLATE('14rore9wH62uXLpJ0j_gI2',#44,'PLATE-18','PL18*350',$,#2358,#2355,'ID44d72d68-27a4-460b-8855-cd302dfaa482');
#2360= IFCPROPERTYSINGLEVALUE('Bottom elevation',$,IFCLABEL(' +16.886'),$);
#2361= IFCPROPERTYSINGLEVALUE('Top elevation',$,IFCLABEL(' +16.904'),$);
#2362= IFCPROPERTYSET('3Jx4dXyKX85wFZ1Dg_1TBF',#5,'Tekla Common','Common Properties to Shared building elements',(#2360,#2361,#1319,#2223,#1321,#2224));
#2363= IFCCOLOURRGB('Light Yellow',1.,0.898039215686275,0.);
#2364= IFCSURFACESTYLERENDERING(#2363,0.,$,$,$,$,IFCNORMALISEDRATIOMEASURE(0.00390625),IFCSPECULAREXPONENT(10.),.NOTDEFINED.);
#2365= IFCSURFACESTYLE('STEEL/S275',.POSITIVE.,(#2364));
#2366= IFCPRESENTATIONSTYLEASSIGNMENT((#2365));
#2367= IFCCARTESIANPOINT((-1.45519152283669E-11,-12.4999999999986,5.45696821063757E-12));
#2368= IFCCARTESIANPOINT((2.94676283374429E-10,-12.5000000000168,1700.00000000001));
#2369= IFCCARTESIANPOINT((3.23780113831162E-10,12.4999999999804,1699.99999999999));
#2370= IFCCARTESIANPOINT((1.09139364212751E-11,12.4999999999986,-5.45696821063757E-12));
#2371= IFCPOLYLOOP((#2367,#2368,#2369,#2370));
#2372= IFCFACEOUTERBOUND(#2371,.T.);
#2373= IFCFACE((#2372));
#2374= IFCCARTESIANPOINT((780.002441407632,-12.5000000000866,1700.00000000001));
#2375= IFCCARTESIANPOINT((780.00244140766,12.4999999999106,1699.99999999999));
#2376= IFCPOLYLOOP((#2368,#2374,#2375,#2369));
#2377= IFCFACEOUTERBOUND(#2376,.T.);
#2378= IFCFACE((#2377));
#2379= IFCCARTESIANPOINT((780.002441407565,-12.5000000000684,8.73114913702011E-11));
#2380= IFCCARTESIANPOINT((780.002441407592,12.4999999999288,7.6397554948926E-11));
#2381= IFCPOLYLOOP((#2374,#2379,#2380,#2375));
#2382= IFCFACEOUTERBOUND(#2381,.T.);
#2383= IFCFACE((#2382));
#2384= IFCPOLYLOOP((#2379,#2367,#2370,#2380));
#2385= IFCFACEOUTERBOUND(#2384,.T.);
#2386= IFCFACE((#2385));
#2387= IFCPOLYLOOP((#2375,#2380,#2370,#2369));
#2388= IFCFACEOUTERBOUND(#2387,.T.);
#2389= IFCFACE((#2388));
#2390= IFCPOLYLOOP((#2379,#2374,#2368,#2367));
#2391= IFCFACEOUTERBOUND(#2390,.T.);
#2392= IFCFACE((#2391));
#2393= IFCCLOSEDSHELL((#2373,#2378,#2383,#2386,#2389,#2392));
#2394= IFCFACETEDBREP(#2393);
#2395= IFCSTYLEDITEM(#2394,(#2366),$);
#2396= IFCSHAPEREPRESENTATION(#12,'Body','Brep',(#2394));
#2397= IFCPRODUCTDEFINITIONSHAPE($,$,(#2396));
#2398= IFCCARTESIANPOINT((1477.47189534271,17083.0012485982,15905.0006385203));
#2399= IFCAXIS2PLACEMENT3D(#2398,#9,#129);
#2400= IFCLOCALPLACEMENT(#42,#2399);
#2401= IFCPLATE('06zoq$L9LCWBsUvRe5VYhF',#44,'PLATE-25','PL25*780',$,#2400,#2397,'ID06f72d3f-5495-4c80-bd9e-e5ba057e2acf');
#2402= IFCPLATETYPE('04cVXahC9DYRfy15XioFfb',#5,'PL25*780',$,$,$,$,$,$,.NOTDEFINED.);
#2403= IFCPROPERTYSINGLEVALUE('Bottom elevation',$,IFCLABEL(' +15.905'),$);
#2404= IFCPROPERTYSINGLEVALUE('Top elevation',$,IFCLABEL(' +17.605'),$);
#2405= IFCPROPERTYSINGLEVALUE('Preliminary mark',$,IFCLABEL('5-2-P10(?)'),$);
#2406= IFCPROPERTYSINGLEVALUE('Class',$,IFCLABEL('20'),$);
#2407= IFCPROPERTYSET('1IvXbbm594PBvXFirY$jiM',#5,'Tekla Common','Common Properties to Shared building elements',(#2403,#2404,#1319,#2405,#1321,#2406));
#2408= IFCPROPERTYSINGLEVALUE('Weight',$,IFCMASSMEASURE(260.23),$);
#2409= IFCPROPERTYSINGLEVALUE('Volume',$,IFCVOLUMEMEASURE(0.033),$);
#2410= IFCPROPERTYSINGLEVALUE('Gross footprint area',$,IFCAREAMEASURE(0.02),$);
#2411= IFCPROPERTYSINGLEVALUE('Area per tons',$,IFCAREAMEASURE(10.668),$);
#2412= IFCPROPERTYSINGLEVALUE('Net surface area',$,IFCAREAMEASURE(2.776),$);
#2413= IFCPROPERTYSINGLEVALUE('Height',$,IFCLENGTHMEASURE(780.),$);
#2414= IFCPROPERTYSINGLEVALUE('Width',$,IFCLENGTHMEASURE(25.),$);
#2415= IFCPROPERTYSINGLEVALUE('Length',$,IFCLENGTHMEASURE(1700.),$);
#2416= IFCPROPERTYSET('3CIImH8v546RyLSLhYDXUD',#5,'Tekla Quantity','Quantity Properties to Shared building elements',(#2408,#2409,#2410,#2411,#2412,#2413,#2414,#2415));
#2417= IFCPROPERTYSINGLEVALUE('Reference',$,IFCIDENTIFIER('5-2-P10'),$);
#2418= IFCPROPERTYSET('23rPbA8xf1e98DJGxalcNw',#5,'Pset_PlateCommon','Common Properties to plate elements',(#1333,#2417));
#2419= IFCQUANTITYLENGTH('Width',$,$,780.002441408999);
#2420= IFCQUANTITYAREA('NetArea',$,$,2.77600842285108);
#2421= IFCQUANTITYAREA('GrossArea',$,$,1.32600415039536);
#2422= IFCQUANTITYAREA('CrossSectionArea',$,$,0.000625);
#2423= IFCQUANTITYVOLUME('NetVolume',$,$,0.0331501037597597);
#2424= IFCQUANTITYVOLUME('GrossVolume',$,$,0.0331501037597597);
#2425= IFCELEMENTQUANTITY('2RqiBvBjL5aOwxJ6$Aj408',#5,'BaseQuantities',$,$,(#2419,#2420,#2421,#2422,#2423,#2424));
#2426= IFCRELAGGREGATES('1yHz2suxf9qxs3hlbj1tSL',#5,$,$,#37,(#39));
#2427= IFCRELAGGREGATES('0WasUGCkX8IAyWjMHzPrvV',#5,$,$,#39,(#41));
#2428= IFCRELAGGREGATES('2xaWfhv9rDbe0EzkRo7hsD',#5,$,$,#41,(#43));
#2429= IFCRELCONTAINEDINSPATIALSTRUCTURE('1_CtxmrGT8uvomn3P95HHg',#5,$,$,(#2401,#2359,#2353,#2347,#2328,#2219,#2168,#2162,#2132,#2033,#1972,#1954,#1948,#1938,#1918,#1846,#1802,#1771,#1698,#1677,#1594,#1555,#1475,#1451,#1315,#1219,#757,#678,#671,#664,#657,#650,#643,#636,#629,#622,#615,#608,#596,#517,#510,#498,#418,#411,#404,#397,#390,#383,#376,#369,#362,#355,#348,#341,#334,#327,#320,#313,#306,#299,#292,#285,#278,#271,#264,#257,#250,#243,#236,#229,#222,#215,#208,#201,#194,#187,#180,#173,#166,#159,#133),#43);
#2430= IFCRELDEFINESBYPROPERTIES('0iSXYURez42vER63BrGrlw',#5,$,$,(#418,#411,#404,#397,#390,#383,#376,#369,#362,#355,#348,#341,#334,#327,#320,#313,#306,#299,#292,#285,#278,#271,#264,#257,#250,#243,#236,#229,#222,#215,#208,#201,#194,#187,#180,#173,#166,#159,#133),#151);
#2431= IFCRELDEFINESBYPROPERTIES('3eTrvcawb5z9$XIpRAVlPT',#5,$,$,(#517,#510,#498),#503);
#2432= IFCRELDEFINESBYPROPERTIES('3I_q0VLx192QEfKX2R6AoE',#5,$,$,(#678,#671,#664,#657,#650,#643,#636,#629,#622,#615,#608,#596),#601);
#2433= IFCRELDEFINESBYPROPERTIES('2nM_mgKiz8Agsly_PKtVYK',#5,$,$,(#757),#763);
#2434= IFCRELDEFINESBYPROPERTIES('16$aWUs$92Ee80Hqbynd_$',#5,$,$,(#1219),#1230);
#2435= IFCRELDEFINESBYPROPERTIES('1BB6Ptbf9F8g4CDeU_am2B',#5,$,$,(#1555,#1315),#1323);
#2436= IFCRELDEFINESBYPROPERTIES('34rectVGj0mubCOfVs2zK1',#5,$,$,(#1555,#1315),#1332);
#2437= IFCRELDEFINESBYPROPERTIES('09jxiNwtT0Ff4NoPDRGJsm',#5,$,$,(#1555,#1315),#1335);
#2438= IFCRELDEFINESBYPROPERTIES('0bDoeCltbD18bL7po2158S',#5,$,$,(#1315),#1342);
#2439= IFCRELDEFINESBYPROPERTIES('07Rv1Iqhn1XQvdnCo2EZiT',#5,$,$,(#1475,#1451),#1454);
#2440= IFCRELDEFINESBYPROPERTIES('27pNxrV9HBpfpJ1xisrDNO',#5,$,$,(#1954,#1938,#1475,#1451),#1461);
#2441= IFCRELDEFINESBYPROPERTIES('32ASNr1656agfm_DFwQ5Lg',#5,$,$,(#1475,#1451),#1463);
#2442= IFCRELDEFINESBYPROPERTIES('3yTNWjZmbDXRhaZHgOUZel',#5,$,$,(#1954,#1938,#1475,#1451),#1469);
#2443= IFCRELDEFINESBYPROPERTIES('1i1_jPsc978vT91tO5hEZ7',#5,$,$,(#1555),#1561);
#2444= IFCRELDEFINESBYPROPERTIES('0JyMz96Ff8zQF5PHqOTpMB',#5,$,$,(#1594),#1599);
#2445= IFCRELDEFINESBYPROPERTIES('0lR2UDgVzDDvS7PgFYGgOF',#5,$,$,(#1771,#1594),#1606);
#2446= IFCRELDEFINESBYPROPERTIES('2hXA4A_O97lO6EbFCVu33C',#5,$,$,(#1594),#1608);
#2447= IFCRELDEFINESBYPROPERTIES('2Uk_OysXn5kfpndFba5mV5',#5,$,$,(#1594),#1614);
#2448= IFCRELDEFINESBYPROPERTIES('2DVrSxxLH6f8nZXVLIjzlw',#5,$,$,(#1698,#1677),#1679);
#2449= IFCRELDEFINESBYPROPERTIES('2$S$C$Wvf9uBieUAtTlTyi',#5,$,$,(#1698,#1677),#1684);
#2450= IFCRELDEFINESBYPROPERTIES('0Wz3CyGxT9991XMxGX9CaL',#5,$,$,(#1698,#1677),#1686);
#2451= IFCRELDEFINESBYPROPERTIES('3voIeSaSXEfvRE6TaKXqBa',#5,$,$,(#1698,#1677),#1692);
#2452= IFCRELDEFINESBYPROPERTIES('3dpTAutmT5wgEJLF2HgBI2',#5,$,$,(#1771),#1773);
#2453= IFCRELDEFINESBYPROPERTIES('1sOdkDUbzDdQ9HNCkzbHL1',#5,$,$,(#1771),#1775);
#2454= IFCRELDEFINESBYPROPERTIES('3RhVCIUYrFP9JBPpVJKvNj',#5,$,$,(#1771),#1781);
#2455= IFCRELDEFINESBYPROPERTIES('2bbk04kqT62BUewOStetJH',#5,$,$,(#1802),#1806);
#2456= IFCRELDEFINESBYPROPERTIES('2EvJus2CnEGvfNbmWX6CQC',#5,$,$,(#1972,#1802),#1811);
#2457= IFCRELDEFINESBYPROPERTIES('3TrgU7mab6HO10hI8baG8R',#5,$,$,(#1802),#1813);
#2458= IFCRELDEFINESBYPROPERTIES('1880phSKLEEwLuVGoHhPs1',#5,$,$,(#1802),#1818);
#2459= IFCRELDEFINESBYPROPERTIES('0Z5xjh2SPE1ffVGjgNZ96z',#5,$,$,(#1846),#1850);
#2460= IFCRELDEFINESBYPROPERTIES('3cLK9EY$H7MP8z1d8itsWF',#5,$,$,(#2033,#1846),#1857);
#2461= IFCRELDEFINESBYPROPERTIES('1ClDZ3BET75vyg3detFwys',#5,$,$,(#1846),#1859);
#2462= IFCRELDEFINESBYPROPERTIES('2h2Rxg98r16xc0DcnrvXP4',#5,$,$,(#1846),#1865);
#2463= IFCRELDEFINESBYPROPERTIES('03hUQoyKvCEQyt9L4DoDub',#5,$,$,(#1948,#1918),#1920);
#2464= IFCRELDEFINESBYPROPERTIES('1Q3MqDZ5T7JOXpvYEfI8dq',#5,$,$,(#1948,#1918),#1925);
#2465= IFCRELDEFINESBYPROPERTIES('2JAwJpAlXBEPDP1LI8IE$s',#5,$,$,(#1948,#1918),#1927);
#2466= IFCRELDEFINESBYPROPERTIES('1YQWrKesz4XwKNgQWLI9Ny',#5,$,$,(#1948,#1918),#1932);
#2467= IFCRELDEFINESBYPROPERTIES('0lz50liin5F9svXKii5FtF',#5,$,$,(#1954,#1938),#1940);
#2468= IFCRELDEFINESBYPROPERTIES('0v0Jywu$P19wRxp3TpJjev',#5,$,$,(#1954,#1938),#1942);
#2469= IFCRELDEFINESBYPROPERTIES('093Ye25Ff1NQFtTTVnTAFO',#5,$,$,(#1972),#1974);
#2470= IFCRELDEFINESBYPROPERTIES('2qNJB3SVj6FQHqYt6ZW9gl',#5,$,$,(#1972),#1976);
#2471= IFCRELDEFINESBYPROPERTIES('3p48X$E6j4XhkrNt1l2kRg',#5,$,$,(#1972),#1982);
#2472= IFCRELDEFINESBYPROPERTIES('33rJvYYcL2G8GYmKjo27eb',#5,$,$,(#2033),#2035);
#2473= IFCRELDEFINESBYPROPERTIES('0lWKqtrgz7qg_iWQRVJO7v',#5,$,$,(#2033),#2037);
#2474= IFCRELDEFINESBYPROPERTIES('0B5MZl_rbCV9da_Sbx9c_S',#5,$,$,(#2033),#2042);
#2475= IFCRELDEFINESBYPROPERTIES('04riwN8hjB3Q$bHDSDXLrM',#5,$,$,(#2168,#2162,#2132),#2138);
#2476= IFCRELDEFINESBYPROPERTIES('3JkGeVvj1B8epZ0gTAxKy3',#5,$,$,(#2168,#2162,#2132),#2147);
#2477= IFCRELDEFINESBYPROPERTIES('3$ori_uIX1wejqsaDOEoPP',#5,$,$,(#2168,#2162,#2132),#2149);
#2478= IFCRELDEFINESBYPROPERTIES('1Q7fyyyC58jhFwyEawj6N5',#5,$,$,(#2168,#2162,#2132),#2156);
#2479= IFCRELDEFINESBYPROPERTIES('0a3RIvBon2A8TJoocn5rQq',#5,$,$,(#2219),#2225);
#2480= IFCRELDEFINESBYPROPERTIES('3WFAfXTan94hkvvthWUuAq',#5,$,$,(#2359,#2219),#2234);
#2481= IFCRELDEFINESBYPROPERTIES('2_x0uTo1r5RhI3Uc5d5_wY',#5,$,$,(#2359,#2219),#2236);
#2482= IFCRELDEFINESBYPROPERTIES('2di0EWltrB2RJj7i0cLLWk',#5,$,$,(#2359,#2219),#2243);
#2483= IFCRELDEFINESBYPROPERTIES('1MjVaz1xH4nAHAiVTeHbyW',#5,$,$,(#2353,#2347,#2328),#2332);
#2484= IFCRELDEFINESBYPROPERTIES('1Krg_3Vn9BB9Hxy2nIDpx6',#5,$,$,(#2353,#2347,#2328),#2334);
#2485= IFCRELDEFINESBYPROPERTIES('17EpFatwz5WRvCZNSA5oxR',#5,$,$,(#2353,#2347,#2328),#2336);
#2486= IFCRELDEFINESBYPROPERTIES('003pZpNsP8Aekxia0nCQNX',#5,$,$,(#2353,#2347,#2328),#2341);
#2487= IFCRELDEFINESBYPROPERTIES('3iorTl$jTFGBsIZbAVBibT',#5,$,$,(#2359),#2362);
#2488= IFCRELDEFINESBYPROPERTIES('2oz$KCCzv4GBV_u8AV7oS1',#5,$,$,(#2401),#2407);
#2489= IFCRELDEFINESBYPROPERTIES('2xxzJHXj17yRu_PDOR1H1x',#5,$,$,(#2401),#2416);
#2490= IFCRELDEFINESBYPROPERTIES('3W9IhvWMP8BveBOK2KFy3g',#5,$,$,(#2401),#2418);
#2491= IFCRELDEFINESBYPROPERTIES('2buyQBZKr05BrSqKAM5ox1',#5,$,$,(#2401),#2425);
#2492= IFCRELDEFINESBYTYPE('2nhGZTlYz7jvyIbpKwOobm',#5,$,$,(#1219,#757,#678,#671,#664,#657,#650,#643,#636,#629,#622,#615,#608,#596,#517,#510,#498,#418,#411,#404,#397,#390,#383,#376,#369,#362,#355,#348,#341,#334,#327,#320,#313,#306,#299,#292,#285,#278,#271,#264,#257,#250,#243,#236,#229,#222,#215,#208,#201,#194,#187,#180,#173,#166,#159,#133),#134);
#2493= IFCRELDEFINESBYTYPE('2Y9LLk96D6DgV2rxdd2Pz8',#5,$,$,(#1972,#1802,#1555,#1315),#1316);
#2494= IFCRELDEFINESBYTYPE('3RBPGdHmD3b9kyGM0F6Q5h',#5,$,$,(#1954,#1948,#1938,#1918,#1698,#1677,#1475,#1451),#1452);
#2495= IFCRELDEFINESBYTYPE('1OtVvPHsb3_u1U4xDwbZ6F',#5,$,$,(#2033,#1846,#1771,#1594),#1595);
#2496= IFCRELDEFINESBYTYPE('1lG_SrrV16gxjsR_RUckpN',#5,$,$,(#2353,#2347,#2328,#2168,#2162,#2132),#2133);
#2497= IFCRELDEFINESBYTYPE('3jo_WimVbDjw0ywQDkpJNc',#5,$,$,(#2359,#2219),#2220);
#2498= IFCRELDEFINESBYTYPE('0wStGKG4f4yRy8lZkOYk6R',#5,$,$,(#2401),#2402);
#2499= IFCRELASSOCIATESMATERIAL('1nqTOqRRz779Jr4nyCy9iy',#5,$,$,(#757,#678,#671,#664,#657,#650,#643,#636,#629,#622,#615,#608,#596,#517,#510,#498,#418,#411,#404,#397,#390,#383,#376,#369,#362,#355,#348,#341,#334,#327,#320,#313,#306,#299,#292,#285,#278,#271,#264,#257,#250,#243,#236,#229,#222,#215,#208,#201,#194,#187,#180,#173,#166,#159,#133),#152);
#2500= IFCRELASSOCIATESMATERIAL('1aKTHx1nzA3OWLAmbw7s4w',#5,$,$,(#1219),#1231);
#2501= IFCRELASSOCIATESMATERIAL('3UJmWr6bDB$8hfd_7DPJZa',#5,$,$,(#2401,#2359,#2353,#2347,#2328,#2219,#2168,#2162,#2132,#2033,#1972,#1954,#1948,#1938,#1918,#1846,#1802,#1771,#1698,#1677,#1594,#1555,#1475,#1451,#1315),#1343);
#2502= IFCPRESENTATIONLAYERASSIGNMENT('BoltArray',$,(#126,#154,#161,#168,#175,#182,#189,#196,#203,#210,#217,#224,#231,#238,#245,#252,#259,#266,#273,#280,#287,#294,#301,#308,#315,#322,#329,#336,#343,#350,#357,#364,#371,#378,#385,#392,#399,#406,#413,#491,#505,#512,#590,#603,#610,#617,#624,#631,#638,#645,#652,#659,#666,#673,#751,#1212),$);
#2503= IFCPRESENTATIONLAYERASSIGNMENT('PLATE-8',$,(#1310,#1446,#1470,#1550,#1589,#1672,#1693,#1766,#1797,#1841,#1913,#1933,#1943,#1949,#1967,#2028),$);
#2504= IFCPRESENTATIONLAYERASSIGNMENT('PLATE-12',$,(#2126,#2157,#2163,#2323,#2342,#2348),$);
#2505= IFCPRESENTATIONLAYERASSIGNMENT('PLATE-18',$,(#2212,#2354),$);
#2506= IFCPRESENTATIONLAYERASSIGNMENT('PLATE-25',$,(#2396),$);
ENDSEC;

END-ISO-10303-21;
