ISO-10303-21;
HEADER;
FILE_DESCRIPTION(('ViewDefinition[CoordinationView_V2.0, QuantityTakeOffAddOnView]', 'ExchangeRequirement[Structural, SurfaceGeometry]', 'Option [BaseQuantities:On]', 'Option [GridExport:On]', 'Option [Assemblies:Off]', 'Option [Bolts:On]', 'Option [Rebars:On]', 'Option [PourObjects:Off]', 'Option [Welds:Off]', 'Option [SurfaceTreatments:On]', 'Option [LocationBy:0]', 'Option [ViewColors:Off]', 'Option [SectionedSpine:Off]', 'Option [PropertySets:On]', 'Option [Export all:Off]'),'2;1');
FILE_NAME('5-2-A30.ifc','2026-03-10T09:14:53',('DESKTOP-NLV509P\\Ahmed'),('Structural Designer'),'IFC Parser version: 3.13.2','Tekla Structures 2023 Service Pack 8, IFC Export Version: 4.0.0.0 Jan 19 2024','');
FILE_SCHEMA(('IFC2X3'));
ENDSEC;

DATA;
#1= IFCPERSON('DESKTOP-NLV509P\\Ahmed','Undefined',$,$,$,$,$,$);
#2= IFCORGANIZATION($,'Trimble Solutions Corporation',$,$,$);
#3= IFCPERSONANDORGANIZATION(#1,#2,$);
#4= IFCAPPLICATION(#2,'2023 Service Pack 8','Tekla Structures','Multi material modeling');
#5= IFCOWNERHISTORY(#3,#4,$,.NOCHANGE.,$,$,$,1773123292);
#6= IFCCARTESIANPOINT((0.,0.,0.));
#7= IFCDIRECTION((1.,0.,0.));
#8= IFCDIRECTION((0.,1.,0.));
#9= IFCDIRECTION((0.,0.,1.));
#10= IFCAXIS2PLACEMENT3D(#6,#9,#7);
#11= IFCGEOMETRICREPRESENTATIONCONTEXT($,'Model',3,1.E-05,#10,$);
#12= IFCGEOMETRICREPRESENTATIONSUBCONTEXT('Body','Model',*,*,*,*,#11,$,.MODEL_VIEW.,$);
#13= IFCGEOMETRICREPRESENTATIONSUBCONTEXT('Axis','Model',*,*,*,*,#11,$,.GRAPH_VIEW.,$);
#14= IFCGEOMETRICREPRESENTATIONSUBCONTEXT('FootPrint','Model',*,*,*,*,#11,$,.MODEL_VIEW.,$);
#15= IFCSIUNIT(*,.LENGTHUNIT.,.MILLI.,.METRE.);
#16= IFCMEASUREWITHUNIT(IFCRATIOMEASURE(304.8),#15);
#17= IFCDIMENSIONALEXPONENTS(1,0,0,0,0,0,0);
#18= IFCCONVERSIONBASEDUNIT(#17,.LENGTHUNIT.,'FOOT',#16);
#19= IFCSIUNIT(*,.AREAUNIT.,$,.SQUARE_METRE.);
#20= IFCMEASUREWITHUNIT(IFCRATIOMEASURE(0.09290304),#19);
#21= IFCDIMENSIONALEXPONENTS(2,0,0,0,0,0,0);
#22= IFCCONVERSIONBASEDUNIT(#21,.AREAUNIT.,'SQUARE FOOT',#20);
#23= IFCSIUNIT(*,.VOLUMEUNIT.,$,.CUBIC_METRE.);
#24= IFCMEASUREWITHUNIT(IFCRATIOMEASURE(0.028316846592),#23);
#25= IFCDIMENSIONALEXPONENTS(3,0,0,0,0,0,0);
#26= IFCCONVERSIONBASEDUNIT(#25,.VOLUMEUNIT.,'CUBIC FOOT',#24);
#27= IFCSIUNIT(*,.MASSUNIT.,.KILO.,.GRAM.);
#28= IFCSIUNIT(*,.TIMEUNIT.,$,.SECOND.);
#29= IFCSIUNIT(*,.PLANEANGLEUNIT.,$,.RADIAN.);
#30= IFCMEASUREWITHUNIT(IFCRATIOMEASURE(0.0174532925199433),#29);
#31= IFCDIMENSIONALEXPONENTS(0,0,0,0,0,0,0);
#32= IFCCONVERSIONBASEDUNIT(#31,.PLANEANGLEUNIT.,'DEGREE',#30);
#33= IFCSIUNIT(*,.SOLIDANGLEUNIT.,$,.STERADIAN.);
#34= IFCSIUNIT(*,.THERMODYNAMICTEMPERATUREUNIT.,$,.DEGREE_CELSIUS.);
#35= IFCSIUNIT(*,.LUMINOUSINTENSITYUNIT.,$,.LUMEN.);
#36= IFCUNITASSIGNMENT((#15,#19,#23,#27,#28,#29,#33,#34,#35));
#37= IFCPROJECT('0PF7IaDT177Os0MLq4W2l2',#5,'Undefined',$,$,$,$,(#11),#36);
#38= IFCLOCALPLACEMENT($,#10);
#39= IFCSITE('3$zLw0Mn1D_wsPOEVCMsGM',#5,'Undefined',$,$,#38,$,$,.ELEMENT.,$,$,$,$,$);
#40= IFCLOCALPLACEMENT(#38,#10);
#41= IFCBUILDING('0J12u6CbHDQ8kCBLEsIH9O',#5,'Undefined',$,$,#40,$,$,.ELEMENT.,$,$,$);
#42= IFCLOCALPLACEMENT(#40,#10);
#43= IFCBUILDINGSTOREY('3gJPpYF7LCbf7I109fNVl5',#5,'Undefined',$,$,#42,$,$,.ELEMENT.,0.);
#44= IFCOWNERHISTORY(#3,#4,$,.NOCHANGE.,$,$,$,1770876000);
#45= IFCCOLOURRGB($,0.698039215686274,0.4,0.);
#46= IFCSURFACESTYLERENDERING(#45,0.,$,$,$,$,IFCNORMALISEDRATIOMEASURE(0.00390625),IFCSPECULAREXPONENT(10.),.NOTDEFINED.);
#47= IFCSURFACESTYLE('TS10.9',.POSITIVE.,(#46));
#48= IFCPRESENTATIONSTYLEASSIGNMENT((#47));
#49= IFCCARTESIANPOINT((13.,23.9993451901682,0.));
#50= IFCCARTESIANPOINT((11.2583302491975,23.9993451901682,6.50000000000039));
#51= IFCCARTESIANPOINT((6.49999999999922,23.9993451901682,11.2583302491982));
#52= IFCCARTESIANPOINT((-1.34723677608042E-12,23.9993451901682,13.));
#53= IFCCARTESIANPOINT((-6.50000000000155,23.9993451901682,11.2583302491968));
#54= IFCCARTESIANPOINT((-11.2583302491988,23.9993451901682,6.49999999999806));
#55= IFCCARTESIANPOINT((-13.,23.9993451901682,-2.69447355216084E-12));
#56= IFCCARTESIANPOINT((-11.2583302491961,23.9993451901682,-6.50000000000272));
#57= IFCCARTESIANPOINT((-6.4999999999969,23.9993451901682,-11.2583302491995));
#58= IFCCARTESIANPOINT((4.02727742892113E-12,23.9993451901682,-13.));
#59= IFCCARTESIANPOINT((6.50000000000388,23.9993451901682,-11.2583302491955));
#60= IFCCARTESIANPOINT((11.2583302492002,23.9993451901682,-6.49999999999573));
#61= IFCCARTESIANPOINT((13.,274.099345190168,0.));
#62= IFCCARTESIANPOINT((11.2583302491975,274.099345190168,6.50000000000039));
#63= IFCCARTESIANPOINT((6.49999999999922,274.099345190168,11.2583302491982));
#64= IFCCARTESIANPOINT((-1.34723677608042E-12,274.099345190168,13.));
#65= IFCCARTESIANPOINT((-6.50000000000155,274.099345190168,11.2583302491968));
#66= IFCCARTESIANPOINT((-11.2583302491988,274.099345190168,6.49999999999806));
#67= IFCCARTESIANPOINT((-13.,274.099345190168,-2.69447355216084E-12));
#68= IFCCARTESIANPOINT((-11.2583302491961,274.099345190168,-6.50000000000272));
#69= IFCCARTESIANPOINT((-6.4999999999969,274.099345190168,-11.2583302491995));
#70= IFCCARTESIANPOINT((4.02727742892113E-12,274.099345190168,-13.));
#71= IFCCARTESIANPOINT((6.50000000000388,274.099345190168,-11.2583302491955));
#72= IFCCARTESIANPOINT((11.2583302492002,274.099345190168,-6.49999999999573));
#73= IFCPOLYLOOP((#49,#50,#51,#52,#53,#54,#55,#56,#57,#58,#59,#60));
#74= IFCFACEOUTERBOUND(#73,.T.);
#75= IFCFACE((#74));
#76= IFCPOLYLOOP((#72,#71,#70,#69,#68,#67,#66,#65,#64,#63,#62,#61));
#77= IFCFACEOUTERBOUND(#76,.T.);
#78= IFCFACE((#77));
#79= IFCPOLYLOOP((#49,#61,#62,#50));
#80= IFCFACEOUTERBOUND(#79,.T.);
#81= IFCFACE((#80));
#82= IFCPOLYLOOP((#50,#62,#63,#51));
#83= IFCFACEOUTERBOUND(#82,.T.);
#84= IFCFACE((#83));
#85= IFCPOLYLOOP((#51,#63,#64,#52));
#86= IFCFACEOUTERBOUND(#85,.T.);
#87= IFCFACE((#86));
#88= IFCPOLYLOOP((#52,#64,#65,#53));
#89= IFCFACEOUTERBOUND(#88,.T.);
#90= IFCFACE((#89));
#91= IFCPOLYLOOP((#53,#65,#66,#54));
#92= IFCFACEOUTERBOUND(#91,.T.);
#93= IFCFACE((#92));
#94= IFCPOLYLOOP((#54,#66,#67,#55));
#95= IFCFACEOUTERBOUND(#94,.T.);
#96= IFCFACE((#95));
#97= IFCPOLYLOOP((#55,#67,#68,#56));
#98= IFCFACEOUTERBOUND(#97,.T.);
#99= IFCFACE((#98));
#100= IFCPOLYLOOP((#56,#68,#69,#57));
#101= IFCFACEOUTERBOUND(#100,.T.);
#102= IFCFACE((#101));
#103= IFCPOLYLOOP((#57,#69,#70,#58));
#104= IFCFACEOUTERBOUND(#103,.T.);
#105= IFCFACE((#104));
#106= IFCPOLYLOOP((#58,#70,#71,#59));
#107= IFCFACEOUTERBOUND(#106,.T.);
#108= IFCFACE((#107));
#109= IFCPOLYLOOP((#59,#71,#72,#60));
#110= IFCFACEOUTERBOUND(#109,.T.);
#111= IFCFACE((#110));
#112= IFCPOLYLOOP((#60,#72,#61,#49));
#113= IFCFACEOUTERBOUND(#112,.T.);
#114= IFCFACE((#113));
#115= IFCCLOSEDSHELL((#75,#78,#81,#84,#87,#90,#93,#96,#99,#102,#105,#108,#111,#114));
#116= IFCCOLOURRGB($,0.,0.,0.);
#117= IFCSURFACESTYLERENDERING(#116,0.,$,$,$,$,IFCNORMALISEDRATIOMEASURE(0.00390625),IFCSPECULAREXPONENT(10.),.NOTDEFINED.);
#118= IFCSURFACESTYLE($,.POSITIVE.,(#117));
#119= IFCPRESENTATIONSTYLEASSIGNMENT((#118));
#120= IFCFACETEDBREP(#115);
#121= IFCSTYLEDITEM(#120,(#119),$);
#122= IFCCARTESIANTRANSFORMATIONOPERATOR3D($,$,#6,$,$);
#123= IFCSHAPEREPRESENTATION(#12,'Body','Brep',(#120));
#124= IFCREPRESENTATIONMAP(#10,#123);
#125= IFCMAPPEDITEM(#124,#122);
#126= IFCSHAPEREPRESENTATION(#12,'Body','MappedRepresentation',(#125));
#127= IFCPRODUCTDEFINITIONSHAPE($,$,(#126));
#128= IFCCARTESIANPOINT((57164.9857726822,16753.0137435802,16904.0001144151));
#129= IFCDIRECTION((0.999999997446663,7.14610001668916E-05,0.));
#130= IFCDIRECTION((7.14610001663694E-05,-0.999999997446663,0.));
#131= IFCAXIS2PLACEMENT3D(#128,#129,#130);
#132= IFCLOCALPLACEMENT(#42,#131);
#133= IFCMECHANICALFASTENER('3gXne8LrHEHAXKdvkjllUn',#44,'Bolt assembly',$,$,#132,#127,'IDea871a08-5754-4e44-a854-9f9badbef7b1',24.,1250.);
#134= IFCMECHANICALFASTENERTYPE('3fwoPsVn1FZuXcITQBs1J6',#5,'Bolt assembly',$,$,$,$,$,$);
#135= IFCPROPERTYSINGLEVALUE('Washer count',$,IFCINTEGER(0),$);
#136= IFCPROPERTYSINGLEVALUE('Washer diameter',$,IFCLENGTHMEASURE(24.),$);
#137= IFCPROPERTYSINGLEVALUE('Washer type',$,IFCLABEL(''),$);
#138= IFCPROPERTYSINGLEVALUE('Washer name',$,IFCLABEL(''),$);
#139= IFCPROPERTYSINGLEVALUE('Nut count',$,IFCINTEGER(0),$);
#140= IFCPROPERTYSINGLEVALUE('Nut type',$,IFCLABEL(''),$);
#141= IFCPROPERTYSINGLEVALUE('Nut name',$,IFCLABEL(''),$);
#142= IFCPROPERTYSINGLEVALUE('Slotted hole y',$,IFCLENGTHMEASURE(0.),$);
#143= IFCPROPERTYSINGLEVALUE('Slotted hole x',$,IFCLENGTHMEASURE(0.),$);
#144= IFCPROPERTYSINGLEVALUE('Bolt hole diameter',$,IFCLENGTHMEASURE(26.),$);
#145= IFCPROPERTYSINGLEVALUE('Location',$,IFCLABEL('Site'),$);
#146= IFCPROPERTYSINGLEVALUE('Bolt count',$,IFCINTEGER(1),$);
#147= IFCPROPERTYSINGLEVALUE('Bolt size',$,IFCLENGTHMEASURE(26.),$);
#148= IFCPROPERTYSINGLEVALUE('Bolt length',$,IFCLENGTHMEASURE(1250.),$);
#149= IFCPROPERTYSINGLEVALUE('Bolt standard',$,IFCLABEL('TS10.9'),$);
#150= IFCPROPERTYSINGLEVALUE('Bolt Name',$,IFCLABEL(''),$);
#151= IFCPROPERTYSET('17ISiB7$vBrxTlYtEJ09aY',#5,'Tekla Bolt','Bolt Properties',(#135,#136,#137,#138,#139,#140,#141,#142,#143,#144,#145,#146,#147,#148,#149,#150));
#152= IFCMATERIAL('TS10.9');
#153= IFCMAPPEDITEM(#124,#122);
#154= IFCSHAPEREPRESENTATION(#12,'Body','MappedRepresentation',(#153));
#155= IFCPRODUCTDEFINITIONSHAPE($,$,(#154));
#156= IFCCARTESIANPOINT((57014.9857730657,16753.00302443,16904.0001144151));
#157= IFCAXIS2PLACEMENT3D(#156,#129,#130);
#158= IFCLOCALPLACEMENT(#42,#157);
#159= IFCMECHANICALFASTENER('2gUh2WLrfB3PSbYb6yWxN2',#44,'Bolt assembly',$,$,#158,#155,'IDaa7ab0a0-575a-4b0d-9725-8a51bc83b5c2',24.,1250.);
#160= IFCOWNERHISTORY(#3,#4,$,.NOCHANGE.,$,$,$,1770872400);
#161= IFCSURFACESTYLE('EVENT',.POSITIVE.,(#46));
#162= IFCPRESENTATIONSTYLEASSIGNMENT((#161));
#163= IFCCARTESIANPOINT((7.5,-5.99999999300806,0.));
#164= IFCCARTESIANPOINT((6.49519052838316,-5.99999999300806,3.75000000000022));
#165= IFCCARTESIANPOINT((3.74999999999955,-5.99999999300806,6.49519052838355));
#166= IFCCARTESIANPOINT((-7.77251986200242E-13,-5.99999999300806,7.5));
#167= IFCCARTESIANPOINT((-3.7500000000009,-5.99999999300806,6.49519052838277));
#168= IFCCARTESIANPOINT((-6.49519052838394,-5.99999999300806,3.74999999999888));
#169= IFCCARTESIANPOINT((-7.5,-5.99999999300806,-1.55450397240048E-12));
#170= IFCCARTESIANPOINT((-6.49519052838238,-5.99999999300806,-3.75000000000157));
#171= IFCCARTESIANPOINT((-3.74999999999821,-5.99999999300806,-6.49519052838432));
#172= IFCCARTESIANPOINT((2.32342928591604E-12,-5.99999999300806,-7.5));
#173= IFCCARTESIANPOINT((3.75000000000224,-5.99999999300806,-6.495190528382));
#174= IFCCARTESIANPOINT((6.49519052838471,-5.99999999300806,-3.74999999999753));
#175= IFCCARTESIANPOINT((7.5,6.10000000703426,0.));
#176= IFCCARTESIANPOINT((6.49519052838316,6.10000000703426,3.75000000000022));
#177= IFCCARTESIANPOINT((3.74999999999955,6.10000000703426,6.49519052838355));
#178= IFCCARTESIANPOINT((-7.77251986200242E-13,6.10000000703426,7.5));
#179= IFCCARTESIANPOINT((-3.7500000000009,6.10000000703426,6.49519052838277));
#180= IFCCARTESIANPOINT((-6.49519052838394,6.10000000703426,3.74999999999888));
#181= IFCCARTESIANPOINT((-7.5,6.10000000703426,-1.55450397240048E-12));
#182= IFCCARTESIANPOINT((-6.49519052838238,6.10000000703426,-3.75000000000157));
#183= IFCCARTESIANPOINT((-3.74999999999821,6.10000000703426,-6.49519052838432));
#184= IFCCARTESIANPOINT((2.32342928591604E-12,6.10000000703426,-7.5));
#185= IFCCARTESIANPOINT((3.75000000000224,6.10000000703426,-6.495190528382));
#186= IFCCARTESIANPOINT((6.49519052838471,6.10000000703426,-3.74999999999753));
#187= IFCPOLYLOOP((#163,#164,#165,#166,#167,#168,#169,#170,#171,#172,#173,#174));
#188= IFCFACEOUTERBOUND(#187,.T.);
#189= IFCFACE((#188));
#190= IFCPOLYLOOP((#186,#185,#184,#183,#182,#181,#180,#179,#178,#177,#176,#175));
#191= IFCFACEOUTERBOUND(#190,.T.);
#192= IFCFACE((#191));
#193= IFCPOLYLOOP((#163,#175,#176,#164));
#194= IFCFACEOUTERBOUND(#193,.T.);
#195= IFCFACE((#194));
#196= IFCPOLYLOOP((#164,#176,#177,#165));
#197= IFCFACEOUTERBOUND(#196,.T.);
#198= IFCFACE((#197));
#199= IFCPOLYLOOP((#165,#177,#178,#166));
#200= IFCFACEOUTERBOUND(#199,.T.);
#201= IFCFACE((#200));
#202= IFCPOLYLOOP((#166,#178,#179,#167));
#203= IFCFACEOUTERBOUND(#202,.T.);
#204= IFCFACE((#203));
#205= IFCPOLYLOOP((#167,#179,#180,#168));
#206= IFCFACEOUTERBOUND(#205,.T.);
#207= IFCFACE((#206));
#208= IFCPOLYLOOP((#168,#180,#181,#169));
#209= IFCFACEOUTERBOUND(#208,.T.);
#210= IFCFACE((#209));
#211= IFCPOLYLOOP((#169,#181,#182,#170));
#212= IFCFACEOUTERBOUND(#211,.T.);
#213= IFCFACE((#212));
#214= IFCPOLYLOOP((#170,#182,#183,#171));
#215= IFCFACEOUTERBOUND(#214,.T.);
#216= IFCFACE((#215));
#217= IFCPOLYLOOP((#171,#183,#184,#172));
#218= IFCFACEOUTERBOUND(#217,.T.);
#219= IFCFACE((#218));
#220= IFCPOLYLOOP((#172,#184,#185,#173));
#221= IFCFACEOUTERBOUND(#220,.T.);
#222= IFCFACE((#221));
#223= IFCPOLYLOOP((#173,#185,#186,#174));
#224= IFCFACEOUTERBOUND(#223,.T.);
#225= IFCFACE((#224));
#226= IFCPOLYLOOP((#174,#186,#175,#163));
#227= IFCFACEOUTERBOUND(#226,.T.);
#228= IFCFACE((#227));
#229= IFCCLOSEDSHELL((#189,#192,#195,#198,#201,#204,#207,#210,#213,#216,#219,#222,#225,#228));
#230= IFCFACETEDBREP(#229);
#231= IFCSTYLEDITEM(#230,(#119),$);
#232= IFCSHAPEREPRESENTATION(#12,'Body','Brep',(#230));
#233= IFCREPRESENTATIONMAP(#10,#232);
#234= IFCMAPPEDITEM(#233,#122);
#235= IFCSHAPEREPRESENTATION(#12,'Body','MappedRepresentation',(#234));
#236= IFCPRODUCTDEFINITIONSHAPE($,$,(#235));
#237= IFCCARTESIANPOINT((56967.340968426,23976.9924171533,16682.5007692249));
#238= IFCDIRECTION((-0.509320893901123,-5.7000001106644E-08,0.860576682832946));
#239= IFCDIRECTION((0.86057668283294,9.60000063782987E-08,0.509320893901128));
#240= IFCAXIS2PLACEMENT3D(#237,#238,#239);
#241= IFCLOCALPLACEMENT(#42,#240);
#242= IFCMECHANICALFASTENER('0zkMAUlXn3XRxbgIfLg1MD',#160,'Bolt assembly',$,$,#241,#236,'ID3db9629e-be1c-4385-bee5-a92a55a8158d',15.,12.);
#243= IFCPROPERTYSINGLEVALUE('Washer diameter',$,IFCLENGTHMEASURE(15.),$);
#244= IFCPROPERTYSINGLEVALUE('Bolt hole diameter',$,IFCLENGTHMEASURE(15.),$);
#245= IFCPROPERTYSINGLEVALUE('Bolt size',$,IFCLENGTHMEASURE(15.),$);
#246= IFCPROPERTYSINGLEVALUE('Bolt length',$,IFCLENGTHMEASURE(12.),$);
#247= IFCPROPERTYSINGLEVALUE('Bolt standard',$,IFCLABEL('EVENT'),$);
#248= IFCPROPERTYSET('0Ppxtf6$P1qPbG1Ri9YLoA',#5,'Tekla Bolt','Bolt Properties',(#135,#243,#137,#138,#139,#140,#141,#142,#143,#244,#145,#146,#245,#246,#247,#150));
#249= IFCMATERIAL('EVENT');
#250= IFCMAPPEDITEM(#233,#122);
#251= IFCSHAPEREPRESENTATION(#12,'Body','MappedRepresentation',(#250));
#252= IFCPRODUCTDEFINITIONSHAPE($,$,(#251));
#253= IFCCARTESIANPOINT((56967.340968426,23976.9924171533,16827.5007692249));
#254= IFCDIRECTION((-0.509320893901124,-5.70000011066441E-08,-0.860576682832946));
#255= IFCDIRECTION((0.86057668283294,9.60000063782987E-08,-0.509320893901128));
#256= IFCAXIS2PLACEMENT3D(#253,#254,#255);
#257= IFCLOCALPLACEMENT(#42,#256);
#258= IFCMECHANICALFASTENER('1keRSPLPX5lfkspi2M7qxQ',#160,'Bolt assembly',$,$,#257,#252,'ID6ea1b719-5598-45be-9bb6-cec0961f4eda',15.,12.);
#259= IFCMAPPEDITEM(#233,#122);
#260= IFCSHAPEREPRESENTATION(#12,'Body','MappedRepresentation',(#259));
#261= IFCPRODUCTDEFINITIONSHAPE($,$,(#260));
#262= IFCCARTESIANPOINT((57212.3409684253,23976.9924443484,16827.5007692249));
#263= IFCDIRECTION((-0.86057668283294,-9.60000063782987E-08,-0.509320893901128));
#264= IFCAXIS2PLACEMENT3D(#262,#238,#263);
#265= IFCLOCALPLACEMENT(#42,#264);
#266= IFCMECHANICALFASTENER('3AkwDyXer56R$LDab_ltwq',#160,'Bolt assembly',$,$,#265,#261,'IDcabba37c-868d-4519-bfd5-36497ebf7eb4',15.,12.);
#267= IFCMAPPEDITEM(#233,#122);
#268= IFCSHAPEREPRESENTATION(#12,'Body','MappedRepresentation',(#267));
#269= IFCPRODUCTDEFINITIONSHAPE($,$,(#268));
#270= IFCCARTESIANPOINT((57212.3409684253,23976.9924443484,16682.5007692249));
#271= IFCDIRECTION((0.509320893901123,5.7000001106644E-08,0.860576682832946));
#272= IFCDIRECTION((-0.86057668283294,-9.60000063782987E-08,0.509320893901128));
#273= IFCAXIS2PLACEMENT3D(#270,#271,#272);
#274= IFCLOCALPLACEMENT(#42,#273);
#275= IFCMECHANICALFASTENER('17Jp65HAX3TeghRM$7whAO',#160,'Bolt assembly',$,$,#274,#269,'ID474f3185-44a8-4376-8aab-6d6fc7eab298',15.,12.);
#276= IFCOWNERHISTORY(#3,#4,$,.NOCHANGE.,$,$,$,1770840000);
#277= IFCCARTESIANPOINT((7.5,-4.00000000208513,0.));
#278= IFCCARTESIANPOINT((6.49519052838316,-4.00000000208513,3.75000000000022));
#279= IFCCARTESIANPOINT((3.74999999999955,-4.00000000208513,6.49519052838355));
#280= IFCCARTESIANPOINT((-7.77251986200242E-13,-4.00000000208513,7.5));
#281= IFCCARTESIANPOINT((-3.7500000000009,-4.00000000208513,6.49519052838277));
#282= IFCCARTESIANPOINT((-6.49519052838394,-4.00000000208513,3.74999999999888));
#283= IFCCARTESIANPOINT((-7.5,-4.00000000208513,-1.55450397240048E-12));
#284= IFCCARTESIANPOINT((-6.49519052838238,-4.00000000208513,-3.75000000000157));
#285= IFCCARTESIANPOINT((-3.74999999999821,-4.00000000208513,-6.49519052838432));
#286= IFCCARTESIANPOINT((2.32342928591604E-12,-4.00000000208513,-7.5));
#287= IFCCARTESIANPOINT((3.75000000000224,-4.00000000208513,-6.495190528382));
#288= IFCCARTESIANPOINT((6.49519052838471,-4.00000000208513,-3.74999999999753));
#289= IFCCARTESIANPOINT((7.5,4.0999999977818,0.));
#290= IFCCARTESIANPOINT((6.49519052838316,4.0999999977818,3.75000000000022));
#291= IFCCARTESIANPOINT((3.74999999999955,4.0999999977818,6.49519052838355));
#292= IFCCARTESIANPOINT((-7.77251986200242E-13,4.0999999977818,7.5));
#293= IFCCARTESIANPOINT((-3.7500000000009,4.0999999977818,6.49519052838277));
#294= IFCCARTESIANPOINT((-6.49519052838394,4.0999999977818,3.74999999999888));
#295= IFCCARTESIANPOINT((-7.5,4.0999999977818,-1.55450397240048E-12));
#296= IFCCARTESIANPOINT((-6.49519052838238,4.0999999977818,-3.75000000000157));
#297= IFCCARTESIANPOINT((-3.74999999999821,4.0999999977818,-6.49519052838432));
#298= IFCCARTESIANPOINT((2.32342928591604E-12,4.0999999977818,-7.5));
#299= IFCCARTESIANPOINT((3.75000000000224,4.0999999977818,-6.495190528382));
#300= IFCCARTESIANPOINT((6.49519052838471,4.0999999977818,-3.74999999999753));
#301= IFCPOLYLOOP((#277,#278,#279,#280,#281,#282,#283,#284,#285,#286,#287,#288));
#302= IFCFACEOUTERBOUND(#301,.T.);
#303= IFCFACE((#302));
#304= IFCPOLYLOOP((#300,#299,#298,#297,#296,#295,#294,#293,#292,#291,#290,#289));
#305= IFCFACEOUTERBOUND(#304,.T.);
#306= IFCFACE((#305));
#307= IFCPOLYLOOP((#277,#289,#290,#278));
#308= IFCFACEOUTERBOUND(#307,.T.);
#309= IFCFACE((#308));
#310= IFCPOLYLOOP((#278,#290,#291,#279));
#311= IFCFACEOUTERBOUND(#310,.T.);
#312= IFCFACE((#311));
#313= IFCPOLYLOOP((#279,#291,#292,#280));
#314= IFCFACEOUTERBOUND(#313,.T.);
#315= IFCFACE((#314));
#316= IFCPOLYLOOP((#280,#292,#293,#281));
#317= IFCFACEOUTERBOUND(#316,.T.);
#318= IFCFACE((#317));
#319= IFCPOLYLOOP((#281,#293,#294,#282));
#320= IFCFACEOUTERBOUND(#319,.T.);
#321= IFCFACE((#320));
#322= IFCPOLYLOOP((#282,#294,#295,#283));
#323= IFCFACEOUTERBOUND(#322,.T.);
#324= IFCFACE((#323));
#325= IFCPOLYLOOP((#283,#295,#296,#284));
#326= IFCFACEOUTERBOUND(#325,.T.);
#327= IFCFACE((#326));
#328= IFCPOLYLOOP((#284,#296,#297,#285));
#329= IFCFACEOUTERBOUND(#328,.T.);
#330= IFCFACE((#329));
#331= IFCPOLYLOOP((#285,#297,#298,#286));
#332= IFCFACEOUTERBOUND(#331,.T.);
#333= IFCFACE((#332));
#334= IFCPOLYLOOP((#286,#298,#299,#287));
#335= IFCFACEOUTERBOUND(#334,.T.);
#336= IFCFACE((#335));
#337= IFCPOLYLOOP((#287,#299,#300,#288));
#338= IFCFACEOUTERBOUND(#337,.T.);
#339= IFCFACE((#338));
#340= IFCPOLYLOOP((#288,#300,#289,#277));
#341= IFCFACEOUTERBOUND(#340,.T.);
#342= IFCFACE((#341));
#343= IFCCLOSEDSHELL((#303,#306,#309,#312,#315,#318,#321,#324,#327,#330,#333,#336,#339,#342));
#344= IFCFACETEDBREP(#343);
#345= IFCSTYLEDITEM(#344,(#119),$);
#346= IFCSHAPEREPRESENTATION(#12,'Body','Brep',(#344));
#347= IFCREPRESENTATIONMAP(#10,#346);
#348= IFCMAPPEDITEM(#347,#122);
#349= IFCSHAPEREPRESENTATION(#12,'Body','MappedRepresentation',(#348));
#350= IFCPRODUCTDEFINITIONSHAPE($,$,(#349));
#351= IFCCARTESIANPOINT((56965.3417741974,16716.9874849164,16829.5007692249));
#352= IFCDIRECTION((-0.513481812030172,-2.40000008489005E-08,-0.85810047705045));
#353= IFCDIRECTION((0.858100477050448,3.99999904939171E-08,-0.513481812030175));
#354= IFCAXIS2PLACEMENT3D(#351,#352,#353);
#355= IFCLOCALPLACEMENT(#42,#354);
#356= IFCMECHANICALFASTENER('2za1AExz5BIB_hq$KbcSh4',#276,'Bolt assembly',$,$,#355,#350,'IDbd90128e-efd1-4b48-bfab-d3f52599cac4',15.,8.);
#357= IFCPROPERTYSINGLEVALUE('Bolt length',$,IFCLENGTHMEASURE(8.),$);
#358= IFCPROPERTYSET('3z8CR7tBDFLfQ2ArQ9OoK4',#5,'Tekla Bolt','Bolt Properties',(#135,#243,#137,#138,#139,#140,#141,#142,#143,#244,#145,#146,#245,#357,#247,#150));
#359= IFCMAPPEDITEM(#347,#122);
#360= IFCSHAPEREPRESENTATION(#12,'Body','MappedRepresentation',(#359));
#361= IFCPRODUCTDEFINITIONSHAPE($,$,(#360));
#362= IFCCARTESIANPOINT((56965.3417741974,16716.9874849164,16680.5007692249));
#363= IFCDIRECTION((-0.513481812030173,-2.40000008489006E-08,0.85810047705045));
#364= IFCDIRECTION((0.858100477050448,3.99999904939171E-08,0.513481812030175));
#365= IFCAXIS2PLACEMENT3D(#362,#363,#364);
#366= IFCLOCALPLACEMENT(#42,#365);
#367= IFCMECHANICALFASTENER('2pcTqZ87LCouaYrmo2UIf9',#276,'Bolt assembly',$,$,#366,#361,'IDb399dd23-2075-4ccb-8922-d70c82792a49',15.,8.);
#368= IFCMAPPEDITEM(#347,#122);
#369= IFCSHAPEREPRESENTATION(#12,'Body','MappedRepresentation',(#368));
#370= IFCPRODUCTDEFINITIONSHAPE($,$,(#369));
#371= IFCCARTESIANPOINT((57214.3417741974,16716.987496621,16680.5007692249));
#372= IFCDIRECTION((-0.858100477050441,-3.9999990487023E-08,0.513481812030187));
#373= IFCAXIS2PLACEMENT3D(#371,#352,#372);
#374= IFCLOCALPLACEMENT(#42,#373);
#375= IFCMECHANICALFASTENER('126gbSv7DDPAVse28c9sgM',#276,'Bolt assembly',$,$,#374,#370,'ID421aa95c-e473-4d64-a7f6-a02226276a96',15.,8.);
#376= IFCMAPPEDITEM(#347,#122);
#377= IFCSHAPEREPRESENTATION(#12,'Body','MappedRepresentation',(#376));
#378= IFCPRODUCTDEFINITIONSHAPE($,$,(#377));
#379= IFCCARTESIANPOINT((57214.3417741974,16716.987496621,16829.5007692249));
#380= IFCDIRECTION((0.513481812030186,2.40000008489005E-08,-0.858100477050442));
#381= IFCDIRECTION((-0.858100477050441,-3.9999990487023E-08,-0.513481812030187));
#382= IFCAXIS2PLACEMENT3D(#379,#380,#381);
#383= IFCLOCALPLACEMENT(#42,#382);
#384= IFCMECHANICALFASTENER('1zSr9UYcvDxxnvmGUdZN1X',#276,'Bolt assembly',$,$,#383,#378,'ID7d73525e-8a6e-4def-bc79-c107a78d7061',15.,8.);
#385= IFCMAPPEDITEM(#347,#122);
#386= IFCSHAPEREPRESENTATION(#12,'Body','MappedRepresentation',(#385));
#387= IFCPRODUCTDEFINITIONSHAPE($,$,(#386));
#388= IFCCARTESIANPOINT((56965.3417528839,16908.9974849164,16829.5007692249));
#389= IFCAXIS2PLACEMENT3D(#388,#352,#353);
#390= IFCLOCALPLACEMENT(#42,#389);
#391= IFCMECHANICALFASTENER('3GS5lulB11385rKnEOlZOH',#276,'Bolt assembly',$,$,#390,#387,'IDd0705bf8-bcb0-410c-8175-531398be3611',15.,8.);
#392= IFCMAPPEDITEM(#347,#122);
#393= IFCSHAPEREPRESENTATION(#12,'Body','MappedRepresentation',(#392));
#394= IFCPRODUCTDEFINITIONSHAPE($,$,(#393));
#395= IFCCARTESIANPOINT((56965.3417528839,16908.9974849164,16680.5007692249));
#396= IFCAXIS2PLACEMENT3D(#395,#363,#364);
#397= IFCLOCALPLACEMENT(#42,#396);
#398= IFCMECHANICALFASTENER('23zHA7Vk1AWRqgZg79qEb6',#276,'Bolt assembly',$,$,#397,#394,'ID83f51287-7ee0-4a81-bd2a-8ea1c9d0e946',15.,8.);
#399= IFCMAPPEDITEM(#347,#122);
#400= IFCSHAPEREPRESENTATION(#12,'Body','MappedRepresentation',(#399));
#401= IFCPRODUCTDEFINITIONSHAPE($,$,(#400));
#402= IFCCARTESIANPOINT((57214.3417528839,16908.997496621,16680.5007692249));
#403= IFCAXIS2PLACEMENT3D(#402,#352,#372);
#404= IFCLOCALPLACEMENT(#42,#403);
#405= IFCMECHANICALFASTENER('0vMSeq64nByOesRpo9_r0A',#276,'Bolt assembly',$,$,#404,#401,'ID3959ca34-184c-4bf1-8a36-6f3c89fb500a',15.,8.);
#406= IFCMAPPEDITEM(#347,#122);
#407= IFCSHAPEREPRESENTATION(#12,'Body','MappedRepresentation',(#406));
#408= IFCPRODUCTDEFINITIONSHAPE($,$,(#407));
#409= IFCCARTESIANPOINT((57214.3417528839,16908.997496621,16829.5007692249));
#410= IFCAXIS2PLACEMENT3D(#409,#380,#381);
#411= IFCLOCALPLACEMENT(#42,#410);
#412= IFCMECHANICALFASTENER('0cmzS0mDjBsOM1XsBG0yvH',#276,'Bolt assembly',$,$,#411,#408,'ID26c3d700-c0db-4bd9-8581-8762d003ce51',15.,8.);
#413= IFCOWNERHISTORY(#3,#4,$,.NOCHANGE.,$,$,$,1770796800);
#414= IFCCARTESIANPOINT((13.,-39.9054931875712,0.));
#415= IFCCARTESIANPOINT((11.2583302491975,-39.9054931875712,6.50000000000039));
#416= IFCCARTESIANPOINT((6.49999999999922,-39.9054931875712,11.2583302491982));
#417= IFCCARTESIANPOINT((-1.34723677608042E-12,-39.9054931875712,13.));
#418= IFCCARTESIANPOINT((-6.50000000000155,-39.9054931875712,11.2583302491968));
#419= IFCCARTESIANPOINT((-11.2583302491988,-39.9054931875712,6.49999999999806));
#420= IFCCARTESIANPOINT((-13.,-39.9054931875712,-2.69447355216084E-12));
#421= IFCCARTESIANPOINT((-11.2583302491961,-39.9054931875712,-6.50000000000272));
#422= IFCCARTESIANPOINT((-6.4999999999969,-39.9054931875712,-11.2583302491995));
#423= IFCCARTESIANPOINT((4.02727742892113E-12,-39.9054931875712,-13.));
#424= IFCCARTESIANPOINT((6.50000000000388,-39.9054931875712,-11.2583302491955));
#425= IFCCARTESIANPOINT((11.2583302492002,-39.9054931875712,-6.49999999999573));
#426= IFCCARTESIANPOINT((13.,-19.905493187571,0.));
#427= IFCCARTESIANPOINT((11.2583302491975,-19.905493187571,6.50000000000039));
#428= IFCCARTESIANPOINT((6.49999999999922,-19.905493187571,11.2583302491982));
#429= IFCCARTESIANPOINT((-1.34723677608042E-12,-19.905493187571,13.));
#430= IFCCARTESIANPOINT((-6.50000000000155,-19.905493187571,11.2583302491968));
#431= IFCCARTESIANPOINT((-11.2583302491988,-19.905493187571,6.49999999999806));
#432= IFCCARTESIANPOINT((-13.,-19.905493187571,-2.69447355216084E-12));
#433= IFCCARTESIANPOINT((-11.2583302491961,-19.905493187571,-6.50000000000272));
#434= IFCCARTESIANPOINT((-6.4999999999969,-19.905493187571,-11.2583302491995));
#435= IFCCARTESIANPOINT((4.02727742892113E-12,-19.905493187571,-13.));
#436= IFCCARTESIANPOINT((6.50000000000388,-19.905493187571,-11.2583302491955));
#437= IFCCARTESIANPOINT((11.2583302492002,-19.905493187571,-6.49999999999573));
#438= IFCPOLYLOOP((#414,#415,#416,#417,#418,#419,#420,#421,#422,#423,#424,#425));
#439= IFCFACEOUTERBOUND(#438,.T.);
#440= IFCFACE((#439));
#441= IFCPOLYLOOP((#437,#436,#435,#434,#433,#432,#431,#430,#429,#428,#427,#426));
#442= IFCFACEOUTERBOUND(#441,.T.);
#443= IFCFACE((#442));
#444= IFCPOLYLOOP((#414,#426,#427,#415));
#445= IFCFACEOUTERBOUND(#444,.T.);
#446= IFCFACE((#445));
#447= IFCPOLYLOOP((#415,#427,#428,#416));
#448= IFCFACEOUTERBOUND(#447,.T.);
#449= IFCFACE((#448));
#450= IFCPOLYLOOP((#416,#428,#429,#417));
#451= IFCFACEOUTERBOUND(#450,.T.);
#452= IFCFACE((#451));
#453= IFCPOLYLOOP((#417,#429,#430,#418));
#454= IFCFACEOUTERBOUND(#453,.T.);
#455= IFCFACE((#454));
#456= IFCPOLYLOOP((#418,#430,#431,#419));
#457= IFCFACEOUTERBOUND(#456,.T.);
#458= IFCFACE((#457));
#459= IFCPOLYLOOP((#419,#431,#432,#420));
#460= IFCFACEOUTERBOUND(#459,.T.);
#461= IFCFACE((#460));
#462= IFCPOLYLOOP((#420,#432,#433,#421));
#463= IFCFACEOUTERBOUND(#462,.T.);
#464= IFCFACE((#463));
#465= IFCPOLYLOOP((#421,#433,#434,#422));
#466= IFCFACEOUTERBOUND(#465,.T.);
#467= IFCFACE((#466));
#468= IFCPOLYLOOP((#422,#434,#435,#423));
#469= IFCFACEOUTERBOUND(#468,.T.);
#470= IFCFACE((#469));
#471= IFCPOLYLOOP((#423,#435,#436,#424));
#472= IFCFACEOUTERBOUND(#471,.T.);
#473= IFCFACE((#472));
#474= IFCPOLYLOOP((#424,#436,#437,#425));
#475= IFCFACEOUTERBOUND(#474,.T.);
#476= IFCFACE((#475));
#477= IFCPOLYLOOP((#425,#437,#426,#414));
#478= IFCFACEOUTERBOUND(#477,.T.);
#479= IFCFACE((#478));
#480= IFCCARTESIANPOINT((13.,-20.1000000235197,0.));
#481= IFCCARTESIANPOINT((11.2583302491975,-20.1000000235197,6.50000000000039));
#482= IFCCARTESIANPOINT((6.49999999999922,-20.1000000235197,11.2583302491982));
#483= IFCCARTESIANPOINT((-1.34723677608042E-12,-20.1000000235197,13.));
#484= IFCCARTESIANPOINT((-6.50000000000155,-20.1000000235197,11.2583302491968));
#485= IFCCARTESIANPOINT((-11.2583302491988,-20.1000000235197,6.49999999999806));
#486= IFCCARTESIANPOINT((-13.,-20.1000000235197,-2.69447355216084E-12));
#487= IFCCARTESIANPOINT((-11.2583302491961,-20.1000000235197,-6.50000000000272));
#488= IFCCARTESIANPOINT((-6.4999999999969,-20.1000000235197,-11.2583302491995));
#489= IFCCARTESIANPOINT((4.02727742892113E-12,-20.1000000235197,-13.));
#490= IFCCARTESIANPOINT((6.50000000000388,-20.1000000235197,-11.2583302491955));
#491= IFCCARTESIANPOINT((11.2583302492002,-20.1000000235197,-6.49999999999573));
#492= IFCCARTESIANPOINT((13.,-2.35194050901555E-08,0.));
#493= IFCCARTESIANPOINT((11.2583302491975,-2.35194050901555E-08,6.50000000000039));
#494= IFCCARTESIANPOINT((6.49999999999922,-2.35194050901555E-08,11.2583302491982));
#495= IFCCARTESIANPOINT((-1.34723677608042E-12,-2.35194050901555E-08,13.));
#496= IFCCARTESIANPOINT((-6.50000000000155,-2.35194050901555E-08,11.2583302491968));
#497= IFCCARTESIANPOINT((-11.2583302491988,-2.35194050901555E-08,6.49999999999806));
#498= IFCCARTESIANPOINT((-13.,-2.35194050901555E-08,-2.69447355216084E-12));
#499= IFCCARTESIANPOINT((-11.2583302491961,-2.35194050901555E-08,-6.50000000000272));
#500= IFCCARTESIANPOINT((-6.4999999999969,-2.35194050901555E-08,-11.2583302491995));
#501= IFCCARTESIANPOINT((4.02727742892113E-12,-2.35194050901555E-08,-13.));
#502= IFCCARTESIANPOINT((6.50000000000388,-2.35194050901555E-08,-11.2583302491955));
#503= IFCCARTESIANPOINT((11.2583302492002,-2.35194050901555E-08,-6.49999999999573));
#504= IFCPOLYLOOP((#480,#481,#482,#483,#484,#485,#486,#487,#488,#489,#490,#491));
#505= IFCFACEOUTERBOUND(#504,.T.);
#506= IFCFACE((#505));
#507= IFCPOLYLOOP((#503,#502,#501,#500,#499,#498,#497,#496,#495,#494,#493,#492));
#508= IFCFACEOUTERBOUND(#507,.T.);
#509= IFCFACE((#508));
#510= IFCPOLYLOOP((#480,#492,#493,#481));
#511= IFCFACEOUTERBOUND(#510,.T.);
#512= IFCFACE((#511));
#513= IFCPOLYLOOP((#481,#493,#494,#482));
#514= IFCFACEOUTERBOUND(#513,.T.);
#515= IFCFACE((#514));
#516= IFCPOLYLOOP((#482,#494,#495,#483));
#517= IFCFACEOUTERBOUND(#516,.T.);
#518= IFCFACE((#517));
#519= IFCPOLYLOOP((#483,#495,#496,#484));
#520= IFCFACEOUTERBOUND(#519,.T.);
#521= IFCFACE((#520));
#522= IFCPOLYLOOP((#484,#496,#497,#485));
#523= IFCFACEOUTERBOUND(#522,.T.);
#524= IFCFACE((#523));
#525= IFCPOLYLOOP((#485,#497,#498,#486));
#526= IFCFACEOUTERBOUND(#525,.T.);
#527= IFCFACE((#526));
#528= IFCPOLYLOOP((#486,#498,#499,#487));
#529= IFCFACEOUTERBOUND(#528,.T.);
#530= IFCFACE((#529));
#531= IFCPOLYLOOP((#487,#499,#500,#488));
#532= IFCFACEOUTERBOUND(#531,.T.);
#533= IFCFACE((#532));
#534= IFCPOLYLOOP((#488,#500,#501,#489));
#535= IFCFACEOUTERBOUND(#534,.T.);
#536= IFCFACE((#535));
#537= IFCPOLYLOOP((#489,#501,#502,#490));
#538= IFCFACEOUTERBOUND(#537,.T.);
#539= IFCFACE((#538));
#540= IFCPOLYLOOP((#490,#502,#503,#491));
#541= IFCFACEOUTERBOUND(#540,.T.);
#542= IFCFACE((#541));
#543= IFCPOLYLOOP((#491,#503,#492,#480));
#544= IFCFACEOUTERBOUND(#543,.T.);
#545= IFCFACE((#544));
#546= IFCCARTESIANPOINT((20.7846096908265,-63.7654931875712,0.));
#547= IFCCARTESIANPOINT((10.3923048454133,-63.7654931875712,18.));
#548= IFCCARTESIANPOINT((-10.3923048454133,-63.7654931875712,18.));
#549= IFCCARTESIANPOINT((-20.7846096908265,-63.7654931875712,2.54538057293978E-15));
#550= IFCCARTESIANPOINT((-10.3923048454133,-63.7654931875712,-18.));
#551= IFCCARTESIANPOINT((10.3923048454132,-63.7654931875712,-18.));
#552= IFCCARTESIANPOINT((20.7846096908265,-47.9254931875712,0.));
#553= IFCCARTESIANPOINT((10.3923048454133,-47.9254931875712,18.));
#554= IFCCARTESIANPOINT((-10.3923048454133,-47.9254931875712,18.));
#555= IFCCARTESIANPOINT((-20.7846096908265,-47.9254931875712,2.54538057293978E-15));
#556= IFCCARTESIANPOINT((-10.3923048454133,-47.9254931875712,-18.));
#557= IFCCARTESIANPOINT((10.3923048454132,-47.9254931875712,-18.));
#558= IFCPOLYLOOP((#546,#547,#548,#549,#550,#551));
#559= IFCFACEOUTERBOUND(#558,.T.);
#560= IFCFACE((#559));
#561= IFCPOLYLOOP((#557,#556,#555,#554,#553,#552));
#562= IFCFACEOUTERBOUND(#561,.T.);
#563= IFCFACE((#562));
#564= IFCPOLYLOOP((#546,#552,#553,#547));
#565= IFCFACEOUTERBOUND(#564,.T.);
#566= IFCFACE((#565));
#567= IFCPOLYLOOP((#547,#553,#554,#548));
#568= IFCFACEOUTERBOUND(#567,.T.);
#569= IFCFACE((#568));
#570= IFCPOLYLOOP((#548,#554,#555,#549));
#571= IFCFACEOUTERBOUND(#570,.T.);
#572= IFCFACE((#571));
#573= IFCPOLYLOOP((#549,#555,#556,#550));
#574= IFCFACEOUTERBOUND(#573,.T.);
#575= IFCFACE((#574));
#576= IFCPOLYLOOP((#550,#556,#557,#551));
#577= IFCFACEOUTERBOUND(#576,.T.);
#578= IFCFACE((#577));
#579= IFCPOLYLOOP((#551,#557,#552,#546));
#580= IFCFACEOUTERBOUND(#579,.T.);
#581= IFCFACE((#580));
#582= IFCCARTESIANPOINT((12.,-47.9254931875712,0.));
#583= IFCCARTESIANPOINT((10.3923048454131,-47.9254931875712,6.00000000000036));
#584= IFCCARTESIANPOINT((5.99999999999928,-47.9254931875712,10.3923048454137));
#585= IFCCARTESIANPOINT((-1.24360317792039E-12,-47.9254931875712,12.));
#586= IFCCARTESIANPOINT((-6.00000000000143,-47.9254931875712,10.3923048454124));
#587= IFCCARTESIANPOINT((-10.3923048454143,-47.9254931875712,5.99999999999821));
#588= IFCCARTESIANPOINT((-12.,-47.9254931875712,-2.48720635584077E-12));
#589= IFCCARTESIANPOINT((-10.3923048454118,-47.9254931875712,-6.00000000000251));
#590= IFCCARTESIANPOINT((-5.99999999999713,-47.9254931875712,-10.3923048454149));
#591= IFCCARTESIANPOINT((3.71748685746566E-12,-47.9254931875712,-12.));
#592= IFCCARTESIANPOINT((6.00000000000358,-47.9254931875712,-10.3923048454112));
#593= IFCCARTESIANPOINT((10.3923048454155,-47.9254931875712,-5.99999999999605));
#594= IFCCARTESIANPOINT((12.,37.0745068124288,0.));
#595= IFCCARTESIANPOINT((10.3923048454131,37.0745068124288,6.00000000000036));
#596= IFCCARTESIANPOINT((5.99999999999928,37.0745068124288,10.3923048454137));
#597= IFCCARTESIANPOINT((-1.24360317792039E-12,37.0745068124288,12.));
#598= IFCCARTESIANPOINT((-6.00000000000143,37.0745068124288,10.3923048454124));
#599= IFCCARTESIANPOINT((-10.3923048454143,37.0745068124288,5.99999999999821));
#600= IFCCARTESIANPOINT((-12.,37.0745068124288,-2.48720635584077E-12));
#601= IFCCARTESIANPOINT((-10.3923048454118,37.0745068124288,-6.00000000000251));
#602= IFCCARTESIANPOINT((-5.99999999999713,37.0745068124288,-10.3923048454149));
#603= IFCCARTESIANPOINT((3.71748685746566E-12,37.0745068124288,-12.));
#604= IFCCARTESIANPOINT((6.00000000000358,37.0745068124288,-10.3923048454112));
#605= IFCCARTESIANPOINT((10.3923048454155,37.0745068124288,-5.99999999999605));
#606= IFCPOLYLOOP((#582,#583,#584,#585,#586,#587,#588,#589,#590,#591,#592,#593));
#607= IFCFACEOUTERBOUND(#606,.T.);
#608= IFCFACE((#607));
#609= IFCPOLYLOOP((#605,#604,#603,#602,#601,#600,#599,#598,#597,#596,#595,#594));
#610= IFCFACEOUTERBOUND(#609,.T.);
#611= IFCFACE((#610));
#612= IFCPOLYLOOP((#582,#594,#595,#583));
#613= IFCFACEOUTERBOUND(#612,.T.);
#614= IFCFACE((#613));
#615= IFCPOLYLOOP((#583,#595,#596,#584));
#616= IFCFACEOUTERBOUND(#615,.T.);
#617= IFCFACE((#616));
#618= IFCPOLYLOOP((#584,#596,#597,#585));
#619= IFCFACEOUTERBOUND(#618,.T.);
#620= IFCFACE((#619));
#621= IFCPOLYLOOP((#585,#597,#598,#586));
#622= IFCFACEOUTERBOUND(#621,.T.);
#623= IFCFACE((#622));
#624= IFCPOLYLOOP((#586,#598,#599,#587));
#625= IFCFACEOUTERBOUND(#624,.T.);
#626= IFCFACE((#625));
#627= IFCPOLYLOOP((#587,#599,#600,#588));
#628= IFCFACEOUTERBOUND(#627,.T.);
#629= IFCFACE((#628));
#630= IFCPOLYLOOP((#588,#600,#601,#589));
#631= IFCFACEOUTERBOUND(#630,.T.);
#632= IFCFACE((#631));
#633= IFCPOLYLOOP((#589,#601,#602,#590));
#634= IFCFACEOUTERBOUND(#633,.T.);
#635= IFCFACE((#634));
#636= IFCPOLYLOOP((#590,#602,#603,#591));
#637= IFCFACEOUTERBOUND(#636,.T.);
#638= IFCFACE((#637));
#639= IFCPOLYLOOP((#591,#603,#604,#592));
#640= IFCFACEOUTERBOUND(#639,.T.);
#641= IFCFACE((#640));
#642= IFCPOLYLOOP((#592,#604,#605,#593));
#643= IFCFACEOUTERBOUND(#642,.T.);
#644= IFCFACE((#643));
#645= IFCPOLYLOOP((#593,#605,#594,#582));
#646= IFCFACEOUTERBOUND(#645,.T.);
#647= IFCFACE((#646));
#648= IFCCARTESIANPOINT((21.6,-47.9254931875712,0.));
#649= IFCCARTESIANPOINT((18.7061487217435,-47.9254931875712,10.8000000000006));
#650= IFCCARTESIANPOINT((10.7999999999987,-47.9254931875712,18.7061487217446));
#651= IFCCARTESIANPOINT((-2.2384857202567E-12,-47.9254931875712,21.6));
#652= IFCCARTESIANPOINT((-10.8000000000026,-47.9254931875712,18.7061487217424));
#653= IFCCARTESIANPOINT((-18.7061487217457,-47.9254931875712,10.7999999999968));
#654= IFCCARTESIANPOINT((-21.6,-47.9254931875712,-4.47697144051339E-12));
#655= IFCCARTESIANPOINT((-18.7061487217413,-47.9254931875712,-10.8000000000045));
#656= IFCCARTESIANPOINT((-10.7999999999948,-47.9254931875712,-18.7061487217469));
#657= IFCCARTESIANPOINT((6.69147634343819E-12,-47.9254931875712,-21.6));
#658= IFCCARTESIANPOINT((10.8000000000064,-47.9254931875712,-18.7061487217402));
#659= IFCCARTESIANPOINT((18.706148721748,-47.9254931875712,-10.7999999999929));
#660= IFCCARTESIANPOINT((21.6,-40.0054931875712,0.));
#661= IFCCARTESIANPOINT((18.7061487217435,-40.0054931875712,10.8000000000006));
#662= IFCCARTESIANPOINT((10.7999999999987,-40.0054931875712,18.7061487217446));
#663= IFCCARTESIANPOINT((-2.2384857202567E-12,-40.0054931875712,21.6));
#664= IFCCARTESIANPOINT((-10.8000000000026,-40.0054931875712,18.7061487217424));
#665= IFCCARTESIANPOINT((-18.7061487217457,-40.0054931875712,10.7999999999968));
#666= IFCCARTESIANPOINT((-21.6,-40.0054931875712,-4.47697144051339E-12));
#667= IFCCARTESIANPOINT((-18.7061487217413,-40.0054931875712,-10.8000000000045));
#668= IFCCARTESIANPOINT((-10.7999999999948,-40.0054931875712,-18.7061487217469));
#669= IFCCARTESIANPOINT((6.69147634343819E-12,-40.0054931875712,-21.6));
#670= IFCCARTESIANPOINT((10.8000000000064,-40.0054931875712,-18.7061487217402));
#671= IFCCARTESIANPOINT((18.706148721748,-40.0054931875712,-10.7999999999929));
#672= IFCPOLYLOOP((#648,#649,#650,#651,#652,#653,#654,#655,#656,#657,#658,#659));
#673= IFCFACEOUTERBOUND(#672,.T.);
#674= IFCFACE((#673));
#675= IFCPOLYLOOP((#671,#670,#669,#668,#667,#666,#665,#664,#663,#662,#661,#660));
#676= IFCFACEOUTERBOUND(#675,.T.);
#677= IFCFACE((#676));
#678= IFCPOLYLOOP((#648,#660,#661,#649));
#679= IFCFACEOUTERBOUND(#678,.T.);
#680= IFCFACE((#679));
#681= IFCPOLYLOOP((#649,#661,#662,#650));
#682= IFCFACEOUTERBOUND(#681,.T.);
#683= IFCFACE((#682));
#684= IFCPOLYLOOP((#650,#662,#663,#651));
#685= IFCFACEOUTERBOUND(#684,.T.);
#686= IFCFACE((#685));
#687= IFCPOLYLOOP((#651,#663,#664,#652));
#688= IFCFACEOUTERBOUND(#687,.T.);
#689= IFCFACE((#688));
#690= IFCPOLYLOOP((#652,#664,#665,#653));
#691= IFCFACEOUTERBOUND(#690,.T.);
#692= IFCFACE((#691));
#693= IFCPOLYLOOP((#653,#665,#666,#654));
#694= IFCFACEOUTERBOUND(#693,.T.);
#695= IFCFACE((#694));
#696= IFCPOLYLOOP((#654,#666,#667,#655));
#697= IFCFACEOUTERBOUND(#696,.T.);
#698= IFCFACE((#697));
#699= IFCPOLYLOOP((#655,#667,#668,#656));
#700= IFCFACEOUTERBOUND(#699,.T.);
#701= IFCFACE((#700));
#702= IFCPOLYLOOP((#656,#668,#669,#657));
#703= IFCFACEOUTERBOUND(#702,.T.);
#704= IFCFACE((#703));
#705= IFCPOLYLOOP((#657,#669,#670,#658));
#706= IFCFACEOUTERBOUND(#705,.T.);
#707= IFCFACE((#706));
#708= IFCPOLYLOOP((#658,#670,#671,#659));
#709= IFCFACEOUTERBOUND(#708,.T.);
#710= IFCFACE((#709));
#711= IFCPOLYLOOP((#659,#671,#660,#648));
#712= IFCFACEOUTERBOUND(#711,.T.);
#713= IFCFACE((#712));
#714= IFCCARTESIANPOINT((21.6,-2.35194050901555E-08,0.));
#715= IFCCARTESIANPOINT((18.7061487217435,-2.35194050901555E-08,10.8000000000006));
#716= IFCCARTESIANPOINT((10.7999999999987,-2.35194050901555E-08,18.7061487217446));
#717= IFCCARTESIANPOINT((-2.2384857202567E-12,-2.35194050901555E-08,21.6));
#718= IFCCARTESIANPOINT((-10.8000000000026,-2.35194050901555E-08,18.7061487217424));
#719= IFCCARTESIANPOINT((-18.7061487217457,-2.35194050901555E-08,10.7999999999968));
#720= IFCCARTESIANPOINT((-21.6,-2.35194050901555E-08,-4.47697144051339E-12));
#721= IFCCARTESIANPOINT((-18.7061487217413,-2.35194050901555E-08,-10.8000000000045));
#722= IFCCARTESIANPOINT((-10.7999999999948,-2.35194050901555E-08,-18.7061487217469));
#723= IFCCARTESIANPOINT((6.69147634343819E-12,-2.35194050901555E-08,-21.6));
#724= IFCCARTESIANPOINT((10.8000000000064,-2.35194050901555E-08,-18.7061487217402));
#725= IFCCARTESIANPOINT((18.706148721748,-2.35194050901555E-08,-10.7999999999929));
#726= IFCCARTESIANPOINT((21.6,7.91999997648059,0.));
#727= IFCCARTESIANPOINT((18.7061487217435,7.91999997648059,10.8000000000006));
#728= IFCCARTESIANPOINT((10.7999999999987,7.91999997648059,18.7061487217446));
#729= IFCCARTESIANPOINT((-2.2384857202567E-12,7.91999997648059,21.6));
#730= IFCCARTESIANPOINT((-10.8000000000026,7.91999997648059,18.7061487217424));
#731= IFCCARTESIANPOINT((-18.7061487217457,7.91999997648059,10.7999999999968));
#732= IFCCARTESIANPOINT((-21.6,7.91999997648059,-4.47697144051339E-12));
#733= IFCCARTESIANPOINT((-18.7061487217413,7.91999997648059,-10.8000000000045));
#734= IFCCARTESIANPOINT((-10.7999999999948,7.91999997648059,-18.7061487217469));
#735= IFCCARTESIANPOINT((6.69147634343819E-12,7.91999997648059,-21.6));
#736= IFCCARTESIANPOINT((10.8000000000064,7.91999997648059,-18.7061487217402));
#737= IFCCARTESIANPOINT((18.706148721748,7.91999997648059,-10.7999999999929));
#738= IFCPOLYLOOP((#714,#715,#716,#717,#718,#719,#720,#721,#722,#723,#724,#725));
#739= IFCFACEOUTERBOUND(#738,.T.);
#740= IFCFACE((#739));
#741= IFCPOLYLOOP((#737,#736,#735,#734,#733,#732,#731,#730,#729,#728,#727,#726));
#742= IFCFACEOUTERBOUND(#741,.T.);
#743= IFCFACE((#742));
#744= IFCPOLYLOOP((#714,#726,#727,#715));
#745= IFCFACEOUTERBOUND(#744,.T.);
#746= IFCFACE((#745));
#747= IFCPOLYLOOP((#715,#727,#728,#716));
#748= IFCFACEOUTERBOUND(#747,.T.);
#749= IFCFACE((#748));
#750= IFCPOLYLOOP((#716,#728,#729,#717));
#751= IFCFACEOUTERBOUND(#750,.T.);
#752= IFCFACE((#751));
#753= IFCPOLYLOOP((#717,#729,#730,#718));
#754= IFCFACEOUTERBOUND(#753,.T.);
#755= IFCFACE((#754));
#756= IFCPOLYLOOP((#718,#730,#731,#719));
#757= IFCFACEOUTERBOUND(#756,.T.);
#758= IFCFACE((#757));
#759= IFCPOLYLOOP((#719,#731,#732,#720));
#760= IFCFACEOUTERBOUND(#759,.T.);
#761= IFCFACE((#760));
#762= IFCPOLYLOOP((#720,#732,#733,#721));
#763= IFCFACEOUTERBOUND(#762,.T.);
#764= IFCFACE((#763));
#765= IFCPOLYLOOP((#721,#733,#734,#722));
#766= IFCFACEOUTERBOUND(#765,.T.);
#767= IFCFACE((#766));
#768= IFCPOLYLOOP((#722,#734,#735,#723));
#769= IFCFACEOUTERBOUND(#768,.T.);
#770= IFCFACE((#769));
#771= IFCPOLYLOOP((#723,#735,#736,#724));
#772= IFCFACEOUTERBOUND(#771,.T.);
#773= IFCFACE((#772));
#774= IFCPOLYLOOP((#724,#736,#737,#725));
#775= IFCFACEOUTERBOUND(#774,.T.);
#776= IFCFACE((#775));
#777= IFCPOLYLOOP((#725,#737,#726,#714));
#778= IFCFACEOUTERBOUND(#777,.T.);
#779= IFCFACE((#778));
#780= IFCCARTESIANPOINT((23.0016347245147,7.91999997648059,0.));
#781= IFCCARTESIANPOINT((11.5008173622573,7.91999997648059,19.92));
#782= IFCCARTESIANPOINT((-11.5008173622573,7.91999997648059,19.92));
#783= IFCCARTESIANPOINT((-23.0016347245147,7.91999997648059,2.81688783405335E-15));
#784= IFCCARTESIANPOINT((-11.5008173622574,7.91999997648059,-19.92));
#785= IFCCARTESIANPOINT((11.5008173622573,7.91999997648059,-19.92));
#786= IFCCARTESIANPOINT((23.0016347245147,23.7599999764806,0.));
#787= IFCCARTESIANPOINT((11.5008173622573,23.7599999764806,19.92));
#788= IFCCARTESIANPOINT((-11.5008173622573,23.7599999764806,19.92));
#789= IFCCARTESIANPOINT((-23.0016347245147,23.7599999764806,2.81688783405335E-15));
#790= IFCCARTESIANPOINT((-11.5008173622574,23.7599999764806,-19.92));
#791= IFCCARTESIANPOINT((11.5008173622573,23.7599999764806,-19.92));
#792= IFCPOLYLOOP((#780,#781,#782,#783,#784,#785));
#793= IFCFACEOUTERBOUND(#792,.T.);
#794= IFCFACE((#793));
#795= IFCPOLYLOOP((#791,#790,#789,#788,#787,#786));
#796= IFCFACEOUTERBOUND(#795,.T.);
#797= IFCFACE((#796));
#798= IFCPOLYLOOP((#780,#786,#787,#781));
#799= IFCFACEOUTERBOUND(#798,.T.);
#800= IFCFACE((#799));
#801= IFCPOLYLOOP((#781,#787,#788,#782));
#802= IFCFACEOUTERBOUND(#801,.T.);
#803= IFCFACE((#802));
#804= IFCPOLYLOOP((#782,#788,#789,#783));
#805= IFCFACEOUTERBOUND(#804,.T.);
#806= IFCFACE((#805));
#807= IFCPOLYLOOP((#783,#789,#790,#784));
#808= IFCFACEOUTERBOUND(#807,.T.);
#809= IFCFACE((#808));
#810= IFCPOLYLOOP((#784,#790,#791,#785));
#811= IFCFACEOUTERBOUND(#810,.T.);
#812= IFCFACE((#811));
#813= IFCPOLYLOOP((#785,#791,#786,#780));
#814= IFCFACEOUTERBOUND(#813,.T.);
#815= IFCFACE((#814));
#816= IFCCLOSEDSHELL((#560,#563,#566,#569,#572,#575,#578,#581,#608,#611,#614,#617,#620,#623,#626,#629,#632,#635,#638,#641,#644,#647,#674,#677,#680,#683,#686,#689,#692,#695,#698,#701,#704,#707,#710,#713,#740,#743,#746,#749,#752,#755,#758,#761,#764,#767,#770,#773,#776,#779,#794,#797,#800,#803,#806,#809,#812,#815));
#817= IFCFACETEDBREP(#816);
#818= IFCSTYLEDITEM(#817,(#48),$);
#819= IFCCLOSEDSHELL((#440,#443,#446,#449,#452,#455,#458,#461,#464,#467,#470,#473,#476,#479,#506,#509,#512,#515,#518,#521,#524,#527,#530,#533,#536,#539,#542,#545));
#820= IFCFACETEDBREP(#819);
#821= IFCSTYLEDITEM(#820,(#119),$);
#822= IFCSHAPEREPRESENTATION(#12,'Body','Brep',(#817,#820));
#823= IFCREPRESENTATIONMAP(#10,#822);
#824= IFCMAPPEDITEM(#823,#122);
#825= IFCSHAPEREPRESENTATION(#12,'Body','MappedRepresentation',(#824));
#826= IFCPRODUCTDEFINITIONSHAPE($,$,(#825));
#827= IFCCARTESIANPOINT((57209.8409532661,24112.992444048,16580.0007692249));
#828= IFCDIRECTION((-0.999999999999994,-1.11000001197681E-07,0.));
#829= IFCDIRECTION((0.,0.,-1.));
#830= IFCAXIS2PLACEMENT3D(#827,#828,#829);
#831= IFCLOCALPLACEMENT(#42,#830);
#832= IFCMECHANICALFASTENER('3nQtgvp$v4dfGBibss$h7D',#413,'Bolt assembly',$,$,#831,#826,'IDf16b7ab9-cffe-449e-940b-b25db6feb1cd',24.,85.);
#833= IFCPROPERTYSINGLEVALUE('Washer count',$,IFCINTEGER(2),$);
#834= IFCPROPERTYSINGLEVALUE('Nut count',$,IFCINTEGER(1),$);
#835= IFCPROPERTYSINGLEVALUE('Bolt size',$,IFCLENGTHMEASURE(24.),$);
#836= IFCPROPERTYSINGLEVALUE('Bolt length',$,IFCLENGTHMEASURE(85.),$);
#837= IFCPROPERTYSET('2ftH8XtZX188YjLAtc8nlk',#5,'Tekla Bolt','Bolt Properties',(#833,#136,#137,#138,#834,#140,#141,#142,#143,#144,#145,#146,#835,#836,#149,#150));
#838= IFCMAPPEDITEM(#823,#122);
#839= IFCSHAPEREPRESENTATION(#12,'Body','MappedRepresentation',(#838));
#840= IFCPRODUCTDEFINITIONSHAPE($,$,(#839));
#841= IFCCARTESIANPOINT((57089.8409532661,24112.9924307277,16580.0007692249));
#842= IFCAXIS2PLACEMENT3D(#841,#828,#829);
#843= IFCLOCALPLACEMENT(#42,#842);
#844= IFCMECHANICALFASTENER('1JcAv14JvDMuk5u$L9m$J2',#413,'Bolt assembly',$,$,#843,#840,'ID5398ae41-113e-4d5b-8b85-e3f549c3f4c2',24.,85.);
#845= IFCMAPPEDITEM(#823,#122);
#846= IFCSHAPEREPRESENTATION(#12,'Body','MappedRepresentation',(#845));
#847= IFCPRODUCTDEFINITIONSHAPE($,$,(#846));
#848= IFCCARTESIANPOINT((56969.8409532661,24112.9924174073,16580.0007692249));
#849= IFCAXIS2PLACEMENT3D(#848,#828,#829);
#850= IFCLOCALPLACEMENT(#42,#849);
#851= IFCMECHANICALFASTENER('3UK0wSl2nFCgUIWEwIASR7',#413,'Bolt assembly',$,$,#850,#847,'IDde500e9c-bc2c-4f32-a792-80ee9229c6c7',24.,85.);
#852= IFCMAPPEDITEM(#823,#122);
#853= IFCSHAPEREPRESENTATION(#12,'Body','MappedRepresentation',(#852));
#854= IFCPRODUCTDEFINITIONSHAPE($,$,(#853));
#855= IFCCARTESIANPOINT((57209.8409532661,24112.992444048,16700.0007692249));
#856= IFCAXIS2PLACEMENT3D(#855,#828,#829);
#857= IFCLOCALPLACEMENT(#42,#856);
#858= IFCMECHANICALFASTENER('00UbMMNSnAXBMrI43F5fAO',#413,'Bolt assembly',$,$,#857,#854,'ID007a5596-5dcc-4a84-b5b5-4840cf169298',24.,85.);
#859= IFCMAPPEDITEM(#823,#122);
#860= IFCSHAPEREPRESENTATION(#12,'Body','MappedRepresentation',(#859));
#861= IFCPRODUCTDEFINITIONSHAPE($,$,(#860));
#862= IFCCARTESIANPOINT((56969.8409532661,24112.9924174073,16700.0007692249));
#863= IFCAXIS2PLACEMENT3D(#862,#828,#829);
#864= IFCLOCALPLACEMENT(#42,#863);
#865= IFCMECHANICALFASTENER('1JCGi2ic5DPg4AG7AOdNX6',#413,'Bolt assembly',$,$,#864,#861,'ID53310b02-b261-4d66-a10a-4072989d7846',24.,85.);
#866= IFCMAPPEDITEM(#823,#122);
#867= IFCSHAPEREPRESENTATION(#12,'Body','MappedRepresentation',(#866));
#868= IFCPRODUCTDEFINITIONSHAPE($,$,(#867));
#869= IFCCARTESIANPOINT((57209.8409532661,24112.992444048,16815.0007692249));
#870= IFCAXIS2PLACEMENT3D(#869,#828,#829);
#871= IFCLOCALPLACEMENT(#42,#870);
#872= IFCMECHANICALFASTENER('349NMXFnT3ORosZfMKanBO',#413,'Bolt assembly',$,$,#871,#868,'IDc42575a1-3f17-4361-bcb6-8e95949312d8',24.,85.);
#873= IFCMAPPEDITEM(#823,#122);
#874= IFCSHAPEREPRESENTATION(#12,'Body','MappedRepresentation',(#873));
#875= IFCPRODUCTDEFINITIONSHAPE($,$,(#874));
#876= IFCCARTESIANPOINT((56969.8409532661,24112.9924174073,16815.0007692249));
#877= IFCAXIS2PLACEMENT3D(#876,#828,#829);
#878= IFCLOCALPLACEMENT(#42,#877);
#879= IFCMECHANICALFASTENER('0LvfNfqkrFZRdVmSH6WDNn',#413,'Bolt assembly',$,$,#878,#875,'ID15e695e9-d2ed-4f8d-b9df-c1c44680d5f1',24.,85.);
#880= IFCMAPPEDITEM(#823,#122);
#881= IFCSHAPEREPRESENTATION(#12,'Body','MappedRepresentation',(#880));
#882= IFCPRODUCTDEFINITIONSHAPE($,$,(#881));
#883= IFCCARTESIANPOINT((57209.8409532661,24112.992444048,16930.0007692249));
#884= IFCAXIS2PLACEMENT3D(#883,#828,#829);
#885= IFCLOCALPLACEMENT(#42,#884);
#886= IFCMECHANICALFASTENER('0gJgp5WzHDVQTKsXIW6k3x',#413,'Bolt assembly',$,$,#885,#882,'ID2a4eacc5-83d4-4d7d-a754-da14a01ae0fb',24.,85.);
#887= IFCMAPPEDITEM(#823,#122);
#888= IFCSHAPEREPRESENTATION(#12,'Body','MappedRepresentation',(#887));
#889= IFCPRODUCTDEFINITIONSHAPE($,$,(#888));
#890= IFCCARTESIANPOINT((57089.8409532661,24112.9924307277,16930.0007692249));
#891= IFCAXIS2PLACEMENT3D(#890,#828,#829);
#892= IFCLOCALPLACEMENT(#42,#891);
#893= IFCMECHANICALFASTENER('19XmnKrQH3DRDL4x27VgAi',#413,'Bolt assembly',$,$,#892,#889,'ID49870c54-d5a4-4335-b355-13b0877ea2ac',24.,85.);
#894= IFCMAPPEDITEM(#823,#122);
#895= IFCSHAPEREPRESENTATION(#12,'Body','MappedRepresentation',(#894));
#896= IFCPRODUCTDEFINITIONSHAPE($,$,(#895));
#897= IFCCARTESIANPOINT((56969.8409532661,24112.9924174073,16930.0007692249));
#898= IFCAXIS2PLACEMENT3D(#897,#828,#829);
#899= IFCLOCALPLACEMENT(#42,#898);
#900= IFCMECHANICALFASTENER('0ZLx7JZmvFgPb8x44L93bp',#413,'Bolt assembly',$,$,#899,#896,'ID2357b1d3-8f0e-4fa9-9948-ec4115243973',24.,85.);
#901= IFCCOLOURRGB('Dark Gray',0.709803921568627,0.403921568627451,0.2);
#902= IFCSURFACESTYLERENDERING(#901,0.,$,$,$,$,IFCNORMALISEDRATIOMEASURE(0.00390625),IFCSPECULAREXPONENT(10.),.NOTDEFINED.);
#903= IFCSURFACESTYLE('STEEL/S275',.POSITIVE.,(#902));
#904= IFCPRESENTATIONSTYLEASSIGNMENT((#903));
#905= IFCCARTESIANPOINT((-4.00177668780088E-11,-5.,19.9999999999927));
#906= IFCCARTESIANPOINT((-1.60071067512035E-10,-5.,99.9999999999927));
#907= IFCCARTESIANPOINT((-1.60071067512035E-10,5.,99.9999999999927));
#908= IFCCARTESIANPOINT((-4.00177668780088E-11,5.,19.9999999999927));
#909= IFCPOLYLOOP((#905,#906,#907,#908));
#910= IFCFACEOUTERBOUND(#909,.T.);
#911= IFCFACE((#910));
#912= IFCCARTESIANPOINT((3.90180644015709,-5.,100.384294391923));
#913= IFCCARTESIANPOINT((3.90180644015709,5.,100.384294391923));
#914= IFCPOLYLOOP((#906,#912,#913,#907));
#915= IFCFACEOUTERBOUND(#914,.T.);
#916= IFCFACE((#915));
#917= IFCCARTESIANPOINT((7.65366864713724,-5.,101.522409349753));
#918= IFCCARTESIANPOINT((7.65366864713724,5.,101.522409349753));
#919= IFCPOLYLOOP((#912,#917,#918,#913));
#920= IFCFACEOUTERBOUND(#919,.T.);
#921= IFCFACE((#920));
#922= IFCCARTESIANPOINT((11.1114046602233,-5.,103.370607753925));
#923= IFCCARTESIANPOINT((11.1114046602233,5.,103.370607753925));
#924= IFCPOLYLOOP((#917,#922,#923,#918));
#925= IFCFACEOUTERBOUND(#924,.T.);
#926= IFCFACE((#925));
#927= IFCCARTESIANPOINT((14.1421356235624,-5.,105.857864376238));
#928= IFCCARTESIANPOINT((14.1421356235624,5.,105.857864376238));
#929= IFCPOLYLOOP((#922,#927,#928,#923));
#930= IFCFACEOUTERBOUND(#929,.T.);
#931= IFCFACE((#930));
#932= IFCCARTESIANPOINT((16.6293922458754,-5.,108.888595339566));
#933= IFCCARTESIANPOINT((16.6293922458754,5.,108.888595339566));
#934= IFCPOLYLOOP((#927,#932,#933,#928));
#935= IFCFACEOUTERBOUND(#934,.T.);
#936= IFCFACE((#935));
#937= IFCCARTESIANPOINT((18.4775906500436,-5.,112.346331352652));
#938= IFCCARTESIANPOINT((18.4775906500436,5.,112.346331352652));
#939= IFCPOLYLOOP((#932,#937,#938,#933));
#940= IFCFACEOUTERBOUND(#939,.T.);
#941= IFCFACE((#940));
#942= IFCCARTESIANPOINT((19.6157056078737,-5.,116.098193559636));
#943= IFCCARTESIANPOINT((19.6157056078737,5.,116.098193559636));
#944= IFCPOLYLOOP((#937,#942,#943,#938));
#945= IFCFACEOUTERBOUND(#944,.T.);
#946= IFCFACE((#945));
#947= IFCCARTESIANPOINT((19.9999999998072,-5.,119.999999999949));
#948= IFCCARTESIANPOINT((19.9999999998072,5.,119.999999999949));
#949= IFCPOLYLOOP((#942,#947,#948,#943));
#950= IFCFACEOUTERBOUND(#949,.T.);
#951= IFCFACE((#950));
#952= IFCCARTESIANPOINT((109.9999999998,-5.,119.999999999774));
#953= IFCCARTESIANPOINT((109.9999999998,5.,119.999999999774));
#954= IFCPOLYLOOP((#947,#952,#953,#948));
#955= IFCFACEOUTERBOUND(#954,.T.);
#956= IFCFACE((#955));
#957= IFCCARTESIANPOINT((110.384294391744,-5.,116.098193559446));
#958= IFCCARTESIANPOINT((110.384294391744,5.,116.098193559446));
#959= IFCPOLYLOOP((#952,#957,#958,#953));
#960= IFCFACEOUTERBOUND(#959,.T.);
#961= IFCFACE((#960));
#962= IFCCARTESIANPOINT((111.522409349589,-5.,112.34633135247));
#963= IFCCARTESIANPOINT((111.522409349589,5.,112.34633135247));
#964= IFCPOLYLOOP((#957,#962,#963,#958));
#965= IFCFACEOUTERBOUND(#964,.T.);
#966= IFCFACE((#965));
#967= IFCCARTESIANPOINT((113.370607753768,-5.,108.888595339376));
#968= IFCCARTESIANPOINT((113.370607753768,5.,108.888595339376));
#969= IFCPOLYLOOP((#962,#967,#968,#963));
#970= IFCFACEOUTERBOUND(#969,.T.);
#971= IFCFACE((#970));
#972= IFCCARTESIANPOINT((115.857864376092,-5.,105.857864376027));
#973= IFCCARTESIANPOINT((115.857864376092,5.,105.857864376027));
#974= IFCPOLYLOOP((#967,#972,#973,#968));
#975= IFCFACEOUTERBOUND(#974,.T.);
#976= IFCFACE((#975));
#977= IFCCARTESIANPOINT((118.888595339435,-5.,103.370607753699));
#978= IFCCARTESIANPOINT((118.888595339435,5.,103.370607753699));
#979= IFCPOLYLOOP((#972,#977,#978,#973));
#980= IFCFACEOUTERBOUND(#979,.T.);
#981= IFCFACE((#980));
#982= IFCCARTESIANPOINT((122.346331352528,-5.,101.52240934952));
#983= IFCCARTESIANPOINT((122.346331352528,5.,101.52240934952));
#984= IFCPOLYLOOP((#977,#982,#983,#978));
#985= IFCFACEOUTERBOUND(#984,.T.);
#986= IFCFACE((#985));
#987= IFCCARTESIANPOINT((126.098193559512,-5.,100.384294391675));
#988= IFCCARTESIANPOINT((126.098193559512,5.,100.384294391675));
#989= IFCPOLYLOOP((#982,#987,#988,#983));
#990= IFCFACEOUTERBOUND(#989,.T.);
#991= IFCFACE((#990));
#992= IFCCARTESIANPOINT((129.999999999833,-5.,99.9999999997308));
#993= IFCCARTESIANPOINT((129.999999999833,5.,99.9999999997308));
#994= IFCPOLYLOOP((#987,#992,#993,#988));
#995= IFCFACEOUTERBOUND(#994,.T.);
#996= IFCFACE((#995));
#997= IFCCARTESIANPOINT((129.999999999964,-5.,19.9999999997308));
#998= IFCCARTESIANPOINT((129.999999999964,5.,19.9999999997308));
#999= IFCPOLYLOOP((#992,#997,#998,#993));
#1000= IFCFACEOUTERBOUND(#999,.T.);
#1001= IFCFACE((#1000));
#1002= IFCCARTESIANPOINT((126.098193559639,-5.,19.6157056078009));
#1003= IFCCARTESIANPOINT((126.098193559639,5.,19.6157056078009));
#1004= IFCPOLYLOOP((#997,#1002,#1003,#998));
#1005= IFCFACEOUTERBOUND(#1004,.T.);
#1006= IFCFACE((#1005));
#1007= IFCCARTESIANPOINT((122.346331352666,-5.,18.4775906499708));
#1008= IFCCARTESIANPOINT((122.346331352666,5.,18.4775906499708));
#1009= IFCPOLYLOOP((#1002,#1007,#1008,#1003));
#1010= IFCFACEOUTERBOUND(#1009,.T.);
#1011= IFCFACE((#1010));
#1012= IFCCARTESIANPOINT((118.888595339577,-5.,16.629392245799));
#1013= IFCCARTESIANPOINT((118.888595339577,5.,16.629392245799));
#1014= IFCPOLYLOOP((#1007,#1012,#1013,#1008));
#1015= IFCFACEOUTERBOUND(#1014,.T.);
#1016= IFCFACE((#1015));
#1017= IFCCARTESIANPOINT((115.857864376241,-5.,14.142135623486));
#1018= IFCCARTESIANPOINT((115.857864376241,5.,14.142135623486));
#1019= IFCPOLYLOOP((#1012,#1017,#1018,#1013));
#1020= IFCFACEOUTERBOUND(#1019,.T.);
#1021= IFCFACE((#1020));
#1022= IFCCARTESIANPOINT((113.370607753928,-5.,11.1114046601506));
#1023= IFCCARTESIANPOINT((113.370607753928,5.,11.1114046601506));
#1024= IFCPOLYLOOP((#1017,#1022,#1023,#1018));
#1025= IFCFACEOUTERBOUND(#1024,.T.);
#1026= IFCFACE((#1025));
#1027= IFCCARTESIANPOINT((111.522409349756,-5.,7.65366864707175));
#1028= IFCCARTESIANPOINT((111.522409349756,5.,7.65366864707175));
#1029= IFCPOLYLOOP((#1022,#1027,#1028,#1023));
#1030= IFCFACEOUTERBOUND(#1029,.T.);
#1031= IFCFACE((#1030));
#1032= IFCCARTESIANPOINT((110.384294391926,-5.,3.90180644008797));
#1033= IFCCARTESIANPOINT((110.384294391926,5.,3.90180644008797));
#1034= IFCPOLYLOOP((#1027,#1032,#1033,#1028));
#1035= IFCFACEOUTERBOUND(#1034,.T.);
#1036= IFCFACE((#1035));
#1037= IFCCARTESIANPOINT((109.999999999996,-5.,-2.3283064365387E-10));
#1038= IFCCARTESIANPOINT((109.999999999996,5.,-2.3283064365387E-10));
#1039= IFCPOLYLOOP((#1032,#1037,#1038,#1033));
#1040= IFCFACEOUTERBOUND(#1039,.T.);
#1041= IFCFACE((#1040));
#1042= IFCCARTESIANPOINT((19.9999999999927,-5.,-5.0931703299284E-11));
#1043= IFCCARTESIANPOINT((19.9999999999927,5.,-5.0931703299284E-11));
#1044= IFCPOLYLOOP((#1037,#1042,#1043,#1038));
#1045= IFCFACEOUTERBOUND(#1044,.T.);
#1046= IFCFACE((#1045));
#1047= IFCCARTESIANPOINT((19.6157056080519,-5.,3.90180644027714));
#1048= IFCCARTESIANPOINT((19.6157056080519,5.,3.90180644027714));
#1049= IFCPOLYLOOP((#1042,#1047,#1048,#1043));
#1050= IFCFACEOUTERBOUND(#1049,.T.);
#1051= IFCFACE((#1050));
#1052= IFCCARTESIANPOINT((18.4775906502073,-5.,7.65366864725365));
#1053= IFCCARTESIANPOINT((18.4775906502073,5.,7.65366864725365));
#1054= IFCPOLYLOOP((#1047,#1052,#1053,#1048));
#1055= IFCFACEOUTERBOUND(#1054,.T.);
#1056= IFCFACE((#1055));
#1057= IFCCARTESIANPOINT((16.6293922460245,-5.,11.111404660347));
#1058= IFCCARTESIANPOINT((16.6293922460245,5.,11.111404660347));
#1059= IFCPOLYLOOP((#1052,#1057,#1058,#1053));
#1060= IFCFACEOUTERBOUND(#1059,.T.);
#1061= IFCFACE((#1060));
#1062= IFCCARTESIANPOINT((14.1421356237006,-5.,14.1421356236897));
#1063= IFCCARTESIANPOINT((14.1421356237006,5.,14.1421356236897));
#1064= IFCPOLYLOOP((#1057,#1062,#1063,#1058));
#1065= IFCFACEOUTERBOUND(#1064,.T.);
#1066= IFCFACE((#1065));
#1067= IFCCARTESIANPOINT((11.1114046603579,-5.,16.6293922460172));
#1068= IFCCARTESIANPOINT((11.1114046603579,5.,16.6293922460172));
#1069= IFCPOLYLOOP((#1062,#1067,#1068,#1063));
#1070= IFCFACEOUTERBOUND(#1069,.T.);
#1071= IFCFACE((#1070));
#1072= IFCCARTESIANPOINT((7.65366864726457,-5.,18.4775906502036));
#1073= IFCCARTESIANPOINT((7.65366864726457,5.,18.4775906502036));
#1074= IFCPOLYLOOP((#1067,#1072,#1073,#1068));
#1075= IFCFACEOUTERBOUND(#1074,.T.);
#1076= IFCFACE((#1075));
#1077= IFCCARTESIANPOINT((3.90180644028806,-5.,19.6157056080483));
#1078= IFCCARTESIANPOINT((3.90180644028806,5.,19.6157056080483));
#1079= IFCPOLYLOOP((#1072,#1077,#1078,#1073));
#1080= IFCFACEOUTERBOUND(#1079,.T.);
#1081= IFCFACE((#1080));
#1082= IFCPOLYLOOP((#1077,#905,#908,#1078));
#1083= IFCFACEOUTERBOUND(#1082,.T.);
#1084= IFCFACE((#1083));
#1085= IFCPOLYLOOP((#913,#918,#923,#928,#933,#938,#943,#948,#953,#958,#963,#968,#973,#978,#983,#988,#993,#998,#1003,#1008,#1013,#1018,#1023,#1028,#1033,#1038,#1043,#1048,#1053,#1058,#1063,#1068,#1073,#1078,#908,#907));
#1086= IFCFACEOUTERBOUND(#1085,.T.);
#1087= IFCFACE((#1086));
#1088= IFCPOLYLOOP((#1077,#1072,#1067,#1062,#1057,#1052,#1047,#1042,#1037,#1032,#1027,#1022,#1017,#1012,#1007,#1002,#997,#992,#987,#982,#977,#972,#967,#962,#957,#952,#947,#942,#937,#932,#927,#922,#917,#912,#906,#905));
#1089= IFCFACEOUTERBOUND(#1088,.T.);
#1090= IFCFACE((#1089));
#1091= IFCCLOSEDSHELL((#911,#916,#921,#926,#931,#936,#941,#946,#951,#956,#961,#966,#971,#976,#981,#986,#991,#996,#1001,#1006,#1011,#1016,#1021,#1026,#1031,#1036,#1041,#1046,#1051,#1056,#1061,#1066,#1071,#1076,#1081,#1084,#1087,#1090));
#1092= IFCFACETEDBREP(#1091);
#1093= IFCSTYLEDITEM(#1092,(#904),$);
#1094= IFCSHAPEREPRESENTATION(#12,'Body','Brep',(#1092));
#1095= IFCPRODUCTDEFINITIONSHAPE($,$,(#1094));
#1096= IFCCARTESIANPOINT((57149.8409532719,24112.9924374133,16755.0007692249));
#1097= IFCDIRECTION((1.10999994481399E-07,-0.999999999999994,0.));
#1098= IFCAXIS2PLACEMENT3D(#1096,#828,#1097);
#1099= IFCLOCALPLACEMENT(#42,#1098);
#1100= IFCPLATE('0NoKbjVY93wxrBXVldLsOS',#276,'PLATE-10','PL10*120',$,#1099,#1095,'ID17c9496d-7e22-43eb-bd4b-85fbe757661c');
#1101= IFCPLATETYPE('39A7dZoMf4u80jW$NgzHv2',#5,'PL10*120',$,$,$,$,$,$,.NOTDEFINED.);
#1102= IFCPROPERTYSINGLEVALUE('Bottom elevation',$,IFCLABEL(' +16.750'),$);
#1103= IFCPROPERTYSINGLEVALUE('Top elevation',$,IFCLABEL(' +16.760'),$);
#1104= IFCPROPERTYSINGLEVALUE('Initial GUID',$,$,$);
#1105= IFCPROPERTYSINGLEVALUE('Preliminary mark',$,IFCLABEL('5-2-P92'),$);
#1106= IFCPROPERTYSINGLEVALUE('Phase',$,IFCINTEGER(4),$);
#1107= IFCPROPERTYSINGLEVALUE('Class',$,IFCLABEL('22'),$);
#1108= IFCPROPERTYSET('3lDpkOp0P0NPXDLJEqy0IC',#5,'Tekla Common','Common Properties to Shared building elements',(#1102,#1103,#1104,#1105,#1106,#1107));
#1109= IFCPROPERTYSINGLEVALUE('Weight',$,IFCMASSMEASURE(1.13),$);
#1110= IFCPROPERTYSINGLEVALUE('Volume',$,IFCVOLUMEMEASURE(0.),$);
#1111= IFCPROPERTYSINGLEVALUE('Gross footprint area',$,IFCAREAMEASURE(0.014),$);
#1112= IFCPROPERTYSINGLEVALUE('Area per tons',$,IFCAREAMEASURE(29.609),$);
#1113= IFCPROPERTYSINGLEVALUE('Net surface area',$,IFCAREAMEASURE(0.033),$);
#1114= IFCPROPERTYSINGLEVALUE('Height',$,IFCLENGTHMEASURE(120.),$);
#1115= IFCPROPERTYSINGLEVALUE('Width',$,IFCLENGTHMEASURE(10.),$);
#1116= IFCPROPERTYSINGLEVALUE('Length',$,IFCLENGTHMEASURE(130.),$);
#1117= IFCPROPERTYSET('3rNouZAkr2o8E70VeQaCOl',#5,'Tekla Quantity','Quantity Properties to Shared building elements',(#1109,#1110,#1111,#1112,#1113,#1114,#1115,#1116));
#1118= IFCPROPERTYSINGLEVALUE('LoadBearing',$,IFCBOOLEAN(.F.),$);
#1119= IFCPROPERTYSINGLEVALUE('Reference',$,IFCIDENTIFIER('5-2-P92'),$);
#1120= IFCPROPERTYSET('2T_RjAIBnCWvge$Efo7MiQ',#5,'Pset_PlateCommon','Common Properties to plate elements',(#1118,#1119));
#1121= IFCQUANTITYLENGTH('Width',$,$,120.);
#1122= IFCQUANTITYAREA('NetArea',$,$,0.033357463274411);
#1123= IFCQUANTITYAREA('GrossArea',$,$,0.0155999999999999);
#1124= IFCQUANTITYAREA('CrossSectionArea',$,$,0.0001);
#1125= IFCQUANTITYVOLUME('NetVolume',$,$,0.000143514219390963);
#1126= IFCQUANTITYVOLUME('GrossVolume',$,$,0.000143514219390963);
#1127= IFCELEMENTQUANTITY('2LeJZV_zD0c9BqSr2XtzkM',#5,'BaseQuantities',$,$,(#1121,#1122,#1123,#1124,#1125,#1126));
#1128= IFCMATERIAL('STEEL/S275');
#1129= IFCCARTESIANPOINT((1.63709046319127E-10,-5.,105.000000000007));
#1130= IFCCARTESIANPOINT((1.63709046319127E-10,5.,105.000000000007));
#1131= IFCPOLYLOOP((#905,#1129,#1130,#908));
#1132= IFCFACEOUTERBOUND(#1131,.T.);
#1133= IFCFACE((#1132));
#1134= IFCCARTESIANPOINT((130.000000000164,-5.,105.000000000269));
#1135= IFCCARTESIANPOINT((130.000000000164,5.,105.000000000269));
#1136= IFCPOLYLOOP((#1129,#1134,#1135,#1130));
#1137= IFCFACEOUTERBOUND(#1136,.T.);
#1138= IFCFACE((#1137));
#1139= IFCPOLYLOOP((#1134,#997,#998,#1135));
#1140= IFCFACEOUTERBOUND(#1139,.T.);
#1141= IFCFACE((#1140));
#1142= IFCPOLYLOOP((#1135,#998,#1003,#1008,#1013,#1018,#1023,#1028,#1033,#1038,#1043,#1048,#1053,#1058,#1063,#1068,#1073,#1078,#908,#1130));
#1143= IFCFACEOUTERBOUND(#1142,.T.);
#1144= IFCFACE((#1143));
#1145= IFCPOLYLOOP((#1077,#1072,#1067,#1062,#1057,#1052,#1047,#1042,#1037,#1032,#1027,#1022,#1017,#1012,#1007,#1002,#997,#1134,#1129,#905));
#1146= IFCFACEOUTERBOUND(#1145,.T.);
#1147= IFCFACE((#1146));
#1148= IFCCLOSEDSHELL((#1133,#1138,#1141,#1006,#1011,#1016,#1021,#1026,#1031,#1036,#1041,#1046,#1051,#1056,#1061,#1066,#1071,#1076,#1081,#1084,#1144,#1147));
#1149= IFCFACETEDBREP(#1148);
#1150= IFCSTYLEDITEM(#1149,(#904),$);
#1151= IFCSHAPEREPRESENTATION(#12,'Body','Brep',(#1149));
#1152= IFCPRODUCTDEFINITIONSHAPE($,$,(#1151));
#1153= IFCCARTESIANPOINT((57159.846446436,24112.992438524,16755.0007692249));
#1154= IFCAXIS2PLACEMENT3D(#1153,#7,#1097);
#1155= IFCLOCALPLACEMENT(#42,#1154);
#1156= IFCPLATE('1kRblsMbTBEg67790a$sw5',#276,'PLATE-10','PL10*105',$,#1155,#1152,'ID6e6e5bf6-5a57-4b3a-a187-1c9024ff6e85');
#1157= IFCPLATETYPE('3Zttsb6IHAwOv8cyKb32gh',#5,'PL10*105',$,$,$,$,$,$,.NOTDEFINED.);
#1158= IFCPROPERTYSINGLEVALUE('Preliminary mark',$,IFCLABEL('5-2-P99'),$);
#1159= IFCPROPERTYSET('0c5H$Z8tbC29DlKNnxFDoq',#5,'Tekla Common','Common Properties to Shared building elements',(#1102,#1103,#1104,#1158,#1106,#1107));
#1160= IFCPROPERTYSINGLEVALUE('Weight',$,IFCMASSMEASURE(1.02),$);
#1161= IFCPROPERTYSINGLEVALUE('Area per tons',$,IFCAREAMEASURE(29.905),$);
#1162= IFCPROPERTYSINGLEVALUE('Net surface area',$,IFCAREAMEASURE(0.031),$);
#1163= IFCPROPERTYSINGLEVALUE('Height',$,IFCLENGTHMEASURE(105.),$);
#1164= IFCPROPERTYSET('2F$BlAGFz9x9CPt9GdGjI5',#5,'Tekla Quantity','Quantity Properties to Shared building elements',(#1160,#1110,#1111,#1161,#1162,#1163,#1115,#1116));
#1165= IFCPROPERTYSINGLEVALUE('Reference',$,IFCIDENTIFIER('5-2-P99'),$);
#1166= IFCPROPERTYSET('1VyljNSE1BFhQDsYuq1j5w',#5,'Pset_PlateCommon','Common Properties to plate elements',(#1118,#1165));
#1167= IFCQUANTITYLENGTH('Width',$,$,105.);
#1168= IFCQUANTITYAREA('NetArea',$,$,0.030578731637206);
#1169= IFCQUANTITYAREA('GrossArea',$,$,0.01365);
#1170= IFCQUANTITYVOLUME('NetVolume',$,$,0.000130257109695484);
#1171= IFCQUANTITYVOLUME('GrossVolume',$,$,0.000130257109695484);
#1172= IFCELEMENTQUANTITY('0Zg2vX6Ub15ROeDASACo4R',#5,'BaseQuantities',$,$,(#1167,#1168,#1169,#1124,#1170,#1171));
#1173= IFCSHAPEREPRESENTATION(#12,'Body','Brep',(#1149));
#1174= IFCPRODUCTDEFINITIONSHAPE($,$,(#1173));
#1175= IFCCARTESIANPOINT((57019.8409532719,24112.9924229828,16755.0007692249));
#1176= IFCAXIS2PLACEMENT3D(#1175,#828,#1097);
#1177= IFCLOCALPLACEMENT(#42,#1176);
#1178= IFCPLATE('0X3v4XjED0mhHKyA8tvRdB',#276,'PLATE-10','PL10*105',$,#1177,#1174,'ID210f9121-b4e3-40c2-b454-f0a237e5b9cb');
#1179= IFCCARTESIANPOINT((-3.63797880709171E-12,-5.00000000000728,110.));
#1180= IFCCARTESIANPOINT((-1.81898940354586E-11,4.99999999999272,110.));
#1181= IFCPOLYLOOP((#905,#1179,#1180,#908));
#1182= IFCFACEOUTERBOUND(#1181,.T.);
#1183= IFCFACE((#1182));
#1184= IFCCARTESIANPOINT((50.0000000000036,-5.00000000010914,110.));
#1185= IFCCARTESIANPOINT((49.9999999999854,4.99999999989086,110.));
#1186= IFCPOLYLOOP((#1179,#1184,#1185,#1180));
#1187= IFCFACEOUTERBOUND(#1186,.T.);
#1188= IFCFACE((#1187));
#1189= IFCCARTESIANPOINT((130.000000000004,-5.00000000026921,60.));
#1190= IFCCARTESIANPOINT((129.999999999985,4.99999999973079,60.));
#1191= IFCPOLYLOOP((#1184,#1189,#1190,#1185));
#1192= IFCFACEOUTERBOUND(#1191,.T.);
#1193= IFCFACE((#1192));
#1194= IFCCARTESIANPOINT((130.000000000004,-5.00000000026921,0.));
#1195= IFCCARTESIANPOINT((129.999999999985,4.99999999973079,0.));
#1196= IFCPOLYLOOP((#1189,#1194,#1195,#1190));
#1197= IFCFACEOUTERBOUND(#1196,.T.);
#1198= IFCFACE((#1197));
#1199= IFCPOLYLOOP((#1194,#1042,#1043,#1195));
#1200= IFCFACEOUTERBOUND(#1199,.T.);
#1201= IFCFACE((#1200));
#1202= IFCPOLYLOOP((#1185,#1190,#1195,#1043,#1048,#1053,#1058,#1063,#1068,#1073,#1078,#908,#1180));
#1203= IFCFACEOUTERBOUND(#1202,.T.);
#1204= IFCFACE((#1203));
#1205= IFCPOLYLOOP((#1077,#1072,#1067,#1062,#1057,#1052,#1047,#1042,#1194,#1189,#1184,#1179,#905));
#1206= IFCFACEOUTERBOUND(#1205,.T.);
#1207= IFCFACE((#1206));
#1208= IFCCLOSEDSHELL((#1183,#1188,#1193,#1198,#1201,#1051,#1056,#1061,#1066,#1071,#1076,#1081,#1084,#1204,#1207));
#1209= IFCFACETEDBREP(#1208);
#1210= IFCSTYLEDITEM(#1209,(#904),$);
#1211= IFCSHAPEREPRESENTATION(#12,'Body','Brep',(#1209));
#1212= IFCPRODUCTDEFINITIONSHAPE($,$,(#1211));
#1213= IFCCARTESIANPOINT((57154.8409532719,24112.9924379683,16630.0007692249));
#1214= IFCAXIS2PLACEMENT3D(#1213,#829,#1097);
#1215= IFCLOCALPLACEMENT(#42,#1214);
#1216= IFCPLATE('2ZXs$94vT4lQLoE1TmB5x$',#413,'PLATE-10','PL10*110',$,#1215,#1212,'IDa3876fc9-1397-44bd-a572-3817702c5eff');
#1217= IFCPLATETYPE('0A2Z0V2y53t8khCy1A76nY',#5,'PL10*110',$,$,$,$,$,$,.NOTDEFINED.);
#1218= IFCPROPERTYSINGLEVALUE('Bottom elevation',$,IFCLABEL(' +16.520'),$);
#1219= IFCPROPERTYSINGLEVALUE('Top elevation',$,IFCLABEL(' +16.630'),$);
#1220= IFCPROPERTYSINGLEVALUE('Preliminary mark',$,IFCLABEL('5-2-P98'),$);
#1221= IFCPROPERTYSET('300TYW681FwBI7EMP0yDWg',#5,'Tekla Common','Common Properties to Shared building elements',(#1218,#1219,#1104,#1220,#1106,#1107));
#1222= IFCPROPERTYSINGLEVALUE('Weight',$,IFCMASSMEASURE(0.94),$);
#1223= IFCPROPERTYSINGLEVALUE('Gross footprint area',$,IFCAREAMEASURE(0.001),$);
#1224= IFCPROPERTYSINGLEVALUE('Area per tons',$,IFCAREAMEASURE(30.108),$);
#1225= IFCPROPERTYSINGLEVALUE('Net surface area',$,IFCAREAMEASURE(0.028),$);
#1226= IFCPROPERTYSINGLEVALUE('Height',$,IFCLENGTHMEASURE(110.),$);
#1227= IFCPROPERTYSET('1zbvb3$m5BseUVZGChdlde',#5,'Tekla Quantity','Quantity Properties to Shared building elements',(#1222,#1110,#1223,#1224,#1225,#1226,#1115,#1116));
#1228= IFCPROPERTYSINGLEVALUE('Reference',$,IFCIDENTIFIER('5-2-P98'),$);
#1229= IFCPROPERTYSET('1uQx4kKWnDZufi7TuImRSl',#5,'Pset_PlateCommon','Common Properties to plate elements',(#1118,#1228));
#1230= IFCQUANTITYLENGTH('Width',$,$,110.);
#1231= IFCQUANTITYAREA('NetArea',$,$,0.0283327639318093);
#1232= IFCQUANTITYAREA('GrossArea',$,$,0.0143000000000006);
#1233= IFCQUANTITYVOLUME('NetVolume',$,$,0.000119878554847745);
#1234= IFCQUANTITYVOLUME('GrossVolume',$,$,0.000119878554847745);
#1235= IFCELEMENTQUANTITY('3D1XbkoNHF$8SZk_c4z3qD',#5,'BaseQuantities',$,$,(#1230,#1231,#1232,#1124,#1233,#1234));
#1236= IFCSHAPEREPRESENTATION(#12,'Body','Brep',(#1209));
#1237= IFCPRODUCTDEFINITIONSHAPE($,$,(#1236));
#1238= IFCCARTESIANPOINT((57024.8409532719,24112.9924235378,16630.0007692249));
#1239= IFCAXIS2PLACEMENT3D(#1238,#829,#1097);
#1240= IFCLOCALPLACEMENT(#42,#1239);
#1241= IFCPLATE('2jVnsXY2z8g9uC32tDxJEV',#413,'PLATE-10','PL10*110',$,#1240,#1237,'IDad7f1da1-882f-48a8-9e0c-0c2dcded339f');
#1242= IFCCARTESIANPOINT((0.,-5.00000000000728,0.));
#1243= IFCCARTESIANPOINT((-3.63797880709171E-12,-5.00000000000728,90.));
#1244= IFCCARTESIANPOINT((-1.81898940354586E-11,4.99999999999272,90.));
#1245= IFCCARTESIANPOINT((-1.45519152283669E-11,4.99999999999272,0.));
#1246= IFCPOLYLOOP((#1242,#1243,#1244,#1245));
#1247= IFCFACEOUTERBOUND(#1246,.T.);
#1248= IFCFACE((#1247));
#1249= IFCCARTESIANPOINT((3.90180644031716,-5.00000000001455,90.3842943919371));
#1250= IFCCARTESIANPOINT((3.90180644030261,4.99999999998545,90.3842943919371));
#1251= IFCPOLYLOOP((#1243,#1249,#1250,#1244));
#1252= IFCFACEOUTERBOUND(#1251,.T.);
#1253= IFCFACE((#1252));
#1254= IFCCARTESIANPOINT((7.65366864729731,-5.00000000002183,91.5224093497745));
#1255= IFCCARTESIANPOINT((7.65366864728276,4.99999999997817,91.5224093497745));
#1256= IFCPOLYLOOP((#1249,#1254,#1255,#1250));
#1257= IFCFACEOUTERBOUND(#1256,.T.);
#1258= IFCFACE((#1257));
#1259= IFCCARTESIANPOINT((11.1114046603871,-5.00000000003638,93.37060775395));
#1260= IFCCARTESIANPOINT((11.1114046603725,4.99999999996362,93.37060775395));
#1261= IFCPOLYLOOP((#1254,#1259,#1260,#1255));
#1262= IFCFACEOUTERBOUND(#1261,.T.);
#1263= IFCFACE((#1262));
#1264= IFCCARTESIANPOINT((14.1421356237261,-5.00000000003638,95.8578643762703));
#1265= IFCCARTESIANPOINT((14.1421356237115,4.99999999996362,95.8578643762703));
#1266= IFCPOLYLOOP((#1259,#1264,#1265,#1260));
#1267= IFCFACEOUTERBOUND(#1266,.T.);
#1268= IFCFACE((#1267));
#1269= IFCCARTESIANPOINT((16.6293922460463,-5.00000000004366,98.8885953396093));
#1270= IFCCARTESIANPOINT((16.6293922460318,4.99999999995634,98.8885953396093));
#1271= IFCPOLYLOOP((#1264,#1269,#1270,#1265));
#1272= IFCFACEOUTERBOUND(#1271,.T.);
#1273= IFCFACE((#1272));
#1274= IFCCARTESIANPOINT((18.4775906502218,-5.00000000004366,102.346331352699));
#1275= IFCCARTESIANPOINT((18.4775906502073,4.99999999995634,102.346331352699));
#1276= IFCPOLYLOOP((#1269,#1274,#1275,#1270));
#1277= IFCFACEOUTERBOUND(#1276,.T.);
#1278= IFCFACE((#1277));
#1279= IFCCARTESIANPOINT((19.6157056080592,-5.00000000004366,106.098193559679));
#1280= IFCCARTESIANPOINT((19.6157056080447,4.99999999995634,106.098193559679));
#1281= IFCPOLYLOOP((#1274,#1279,#1280,#1275));
#1282= IFCFACEOUTERBOUND(#1281,.T.);
#1283= IFCFACE((#1282));
#1284= IFCCARTESIANPOINT((19.9999999999964,-5.00000000005093,110.));
#1285= IFCCARTESIANPOINT((19.9999999999818,4.99999999994907,110.));
#1286= IFCPOLYLOOP((#1279,#1284,#1285,#1280));
#1287= IFCFACEOUTERBOUND(#1286,.T.);
#1288= IFCFACE((#1287));
#1289= IFCCARTESIANPOINT((130.000000000004,-5.00000000026921,110.));
#1290= IFCCARTESIANPOINT((129.999999999985,4.99999999973079,110.));
#1291= IFCPOLYLOOP((#1284,#1289,#1290,#1285));
#1292= IFCFACEOUTERBOUND(#1291,.T.);
#1293= IFCFACE((#1292));
#1294= IFCCARTESIANPOINT((130.000000000004,-5.00000000026921,50.));
#1295= IFCCARTESIANPOINT((129.999999999985,4.99999999973079,50.));
#1296= IFCPOLYLOOP((#1289,#1294,#1295,#1290));
#1297= IFCFACEOUTERBOUND(#1296,.T.);
#1298= IFCFACE((#1297));
#1299= IFCCARTESIANPOINT((50.0000000000036,-5.00000000010914,0.));
#1300= IFCCARTESIANPOINT((49.9999999999854,4.99999999989086,0.));
#1301= IFCPOLYLOOP((#1294,#1299,#1300,#1295));
#1302= IFCFACEOUTERBOUND(#1301,.T.);
#1303= IFCFACE((#1302));
#1304= IFCPOLYLOOP((#1299,#1242,#1245,#1300));
#1305= IFCFACEOUTERBOUND(#1304,.T.);
#1306= IFCFACE((#1305));
#1307= IFCPOLYLOOP((#1250,#1255,#1260,#1265,#1270,#1275,#1280,#1285,#1290,#1295,#1300,#1245,#1244));
#1308= IFCFACEOUTERBOUND(#1307,.T.);
#1309= IFCFACE((#1308));
#1310= IFCPOLYLOOP((#1299,#1294,#1289,#1284,#1279,#1274,#1269,#1264,#1259,#1254,#1249,#1243,#1242));
#1311= IFCFACEOUTERBOUND(#1310,.T.);
#1312= IFCFACE((#1311));
#1313= IFCCLOSEDSHELL((#1248,#1253,#1258,#1263,#1268,#1273,#1278,#1283,#1288,#1293,#1298,#1303,#1306,#1309,#1312));
#1314= IFCFACETEDBREP(#1313);
#1315= IFCSTYLEDITEM(#1314,(#904),$);
#1316= IFCSHAPEREPRESENTATION(#12,'Body','Brep',(#1314));
#1317= IFCPRODUCTDEFINITIONSHAPE($,$,(#1316));
#1318= IFCCARTESIANPOINT((57154.8409532719,24112.9924379683,16990.0007692249));
#1319= IFCAXIS2PLACEMENT3D(#1318,#829,#1097);
#1320= IFCLOCALPLACEMENT(#42,#1319);
#1321= IFCPLATE('02891YyMf1EQF_vTNbE8NQ',#413,'PLATE-10','PL10*110',$,#1320,#1317,'ID02209062-f16a-4139-a3fe-e5d5e53885da');
#1322= IFCPROPERTYSINGLEVALUE('Bottom elevation',$,IFCLABEL(' +16.880'),$);
#1323= IFCPROPERTYSINGLEVALUE('Top elevation',$,IFCLABEL(' +16.990'),$);
#1324= IFCPROPERTYSET('0zWF1lg2zEGfQplA8yC8Al',#5,'Tekla Common','Common Properties to Shared building elements',(#1322,#1323,#1104,#1220,#1106,#1107));
#1325= IFCQUANTITYAREA('NetArea',$,$,0.0283327639318093);
#1326= IFCQUANTITYAREA('GrossArea',$,$,0.0143000000000005);
#1327= IFCQUANTITYVOLUME('NetVolume',$,$,0.000119878554847745);
#1328= IFCQUANTITYVOLUME('GrossVolume',$,$,0.000119878554847745);
#1329= IFCELEMENTQUANTITY('16Gxl7XgXBYBwyVSAMm3JA',#5,'BaseQuantities',$,$,(#1230,#1325,#1326,#1124,#1327,#1328));
#1330= IFCSHAPEREPRESENTATION(#12,'Body','Brep',(#1314));
#1331= IFCPRODUCTDEFINITIONSHAPE($,$,(#1330));
#1332= IFCCARTESIANPOINT((57024.8409532719,24112.9924235378,16990.0007692249));
#1333= IFCAXIS2PLACEMENT3D(#1332,#829,#1097);
#1334= IFCLOCALPLACEMENT(#42,#1333);
#1335= IFCPLATE('3QlwPO0_v8aRQA940cf6vG',#413,'PLATE-10','PL10*110',$,#1334,#1331,'IDdabfa658-03ee-4891-b68a-244026a46e50');
#1336= IFCCARTESIANPOINT((350.000000000247,-5.,120.000000000568));
#1337= IFCCARTESIANPOINT((350.000000000269,5.,130.000000000568));
#1338= IFCCARTESIANPOINT((2.61934474110603E-10,5.,129.999999999996));
#1339= IFCCARTESIANPOINT((2.40106601268053E-10,-5.,119.999999999996));
#1340= IFCPOLYLOOP((#1336,#1337,#1338,#1339));
#1341= IFCFACEOUTERBOUND(#1340,.T.);
#1342= IFCFACE((#1341));
#1343= IFCCARTESIANPOINT((350.000000000007,5.,5.71162672713399E-10));
#1344= IFCCARTESIANPOINT((350.000000000022,-5.,10.0000000005712));
#1345= IFCCARTESIANPOINT((2.18278728425503E-11,-5.,9.99999999999636));
#1346= IFCPOLYLOOP((#1343,#1344,#1345,#1245));
#1347= IFCFACEOUTERBOUND(#1346,.T.);
#1348= IFCFACE((#1347));
#1349= IFCPOLYLOOP((#1245,#1345,#1339,#1338));
#1350= IFCFACEOUTERBOUND(#1349,.T.);
#1351= IFCFACE((#1350));
#1352= IFCPOLYLOOP((#1344,#1343,#1337,#1336));
#1353= IFCFACEOUTERBOUND(#1352,.T.);
#1354= IFCFACE((#1353));
#1355= IFCPOLYLOOP((#1337,#1343,#1245,#1338));
#1356= IFCFACEOUTERBOUND(#1355,.T.);
#1357= IFCFACE((#1356));
#1358= IFCPOLYLOOP((#1345,#1344,#1336,#1339));
#1359= IFCFACEOUTERBOUND(#1358,.T.);
#1360= IFCFACE((#1359));
#1361= IFCCLOSEDSHELL((#1342,#1348,#1351,#1354,#1357,#1360));
#1362= IFCFACETEDBREP(#1361);
#1363= IFCSTYLEDITEM(#1362,(#904),$);
#1364= IFCSHAPEREPRESENTATION(#12,'Body','Brep',(#1362));
#1365= IFCPRODUCTDEFINITIONSHAPE($,$,(#1364));
#1366= IFCCARTESIANPOINT((56914.8409532719,24112.9924113274,16635.0007692249));
#1367= IFCAXIS2PLACEMENT3D(#1366,#1097,#7);
#1368= IFCLOCALPLACEMENT(#42,#1367);
#1369= IFCPLATE('1rmRHyhxf02hHYAEm7OhsG',#276,'PLATE-10','PL10*130',$,#1368,#1365,'ID75c1b47c-afba-400a-b462-28ec0762bd90');
#1370= IFCPLATETYPE('0lqesXB21738ZwUnnGpVfj',#5,'PL10*130',$,$,$,$,$,$,.NOTDEFINED.);
#1371= IFCPROPERTYSINGLEVALUE('Bottom elevation',$,IFCLABEL(' +16.630'),$);
#1372= IFCPROPERTYSINGLEVALUE('Top elevation',$,IFCLABEL(' +16.640'),$);
#1373= IFCPROPERTYSINGLEVALUE('Preliminary mark',$,IFCLABEL('5-2-P103'),$);
#1374= IFCPROPERTYSET('1waH8ZPEXBseNI9Y_YFyA1',#5,'Tekla Common','Common Properties to Shared building elements',(#1371,#1372,#1104,#1373,#1106,#1107));
#1375= IFCPROPERTYSINGLEVALUE('Weight',$,IFCMASSMEASURE(3.3),$);
#1376= IFCPROPERTYSINGLEVALUE('Gross footprint area',$,IFCAREAMEASURE(0.046),$);
#1377= IFCPROPERTYSINGLEVALUE('Area per tons',$,IFCAREAMEASURE(29.208),$);
#1378= IFCPROPERTYSINGLEVALUE('Net surface area',$,IFCAREAMEASURE(0.096),$);
#1379= IFCPROPERTYSINGLEVALUE('Height',$,IFCLENGTHMEASURE(130.),$);
#1380= IFCPROPERTYSINGLEVALUE('Length',$,IFCLENGTHMEASURE(350.),$);
#1381= IFCPROPERTYSET('3WpfkcjmDAMhhKpaptxIsu',#5,'Tekla Quantity','Quantity Properties to Shared building elements',(#1375,#1110,#1376,#1377,#1378,#1379,#1115,#1380));
#1382= IFCPROPERTYSINGLEVALUE('Reference',$,IFCIDENTIFIER('5-2-P103'),$);
#1383= IFCPROPERTYSET('0THZXTD9X4JeyFvMDwsmVS',#5,'Pset_PlateCommon','Common Properties to plate elements',(#1118,#1382));
#1384= IFCQUANTITYLENGTH('Width',$,$,130.);
#1385= IFCQUANTITYAREA('NetArea',$,$,0.0962994949366113);
#1386= IFCQUANTITYAREA('GrossArea',$,$,0.0455000000000003);
#1387= IFCQUANTITYVOLUME('NetVolume',$,$,0.000419999999999998);
#1388= IFCQUANTITYVOLUME('GrossVolume',$,$,0.000454999999999998);
#1389= IFCELEMENTQUANTITY('3HcnJSkhj7rO3waTL_u9w8',#5,'BaseQuantities',$,$,(#1384,#1385,#1386,#1124,#1387,#1388));
#1390= IFCCARTESIANPOINT((350.000000000022,5.,10.0000000005712));
#1391= IFCCARTESIANPOINT((350.000000000007,-5.,5.71162672713399E-10));
#1392= IFCCARTESIANPOINT((2.18278728425503E-11,5.,9.99999999999636));
#1393= IFCPOLYLOOP((#1390,#1391,#1242,#1392));
#1394= IFCFACEOUTERBOUND(#1393,.T.);
#1395= IFCFACE((#1394));
#1396= IFCCARTESIANPOINT((350.000000000269,-5.,130.000000000568));
#1397= IFCCARTESIANPOINT((350.000000000247,5.,120.000000000568));
#1398= IFCCARTESIANPOINT((2.40106601268053E-10,5.,119.999999999996));
#1399= IFCCARTESIANPOINT((2.61934474110603E-10,-5.,129.999999999996));
#1400= IFCPOLYLOOP((#1396,#1397,#1398,#1399));
#1401= IFCFACEOUTERBOUND(#1400,.T.);
#1402= IFCFACE((#1401));
#1403= IFCPOLYLOOP((#1399,#1398,#1392,#1242));
#1404= IFCFACEOUTERBOUND(#1403,.T.);
#1405= IFCFACE((#1404));
#1406= IFCPOLYLOOP((#1397,#1396,#1391,#1390));
#1407= IFCFACEOUTERBOUND(#1406,.T.);
#1408= IFCFACE((#1407));
#1409= IFCPOLYLOOP((#1398,#1397,#1390,#1392));
#1410= IFCFACEOUTERBOUND(#1409,.T.);
#1411= IFCFACE((#1410));
#1412= IFCPOLYLOOP((#1391,#1396,#1399,#1242));
#1413= IFCFACEOUTERBOUND(#1412,.T.);
#1414= IFCFACE((#1413));
#1415= IFCCLOSEDSHELL((#1395,#1402,#1405,#1408,#1411,#1414));
#1416= IFCFACETEDBREP(#1415);
#1417= IFCSTYLEDITEM(#1416,(#904),$);
#1418= IFCSHAPEREPRESENTATION(#12,'Body','Brep',(#1416));
#1419= IFCPRODUCTDEFINITIONSHAPE($,$,(#1418));
#1420= IFCCARTESIANPOINT((56914.8409532719,24112.9924113274,16875.0007692249));
#1421= IFCAXIS2PLACEMENT3D(#1420,#1097,#7);
#1422= IFCLOCALPLACEMENT(#42,#1421);
#1423= IFCPLATE('13PYTSbgD47Pzt25_YLvPJ',#276,'PLATE-10','PL10*130',$,#1422,#1419,'ID4366275c-96a3-441d-9f77-085fa2579653');
#1424= IFCPROPERTYSINGLEVALUE('Bottom elevation',$,IFCLABEL(' +16.870'),$);
#1425= IFCPROPERTYSINGLEVALUE('Top elevation',$,IFCLABEL(' +16.880'),$);
#1426= IFCPROPERTYSET('1P2e8R2U99Z9ftq146OJzG',#5,'Tekla Common','Common Properties to Shared building elements',(#1424,#1425,#1104,#1373,#1106,#1107));
#1427= IFCOWNERHISTORY(#3,#4,$,.NOCHANGE.,$,$,$,1770843600);
#1428= IFCCARTESIANPOINT((3.90180644031716,0.901806440306245,19.6157056080629));
#1429= IFCCARTESIANPOINT((0.,-3.00000000000728,20.));
#1430= IFCCARTESIANPOINT((0.,-3.00000000000728,210.));
#1431= IFCCARTESIANPOINT((3.90180644031716,0.901806440306245,210.384294391937));
#1432= IFCCARTESIANPOINT((7.65366864728639,4.65366864727548,211.522409349775));
#1433= IFCCARTESIANPOINT((7.99999999998545,4.99999999997817,211.70752731452));
#1434= IFCCARTESIANPOINT((7.99999999998545,4.99999999997817,18.2924726854799));
#1435= IFCCARTESIANPOINT((7.65366864728639,4.65366864727548,18.4775906502255));
#1436= IFCPOLYLOOP((#1428,#1429,#1430,#1431,#1432,#1433,#1434,#1435));
#1437= IFCFACEOUTERBOUND(#1436,.T.);
#1438= IFCFACE((#1437));
#1439= IFCCARTESIANPOINT((0.,-5.00000000000728,210.));
#1440= IFCPOLYLOOP((#905,#1439,#1430,#1429));
#1441= IFCFACEOUTERBOUND(#1440,.T.);
#1442= IFCFACE((#1441));
#1443= IFCCARTESIANPOINT((3.9018064403208,-5.00000000001455,210.384294391937));
#1444= IFCPOLYLOOP((#1439,#1443,#1431,#1430));
#1445= IFCFACEOUTERBOUND(#1444,.T.);
#1446= IFCFACE((#1445));
#1447= IFCCARTESIANPOINT((7.65366864730095,-5.00000000002183,211.522409349775));
#1448= IFCPOLYLOOP((#1443,#1447,#1432,#1431));
#1449= IFCFACEOUTERBOUND(#1448,.T.);
#1450= IFCFACE((#1449));
#1451= IFCCARTESIANPOINT((11.1114046603907,-5.0000000000291,213.37060775395));
#1452= IFCCARTESIANPOINT((11.1114046603761,4.9999999999709,213.37060775395));
#1453= IFCPOLYLOOP((#1447,#1451,#1452,#1433,#1432));
#1454= IFCFACEOUTERBOUND(#1453,.T.);
#1455= IFCFACE((#1454));
#1456= IFCCARTESIANPOINT((14.1421356237297,-5.0000000000291,215.85786437627));
#1457= IFCCARTESIANPOINT((14.1421356237151,4.9999999999709,215.85786437627));
#1458= IFCPOLYLOOP((#1451,#1456,#1457,#1452));
#1459= IFCFACEOUTERBOUND(#1458,.T.);
#1460= IFCFACE((#1459));
#1461= IFCCARTESIANPOINT((16.62939224605,-5.00000000004366,218.888595339609));
#1462= IFCCARTESIANPOINT((16.6293922460354,4.99999999995634,218.888595339609));
#1463= IFCPOLYLOOP((#1456,#1461,#1462,#1457));
#1464= IFCFACEOUTERBOUND(#1463,.T.);
#1465= IFCFACE((#1464));
#1466= IFCCARTESIANPOINT((18.4775906502255,-5.00000000004366,222.346331352699));
#1467= IFCCARTESIANPOINT((18.4775906502109,4.99999999995634,222.346331352699));
#1468= IFCPOLYLOOP((#1461,#1466,#1467,#1462));
#1469= IFCFACEOUTERBOUND(#1468,.T.);
#1470= IFCFACE((#1469));
#1471= IFCCARTESIANPOINT((19.6157056080629,-5.00000000004366,226.098193559679));
#1472= IFCCARTESIANPOINT((19.6157056080483,4.99999999995634,226.098193559679));
#1473= IFCPOLYLOOP((#1466,#1471,#1472,#1467));
#1474= IFCFACEOUTERBOUND(#1473,.T.);
#1475= IFCFACE((#1474));
#1476= IFCCARTESIANPOINT((20.,-5.00000000005093,230.));
#1477= IFCCARTESIANPOINT((19.9999999999854,4.99999999995634,230.));
#1478= IFCPOLYLOOP((#1471,#1476,#1477,#1472));
#1479= IFCFACEOUTERBOUND(#1478,.T.);
#1480= IFCFACE((#1479));
#1481= IFCCARTESIANPOINT((109.999999999494,-5.00000000022555,230.));
#1482= IFCCARTESIANPOINT((109.999999999476,4.99999999977445,230.));
#1483= IFCPOLYLOOP((#1476,#1481,#1482,#1477));
#1484= IFCFACEOUTERBOUND(#1483,.T.);
#1485= IFCFACE((#1484));
#1486= IFCCARTESIANPOINT((110.384294391431,-5.00000000023283,226.098193559679));
#1487= IFCCARTESIANPOINT((110.384294391413,4.99999999976717,226.098193559679));
#1488= IFCPOLYLOOP((#1481,#1486,#1487,#1482));
#1489= IFCFACEOUTERBOUND(#1488,.T.);
#1490= IFCFACE((#1489));
#1491= IFCCARTESIANPOINT((111.522409349269,-5.00000000023283,222.346331352699));
#1492= IFCCARTESIANPOINT((111.522409349251,4.99999999976717,222.346331352699));
#1493= IFCPOLYLOOP((#1486,#1491,#1492,#1487));
#1494= IFCFACEOUTERBOUND(#1493,.T.);
#1495= IFCFACE((#1494));
#1496= IFCCARTESIANPOINT((113.370607753444,-5.00000000023283,218.888595339609));
#1497= IFCCARTESIANPOINT((113.370607753426,4.99999999976717,218.888595339609));
#1498= IFCPOLYLOOP((#1491,#1496,#1497,#1492));
#1499= IFCFACEOUTERBOUND(#1498,.T.);
#1500= IFCFACE((#1499));
#1501= IFCCARTESIANPOINT((115.857864375765,-5.00000000024011,215.85786437627));
#1502= IFCCARTESIANPOINT((115.857864375746,4.99999999975989,215.85786437627));
#1503= IFCPOLYLOOP((#1496,#1501,#1502,#1497));
#1504= IFCFACEOUTERBOUND(#1503,.T.);
#1505= IFCFACE((#1504));
#1506= IFCCARTESIANPOINT((118.888595339104,-5.00000000024011,213.37060775395));
#1507= IFCCARTESIANPOINT((118.888595339085,4.99999999975989,213.37060775395));
#1508= IFCPOLYLOOP((#1501,#1506,#1507,#1502));
#1509= IFCFACEOUTERBOUND(#1508,.T.);
#1510= IFCFACE((#1509));
#1511= IFCCARTESIANPOINT((122.346331352193,-5.00000000025466,211.522409349775));
#1512= IFCCARTESIANPOINT((122.346331352175,4.99999999974534,211.522409349775));
#1513= IFCPOLYLOOP((#1506,#1511,#1512,#1507));
#1514= IFCFACEOUTERBOUND(#1513,.T.);
#1515= IFCFACE((#1514));
#1516= IFCCARTESIANPOINT((126.098193559174,-5.00000000026193,210.384294391937));
#1517= IFCCARTESIANPOINT((126.098193559155,4.99999999973807,210.384294391937));
#1518= IFCPOLYLOOP((#1511,#1516,#1517,#1512));
#1519= IFCFACEOUTERBOUND(#1518,.T.);
#1520= IFCFACE((#1519));
#1521= IFCCARTESIANPOINT((129.999999999494,-5.00000000026921,210.));
#1522= IFCCARTESIANPOINT((129.999999999476,4.99999999973079,210.));
#1523= IFCPOLYLOOP((#1516,#1521,#1522,#1517));
#1524= IFCFACEOUTERBOUND(#1523,.T.);
#1525= IFCFACE((#1524));
#1526= IFCPOLYLOOP((#1521,#997,#998,#1522));
#1527= IFCFACEOUTERBOUND(#1526,.T.);
#1528= IFCFACE((#1527));
#1529= IFCPOLYLOOP((#1068,#1067,#1072,#1435,#1434));
#1530= IFCFACEOUTERBOUND(#1529,.T.);
#1531= IFCFACE((#1530));
#1532= IFCPOLYLOOP((#1072,#1077,#1428,#1435));
#1533= IFCFACEOUTERBOUND(#1532,.T.);
#1534= IFCFACE((#1533));
#1535= IFCPOLYLOOP((#1077,#905,#1429,#1428));
#1536= IFCFACEOUTERBOUND(#1535,.T.);
#1537= IFCFACE((#1536));
#1538= IFCPOLYLOOP((#1452,#1457,#1462,#1467,#1472,#1477,#1482,#1487,#1492,#1497,#1502,#1507,#1512,#1517,#1522,#998,#1003,#1008,#1013,#1018,#1023,#1028,#1033,#1038,#1043,#1048,#1053,#1058,#1063,#1068,#1434,#1433));
#1539= IFCFACEOUTERBOUND(#1538,.T.);
#1540= IFCFACE((#1539));
#1541= IFCPOLYLOOP((#1077,#1072,#1067,#1062,#1057,#1052,#1047,#1042,#1037,#1032,#1027,#1022,#1017,#1012,#1007,#1002,#997,#1521,#1516,#1511,#1506,#1501,#1496,#1491,#1486,#1481,#1476,#1471,#1466,#1461,#1456,#1451,#1447,#1443,#1439,#905));
#1542= IFCFACEOUTERBOUND(#1541,.T.);
#1543= IFCFACE((#1542));
#1544= IFCCLOSEDSHELL((#1438,#1442,#1446,#1450,#1455,#1460,#1465,#1470,#1475,#1480,#1485,#1490,#1495,#1500,#1505,#1510,#1515,#1520,#1525,#1528,#1006,#1011,#1016,#1021,#1026,#1031,#1036,#1041,#1046,#1051,#1056,#1061,#1066,#1071,#1531,#1534,#1537,#1540,#1543));
#1545= IFCFACETEDBREP(#1544);
#1546= IFCSTYLEDITEM(#1545,(#904),$);
#1547= IFCSHAPEREPRESENTATION(#12,'Body','Brep',(#1545));
#1548= IFCPRODUCTDEFINITIONSHAPE($,$,(#1547));
#1549= IFCCARTESIANPOINT((57024.8409532719,24112.9924235378,16870.0007692249));
#1550= IFCAXIS2PLACEMENT3D(#1549,#829,#1097);
#1551= IFCLOCALPLACEMENT(#42,#1550);
#1552= IFCPLATE('1ItIeLu551UgyoV2dJZoS9',#1427,'PLATE-10','PL10*130',$,#1551,#1548,'ID52dd2a15-e051-417a-af32-7c29d38f2709');
#1553= IFCPROPERTYSINGLEVALUE('Bottom elevation',$,IFCLABEL(' +16.640'),$);
#1554= IFCPROPERTYSINGLEVALUE('Top elevation',$,IFCLABEL(' +16.870'),$);
#1555= IFCPROPERTYSINGLEVALUE('Preliminary mark',$,IFCLABEL('5-2-P104'),$);
#1556= IFCPROPERTYSET('1jIw7ey85Bnhi$t1TwYf5s',#5,'Tekla Common','Common Properties to Shared building elements',(#1553,#1554,#1104,#1555,#1106,#1107));
#1557= IFCPROPERTYSINGLEVALUE('Weight',$,IFCMASSMEASURE(2.2),$);
#1558= IFCPROPERTYSINGLEVALUE('Area per tons',$,IFCAREAMEASURE(28.714),$);
#1559= IFCPROPERTYSINGLEVALUE('Net surface area',$,IFCAREAMEASURE(0.063),$);
#1560= IFCPROPERTYSINGLEVALUE('Length',$,IFCLENGTHMEASURE(230.),$);
#1561= IFCPROPERTYSET('2D6uNsHwX2IPJlv89L9523',#5,'Tekla Quantity','Quantity Properties to Shared building elements',(#1557,#1110,#1223,#1558,#1559,#1379,#1115,#1560));
#1562= IFCPROPERTYSINGLEVALUE('Reference',$,IFCIDENTIFIER('5-2-P104'),$);
#1563= IFCPROPERTYSET('2s1V80aKv2i9$dRt1bXXxg',#5,'Pset_PlateCommon','Common Properties to plate elements',(#1118,#1562));
#1564= IFCQUANTITYLENGTH('Width',$,$,129.9999999995);
#1565= IFCQUANTITYAREA('NetArea',$,$,0.0632061206816695);
#1566= IFCQUANTITYAREA('GrossArea',$,$,0.0298999999998849);
#1567= IFCQUANTITYVOLUME('NetVolume',$,$,0.000280412706930392);
#1568= IFCQUANTITYVOLUME('GrossVolume',$,$,0.000286514219396039);
#1569= IFCELEMENTQUANTITY('3Z9eUY_n19ku4IBjwSFAT4',#5,'BaseQuantities',$,$,(#1564,#1565,#1566,#1124,#1567,#1568));
#1570= IFCCARTESIANPOINT((7.65366864730095,-4.65366864732641,18.4775906502255));
#1571= IFCCARTESIANPOINT((8.,-5.00000000002183,18.2924726854799));
#1572= IFCCARTESIANPOINT((8.,-5.00000000002183,211.70752731452));
#1573= IFCCARTESIANPOINT((7.65366864730095,-4.65366864732641,211.522409349775));
#1574= IFCCARTESIANPOINT((3.90180644031716,-0.901806440335349,210.384294391937));
#1575= IFCCARTESIANPOINT((-1.09139364212751E-11,2.99999999999272,210.));
#1576= IFCCARTESIANPOINT((-1.09139364212751E-11,2.99999999999272,20.));
#1577= IFCCARTESIANPOINT((3.90180644031716,-0.901806440335349,19.6157056080629));
#1578= IFCPOLYLOOP((#1570,#1571,#1572,#1573,#1574,#1575,#1576,#1577));
#1579= IFCFACEOUTERBOUND(#1578,.T.);
#1580= IFCFACE((#1579));
#1581= IFCCARTESIANPOINT((-1.45519152283669E-11,4.99999999999272,210.));
#1582= IFCPOLYLOOP((#1581,#908,#1576,#1575));
#1583= IFCFACEOUTERBOUND(#1582,.T.);
#1584= IFCFACE((#1583));
#1585= IFCCARTESIANPOINT((3.90180644030625,4.99999999998545,210.384294391937));
#1586= IFCPOLYLOOP((#1585,#1581,#1575,#1574));
#1587= IFCFACEOUTERBOUND(#1586,.T.);
#1588= IFCFACE((#1587));
#1589= IFCCARTESIANPOINT((7.65366864728639,4.99999999997817,211.522409349775));
#1590= IFCPOLYLOOP((#1589,#1585,#1574,#1573));
#1591= IFCFACEOUTERBOUND(#1590,.T.);
#1592= IFCFACE((#1591));
#1593= IFCPOLYLOOP((#1451,#1452,#1589,#1573,#1572));
#1594= IFCFACEOUTERBOUND(#1593,.T.);
#1595= IFCFACE((#1594));
#1596= IFCPOLYLOOP((#1073,#1068,#1067,#1571,#1570));
#1597= IFCFACEOUTERBOUND(#1596,.T.);
#1598= IFCFACE((#1597));
#1599= IFCPOLYLOOP((#1078,#1073,#1570,#1577));
#1600= IFCFACEOUTERBOUND(#1599,.T.);
#1601= IFCFACE((#1600));
#1602= IFCPOLYLOOP((#908,#1078,#1577,#1576));
#1603= IFCFACEOUTERBOUND(#1602,.T.);
#1604= IFCFACE((#1603));
#1605= IFCPOLYLOOP((#1585,#1589,#1452,#1457,#1462,#1467,#1472,#1477,#1482,#1487,#1492,#1497,#1502,#1507,#1512,#1517,#1522,#998,#1003,#1008,#1013,#1018,#1023,#1028,#1033,#1038,#1043,#1048,#1053,#1058,#1063,#1068,#1073,#1078,#908,#1581));
#1606= IFCFACEOUTERBOUND(#1605,.T.);
#1607= IFCFACE((#1606));
#1608= IFCPOLYLOOP((#1067,#1062,#1057,#1052,#1047,#1042,#1037,#1032,#1027,#1022,#1017,#1012,#1007,#1002,#997,#1521,#1516,#1511,#1506,#1501,#1496,#1491,#1486,#1481,#1476,#1471,#1466,#1461,#1456,#1451,#1572,#1571));
#1609= IFCFACEOUTERBOUND(#1608,.T.);
#1610= IFCFACE((#1609));
#1611= IFCCLOSEDSHELL((#1580,#1584,#1588,#1592,#1595,#1460,#1465,#1470,#1475,#1480,#1485,#1490,#1495,#1500,#1505,#1510,#1515,#1520,#1525,#1528,#1006,#1011,#1016,#1021,#1026,#1031,#1036,#1041,#1046,#1051,#1056,#1061,#1066,#1071,#1598,#1601,#1604,#1607,#1610));
#1612= IFCFACETEDBREP(#1611);
#1613= IFCSTYLEDITEM(#1612,(#904),$);
#1614= IFCSHAPEREPRESENTATION(#12,'Body','Brep',(#1612));
#1615= IFCPRODUCTDEFINITIONSHAPE($,$,(#1614));
#1616= IFCCARTESIANPOINT((57154.8409532719,24112.9924379682,16870.0007692249));
#1617= IFCAXIS2PLACEMENT3D(#1616,#829,#1097);
#1618= IFCLOCALPLACEMENT(#42,#1617);
#1619= IFCPLATE('2vulc53gvBhBXxgSwZ9Fj4',#276,'PLATE-10','PL10*130',$,#1618,#1615,'IDb9e2f985-0eae-4bac-b87b-a9cea324fb44');
#1620= IFCQUANTITYLENGTH('Width',$,$,130.00000000004);
#1621= IFCQUANTITYAREA('NetArea',$,$,0.0632061206819144);
#1622= IFCQUANTITYAREA('GrossArea',$,$,0.0299000000000091);
#1623= IFCQUANTITYVOLUME('NetVolume',$,$,0.000280412706931566);
#1624= IFCELEMENTQUANTITY('11YdBokwTAIwxX0fW2UF30',#5,'BaseQuantities',$,$,(#1620,#1621,#1622,#1124,#1623,#1568));
#1625= IFCCOLOURRGB('Light Red',0.905882352941176,0.325490196078431,0.36078431372549);
#1626= IFCSURFACESTYLERENDERING(#1625,0.,$,$,$,$,IFCNORMALISEDRATIOMEASURE(0.00390625),IFCSPECULAREXPONENT(10.),.NOTDEFINED.);
#1627= IFCSURFACESTYLE('STEEL/S275',.POSITIVE.,(#1626));
#1628= IFCPRESENTATIONSTYLEASSIGNMENT((#1627));
#1629= IFCCARTESIANPOINT((-2.18278728425503E-11,-5.99999999999636,0.));
#1630= IFCCARTESIANPOINT((-2.18278728425503E-11,-5.99999999999636,250.));
#1631= IFCCARTESIANPOINT((7.27595761418343E-12,6.00000000000364,250.));
#1632= IFCCARTESIANPOINT((7.27595761418343E-12,6.00000000000364,0.));
#1633= IFCPOLYLOOP((#1629,#1630,#1631,#1632));
#1634= IFCFACEOUTERBOUND(#1633,.T.);
#1635= IFCFACE((#1634));
#1636= IFCCARTESIANPOINT((349.999999999985,-5.9999999994252,250.));
#1637= IFCCARTESIANPOINT((350.000000000007,6.0000000005748,250.));
#1638= IFCPOLYLOOP((#1630,#1636,#1637,#1631));
#1639= IFCFACEOUTERBOUND(#1638,.T.);
#1640= IFCFACE((#1639));
#1641= IFCCARTESIANPOINT((349.999999999985,-5.9999999994252,0.));
#1642= IFCCARTESIANPOINT((350.000000000007,6.0000000005748,0.));
#1643= IFCPOLYLOOP((#1636,#1641,#1642,#1637));
#1644= IFCFACEOUTERBOUND(#1643,.T.);
#1645= IFCFACE((#1644));
#1646= IFCPOLYLOOP((#1641,#1629,#1632,#1642));
#1647= IFCFACEOUTERBOUND(#1646,.T.);
#1648= IFCFACE((#1647));
#1649= IFCPOLYLOOP((#1637,#1642,#1632,#1631));
#1650= IFCFACEOUTERBOUND(#1649,.T.);
#1651= IFCFACE((#1650));
#1652= IFCPOLYLOOP((#1641,#1636,#1630,#1629));
#1653= IFCFACEOUTERBOUND(#1652,.T.);
#1654= IFCFACE((#1653));
#1655= IFCCLOSEDSHELL((#1635,#1640,#1645,#1648,#1651,#1654));
#1656= IFCFACETEDBREP(#1655);
#1657= IFCSTYLEDITEM(#1656,(#1628),$);
#1658= IFCSHAPEREPRESENTATION(#12,'Body','Brep',(#1656));
#1659= IFCPRODUCTDEFINITIONSHAPE($,$,(#1658));
#1660= IFCCARTESIANPOINT((57264.8409683675,23976.9924501787,16880.0007692249));
#1661= IFCAXIS2PLACEMENT3D(#1660,#829,#828);
#1662= IFCLOCALPLACEMENT(#42,#1661);
#1663= IFCPLATE('1sFGY4GTD5$xOKY8zz_0Qe',#160,'PLATE-12','PL12*250',$,#1662,#1659,'ID763d0884-41d3-45ff-b614-888f7df806a8');
#1664= IFCPLATETYPE('1KCtz3Rb18Pe5bU7Sxn$E4',#5,'PL12*250',$,$,$,$,$,$,.NOTDEFINED.);
#1665= IFCPROPERTYSINGLEVALUE('Preliminary mark',$,IFCLABEL('5-2-P28'),$);
#1666= IFCPROPERTYSINGLEVALUE('Class',$,IFCLABEL('16'),$);
#1667= IFCPROPERTYSET('2vXfwx_NTDWR3sC73LiJKn',#5,'Tekla Common','Common Properties to Shared building elements',(#1371,#1425,#1104,#1665,#1106,#1666));
#1668= IFCPROPERTYSINGLEVALUE('Weight',$,IFCMASSMEASURE(8.24),$);
#1669= IFCPROPERTYSINGLEVALUE('Volume',$,IFCVOLUMEMEASURE(0.001),$);
#1670= IFCPROPERTYSINGLEVALUE('Gross footprint area',$,IFCAREAMEASURE(0.004),$);
#1671= IFCPROPERTYSINGLEVALUE('Area per tons',$,IFCAREAMEASURE(22.978),$);
#1672= IFCPROPERTYSINGLEVALUE('Net surface area',$,IFCAREAMEASURE(0.189),$);
#1673= IFCPROPERTYSINGLEVALUE('Height',$,IFCLENGTHMEASURE(250.),$);
#1674= IFCPROPERTYSINGLEVALUE('Width',$,IFCLENGTHMEASURE(12.),$);
#1675= IFCPROPERTYSET('1_QmAs0qnCaefycGdIFoJF',#5,'Tekla Quantity','Quantity Properties to Shared building elements',(#1668,#1669,#1670,#1671,#1672,#1673,#1674,#1380));
#1676= IFCPROPERTYSINGLEVALUE('Reference',$,IFCIDENTIFIER('5-2-P28'),$);
#1677= IFCPROPERTYSET('2naDBQqDj1c8uflW7oDIKh',#5,'Pset_PlateCommon','Common Properties to plate elements',(#1118,#1676));
#1678= IFCQUANTITYLENGTH('Width',$,$,250.);
#1679= IFCQUANTITYAREA('NetArea',$,$,0.1894);
#1680= IFCQUANTITYAREA('GrossArea',$,$,0.0875000000000002);
#1681= IFCQUANTITYAREA('CrossSectionArea',$,$,0.000144);
#1682= IFCQUANTITYVOLUME('NetVolume',$,$,0.00105);
#1683= IFCQUANTITYVOLUME('GrossVolume',$,$,0.00105);
#1684= IFCELEMENTQUANTITY('04E0iZ24XB3eO7EShpjG7E',#5,'BaseQuantities',$,$,(#1678,#1679,#1680,#1681,#1682,#1683));
#1685= IFCCOLOURRGB('Light Blue',0.23921568627451,0.,0.63921568627451);
#1686= IFCSURFACESTYLERENDERING(#1685,0.,$,$,$,$,IFCNORMALISEDRATIOMEASURE(0.00390625),IFCSPECULAREXPONENT(10.),.NOTDEFINED.);
#1687= IFCSURFACESTYLE('STEEL/S275',.POSITIVE.,(#1686));
#1688= IFCPRESENTATIONSTYLEASSIGNMENT((#1687));
#1689= IFCCARTESIANPOINT((-2.18278728425503E-11,-10.,0.));
#1690= IFCCARTESIANPOINT((-2.18278728425503E-11,-10.,470.));
#1691= IFCCARTESIANPOINT((2.18278728425503E-11,9.99999999999636,470.));
#1692= IFCCARTESIANPOINT((2.18278728425503E-11,9.99999999999636,0.));
#1693= IFCPOLYLOOP((#1689,#1690,#1691,#1692));
#1694= IFCFACEOUTERBOUND(#1693,.T.);
#1695= IFCFACE((#1694));
#1696= IFCCARTESIANPOINT((349.999999999985,-9.99999999942884,470.));
#1697= IFCCARTESIANPOINT((350.000000000029,10.0000000005675,470.));
#1698= IFCPOLYLOOP((#1690,#1696,#1697,#1691));
#1699= IFCFACEOUTERBOUND(#1698,.T.);
#1700= IFCFACE((#1699));
#1701= IFCCARTESIANPOINT((349.999999999985,-9.99999999942884,0.));
#1702= IFCCARTESIANPOINT((350.000000000029,10.0000000005675,0.));
#1703= IFCPOLYLOOP((#1696,#1701,#1702,#1697));
#1704= IFCFACEOUTERBOUND(#1703,.T.);
#1705= IFCFACE((#1704));
#1706= IFCPOLYLOOP((#1701,#1689,#1692,#1702));
#1707= IFCFACEOUTERBOUND(#1706,.T.);
#1708= IFCFACE((#1707));
#1709= IFCPOLYLOOP((#1697,#1702,#1692,#1691));
#1710= IFCFACEOUTERBOUND(#1709,.T.);
#1711= IFCFACE((#1710));
#1712= IFCPOLYLOOP((#1701,#1696,#1690,#1689));
#1713= IFCFACEOUTERBOUND(#1712,.T.);
#1714= IFCFACE((#1713));
#1715= IFCCLOSEDSHELL((#1695,#1700,#1705,#1708,#1711,#1714));
#1716= IFCFACETEDBREP(#1715);
#1717= IFCSTYLEDITEM(#1716,(#1688),$);
#1718= IFCSHAPEREPRESENTATION(#12,'Body','Brep',(#1716));
#1719= IFCPRODUCTDEFINITIONSHAPE($,$,(#1718));
#1720= IFCCARTESIANPOINT((56914.840952162,24122.9924113274,16990.0007692249));
#1721= IFCAXIS2PLACEMENT3D(#1720,#829,#7);
#1722= IFCLOCALPLACEMENT(#42,#1721);
#1723= IFCPLATE('1XQarD5l93Eg9kWULya8RO',#276,'PLATE-20','PL20*350',$,#1722,#1719,'ID616a4d4d-16f2-433a-a26e-81e57c9086d8');
#1724= IFCPLATETYPE('0a$qYGkkX2QOB1B8ut7fX6',#5,'PL20*350',$,$,$,$,$,$,.NOTDEFINED.);
#1725= IFCPROPERTYSINGLEVALUE('Preliminary mark',$,IFCLABEL('5-2-P27'),$);
#1726= IFCPROPERTYSINGLEVALUE('Class',$,IFCLABEL('14'),$);
#1727= IFCPROPERTYSET('3g5hKC4HL8iPydpaVMZSGo',#5,'Tekla Common','Common Properties to Shared building elements',(#1218,#1323,#1104,#1725,#1106,#1726));
#1728= IFCPROPERTYSINGLEVALUE('Weight',$,IFCMASSMEASURE(25.83),$);
#1729= IFCPROPERTYSINGLEVALUE('Volume',$,IFCVOLUMEMEASURE(0.003),$);
#1730= IFCPROPERTYSINGLEVALUE('Gross footprint area',$,IFCAREAMEASURE(0.007),$);
#1731= IFCPROPERTYSINGLEVALUE('Area per tons',$,IFCAREAMEASURE(14.009),$);
#1732= IFCPROPERTYSINGLEVALUE('Net surface area',$,IFCAREAMEASURE(0.362),$);
#1733= IFCPROPERTYSINGLEVALUE('Height',$,IFCLENGTHMEASURE(350.),$);
#1734= IFCPROPERTYSINGLEVALUE('Width',$,IFCLENGTHMEASURE(20.),$);
#1735= IFCPROPERTYSINGLEVALUE('Length',$,IFCLENGTHMEASURE(470.),$);
#1736= IFCPROPERTYSET('0mhPgjSXv4Q9llDlZnVeI5',#5,'Tekla Quantity','Quantity Properties to Shared building elements',(#1728,#1729,#1730,#1731,#1732,#1733,#1734,#1735));
#1737= IFCPROPERTYSINGLEVALUE('Reference',$,IFCIDENTIFIER('5-2-P27'),$);
#1738= IFCPROPERTYSET('38_K0PRkn2qwBeoKNF24Iu',#5,'Pset_PlateCommon','Common Properties to plate elements',(#1118,#1737));
#1739= IFCQUANTITYLENGTH('Width',$,$,350.000000000077);
#1740= IFCQUANTITYAREA('NetArea',$,$,0.3618);
#1741= IFCQUANTITYAREA('GrossArea',$,$,0.164500000000036);
#1742= IFCQUANTITYAREA('CrossSectionArea',$,$,0.0004);
#1743= IFCQUANTITYVOLUME('NetVolume',$,$,0.00329);
#1744= IFCQUANTITYVOLUME('GrossVolume',$,$,0.00329);
#1745= IFCELEMENTQUANTITY('1AYtRB3Mb909orqTYh0nRn',#5,'BaseQuantities',$,$,(#1739,#1740,#1741,#1742,#1743,#1744));
#1746= IFCCOLOURRGB('Light Green',0.356862745098039,0.592156862745098,0.137254901960784);
#1747= IFCSURFACESTYLERENDERING(#1746,0.,$,$,$,$,IFCNORMALISEDRATIOMEASURE(0.00390625),IFCSPECULAREXPONENT(10.),.NOTDEFINED.);
#1748= IFCSURFACESTYLE('STEEL/S275',.POSITIVE.,(#1747));
#1749= IFCPRESENTATIONSTYLEASSIGNMENT((#1748));
#1750= IFCCARTESIANPOINT((8.00000000028012,125.,175.000000000029));
#1751= IFCCARTESIANPOINT((2.69210431724787E-10,117.,167.000000000007));
#1752= IFCCARTESIANPOINT((2.69210431724787E-10,-117.,167.000000000007));
#1753= IFCCARTESIANPOINT((8.00000000028012,-125.,175.000000000029));
#1754= IFCPOLYLOOP((#1750,#1751,#1752,#1753));
#1755= IFCFACEOUTERBOUND(#1754,.T.);
#1756= IFCFACE((#1755));
#1757= IFCCARTESIANPOINT((-2.7648638933897E-10,117.,-166.999999999993));
#1758= IFCCARTESIANPOINT((7.9999999997126,125.,-174.999999999978));
#1759= IFCCARTESIANPOINT((7.9999999997126,-125.,-174.999999999978));
#1760= IFCCARTESIANPOINT((-2.7648638933897E-10,-117.,-166.999999999993));
#1761= IFCPOLYLOOP((#1757,#1758,#1759,#1760));
#1762= IFCFACEOUTERBOUND(#1761,.T.);
#1763= IFCFACE((#1762));
#1764= IFCPOLYLOOP((#1758,#1757,#1751,#1750));
#1765= IFCFACEOUTERBOUND(#1764,.T.);
#1766= IFCFACE((#1765));
#1767= IFCPOLYLOOP((#1760,#1759,#1753,#1752));
#1768= IFCFACEOUTERBOUND(#1767,.T.);
#1769= IFCFACE((#1768));
#1770= IFCCARTESIANPOINT((7006.9454641827,117.,-166.999999985914));
#1771= IFCCARTESIANPOINT((6980.32701234105,117.,-166.999999985965));
#1772= IFCCARTESIANPOINT((6982.99532824958,117.,-174.999999985965));
#1773= IFCPOLYLOOP((#1770,#1771,#1772));
#1774= IFCFACEOUTERBOUND(#1773,.T.);
#1775= IFCFACE((#1774));
#1776= IFCCARTESIANPOINT((6980.32701234105,-117.,-166.999999985965));
#1777= IFCCARTESIANPOINT((6982.99532824958,-117.,-174.999999985965));
#1778= IFCPOLYLOOP((#1772,#1771,#1776,#1777));
#1779= IFCFACEOUTERBOUND(#1778,.T.);
#1780= IFCFACE((#1779));
#1781= IFCCARTESIANPOINT((7006.94546441319,-117.,-166.999999974389));
#1782= IFCPOLYLOOP((#1781,#1777,#1776));
#1783= IFCFACEOUTERBOUND(#1782,.T.);
#1784= IFCFACE((#1783));
#1785= IFCCARTESIANPOINT((7267.99999999847,117.,-149.968318740684));
#1786= IFCCARTESIANPOINT((7057.99493020466,117.,-149.982582549383));
#1787= IFCCARTESIANPOINT((7057.99493020466,125.,-149.982582549383));
#1788= IFCCARTESIANPOINT((7267.99999999847,125.,-149.968318740684));
#1789= IFCPOLYLOOP((#1785,#1786,#1787,#1788));
#1790= IFCFACEOUTERBOUND(#1789,.T.);
#1791= IFCFACE((#1790));
#1792= IFCCARTESIANPOINT((7267.999999999,125.,175.00000001461));
#1793= IFCCARTESIANPOINT((6982.99532824958,125.,-174.999999985965));
#1794= IFCPOLYLOOP((#1792,#1788,#1787,#1793,#1758,#1750));
#1795= IFCFACEOUTERBOUND(#1794,.T.);
#1796= IFCFACE((#1795));
#1797= IFCCARTESIANPOINT((7267.999999999,-125.,175.00000001461));
#1798= IFCPOLYLOOP((#1797,#1792,#1750,#1753));
#1799= IFCFACEOUTERBOUND(#1798,.T.);
#1800= IFCFACE((#1799));
#1801= IFCCARTESIANPOINT((7267.99999999899,-117.,167.00000001461));
#1802= IFCCARTESIANPOINT((7267.99999999899,117.,167.00000001461));
#1803= IFCCARTESIANPOINT((7267.99999999847,-125.,-149.968318740684));
#1804= IFCCARTESIANPOINT((7267.99999999847,-117.,-149.968318740684));
#1805= IFCPOLYLOOP((#1801,#1802,#1785,#1788,#1792,#1797,#1803,#1804));
#1806= IFCFACEOUTERBOUND(#1805,.T.);
#1807= IFCFACE((#1806));
#1808= IFCPOLYLOOP((#1752,#1751,#1802,#1801));
#1809= IFCFACEOUTERBOUND(#1808,.T.);
#1810= IFCFACE((#1809));
#1811= IFCPOLYLOOP((#1757,#1760,#1752,#1751));
#1812= IFCFACEOUTERBOUND(#1811,.T.);
#1813= IFCPOLYLOOP((#1751,#1752,#1760,#1757));
#1814= IFCFACEBOUND(#1813,.T.);
#1815= IFCFACE((#1812,#1814));
#1816= IFCCARTESIANPOINT((6982.99532824958,-125.,-174.999999985965));
#1817= IFCCARTESIANPOINT((7057.99493020466,-125.,-149.982582549383));
#1818= IFCPOLYLOOP((#1816,#1817,#1803,#1797,#1753,#1759));
#1819= IFCFACEOUTERBOUND(#1818,.T.);
#1820= IFCFACE((#1819));
#1821= IFCCARTESIANPOINT((7057.99493020466,-117.,-149.982582549383));
#1822= IFCPOLYLOOP((#1803,#1817,#1821,#1804));
#1823= IFCFACEOUTERBOUND(#1822,.T.);
#1824= IFCFACE((#1823));
#1825= IFCPOLYLOOP((#1760,#1752,#1801,#1804,#1821,#1781,#1776));
#1826= IFCFACEOUTERBOUND(#1825,.T.);
#1827= IFCFACE((#1826));
#1828= IFCPOLYLOOP((#1757,#1760,#1776,#1771));
#1829= IFCFACEOUTERBOUND(#1828,.T.);
#1830= IFCFACE((#1829));
#1831= IFCPOLYLOOP((#1786,#1785,#1802,#1751,#1757,#1771,#1770));
#1832= IFCFACEOUTERBOUND(#1831,.T.);
#1833= IFCFACE((#1832));
#1834= IFCPOLYLOOP((#1793,#1787,#1786,#1770,#1772));
#1835= IFCFACEOUTERBOUND(#1834,.T.);
#1836= IFCFACE((#1835));
#1837= IFCPOLYLOOP((#1793,#1772,#1777,#1816,#1759,#1758));
#1838= IFCFACEOUTERBOUND(#1837,.T.);
#1839= IFCFACE((#1838));
#1840= IFCPOLYLOOP((#1821,#1817,#1816,#1777,#1781));
#1841= IFCFACEOUTERBOUND(#1840,.T.);
#1842= IFCFACE((#1841));
#1843= IFCCLOSEDSHELL((#1756,#1763,#1766,#1769,#1775,#1780,#1784,#1791,#1796,#1800,#1807,#1810,#1815,#1820,#1824,#1827,#1830,#1833,#1836,#1839,#1842));
#1844= IFCFACETEDBREP(#1843);
#1845= IFCSTYLEDITEM(#1844,(#1749),$);
#1846= IFCSHAPEREPRESENTATION(#12,'Body','Brep',(#1844));
#1847= IFCPRODUCTDEFINITIONSHAPE($,$,(#1846));
#1848= IFCCARTESIANPOINT((57089.8409689883,23970.9924305736,16755.0007692249));
#1849= IFCAXIS2PLACEMENT3D(#1848,#7,#1097);
#1850= IFCLOCALPLACEMENT(#42,#1849);
#1851= IFCBEAM('0Oj2GAHAf5sRqF1cEubbbD',#44,'B1-\S\?\S\Z350x250x8','TUB350X250X8 ',$,#1850,#1847,'ID18b4240a-44aa-45d9-bd0f-0663b896594d');
#1852= IFCBEAMTYPE('383P36WVL4oeFgdHleWoix',#5,'TUB350X250X8 ',$,$,$,$,$,$,.NOTDEFINED.);
#1853= IFCPROPERTYSINGLEVALUE('Preliminary mark',$,IFCLABEL('5-2-P20'),$);
#1854= IFCPROPERTYSINGLEVALUE('Class',$,IFCLABEL('3'),$);
#1855= IFCPROPERTYSET('3kAC4AOVTFy94qJvIxPVPi',#5,'Tekla Common','Common Properties to Shared building elements',(#1371,#1425,#1104,#1853,#1106,#1854));
#1856= IFCPROPERTYSINGLEVALUE('Weight',$,IFCMASSMEASURE(527.83),$);
#1857= IFCPROPERTYSINGLEVALUE('Volume',$,IFCVOLUMEMEASURE(0.067),$);
#1858= IFCPROPERTYSINGLEVALUE('Gross footprint area',$,IFCAREAMEASURE(2.538),$);
#1859= IFCPROPERTYSINGLEVALUE('Area per tons',$,IFCAREAMEASURE(16.322),$);
#1860= IFCPROPERTYSINGLEVALUE('Net surface area',$,IFCAREAMEASURE(8.615),$);
#1861= IFCPROPERTYSINGLEVALUE('Width',$,IFCLENGTHMEASURE(250.),$);
#1862= IFCPROPERTYSINGLEVALUE('Length',$,IFCLENGTHMEASURE(7268.),$);
#1863= IFCPROPERTYSET('3D_TEigHX2$RxUQ24s6xGm',#5,'Tekla Quantity','Quantity Properties to Shared building elements',(#1856,#1857,#1858,#1859,#1860,#1733,#1861,#1862));
#1864= IFCPROPERTYSINGLEVALUE('Reference',$,IFCIDENTIFIER('5-2-P20'),$);
#1865= IFCPROPERTYSET('1OoGoB$Yj0QA52PzPPX$Gb',#5,'Pset_BeamCommon','Common Properties to beam elements',(#1118,#1864));
#1866= IFCQUANTITYLENGTH('Length',$,$,7267.99999999867);
#1867= IFCQUANTITYAREA('OuterSurfaceArea',$,$,8.61520527208074);
#1868= IFCQUANTITYVOLUME('NetVolume',$,$,0.0672393523892695);
#1869= IFCQUANTITYWEIGHT('NetWeight',$,$,527.828916255766);
#1870= IFCELEMENTQUANTITY('2_1XdceO93iO1uDGhqo739',#5,'BaseQuantities',$,$,(#1866,#1867,#1868,#1869));
#1871= IFCCARTESIANPOINT((3.63797880709171E-12,-5.,234.));
#1872= IFCCARTESIANPOINT((-3.63797880709171E-12,5.,234.));
#1873= IFCPOLYLOOP((#1242,#1871,#1872,#1245));
#1874= IFCFACEOUTERBOUND(#1873,.T.);
#1875= IFCFACE((#1874));
#1876= IFCCARTESIANPOINT((184.00999450684,-4.99999999983265,234.));
#1877= IFCCARTESIANPOINT((184.009994506832,5.00000000016735,234.));
#1878= IFCPOLYLOOP((#1871,#1876,#1877,#1872));
#1879= IFCFACEOUTERBOUND(#1878,.T.);
#1880= IFCFACE((#1879));
#1881= IFCCARTESIANPOINT((184.00999450684,-4.99999999983265,3.63797880709171E-12));
#1882= IFCCARTESIANPOINT((184.009994506832,5.00000000016735,3.63797880709171E-12));
#1883= IFCPOLYLOOP((#1876,#1881,#1882,#1877));
#1884= IFCFACEOUTERBOUND(#1883,.T.);
#1885= IFCFACE((#1884));
#1886= IFCPOLYLOOP((#1881,#1242,#1245,#1882));
#1887= IFCFACEOUTERBOUND(#1886,.T.);
#1888= IFCFACE((#1887));
#1889= IFCPOLYLOOP((#1877,#1882,#1245,#1872));
#1890= IFCFACEOUTERBOUND(#1889,.T.);
#1891= IFCFACE((#1890));
#1892= IFCPOLYLOOP((#1881,#1876,#1871,#1242));
#1893= IFCFACEOUTERBOUND(#1892,.T.);
#1894= IFCFACE((#1893));
#1895= IFCCLOSEDSHELL((#1875,#1880,#1885,#1888,#1891,#1894));
#1896= IFCFACETEDBREP(#1895);
#1897= IFCSTYLEDITEM(#1896,(#904),$);
#1898= IFCSHAPEREPRESENTATION(#12,'Body','Brep',(#1896));
#1899= IFCPRODUCTDEFINITIONSHAPE($,$,(#1898));
#1900= IFCCARTESIANPOINT((56944.8591726031,16720.9874837132,16872.0007692249));
#1901= IFCAXIS2PLACEMENT3D(#1900,#829,#8);
#1902= IFCLOCALPLACEMENT(#42,#1901);
#1903= IFCPLATE('3LSPBeAbvDahZI11g8XLB5',#413,'PLATE-10','PL10*184',$,#1902,#1899,'IDd57192e8-2a5e-4d92-b8d2-041a888552c5');
#1904= IFCPLATETYPE('2XIg0hgNP3I91KzNN5hhov',#5,'PL10*184',$,$,$,$,$,$,.NOTDEFINED.);
#1905= IFCPROPERTYSINGLEVALUE('Bottom elevation',$,IFCLABEL(' +16.638'),$);
#1906= IFCPROPERTYSINGLEVALUE('Top elevation',$,IFCLABEL(' +16.872'),$);
#1907= IFCPROPERTYSINGLEVALUE('Preliminary mark',$,IFCLABEL('5-2-P102'),$);
#1908= IFCPROPERTYSET('2fCSWbAVv6WRiGJgitiHAx',#5,'Tekla Common','Common Properties to Shared building elements',(#1905,#1906,#1104,#1907,#1106,#1107));
#1909= IFCPROPERTYSINGLEVALUE('Weight',$,IFCMASSMEASURE(3.38),$);
#1910= IFCPROPERTYSINGLEVALUE('Gross footprint area',$,IFCAREAMEASURE(0.002),$);
#1911= IFCPROPERTYSINGLEVALUE('Area per tons',$,IFCAREAMEASURE(27.951),$);
#1912= IFCPROPERTYSINGLEVALUE('Net surface area',$,IFCAREAMEASURE(0.094),$);
#1913= IFCPROPERTYSINGLEVALUE('Height',$,IFCLENGTHMEASURE(184.),$);
#1914= IFCPROPERTYSINGLEVALUE('Length',$,IFCLENGTHMEASURE(234.),$);
#1915= IFCPROPERTYSET('3fpyndqS574hSKvF6JNfnm',#5,'Tekla Quantity','Quantity Properties to Shared building elements',(#1909,#1110,#1910,#1911,#1912,#1913,#1115,#1914));
#1916= IFCPROPERTYSINGLEVALUE('Reference',$,IFCIDENTIFIER('5-2-P102'),$);
#1917= IFCPROPERTYSET('3w7$bQkiLCme4oXwRprs8J',#5,'Pset_PlateCommon','Common Properties to plate elements',(#1118,#1916));
#1918= IFCQUANTITYLENGTH('Width',$,$,184.009994506836);
#1919= IFCQUANTITYAREA('NetArea',$,$,0.0944768773193352);
#1920= IFCQUANTITYAREA('GrossArea',$,$,0.0430583387145996);
#1921= IFCQUANTITYVOLUME('NetVolume',$,$,0.000430583387145993);
#1922= IFCQUANTITYVOLUME('GrossVolume',$,$,0.000430583387145993);
#1923= IFCELEMENTQUANTITY('3nVQXEb2n5QhIy3emPfIVI',#5,'BaseQuantities',$,$,(#1918,#1919,#1920,#1124,#1921,#1922));
#1924= IFCCARTESIANPOINT((-7.27595761418343E-12,-3.99999999999636,0.));
#1925= IFCCARTESIANPOINT((-7.27595761418343E-12,-3.99999999999636,234.));
#1926= IFCCARTESIANPOINT((1.45519152283669E-11,4.00000000000364,234.));
#1927= IFCCARTESIANPOINT((1.45519152283669E-11,4.00000000000364,0.));
#1928= IFCPOLYLOOP((#1924,#1925,#1926,#1927));
#1929= IFCFACEOUTERBOUND(#1928,.T.);
#1930= IFCFACE((#1929));
#1931= IFCCARTESIANPOINT((316.981750488274,-3.99999999969805,234.));
#1932= IFCCARTESIANPOINT((316.981750488296,4.00000000030195,234.));
#1933= IFCPOLYLOOP((#1925,#1931,#1932,#1926));
#1934= IFCFACEOUTERBOUND(#1933,.T.);
#1935= IFCFACE((#1934));
#1936= IFCCARTESIANPOINT((316.981750488274,-3.99999999969805,-7.27595761418343E-12));
#1937= IFCCARTESIANPOINT((316.981750488296,4.00000000030195,-7.27595761418343E-12));
#1938= IFCPOLYLOOP((#1931,#1936,#1937,#1932));
#1939= IFCFACEOUTERBOUND(#1938,.T.);
#1940= IFCFACE((#1939));
#1941= IFCPOLYLOOP((#1936,#1924,#1927,#1937));
#1942= IFCFACEOUTERBOUND(#1941,.T.);
#1943= IFCFACE((#1942));
#1944= IFCPOLYLOOP((#1932,#1937,#1927,#1926));
#1945= IFCFACEOUTERBOUND(#1944,.T.);
#1946= IFCFACE((#1945));
#1947= IFCPOLYLOOP((#1936,#1931,#1925,#1924));
#1948= IFCFACEOUTERBOUND(#1947,.T.);
#1949= IFCFACE((#1948));
#1950= IFCCLOSEDSHELL((#1930,#1935,#1940,#1943,#1946,#1949));
#1951= IFCFACETEDBREP(#1950);
#1952= IFCSTYLEDITEM(#1951,(#1749),$);
#1953= IFCSHAPEREPRESENTATION(#12,'Body','Brep',(#1951));
#1954= IFCPRODUCTDEFINITIONSHAPE($,$,(#1953));
#1955= IFCCARTESIANPOINT((57256.8409232794,16716.9874986187,16872.0007692249));
#1956= IFCAXIS2PLACEMENT3D(#1955,#829,#828);
#1957= IFCLOCALPLACEMENT(#42,#1956);
#1958= IFCPLATE('3F9mIHX7z3vuiDuqSevgLn',#276,'PLATE-8','PL8*234',$,#1957,#1954,'IDcf270491-847f-43e7-8b0d-e34728e6a571');
#1959= IFCPLATETYPE('27tSlpZnL3PhOyWSZ3odXx',#5,'PL8*234',$,$,$,$,$,$,.NOTDEFINED.);
#1960= IFCPROPERTYSINGLEVALUE('Preliminary mark',$,IFCLABEL('5-2-P78'),$);
#1961= IFCPROPERTYSINGLEVALUE('Class',$,IFCLABEL('17'),$);
#1962= IFCPROPERTYSET('33WPib0bD2TO46Uqu5teYv',#5,'Tekla Common','Common Properties to Shared building elements',(#1905,#1906,#1104,#1960,#1106,#1961));
#1963= IFCPROPERTYSINGLEVALUE('Weight',$,IFCMASSMEASURE(4.66),$);
#1964= IFCPROPERTYSINGLEVALUE('Gross footprint area',$,IFCAREAMEASURE(0.003),$);
#1965= IFCPROPERTYSINGLEVALUE('Area per tons',$,IFCAREAMEASURE(33.74),$);
#1966= IFCPROPERTYSINGLEVALUE('Net surface area',$,IFCAREAMEASURE(0.157),$);
#1967= IFCPROPERTYSINGLEVALUE('Height',$,IFCLENGTHMEASURE(234.),$);
#1968= IFCPROPERTYSINGLEVALUE('Width',$,IFCLENGTHMEASURE(8.),$);
#1969= IFCPROPERTYSINGLEVALUE('Length',$,IFCLENGTHMEASURE(317.),$);
#1970= IFCPROPERTYSET('1oTxz_Smj5FeYcxN85Y3mF',#5,'Tekla Quantity','Quantity Properties to Shared building elements',(#1963,#1669,#1964,#1965,#1966,#1967,#1968,#1969));
#1971= IFCPROPERTYSINGLEVALUE('Reference',$,IFCIDENTIFIER('5-2-P78'),$);
#1972= IFCPROPERTYSET('0Ck717c1fEOOPe7yNy5hDD',#5,'Pset_PlateCommon','Common Properties to plate elements',(#1118,#1971));
#1973= IFCQUANTITYLENGTH('Width',$,$,234.000000000007);
#1974= IFCQUANTITYAREA('NetArea',$,$,0.15716316723633);
#1975= IFCQUANTITYAREA('GrossArea',$,$,0.0741737296142601);
#1976= IFCQUANTITYAREA('CrossSectionArea',$,$,6.4E-05);
#1977= IFCQUANTITYVOLUME('NetVolume',$,$,0.000593389836914072);
#1978= IFCQUANTITYVOLUME('GrossVolume',$,$,0.000593389836914072);
#1979= IFCELEMENTQUANTITY('3RSsVrYFjCFPFqAewJYicA',#5,'BaseQuantities',$,$,(#1973,#1974,#1975,#1976,#1977,#1978));
#1980= IFCSHAPEREPRESENTATION(#12,'Body','Brep',(#1951));
#1981= IFCPRODUCTDEFINITIONSHAPE($,$,(#1980));
#1982= IFCCARTESIANPOINT((57256.8409232794,16908.9974986187,16872.0007692249));
#1983= IFCAXIS2PLACEMENT3D(#1982,#829,#828);
#1984= IFCLOCALPLACEMENT(#42,#1983);
#1985= IFCPLATE('1S5NaRVH99EBwLHCwDlGF5',#276,'PLATE-8','PL8*234',$,#1984,#1981,'ID5c15791b-7d12-4938-be95-44ce8dbd03c5');
#1986= IFCCARTESIANPOINT((90.8283767701248,-5.00000000014552,234.));
#1987= IFCCARTESIANPOINT((90.8283767701248,-5.00000000014552,-1.81898940354586E-11));
#1988= IFCCARTESIANPOINT((90.8283767701066,4.99999999985448,-1.81898940354586E-11));
#1989= IFCCARTESIANPOINT((90.8283767701066,4.99999999985448,234.));
#1990= IFCPOLYLOOP((#1986,#1987,#1988,#1989));
#1991= IFCFACEOUTERBOUND(#1990,.T.);
#1992= IFCFACE((#1991));
#1993= IFCCARTESIANPOINT((11.7669659093915,-5.00000000001455,234.));
#1994= IFCCARTESIANPOINT((11.7669659093915,-5.00000000001455,-3.63797880709171E-12));
#1995= IFCPOLYLOOP((#1987,#1986,#1993,#1994));
#1996= IFCFACEOUTERBOUND(#1995,.T.);
#1997= IFCFACE((#1996));
#1998= IFCCARTESIANPOINT((8.43157141871757,4.99999999998545,0.));
#1999= IFCPOLYLOOP((#1988,#1987,#1994,#1998));
#2000= IFCFACEOUTERBOUND(#1999,.T.);
#2001= IFCFACE((#2000));
#2002= IFCCARTESIANPOINT((8.43157141871757,4.99999999998545,234.));
#2003= IFCPOLYLOOP((#1989,#1988,#1998,#2002));
#2004= IFCFACEOUTERBOUND(#2003,.T.);
#2005= IFCFACE((#2004));
#2006= IFCPOLYLOOP((#1986,#1989,#2002,#1993));
#2007= IFCFACEOUTERBOUND(#2006,.T.);
#2008= IFCFACE((#2007));
#2009= IFCPOLYLOOP((#1998,#1994,#1993,#2002));
#2010= IFCFACEOUTERBOUND(#2009,.T.);
#2011= IFCFACE((#2010));
#2012= IFCCLOSEDSHELL((#1992,#1997,#2001,#2005,#2008,#2011));
#2013= IFCFACETEDBREP(#2012);
#2014= IFCSTYLEDITEM(#2013,(#904),$);
#2015= IFCSHAPEREPRESENTATION(#12,'Body','Brep',(#2013));
#2016= IFCPRODUCTDEFINITIONSHAPE($,$,(#2015));
#2017= IFCCARTESIANPOINT((56948.3233084878,16903.4170691842,16872.0007692249));
#2018= IFCDIRECTION((-0.316403778973793,0.948624608921307,0.));
#2019= IFCAXIS2PLACEMENT3D(#2017,#829,#2018);
#2020= IFCLOCALPLACEMENT(#42,#2019);
#2021= IFCPLATE('0N$FoyqZvDoeYEiumJc3MR',#413,'PLATE-10','PL10*82.4',$,#2020,#2016,'ID17fcfcbc-d23e-4dca-888e-b38c1398359b');
#2022= IFCPLATETYPE('2Bl1GAvIb4aP$gx5ZypQAt',#5,'PL10*82.4',$,$,$,$,$,$,.NOTDEFINED.);
#2023= IFCPROPERTYSINGLEVALUE('Preliminary mark',$,IFCLABEL('5-2-P90'),$);
#2024= IFCPROPERTYSET('2IoEBqKj5Ae85UHMd9T7g1',#5,'Tekla Common','Common Properties to Shared building elements',(#1905,#1906,#1104,#2023,#1106,#1107));
#2025= IFCPROPERTYSINGLEVALUE('Weight',$,IFCMASSMEASURE(1.48),$);
#2026= IFCPROPERTYSINGLEVALUE('Area per tons',$,IFCAREAMEASURE(29.808),$);
#2027= IFCPROPERTYSINGLEVALUE('Net surface area',$,IFCAREAMEASURE(0.044),$);
#2028= IFCPROPERTYSINGLEVALUE('Height',$,IFCLENGTHMEASURE(82.4),$);
#2029= IFCPROPERTYSET('3AH0SIC5j8KAnY3FrcbB55',#5,'Tekla Quantity','Quantity Properties to Shared building elements',(#2025,#1110,#1223,#2026,#2027,#2028,#1115,#1914));
#2030= IFCPROPERTYSINGLEVALUE('Reference',$,IFCIDENTIFIER('5-2-P90'),$);
#2031= IFCPROPERTYSET('1KDnZPPm572Bqp2pQa4cHX',#5,'Pset_PlateCommon','Common Properties to plate elements',(#1118,#2030));
#2032= IFCQUANTITYLENGTH('Width',$,$,82.3968053515131);
#2033= IFCQUANTITYAREA('NetArea',$,$,0.0442025338931563);
#2034= IFCQUANTITYAREA('GrossArea',$,$,0.0192808524522556);
#2035= IFCQUANTITYVOLUME('NetVolume',$,$,0.000188906112967986);
#2036= IFCQUANTITYVOLUME('GrossVolume',$,$,0.000212538401641862);
#2037= IFCELEMENTQUANTITY('10tAXj77n6SOWLupu1qBKR',#5,'BaseQuantities',$,$,(#2032,#2033,#2034,#1124,#2035,#2036));
#2038= IFCRELAGGREGATES('00oRP3oKz4FBbeCD884LJW',#5,$,$,#37,(#39));
#2039= IFCRELAGGREGATES('2FioUOPpX6gxvhHNIWiTai',#5,$,$,#39,(#41));
#2040= IFCRELAGGREGATES('2cf$KVQX5BoOWdoHCspufb',#5,$,$,#41,(#43));
#2041= IFCRELCONTAINEDINSPATIALSTRUCTURE('0yB2p4lA99DPbNXzJ8TbdL',#5,$,$,(#2021,#1985,#1958,#1903,#1851,#1723,#1663,#1619,#1552,#1423,#1369,#1335,#1321,#1241,#1216,#1178,#1156,#1100,#900,#893,#886,#879,#872,#865,#858,#851,#844,#832,#412,#405,#398,#391,#384,#375,#367,#356,#275,#266,#258,#242,#159,#133),#43);
#2042= IFCRELDEFINESBYPROPERTIES('3fb03nIyH0qP5HLt3NZ8tU',#5,$,$,(#159,#133),#151);
#2043= IFCRELDEFINESBYPROPERTIES('0v0lhYkCn90RTHsByqmRsh',#5,$,$,(#275,#266,#258,#242),#248);
#2044= IFCRELDEFINESBYPROPERTIES('3DaHGTIiz0OemwKj1UMHvh',#5,$,$,(#412,#405,#398,#391,#384,#375,#367,#356),#358);
#2045= IFCRELDEFINESBYPROPERTIES('1aTXTEprvFoBIafdoalwLa',#5,$,$,(#900,#893,#886,#879,#872,#865,#858,#851,#844,#832),#837);
#2046= IFCRELDEFINESBYPROPERTIES('0fdKAek91B7vvtEC$QG7$Z',#5,$,$,(#1100),#1108);
#2047= IFCRELDEFINESBYPROPERTIES('17Bgm6Quf1wAs6IeXleXbq',#5,$,$,(#1100),#1117);
#2048= IFCRELDEFINESBYPROPERTIES('3UMeAriC1AMuHH7rL6GCPa',#5,$,$,(#1100),#1120);
#2049= IFCRELDEFINESBYPROPERTIES('0zx2l90UDC1BgMIik$2zPB',#5,$,$,(#1100),#1127);
#2050= IFCRELDEFINESBYPROPERTIES('1DkroYZyP9LQea2EoITZv3',#5,$,$,(#1178,#1156),#1159);
#2051= IFCRELDEFINESBYPROPERTIES('1XZCEchFDAT8YWw7pcwnfE',#5,$,$,(#1178,#1156),#1164);
#2052= IFCRELDEFINESBYPROPERTIES('3HeJPUXUL0auaTz2ph1NxF',#5,$,$,(#1178,#1156),#1166);
#2053= IFCRELDEFINESBYPROPERTIES('3wfcgF_JjFa85QavwZ6Bfj',#5,$,$,(#1178,#1156),#1172);
#2054= IFCRELDEFINESBYPROPERTIES('2b2b0hyGv8xfWCWs$OIT39',#5,$,$,(#1241,#1216),#1221);
#2055= IFCRELDEFINESBYPROPERTIES('1qIypMGT54lwOx3YrppUCw',#5,$,$,(#1335,#1321,#1241,#1216),#1227);
#2056= IFCRELDEFINESBYPROPERTIES('2uYVcyXyX7fAbTekeDFyAn',#5,$,$,(#1335,#1321,#1241,#1216),#1229);
#2057= IFCRELDEFINESBYPROPERTIES('1K48_CXIn8NuNFCdZl2XaE',#5,$,$,(#1241,#1216),#1235);
#2058= IFCRELDEFINESBYPROPERTIES('2xo0mU$vv47vY2d$2ActGD',#5,$,$,(#1335,#1321),#1324);
#2059= IFCRELDEFINESBYPROPERTIES('0_iIvYfwr6fQSF4bYOpt0R',#5,$,$,(#1335,#1321),#1329);
#2060= IFCRELDEFINESBYPROPERTIES('22bt7UDGf3eRi39EPKv0zu',#5,$,$,(#1369),#1374);
#2061= IFCRELDEFINESBYPROPERTIES('3XnaTkyM56yhDdVOzK4t5x',#5,$,$,(#1423,#1369),#1381);
#2062= IFCRELDEFINESBYPROPERTIES('080h9NttrDYxeq$RkUuDmd',#5,$,$,(#1423,#1369),#1383);
#2063= IFCRELDEFINESBYPROPERTIES('21rwv2vFvEsPiFQM4gEDJy',#5,$,$,(#1423,#1369),#1389);
#2064= IFCRELDEFINESBYPROPERTIES('0H1QwdGU14nOnrVbfktuKk',#5,$,$,(#1423),#1426);
#2065= IFCRELDEFINESBYPROPERTIES('1nUJnfenT2SPglkKp9YRB3',#5,$,$,(#1619,#1552),#1556);
#2066= IFCRELDEFINESBYPROPERTIES('2VFH39_1n9yBN$AxPdIJtB',#5,$,$,(#1619,#1552),#1561);
#2067= IFCRELDEFINESBYPROPERTIES('0FsJ_AwRDCD9RZM0U2hg52',#5,$,$,(#1619,#1552),#1563);
#2068= IFCRELDEFINESBYPROPERTIES('2fH21Zq2HAb8g09duF8AaU',#5,$,$,(#1552),#1569);
#2069= IFCRELDEFINESBYPROPERTIES('3erLnJ8YrBMguk4JQsP0_D',#5,$,$,(#1619),#1624);
#2070= IFCRELDEFINESBYPROPERTIES('1A0j1AZonA08eLPKOSgoJ9',#5,$,$,(#1663),#1667);
#2071= IFCRELDEFINESBYPROPERTIES('2QThReqXf8pf2JKldD$vvS',#5,$,$,(#1663),#1675);
#2072= IFCRELDEFINESBYPROPERTIES('3avUEhJSXFegrDrehle863',#5,$,$,(#1663),#1677);
#2073= IFCRELDEFINESBYPROPERTIES('1BRI6IsCPAJ9HapMJ$jt_d',#5,$,$,(#1663),#1684);
#2074= IFCRELDEFINESBYPROPERTIES('14qNxacoTCcg1IFAgtrX8w',#5,$,$,(#1723),#1727);
#2075= IFCRELDEFINESBYPROPERTIES('0W5i3mKRL7u9W7qQMpUPbd',#5,$,$,(#1723),#1736);
#2076= IFCRELDEFINESBYPROPERTIES('2oEXESIGTAvxrixVn0AHCA',#5,$,$,(#1723),#1738);
#2077= IFCRELDEFINESBYPROPERTIES('3$ApdFtSv6Re$1EH0mDnEs',#5,$,$,(#1723),#1745);
#2078= IFCRELDEFINESBYPROPERTIES('0xtqIbe7LAj8FuSRNQMKzD',#5,$,$,(#1851),#1855);
#2079= IFCRELDEFINESBYPROPERTIES('2dW2tApnX8I9kH8vAHxbcx',#5,$,$,(#1851),#1863);
#2080= IFCRELDEFINESBYPROPERTIES('3S3Qhq9JX5N81TZLuQ$u7d',#5,$,$,(#1851),#1865);
#2081= IFCRELDEFINESBYPROPERTIES('1ds1HkDEP5yBla$ElYRYz5',#5,$,$,(#1851),#1870);
#2082= IFCRELDEFINESBYPROPERTIES('1yB99I8xTFMuuxRygwXLlr',#5,$,$,(#1903),#1908);
#2083= IFCRELDEFINESBYPROPERTIES('2mJbV4ion8vuDv3yRiauWj',#5,$,$,(#1903),#1915);
#2084= IFCRELDEFINESBYPROPERTIES('1QIXi3stv4kgNOUcjKLrzv',#5,$,$,(#1903),#1917);
#2085= IFCRELDEFINESBYPROPERTIES('2983QaUMHCuhLH1bJR3DHl',#5,$,$,(#1903),#1923);
#2086= IFCRELDEFINESBYPROPERTIES('33d9CyJY57dfjnpH8nKh0X',#5,$,$,(#1985,#1958),#1962);
#2087= IFCRELDEFINESBYPROPERTIES('0UnQYp_BL5O8nEz5PU7ObG',#5,$,$,(#1985,#1958),#1970);
#2088= IFCRELDEFINESBYPROPERTIES('0sbN6rxTT50gUSB0a0VFqL',#5,$,$,(#1985,#1958),#1972);
#2089= IFCRELDEFINESBYPROPERTIES('3opHu_OS9Fsu5ayR4eGeuh',#5,$,$,(#1985,#1958),#1979);
#2090= IFCRELDEFINESBYPROPERTIES('24P7EnfWv07gfW8DmGSD7b',#5,$,$,(#2021),#2024);
#2091= IFCRELDEFINESBYPROPERTIES('3z553w$h93fwZPDA8$jCN6',#5,$,$,(#2021),#2029);
#2092= IFCRELDEFINESBYPROPERTIES('3bh2Rxm2v7mRQnWI3kfpzv',#5,$,$,(#2021),#2031);
#2093= IFCRELDEFINESBYPROPERTIES('1jEg$EZhbAYx8gZZc8vEA9',#5,$,$,(#2021),#2037);
#2094= IFCRELDEFINESBYTYPE('2TgmA9kjHAwhDy1Wq0D2UE',#5,$,$,(#900,#893,#886,#879,#872,#865,#858,#851,#844,#832,#412,#405,#398,#391,#384,#375,#367,#356,#275,#266,#258,#242,#159,#133),#134);
#2095= IFCRELDEFINESBYTYPE('1m2AlliUPBmRr3WWNWH4ZS',#5,$,$,(#1100),#1101);
#2096= IFCRELDEFINESBYTYPE('0P4bHvKLP7EPca4l9ItR_j',#5,$,$,(#1178,#1156),#1157);
#2097= IFCRELDEFINESBYTYPE('0MrPVX8Ib5UftrPQUL2VW6',#5,$,$,(#1335,#1321,#1241,#1216),#1217);
#2098= IFCRELDEFINESBYTYPE('3wTfeh3tj90fNQq6Kk5Ws7',#5,$,$,(#1619,#1552,#1423,#1369),#1370);
#2099= IFCRELDEFINESBYTYPE('00pGt9Rrr3xQmbGi52tzeC',#5,$,$,(#1663),#1664);
#2100= IFCRELDEFINESBYTYPE('396VK6u6rDnOpSqJw4mc_C',#5,$,$,(#1723),#1724);
#2101= IFCRELDEFINESBYTYPE('1BZ3OwC7D8sv8Mb1zcFKRK',#5,$,$,(#1851),#1852);
#2102= IFCRELDEFINESBYTYPE('1tsXAfxeb4YeWy8nxq3NLj',#5,$,$,(#1903),#1904);
#2103= IFCRELDEFINESBYTYPE('2obQ9wSNr4lvsqHOkgWVy8',#5,$,$,(#1985,#1958),#1959);
#2104= IFCRELDEFINESBYTYPE('2cRMXpaw94WhK7sJTBhTuA',#5,$,$,(#2021),#2022);
#2105= IFCRELASSOCIATESMATERIAL('0uQZ_KP2z0uApBgKEW4EKh',#5,$,$,(#900,#893,#886,#879,#872,#865,#858,#851,#844,#832,#159,#133),#152);
#2106= IFCRELASSOCIATESMATERIAL('2WWD6c0o9238JMS7DsEEn8',#5,$,$,(#412,#405,#398,#391,#384,#375,#367,#356,#275,#266,#258,#242),#249);
#2107= IFCRELASSOCIATESMATERIAL('2JfjgBGGfDWAjvzfP78Zvb',#5,$,$,(#2021,#1985,#1958,#1903,#1851,#1723,#1663,#1619,#1552,#1423,#1369,#1335,#1321,#1241,#1216,#1178,#1156,#1100),#1128);
#2108= IFCPRESENTATIONLAYERASSIGNMENT('BoltArray',$,(#126,#154,#235,#251,#260,#268,#349,#360,#369,#377,#386,#393,#400,#407,#825,#839,#846,#853,#860,#867,#874,#881,#888,#895),$);
#2109= IFCPRESENTATIONLAYERASSIGNMENT('PLATE-10',$,(#1094,#1151,#1173,#1211,#1236,#1316,#1330,#1364,#1418,#1547,#1614,#1898,#2015),$);
#2110= IFCPRESENTATIONLAYERASSIGNMENT('PLATE-12',$,(#1658),$);
#2111= IFCPRESENTATIONLAYERASSIGNMENT('PLATE-20',$,(#1718),$);
#2112= IFCPRESENTATIONLAYERASSIGNMENT('B1-\S\?\S\Z350x250x8',$,(#1846),$);
#2113= IFCPRESENTATIONLAYERASSIGNMENT('PLATE-8',$,(#1953,#1980),$);
ENDSEC;

END-ISO-10303-21;
