ISO-10303-21;
HEADER;
FILE_DESCRIPTION(('ViewDefinition[CoordinationView_V2.0, QuantityTakeOffAddOnView]', 'ExchangeRequirement[Structural, SurfaceGeometry]', 'Option [BaseQuantities:On]', 'Option [GridExport:On]', 'Option [Assemblies:Off]', 'Option [Bolts:On]', 'Option [Rebars:On]', 'Option [PourObjects:Off]', 'Option [Welds:Off]', 'Option [SurfaceTreatments:On]', 'Option [LocationBy:0]', 'Option [ViewColors:Off]', 'Option [SectionedSpine:Off]', 'Option [PropertySets:On]', 'Option [Export all:Off]'),'2;1');
FILE_NAME('5-2-A46.ifc','2026-03-10T09:14:59',('DESKTOP-NLV509P\\Ahmed'),('Structural Designer'),'IFC Parser version: 3.13.2','Tekla Structures 2023 Service Pack 8, IFC Export Version: 4.0.0.0 Jan 19 2024','');
FILE_SCHEMA(('IFC2X3'));
ENDSEC;

DATA;
#1= IFCPERSON('DESKTOP-NLV509P\\Ahmed','Undefined',$,$,$,$,$,$);
#2= IFCORGANIZATION($,'Trimble Solutions Corporation',$,$,$);
#3= IFCPERSONANDORGANIZATION(#1,#2,$);
#4= IFCAPPLICATION(#2,'2023 Service Pack 8','Tekla Structures','Multi material modeling');
#5= IFCOWNERHISTORY(#3,#4,$,.NOCHANGE.,$,$,$,1773123298);
#6= IFCCARTESIANPOINT((0.,0.,0.));
#7= IFCDIRECTION((1.,0.,0.));
#8= IFCDIRECTION((0.,1.,0.));
#9= IFCDIRECTION((0.,0.,1.));
#10= IFCAXIS2PLACEMENT3D(#6,#9,#7);
#11= IFCGEOMETRICREPRESENTATIONCONTEXT($,'Model',3,1.E-05,#10,$);
#12= IFCGEOMETRICREPRESENTATIONSUBCONTEXT('Body','Model',*,*,*,*,#11,$,.MODEL_VIEW.,$);
#13= IFCGEOMETRICREPRESENTATIONSUBCONTEXT('Axis','Model',*,*,*,*,#11,$,.GRAPH_VIEW.,$);
#14= IFCGEOMETRICREPRESENTATIONSUBCONTEXT('FootPrint','Model',*,*,*,*,#11,$,.MODEL_VIEW.,$);
#15= IFCSIUNIT(*,.LENGTHUNIT.,.MILLI.,.METRE.);
#16= IFCMEASUREWITHUNIT(IFCRATIOMEASURE(304.8),#15);
#17= IFCDIMENSIONALEXPONENTS(1,0,0,0,0,0,0);
#18= IFCCONVERSIONBASEDUNIT(#17,.LENGTHUNIT.,'FOOT',#16);
#19= IFCSIUNIT(*,.AREAUNIT.,$,.SQUARE_METRE.);
#20= IFCMEASUREWITHUNIT(IFCRATIOMEASURE(0.09290304),#19);
#21= IFCDIMENSIONALEXPONENTS(2,0,0,0,0,0,0);
#22= IFCCONVERSIONBASEDUNIT(#21,.AREAUNIT.,'SQUARE FOOT',#20);
#23= IFCSIUNIT(*,.VOLUMEUNIT.,$,.CUBIC_METRE.);
#24= IFCMEASUREWITHUNIT(IFCRATIOMEASURE(0.028316846592),#23);
#25= IFCDIMENSIONALEXPONENTS(3,0,0,0,0,0,0);
#26= IFCCONVERSIONBASEDUNIT(#25,.VOLUMEUNIT.,'CUBIC FOOT',#24);
#27= IFCSIUNIT(*,.MASSUNIT.,.KILO.,.GRAM.);
#28= IFCSIUNIT(*,.TIMEUNIT.,$,.SECOND.);
#29= IFCSIUNIT(*,.PLANEANGLEUNIT.,$,.RADIAN.);
#30= IFCMEASUREWITHUNIT(IFCRATIOMEASURE(0.0174532925199433),#29);
#31= IFCDIMENSIONALEXPONENTS(0,0,0,0,0,0,0);
#32= IFCCONVERSIONBASEDUNIT(#31,.PLANEANGLEUNIT.,'DEGREE',#30);
#33= IFCSIUNIT(*,.SOLIDANGLEUNIT.,$,.STERADIAN.);
#34= IFCSIUNIT(*,.THERMODYNAMICTEMPERATUREUNIT.,$,.DEGREE_CELSIUS.);
#35= IFCSIUNIT(*,.LUMINOUSINTENSITYUNIT.,$,.LUMEN.);
#36= IFCUNITASSIGNMENT((#15,#19,#23,#27,#28,#29,#33,#34,#35));
#37= IFCPROJECT('03JpwgyuDECBh5i$u5lmFr',#5,'Undefined',$,$,$,$,(#11),#36);
#38= IFCLOCALPLACEMENT($,#10);
#39= IFCSITE('29YT4SRLz9Vusz1ftVCZUM',#5,'Undefined',$,$,#38,$,$,.ELEMENT.,$,$,$,$,$);
#40= IFCLOCALPLACEMENT(#38,#10);
#41= IFCBUILDING('3eCwgPUJ9B$ukrpUbsQVel',#5,'Undefined',$,$,#40,$,$,.ELEMENT.,$,$,$);
#42= IFCLOCALPLACEMENT(#40,#10);
#43= IFCBUILDINGSTOREY('3gJPpYF7LCbf7I109fNVl5',#5,'Undefined',$,$,#42,$,$,.ELEMENT.,0.);
#44= IFCOWNERHISTORY(#3,#4,$,.NOCHANGE.,$,$,$,1770840000);
#45= IFCCOLOURRGB($,0.698039215686274,0.4,0.);
#46= IFCSURFACESTYLERENDERING(#45,0.,$,$,$,$,IFCNORMALISEDRATIOMEASURE(0.00390625),IFCSPECULAREXPONENT(10.),.NOTDEFINED.);
#47= IFCSURFACESTYLE('EVENT',.POSITIVE.,(#46));
#48= IFCPRESENTATIONSTYLEASSIGNMENT((#47));
#49= IFCCARTESIANPOINT((7.5,-4.00000021035339,0.));
#50= IFCCARTESIANPOINT((6.49519052838316,-4.00000021035339,3.75000000000022));
#51= IFCCARTESIANPOINT((3.74999999999955,-4.00000021035339,6.49519052838355));
#52= IFCCARTESIANPOINT((-7.77251986200242E-13,-4.00000021035339,7.5));
#53= IFCCARTESIANPOINT((-3.7500000000009,-4.00000021035339,6.49519052838277));
#54= IFCCARTESIANPOINT((-6.49519052838394,-4.00000021035339,3.74999999999888));
#55= IFCCARTESIANPOINT((-7.5,-4.00000021035339,-1.55450397240048E-12));
#56= IFCCARTESIANPOINT((-6.49519052838238,-4.00000021035339,-3.75000000000157));
#57= IFCCARTESIANPOINT((-3.74999999999821,-4.00000021035339,-6.49519052838432));
#58= IFCCARTESIANPOINT((2.32342928591604E-12,-4.00000021035339,-7.5));
#59= IFCCARTESIANPOINT((3.75000000000224,-4.00000021035339,-6.495190528382));
#60= IFCCARTESIANPOINT((6.49519052838471,-4.00000021035339,-3.74999999999753));
#61= IFCCARTESIANPOINT((7.5,4.09999978964661,0.));
#62= IFCCARTESIANPOINT((6.49519052838316,4.09999978964661,3.75000000000022));
#63= IFCCARTESIANPOINT((3.74999999999955,4.09999978964661,6.49519052838355));
#64= IFCCARTESIANPOINT((-7.77251986200242E-13,4.09999978964661,7.5));
#65= IFCCARTESIANPOINT((-3.7500000000009,4.09999978964661,6.49519052838277));
#66= IFCCARTESIANPOINT((-6.49519052838394,4.09999978964661,3.74999999999888));
#67= IFCCARTESIANPOINT((-7.5,4.09999978964661,-1.55450397240048E-12));
#68= IFCCARTESIANPOINT((-6.49519052838238,4.09999978964661,-3.75000000000157));
#69= IFCCARTESIANPOINT((-3.74999999999821,4.09999978964661,-6.49519052838432));
#70= IFCCARTESIANPOINT((2.32342928591604E-12,4.09999978964661,-7.5));
#71= IFCCARTESIANPOINT((3.75000000000224,4.09999978964661,-6.495190528382));
#72= IFCCARTESIANPOINT((6.49519052838471,4.09999978964661,-3.74999999999753));
#73= IFCPOLYLOOP((#49,#50,#51,#52,#53,#54,#55,#56,#57,#58,#59,#60));
#74= IFCFACEOUTERBOUND(#73,.T.);
#75= IFCFACE((#74));
#76= IFCPOLYLOOP((#72,#71,#70,#69,#68,#67,#66,#65,#64,#63,#62,#61));
#77= IFCFACEOUTERBOUND(#76,.T.);
#78= IFCFACE((#77));
#79= IFCPOLYLOOP((#49,#61,#62,#50));
#80= IFCFACEOUTERBOUND(#79,.T.);
#81= IFCFACE((#80));
#82= IFCPOLYLOOP((#50,#62,#63,#51));
#83= IFCFACEOUTERBOUND(#82,.T.);
#84= IFCFACE((#83));
#85= IFCPOLYLOOP((#51,#63,#64,#52));
#86= IFCFACEOUTERBOUND(#85,.T.);
#87= IFCFACE((#86));
#88= IFCPOLYLOOP((#52,#64,#65,#53));
#89= IFCFACEOUTERBOUND(#88,.T.);
#90= IFCFACE((#89));
#91= IFCPOLYLOOP((#53,#65,#66,#54));
#92= IFCFACEOUTERBOUND(#91,.T.);
#93= IFCFACE((#92));
#94= IFCPOLYLOOP((#54,#66,#67,#55));
#95= IFCFACEOUTERBOUND(#94,.T.);
#96= IFCFACE((#95));
#97= IFCPOLYLOOP((#55,#67,#68,#56));
#98= IFCFACEOUTERBOUND(#97,.T.);
#99= IFCFACE((#98));
#100= IFCPOLYLOOP((#56,#68,#69,#57));
#101= IFCFACEOUTERBOUND(#100,.T.);
#102= IFCFACE((#101));
#103= IFCPOLYLOOP((#57,#69,#70,#58));
#104= IFCFACEOUTERBOUND(#103,.T.);
#105= IFCFACE((#104));
#106= IFCPOLYLOOP((#58,#70,#71,#59));
#107= IFCFACEOUTERBOUND(#106,.T.);
#108= IFCFACE((#107));
#109= IFCPOLYLOOP((#59,#71,#72,#60));
#110= IFCFACEOUTERBOUND(#109,.T.);
#111= IFCFACE((#110));
#112= IFCPOLYLOOP((#60,#72,#61,#49));
#113= IFCFACEOUTERBOUND(#112,.T.);
#114= IFCFACE((#113));
#115= IFCCLOSEDSHELL((#75,#78,#81,#84,#87,#90,#93,#96,#99,#102,#105,#108,#111,#114));
#116= IFCCOLOURRGB($,0.,0.,0.);
#117= IFCSURFACESTYLERENDERING(#116,0.,$,$,$,$,IFCNORMALISEDRATIOMEASURE(0.00390625),IFCSPECULAREXPONENT(10.),.NOTDEFINED.);
#118= IFCSURFACESTYLE($,.POSITIVE.,(#117));
#119= IFCPRESENTATIONSTYLEASSIGNMENT((#118));
#120= IFCFACETEDBREP(#115);
#121= IFCSTYLEDITEM(#120,(#119),$);
#122= IFCCARTESIANTRANSFORMATIONOPERATOR3D($,$,#6,$,$);
#123= IFCSHAPEREPRESENTATION(#12,'Body','Brep',(#120));
#124= IFCREPRESENTATIONMAP(#10,#123);
#125= IFCMAPPEDITEM(#124,#122);
#126= IFCSHAPEREPRESENTATION(#12,'Body','MappedRepresentation',(#125));
#127= IFCPRODUCTDEFINITIONSHAPE($,$,(#126));
#128= IFCCARTESIANPOINT((1397.89637988276,26306.9872989867,16682.4995422362));
#129= IFCDIRECTION((0.509320893901121,0.,0.86057668283295));
#130= IFCDIRECTION((-0.860576682832949,0.,0.509320893901122));
#131= IFCAXIS2PLACEMENT3D(#128,#129,#130);
#132= IFCLOCALPLACEMENT(#42,#131);
#133= IFCMECHANICALFASTENER('0VkgcTUSXBSeCzZzdBB$KQ',#44,'Bolt assembly',$,$,#132,#127,'ID1fbaa99d-79c8-4b72-833d-8fd9cb2ff51a',15.,8.);
#134= IFCMECHANICALFASTENERTYPE('3RIqwAw2rFlvcxCZVV21CW',#5,'Bolt assembly',$,$,$,$,$,$);
#135= IFCPROPERTYSINGLEVALUE('Washer count',$,IFCINTEGER(0),$);
#136= IFCPROPERTYSINGLEVALUE('Washer diameter',$,IFCLENGTHMEASURE(15.),$);
#137= IFCPROPERTYSINGLEVALUE('Washer type',$,IFCLABEL(''),$);
#138= IFCPROPERTYSINGLEVALUE('Washer name',$,IFCLABEL(''),$);
#139= IFCPROPERTYSINGLEVALUE('Nut count',$,IFCINTEGER(0),$);
#140= IFCPROPERTYSINGLEVALUE('Nut type',$,IFCLABEL(''),$);
#141= IFCPROPERTYSINGLEVALUE('Nut name',$,IFCLABEL(''),$);
#142= IFCPROPERTYSINGLEVALUE('Slotted hole y',$,IFCLENGTHMEASURE(0.),$);
#143= IFCPROPERTYSINGLEVALUE('Slotted hole x',$,IFCLENGTHMEASURE(0.),$);
#144= IFCPROPERTYSINGLEVALUE('Bolt hole diameter',$,IFCLENGTHMEASURE(15.),$);
#145= IFCPROPERTYSINGLEVALUE('Location',$,IFCLABEL('Site'),$);
#146= IFCPROPERTYSINGLEVALUE('Bolt count',$,IFCINTEGER(1),$);
#147= IFCPROPERTYSINGLEVALUE('Bolt size',$,IFCLENGTHMEASURE(15.),$);
#148= IFCPROPERTYSINGLEVALUE('Bolt length',$,IFCLENGTHMEASURE(8.),$);
#149= IFCPROPERTYSINGLEVALUE('Bolt standard',$,IFCLABEL('EVENT'),$);
#150= IFCPROPERTYSINGLEVALUE('Bolt Name',$,IFCLABEL(''),$);
#151= IFCPROPERTYSET('2hZtw2IG5AxgmiTG3Orvgd',#5,'Tekla Bolt','Bolt Properties',(#135,#136,#137,#138,#139,#140,#141,#142,#143,#144,#145,#146,#147,#148,#149,#150));
#152= IFCMATERIAL('EVENT');
#153= IFCMAPPEDITEM(#124,#122);
#154= IFCSHAPEREPRESENTATION(#12,'Body','MappedRepresentation',(#153));
#155= IFCPRODUCTDEFINITIONSHAPE($,$,(#154));
#156= IFCCARTESIANPOINT((1397.89637988277,26306.9872989866,16827.4995422362));
#157= IFCDIRECTION((-0.509320893901125,0.,0.860576682832947));
#158= IFCDIRECTION((-0.860576682832947,0.,-0.509320893901125));
#159= IFCAXIS2PLACEMENT3D(#156,#157,#158);
#160= IFCLOCALPLACEMENT(#42,#159);
#161= IFCMECHANICALFASTENER('16XZPJHT9DCO72HSdlgSYR',#44,'Bolt assembly',$,$,#160,#155,'ID46863653-45d2-4d31-81c2-45c9efa9c89b',15.,8.);
#162= IFCMAPPEDITEM(#124,#122);
#163= IFCSHAPEREPRESENTATION(#12,'Body','MappedRepresentation',(#162));
#164= IFCPRODUCTDEFINITIONSHAPE($,$,(#163));
#165= IFCCARTESIANPOINT((1167.51650355077,26306.9872989864,16682.4995422362));
#166= IFCDIRECTION((0.509320893901127,0.,-0.860576682832946));
#167= IFCDIRECTION((0.860576682832946,0.,0.509320893901127));
#168= IFCAXIS2PLACEMENT3D(#165,#166,#167);
#169= IFCLOCALPLACEMENT(#42,#168);
#170= IFCMECHANICALFASTENER('3FwgtDmRb2PBulhPEshUlO',#44,'Bolt assembly',$,$,#169,#164,'IDcfeaadcd-c1b9-4264-be2f-ad93b6adebd8',15.,8.);
#171= IFCMAPPEDITEM(#124,#122);
#172= IFCSHAPEREPRESENTATION(#12,'Body','MappedRepresentation',(#171));
#173= IFCPRODUCTDEFINITIONSHAPE($,$,(#172));
#174= IFCCARTESIANPOINT((1167.51650355077,26306.9872989862,16827.4995422362));
#175= IFCDIRECTION((-0.509320893901127,0.,-0.860576682832946));
#176= IFCDIRECTION((0.860576682832946,0.,-0.509320893901127));
#177= IFCAXIS2PLACEMENT3D(#174,#175,#176);
#178= IFCLOCALPLACEMENT(#42,#177);
#179= IFCMECHANICALFASTENER('2M0NrQagr7ER_AnjOf9XQi',#44,'Bolt assembly',$,$,#178,#173,'ID96017d5a-92ad-4739-bf8a-c6d6292616ac',15.,8.);
#180= IFCMAPPEDITEM(#124,#122);
#181= IFCSHAPEREPRESENTATION(#12,'Body','MappedRepresentation',(#180));
#182= IFCPRODUCTDEFINITIONSHAPE($,$,(#181));
#183= IFCCARTESIANPOINT((1397.84637420966,27079.0022814276,16682.4995422362));
#184= IFCAXIS2PLACEMENT3D(#183,#129,#130);
#185= IFCLOCALPLACEMENT(#42,#184);
#186= IFCMECHANICALFASTENER('1obUZ6J7b9dBPh7Z$zErMd',#44,'Bolt assembly',$,$,#185,#182,'ID7295e8c6-4c79-499c-b66b-1e3ffd3b55a7',15.,8.);
#187= IFCMAPPEDITEM(#124,#122);
#188= IFCSHAPEREPRESENTATION(#12,'Body','MappedRepresentation',(#187));
#189= IFCPRODUCTDEFINITIONSHAPE($,$,(#188));
#190= IFCCARTESIANPOINT((1397.84637420966,27079.0022814275,16827.4995422362));
#191= IFCAXIS2PLACEMENT3D(#190,#157,#158);
#192= IFCLOCALPLACEMENT(#42,#191);
#193= IFCMECHANICALFASTENER('0rTx4qNn96QeDWAm7FHiYa',#44,'Bolt assembly',$,$,#192,#189,'ID3577b134-5f12-466a-8360-2b01cf46c8a4',15.,8.);
#194= IFCMAPPEDITEM(#124,#122);
#195= IFCSHAPEREPRESENTATION(#12,'Body','MappedRepresentation',(#194));
#196= IFCPRODUCTDEFINITIONSHAPE($,$,(#195));
#197= IFCCARTESIANPOINT((1167.46649787767,27079.0022814272,16682.4995422362));
#198= IFCAXIS2PLACEMENT3D(#197,#166,#167);
#199= IFCLOCALPLACEMENT(#42,#198);
#200= IFCMECHANICALFASTENER('3ROtKUnrfFa9E3C1R8mYwP',#44,'Bolt assembly',$,$,#199,#196,'IDdb63751e-c75a-4f90-9383-3016c8c22e99',15.,8.);
#201= IFCMAPPEDITEM(#124,#122);
#202= IFCSHAPEREPRESENTATION(#12,'Body','MappedRepresentation',(#201));
#203= IFCPRODUCTDEFINITIONSHAPE($,$,(#202));
#204= IFCCARTESIANPOINT((1167.46649787767,27079.0022814271,16827.4995422362));
#205= IFCAXIS2PLACEMENT3D(#204,#175,#176);
#206= IFCLOCALPLACEMENT(#42,#205);
#207= IFCMECHANICALFASTENER('0apX4WMw5EiQyUGx3XFN2y',#44,'Bolt assembly',$,$,#206,#203,'ID24ce1120-5ba1-4eb1-af1e-43b0e13d70bc',15.,8.);
#208= IFCCARTESIANPOINT((7.5,-6.,0.));
#209= IFCCARTESIANPOINT((6.49519052838316,-6.,3.75000000000022));
#210= IFCCARTESIANPOINT((3.74999999999955,-6.,6.49519052838355));
#211= IFCCARTESIANPOINT((-7.77251986200242E-13,-6.,7.5));
#212= IFCCARTESIANPOINT((-3.7500000000009,-6.,6.49519052838277));
#213= IFCCARTESIANPOINT((-6.49519052838394,-6.,3.74999999999888));
#214= IFCCARTESIANPOINT((-7.5,-6.,-1.55450397240048E-12));
#215= IFCCARTESIANPOINT((-6.49519052838238,-6.,-3.75000000000157));
#216= IFCCARTESIANPOINT((-3.74999999999821,-6.,-6.49519052838432));
#217= IFCCARTESIANPOINT((2.32342928591604E-12,-6.,-7.5));
#218= IFCCARTESIANPOINT((3.75000000000224,-6.,-6.495190528382));
#219= IFCCARTESIANPOINT((6.49519052838471,-6.,-3.74999999999753));
#220= IFCCARTESIANPOINT((7.5,6.1,0.));
#221= IFCCARTESIANPOINT((6.49519052838316,6.1,3.75000000000022));
#222= IFCCARTESIANPOINT((3.74999999999955,6.1,6.49519052838355));
#223= IFCCARTESIANPOINT((-7.77251986200242E-13,6.1,7.5));
#224= IFCCARTESIANPOINT((-3.7500000000009,6.1,6.49519052838277));
#225= IFCCARTESIANPOINT((-6.49519052838394,6.1,3.74999999999888));
#226= IFCCARTESIANPOINT((-7.5,6.1,-1.55450397240048E-12));
#227= IFCCARTESIANPOINT((-6.49519052838238,6.1,-3.75000000000157));
#228= IFCCARTESIANPOINT((-3.74999999999821,6.1,-6.49519052838432));
#229= IFCCARTESIANPOINT((2.32342928591604E-12,6.1,-7.5));
#230= IFCCARTESIANPOINT((3.75000000000224,6.1,-6.495190528382));
#231= IFCCARTESIANPOINT((6.49519052838471,6.1,-3.74999999999753));
#232= IFCPOLYLOOP((#208,#209,#210,#211,#212,#213,#214,#215,#216,#217,#218,#219));
#233= IFCFACEOUTERBOUND(#232,.T.);
#234= IFCFACE((#233));
#235= IFCPOLYLOOP((#231,#230,#229,#228,#227,#226,#225,#224,#223,#222,#221,#220));
#236= IFCFACEOUTERBOUND(#235,.T.);
#237= IFCFACE((#236));
#238= IFCPOLYLOOP((#208,#220,#221,#209));
#239= IFCFACEOUTERBOUND(#238,.T.);
#240= IFCFACE((#239));
#241= IFCPOLYLOOP((#209,#221,#222,#210));
#242= IFCFACEOUTERBOUND(#241,.T.);
#243= IFCFACE((#242));
#244= IFCPOLYLOOP((#210,#222,#223,#211));
#245= IFCFACEOUTERBOUND(#244,.T.);
#246= IFCFACE((#245));
#247= IFCPOLYLOOP((#211,#223,#224,#212));
#248= IFCFACEOUTERBOUND(#247,.T.);
#249= IFCFACE((#248));
#250= IFCPOLYLOOP((#212,#224,#225,#213));
#251= IFCFACEOUTERBOUND(#250,.T.);
#252= IFCFACE((#251));
#253= IFCPOLYLOOP((#213,#225,#226,#214));
#254= IFCFACEOUTERBOUND(#253,.T.);
#255= IFCFACE((#254));
#256= IFCPOLYLOOP((#214,#226,#227,#215));
#257= IFCFACEOUTERBOUND(#256,.T.);
#258= IFCFACE((#257));
#259= IFCPOLYLOOP((#215,#227,#228,#216));
#260= IFCFACEOUTERBOUND(#259,.T.);
#261= IFCFACE((#260));
#262= IFCPOLYLOOP((#216,#228,#229,#217));
#263= IFCFACEOUTERBOUND(#262,.T.);
#264= IFCFACE((#263));
#265= IFCPOLYLOOP((#217,#229,#230,#218));
#266= IFCFACEOUTERBOUND(#265,.T.);
#267= IFCFACE((#266));
#268= IFCPOLYLOOP((#218,#230,#231,#219));
#269= IFCFACEOUTERBOUND(#268,.T.);
#270= IFCFACE((#269));
#271= IFCPOLYLOOP((#219,#231,#220,#208));
#272= IFCFACEOUTERBOUND(#271,.T.);
#273= IFCFACE((#272));
#274= IFCCLOSEDSHELL((#234,#237,#240,#243,#246,#249,#252,#255,#258,#261,#264,#267,#270,#273));
#275= IFCFACETEDBREP(#274);
#276= IFCSTYLEDITEM(#275,(#119),$);
#277= IFCSHAPEREPRESENTATION(#12,'Body','Brep',(#275));
#278= IFCREPRESENTATIONMAP(#10,#277);
#279= IFCMAPPEDITEM(#278,#122);
#280= IFCSHAPEREPRESENTATION(#12,'Body','MappedRepresentation',(#279));
#281= IFCPRODUCTDEFINITIONSHAPE($,$,(#280));
#282= IFCCARTESIANPOINT((3094.00274668105,30165.4957275843,16681.9243271434));
#283= IFCDIRECTION((0.,0.509320893901134,0.860576682832942));
#284= IFCDIRECTION((0.,-0.860576682832942,0.509320893901133));
#285= IFCAXIS2PLACEMENT3D(#282,#283,#284);
#286= IFCLOCALPLACEMENT(#42,#285);
#287= IFCMECHANICALFASTENER('3kqPk4qA12TPPETxTjTU3X',#44,'Bolt assembly',$,$,#286,#281,'IDeed19b84-d0a0-4275-964e-77b76d75e0e1',15.,12.);
#288= IFCPROPERTYSINGLEVALUE('Bolt length',$,IFCLENGTHMEASURE(12.),$);
#289= IFCPROPERTYSET('3qDboHR6PD7gx9Yp83j7IZ',#5,'Tekla Bolt','Bolt Properties',(#135,#136,#137,#138,#139,#140,#141,#142,#143,#144,#145,#146,#147,#288,#149,#150));
#290= IFCMAPPEDITEM(#278,#122);
#291= IFCSHAPEREPRESENTATION(#12,'Body','MappedRepresentation',(#290));
#292= IFCPRODUCTDEFINITIONSHAPE($,$,(#291));
#293= IFCCARTESIANPOINT((3094.00274668105,30165.4957275843,16826.9243271434));
#294= IFCDIRECTION((0.,0.509320893901135,-0.860576682832942));
#295= IFCDIRECTION((0.,-0.860576682832942,-0.509320893901133));
#296= IFCAXIS2PLACEMENT3D(#293,#294,#295);
#297= IFCLOCALPLACEMENT(#42,#296);
#298= IFCMECHANICALFASTENER('3SikWspSTFQvJNaY3fp_VO',#44,'Bolt assembly',$,$,#297,#292,'IDdcb2e836-cdc7-4f6b-94d7-9220e9cfe7d8',15.,12.);
#299= IFCMAPPEDITEM(#278,#122);
#300= IFCSHAPEREPRESENTATION(#12,'Body','MappedRepresentation',(#299));
#301= IFCPRODUCTDEFINITIONSHAPE($,$,(#300));
#302= IFCCARTESIANPOINT((3094.00274668105,29920.4957275843,16826.9243271434));
#303= IFCDIRECTION((0.,0.860576682832949,-0.509320893901123));
#304= IFCAXIS2PLACEMENT3D(#302,#283,#303);
#305= IFCLOCALPLACEMENT(#42,#304);
#306= IFCMECHANICALFASTENER('2u7IKTz7LBrOQx7gjMKFGT',#44,'Bolt assembly',$,$,#305,#301,'IDb81d251d-f475-4bd5-86bb-1eab5650f41d',15.,12.);
#307= IFCMAPPEDITEM(#278,#122);
#308= IFCSHAPEREPRESENTATION(#12,'Body','MappedRepresentation',(#307));
#309= IFCPRODUCTDEFINITIONSHAPE($,$,(#308));
#310= IFCCARTESIANPOINT((3094.00274668105,29920.4957275843,16681.9243271434));
#311= IFCDIRECTION((0.,-0.509320893901124,0.860576682832948));
#312= IFCDIRECTION((0.,0.860576682832949,0.509320893901123));
#313= IFCAXIS2PLACEMENT3D(#310,#311,#312);
#314= IFCLOCALPLACEMENT(#42,#313);
#315= IFCMECHANICALFASTENER('3m2FX89UjFmwC3StO7mb$m',#44,'Bolt assembly',$,$,#314,#309,'IDf008f848-25eb-4fc3-a303-737607c25ff0',15.,12.);
#316= IFCCARTESIANPOINT((7.5,-5.,0.));
#317= IFCCARTESIANPOINT((6.49519052838316,-5.,3.75000000000022));
#318= IFCCARTESIANPOINT((3.74999999999955,-5.,6.49519052838355));
#319= IFCCARTESIANPOINT((-7.77251986200242E-13,-5.,7.5));
#320= IFCCARTESIANPOINT((-3.7500000000009,-5.,6.49519052838277));
#321= IFCCARTESIANPOINT((-6.49519052838394,-5.,3.74999999999888));
#322= IFCCARTESIANPOINT((-7.5,-5.,-1.55450397240048E-12));
#323= IFCCARTESIANPOINT((-6.49519052838238,-5.,-3.75000000000157));
#324= IFCCARTESIANPOINT((-3.74999999999821,-5.,-6.49519052838432));
#325= IFCCARTESIANPOINT((2.32342928591604E-12,-5.,-7.5));
#326= IFCCARTESIANPOINT((3.75000000000224,-5.,-6.495190528382));
#327= IFCCARTESIANPOINT((6.49519052838471,-5.,-3.74999999999753));
#328= IFCCARTESIANPOINT((7.5,5.1,0.));
#329= IFCCARTESIANPOINT((6.49519052838316,5.1,3.75000000000022));
#330= IFCCARTESIANPOINT((3.74999999999955,5.1,6.49519052838355));
#331= IFCCARTESIANPOINT((-7.77251986200242E-13,5.1,7.5));
#332= IFCCARTESIANPOINT((-3.7500000000009,5.1,6.49519052838277));
#333= IFCCARTESIANPOINT((-6.49519052838394,5.1,3.74999999999888));
#334= IFCCARTESIANPOINT((-7.5,5.1,-1.55450397240048E-12));
#335= IFCCARTESIANPOINT((-6.49519052838238,5.1,-3.75000000000157));
#336= IFCCARTESIANPOINT((-3.74999999999821,5.1,-6.49519052838432));
#337= IFCCARTESIANPOINT((2.32342928591604E-12,5.1,-7.5));
#338= IFCCARTESIANPOINT((3.75000000000224,5.1,-6.495190528382));
#339= IFCCARTESIANPOINT((6.49519052838471,5.1,-3.74999999999753));
#340= IFCPOLYLOOP((#316,#317,#318,#319,#320,#321,#322,#323,#324,#325,#326,#327));
#341= IFCFACEOUTERBOUND(#340,.T.);
#342= IFCFACE((#341));
#343= IFCPOLYLOOP((#339,#338,#337,#336,#335,#334,#333,#332,#331,#330,#329,#328));
#344= IFCFACEOUTERBOUND(#343,.T.);
#345= IFCFACE((#344));
#346= IFCPOLYLOOP((#316,#328,#329,#317));
#347= IFCFACEOUTERBOUND(#346,.T.);
#348= IFCFACE((#347));
#349= IFCPOLYLOOP((#317,#329,#330,#318));
#350= IFCFACEOUTERBOUND(#349,.T.);
#351= IFCFACE((#350));
#352= IFCPOLYLOOP((#318,#330,#331,#319));
#353= IFCFACEOUTERBOUND(#352,.T.);
#354= IFCFACE((#353));
#355= IFCPOLYLOOP((#319,#331,#332,#320));
#356= IFCFACEOUTERBOUND(#355,.T.);
#357= IFCFACE((#356));
#358= IFCPOLYLOOP((#320,#332,#333,#321));
#359= IFCFACEOUTERBOUND(#358,.T.);
#360= IFCFACE((#359));
#361= IFCPOLYLOOP((#321,#333,#334,#322));
#362= IFCFACEOUTERBOUND(#361,.T.);
#363= IFCFACE((#362));
#364= IFCPOLYLOOP((#322,#334,#335,#323));
#365= IFCFACEOUTERBOUND(#364,.T.);
#366= IFCFACE((#365));
#367= IFCPOLYLOOP((#323,#335,#336,#324));
#368= IFCFACEOUTERBOUND(#367,.T.);
#369= IFCFACE((#368));
#370= IFCPOLYLOOP((#324,#336,#337,#325));
#371= IFCFACEOUTERBOUND(#370,.T.);
#372= IFCFACE((#371));
#373= IFCPOLYLOOP((#325,#337,#338,#326));
#374= IFCFACEOUTERBOUND(#373,.T.);
#375= IFCFACE((#374));
#376= IFCPOLYLOOP((#326,#338,#339,#327));
#377= IFCFACEOUTERBOUND(#376,.T.);
#378= IFCFACE((#377));
#379= IFCPOLYLOOP((#327,#339,#328,#316));
#380= IFCFACEOUTERBOUND(#379,.T.);
#381= IFCFACE((#380));
#382= IFCCLOSEDSHELL((#342,#345,#348,#351,#354,#357,#360,#363,#366,#369,#372,#375,#378,#381));
#383= IFCFACETEDBREP(#382);
#384= IFCSTYLEDITEM(#383,(#119),$);
#385= IFCSHAPEREPRESENTATION(#12,'Body','Brep',(#383));
#386= IFCREPRESENTATIONMAP(#10,#385);
#387= IFCMAPPEDITEM(#386,#122);
#388= IFCSHAPEREPRESENTATION(#12,'Body','MappedRepresentation',(#387));
#389= IFCPRODUCTDEFINITIONSHAPE($,$,(#388));
#390= IFCCARTESIANPOINT((1120.00274711343,30165.4957335063,16826.9243271434));
#391= IFCAXIS2PLACEMENT3D(#390,#294,#295);
#392= IFCLOCALPLACEMENT(#42,#391);
#393= IFCMECHANICALFASTENER('3q7nKopdn12OIsipGCRzPe',#44,'Bolt assembly',$,$,#392,#389,'IDf41f1532-ce7c-4109-84b6-b3340c6fd668',15.,10.);
#394= IFCPROPERTYSINGLEVALUE('Bolt length',$,IFCLENGTHMEASURE(10.),$);
#395= IFCPROPERTYSET('2UAhCTvH91EfQrEqW7INTC',#5,'Tekla Bolt','Bolt Properties',(#135,#136,#137,#138,#139,#140,#141,#142,#143,#144,#145,#146,#147,#394,#149,#150));
#396= IFCMAPPEDITEM(#386,#122);
#397= IFCSHAPEREPRESENTATION(#12,'Body','MappedRepresentation',(#396));
#398= IFCPRODUCTDEFINITIONSHAPE($,$,(#397));
#399= IFCCARTESIANPOINT((1120.00274711343,30165.4957335063,16681.9243271434));
#400= IFCAXIS2PLACEMENT3D(#399,#283,#284);
#401= IFCLOCALPLACEMENT(#42,#400);
#402= IFCMECHANICALFASTENER('3GvUs4$b90RQYM1e_PevM1',#44,'Bolt assembly',$,$,#401,#398,'IDd0e5ed84-fe52-406d-a896-068f99a39581',15.,10.);
#403= IFCMAPPEDITEM(#386,#122);
#404= IFCSHAPEREPRESENTATION(#12,'Body','MappedRepresentation',(#403));
#405= IFCPRODUCTDEFINITIONSHAPE($,$,(#404));
#406= IFCCARTESIANPOINT((1120.00274711343,29920.4957335063,16681.9243271434));
#407= IFCAXIS2PLACEMENT3D(#406,#294,#312);
#408= IFCLOCALPLACEMENT(#42,#407);
#409= IFCMECHANICALFASTENER('0NF2qpUuT668qBygjfnlvI',#44,'Bolt assembly',$,$,#408,#405,'ID173c2d33-7b87-4618-8d0b-f2ab69c6fe52',15.,10.);
#410= IFCMAPPEDITEM(#386,#122);
#411= IFCSHAPEREPRESENTATION(#12,'Body','MappedRepresentation',(#410));
#412= IFCPRODUCTDEFINITIONSHAPE($,$,(#411));
#413= IFCCARTESIANPOINT((1120.00274711343,29920.4957335063,16826.9243271434));
#414= IFCDIRECTION((0.,-0.50932089390113,-0.860576682832944));
#415= IFCAXIS2PLACEMENT3D(#413,#414,#303);
#416= IFCLOCALPLACEMENT(#42,#415);
#417= IFCMECHANICALFASTENER('2UQYGFiOj7FwSYRs8kbrxu',#44,'Bolt assembly',$,$,#416,#412,'ID9e6a240f-b18b-473f-a722-6f622e975ef8',15.,10.);
#418= IFCOWNERHISTORY(#3,#4,$,.NOCHANGE.,$,$,$,1770872400);
#419= IFCMAPPEDITEM(#278,#122);
#420= IFCSHAPEREPRESENTATION(#12,'Body','MappedRepresentation',(#419));
#421= IFCPRODUCTDEFINITIONSHAPE($,$,(#420));
#422= IFCCARTESIANPOINT((1412.50274658202,21275.0127465803,16682.4995422363));
#423= IFCAXIS2PLACEMENT3D(#422,#129,#130);
#424= IFCLOCALPLACEMENT(#42,#423);
#425= IFCMECHANICALFASTENER('0_F7yQanr1b9NvY0Lovttl',#418,'Bolt assembly',$,$,#424,#421,'ID3e3c7f1a-931d-4194-95f9-880572e77def',15.,12.);
#426= IFCMAPPEDITEM(#278,#122);
#427= IFCSHAPEREPRESENTATION(#12,'Body','MappedRepresentation',(#426));
#428= IFCPRODUCTDEFINITIONSHAPE($,$,(#427));
#429= IFCCARTESIANPOINT((1412.50274658202,21275.0127465803,16827.4995422363));
#430= IFCAXIS2PLACEMENT3D(#429,#166,#158);
#431= IFCLOCALPLACEMENT(#42,#430);
#432= IFCMECHANICALFASTENER('2CzdkjwD1EHPA$1r_uOzsG',#418,'Bolt assembly',$,$,#431,#428,'ID8cf67bad-e8d0-4e45-92bf-075fb863dd90',15.,12.);
#433= IFCMAPPEDITEM(#278,#122);
#434= IFCSHAPEREPRESENTATION(#12,'Body','MappedRepresentation',(#433));
#435= IFCPRODUCTDEFINITIONSHAPE($,$,(#434));
#436= IFCCARTESIANPOINT((1167.50274658202,21275.0127465803,16827.4995422363));
#437= IFCAXIS2PLACEMENT3D(#436,#129,#176);
#438= IFCLOCALPLACEMENT(#42,#437);
#439= IFCMECHANICALFASTENER('1uETVtjHDA7vwsLQ$5iVeH',#418,'Bolt assembly',$,$,#438,#435,'ID7839d7f7-b513-4a1f-9eb6-55afc5b1fa11',15.,12.);
#440= IFCMAPPEDITEM(#278,#122);
#441= IFCSHAPEREPRESENTATION(#12,'Body','MappedRepresentation',(#440));
#442= IFCPRODUCTDEFINITIONSHAPE($,$,(#441));
#443= IFCCARTESIANPOINT((1167.50274658202,21275.0127465803,16682.4995422363));
#444= IFCAXIS2PLACEMENT3D(#443,#157,#167);
#445= IFCLOCALPLACEMENT(#42,#444);
#446= IFCMECHANICALFASTENER('0wFybyjOD9vweRBh_Pa3xx',#418,'Bolt assembly',$,$,#445,#442,'ID3a3fc97c-b583-49e7-aa1b-2ebf99903efb',15.,12.);
#447= IFCOWNERHISTORY(#3,#4,$,.NOCHANGE.,$,$,$,1770796800);
#448= IFCSURFACESTYLE('TS10.9',.POSITIVE.,(#46));
#449= IFCPRESENTATIONSTYLEASSIGNMENT((#448));
#450= IFCCARTESIANPOINT((13.,-39.9054931630002,0.));
#451= IFCCARTESIANPOINT((11.2583302491975,-39.9054931630002,6.50000000000039));
#452= IFCCARTESIANPOINT((6.49999999999922,-39.9054931630002,11.2583302491982));
#453= IFCCARTESIANPOINT((-1.34723677608042E-12,-39.9054931630002,13.));
#454= IFCCARTESIANPOINT((-6.50000000000155,-39.9054931630002,11.2583302491968));
#455= IFCCARTESIANPOINT((-11.2583302491988,-39.9054931630002,6.49999999999806));
#456= IFCCARTESIANPOINT((-13.,-39.9054931630002,-2.69447355216084E-12));
#457= IFCCARTESIANPOINT((-11.2583302491961,-39.9054931630002,-6.50000000000272));
#458= IFCCARTESIANPOINT((-6.4999999999969,-39.9054931630002,-11.2583302491995));
#459= IFCCARTESIANPOINT((4.02727742892113E-12,-39.9054931630002,-13.));
#460= IFCCARTESIANPOINT((6.50000000000388,-39.9054931630002,-11.2583302491955));
#461= IFCCARTESIANPOINT((11.2583302492002,-39.9054931630002,-6.49999999999573));
#462= IFCCARTESIANPOINT((13.,-19.9054931630002,0.));
#463= IFCCARTESIANPOINT((11.2583302491975,-19.9054931630002,6.50000000000039));
#464= IFCCARTESIANPOINT((6.49999999999922,-19.9054931630002,11.2583302491982));
#465= IFCCARTESIANPOINT((-1.34723677608042E-12,-19.9054931630002,13.));
#466= IFCCARTESIANPOINT((-6.50000000000155,-19.9054931630002,11.2583302491968));
#467= IFCCARTESIANPOINT((-11.2583302491988,-19.9054931630002,6.49999999999806));
#468= IFCCARTESIANPOINT((-13.,-19.9054931630002,-2.69447355216084E-12));
#469= IFCCARTESIANPOINT((-11.2583302491961,-19.9054931630002,-6.50000000000272));
#470= IFCCARTESIANPOINT((-6.4999999999969,-19.9054931630002,-11.2583302491995));
#471= IFCCARTESIANPOINT((4.02727742892113E-12,-19.9054931630002,-13.));
#472= IFCCARTESIANPOINT((6.50000000000388,-19.9054931630002,-11.2583302491955));
#473= IFCCARTESIANPOINT((11.2583302492002,-19.9054931630002,-6.49999999999573));
#474= IFCPOLYLOOP((#450,#451,#452,#453,#454,#455,#456,#457,#458,#459,#460,#461));
#475= IFCFACEOUTERBOUND(#474,.T.);
#476= IFCFACE((#475));
#477= IFCPOLYLOOP((#473,#472,#471,#470,#469,#468,#467,#466,#465,#464,#463,#462));
#478= IFCFACEOUTERBOUND(#477,.T.);
#479= IFCFACE((#478));
#480= IFCPOLYLOOP((#450,#462,#463,#451));
#481= IFCFACEOUTERBOUND(#480,.T.);
#482= IFCFACE((#481));
#483= IFCPOLYLOOP((#451,#463,#464,#452));
#484= IFCFACEOUTERBOUND(#483,.T.);
#485= IFCFACE((#484));
#486= IFCPOLYLOOP((#452,#464,#465,#453));
#487= IFCFACEOUTERBOUND(#486,.T.);
#488= IFCFACE((#487));
#489= IFCPOLYLOOP((#453,#465,#466,#454));
#490= IFCFACEOUTERBOUND(#489,.T.);
#491= IFCFACE((#490));
#492= IFCPOLYLOOP((#454,#466,#467,#455));
#493= IFCFACEOUTERBOUND(#492,.T.);
#494= IFCFACE((#493));
#495= IFCPOLYLOOP((#455,#467,#468,#456));
#496= IFCFACEOUTERBOUND(#495,.T.);
#497= IFCFACE((#496));
#498= IFCPOLYLOOP((#456,#468,#469,#457));
#499= IFCFACEOUTERBOUND(#498,.T.);
#500= IFCFACE((#499));
#501= IFCPOLYLOOP((#457,#469,#470,#458));
#502= IFCFACEOUTERBOUND(#501,.T.);
#503= IFCFACE((#502));
#504= IFCPOLYLOOP((#458,#470,#471,#459));
#505= IFCFACEOUTERBOUND(#504,.T.);
#506= IFCFACE((#505));
#507= IFCPOLYLOOP((#459,#471,#472,#460));
#508= IFCFACEOUTERBOUND(#507,.T.);
#509= IFCFACE((#508));
#510= IFCPOLYLOOP((#460,#472,#473,#461));
#511= IFCFACEOUTERBOUND(#510,.T.);
#512= IFCFACE((#511));
#513= IFCPOLYLOOP((#461,#473,#462,#450));
#514= IFCFACEOUTERBOUND(#513,.T.);
#515= IFCFACE((#514));
#516= IFCCARTESIANPOINT((13.,-20.0999999989486,0.));
#517= IFCCARTESIANPOINT((11.2583302491975,-20.0999999989486,6.50000000000039));
#518= IFCCARTESIANPOINT((6.49999999999922,-20.0999999989486,11.2583302491982));
#519= IFCCARTESIANPOINT((-1.34723677608042E-12,-20.0999999989486,13.));
#520= IFCCARTESIANPOINT((-6.50000000000155,-20.0999999989486,11.2583302491968));
#521= IFCCARTESIANPOINT((-11.2583302491988,-20.0999999989486,6.49999999999806));
#522= IFCCARTESIANPOINT((-13.,-20.0999999989486,-2.69447355216084E-12));
#523= IFCCARTESIANPOINT((-11.2583302491961,-20.0999999989486,-6.50000000000272));
#524= IFCCARTESIANPOINT((-6.4999999999969,-20.0999999989486,-11.2583302491995));
#525= IFCCARTESIANPOINT((4.02727742892113E-12,-20.0999999989486,-13.));
#526= IFCCARTESIANPOINT((6.50000000000388,-20.0999999989486,-11.2583302491955));
#527= IFCCARTESIANPOINT((11.2583302492002,-20.0999999989486,-6.49999999999573));
#528= IFCCARTESIANPOINT((13.,1.05137587524951E-09,0.));
#529= IFCCARTESIANPOINT((11.2583302491975,1.05137587524951E-09,6.50000000000039));
#530= IFCCARTESIANPOINT((6.49999999999922,1.05137587524951E-09,11.2583302491982));
#531= IFCCARTESIANPOINT((-1.34723677608042E-12,1.05137587524951E-09,13.));
#532= IFCCARTESIANPOINT((-6.50000000000155,1.05137587524951E-09,11.2583302491968));
#533= IFCCARTESIANPOINT((-11.2583302491988,1.05137587524951E-09,6.49999999999806));
#534= IFCCARTESIANPOINT((-13.,1.05137587524951E-09,-2.69447355216084E-12));
#535= IFCCARTESIANPOINT((-11.2583302491961,1.05137587524951E-09,-6.50000000000272));
#536= IFCCARTESIANPOINT((-6.4999999999969,1.05137587524951E-09,-11.2583302491995));
#537= IFCCARTESIANPOINT((4.02727742892113E-12,1.05137587524951E-09,-13.));
#538= IFCCARTESIANPOINT((6.50000000000388,1.05137587524951E-09,-11.2583302491955));
#539= IFCCARTESIANPOINT((11.2583302492002,1.05137587524951E-09,-6.49999999999573));
#540= IFCPOLYLOOP((#516,#517,#518,#519,#520,#521,#522,#523,#524,#525,#526,#527));
#541= IFCFACEOUTERBOUND(#540,.T.);
#542= IFCFACE((#541));
#543= IFCPOLYLOOP((#539,#538,#537,#536,#535,#534,#533,#532,#531,#530,#529,#528));
#544= IFCFACEOUTERBOUND(#543,.T.);
#545= IFCFACE((#544));
#546= IFCPOLYLOOP((#516,#528,#529,#517));
#547= IFCFACEOUTERBOUND(#546,.T.);
#548= IFCFACE((#547));
#549= IFCPOLYLOOP((#517,#529,#530,#518));
#550= IFCFACEOUTERBOUND(#549,.T.);
#551= IFCFACE((#550));
#552= IFCPOLYLOOP((#518,#530,#531,#519));
#553= IFCFACEOUTERBOUND(#552,.T.);
#554= IFCFACE((#553));
#555= IFCPOLYLOOP((#519,#531,#532,#520));
#556= IFCFACEOUTERBOUND(#555,.T.);
#557= IFCFACE((#556));
#558= IFCPOLYLOOP((#520,#532,#533,#521));
#559= IFCFACEOUTERBOUND(#558,.T.);
#560= IFCFACE((#559));
#561= IFCPOLYLOOP((#521,#533,#534,#522));
#562= IFCFACEOUTERBOUND(#561,.T.);
#563= IFCFACE((#562));
#564= IFCPOLYLOOP((#522,#534,#535,#523));
#565= IFCFACEOUTERBOUND(#564,.T.);
#566= IFCFACE((#565));
#567= IFCPOLYLOOP((#523,#535,#536,#524));
#568= IFCFACEOUTERBOUND(#567,.T.);
#569= IFCFACE((#568));
#570= IFCPOLYLOOP((#524,#536,#537,#525));
#571= IFCFACEOUTERBOUND(#570,.T.);
#572= IFCFACE((#571));
#573= IFCPOLYLOOP((#525,#537,#538,#526));
#574= IFCFACEOUTERBOUND(#573,.T.);
#575= IFCFACE((#574));
#576= IFCPOLYLOOP((#526,#538,#539,#527));
#577= IFCFACEOUTERBOUND(#576,.T.);
#578= IFCFACE((#577));
#579= IFCPOLYLOOP((#527,#539,#528,#516));
#580= IFCFACEOUTERBOUND(#579,.T.);
#581= IFCFACE((#580));
#582= IFCCARTESIANPOINT((20.7846096908265,-63.7654931630002,0.));
#583= IFCCARTESIANPOINT((10.3923048454133,-63.7654931630002,18.));
#584= IFCCARTESIANPOINT((-10.3923048454133,-63.7654931630002,18.));
#585= IFCCARTESIANPOINT((-20.7846096908265,-63.7654931630002,2.54538057293978E-15));
#586= IFCCARTESIANPOINT((-10.3923048454133,-63.7654931630002,-18.));
#587= IFCCARTESIANPOINT((10.3923048454132,-63.7654931630002,-18.));
#588= IFCCARTESIANPOINT((20.7846096908265,-47.9254931630002,0.));
#589= IFCCARTESIANPOINT((10.3923048454133,-47.9254931630002,18.));
#590= IFCCARTESIANPOINT((-10.3923048454133,-47.9254931630002,18.));
#591= IFCCARTESIANPOINT((-20.7846096908265,-47.9254931630002,2.54538057293978E-15));
#592= IFCCARTESIANPOINT((-10.3923048454133,-47.9254931630002,-18.));
#593= IFCCARTESIANPOINT((10.3923048454132,-47.9254931630002,-18.));
#594= IFCPOLYLOOP((#582,#583,#584,#585,#586,#587));
#595= IFCFACEOUTERBOUND(#594,.T.);
#596= IFCFACE((#595));
#597= IFCPOLYLOOP((#593,#592,#591,#590,#589,#588));
#598= IFCFACEOUTERBOUND(#597,.T.);
#599= IFCFACE((#598));
#600= IFCPOLYLOOP((#582,#588,#589,#583));
#601= IFCFACEOUTERBOUND(#600,.T.);
#602= IFCFACE((#601));
#603= IFCPOLYLOOP((#583,#589,#590,#584));
#604= IFCFACEOUTERBOUND(#603,.T.);
#605= IFCFACE((#604));
#606= IFCPOLYLOOP((#584,#590,#591,#585));
#607= IFCFACEOUTERBOUND(#606,.T.);
#608= IFCFACE((#607));
#609= IFCPOLYLOOP((#585,#591,#592,#586));
#610= IFCFACEOUTERBOUND(#609,.T.);
#611= IFCFACE((#610));
#612= IFCPOLYLOOP((#586,#592,#593,#587));
#613= IFCFACEOUTERBOUND(#612,.T.);
#614= IFCFACE((#613));
#615= IFCPOLYLOOP((#587,#593,#588,#582));
#616= IFCFACEOUTERBOUND(#615,.T.);
#617= IFCFACE((#616));
#618= IFCCARTESIANPOINT((12.,-47.9254931630002,0.));
#619= IFCCARTESIANPOINT((10.3923048454131,-47.9254931630002,6.00000000000036));
#620= IFCCARTESIANPOINT((5.99999999999928,-47.9254931630002,10.3923048454137));
#621= IFCCARTESIANPOINT((-1.24360317792039E-12,-47.9254931630002,12.));
#622= IFCCARTESIANPOINT((-6.00000000000143,-47.9254931630002,10.3923048454124));
#623= IFCCARTESIANPOINT((-10.3923048454143,-47.9254931630002,5.99999999999821));
#624= IFCCARTESIANPOINT((-12.,-47.9254931630002,-2.48720635584077E-12));
#625= IFCCARTESIANPOINT((-10.3923048454118,-47.9254931630002,-6.00000000000251));
#626= IFCCARTESIANPOINT((-5.99999999999713,-47.9254931630002,-10.3923048454149));
#627= IFCCARTESIANPOINT((3.71748685746566E-12,-47.9254931630002,-12.));
#628= IFCCARTESIANPOINT((6.00000000000358,-47.9254931630002,-10.3923048454112));
#629= IFCCARTESIANPOINT((10.3923048454155,-47.9254931630002,-5.99999999999605));
#630= IFCCARTESIANPOINT((12.,37.0745068369998,0.));
#631= IFCCARTESIANPOINT((10.3923048454131,37.0745068369998,6.00000000000036));
#632= IFCCARTESIANPOINT((5.99999999999928,37.0745068369998,10.3923048454137));
#633= IFCCARTESIANPOINT((-1.24360317792039E-12,37.0745068369998,12.));
#634= IFCCARTESIANPOINT((-6.00000000000143,37.0745068369998,10.3923048454124));
#635= IFCCARTESIANPOINT((-10.3923048454143,37.0745068369998,5.99999999999821));
#636= IFCCARTESIANPOINT((-12.,37.0745068369998,-2.48720635584077E-12));
#637= IFCCARTESIANPOINT((-10.3923048454118,37.0745068369998,-6.00000000000251));
#638= IFCCARTESIANPOINT((-5.99999999999713,37.0745068369998,-10.3923048454149));
#639= IFCCARTESIANPOINT((3.71748685746566E-12,37.0745068369998,-12.));
#640= IFCCARTESIANPOINT((6.00000000000358,37.0745068369998,-10.3923048454112));
#641= IFCCARTESIANPOINT((10.3923048454155,37.0745068369998,-5.99999999999605));
#642= IFCPOLYLOOP((#618,#619,#620,#621,#622,#623,#624,#625,#626,#627,#628,#629));
#643= IFCFACEOUTERBOUND(#642,.T.);
#644= IFCFACE((#643));
#645= IFCPOLYLOOP((#641,#640,#639,#638,#637,#636,#635,#634,#633,#632,#631,#630));
#646= IFCFACEOUTERBOUND(#645,.T.);
#647= IFCFACE((#646));
#648= IFCPOLYLOOP((#618,#630,#631,#619));
#649= IFCFACEOUTERBOUND(#648,.T.);
#650= IFCFACE((#649));
#651= IFCPOLYLOOP((#619,#631,#632,#620));
#652= IFCFACEOUTERBOUND(#651,.T.);
#653= IFCFACE((#652));
#654= IFCPOLYLOOP((#620,#632,#633,#621));
#655= IFCFACEOUTERBOUND(#654,.T.);
#656= IFCFACE((#655));
#657= IFCPOLYLOOP((#621,#633,#634,#622));
#658= IFCFACEOUTERBOUND(#657,.T.);
#659= IFCFACE((#658));
#660= IFCPOLYLOOP((#622,#634,#635,#623));
#661= IFCFACEOUTERBOUND(#660,.T.);
#662= IFCFACE((#661));
#663= IFCPOLYLOOP((#623,#635,#636,#624));
#664= IFCFACEOUTERBOUND(#663,.T.);
#665= IFCFACE((#664));
#666= IFCPOLYLOOP((#624,#636,#637,#625));
#667= IFCFACEOUTERBOUND(#666,.T.);
#668= IFCFACE((#667));
#669= IFCPOLYLOOP((#625,#637,#638,#626));
#670= IFCFACEOUTERBOUND(#669,.T.);
#671= IFCFACE((#670));
#672= IFCPOLYLOOP((#626,#638,#639,#627));
#673= IFCFACEOUTERBOUND(#672,.T.);
#674= IFCFACE((#673));
#675= IFCPOLYLOOP((#627,#639,#640,#628));
#676= IFCFACEOUTERBOUND(#675,.T.);
#677= IFCFACE((#676));
#678= IFCPOLYLOOP((#628,#640,#641,#629));
#679= IFCFACEOUTERBOUND(#678,.T.);
#680= IFCFACE((#679));
#681= IFCPOLYLOOP((#629,#641,#630,#618));
#682= IFCFACEOUTERBOUND(#681,.T.);
#683= IFCFACE((#682));
#684= IFCCARTESIANPOINT((21.6,-47.9254931630002,0.));
#685= IFCCARTESIANPOINT((18.7061487217435,-47.9254931630002,10.8000000000006));
#686= IFCCARTESIANPOINT((10.7999999999987,-47.9254931630002,18.7061487217446));
#687= IFCCARTESIANPOINT((-2.2384857202567E-12,-47.9254931630002,21.6));
#688= IFCCARTESIANPOINT((-10.8000000000026,-47.9254931630002,18.7061487217424));
#689= IFCCARTESIANPOINT((-18.7061487217457,-47.9254931630002,10.7999999999968));
#690= IFCCARTESIANPOINT((-21.6,-47.9254931630002,-4.47697144051339E-12));
#691= IFCCARTESIANPOINT((-18.7061487217413,-47.9254931630002,-10.8000000000045));
#692= IFCCARTESIANPOINT((-10.7999999999948,-47.9254931630002,-18.7061487217469));
#693= IFCCARTESIANPOINT((6.69147634343819E-12,-47.9254931630002,-21.6));
#694= IFCCARTESIANPOINT((10.8000000000064,-47.9254931630002,-18.7061487217402));
#695= IFCCARTESIANPOINT((18.706148721748,-47.9254931630002,-10.7999999999929));
#696= IFCCARTESIANPOINT((21.6,-40.0054931630002,0.));
#697= IFCCARTESIANPOINT((18.7061487217435,-40.0054931630002,10.8000000000006));
#698= IFCCARTESIANPOINT((10.7999999999987,-40.0054931630002,18.7061487217446));
#699= IFCCARTESIANPOINT((-2.2384857202567E-12,-40.0054931630002,21.6));
#700= IFCCARTESIANPOINT((-10.8000000000026,-40.0054931630002,18.7061487217424));
#701= IFCCARTESIANPOINT((-18.7061487217457,-40.0054931630002,10.7999999999968));
#702= IFCCARTESIANPOINT((-21.6,-40.0054931630002,-4.47697144051339E-12));
#703= IFCCARTESIANPOINT((-18.7061487217413,-40.0054931630002,-10.8000000000045));
#704= IFCCARTESIANPOINT((-10.7999999999948,-40.0054931630002,-18.7061487217469));
#705= IFCCARTESIANPOINT((6.69147634343819E-12,-40.0054931630002,-21.6));
#706= IFCCARTESIANPOINT((10.8000000000064,-40.0054931630002,-18.7061487217402));
#707= IFCCARTESIANPOINT((18.706148721748,-40.0054931630002,-10.7999999999929));
#708= IFCPOLYLOOP((#684,#685,#686,#687,#688,#689,#690,#691,#692,#693,#694,#695));
#709= IFCFACEOUTERBOUND(#708,.T.);
#710= IFCFACE((#709));
#711= IFCPOLYLOOP((#707,#706,#705,#704,#703,#702,#701,#700,#699,#698,#697,#696));
#712= IFCFACEOUTERBOUND(#711,.T.);
#713= IFCFACE((#712));
#714= IFCPOLYLOOP((#684,#696,#697,#685));
#715= IFCFACEOUTERBOUND(#714,.T.);
#716= IFCFACE((#715));
#717= IFCPOLYLOOP((#685,#697,#698,#686));
#718= IFCFACEOUTERBOUND(#717,.T.);
#719= IFCFACE((#718));
#720= IFCPOLYLOOP((#686,#698,#699,#687));
#721= IFCFACEOUTERBOUND(#720,.T.);
#722= IFCFACE((#721));
#723= IFCPOLYLOOP((#687,#699,#700,#688));
#724= IFCFACEOUTERBOUND(#723,.T.);
#725= IFCFACE((#724));
#726= IFCPOLYLOOP((#688,#700,#701,#689));
#727= IFCFACEOUTERBOUND(#726,.T.);
#728= IFCFACE((#727));
#729= IFCPOLYLOOP((#689,#701,#702,#690));
#730= IFCFACEOUTERBOUND(#729,.T.);
#731= IFCFACE((#730));
#732= IFCPOLYLOOP((#690,#702,#703,#691));
#733= IFCFACEOUTERBOUND(#732,.T.);
#734= IFCFACE((#733));
#735= IFCPOLYLOOP((#691,#703,#704,#692));
#736= IFCFACEOUTERBOUND(#735,.T.);
#737= IFCFACE((#736));
#738= IFCPOLYLOOP((#692,#704,#705,#693));
#739= IFCFACEOUTERBOUND(#738,.T.);
#740= IFCFACE((#739));
#741= IFCPOLYLOOP((#693,#705,#706,#694));
#742= IFCFACEOUTERBOUND(#741,.T.);
#743= IFCFACE((#742));
#744= IFCPOLYLOOP((#694,#706,#707,#695));
#745= IFCFACEOUTERBOUND(#744,.T.);
#746= IFCFACE((#745));
#747= IFCPOLYLOOP((#695,#707,#696,#684));
#748= IFCFACEOUTERBOUND(#747,.T.);
#749= IFCFACE((#748));
#750= IFCCARTESIANPOINT((21.6,1.05137587524951E-09,0.));
#751= IFCCARTESIANPOINT((18.7061487217435,1.05137587524951E-09,10.8000000000006));
#752= IFCCARTESIANPOINT((10.7999999999987,1.05137587524951E-09,18.7061487217446));
#753= IFCCARTESIANPOINT((-2.2384857202567E-12,1.05137587524951E-09,21.6));
#754= IFCCARTESIANPOINT((-10.8000000000026,1.05137587524951E-09,18.7061487217424));
#755= IFCCARTESIANPOINT((-18.7061487217457,1.05137587524951E-09,10.7999999999968));
#756= IFCCARTESIANPOINT((-21.6,1.05137587524951E-09,-4.47697144051339E-12));
#757= IFCCARTESIANPOINT((-18.7061487217413,1.05137587524951E-09,-10.8000000000045));
#758= IFCCARTESIANPOINT((-10.7999999999948,1.05137587524951E-09,-18.7061487217469));
#759= IFCCARTESIANPOINT((6.69147634343819E-12,1.05137587524951E-09,-21.6));
#760= IFCCARTESIANPOINT((10.8000000000064,1.05137587524951E-09,-18.7061487217402));
#761= IFCCARTESIANPOINT((18.706148721748,1.05137587524951E-09,-10.7999999999929));
#762= IFCCARTESIANPOINT((21.6,7.92000000105138,0.));
#763= IFCCARTESIANPOINT((18.7061487217435,7.92000000105138,10.8000000000006));
#764= IFCCARTESIANPOINT((10.7999999999987,7.92000000105138,18.7061487217446));
#765= IFCCARTESIANPOINT((-2.2384857202567E-12,7.92000000105138,21.6));
#766= IFCCARTESIANPOINT((-10.8000000000026,7.92000000105138,18.7061487217424));
#767= IFCCARTESIANPOINT((-18.7061487217457,7.92000000105138,10.7999999999968));
#768= IFCCARTESIANPOINT((-21.6,7.92000000105138,-4.47697144051339E-12));
#769= IFCCARTESIANPOINT((-18.7061487217413,7.92000000105138,-10.8000000000045));
#770= IFCCARTESIANPOINT((-10.7999999999948,7.92000000105138,-18.7061487217469));
#771= IFCCARTESIANPOINT((6.69147634343819E-12,7.92000000105138,-21.6));
#772= IFCCARTESIANPOINT((10.8000000000064,7.92000000105138,-18.7061487217402));
#773= IFCCARTESIANPOINT((18.706148721748,7.92000000105138,-10.7999999999929));
#774= IFCPOLYLOOP((#750,#751,#752,#753,#754,#755,#756,#757,#758,#759,#760,#761));
#775= IFCFACEOUTERBOUND(#774,.T.);
#776= IFCFACE((#775));
#777= IFCPOLYLOOP((#773,#772,#771,#770,#769,#768,#767,#766,#765,#764,#763,#762));
#778= IFCFACEOUTERBOUND(#777,.T.);
#779= IFCFACE((#778));
#780= IFCPOLYLOOP((#750,#762,#763,#751));
#781= IFCFACEOUTERBOUND(#780,.T.);
#782= IFCFACE((#781));
#783= IFCPOLYLOOP((#751,#763,#764,#752));
#784= IFCFACEOUTERBOUND(#783,.T.);
#785= IFCFACE((#784));
#786= IFCPOLYLOOP((#752,#764,#765,#753));
#787= IFCFACEOUTERBOUND(#786,.T.);
#788= IFCFACE((#787));
#789= IFCPOLYLOOP((#753,#765,#766,#754));
#790= IFCFACEOUTERBOUND(#789,.T.);
#791= IFCFACE((#790));
#792= IFCPOLYLOOP((#754,#766,#767,#755));
#793= IFCFACEOUTERBOUND(#792,.T.);
#794= IFCFACE((#793));
#795= IFCPOLYLOOP((#755,#767,#768,#756));
#796= IFCFACEOUTERBOUND(#795,.T.);
#797= IFCFACE((#796));
#798= IFCPOLYLOOP((#756,#768,#769,#757));
#799= IFCFACEOUTERBOUND(#798,.T.);
#800= IFCFACE((#799));
#801= IFCPOLYLOOP((#757,#769,#770,#758));
#802= IFCFACEOUTERBOUND(#801,.T.);
#803= IFCFACE((#802));
#804= IFCPOLYLOOP((#758,#770,#771,#759));
#805= IFCFACEOUTERBOUND(#804,.T.);
#806= IFCFACE((#805));
#807= IFCPOLYLOOP((#759,#771,#772,#760));
#808= IFCFACEOUTERBOUND(#807,.T.);
#809= IFCFACE((#808));
#810= IFCPOLYLOOP((#760,#772,#773,#761));
#811= IFCFACEOUTERBOUND(#810,.T.);
#812= IFCFACE((#811));
#813= IFCPOLYLOOP((#761,#773,#762,#750));
#814= IFCFACEOUTERBOUND(#813,.T.);
#815= IFCFACE((#814));
#816= IFCCARTESIANPOINT((23.0016347245147,7.92000000105138,0.));
#817= IFCCARTESIANPOINT((11.5008173622573,7.92000000105138,19.92));
#818= IFCCARTESIANPOINT((-11.5008173622573,7.92000000105138,19.92));
#819= IFCCARTESIANPOINT((-23.0016347245147,7.92000000105138,2.81688783405335E-15));
#820= IFCCARTESIANPOINT((-11.5008173622574,7.92000000105138,-19.92));
#821= IFCCARTESIANPOINT((11.5008173622573,7.92000000105138,-19.92));
#822= IFCCARTESIANPOINT((23.0016347245147,23.7600000010514,0.));
#823= IFCCARTESIANPOINT((11.5008173622573,23.7600000010514,19.92));
#824= IFCCARTESIANPOINT((-11.5008173622573,23.7600000010514,19.92));
#825= IFCCARTESIANPOINT((-23.0016347245147,23.7600000010514,2.81688783405335E-15));
#826= IFCCARTESIANPOINT((-11.5008173622574,23.7600000010514,-19.92));
#827= IFCCARTESIANPOINT((11.5008173622573,23.7600000010514,-19.92));
#828= IFCPOLYLOOP((#816,#817,#818,#819,#820,#821));
#829= IFCFACEOUTERBOUND(#828,.T.);
#830= IFCFACE((#829));
#831= IFCPOLYLOOP((#827,#826,#825,#824,#823,#822));
#832= IFCFACEOUTERBOUND(#831,.T.);
#833= IFCFACE((#832));
#834= IFCPOLYLOOP((#816,#822,#823,#817));
#835= IFCFACEOUTERBOUND(#834,.T.);
#836= IFCFACE((#835));
#837= IFCPOLYLOOP((#817,#823,#824,#818));
#838= IFCFACEOUTERBOUND(#837,.T.);
#839= IFCFACE((#838));
#840= IFCPOLYLOOP((#818,#824,#825,#819));
#841= IFCFACEOUTERBOUND(#840,.T.);
#842= IFCFACE((#841));
#843= IFCPOLYLOOP((#819,#825,#826,#820));
#844= IFCFACEOUTERBOUND(#843,.T.);
#845= IFCFACE((#844));
#846= IFCPOLYLOOP((#820,#826,#827,#821));
#847= IFCFACEOUTERBOUND(#846,.T.);
#848= IFCFACE((#847));
#849= IFCPOLYLOOP((#821,#827,#822,#816));
#850= IFCFACEOUTERBOUND(#849,.T.);
#851= IFCFACE((#850));
#852= IFCCLOSEDSHELL((#596,#599,#602,#605,#608,#611,#614,#617,#644,#647,#650,#653,#656,#659,#662,#665,#668,#671,#674,#677,#680,#683,#710,#713,#716,#719,#722,#725,#728,#731,#734,#737,#740,#743,#746,#749,#776,#779,#782,#785,#788,#791,#794,#797,#800,#803,#806,#809,#812,#815,#830,#833,#836,#839,#842,#845,#848,#851));
#853= IFCFACETEDBREP(#852);
#854= IFCSTYLEDITEM(#853,(#449),$);
#855= IFCCLOSEDSHELL((#476,#479,#482,#485,#488,#491,#494,#497,#500,#503,#506,#509,#512,#515,#542,#545,#548,#551,#554,#557,#560,#563,#566,#569,#572,#575,#578,#581));
#856= IFCFACETEDBREP(#855);
#857= IFCSTYLEDITEM(#856,(#119),$);
#858= IFCSHAPEREPRESENTATION(#12,'Body','Brep',(#853,#856));
#859= IFCREPRESENTATIONMAP(#10,#858);
#860= IFCMAPPEDITEM(#859,#122);
#861= IFCSHAPEREPRESENTATION(#12,'Body','MappedRepresentation',(#860));
#862= IFCPRODUCTDEFINITIONSHAPE($,$,(#861));
#863= IFCCARTESIANPOINT((1170.00274659802,21139.0127465806,16579.9995422363));
#864= IFCDIRECTION((0.,0.,-1.));
#865= IFCAXIS2PLACEMENT3D(#863,#7,#864);
#866= IFCLOCALPLACEMENT(#42,#865);
#867= IFCMECHANICALFASTENER('3_rk7S4ATCL8sQBmA3bUVl',#447,'Bolt assembly',$,$,#866,#862,'IDfed6e1dc-10a7-4c54-8d9a-2f028395e7ef',24.,85.);
#868= IFCPROPERTYSINGLEVALUE('Washer count',$,IFCINTEGER(2),$);
#869= IFCPROPERTYSINGLEVALUE('Washer diameter',$,IFCLENGTHMEASURE(24.),$);
#870= IFCPROPERTYSINGLEVALUE('Nut count',$,IFCINTEGER(1),$);
#871= IFCPROPERTYSINGLEVALUE('Bolt hole diameter',$,IFCLENGTHMEASURE(26.),$);
#872= IFCPROPERTYSINGLEVALUE('Bolt size',$,IFCLENGTHMEASURE(24.),$);
#873= IFCPROPERTYSINGLEVALUE('Bolt length',$,IFCLENGTHMEASURE(85.),$);
#874= IFCPROPERTYSINGLEVALUE('Bolt standard',$,IFCLABEL('TS10.9'),$);
#875= IFCPROPERTYSET('31MiJDZtLEt9evAQyTIEZM',#5,'Tekla Bolt','Bolt Properties',(#868,#869,#137,#138,#870,#140,#141,#142,#143,#871,#145,#146,#872,#873,#874,#150));
#876= IFCMATERIAL('TS10.9');
#877= IFCMAPPEDITEM(#859,#122);
#878= IFCSHAPEREPRESENTATION(#12,'Body','MappedRepresentation',(#877));
#879= IFCPRODUCTDEFINITIONSHAPE($,$,(#878));
#880= IFCCARTESIANPOINT((1290.00274659802,21139.012746581,16579.9995422363));
#881= IFCAXIS2PLACEMENT3D(#880,#7,#864);
#882= IFCLOCALPLACEMENT(#42,#881);
#883= IFCMECHANICALFASTENER('27i1D4mRvDNBrmwsSsFemX',#447,'Bolt assembly',$,$,#882,#879,'ID87b01344-c1be-4d5c-bd70-eb67363e8c21',24.,85.);
#884= IFCMAPPEDITEM(#859,#122);
#885= IFCSHAPEREPRESENTATION(#12,'Body','MappedRepresentation',(#884));
#886= IFCPRODUCTDEFINITIONSHAPE($,$,(#885));
#887= IFCCARTESIANPOINT((1410.00274659802,21139.0127465813,16579.9995422363));
#888= IFCAXIS2PLACEMENT3D(#887,#7,#864);
#889= IFCLOCALPLACEMENT(#42,#888);
#890= IFCMECHANICALFASTENER('0wor5q$_L9p9iDYx$N2Ti9',#447,'Bolt assembly',$,$,#889,#886,'ID3acb5174-ffe5-49cc-9b0d-8bbfd709db09',24.,85.);
#891= IFCMAPPEDITEM(#859,#122);
#892= IFCSHAPEREPRESENTATION(#12,'Body','MappedRepresentation',(#891));
#893= IFCPRODUCTDEFINITIONSHAPE($,$,(#892));
#894= IFCCARTESIANPOINT((1170.00274659802,21139.0127465806,16699.9995422363));
#895= IFCAXIS2PLACEMENT3D(#894,#7,#864);
#896= IFCLOCALPLACEMENT(#42,#895);
#897= IFCMECHANICALFASTENER('3BXmoeCV13nwrjpaDLL0bW',#447,'Bolt assembly',$,$,#896,#893,'IDcb870ca8-31f0-43c7-ad6d-ce4355540960',24.,85.);
#898= IFCMAPPEDITEM(#859,#122);
#899= IFCSHAPEREPRESENTATION(#12,'Body','MappedRepresentation',(#898));
#900= IFCPRODUCTDEFINITIONSHAPE($,$,(#899));
#901= IFCCARTESIANPOINT((1410.00274659802,21139.0127465813,16699.9995422363));
#902= IFCAXIS2PLACEMENT3D(#901,#7,#864);
#903= IFCLOCALPLACEMENT(#42,#902);
#904= IFCMECHANICALFASTENER('18tlWk4JD8UP4ObfPjTMvI',#447,'Bolt assembly',$,$,#903,#900,'ID48def82e-1133-4879-9118-96966d756e52',24.,85.);
#905= IFCMAPPEDITEM(#859,#122);
#906= IFCSHAPEREPRESENTATION(#12,'Body','MappedRepresentation',(#905));
#907= IFCPRODUCTDEFINITIONSHAPE($,$,(#906));
#908= IFCCARTESIANPOINT((1170.00274659802,21139.0127465806,16814.9995422363));
#909= IFCAXIS2PLACEMENT3D(#908,#7,#864);
#910= IFCLOCALPLACEMENT(#42,#909);
#911= IFCMECHANICALFASTENER('1epW2_fOT1jOPKBhHaXsMD',#447,'Bolt assembly',$,$,#910,#907,'ID68ce00be-a587-41b5-8654-2eb46487658d',24.,85.);
#912= IFCMAPPEDITEM(#859,#122);
#913= IFCSHAPEREPRESENTATION(#12,'Body','MappedRepresentation',(#912));
#914= IFCPRODUCTDEFINITIONSHAPE($,$,(#913));
#915= IFCCARTESIANPOINT((1410.00274659802,21139.0127465813,16814.9995422363));
#916= IFCAXIS2PLACEMENT3D(#915,#7,#864);
#917= IFCLOCALPLACEMENT(#42,#916);
#918= IFCMECHANICALFASTENER('0$uVlqgCrBvAhchRTdDNag',#447,'Bolt assembly',$,$,#917,#914,'ID3fe1fbf4-a8cd-4be4-aae6-adb76735792a',24.,85.);
#919= IFCMAPPEDITEM(#859,#122);
#920= IFCSHAPEREPRESENTATION(#12,'Body','MappedRepresentation',(#919));
#921= IFCPRODUCTDEFINITIONSHAPE($,$,(#920));
#922= IFCCARTESIANPOINT((1170.00274659802,21139.0127465806,16929.9995422363));
#923= IFCAXIS2PLACEMENT3D(#922,#7,#864);
#924= IFCLOCALPLACEMENT(#42,#923);
#925= IFCMECHANICALFASTENER('2Nh6FPZajFvg2agFwqf_5a',#447,'Bolt assembly',$,$,#924,#921,'ID97ac63d9-8e4b-4fe6-a0a4-a8feb4a7e164',24.,85.);
#926= IFCMAPPEDITEM(#859,#122);
#927= IFCSHAPEREPRESENTATION(#12,'Body','MappedRepresentation',(#926));
#928= IFCPRODUCTDEFINITIONSHAPE($,$,(#927));
#929= IFCCARTESIANPOINT((1290.00274659802,21139.012746581,16929.9995422363));
#930= IFCAXIS2PLACEMENT3D(#929,#7,#864);
#931= IFCLOCALPLACEMENT(#42,#930);
#932= IFCMECHANICALFASTENER('2Apdt5$3v6G9$4Hv_r7tEQ',#447,'Bolt assembly',$,$,#931,#928,'ID8ace7dc5-fc3e-4640-9fc4-479fb51f739a',24.,85.);
#933= IFCMAPPEDITEM(#859,#122);
#934= IFCSHAPEREPRESENTATION(#12,'Body','MappedRepresentation',(#933));
#935= IFCPRODUCTDEFINITIONSHAPE($,$,(#934));
#936= IFCCARTESIANPOINT((1410.00274659802,21139.0127465813,16929.9995422363));
#937= IFCAXIS2PLACEMENT3D(#936,#7,#864);
#938= IFCLOCALPLACEMENT(#42,#937);
#939= IFCMECHANICALFASTENER('3AO1RYpiv3DBDF7zfSa$RR',#447,'Bolt assembly',$,$,#938,#935,'IDca6016e2-cece-4334-b34f-1fda5c93f6db',24.,85.);
#940= IFCCOLOURRGB('Dark Gray',0.709803921568627,0.403921568627451,0.2);
#941= IFCSURFACESTYLERENDERING(#940,0.,$,$,$,$,IFCNORMALISEDRATIOMEASURE(0.00390625),IFCSPECULAREXPONENT(10.),.NOTDEFINED.);
#942= IFCSURFACESTYLE('STEEL/S275',.POSITIVE.,(#941));
#943= IFCPRESENTATIONSTYLEASSIGNMENT((#942));
#944= IFCCARTESIANPOINT((0.,-5.,20.));
#945= IFCCARTESIANPOINT((7.27595761418343E-12,-5.,100.));
#946= IFCCARTESIANPOINT((7.27595761418343E-12,5.,100.));
#947= IFCCARTESIANPOINT((0.,5.,20.));
#948= IFCPOLYLOOP((#944,#945,#946,#947));
#949= IFCFACEOUTERBOUND(#948,.T.);
#950= IFCFACE((#949));
#951= IFCCARTESIANPOINT((3.90180644032807,-5.,100.384294391935));
#952= IFCCARTESIANPOINT((3.90180644032807,5.,100.384294391935));
#953= IFCPOLYLOOP((#945,#951,#952,#946));
#954= IFCFACEOUTERBOUND(#953,.T.);
#955= IFCFACE((#954));
#956= IFCCARTESIANPOINT((7.65366864730822,-5.,101.522409349774));
#957= IFCCARTESIANPOINT((7.65366864730822,5.,101.522409349774));
#958= IFCPOLYLOOP((#951,#956,#957,#952));
#959= IFCFACEOUTERBOUND(#958,.T.);
#960= IFCFACE((#959));
#961= IFCCARTESIANPOINT((11.111404660398,-5.,103.370607753949));
#962= IFCCARTESIANPOINT((11.111404660398,5.,103.370607753949));
#963= IFCPOLYLOOP((#956,#961,#962,#957));
#964= IFCFACEOUTERBOUND(#963,.T.);
#965= IFCFACE((#964));
#966= IFCCARTESIANPOINT((14.142135623737,-5.,105.857864376269));
#967= IFCCARTESIANPOINT((14.142135623737,5.,105.857864376269));
#968= IFCPOLYLOOP((#961,#966,#967,#962));
#969= IFCFACEOUTERBOUND(#968,.T.);
#970= IFCFACE((#969));
#971= IFCCARTESIANPOINT((16.6293922460573,-5.,108.888595339607));
#972= IFCCARTESIANPOINT((16.6293922460573,5.,108.888595339607));
#973= IFCPOLYLOOP((#966,#971,#972,#967));
#974= IFCFACEOUTERBOUND(#973,.T.);
#975= IFCFACE((#974));
#976= IFCCARTESIANPOINT((18.4775906502327,-5.,112.346331352698));
#977= IFCCARTESIANPOINT((18.4775906502327,5.,112.346331352698));
#978= IFCPOLYLOOP((#971,#976,#977,#972));
#979= IFCFACEOUTERBOUND(#978,.T.);
#980= IFCFACE((#979));
#981= IFCCARTESIANPOINT((19.6157056080701,-5.,116.098193559677));
#982= IFCCARTESIANPOINT((19.6157056080701,5.,116.098193559677));
#983= IFCPOLYLOOP((#976,#981,#982,#977));
#984= IFCFACEOUTERBOUND(#983,.T.);
#985= IFCFACE((#984));
#986= IFCCARTESIANPOINT((20.0000000000073,-5.,120.));
#987= IFCCARTESIANPOINT((20.0000000000073,5.,120.));
#988= IFCPOLYLOOP((#981,#986,#987,#982));
#989= IFCFACEOUTERBOUND(#988,.T.);
#990= IFCFACE((#989));
#991= IFCCARTESIANPOINT((110.,-5.,120.));
#992= IFCCARTESIANPOINT((110.,5.,120.));
#993= IFCPOLYLOOP((#986,#991,#992,#987));
#994= IFCFACEOUTERBOUND(#993,.T.);
#995= IFCFACE((#994));
#996= IFCCARTESIANPOINT((110.384294391937,-5.,116.098193559677));
#997= IFCCARTESIANPOINT((110.384294391937,5.,116.098193559677));
#998= IFCPOLYLOOP((#991,#996,#997,#992));
#999= IFCFACEOUTERBOUND(#998,.T.);
#1000= IFCFACE((#999));
#1001= IFCCARTESIANPOINT((111.522409349775,-5.,112.346331352698));
#1002= IFCCARTESIANPOINT((111.522409349775,5.,112.346331352698));
#1003= IFCPOLYLOOP((#996,#1001,#1002,#997));
#1004= IFCFACEOUTERBOUND(#1003,.T.);
#1005= IFCFACE((#1004));
#1006= IFCCARTESIANPOINT((113.37060775395,-5.,108.888595339608));
#1007= IFCCARTESIANPOINT((113.37060775395,5.,108.888595339608));
#1008= IFCPOLYLOOP((#1001,#1006,#1007,#1002));
#1009= IFCFACEOUTERBOUND(#1008,.T.);
#1010= IFCFACE((#1009));
#1011= IFCCARTESIANPOINT((115.85786437627,-5.,105.857864376269));
#1012= IFCCARTESIANPOINT((115.85786437627,5.,105.857864376269));
#1013= IFCPOLYLOOP((#1006,#1011,#1012,#1007));
#1014= IFCFACEOUTERBOUND(#1013,.T.);
#1015= IFCFACE((#1014));
#1016= IFCCARTESIANPOINT((118.888595339609,-5.,103.370607753949));
#1017= IFCCARTESIANPOINT((118.888595339609,5.,103.370607753949));
#1018= IFCPOLYLOOP((#1011,#1016,#1017,#1012));
#1019= IFCFACEOUTERBOUND(#1018,.T.);
#1020= IFCFACE((#1019));
#1021= IFCCARTESIANPOINT((122.346331352699,-5.,101.522409349774));
#1022= IFCCARTESIANPOINT((122.346331352699,5.,101.522409349774));
#1023= IFCPOLYLOOP((#1016,#1021,#1022,#1017));
#1024= IFCFACEOUTERBOUND(#1023,.T.);
#1025= IFCFACE((#1024));
#1026= IFCCARTESIANPOINT((126.098193559679,-5.,100.384294391935));
#1027= IFCCARTESIANPOINT((126.098193559679,5.,100.384294391935));
#1028= IFCPOLYLOOP((#1021,#1026,#1027,#1022));
#1029= IFCFACEOUTERBOUND(#1028,.T.);
#1030= IFCFACE((#1029));
#1031= IFCCARTESIANPOINT((130.,-5.,100.));
#1032= IFCCARTESIANPOINT((130.,5.,100.));
#1033= IFCPOLYLOOP((#1026,#1031,#1032,#1027));
#1034= IFCFACEOUTERBOUND(#1033,.T.);
#1035= IFCFACE((#1034));
#1036= IFCCARTESIANPOINT((130.,-5.,20.));
#1037= IFCCARTESIANPOINT((130.,5.,20.));
#1038= IFCPOLYLOOP((#1031,#1036,#1037,#1032));
#1039= IFCFACEOUTERBOUND(#1038,.T.);
#1040= IFCFACE((#1039));
#1041= IFCCARTESIANPOINT((126.098193559679,-5.,19.6157056080647));
#1042= IFCCARTESIANPOINT((126.098193559679,5.,19.6157056080647));
#1043= IFCPOLYLOOP((#1036,#1041,#1042,#1037));
#1044= IFCFACEOUTERBOUND(#1043,.T.);
#1045= IFCFACE((#1044));
#1046= IFCCARTESIANPOINT((122.346331352699,-5.,18.4775906502257));
#1047= IFCCARTESIANPOINT((122.346331352699,5.,18.4775906502257));
#1048= IFCPOLYLOOP((#1041,#1046,#1047,#1042));
#1049= IFCFACEOUTERBOUND(#1048,.T.);
#1050= IFCFACE((#1049));
#1051= IFCCARTESIANPOINT((118.888595339609,-5.,16.6293922460509));
#1052= IFCCARTESIANPOINT((118.888595339609,5.,16.6293922460509));
#1053= IFCPOLYLOOP((#1046,#1051,#1052,#1047));
#1054= IFCFACEOUTERBOUND(#1053,.T.);
#1055= IFCFACE((#1054));
#1056= IFCCARTESIANPOINT((115.85786437627,-5.,14.1421356237308));
#1057= IFCCARTESIANPOINT((115.85786437627,5.,14.1421356237308));
#1058= IFCPOLYLOOP((#1051,#1056,#1057,#1052));
#1059= IFCFACEOUTERBOUND(#1058,.T.);
#1060= IFCFACE((#1059));
#1061= IFCCARTESIANPOINT((113.37060775395,-5.,11.1114046603921));
#1062= IFCCARTESIANPOINT((113.37060775395,5.,11.1114046603921));
#1063= IFCPOLYLOOP((#1056,#1061,#1062,#1057));
#1064= IFCFACEOUTERBOUND(#1063,.T.);
#1065= IFCFACE((#1064));
#1066= IFCCARTESIANPOINT((111.522409349775,-5.,7.65366864730186));
#1067= IFCCARTESIANPOINT((111.522409349775,5.,7.65366864730186));
#1068= IFCPOLYLOOP((#1061,#1066,#1067,#1062));
#1069= IFCFACEOUTERBOUND(#1068,.T.);
#1070= IFCFACE((#1069));
#1071= IFCCARTESIANPOINT((110.384294391937,-5.,3.90180644032262));
#1072= IFCCARTESIANPOINT((110.384294391937,5.,3.90180644032262));
#1073= IFCPOLYLOOP((#1066,#1071,#1072,#1067));
#1074= IFCFACEOUTERBOUND(#1073,.T.);
#1075= IFCFACE((#1074));
#1076= IFCCARTESIANPOINT((110.,-5.,0.));
#1077= IFCCARTESIANPOINT((110.,5.,0.));
#1078= IFCPOLYLOOP((#1071,#1076,#1077,#1072));
#1079= IFCFACEOUTERBOUND(#1078,.T.);
#1080= IFCFACE((#1079));
#1081= IFCCARTESIANPOINT((20.,-5.,0.));
#1082= IFCCARTESIANPOINT((20.,5.,0.));
#1083= IFCPOLYLOOP((#1076,#1081,#1082,#1077));
#1084= IFCFACEOUTERBOUND(#1083,.T.);
#1085= IFCFACE((#1084));
#1086= IFCCARTESIANPOINT((19.6157056080629,-5.,3.90180644032239));
#1087= IFCCARTESIANPOINT((19.6157056080629,5.,3.90180644032239));
#1088= IFCPOLYLOOP((#1081,#1086,#1087,#1082));
#1089= IFCFACEOUTERBOUND(#1088,.T.);
#1090= IFCFACE((#1089));
#1091= IFCCARTESIANPOINT((18.4775906502255,-5.,7.65366864730163));
#1092= IFCCARTESIANPOINT((18.4775906502255,5.,7.65366864730163));
#1093= IFCPOLYLOOP((#1086,#1091,#1092,#1087));
#1094= IFCFACEOUTERBOUND(#1093,.T.);
#1095= IFCFACE((#1094));
#1096= IFCCARTESIANPOINT((16.62939224605,-5.,11.1114046603916));
#1097= IFCCARTESIANPOINT((16.62939224605,5.,11.1114046603916));
#1098= IFCPOLYLOOP((#1091,#1096,#1097,#1092));
#1099= IFCFACEOUTERBOUND(#1098,.T.);
#1100= IFCFACE((#1099));
#1101= IFCCARTESIANPOINT((14.1421356237297,-5.,14.1421356237306));
#1102= IFCCARTESIANPOINT((14.1421356237297,5.,14.1421356237306));
#1103= IFCPOLYLOOP((#1096,#1101,#1102,#1097));
#1104= IFCFACEOUTERBOUND(#1103,.T.);
#1105= IFCFACE((#1104));
#1106= IFCCARTESIANPOINT((11.1114046603943,-5.,16.6293922460504));
#1107= IFCCARTESIANPOINT((11.1114046603943,5.,16.6293922460504));
#1108= IFCPOLYLOOP((#1101,#1106,#1107,#1102));
#1109= IFCFACEOUTERBOUND(#1108,.T.);
#1110= IFCFACE((#1109));
#1111= IFCCARTESIANPOINT((7.65366864730095,-5.,18.4775906502255));
#1112= IFCCARTESIANPOINT((7.65366864730095,5.,18.4775906502255));
#1113= IFCPOLYLOOP((#1106,#1111,#1112,#1107));
#1114= IFCFACEOUTERBOUND(#1113,.T.);
#1115= IFCFACE((#1114));
#1116= IFCCARTESIANPOINT((3.90180644032444,-5.,19.6157056080644));
#1117= IFCCARTESIANPOINT((3.90180644032444,5.,19.6157056080644));
#1118= IFCPOLYLOOP((#1111,#1116,#1117,#1112));
#1119= IFCFACEOUTERBOUND(#1118,.T.);
#1120= IFCFACE((#1119));
#1121= IFCPOLYLOOP((#1116,#944,#947,#1117));
#1122= IFCFACEOUTERBOUND(#1121,.T.);
#1123= IFCFACE((#1122));
#1124= IFCPOLYLOOP((#952,#957,#962,#967,#972,#977,#982,#987,#992,#997,#1002,#1007,#1012,#1017,#1022,#1027,#1032,#1037,#1042,#1047,#1052,#1057,#1062,#1067,#1072,#1077,#1082,#1087,#1092,#1097,#1102,#1107,#1112,#1117,#947,#946));
#1125= IFCFACEOUTERBOUND(#1124,.T.);
#1126= IFCFACE((#1125));
#1127= IFCPOLYLOOP((#1116,#1111,#1106,#1101,#1096,#1091,#1086,#1081,#1076,#1071,#1066,#1061,#1056,#1051,#1046,#1041,#1036,#1031,#1026,#1021,#1016,#1011,#1006,#1001,#996,#991,#986,#981,#976,#971,#966,#961,#956,#951,#945,#944));
#1128= IFCFACEOUTERBOUND(#1127,.T.);
#1129= IFCFACE((#1128));
#1130= IFCCLOSEDSHELL((#950,#955,#960,#965,#970,#975,#980,#985,#990,#995,#1000,#1005,#1010,#1015,#1020,#1025,#1030,#1035,#1040,#1045,#1050,#1055,#1060,#1065,#1070,#1075,#1080,#1085,#1090,#1095,#1100,#1105,#1110,#1115,#1120,#1123,#1126,#1129));
#1131= IFCFACETEDBREP(#1130);
#1132= IFCSTYLEDITEM(#1131,(#943),$);
#1133= IFCSHAPEREPRESENTATION(#12,'Body','Brep',(#1131));
#1134= IFCPRODUCTDEFINITIONSHAPE($,$,(#1133));
#1135= IFCCARTESIANPOINT((1230.00274660622,21139.0127465808,16754.9995422363));
#1136= IFCAXIS2PLACEMENT3D(#1135,#7,#8);
#1137= IFCLOCALPLACEMENT(#42,#1136);
#1138= IFCPLATE('1wE4cr9_P09A5Ma8I3uSJW',#44,'PLATE-10','PL10*120',$,#1137,#1134,'ID7a3849b5-27e6-4024-a156-908483e1c4e0');
#1139= IFCPLATETYPE('0iLHk1565EDBEpojybetNQ',#5,'PL10*120',$,$,$,$,$,$,.NOTDEFINED.);
#1140= IFCPROPERTYSINGLEVALUE('Bottom elevation',$,IFCLABEL(' +16.750'),$);
#1141= IFCPROPERTYSINGLEVALUE('Top elevation',$,IFCLABEL(' +16.760'),$);
#1142= IFCPROPERTYSINGLEVALUE('Initial GUID',$,$,$);
#1143= IFCPROPERTYSINGLEVALUE('Preliminary mark',$,IFCLABEL('5-2-P92'),$);
#1144= IFCPROPERTYSINGLEVALUE('Phase',$,IFCINTEGER(4),$);
#1145= IFCPROPERTYSINGLEVALUE('Class',$,IFCLABEL('22'),$);
#1146= IFCPROPERTYSET('3SymWfuUzB7whHCoAOR98A',#5,'Tekla Common','Common Properties to Shared building elements',(#1140,#1141,#1142,#1143,#1144,#1145));
#1147= IFCPROPERTYSINGLEVALUE('Weight',$,IFCMASSMEASURE(1.13),$);
#1148= IFCPROPERTYSINGLEVALUE('Volume',$,IFCVOLUMEMEASURE(0.),$);
#1149= IFCPROPERTYSINGLEVALUE('Gross footprint area',$,IFCAREAMEASURE(0.014),$);
#1150= IFCPROPERTYSINGLEVALUE('Area per tons',$,IFCAREAMEASURE(29.609),$);
#1151= IFCPROPERTYSINGLEVALUE('Net surface area',$,IFCAREAMEASURE(0.033),$);
#1152= IFCPROPERTYSINGLEVALUE('Height',$,IFCLENGTHMEASURE(120.),$);
#1153= IFCPROPERTYSINGLEVALUE('Width',$,IFCLENGTHMEASURE(10.),$);
#1154= IFCPROPERTYSINGLEVALUE('Length',$,IFCLENGTHMEASURE(130.),$);
#1155= IFCPROPERTYSET('0tmz_$gsz3swXsQ5Sq_1c_',#5,'Tekla Quantity','Quantity Properties to Shared building elements',(#1147,#1148,#1149,#1150,#1151,#1152,#1153,#1154));
#1156= IFCPROPERTYSINGLEVALUE('LoadBearing',$,IFCBOOLEAN(.F.),$);
#1157= IFCPROPERTYSINGLEVALUE('Reference',$,IFCIDENTIFIER('5-2-P92'),$);
#1158= IFCPROPERTYSET('1vePBF$Fn8l8MsnmUQB4PM',#5,'Pset_PlateCommon','Common Properties to plate elements',(#1156,#1157));
#1159= IFCQUANTITYLENGTH('Width',$,$,120.);
#1160= IFCQUANTITYAREA('NetArea',$,$,0.033357463274411);
#1161= IFCQUANTITYAREA('GrossArea',$,$,0.0155999999999999);
#1162= IFCQUANTITYAREA('CrossSectionArea',$,$,0.0001);
#1163= IFCQUANTITYVOLUME('NetVolume',$,$,0.000143514219390963);
#1164= IFCQUANTITYVOLUME('GrossVolume',$,$,0.000143514219390963);
#1165= IFCELEMENTQUANTITY('3iKaCKmhr9Zf2gf1fTF_DV',#5,'BaseQuantities',$,$,(#1159,#1160,#1161,#1162,#1163,#1164));
#1166= IFCMATERIAL('STEEL/S275');
#1167= IFCCARTESIANPOINT((0.,-5.,105.));
#1168= IFCCARTESIANPOINT((0.,5.,105.));
#1169= IFCPOLYLOOP((#944,#1167,#1168,#947));
#1170= IFCFACEOUTERBOUND(#1169,.T.);
#1171= IFCFACE((#1170));
#1172= IFCCARTESIANPOINT((130.,-5.,105.));
#1173= IFCCARTESIANPOINT((130.,5.,105.));
#1174= IFCPOLYLOOP((#1167,#1172,#1173,#1168));
#1175= IFCFACEOUTERBOUND(#1174,.T.);
#1176= IFCFACE((#1175));
#1177= IFCPOLYLOOP((#1172,#1036,#1037,#1173));
#1178= IFCFACEOUTERBOUND(#1177,.T.);
#1179= IFCFACE((#1178));
#1180= IFCPOLYLOOP((#1173,#1037,#1042,#1047,#1052,#1057,#1062,#1067,#1072,#1077,#1082,#1087,#1092,#1097,#1102,#1107,#1112,#1117,#947,#1168));
#1181= IFCFACEOUTERBOUND(#1180,.T.);
#1182= IFCFACE((#1181));
#1183= IFCPOLYLOOP((#1116,#1111,#1106,#1101,#1096,#1091,#1086,#1081,#1076,#1071,#1066,#1061,#1056,#1051,#1046,#1041,#1036,#1172,#1167,#944));
#1184= IFCFACEOUTERBOUND(#1183,.T.);
#1185= IFCFACE((#1184));
#1186= IFCCLOSEDSHELL((#1171,#1176,#1179,#1045,#1050,#1055,#1060,#1065,#1070,#1075,#1080,#1085,#1090,#1095,#1100,#1105,#1110,#1115,#1120,#1123,#1182,#1185));
#1187= IFCFACETEDBREP(#1186);
#1188= IFCSTYLEDITEM(#1187,(#943),$);
#1189= IFCSHAPEREPRESENTATION(#12,'Body','Brep',(#1187));
#1190= IFCPRODUCTDEFINITIONSHAPE($,$,(#1189));
#1191= IFCCARTESIANPOINT((1219.99725344216,21139.0127465807,16754.9995422363));
#1192= IFCDIRECTION((-1.,0.,0.));
#1193= IFCAXIS2PLACEMENT3D(#1191,#1192,#8);
#1194= IFCLOCALPLACEMENT(#42,#1193);
#1195= IFCPLATE('02smOyPxvFweyoXd9_w3oh',#44,'PLATE-10','PL10*105',$,#1194,#1190,'ID02db063c-67be-4fea-8f32-86727ee83cab');
#1196= IFCPLATETYPE('36tjQnPiv8lO2TlUL52M2V',#5,'PL10*105',$,$,$,$,$,$,.NOTDEFINED.);
#1197= IFCPROPERTYSINGLEVALUE('Preliminary mark',$,IFCLABEL('5-2-P99'),$);
#1198= IFCPROPERTYSET('2Viidazpv3AeFN1JZygc3D',#5,'Tekla Common','Common Properties to Shared building elements',(#1140,#1141,#1142,#1197,#1144,#1145));
#1199= IFCPROPERTYSINGLEVALUE('Weight',$,IFCMASSMEASURE(1.02),$);
#1200= IFCPROPERTYSINGLEVALUE('Area per tons',$,IFCAREAMEASURE(29.905),$);
#1201= IFCPROPERTYSINGLEVALUE('Net surface area',$,IFCAREAMEASURE(0.031),$);
#1202= IFCPROPERTYSINGLEVALUE('Height',$,IFCLENGTHMEASURE(105.),$);
#1203= IFCPROPERTYSET('1Zr9P_2_v18w8iouO$OfTm',#5,'Tekla Quantity','Quantity Properties to Shared building elements',(#1199,#1148,#1149,#1200,#1201,#1202,#1153,#1154));
#1204= IFCPROPERTYSINGLEVALUE('Reference',$,IFCIDENTIFIER('5-2-P99'),$);
#1205= IFCPROPERTYSET('0BW3c$NB999Q2Sh8Hc317O',#5,'Pset_PlateCommon','Common Properties to plate elements',(#1156,#1204));
#1206= IFCQUANTITYLENGTH('Width',$,$,105.);
#1207= IFCQUANTITYAREA('NetArea',$,$,0.030578731637206);
#1208= IFCQUANTITYAREA('GrossArea',$,$,0.01365);
#1209= IFCQUANTITYVOLUME('NetVolume',$,$,0.000130257109695484);
#1210= IFCQUANTITYVOLUME('GrossVolume',$,$,0.000130257109695484);
#1211= IFCELEMENTQUANTITY('2sCDEGlUX8Kg8S4t6Wm2EL',#5,'BaseQuantities',$,$,(#1206,#1207,#1208,#1162,#1209,#1210));
#1212= IFCSHAPEREPRESENTATION(#12,'Body','Brep',(#1187));
#1213= IFCPRODUCTDEFINITIONSHAPE($,$,(#1212));
#1214= IFCCARTESIANPOINT((1360.00274660622,21139.0127465812,16754.9995422363));
#1215= IFCAXIS2PLACEMENT3D(#1214,#7,#8);
#1216= IFCLOCALPLACEMENT(#42,#1215);
#1217= IFCPLATE('3$oxUv6t5CXxWU01D7HzMp',#44,'PLATE-10','PL10*105',$,#1216,#1213,'IDffcbb7b9-1b71-4c87-b81e-00134747d5b3');
#1218= IFCCARTESIANPOINT((-3.63797880709171E-12,-5.,110.));
#1219= IFCCARTESIANPOINT((-3.63797880709171E-12,5.,110.));
#1220= IFCPOLYLOOP((#944,#1218,#1219,#947));
#1221= IFCFACEOUTERBOUND(#1220,.T.);
#1222= IFCFACE((#1221));
#1223= IFCCARTESIANPOINT((50.,-5.,110.));
#1224= IFCCARTESIANPOINT((50.,5.,110.));
#1225= IFCPOLYLOOP((#1218,#1223,#1224,#1219));
#1226= IFCFACEOUTERBOUND(#1225,.T.);
#1227= IFCFACE((#1226));
#1228= IFCCARTESIANPOINT((130.,-5.,60.));
#1229= IFCCARTESIANPOINT((130.,5.,60.));
#1230= IFCPOLYLOOP((#1223,#1228,#1229,#1224));
#1231= IFCFACEOUTERBOUND(#1230,.T.);
#1232= IFCFACE((#1231));
#1233= IFCCARTESIANPOINT((130.,-5.,0.));
#1234= IFCCARTESIANPOINT((130.,5.,0.));
#1235= IFCPOLYLOOP((#1228,#1233,#1234,#1229));
#1236= IFCFACEOUTERBOUND(#1235,.T.);
#1237= IFCFACE((#1236));
#1238= IFCPOLYLOOP((#1233,#1081,#1082,#1234));
#1239= IFCFACEOUTERBOUND(#1238,.T.);
#1240= IFCFACE((#1239));
#1241= IFCPOLYLOOP((#1224,#1229,#1234,#1082,#1087,#1092,#1097,#1102,#1107,#1112,#1117,#947,#1219));
#1242= IFCFACEOUTERBOUND(#1241,.T.);
#1243= IFCFACE((#1242));
#1244= IFCPOLYLOOP((#1116,#1111,#1106,#1101,#1096,#1091,#1086,#1081,#1233,#1228,#1223,#1218,#944));
#1245= IFCFACEOUTERBOUND(#1244,.T.);
#1246= IFCFACE((#1245));
#1247= IFCCLOSEDSHELL((#1222,#1227,#1232,#1237,#1240,#1090,#1095,#1100,#1105,#1110,#1115,#1120,#1123,#1243,#1246));
#1248= IFCFACETEDBREP(#1247);
#1249= IFCSTYLEDITEM(#1248,(#943),$);
#1250= IFCSHAPEREPRESENTATION(#12,'Body','Brep',(#1248));
#1251= IFCPRODUCTDEFINITIONSHAPE($,$,(#1250));
#1252= IFCCARTESIANPOINT((1225.00274660622,21139.0127465807,16629.9995422363));
#1253= IFCAXIS2PLACEMENT3D(#1252,#864,#8);
#1254= IFCLOCALPLACEMENT(#42,#1253);
#1255= IFCPLATE('0L3VybiebA6gYEPWm0KVvk',#447,'PLATE-10','PL10*110',$,#1254,#1251,'ID150dff25-b289-4a1a-a88e-660c0051fe6e');
#1256= IFCPLATETYPE('3zImHuU0f7NRxJkgt1OLP6',#5,'PL10*110',$,$,$,$,$,$,.NOTDEFINED.);
#1257= IFCPROPERTYSINGLEVALUE('Bottom elevation',$,IFCLABEL(' +16.520'),$);
#1258= IFCPROPERTYSINGLEVALUE('Top elevation',$,IFCLABEL(' +16.630'),$);
#1259= IFCPROPERTYSINGLEVALUE('Preliminary mark',$,IFCLABEL('5-2-P98'),$);
#1260= IFCPROPERTYSET('26gsh14X92l9LfcBdZeg88',#5,'Tekla Common','Common Properties to Shared building elements',(#1257,#1258,#1142,#1259,#1144,#1145));
#1261= IFCPROPERTYSINGLEVALUE('Weight',$,IFCMASSMEASURE(0.94),$);
#1262= IFCPROPERTYSINGLEVALUE('Gross footprint area',$,IFCAREAMEASURE(0.001),$);
#1263= IFCPROPERTYSINGLEVALUE('Area per tons',$,IFCAREAMEASURE(30.108),$);
#1264= IFCPROPERTYSINGLEVALUE('Net surface area',$,IFCAREAMEASURE(0.028),$);
#1265= IFCPROPERTYSINGLEVALUE('Height',$,IFCLENGTHMEASURE(110.),$);
#1266= IFCPROPERTYSET('3ghuUjA1z8BQSxfPHc5lwI',#5,'Tekla Quantity','Quantity Properties to Shared building elements',(#1261,#1148,#1262,#1263,#1264,#1265,#1153,#1154));
#1267= IFCPROPERTYSINGLEVALUE('Reference',$,IFCIDENTIFIER('5-2-P98'),$);
#1268= IFCPROPERTYSET('2Gbmo2C51FaQCGwgkw5BQG',#5,'Pset_PlateCommon','Common Properties to plate elements',(#1156,#1267));
#1269= IFCQUANTITYLENGTH('Width',$,$,110.);
#1270= IFCQUANTITYAREA('NetArea',$,$,0.0283327639318093);
#1271= IFCQUANTITYAREA('GrossArea',$,$,0.0143000000000006);
#1272= IFCQUANTITYVOLUME('NetVolume',$,$,0.000119878554847745);
#1273= IFCQUANTITYVOLUME('GrossVolume',$,$,0.000119878554847745);
#1274= IFCELEMENTQUANTITY('0voqM8Wa59DxfxiQd_DaWc',#5,'BaseQuantities',$,$,(#1269,#1270,#1271,#1162,#1272,#1273));
#1275= IFCSHAPEREPRESENTATION(#12,'Body','Brep',(#1248));
#1276= IFCPRODUCTDEFINITIONSHAPE($,$,(#1275));
#1277= IFCCARTESIANPOINT((1355.00274660622,21139.0127465812,16629.9995422363));
#1278= IFCAXIS2PLACEMENT3D(#1277,#864,#8);
#1279= IFCLOCALPLACEMENT(#42,#1278);
#1280= IFCPLATE('2dTkMEm6PChgm0_YH1D2OB',#447,'PLATE-10','PL10*110',$,#1279,#1276,'IDa776e58e-c066-4cae-ac00-fa244134260b');
#1281= IFCCARTESIANPOINT((0.,-5.,0.));
#1282= IFCCARTESIANPOINT((-3.63797880709171E-12,-5.,90.));
#1283= IFCCARTESIANPOINT((-3.63797880709171E-12,5.,90.));
#1284= IFCCARTESIANPOINT((0.,5.,0.));
#1285= IFCPOLYLOOP((#1281,#1282,#1283,#1284));
#1286= IFCFACEOUTERBOUND(#1285,.T.);
#1287= IFCFACE((#1286));
#1288= IFCCARTESIANPOINT((3.90180644031716,-5.,90.3842943919371));
#1289= IFCCARTESIANPOINT((3.90180644031716,5.,90.3842943919371));
#1290= IFCPOLYLOOP((#1282,#1288,#1289,#1283));
#1291= IFCFACEOUTERBOUND(#1290,.T.);
#1292= IFCFACE((#1291));
#1293= IFCCARTESIANPOINT((7.65366864729731,-5.,91.5224093497745));
#1294= IFCCARTESIANPOINT((7.65366864729731,5.,91.5224093497745));
#1295= IFCPOLYLOOP((#1288,#1293,#1294,#1289));
#1296= IFCFACEOUTERBOUND(#1295,.T.);
#1297= IFCFACE((#1296));
#1298= IFCCARTESIANPOINT((11.1114046603871,-5.,93.37060775395));
#1299= IFCCARTESIANPOINT((11.1114046603871,5.,93.37060775395));
#1300= IFCPOLYLOOP((#1293,#1298,#1299,#1294));
#1301= IFCFACEOUTERBOUND(#1300,.T.);
#1302= IFCFACE((#1301));
#1303= IFCCARTESIANPOINT((14.1421356237261,-5.,95.8578643762703));
#1304= IFCCARTESIANPOINT((14.1421356237261,5.,95.8578643762703));
#1305= IFCPOLYLOOP((#1298,#1303,#1304,#1299));
#1306= IFCFACEOUTERBOUND(#1305,.T.);
#1307= IFCFACE((#1306));
#1308= IFCCARTESIANPOINT((16.6293922460463,-5.,98.8885953396093));
#1309= IFCCARTESIANPOINT((16.6293922460463,5.,98.8885953396093));
#1310= IFCPOLYLOOP((#1303,#1308,#1309,#1304));
#1311= IFCFACEOUTERBOUND(#1310,.T.);
#1312= IFCFACE((#1311));
#1313= IFCCARTESIANPOINT((18.4775906502218,-5.,102.346331352699));
#1314= IFCCARTESIANPOINT((18.4775906502218,5.,102.346331352699));
#1315= IFCPOLYLOOP((#1308,#1313,#1314,#1309));
#1316= IFCFACEOUTERBOUND(#1315,.T.);
#1317= IFCFACE((#1316));
#1318= IFCCARTESIANPOINT((19.6157056080592,-5.,106.098193559679));
#1319= IFCCARTESIANPOINT((19.6157056080592,5.,106.098193559679));
#1320= IFCPOLYLOOP((#1313,#1318,#1319,#1314));
#1321= IFCFACEOUTERBOUND(#1320,.T.);
#1322= IFCFACE((#1321));
#1323= IFCCARTESIANPOINT((19.9999999999964,-5.,110.));
#1324= IFCCARTESIANPOINT((19.9999999999964,5.,110.));
#1325= IFCPOLYLOOP((#1318,#1323,#1324,#1319));
#1326= IFCFACEOUTERBOUND(#1325,.T.);
#1327= IFCFACE((#1326));
#1328= IFCCARTESIANPOINT((130.,-5.,110.));
#1329= IFCCARTESIANPOINT((130.,5.,110.));
#1330= IFCPOLYLOOP((#1323,#1328,#1329,#1324));
#1331= IFCFACEOUTERBOUND(#1330,.T.);
#1332= IFCFACE((#1331));
#1333= IFCCARTESIANPOINT((130.,-5.,50.));
#1334= IFCCARTESIANPOINT((130.,5.,50.));
#1335= IFCPOLYLOOP((#1328,#1333,#1334,#1329));
#1336= IFCFACEOUTERBOUND(#1335,.T.);
#1337= IFCFACE((#1336));
#1338= IFCCARTESIANPOINT((50.,-5.,0.));
#1339= IFCCARTESIANPOINT((50.,5.,0.));
#1340= IFCPOLYLOOP((#1333,#1338,#1339,#1334));
#1341= IFCFACEOUTERBOUND(#1340,.T.);
#1342= IFCFACE((#1341));
#1343= IFCPOLYLOOP((#1338,#1281,#1284,#1339));
#1344= IFCFACEOUTERBOUND(#1343,.T.);
#1345= IFCFACE((#1344));
#1346= IFCPOLYLOOP((#1289,#1294,#1299,#1304,#1309,#1314,#1319,#1324,#1329,#1334,#1339,#1284,#1283));
#1347= IFCFACEOUTERBOUND(#1346,.T.);
#1348= IFCFACE((#1347));
#1349= IFCPOLYLOOP((#1338,#1333,#1328,#1323,#1318,#1313,#1308,#1303,#1298,#1293,#1288,#1282,#1281));
#1350= IFCFACEOUTERBOUND(#1349,.T.);
#1351= IFCFACE((#1350));
#1352= IFCCLOSEDSHELL((#1287,#1292,#1297,#1302,#1307,#1312,#1317,#1322,#1327,#1332,#1337,#1342,#1345,#1348,#1351));
#1353= IFCFACETEDBREP(#1352);
#1354= IFCSTYLEDITEM(#1353,(#943),$);
#1355= IFCSHAPEREPRESENTATION(#12,'Body','Brep',(#1353));
#1356= IFCPRODUCTDEFINITIONSHAPE($,$,(#1355));
#1357= IFCCARTESIANPOINT((1225.00274660622,21139.0127465807,16989.9995422363));
#1358= IFCAXIS2PLACEMENT3D(#1357,#864,#8);
#1359= IFCLOCALPLACEMENT(#42,#1358);
#1360= IFCPLATE('29c5RJrmb4QwRnrm5xuY8D',#447,'PLATE-10','PL10*110',$,#1359,#1356,'ID899856d3-d709-446b-a6f1-d7017be2220d');
#1361= IFCPROPERTYSINGLEVALUE('Bottom elevation',$,IFCLABEL(' +16.880'),$);
#1362= IFCPROPERTYSINGLEVALUE('Top elevation',$,IFCLABEL(' +16.990'),$);
#1363= IFCPROPERTYSET('2QBkaIVbj7gQKb8VhoOPlM',#5,'Tekla Common','Common Properties to Shared building elements',(#1361,#1362,#1142,#1259,#1144,#1145));
#1364= IFCQUANTITYAREA('NetArea',$,$,0.0283327639318093);
#1365= IFCQUANTITYAREA('GrossArea',$,$,0.0143000000000005);
#1366= IFCQUANTITYVOLUME('NetVolume',$,$,0.000119878554847745);
#1367= IFCQUANTITYVOLUME('GrossVolume',$,$,0.000119878554847745);
#1368= IFCELEMENTQUANTITY('2tXJPrZjf2uQydeoZcjcO$',#5,'BaseQuantities',$,$,(#1269,#1364,#1365,#1162,#1366,#1367));
#1369= IFCSHAPEREPRESENTATION(#12,'Body','Brep',(#1353));
#1370= IFCPRODUCTDEFINITIONSHAPE($,$,(#1369));
#1371= IFCCARTESIANPOINT((1355.00274660622,21139.0127465812,16989.9995422363));
#1372= IFCAXIS2PLACEMENT3D(#1371,#864,#8);
#1373= IFCLOCALPLACEMENT(#42,#1372);
#1374= IFCPLATE('29YGE0xOjEexXpkppavxVg',#447,'PLATE-10','PL10*110',$,#1373,#1370,'ID89890380-ed8b-4ea3-b873-bb3ce4e7b7ea');
#1375= IFCCARTESIANPOINT((350.,-5.,120.));
#1376= IFCCARTESIANPOINT((350.,5.,130.));
#1377= IFCCARTESIANPOINT((-2.27373675443232E-12,5.,130.));
#1378= IFCCARTESIANPOINT((-2.04636307898909E-12,-5.,120.));
#1379= IFCPOLYLOOP((#1375,#1376,#1377,#1378));
#1380= IFCFACEOUTERBOUND(#1379,.T.);
#1381= IFCFACE((#1380));
#1382= IFCCARTESIANPOINT((350.,5.,0.));
#1383= IFCCARTESIANPOINT((350.,-5.,10.0000000000036));
#1384= IFCCARTESIANPOINT((-2.27373675443232E-13,-5.,10.));
#1385= IFCPOLYLOOP((#1382,#1383,#1384,#1284));
#1386= IFCFACEOUTERBOUND(#1385,.T.);
#1387= IFCFACE((#1386));
#1388= IFCPOLYLOOP((#1284,#1384,#1378,#1377));
#1389= IFCFACEOUTERBOUND(#1388,.T.);
#1390= IFCFACE((#1389));
#1391= IFCPOLYLOOP((#1383,#1382,#1376,#1375));
#1392= IFCFACEOUTERBOUND(#1391,.T.);
#1393= IFCFACE((#1392));
#1394= IFCPOLYLOOP((#1376,#1382,#1284,#1377));
#1395= IFCFACEOUTERBOUND(#1394,.T.);
#1396= IFCFACE((#1395));
#1397= IFCPOLYLOOP((#1384,#1383,#1375,#1378));
#1398= IFCFACEOUTERBOUND(#1397,.T.);
#1399= IFCFACE((#1398));
#1400= IFCCLOSEDSHELL((#1381,#1387,#1390,#1393,#1396,#1399));
#1401= IFCFACETEDBREP(#1400);
#1402= IFCSTYLEDITEM(#1401,(#943),$);
#1403= IFCSHAPEREPRESENTATION(#12,'Body','Brep',(#1401));
#1404= IFCPRODUCTDEFINITIONSHAPE($,$,(#1403));
#1405= IFCCARTESIANPOINT((1465.00274660622,21139.0127465816,16634.9995422363));
#1406= IFCAXIS2PLACEMENT3D(#1405,#8,#1192);
#1407= IFCLOCALPLACEMENT(#42,#1406);
#1408= IFCPLATE('32cKDnAU5AcA67kFHLbmbr',#44,'PLATE-10','PL10*130',$,#1407,#1404,'IDc2994371-29e1-4a98-a187-b8f455970975');
#1409= IFCPLATETYPE('3TmXjdLij8$R0s2$moCrpE',#5,'PL10*130',$,$,$,$,$,$,.NOTDEFINED.);
#1410= IFCPROPERTYSINGLEVALUE('Bottom elevation',$,IFCLABEL(' +16.630'),$);
#1411= IFCPROPERTYSINGLEVALUE('Top elevation',$,IFCLABEL(' +16.640'),$);
#1412= IFCPROPERTYSINGLEVALUE('Preliminary mark',$,IFCLABEL('5-2-P103'),$);
#1413= IFCPROPERTYSET('0livp262X2MOwu49UAWK8c',#5,'Tekla Common','Common Properties to Shared building elements',(#1410,#1411,#1142,#1412,#1144,#1145));
#1414= IFCPROPERTYSINGLEVALUE('Weight',$,IFCMASSMEASURE(3.3),$);
#1415= IFCPROPERTYSINGLEVALUE('Gross footprint area',$,IFCAREAMEASURE(0.046),$);
#1416= IFCPROPERTYSINGLEVALUE('Area per tons',$,IFCAREAMEASURE(29.208),$);
#1417= IFCPROPERTYSINGLEVALUE('Net surface area',$,IFCAREAMEASURE(0.096),$);
#1418= IFCPROPERTYSINGLEVALUE('Height',$,IFCLENGTHMEASURE(130.),$);
#1419= IFCPROPERTYSINGLEVALUE('Length',$,IFCLENGTHMEASURE(350.),$);
#1420= IFCPROPERTYSET('2q010TsiL3wQd_vFshM_6u',#5,'Tekla Quantity','Quantity Properties to Shared building elements',(#1414,#1148,#1415,#1416,#1417,#1418,#1153,#1419));
#1421= IFCPROPERTYSINGLEVALUE('Reference',$,IFCIDENTIFIER('5-2-P103'),$);
#1422= IFCPROPERTYSET('1mJE5NBTT5fAXS08zQbbuT',#5,'Pset_PlateCommon','Common Properties to plate elements',(#1156,#1421));
#1423= IFCQUANTITYLENGTH('Width',$,$,130.);
#1424= IFCQUANTITYAREA('NetArea',$,$,0.0962994949366113);
#1425= IFCQUANTITYAREA('GrossArea',$,$,0.0455000000000003);
#1426= IFCQUANTITYVOLUME('NetVolume',$,$,0.000419999999999998);
#1427= IFCQUANTITYVOLUME('GrossVolume',$,$,0.000454999999999998);
#1428= IFCELEMENTQUANTITY('0hgGtFVjvA_h5hT3683W$h',#5,'BaseQuantities',$,$,(#1423,#1424,#1425,#1162,#1426,#1427));
#1429= IFCCARTESIANPOINT((350.,5.,10.0000000000036));
#1430= IFCCARTESIANPOINT((350.,-5.,0.));
#1431= IFCCARTESIANPOINT((-2.27373675443232E-13,5.,10.));
#1432= IFCPOLYLOOP((#1429,#1430,#1281,#1431));
#1433= IFCFACEOUTERBOUND(#1432,.T.);
#1434= IFCFACE((#1433));
#1435= IFCCARTESIANPOINT((350.,-5.,130.));
#1436= IFCCARTESIANPOINT((350.,5.,120.));
#1437= IFCCARTESIANPOINT((-2.04636307898909E-12,5.,120.));
#1438= IFCCARTESIANPOINT((-2.27373675443232E-12,-5.,130.));
#1439= IFCPOLYLOOP((#1435,#1436,#1437,#1438));
#1440= IFCFACEOUTERBOUND(#1439,.T.);
#1441= IFCFACE((#1440));
#1442= IFCPOLYLOOP((#1438,#1437,#1431,#1281));
#1443= IFCFACEOUTERBOUND(#1442,.T.);
#1444= IFCFACE((#1443));
#1445= IFCPOLYLOOP((#1436,#1435,#1430,#1429));
#1446= IFCFACEOUTERBOUND(#1445,.T.);
#1447= IFCFACE((#1446));
#1448= IFCPOLYLOOP((#1437,#1436,#1429,#1431));
#1449= IFCFACEOUTERBOUND(#1448,.T.);
#1450= IFCFACE((#1449));
#1451= IFCPOLYLOOP((#1430,#1435,#1438,#1281));
#1452= IFCFACEOUTERBOUND(#1451,.T.);
#1453= IFCFACE((#1452));
#1454= IFCCLOSEDSHELL((#1434,#1441,#1444,#1447,#1450,#1453));
#1455= IFCFACETEDBREP(#1454);
#1456= IFCSTYLEDITEM(#1455,(#943),$);
#1457= IFCSHAPEREPRESENTATION(#12,'Body','Brep',(#1455));
#1458= IFCPRODUCTDEFINITIONSHAPE($,$,(#1457));
#1459= IFCCARTESIANPOINT((1465.00274660622,21139.0127465816,16874.9995422363));
#1460= IFCAXIS2PLACEMENT3D(#1459,#8,#1192);
#1461= IFCLOCALPLACEMENT(#42,#1460);
#1462= IFCPLATE('0AHfK4R5LAXv2WDtBJpe0c',#44,'PLATE-10','PL10*130',$,#1461,#1458,'ID0a469504-6c55-4a87-90a0-3772d3ce8026');
#1463= IFCPROPERTYSINGLEVALUE('Bottom elevation',$,IFCLABEL(' +16.870'),$);
#1464= IFCPROPERTYSINGLEVALUE('Top elevation',$,IFCLABEL(' +16.880'),$);
#1465= IFCPROPERTYSET('00l0Xa_oH3OhpSvTWQgP9C',#5,'Tekla Common','Common Properties to Shared building elements',(#1463,#1464,#1142,#1412,#1144,#1145));
#1466= IFCOWNERHISTORY(#3,#4,$,.NOCHANGE.,$,$,$,1770843600);
#1467= IFCCARTESIANPOINT((3.9018064403208,0.901806440322616,19.6157056080629));
#1468= IFCCARTESIANPOINT((0.,-3.,20.));
#1469= IFCCARTESIANPOINT((0.,-3.,210.));
#1470= IFCCARTESIANPOINT((3.9018064403208,0.901806440322616,210.384294391937));
#1471= IFCCARTESIANPOINT((7.65366864730095,4.65366864730186,211.522409349775));
#1472= IFCCARTESIANPOINT((8.,5.,211.70752731452));
#1473= IFCCARTESIANPOINT((8.,5.,18.2924726854799));
#1474= IFCCARTESIANPOINT((7.65366864730095,4.65366864730186,18.4775906502255));
#1475= IFCPOLYLOOP((#1467,#1468,#1469,#1470,#1471,#1472,#1473,#1474));
#1476= IFCFACEOUTERBOUND(#1475,.T.);
#1477= IFCFACE((#1476));
#1478= IFCCARTESIANPOINT((0.,-5.,210.));
#1479= IFCPOLYLOOP((#944,#1478,#1469,#1468));
#1480= IFCFACEOUTERBOUND(#1479,.T.);
#1481= IFCFACE((#1480));
#1482= IFCCARTESIANPOINT((3.9018064403208,-5.,210.384294391937));
#1483= IFCPOLYLOOP((#1478,#1482,#1470,#1469));
#1484= IFCFACEOUTERBOUND(#1483,.T.);
#1485= IFCFACE((#1484));
#1486= IFCCARTESIANPOINT((7.65366864730095,-5.,211.522409349775));
#1487= IFCPOLYLOOP((#1482,#1486,#1471,#1470));
#1488= IFCFACEOUTERBOUND(#1487,.T.);
#1489= IFCFACE((#1488));
#1490= IFCCARTESIANPOINT((11.1114046603907,-5.,213.37060775395));
#1491= IFCCARTESIANPOINT((11.1114046603907,5.,213.37060775395));
#1492= IFCPOLYLOOP((#1486,#1490,#1491,#1472,#1471));
#1493= IFCFACEOUTERBOUND(#1492,.T.);
#1494= IFCFACE((#1493));
#1495= IFCCARTESIANPOINT((14.1421356237297,-5.,215.85786437627));
#1496= IFCCARTESIANPOINT((14.1421356237297,5.,215.85786437627));
#1497= IFCPOLYLOOP((#1490,#1495,#1496,#1491));
#1498= IFCFACEOUTERBOUND(#1497,.T.);
#1499= IFCFACE((#1498));
#1500= IFCCARTESIANPOINT((16.62939224605,-5.,218.888595339609));
#1501= IFCCARTESIANPOINT((16.62939224605,5.,218.888595339609));
#1502= IFCPOLYLOOP((#1495,#1500,#1501,#1496));
#1503= IFCFACEOUTERBOUND(#1502,.T.);
#1504= IFCFACE((#1503));
#1505= IFCCARTESIANPOINT((18.4775906502255,-5.,222.346331352699));
#1506= IFCCARTESIANPOINT((18.4775906502255,5.,222.346331352699));
#1507= IFCPOLYLOOP((#1500,#1505,#1506,#1501));
#1508= IFCFACEOUTERBOUND(#1507,.T.);
#1509= IFCFACE((#1508));
#1510= IFCCARTESIANPOINT((19.6157056080629,-5.,226.098193559679));
#1511= IFCCARTESIANPOINT((19.6157056080629,5.,226.098193559679));
#1512= IFCPOLYLOOP((#1505,#1510,#1511,#1506));
#1513= IFCFACEOUTERBOUND(#1512,.T.);
#1514= IFCFACE((#1513));
#1515= IFCCARTESIANPOINT((20.,-5.,230.));
#1516= IFCCARTESIANPOINT((20.,5.,230.));
#1517= IFCPOLYLOOP((#1510,#1515,#1516,#1511));
#1518= IFCFACEOUTERBOUND(#1517,.T.);
#1519= IFCFACE((#1518));
#1520= IFCCARTESIANPOINT((109.999999999491,-5.,230.));
#1521= IFCCARTESIANPOINT((109.999999999491,5.,230.));
#1522= IFCPOLYLOOP((#1515,#1520,#1521,#1516));
#1523= IFCFACEOUTERBOUND(#1522,.T.);
#1524= IFCFACE((#1523));
#1525= IFCCARTESIANPOINT((110.384294391428,-5.,226.098193559679));
#1526= IFCCARTESIANPOINT((110.384294391428,5.,226.098193559679));
#1527= IFCPOLYLOOP((#1520,#1525,#1526,#1521));
#1528= IFCFACEOUTERBOUND(#1527,.T.);
#1529= IFCFACE((#1528));
#1530= IFCCARTESIANPOINT((111.522409349265,-5.,222.346331352699));
#1531= IFCCARTESIANPOINT((111.522409349265,5.,222.346331352699));
#1532= IFCPOLYLOOP((#1525,#1530,#1531,#1526));
#1533= IFCFACEOUTERBOUND(#1532,.T.);
#1534= IFCFACE((#1533));
#1535= IFCCARTESIANPOINT((113.370607753441,-5.,218.888595339609));
#1536= IFCCARTESIANPOINT((113.370607753441,5.,218.888595339609));
#1537= IFCPOLYLOOP((#1530,#1535,#1536,#1531));
#1538= IFCFACEOUTERBOUND(#1537,.T.);
#1539= IFCFACE((#1538));
#1540= IFCCARTESIANPOINT((115.857864375761,-5.,215.85786437627));
#1541= IFCCARTESIANPOINT((115.857864375761,5.,215.85786437627));
#1542= IFCPOLYLOOP((#1535,#1540,#1541,#1536));
#1543= IFCFACEOUTERBOUND(#1542,.T.);
#1544= IFCFACE((#1543));
#1545= IFCCARTESIANPOINT((118.8885953391,-5.,213.37060775395));
#1546= IFCCARTESIANPOINT((118.8885953391,5.,213.37060775395));
#1547= IFCPOLYLOOP((#1540,#1545,#1546,#1541));
#1548= IFCFACEOUTERBOUND(#1547,.T.);
#1549= IFCFACE((#1548));
#1550= IFCCARTESIANPOINT((122.34633135219,-5.,211.522409349775));
#1551= IFCCARTESIANPOINT((122.34633135219,5.,211.522409349775));
#1552= IFCPOLYLOOP((#1545,#1550,#1551,#1546));
#1553= IFCFACEOUTERBOUND(#1552,.T.);
#1554= IFCFACE((#1553));
#1555= IFCCARTESIANPOINT((126.09819355917,-5.,210.384294391937));
#1556= IFCCARTESIANPOINT((126.09819355917,5.,210.384294391937));
#1557= IFCPOLYLOOP((#1550,#1555,#1556,#1551));
#1558= IFCFACEOUTERBOUND(#1557,.T.);
#1559= IFCFACE((#1558));
#1560= IFCCARTESIANPOINT((129.999999999491,-5.,210.));
#1561= IFCCARTESIANPOINT((129.999999999491,5.,210.));
#1562= IFCPOLYLOOP((#1555,#1560,#1561,#1556));
#1563= IFCFACEOUTERBOUND(#1562,.T.);
#1564= IFCFACE((#1563));
#1565= IFCPOLYLOOP((#1560,#1036,#1037,#1561));
#1566= IFCFACEOUTERBOUND(#1565,.T.);
#1567= IFCFACE((#1566));
#1568= IFCPOLYLOOP((#1107,#1106,#1111,#1474,#1473));
#1569= IFCFACEOUTERBOUND(#1568,.T.);
#1570= IFCFACE((#1569));
#1571= IFCPOLYLOOP((#1111,#1116,#1467,#1474));
#1572= IFCFACEOUTERBOUND(#1571,.T.);
#1573= IFCFACE((#1572));
#1574= IFCPOLYLOOP((#1116,#944,#1468,#1467));
#1575= IFCFACEOUTERBOUND(#1574,.T.);
#1576= IFCFACE((#1575));
#1577= IFCPOLYLOOP((#1491,#1496,#1501,#1506,#1511,#1516,#1521,#1526,#1531,#1536,#1541,#1546,#1551,#1556,#1561,#1037,#1042,#1047,#1052,#1057,#1062,#1067,#1072,#1077,#1082,#1087,#1092,#1097,#1102,#1107,#1473,#1472));
#1578= IFCFACEOUTERBOUND(#1577,.T.);
#1579= IFCFACE((#1578));
#1580= IFCPOLYLOOP((#1116,#1111,#1106,#1101,#1096,#1091,#1086,#1081,#1076,#1071,#1066,#1061,#1056,#1051,#1046,#1041,#1036,#1560,#1555,#1550,#1545,#1540,#1535,#1530,#1525,#1520,#1515,#1510,#1505,#1500,#1495,#1490,#1486,#1482,#1478,#944));
#1581= IFCFACEOUTERBOUND(#1580,.T.);
#1582= IFCFACE((#1581));
#1583= IFCCLOSEDSHELL((#1477,#1481,#1485,#1489,#1494,#1499,#1504,#1509,#1514,#1519,#1524,#1529,#1534,#1539,#1544,#1549,#1554,#1559,#1564,#1567,#1045,#1050,#1055,#1060,#1065,#1070,#1075,#1080,#1085,#1090,#1095,#1100,#1105,#1110,#1570,#1573,#1576,#1579,#1582));
#1584= IFCFACETEDBREP(#1583);
#1585= IFCSTYLEDITEM(#1584,(#943),$);
#1586= IFCSHAPEREPRESENTATION(#12,'Body','Brep',(#1584));
#1587= IFCPRODUCTDEFINITIONSHAPE($,$,(#1586));
#1588= IFCCARTESIANPOINT((1355.00274660622,21139.0127465812,16869.9995422363));
#1589= IFCAXIS2PLACEMENT3D(#1588,#864,#8);
#1590= IFCLOCALPLACEMENT(#42,#1589);
#1591= IFCPLATE('0YPiUOlIbFYA1P0Tp00i0u',#1466,'PLATE-10','PL10*130',$,#1590,#1587,'ID2266c798-bd29-4f88-a059-01dcc002c038');
#1592= IFCPROPERTYSINGLEVALUE('Bottom elevation',$,IFCLABEL(' +16.640'),$);
#1593= IFCPROPERTYSINGLEVALUE('Top elevation',$,IFCLABEL(' +16.870'),$);
#1594= IFCPROPERTYSINGLEVALUE('Preliminary mark',$,IFCLABEL('5-2-P104'),$);
#1595= IFCPROPERTYSET('0P6HrLonDDeB61K_T5DUBp',#5,'Tekla Common','Common Properties to Shared building elements',(#1592,#1593,#1142,#1594,#1144,#1145));
#1596= IFCPROPERTYSINGLEVALUE('Weight',$,IFCMASSMEASURE(2.2),$);
#1597= IFCPROPERTYSINGLEVALUE('Area per tons',$,IFCAREAMEASURE(28.714),$);
#1598= IFCPROPERTYSINGLEVALUE('Net surface area',$,IFCAREAMEASURE(0.063),$);
#1599= IFCPROPERTYSINGLEVALUE('Length',$,IFCLENGTHMEASURE(230.),$);
#1600= IFCPROPERTYSET('1Zvw_oXDb0SgcBxt$fLesC',#5,'Tekla Quantity','Quantity Properties to Shared building elements',(#1596,#1148,#1262,#1597,#1598,#1418,#1153,#1599));
#1601= IFCPROPERTYSINGLEVALUE('Reference',$,IFCIDENTIFIER('5-2-P104'),$);
#1602= IFCPROPERTYSET('1lQcM6j5j6RQHr1d1M34mM',#5,'Pset_PlateCommon','Common Properties to plate elements',(#1156,#1601));
#1603= IFCQUANTITYLENGTH('Width',$,$,129.999999999491);
#1604= IFCQUANTITYAREA('NetArea',$,$,0.0632061206816695);
#1605= IFCQUANTITYAREA('GrossArea',$,$,0.0298999999998829);
#1606= IFCQUANTITYVOLUME('NetVolume',$,$,0.000280412706930392);
#1607= IFCQUANTITYVOLUME('GrossVolume',$,$,0.000286514219396039);
#1608= IFCELEMENTQUANTITY('3bA8H7g9n4FPZimd55pN4M',#5,'BaseQuantities',$,$,(#1603,#1604,#1605,#1162,#1606,#1607));
#1609= IFCCARTESIANPOINT((7.65366864730095,-4.65366864730186,18.4775906502255));
#1610= IFCCARTESIANPOINT((8.,-5.,18.2924726854799));
#1611= IFCCARTESIANPOINT((8.,-5.,211.70752731452));
#1612= IFCCARTESIANPOINT((7.65366864730095,-4.65366864730186,211.522409349775));
#1613= IFCCARTESIANPOINT((3.9018064403208,-0.901806440322616,210.384294391937));
#1614= IFCCARTESIANPOINT((0.,3.,210.));
#1615= IFCCARTESIANPOINT((0.,3.,20.));
#1616= IFCCARTESIANPOINT((3.9018064403208,-0.901806440322616,19.6157056080629));
#1617= IFCPOLYLOOP((#1609,#1610,#1611,#1612,#1613,#1614,#1615,#1616));
#1618= IFCFACEOUTERBOUND(#1617,.T.);
#1619= IFCFACE((#1618));
#1620= IFCCARTESIANPOINT((0.,5.,210.));
#1621= IFCPOLYLOOP((#1620,#947,#1615,#1614));
#1622= IFCFACEOUTERBOUND(#1621,.T.);
#1623= IFCFACE((#1622));
#1624= IFCCARTESIANPOINT((3.9018064403208,5.,210.384294391937));
#1625= IFCPOLYLOOP((#1624,#1620,#1614,#1613));
#1626= IFCFACEOUTERBOUND(#1625,.T.);
#1627= IFCFACE((#1626));
#1628= IFCCARTESIANPOINT((7.65366864730095,5.,211.522409349775));
#1629= IFCPOLYLOOP((#1628,#1624,#1613,#1612));
#1630= IFCFACEOUTERBOUND(#1629,.T.);
#1631= IFCFACE((#1630));
#1632= IFCPOLYLOOP((#1490,#1491,#1628,#1612,#1611));
#1633= IFCFACEOUTERBOUND(#1632,.T.);
#1634= IFCFACE((#1633));
#1635= IFCPOLYLOOP((#1112,#1107,#1106,#1610,#1609));
#1636= IFCFACEOUTERBOUND(#1635,.T.);
#1637= IFCFACE((#1636));
#1638= IFCPOLYLOOP((#1117,#1112,#1609,#1616));
#1639= IFCFACEOUTERBOUND(#1638,.T.);
#1640= IFCFACE((#1639));
#1641= IFCPOLYLOOP((#947,#1117,#1616,#1615));
#1642= IFCFACEOUTERBOUND(#1641,.T.);
#1643= IFCFACE((#1642));
#1644= IFCPOLYLOOP((#1624,#1628,#1491,#1496,#1501,#1506,#1511,#1516,#1521,#1526,#1531,#1536,#1541,#1546,#1551,#1556,#1561,#1037,#1042,#1047,#1052,#1057,#1062,#1067,#1072,#1077,#1082,#1087,#1092,#1097,#1102,#1107,#1112,#1117,#947,#1620));
#1645= IFCFACEOUTERBOUND(#1644,.T.);
#1646= IFCFACE((#1645));
#1647= IFCPOLYLOOP((#1106,#1101,#1096,#1091,#1086,#1081,#1076,#1071,#1066,#1061,#1056,#1051,#1046,#1041,#1036,#1560,#1555,#1550,#1545,#1540,#1535,#1530,#1525,#1520,#1515,#1510,#1505,#1500,#1495,#1490,#1611,#1610));
#1648= IFCFACEOUTERBOUND(#1647,.T.);
#1649= IFCFACE((#1648));
#1650= IFCCLOSEDSHELL((#1619,#1623,#1627,#1631,#1634,#1499,#1504,#1509,#1514,#1519,#1524,#1529,#1534,#1539,#1544,#1549,#1554,#1559,#1564,#1567,#1045,#1050,#1055,#1060,#1065,#1070,#1075,#1080,#1085,#1090,#1095,#1100,#1105,#1110,#1637,#1640,#1643,#1646,#1649));
#1651= IFCFACETEDBREP(#1650);
#1652= IFCSTYLEDITEM(#1651,(#943),$);
#1653= IFCSHAPEREPRESENTATION(#12,'Body','Brep',(#1651));
#1654= IFCPRODUCTDEFINITIONSHAPE($,$,(#1653));
#1655= IFCCARTESIANPOINT((1225.00274660622,21139.0127465807,16869.9995422363));
#1656= IFCAXIS2PLACEMENT3D(#1655,#864,#8);
#1657= IFCLOCALPLACEMENT(#42,#1656);
#1658= IFCPLATE('2uzEJto9H6XBOM9CL17$co',#44,'PLATE-10','PL10*130',$,#1657,#1654,'IDb8f4e4f7-c894-4684-b616-24c5411ff9b2');
#1659= IFCQUANTITYLENGTH('Width',$,$,130.000000000002);
#1660= IFCQUANTITYAREA('NetArea',$,$,0.0632061206819144);
#1661= IFCQUANTITYAREA('GrossArea',$,$,0.0299000000000004);
#1662= IFCQUANTITYVOLUME('NetVolume',$,$,0.000280412706931566);
#1663= IFCELEMENTQUANTITY('1Om2Hmtxb57w$1gS7VpzHj',#5,'BaseQuantities',$,$,(#1659,#1660,#1661,#1162,#1662,#1607));
#1664= IFCCOLOURRGB('Light Red',0.905882352941176,0.325490196078431,0.36078431372549);
#1665= IFCSURFACESTYLERENDERING(#1664,0.,$,$,$,$,IFCNORMALISEDRATIOMEASURE(0.00390625),IFCSPECULAREXPONENT(10.),.NOTDEFINED.);
#1666= IFCSURFACESTYLE('STEEL/S275',.POSITIVE.,(#1665));
#1667= IFCPRESENTATIONSTYLEASSIGNMENT((#1666));
#1668= IFCCARTESIANPOINT((0.,-6.,0.));
#1669= IFCCARTESIANPOINT((-9.09494701772928E-13,-6.,250.));
#1670= IFCCARTESIANPOINT((-9.09494701772928E-13,6.,250.));
#1671= IFCCARTESIANPOINT((0.,6.,0.));
#1672= IFCPOLYLOOP((#1668,#1669,#1670,#1671));
#1673= IFCFACEOUTERBOUND(#1672,.T.);
#1674= IFCFACE((#1673));
#1675= IFCCARTESIANPOINT((350.,-6.,250.));
#1676= IFCCARTESIANPOINT((350.,6.,250.));
#1677= IFCPOLYLOOP((#1669,#1675,#1676,#1670));
#1678= IFCFACEOUTERBOUND(#1677,.T.);
#1679= IFCFACE((#1678));
#1680= IFCCARTESIANPOINT((350.,-6.,0.));
#1681= IFCCARTESIANPOINT((350.,6.,0.));
#1682= IFCPOLYLOOP((#1675,#1680,#1681,#1676));
#1683= IFCFACEOUTERBOUND(#1682,.T.);
#1684= IFCFACE((#1683));
#1685= IFCPOLYLOOP((#1680,#1668,#1671,#1681));
#1686= IFCFACEOUTERBOUND(#1685,.T.);
#1687= IFCFACE((#1686));
#1688= IFCPOLYLOOP((#1676,#1681,#1671,#1670));
#1689= IFCFACEOUTERBOUND(#1688,.T.);
#1690= IFCFACE((#1689));
#1691= IFCPOLYLOOP((#1680,#1675,#1669,#1668));
#1692= IFCFACEOUTERBOUND(#1691,.T.);
#1693= IFCFACE((#1692));
#1694= IFCCLOSEDSHELL((#1674,#1679,#1684,#1687,#1690,#1693));
#1695= IFCFACETEDBREP(#1694);
#1696= IFCSTYLEDITEM(#1695,(#1667),$);
#1697= IFCSHAPEREPRESENTATION(#12,'Body','Brep',(#1695));
#1698= IFCPRODUCTDEFINITIONSHAPE($,$,(#1697));
#1699= IFCCARTESIANPOINT((1115.00274659026,21275.0127465803,16879.9995422363));
#1700= IFCAXIS2PLACEMENT3D(#1699,#864,#7);
#1701= IFCLOCALPLACEMENT(#42,#1700);
#1702= IFCPLATE('2TL4nj$qb41fTTXaeBG2cj',#1466,'PLATE-12','PL12*250',$,#1701,#1698,'ID9d544c6d-ff49-4406-975d-864a0b4029ad');
#1703= IFCPLATETYPE('2FqUsdItPDhxQmxYIMZwnL',#5,'PL12*250',$,$,$,$,$,$,.NOTDEFINED.);
#1704= IFCPROPERTYSINGLEVALUE('Preliminary mark',$,IFCLABEL('5-2-P28'),$);
#1705= IFCPROPERTYSINGLEVALUE('Class',$,IFCLABEL('16'),$);
#1706= IFCPROPERTYSET('3Fo3ItVE5Bb9YBNqrGAXrG',#5,'Tekla Common','Common Properties to Shared building elements',(#1410,#1464,#1142,#1704,#1144,#1705));
#1707= IFCPROPERTYSINGLEVALUE('Weight',$,IFCMASSMEASURE(8.24),$);
#1708= IFCPROPERTYSINGLEVALUE('Volume',$,IFCVOLUMEMEASURE(0.001),$);
#1709= IFCPROPERTYSINGLEVALUE('Gross footprint area',$,IFCAREAMEASURE(0.004),$);
#1710= IFCPROPERTYSINGLEVALUE('Area per tons',$,IFCAREAMEASURE(22.978),$);
#1711= IFCPROPERTYSINGLEVALUE('Net surface area',$,IFCAREAMEASURE(0.189),$);
#1712= IFCPROPERTYSINGLEVALUE('Height',$,IFCLENGTHMEASURE(250.),$);
#1713= IFCPROPERTYSINGLEVALUE('Width',$,IFCLENGTHMEASURE(12.),$);
#1714= IFCPROPERTYSET('3aZJgNUqvBvuO1o4CROmR9',#5,'Tekla Quantity','Quantity Properties to Shared building elements',(#1707,#1708,#1709,#1710,#1711,#1712,#1713,#1419));
#1715= IFCPROPERTYSINGLEVALUE('Reference',$,IFCIDENTIFIER('5-2-P28'),$);
#1716= IFCPROPERTYSET('3x2xgZU9D7UQ6ZOwHrY0eK',#5,'Pset_PlateCommon','Common Properties to plate elements',(#1156,#1715));
#1717= IFCQUANTITYLENGTH('Width',$,$,250.);
#1718= IFCQUANTITYAREA('NetArea',$,$,0.1894);
#1719= IFCQUANTITYAREA('GrossArea',$,$,0.0875000000000002);
#1720= IFCQUANTITYAREA('CrossSectionArea',$,$,0.000144);
#1721= IFCQUANTITYVOLUME('NetVolume',$,$,0.00105);
#1722= IFCQUANTITYVOLUME('GrossVolume',$,$,0.00105);
#1723= IFCELEMENTQUANTITY('2mhsoXMYXF4BdNpU1WY1I8',#5,'BaseQuantities',$,$,(#1717,#1718,#1719,#1720,#1721,#1722));
#1724= IFCCOLOURRGB('Light Blue',0.23921568627451,0.,0.63921568627451);
#1725= IFCSURFACESTYLERENDERING(#1724,0.,$,$,$,$,IFCNORMALISEDRATIOMEASURE(0.00390625),IFCSPECULAREXPONENT(10.),.NOTDEFINED.);
#1726= IFCSURFACESTYLE('STEEL/S275',.POSITIVE.,(#1725));
#1727= IFCPRESENTATIONSTYLEASSIGNMENT((#1726));
#1728= IFCCARTESIANPOINT((0.,-10.,0.));
#1729= IFCCARTESIANPOINT((0.,-10.,470.));
#1730= IFCCARTESIANPOINT((0.,10.,470.));
#1731= IFCCARTESIANPOINT((0.,10.,0.));
#1732= IFCPOLYLOOP((#1728,#1729,#1730,#1731));
#1733= IFCFACEOUTERBOUND(#1732,.T.);
#1734= IFCFACE((#1733));
#1735= IFCCARTESIANPOINT((350.,-10.,470.));
#1736= IFCCARTESIANPOINT((350.,10.,470.));
#1737= IFCPOLYLOOP((#1729,#1735,#1736,#1730));
#1738= IFCFACEOUTERBOUND(#1737,.T.);
#1739= IFCFACE((#1738));
#1740= IFCCARTESIANPOINT((350.,-10.,0.));
#1741= IFCCARTESIANPOINT((350.,10.,0.));
#1742= IFCPOLYLOOP((#1735,#1740,#1741,#1736));
#1743= IFCFACEOUTERBOUND(#1742,.T.);
#1744= IFCFACE((#1743));
#1745= IFCPOLYLOOP((#1740,#1728,#1731,#1741));
#1746= IFCFACEOUTERBOUND(#1745,.T.);
#1747= IFCFACE((#1746));
#1748= IFCPOLYLOOP((#1736,#1741,#1731,#1730));
#1749= IFCFACEOUTERBOUND(#1748,.T.);
#1750= IFCFACE((#1749));
#1751= IFCPOLYLOOP((#1740,#1735,#1729,#1728));
#1752= IFCFACEOUTERBOUND(#1751,.T.);
#1753= IFCFACE((#1752));
#1754= IFCCLOSEDSHELL((#1734,#1739,#1744,#1747,#1750,#1753));
#1755= IFCFACETEDBREP(#1754);
#1756= IFCSTYLEDITEM(#1755,(#1727),$);
#1757= IFCSHAPEREPRESENTATION(#12,'Body','Brep',(#1755));
#1758= IFCPRODUCTDEFINITIONSHAPE($,$,(#1757));
#1759= IFCCARTESIANPOINT((1465.0027466061,21129.0127465816,16989.9995422363));
#1760= IFCAXIS2PLACEMENT3D(#1759,#864,#1192);
#1761= IFCLOCALPLACEMENT(#42,#1760);
#1762= IFCPLATE('2GuUL4lffFOOSpsJYMZE4N',#44,'PLATE-20','PL20*350',$,#1761,#1758,'ID90e1e544-be9a-4f61-8733-d938968ce117');
#1763= IFCPLATETYPE('1tWh9x7C12AwgcmNWYqOnn',#5,'PL20*350',$,$,$,$,$,$,.NOTDEFINED.);
#1764= IFCPROPERTYSINGLEVALUE('Preliminary mark',$,IFCLABEL('5-2-P27'),$);
#1765= IFCPROPERTYSINGLEVALUE('Class',$,IFCLABEL('14'),$);
#1766= IFCPROPERTYSET('0twubWo7fDhArTS1ctZHkA',#5,'Tekla Common','Common Properties to Shared building elements',(#1257,#1362,#1142,#1764,#1144,#1765));
#1767= IFCPROPERTYSINGLEVALUE('Weight',$,IFCMASSMEASURE(25.83),$);
#1768= IFCPROPERTYSINGLEVALUE('Volume',$,IFCVOLUMEMEASURE(0.003),$);
#1769= IFCPROPERTYSINGLEVALUE('Gross footprint area',$,IFCAREAMEASURE(0.007),$);
#1770= IFCPROPERTYSINGLEVALUE('Area per tons',$,IFCAREAMEASURE(14.009),$);
#1771= IFCPROPERTYSINGLEVALUE('Net surface area',$,IFCAREAMEASURE(0.362),$);
#1772= IFCPROPERTYSINGLEVALUE('Height',$,IFCLENGTHMEASURE(350.),$);
#1773= IFCPROPERTYSINGLEVALUE('Width',$,IFCLENGTHMEASURE(20.),$);
#1774= IFCPROPERTYSINGLEVALUE('Length',$,IFCLENGTHMEASURE(470.),$);
#1775= IFCPROPERTYSET('3mhQ_Id71319MWY$WNMd3u',#5,'Tekla Quantity','Quantity Properties to Shared building elements',(#1767,#1768,#1769,#1770,#1771,#1772,#1773,#1774));
#1776= IFCPROPERTYSINGLEVALUE('Reference',$,IFCIDENTIFIER('5-2-P27'),$);
#1777= IFCPROPERTYSET('03TLYanzL6MwxCpHkXVaX_',#5,'Pset_PlateCommon','Common Properties to plate elements',(#1156,#1776));
#1778= IFCQUANTITYLENGTH('Width',$,$,350.);
#1779= IFCQUANTITYAREA('NetArea',$,$,0.3618);
#1780= IFCQUANTITYAREA('GrossArea',$,$,0.1645);
#1781= IFCQUANTITYAREA('CrossSectionArea',$,$,0.0004);
#1782= IFCQUANTITYVOLUME('NetVolume',$,$,0.00329);
#1783= IFCQUANTITYVOLUME('GrossVolume',$,$,0.00329);
#1784= IFCELEMENTQUANTITY('3D_LTVeFj61hZcrRAq$O3e',#5,'BaseQuantities',$,$,(#1778,#1779,#1780,#1781,#1782,#1783));
#1785= IFCCOLOURRGB('Dark Blue',0.117647058823529,0.262745098039216,0.513725490196078);
#1786= IFCSURFACESTYLERENDERING(#1785,0.,$,$,$,$,IFCNORMALISEDRATIOMEASURE(0.00390625),IFCSPECULAREXPONENT(10.),.NOTDEFINED.);
#1787= IFCSURFACESTYLE('STEEL/S275',.POSITIVE.,(#1786));
#1788= IFCPRESENTATIONSTYLEASSIGNMENT((#1787));
#1789= IFCCARTESIANPOINT((9.99999999999409,125.,174.999999999989));
#1790= IFCCARTESIANPOINT((-5.45696821063757E-12,115.,165.));
#1791= IFCCARTESIANPOINT((-5.45696821063757E-12,-115.,165.));
#1792= IFCCARTESIANPOINT((9.99999999999409,-125.,174.999999999989));
#1793= IFCPOLYLOOP((#1789,#1790,#1791,#1792));
#1794= IFCFACEOUTERBOUND(#1793,.T.);
#1795= IFCFACE((#1794));
#1796= IFCCARTESIANPOINT((5.45696821063757E-12,115.,-165.));
#1797= IFCCARTESIANPOINT((10.0000000000055,125.,-175.000000000011));
#1798= IFCCARTESIANPOINT((10.0000000000055,-125.,-175.000000000011));
#1799= IFCCARTESIANPOINT((5.45696821063757E-12,-115.,-165.));
#1800= IFCPOLYLOOP((#1796,#1797,#1798,#1799));
#1801= IFCFACEOUTERBOUND(#1800,.T.);
#1802= IFCFACE((#1801));
#1803= IFCPOLYLOOP((#1797,#1796,#1790,#1789));
#1804= IFCFACEOUTERBOUND(#1803,.T.);
#1805= IFCFACE((#1804));
#1806= IFCPOLYLOOP((#1799,#1798,#1792,#1791));
#1807= IFCFACEOUTERBOUND(#1806,.T.);
#1808= IFCFACE((#1807));
#1809= IFCCARTESIANPOINT((1983.00000000472,-115.,-165.000000002641));
#1810= IFCCARTESIANPOINT((1983.00000000472,115.,-165.000000002641));
#1811= IFCPOLYLOOP((#1796,#1799,#1809,#1810));
#1812= IFCFACEOUTERBOUND(#1811,.T.);
#1813= IFCFACE((#1812));
#1814= IFCCARTESIANPOINT((1983.00000000471,-115.,164.999999997359));
#1815= IFCPOLYLOOP((#1799,#1791,#1814,#1809));
#1816= IFCFACEOUTERBOUND(#1815,.T.);
#1817= IFCFACE((#1816));
#1818= IFCCARTESIANPOINT((1983.00000000471,115.,164.999999997359));
#1819= IFCPOLYLOOP((#1791,#1790,#1818,#1814));
#1820= IFCFACEOUTERBOUND(#1819,.T.);
#1821= IFCFACE((#1820));
#1822= IFCPOLYLOOP((#1790,#1796,#1810,#1818));
#1823= IFCFACEOUTERBOUND(#1822,.T.);
#1824= IFCFACE((#1823));
#1825= IFCCARTESIANPOINT((1983.00000000471,125.,174.999999997359));
#1826= IFCCARTESIANPOINT((1983.00000000472,125.,-175.000000002641));
#1827= IFCPOLYLOOP((#1825,#1826,#1797,#1789));
#1828= IFCFACEOUTERBOUND(#1827,.T.);
#1829= IFCFACE((#1828));
#1830= IFCCARTESIANPOINT((1983.00000000471,-125.,174.999999997359));
#1831= IFCPOLYLOOP((#1830,#1825,#1789,#1792));
#1832= IFCFACEOUTERBOUND(#1831,.T.);
#1833= IFCFACE((#1832));
#1834= IFCCARTESIANPOINT((1983.00000000472,-125.,-175.000000002641));
#1835= IFCPOLYLOOP((#1834,#1830,#1792,#1798));
#1836= IFCFACEOUTERBOUND(#1835,.T.);
#1837= IFCFACE((#1836));
#1838= IFCPOLYLOOP((#1826,#1834,#1798,#1797));
#1839= IFCFACEOUTERBOUND(#1838,.T.);
#1840= IFCFACE((#1839));
#1841= IFCPOLYLOOP((#1830,#1834,#1826,#1825));
#1842= IFCFACEOUTERBOUND(#1841,.T.);
#1843= IFCPOLYLOOP((#1814,#1818,#1810,#1809));
#1844= IFCFACEBOUND(#1843,.T.);
#1845= IFCFACE((#1842,#1844));
#1846= IFCPOLYLOOP((#1796,#1799,#1791,#1790));
#1847= IFCFACEOUTERBOUND(#1846,.T.);
#1848= IFCPOLYLOOP((#1790,#1791,#1799,#1796));
#1849= IFCFACEBOUND(#1848,.T.);
#1850= IFCFACE((#1847,#1849));
#1851= IFCCLOSEDSHELL((#1795,#1802,#1805,#1808,#1813,#1817,#1821,#1824,#1829,#1833,#1837,#1840,#1845,#1850));
#1852= IFCFACETEDBREP(#1851);
#1853= IFCSTYLEDITEM(#1852,(#1788),$);
#1854= IFCSHAPEREPRESENTATION(#12,'Body','Brep',(#1852));
#1855= IFCPRODUCTDEFINITIONSHAPE($,$,(#1854));
#1856= IFCCARTESIANPOINT((3088.00274662271,30042.9957276024,16754.4243271434));
#1857= IFCDIRECTION((-3.00000056085992E-09,-1.,0.));
#1858= IFCAXIS2PLACEMENT3D(#1856,#1857,#1192);
#1859= IFCLOCALPLACEMENT(#42,#1858);
#1860= IFCBEAM('2W7PooxA9B7QRtTwRGTvfc',#44,'B2-\S\?\S\Z350x250x10','TUB350X250X10 ',$,#1859,#1855,'IDa01d9cb2-eca2-4b1d-a6f7-77a6d0779a66');
#1861= IFCBEAMTYPE('0cuZ8GHA95gwxIpSUOSwvL',#5,'TUB350X250X10 ',$,$,$,$,$,$,.NOTDEFINED.);
#1862= IFCPROPERTYSINGLEVALUE('Bottom elevation',$,IFCLABEL(' +16.629'),$);
#1863= IFCPROPERTYSINGLEVALUE('Top elevation',$,IFCLABEL(' +16.879'),$);
#1864= IFCPROPERTYSINGLEVALUE('Preliminary mark',$,IFCLABEL('5-2-P31'),$);
#1865= IFCPROPERTYSINGLEVALUE('Class',$,IFCLABEL('4'),$);
#1866= IFCPROPERTYSET('1Inx4lY0bCAhqemXDebvCX',#5,'Tekla Common','Common Properties to Shared building elements',(#1862,#1863,#1142,#1864,#1144,#1865));
#1867= IFCPROPERTYSINGLEVALUE('Weight',$,IFCMASSMEASURE(180.11),$);
#1868= IFCPROPERTYSINGLEVALUE('Volume',$,IFCVOLUMEMEASURE(0.023),$);
#1869= IFCPROPERTYSINGLEVALUE('Gross footprint area',$,IFCAREAMEASURE(0.694),$);
#1870= IFCPROPERTYSINGLEVALUE('Area per tons',$,IFCAREAMEASURE(13.193),$);
#1871= IFCPROPERTYSINGLEVALUE('Net surface area',$,IFCAREAMEASURE(2.376),$);
#1872= IFCPROPERTYSINGLEVALUE('Width',$,IFCLENGTHMEASURE(250.),$);
#1873= IFCPROPERTYSINGLEVALUE('Length',$,IFCLENGTHMEASURE(1983.),$);
#1874= IFCPROPERTYSET('1tiS8FNjPDI80n7yac0FVP',#5,'Tekla Quantity','Quantity Properties to Shared building elements',(#1867,#1868,#1869,#1870,#1871,#1772,#1872,#1873));
#1875= IFCPROPERTYSINGLEVALUE('Reference',$,IFCIDENTIFIER('5-2-P31'),$);
#1876= IFCPROPERTYSET('1S$rD4uAnBseCUPB4lXIhE',#5,'Pset_BeamCommon','Common Properties to beam elements',(#1156,#1875));
#1877= IFCQUANTITYLENGTH('Length',$,$,1983.00000000518);
#1878= IFCQUANTITYAREA('OuterSurfaceArea',$,$,2.37617309862804);
#1879= IFCQUANTITYVOLUME('NetVolume',$,$,0.0229441333334098);
#1880= IFCQUANTITYWEIGHT('NetWeight',$,$,180.111446667267);
#1881= IFCELEMENTQUANTITY('20888dFs5EVwJq6ut7jKuc',#5,'BaseQuantities',$,$,(#1877,#1878,#1879,#1880));
#1882= IFCMAPPEDITEM(#859,#122);
#1883= IFCSHAPEREPRESENTATION(#12,'Body','MappedRepresentation',(#1882));
#1884= IFCPRODUCTDEFINITIONSHAPE($,$,(#1883));
#1885= IFCCARTESIANPOINT((3270.00823984536,30162.9957275272,16579.4243271434));
#1886= IFCAXIS2PLACEMENT3D(#1885,#1857,#864);
#1887= IFCLOCALPLACEMENT(#42,#1886);
#1888= IFCMECHANICALFASTENER('123TVc$1LEqOazeXqo_uAQ',#447,'Bolt assembly',$,$,#1887,#1884,'ID420dd7e6-fc15-4ed1-893d-a21d32fb829a',24.,85.);
#1889= IFCMAPPEDITEM(#859,#122);
#1890= IFCSHAPEREPRESENTATION(#12,'Body','MappedRepresentation',(#1889));
#1891= IFCPRODUCTDEFINITIONSHAPE($,$,(#1890));
#1892= IFCCARTESIANPOINT((3270.00823984579,30042.9957275272,16579.4243271434));
#1893= IFCAXIS2PLACEMENT3D(#1892,#1857,#864);
#1894= IFCLOCALPLACEMENT(#42,#1893);
#1895= IFCMECHANICALFASTENER('1aNomA4$j5v8LWdjQkVUKd',#447,'Bolt assembly',$,$,#1894,#1891,'ID645f2c0a-13fb-45e4-8560-9ed6ae7de527',24.,85.);
#1896= IFCMAPPEDITEM(#859,#122);
#1897= IFCSHAPEREPRESENTATION(#12,'Body','MappedRepresentation',(#1896));
#1898= IFCPRODUCTDEFINITIONSHAPE($,$,(#1897));
#1899= IFCCARTESIANPOINT((3270.00823984623,29922.9957275272,16579.4243271434));
#1900= IFCAXIS2PLACEMENT3D(#1899,#1857,#864);
#1901= IFCLOCALPLACEMENT(#42,#1900);
#1902= IFCMECHANICALFASTENER('3PXRNCfgb9IA3WwSEKoZ8z',#447,'Bolt assembly',$,$,#1901,#1898,'IDd985b5cc-a6a9-4948-a0e0-e9c394ca323d',24.,85.);
#1903= IFCMAPPEDITEM(#859,#122);
#1904= IFCSHAPEREPRESENTATION(#12,'Body','MappedRepresentation',(#1903));
#1905= IFCPRODUCTDEFINITIONSHAPE($,$,(#1904));
#1906= IFCCARTESIANPOINT((3270.00823984536,30162.9957275272,16699.4243271434));
#1907= IFCAXIS2PLACEMENT3D(#1906,#1857,#864);
#1908= IFCLOCALPLACEMENT(#42,#1907);
#1909= IFCMECHANICALFASTENER('0Jm54a0Qr6hQh8FnI1Y5kY',#447,'Bolt assembly',$,$,#1908,#1905,'ID13c05124-01ad-46ad-aac8-3f1481885ba2',24.,85.);
#1910= IFCMAPPEDITEM(#859,#122);
#1911= IFCSHAPEREPRESENTATION(#12,'Body','MappedRepresentation',(#1910));
#1912= IFCPRODUCTDEFINITIONSHAPE($,$,(#1911));
#1913= IFCCARTESIANPOINT((3270.00823984623,29922.9957275272,16699.4243271434));
#1914= IFCAXIS2PLACEMENT3D(#1913,#1857,#864);
#1915= IFCLOCALPLACEMENT(#42,#1914);
#1916= IFCMECHANICALFASTENER('1RdFB8JxnFxAuHdr7$U0CD',#447,'Bolt assembly',$,$,#1915,#1912,'ID5b9cf2c8-4fbc-4fec-ae11-9f51ff78030d',24.,85.);
#1917= IFCMAPPEDITEM(#859,#122);
#1918= IFCSHAPEREPRESENTATION(#12,'Body','MappedRepresentation',(#1917));
#1919= IFCPRODUCTDEFINITIONSHAPE($,$,(#1918));
#1920= IFCCARTESIANPOINT((3270.00823984536,30162.9957275272,16814.4243271434));
#1921= IFCAXIS2PLACEMENT3D(#1920,#1857,#864);
#1922= IFCLOCALPLACEMENT(#42,#1921);
#1923= IFCMECHANICALFASTENER('0IH2OZTqz0bvkUnQYjY5iC',#447,'Bolt assembly',$,$,#1922,#1919,'ID12442623-774f-4097-9b9e-c5a8ad885b0c',24.,85.);
#1924= IFCMAPPEDITEM(#859,#122);
#1925= IFCSHAPEREPRESENTATION(#12,'Body','MappedRepresentation',(#1924));
#1926= IFCPRODUCTDEFINITIONSHAPE($,$,(#1925));
#1927= IFCCARTESIANPOINT((3270.00823984623,29922.9957275272,16814.4243271434));
#1928= IFCAXIS2PLACEMENT3D(#1927,#1857,#864);
#1929= IFCLOCALPLACEMENT(#42,#1928);
#1930= IFCMECHANICALFASTENER('10zXx36lX8hvVEDhvbUlNg',#447,'Bolt assembly',$,$,#1929,#1926,'ID40f61ec3-1af8-48af-97ce-36be657af5ea',24.,85.);
#1931= IFCMAPPEDITEM(#859,#122);
#1932= IFCSHAPEREPRESENTATION(#12,'Body','MappedRepresentation',(#1931));
#1933= IFCPRODUCTDEFINITIONSHAPE($,$,(#1932));
#1934= IFCCARTESIANPOINT((3270.00823984536,30162.9957275272,16929.4243271434));
#1935= IFCAXIS2PLACEMENT3D(#1934,#1857,#864);
#1936= IFCLOCALPLACEMENT(#42,#1935);
#1937= IFCMECHANICALFASTENER('3tLfd2a3vAOA$94qbqDnk0',#447,'Bolt assembly',$,$,#1936,#1933,'IDf75699c2-903e-4a60-afc9-134974371b80',24.,85.);
#1938= IFCMAPPEDITEM(#859,#122);
#1939= IFCSHAPEREPRESENTATION(#12,'Body','MappedRepresentation',(#1938));
#1940= IFCPRODUCTDEFINITIONSHAPE($,$,(#1939));
#1941= IFCCARTESIANPOINT((3270.00823984579,30042.9957275272,16929.4243271434));
#1942= IFCAXIS2PLACEMENT3D(#1941,#1857,#864);
#1943= IFCLOCALPLACEMENT(#42,#1942);
#1944= IFCMECHANICALFASTENER('1PdSZb31X958lMxwi3fft8',#447,'Bolt assembly',$,$,#1943,#1940,'ID599dc8e5-0c18-4914-8bd6-efab03a69dc8',24.,85.);
#1945= IFCMAPPEDITEM(#859,#122);
#1946= IFCSHAPEREPRESENTATION(#12,'Body','MappedRepresentation',(#1945));
#1947= IFCPRODUCTDEFINITIONSHAPE($,$,(#1946));
#1948= IFCCARTESIANPOINT((3270.00823984623,29922.9957275272,16929.4243271434));
#1949= IFCAXIS2PLACEMENT3D(#1948,#1857,#864);
#1950= IFCLOCALPLACEMENT(#42,#1949);
#1951= IFCMECHANICALFASTENER('3jKrZxgnzE98uHzZjz1CLi',#447,'Bolt assembly',$,$,#1950,#1947,'IDed5358fb-ab1f-4e24-8e11-f63b7d04c56c',24.,85.);
#1952= IFCSHAPEREPRESENTATION(#12,'Body','Brep',(#1131));
#1953= IFCPRODUCTDEFINITIONSHAPE($,$,(#1952));
#1954= IFCCARTESIANPOINT((3230.00274668151,30102.9957275192,16754.4243271434));
#1955= IFCAXIS2PLACEMENT3D(#1954,#1857,#1192);
#1956= IFCLOCALPLACEMENT(#42,#1955);
#1957= IFCPLATE('2RxYjnOGr8$ejruLfqcAbR',#44,'PLATE-10','PL10*120',$,#1956,#1953,'ID9bee2b71-610d-48fe-8b75-e15a7498a95b');
#1958= IFCPROPERTYSINGLEVALUE('Bottom elevation',$,IFCLABEL(' +16.749'),$);
#1959= IFCPROPERTYSINGLEVALUE('Top elevation',$,IFCLABEL(' +16.759'),$);
#1960= IFCPROPERTYSET('3i290VRGf5NhhVENtxii3u',#5,'Tekla Common','Common Properties to Shared building elements',(#1958,#1959,#1142,#1143,#1144,#1145));
#1961= IFCSHAPEREPRESENTATION(#12,'Body','Brep',(#1187));
#1962= IFCPRODUCTDEFINITIONSHAPE($,$,(#1961));
#1963= IFCCARTESIANPOINT((3230.00274668148,30113.0012206832,16754.4243271434));
#1964= IFCAXIS2PLACEMENT3D(#1963,#8,#1192);
#1965= IFCLOCALPLACEMENT(#42,#1964);
#1966= IFCPLATE('2aelpYnxT93vJqi0X8iJ6A',#44,'PLATE-10','PL10*105',$,#1965,#1962,'IDa4a2fce2-c7b7-490f-94f4-b00848b1318a');
#1967= IFCPROPERTYSET('30LdwOLCz8t9jkSmt8_38B',#5,'Tekla Common','Common Properties to Shared building elements',(#1958,#1959,#1142,#1197,#1144,#1145));
#1968= IFCSHAPEREPRESENTATION(#12,'Body','Brep',(#1187));
#1969= IFCPRODUCTDEFINITIONSHAPE($,$,(#1968));
#1970= IFCCARTESIANPOINT((3230.00274668205,29972.9957275192,16754.4243271434));
#1971= IFCAXIS2PLACEMENT3D(#1970,#1857,#1192);
#1972= IFCLOCALPLACEMENT(#42,#1971);
#1973= IFCPLATE('22guF07p14$uY09nyR06Ge',#44,'PLATE-10','PL10*105',$,#1972,#1969,'ID82ab83c0-1f30-44ff-8880-271f1b006428');
#1974= IFCSHAPEREPRESENTATION(#12,'Body','Brep',(#1248));
#1975= IFCPRODUCTDEFINITIONSHAPE($,$,(#1974));
#1976= IFCCARTESIANPOINT((3230.00274668145,30107.9957275192,16629.4243271434));
#1977= IFCAXIS2PLACEMENT3D(#1976,#864,#1192);
#1978= IFCLOCALPLACEMENT(#42,#1977);
#1979= IFCPLATE('3VRRzkj4b6KQXqi3HuVTqe',#447,'PLATE-10','PL10*110',$,#1978,#1975,'IDdf6dbf6e-b449-4651-a874-b034787ddd28');
#1980= IFCPROPERTYSINGLEVALUE('Bottom elevation',$,IFCLABEL(' +16.519'),$);
#1981= IFCPROPERTYSINGLEVALUE('Top elevation',$,IFCLABEL(' +16.629'),$);
#1982= IFCPROPERTYSET('01E3c8MGzClBrXVZ7XtCXo',#5,'Tekla Common','Common Properties to Shared building elements',(#1980,#1981,#1142,#1259,#1144,#1145));
#1983= IFCSHAPEREPRESENTATION(#12,'Body','Brep',(#1248));
#1984= IFCPRODUCTDEFINITIONSHAPE($,$,(#1983));
#1985= IFCCARTESIANPOINT((3230.00274668198,29977.9957275192,16629.4243271434));
#1986= IFCAXIS2PLACEMENT3D(#1985,#864,#1192);
#1987= IFCLOCALPLACEMENT(#42,#1986);
#1988= IFCPLATE('3tgUY7l4jCihgkE1fL4DVV',#447,'PLATE-10','PL10*110',$,#1987,#1984,'IDf7a9e887-bc4b-4cb2-baae-381a5510d7df');
#1989= IFCSHAPEREPRESENTATION(#12,'Body','Brep',(#1353));
#1990= IFCPRODUCTDEFINITIONSHAPE($,$,(#1989));
#1991= IFCCARTESIANPOINT((3230.00274668145,30107.9957275192,16989.4243271434));
#1992= IFCAXIS2PLACEMENT3D(#1991,#864,#1192);
#1993= IFCLOCALPLACEMENT(#42,#1992);
#1994= IFCPLATE('0XNOZ0E_n9WAEOcOzN2g5N',#447,'PLATE-10','PL10*110',$,#1993,#1990,'ID215d88c0-3bec-4980-a398-998f570aa157');
#1995= IFCPROPERTYSINGLEVALUE('Bottom elevation',$,IFCLABEL(' +16.879'),$);
#1996= IFCPROPERTYSINGLEVALUE('Top elevation',$,IFCLABEL(' +16.989'),$);
#1997= IFCPROPERTYSET('3jk_mJFhz3b8jupZncs66g',#5,'Tekla Common','Common Properties to Shared building elements',(#1995,#1996,#1142,#1259,#1144,#1145));
#1998= IFCSHAPEREPRESENTATION(#12,'Body','Brep',(#1353));
#1999= IFCPRODUCTDEFINITIONSHAPE($,$,(#1998));
#2000= IFCCARTESIANPOINT((3230.00274668198,29977.9957275192,16989.4243271434));
#2001= IFCAXIS2PLACEMENT3D(#2000,#864,#1192);
#2002= IFCLOCALPLACEMENT(#42,#2001);
#2003= IFCPLATE('3oT67bXODE59_hs3XIEMU3',#447,'PLATE-10','PL10*110',$,#2002,#1999,'IDf27461e5-8583-4e14-9fab-d83852396783');
#2004= IFCSHAPEREPRESENTATION(#12,'Body','Brep',(#1695));
#2005= IFCPRODUCTDEFINITIONSHAPE($,$,(#2004));
#2006= IFCCARTESIANPOINT((3094.00274668105,30217.995727536,16879.4243271434));
#2007= IFCAXIS2PLACEMENT3D(#2006,#864,#1857);
#2008= IFCLOCALPLACEMENT(#42,#2007);
#2009= IFCPLATE('09hohkClP5HOBAQ7cOiSoP',#1466,'PLATE-12','PL12*250',$,#2008,#2005,'ID09af2aee-32f6-4545-82ca-687998b1cc99');
#2010= IFCPROPERTYSET('2oRzRziLD39AmgBdLqTBQM',#5,'Tekla Common','Common Properties to Shared building elements',(#1862,#1863,#1142,#1704,#1144,#1705));
#2011= IFCSHAPEREPRESENTATION(#12,'Body','Brep',(#1651));
#2012= IFCPRODUCTDEFINITIONSHAPE($,$,(#2011));
#2013= IFCCARTESIANPOINT((3230.00274668198,29977.9957275192,16869.4243271434));
#2014= IFCAXIS2PLACEMENT3D(#2013,#864,#1192);
#2015= IFCLOCALPLACEMENT(#42,#2014);
#2016= IFCPLATE('1_oWLcytX8MgC21OEiDLnm',#1466,'PLATE-10','PL10*130',$,#2015,#2012,'ID7eca0566-f378-485a-a302-0583ac355c70');
#2017= IFCPROPERTYSINGLEVALUE('Bottom elevation',$,IFCLABEL(' +16.639'),$);
#2018= IFCPROPERTYSINGLEVALUE('Top elevation',$,IFCLABEL(' +16.869'),$);
#2019= IFCPROPERTYSET('2L0RdvjdH3dOvzfg5EnQpJ',#5,'Tekla Common','Common Properties to Shared building elements',(#2017,#2018,#1142,#1594,#1144,#1145));
#2020= IFCSHAPEREPRESENTATION(#12,'Body','Brep',(#1584));
#2021= IFCPRODUCTDEFINITIONSHAPE($,$,(#2020));
#2022= IFCCARTESIANPOINT((3230.00274668145,30107.9957275192,16869.4243271434));
#2023= IFCAXIS2PLACEMENT3D(#2022,#864,#1192);
#2024= IFCLOCALPLACEMENT(#42,#2023);
#2025= IFCPLATE('2GkiN1$xPAexjjXRbnCBYL',#44,'PLATE-10','PL10*130',$,#2024,#2021,'ID90bac5c1-ffb6-4aa3-bb6d-85b97130b895');
#2026= IFCSHAPEREPRESENTATION(#12,'Body','Brep',(#1455));
#2027= IFCPRODUCTDEFINITIONSHAPE($,$,(#2026));
#2028= IFCCARTESIANPOINT((3230.00274668249,29867.9957275192,16634.4243271434));
#2029= IFCAXIS2PLACEMENT3D(#2028,#1192,#8);
#2030= IFCLOCALPLACEMENT(#42,#2029);
#2031= IFCPLATE('2R5IlewZv8QPJl7ANB6avj',#44,'PLATE-10','PL10*130',$,#2030,#2027,'ID9b152be8-ea3e-4869-94ef-1ca5cb1a4e6d');
#2032= IFCPROPERTYSINGLEVALUE('Top elevation',$,IFCLABEL(' +16.639'),$);
#2033= IFCPROPERTYSET('1zhuicXufADQVTzInH$ttb',#5,'Tekla Common','Common Properties to Shared building elements',(#1862,#2032,#1142,#1412,#1144,#1145));
#2034= IFCCLOSEDSHELL((#1387,#1381,#1390,#1393,#1396,#1399));
#2035= IFCFACETEDBREP(#2034);
#2036= IFCSTYLEDITEM(#2035,(#943),$);
#2037= IFCSHAPEREPRESENTATION(#12,'Body','Brep',(#2035));
#2038= IFCPRODUCTDEFINITIONSHAPE($,$,(#2037));
#2039= IFCCARTESIANPOINT((3230.00274668249,29867.9957275192,16874.4243271434));
#2040= IFCAXIS2PLACEMENT3D(#2039,#1192,#8);
#2041= IFCLOCALPLACEMENT(#42,#2040);
#2042= IFCPLATE('2MoaSLpZL79RLeNM834adb',#44,'PLATE-10','PL10*130',$,#2041,#2038,'ID96ca4715-ce35-4725-b568-5d62031249e5');
#2043= IFCPROPERTYSINGLEVALUE('Bottom elevation',$,IFCLABEL(' +16.869'),$);
#2044= IFCPROPERTYSET('3CFEGV8_P8qRmuiMZD$8kn',#5,'Tekla Common','Common Properties to Shared building elements',(#2043,#1863,#1142,#1412,#1144,#1145));
#2045= IFCQUANTITYVOLUME('NetVolume',$,$,0.000419999999999998);
#2046= IFCELEMENTQUANTITY('3H2nDG3En8FeiVadZynohO',#5,'BaseQuantities',$,$,(#1423,#1424,#1425,#1162,#2045,#1427));
#2047= IFCSHAPEREPRESENTATION(#12,'Body','Brep',(#1755));
#2048= IFCPRODUCTDEFINITIONSHAPE($,$,(#2047));
#2049= IFCCARTESIANPOINT((3240.00274668249,29867.9957275191,16989.4243271434));
#2050= IFCAXIS2PLACEMENT3D(#2049,#864,#8);
#2051= IFCLOCALPLACEMENT(#42,#2050);
#2052= IFCPLATE('0YZB1Ve9vCtwdZY63k3FAa',#44,'PLATE-20','PL20*350',$,#2051,#2048,'ID228cb05f-a09e-4cdf-a9e3-8860ee0cf2a4');
#2053= IFCPROPERTYSET('3c2QKapwD2kfNXqEi1GzWg',#5,'Tekla Common','Common Properties to Shared building elements',(#1980,#1996,#1142,#1764,#1144,#1765));
#2054= IFCCARTESIANPOINT((85.897392273062,-4.99999999995634,230.));
#2055= IFCCARTESIANPOINT((85.897392273062,-4.99999999995634,0.));
#2056= IFCCARTESIANPOINT((85.8973922730511,5.00000000004002,0.));
#2057= IFCCARTESIANPOINT((85.8973922730511,5.00000000004002,230.));
#2058= IFCPOLYLOOP((#2054,#2055,#2056,#2057));
#2059= IFCFACEOUTERBOUND(#2058,.T.);
#2060= IFCFACE((#2059));
#2061= IFCCARTESIANPOINT((8.47073174120669,-4.99999999999636,230.));
#2062= IFCCARTESIANPOINT((8.47073174120669,-4.99999999999636,0.));
#2063= IFCPOLYLOOP((#2055,#2054,#2061,#2062));
#2064= IFCFACEOUTERBOUND(#2063,.T.);
#2065= IFCFACE((#2064));
#2066= IFCCARTESIANPOINT((5.13951019217347,5.,0.));
#2067= IFCPOLYLOOP((#2056,#2055,#2062,#2066));
#2068= IFCFACEOUTERBOUND(#2067,.T.);
#2069= IFCFACE((#2068));
#2070= IFCCARTESIANPOINT((5.13951019217347,5.,230.));
#2071= IFCPOLYLOOP((#2057,#2056,#2066,#2070));
#2072= IFCFACEOUTERBOUND(#2071,.T.);
#2073= IFCFACE((#2072));
#2074= IFCPOLYLOOP((#2054,#2057,#2070,#2061));
#2075= IFCFACEOUTERBOUND(#2074,.T.);
#2076= IFCFACE((#2075));
#2077= IFCPOLYLOOP((#2066,#2062,#2061,#2070));
#2078= IFCFACEOUTERBOUND(#2077,.T.);
#2079= IFCFACE((#2078));
#2080= IFCCLOSEDSHELL((#2060,#2065,#2069,#2073,#2076,#2079));
#2081= IFCFACETEDBREP(#2080);
#2082= IFCSTYLEDITEM(#2081,(#943),$);
#2083= IFCSHAPEREPRESENTATION(#12,'Body','Brep',(#2081));
#2084= IFCPRODUCTDEFINITIONSHAPE($,$,(#2083));
#2085= IFCCARTESIANPOINT((1432.61205204694,26309.4539128004,16869.9995422363));
#2086= IFCDIRECTION((0.316122177858301,-0.948718487574752,0.));
#2087= IFCAXIS2PLACEMENT3D(#2085,#864,#2086);
#2088= IFCLOCALPLACEMENT(#42,#2087);
#2089= IFCPLATE('0n$MUOMfH7z8JlIHZObEAE',#447,'PLATE-10','PL10*80.8',$,#2088,#2084,'ID31fd6798-5a94-47f4-84ef-4918d894e28e');
#2090= IFCPLATETYPE('3GOvNY4aLFfekCVU4sikMf',#5,'PL10*80.8',$,$,$,$,$,$,.NOTDEFINED.);
#2091= IFCPROPERTYSINGLEVALUE('Preliminary mark',$,IFCLABEL('5-2-P111'),$);
#2092= IFCPROPERTYSET('1KXyLbrOP3Uwje1xO8kDrw',#5,'Tekla Common','Common Properties to Shared building elements',(#1592,#1593,#1142,#2091,#1144,#1145));
#2093= IFCPROPERTYSINGLEVALUE('Weight',$,IFCMASSMEASURE(1.43),$);
#2094= IFCPROPERTYSINGLEVALUE('Area per tons',$,IFCAREAMEASURE(29.894),$);
#2095= IFCPROPERTYSINGLEVALUE('Net surface area',$,IFCAREAMEASURE(0.043),$);
#2096= IFCPROPERTYSINGLEVALUE('Height',$,IFCLENGTHMEASURE(80.8),$);
#2097= IFCPROPERTYSET('36zR8Mo71FT8nqNS1t6ARh',#5,'Tekla Quantity','Quantity Properties to Shared building elements',(#2093,#1148,#1262,#2094,#2095,#2096,#1153,#1599));
#2098= IFCPROPERTYSINGLEVALUE('Reference',$,IFCIDENTIFIER('5-2-P111'),$);
#2099= IFCPROPERTYSET('2FoKa3ccLEFvaQOU_ozAMV',#5,'Pset_PlateCommon','Common Properties to plate elements',(#1156,#2098));
#2100= IFCQUANTITYLENGTH('Width',$,$,80.7578820809733);
#2101= IFCQUANTITYAREA('NetArea',$,$,0.0426885495484838);
#2102= IFCQUANTITYAREA('GrossArea',$,$,0.0185743128786239);
#2103= IFCQUANTITYVOLUME('NetVolume',$,$,0.000181912224004417);
#2104= IFCQUANTITYVOLUME('GrossVolume',$,$,0.000197564002227783);
#2105= IFCELEMENTQUANTITY('2vE1mIfKP9bwTG3A0lnXhT',#5,'BaseQuantities',$,$,(#2100,#2101,#2102,#1162,#2103,#2104));
#2106= IFCCARTESIANPOINT((85.9722290039099,-5.00000000001,230.));
#2107= IFCCARTESIANPOINT((85.9722290039099,-5.00000000001,0.));
#2108= IFCCARTESIANPOINT((85.9722290039172,4.99999999998909,0.));
#2109= IFCCARTESIANPOINT((85.9722290039172,4.99999999998909,230.));
#2110= IFCPOLYLOOP((#2106,#2107,#2108,#2109));
#2111= IFCFACEOUTERBOUND(#2110,.T.);
#2112= IFCFACE((#2111));
#2113= IFCCARTESIANPOINT((8.43262877767484,5.,230.));
#2114= IFCCARTESIANPOINT((5.09973679758696,-5.00000000000091,230.));
#2115= IFCPOLYLOOP((#2106,#2109,#2113,#2114));
#2116= IFCFACEOUTERBOUND(#2115,.T.);
#2117= IFCFACE((#2116));
#2118= IFCCARTESIANPOINT((5.09973679758696,-5.00000000000091,0.));
#2119= IFCPOLYLOOP((#2107,#2106,#2114,#2118));
#2120= IFCFACEOUTERBOUND(#2119,.T.);
#2121= IFCFACE((#2120));
#2122= IFCCARTESIANPOINT((8.43262877767484,5.,0.));
#2123= IFCPOLYLOOP((#2108,#2107,#2118,#2122));
#2124= IFCFACEOUTERBOUND(#2123,.T.);
#2125= IFCFACE((#2124));
#2126= IFCPOLYLOOP((#2109,#2108,#2122,#2113));
#2127= IFCFACEOUTERBOUND(#2126,.T.);
#2128= IFCFACE((#2127));
#2129= IFCPOLYLOOP((#2118,#2114,#2113,#2122));
#2130= IFCFACEOUTERBOUND(#2129,.T.);
#2131= IFCFACE((#2130));
#2132= IFCCLOSEDSHELL((#2112,#2117,#2121,#2125,#2128,#2131));
#2133= IFCFACETEDBREP(#2132);
#2134= IFCSTYLEDITEM(#2133,(#943),$);
#2135= IFCSHAPEREPRESENTATION(#12,'Body','Brep',(#2133));
#2136= IFCPRODUCTDEFINITIONSHAPE($,$,(#2135));
#2137= IFCCARTESIANPOINT((1432.59130924205,27076.5757007188,16869.9995422363));
#2138= IFCDIRECTION((0.316190081867374,0.948695858602062,0.));
#2139= IFCAXIS2PLACEMENT3D(#2137,#864,#2138);
#2140= IFCLOCALPLACEMENT(#42,#2139);
#2141= IFCPLATE('0xp1VA6yLBoQcUKuo0atsf',#447,'PLATE-10','PL10*80.9',$,#2140,#2136,'ID3bcc17ca-1bc5-4bc9-a99e-538c80937da9');
#2142= IFCPLATETYPE('2Jh5CIZiLA4gTTIZW5xV1Z',#5,'PL10*80.9',$,$,$,$,$,$,.NOTDEFINED.);
#2143= IFCPROPERTYSINGLEVALUE('Area per tons',$,IFCAREAMEASURE(29.889),$);
#2144= IFCPROPERTYSET('3f3$ps00jFAATIGzl8_A$o',#5,'Tekla Quantity','Quantity Properties to Shared building elements',(#2093,#1148,#1262,#2143,#2095,#2096,#1153,#1599));
#2145= IFCQUANTITYLENGTH('Width',$,$,80.8724922063338);
#2146= IFCQUANTITYAREA('NetArea',$,$,0.0427432829578478);
#2147= IFCQUANTITYAREA('GrossArea',$,$,0.0186006732074568);
#2148= IFCQUANTITYVOLUME('NetVolume',$,$,0.000182173906297444);
#2149= IFCQUANTITYVOLUME('GrossVolume',$,$,0.000197736126708984);
#2150= IFCELEMENTQUANTITY('1CIGWo3jXFtOL9HtL1t9xv',#5,'BaseQuantities',$,$,(#2145,#2146,#2147,#1162,#2148,#2149));
#2151= IFCCARTESIANPOINT((0.,-5.,230.));
#2152= IFCCARTESIANPOINT((0.,5.,230.));
#2153= IFCPOLYLOOP((#1281,#2151,#2152,#1284));
#2154= IFCFACEOUTERBOUND(#2153,.T.);
#2155= IFCFACE((#2154));
#2156= IFCCARTESIANPOINT((764.014953613281,-5.,230.));
#2157= IFCCARTESIANPOINT((764.014953613281,5.,230.));
#2158= IFCPOLYLOOP((#2151,#2156,#2157,#2152));
#2159= IFCFACEOUTERBOUND(#2158,.T.);
#2160= IFCFACE((#2159));
#2161= IFCCARTESIANPOINT((764.014953613281,-5.,0.));
#2162= IFCCARTESIANPOINT((764.014953613281,5.,0.));
#2163= IFCPOLYLOOP((#2156,#2161,#2162,#2157));
#2164= IFCFACEOUTERBOUND(#2163,.T.);
#2165= IFCFACE((#2164));
#2166= IFCPOLYLOOP((#2161,#1281,#1284,#2162));
#2167= IFCFACEOUTERBOUND(#2166,.T.);
#2168= IFCFACE((#2167));
#2169= IFCPOLYLOOP((#2157,#2162,#1284,#2152));
#2170= IFCFACEOUTERBOUND(#2169,.T.);
#2171= IFCFACE((#2170));
#2172= IFCPOLYLOOP((#2161,#2156,#2151,#1281));
#2173= IFCFACEOUTERBOUND(#2172,.T.);
#2174= IFCFACE((#2173));
#2175= IFCCLOSEDSHELL((#2155,#2160,#2165,#2168,#2171,#2174));
#2176= IFCFACETEDBREP(#2175);
#2177= IFCSTYLEDITEM(#2176,(#943),$);
#2178= IFCSHAPEREPRESENTATION(#12,'Body','Brep',(#2176));
#2179= IFCPRODUCTDEFINITIONSHAPE($,$,(#2178));
#2180= IFCCARTESIANPOINT((1435.0164415542,27075.0022815328,16869.9995422363));
#2181= IFCAXIS2PLACEMENT3D(#2180,#864,#1857);
#2182= IFCLOCALPLACEMENT(#42,#2181);
#2183= IFCPLATE('2q$1m$srX3bB6OovYeOL8C',#447,'PLATE-10','PL10*230',$,#2182,#2179,'IDb4fc1c3f-db58-4394-b198-cb98a861520c');
#2184= IFCPLATETYPE('3$VYHmhIPDQuJ_MIsbkguW',#5,'PL10*230',$,$,$,$,$,$,.NOTDEFINED.);
#2185= IFCPROPERTYSINGLEVALUE('Preliminary mark',$,IFCLABEL('5-2-P97'),$);
#2186= IFCPROPERTYSET('18JK0Bgo9EBx4Smc3uTtt9',#5,'Tekla Common','Common Properties to Shared building elements',(#1592,#1593,#1142,#2185,#1144,#1145));
#2187= IFCPROPERTYSINGLEVALUE('Weight',$,IFCMASSMEASURE(13.79),$);
#2188= IFCPROPERTYSINGLEVALUE('Volume',$,IFCVOLUMEMEASURE(0.002),$);
#2189= IFCPROPERTYSINGLEVALUE('Gross footprint area',$,IFCAREAMEASURE(0.008),$);
#2190= IFCPROPERTYSINGLEVALUE('Area per tons',$,IFCAREAMEASURE(26.919),$);
#2191= IFCPROPERTYSINGLEVALUE('Net surface area',$,IFCAREAMEASURE(0.371),$);
#2192= IFCPROPERTYSINGLEVALUE('Height',$,IFCLENGTHMEASURE(230.),$);
#2193= IFCPROPERTYSINGLEVALUE('Length',$,IFCLENGTHMEASURE(764.),$);
#2194= IFCPROPERTYSET('3bj1MMsBTATxQzGaapcr1G',#5,'Tekla Quantity','Quantity Properties to Shared building elements',(#2187,#2188,#2189,#2190,#2191,#2192,#1153,#2193));
#2195= IFCPROPERTYSINGLEVALUE('Reference',$,IFCIDENTIFIER('5-2-P97'),$);
#2196= IFCPROPERTYSET('1K_Y_EuoPEv8sigppflDhg',#5,'Pset_PlateCommon','Common Properties to plate elements',(#1156,#2195));
#2197= IFCQUANTITYLENGTH('Width',$,$,230.);
#2198= IFCQUANTITYAREA('NetArea',$,$,0.371327177734375);
#2199= IFCQUANTITYAREA('GrossArea',$,$,0.175723439331055);
#2200= IFCQUANTITYVOLUME('NetVolume',$,$,0.00175723439331055);
#2201= IFCQUANTITYVOLUME('GrossVolume',$,$,0.00175723439331055);
#2202= IFCELEMENTQUANTITY('1eRxnHEgfDrg0rOvqLMsO8',#5,'BaseQuantities',$,$,(#2197,#2198,#2199,#1162,#2200,#2201));
#2203= IFCCOLOURRGB('Light Green',0.356862745098039,0.592156862745098,0.137254901960784);
#2204= IFCSURFACESTYLERENDERING(#2203,0.,$,$,$,$,IFCNORMALISEDRATIOMEASURE(0.00390625),IFCSPECULAREXPONENT(10.),.NOTDEFINED.);
#2205= IFCSURFACESTYLE('STEEL/S275',.POSITIVE.,(#2204));
#2206= IFCPRESENTATIONSTYLEASSIGNMENT((#2205));
#2207= IFCCARTESIANPOINT((0.,-4.,0.));
#2208= IFCCARTESIANPOINT((0.,-4.,230.));
#2209= IFCCARTESIANPOINT((0.,4.,230.));
#2210= IFCCARTESIANPOINT((0.,4.,0.));
#2211= IFCPOLYLOOP((#2207,#2208,#2209,#2210));
#2212= IFCFACEOUTERBOUND(#2211,.T.);
#2213= IFCFACE((#2212));
#2214= IFCCARTESIANPOINT((314.999298095703,-4.,230.));
#2215= IFCCARTESIANPOINT((314.999298095703,4.,230.));
#2216= IFCPOLYLOOP((#2208,#2214,#2215,#2209));
#2217= IFCFACEOUTERBOUND(#2216,.T.);
#2218= IFCFACE((#2217));
#2219= IFCCARTESIANPOINT((314.999298095703,-4.,-3.63797880709171E-12));
#2220= IFCCARTESIANPOINT((314.999298095703,4.,-3.63797880709171E-12));
#2221= IFCPOLYLOOP((#2214,#2219,#2220,#2215));
#2222= IFCFACEOUTERBOUND(#2221,.T.);
#2223= IFCFACE((#2222));
#2224= IFCPOLYLOOP((#2219,#2207,#2210,#2220));
#2225= IFCFACEOUTERBOUND(#2224,.T.);
#2226= IFCFACE((#2225));
#2227= IFCPOLYLOOP((#2215,#2220,#2210,#2209));
#2228= IFCFACEOUTERBOUND(#2227,.T.);
#2229= IFCFACE((#2228));
#2230= IFCPOLYLOOP((#2219,#2214,#2208,#2207));
#2231= IFCFACEOUTERBOUND(#2230,.T.);
#2232= IFCFACE((#2231));
#2233= IFCCLOSEDSHELL((#2213,#2218,#2223,#2226,#2229,#2232));
#2234= IFCFACETEDBREP(#2233);
#2235= IFCSTYLEDITEM(#2234,(#2206),$);
#2236= IFCSHAPEREPRESENTATION(#12,'Body','Brep',(#2234));
#2237= IFCPRODUCTDEFINITIONSHAPE($,$,(#2236));
#2238= IFCCARTESIANPOINT((1439.96643587968,27079.0022815328,16869.9995422363));
#2239= IFCAXIS2PLACEMENT3D(#2238,#864,#1192);
#2240= IFCLOCALPLACEMENT(#42,#2239);
#2241= IFCPLATE('2TtckFgF15fP4VbRh57$nb',#1466,'PLATE-8','PL8*230',$,#2240,#2237,'ID9dde6b8f-a8f0-45a5-911f-95bac51ffc65');
#2242= IFCPLATETYPE('3IxC3aZWj0evjY7GcseHME',#5,'PL8*230',$,$,$,$,$,$,.NOTDEFINED.);
#2243= IFCPROPERTYSINGLEVALUE('Preliminary mark',$,IFCLABEL('5-2-P75'),$);
#2244= IFCPROPERTYSINGLEVALUE('Class',$,IFCLABEL('17'),$);
#2245= IFCPROPERTYSET('0Z6CnLlzn2zQx42Xk9sTBJ',#5,'Tekla Common','Common Properties to Shared building elements',(#1592,#1593,#1142,#2243,#1144,#2244));
#2246= IFCPROPERTYSINGLEVALUE('Weight',$,IFCMASSMEASURE(4.55),$);
#2247= IFCPROPERTYSINGLEVALUE('Gross footprint area',$,IFCAREAMEASURE(0.003),$);
#2248= IFCPROPERTYSINGLEVALUE('Area per tons',$,IFCAREAMEASURE(33.764),$);
#2249= IFCPROPERTYSINGLEVALUE('Net surface area',$,IFCAREAMEASURE(0.154),$);
#2250= IFCPROPERTYSINGLEVALUE('Width',$,IFCLENGTHMEASURE(8.),$);
#2251= IFCPROPERTYSINGLEVALUE('Length',$,IFCLENGTHMEASURE(315.),$);
#2252= IFCPROPERTYSET('2XpcVBCI1Dfv5f9qihqT68',#5,'Tekla Quantity','Quantity Properties to Shared building elements',(#2246,#1708,#2247,#2248,#2249,#2192,#2250,#2251));
#2253= IFCPROPERTYSINGLEVALUE('Reference',$,IFCIDENTIFIER('5-2-P75'),$);
#2254= IFCPROPERTYSET('3DD39IUCHFcguiicqj5omT',#5,'Pset_PlateCommon','Common Properties to plate elements',(#1156,#2253));
#2255= IFCQUANTITYLENGTH('Width',$,$,230.000000000004);
#2256= IFCQUANTITYAREA('NetArea',$,$,0.153619665893556);
#2257= IFCQUANTITYAREA('GrossArea',$,$,0.0724498385620129);
#2258= IFCQUANTITYAREA('CrossSectionArea',$,$,6.4E-05);
#2259= IFCQUANTITYVOLUME('NetVolume',$,$,0.000579598708496098);
#2260= IFCQUANTITYVOLUME('GrossVolume',$,$,0.000579598708496098);
#2261= IFCELEMENTQUANTITY('1Tt50SNW95nvKzq8zOHQXH',#5,'BaseQuantities',$,$,(#2255,#2256,#2257,#2258,#2259,#2260));
#2262= IFCSHAPEREPRESENTATION(#12,'Body','Brep',(#2234));
#2263= IFCPRODUCTDEFINITIONSHAPE($,$,(#2262));
#2264= IFCCARTESIANPOINT((1440.01644155419,26306.9872990918,16869.9995422363));
#2265= IFCAXIS2PLACEMENT3D(#2264,#864,#1192);
#2266= IFCLOCALPLACEMENT(#42,#2265);
#2267= IFCPLATE('3AFECziBLF3AEU7yZ2ejBB',#1466,'PLATE-8','PL8*230',$,#2266,#2263,'IDca3ce33d-b0b5-4f0c-a39e-1fc8c2a2d2cb');
#2268= IFCCARTESIANPOINT((330.,-5.,230.));
#2269= IFCCARTESIANPOINT((330.,5.,230.));
#2270= IFCPOLYLOOP((#2151,#2268,#2269,#2152));
#2271= IFCFACEOUTERBOUND(#2270,.T.);
#2272= IFCFACE((#2271));
#2273= IFCCARTESIANPOINT((330.,-5.,-3.63797880709171E-12));
#2274= IFCCARTESIANPOINT((330.,5.,-3.63797880709171E-12));
#2275= IFCPOLYLOOP((#2268,#2273,#2274,#2269));
#2276= IFCFACEOUTERBOUND(#2275,.T.);
#2277= IFCFACE((#2276));
#2278= IFCPOLYLOOP((#2273,#1281,#1284,#2274));
#2279= IFCFACEOUTERBOUND(#2278,.T.);
#2280= IFCFACE((#2279));
#2281= IFCPOLYLOOP((#2269,#2274,#1284,#2152));
#2282= IFCFACEOUTERBOUND(#2281,.T.);
#2283= IFCFACE((#2282));
#2284= IFCPOLYLOOP((#2273,#2268,#2151,#1281));
#2285= IFCFACEOUTERBOUND(#2284,.T.);
#2286= IFCFACE((#2285));
#2287= IFCCLOSEDSHELL((#2155,#2272,#2277,#2280,#2283,#2286));
#2288= IFCFACETEDBREP(#2287);
#2289= IFCSTYLEDITEM(#2288,(#943),$);
#2290= IFCSHAPEREPRESENTATION(#12,'Body','Brep',(#2288));
#2291= IFCPRODUCTDEFINITIONSHAPE($,$,(#2290));
#2292= IFCCARTESIANPOINT((1120.00274711343,30207.9957275391,16869.4243271434));
#2293= IFCAXIS2PLACEMENT3D(#2292,#864,#1857);
#2294= IFCLOCALPLACEMENT(#42,#2293);
#2295= IFCPLATE('2qJoq7i71D4wnmWIFjAd9X',#44,'PLATE-10','PL10*230',$,#2294,#2291,'IDb44f2d07-b070-4d13-ac70-8123ed2a7261');
#2296= IFCPROPERTYSINGLEVALUE('Preliminary mark',$,IFCLABEL('5-2-P93'),$);
#2297= IFCPROPERTYSET('1iXJsg7FPBhwNi1XgZqMsV',#5,'Tekla Common','Common Properties to Shared building elements',(#2017,#2018,#1142,#2296,#1144,#1145));
#2298= IFCPROPERTYSINGLEVALUE('Weight',$,IFCMASSMEASURE(5.96),$);
#2299= IFCPROPERTYSINGLEVALUE('Area per tons',$,IFCAREAMEASURE(27.357),$);
#2300= IFCPROPERTYSINGLEVALUE('Net surface area',$,IFCAREAMEASURE(0.163),$);
#2301= IFCPROPERTYSINGLEVALUE('Length',$,IFCLENGTHMEASURE(330.),$);
#2302= IFCPROPERTYSET('0SbMBB$iTBCRy_zulAQyNK',#5,'Tekla Quantity','Quantity Properties to Shared building elements',(#2298,#1708,#2247,#2299,#2300,#2192,#1153,#2301));
#2303= IFCPROPERTYSINGLEVALUE('Reference',$,IFCIDENTIFIER('5-2-P93'),$);
#2304= IFCPROPERTYSET('3irvMx1114tvN0khF0_oTp',#5,'Pset_PlateCommon','Common Properties to plate elements',(#1156,#2303));
#2305= IFCQUANTITYAREA('NetArea',$,$,0.163);
#2306= IFCQUANTITYAREA('GrossArea',$,$,0.0759000000000012);
#2307= IFCQUANTITYVOLUME('NetVolume',$,$,0.000758999999999776);
#2308= IFCQUANTITYVOLUME('GrossVolume',$,$,0.000758999999999776);
#2309= IFCELEMENTQUANTITY('3ycQoTTc16lAWYmXQ9i_XW',#5,'BaseQuantities',$,$,(#2255,#2305,#2306,#1162,#2307,#2308));
#2310= IFCCARTESIANPOINT((13.,0.0372777416420149,0.));
#2311= IFCCARTESIANPOINT((11.2583302491975,0.0372777416420149,6.50000000000039));
#2312= IFCCARTESIANPOINT((6.49999999999922,0.0372777416420149,11.2583302491982));
#2313= IFCCARTESIANPOINT((-1.34723677608042E-12,0.0372777416420149,13.));
#2314= IFCCARTESIANPOINT((-6.50000000000155,0.0372777416420149,11.2583302491968));
#2315= IFCCARTESIANPOINT((-11.2583302491988,0.0372777416420149,6.49999999999806));
#2316= IFCCARTESIANPOINT((-13.,0.0372777416420149,-2.69447355216084E-12));
#2317= IFCCARTESIANPOINT((-11.2583302491961,0.0372777416420149,-6.50000000000272));
#2318= IFCCARTESIANPOINT((-6.4999999999969,0.0372777416420149,-11.2583302491995));
#2319= IFCCARTESIANPOINT((4.02727742892113E-12,0.0372777416420149,-13.));
#2320= IFCCARTESIANPOINT((6.50000000000388,0.0372777416420149,-11.2583302491955));
#2321= IFCCARTESIANPOINT((11.2583302492002,0.0372777416420149,-6.49999999999573));
#2322= IFCCARTESIANPOINT((13.,250.137294966256,0.));
#2323= IFCCARTESIANPOINT((11.2583302491975,250.137294966256,6.50000000000039));
#2324= IFCCARTESIANPOINT((6.49999999999922,250.137294966256,11.2583302491982));
#2325= IFCCARTESIANPOINT((-1.34723677608042E-12,250.137294966256,13.));
#2326= IFCCARTESIANPOINT((-6.50000000000155,250.137294966256,11.2583302491968));
#2327= IFCCARTESIANPOINT((-11.2583302491988,250.137294966256,6.49999999999806));
#2328= IFCCARTESIANPOINT((-13.,250.137294966256,-2.69447355216084E-12));
#2329= IFCCARTESIANPOINT((-11.2583302491961,250.137294966256,-6.50000000000272));
#2330= IFCCARTESIANPOINT((-6.4999999999969,250.137294966256,-11.2583302491995));
#2331= IFCCARTESIANPOINT((4.02727742892113E-12,250.137294966256,-13.));
#2332= IFCCARTESIANPOINT((6.50000000000388,250.137294966256,-11.2583302491955));
#2333= IFCCARTESIANPOINT((11.2583302492002,250.137294966256,-6.49999999999573));
#2334= IFCPOLYLOOP((#2310,#2311,#2312,#2313,#2314,#2315,#2316,#2317,#2318,#2319,#2320,#2321));
#2335= IFCFACEOUTERBOUND(#2334,.T.);
#2336= IFCFACE((#2335));
#2337= IFCPOLYLOOP((#2333,#2332,#2331,#2330,#2329,#2328,#2327,#2326,#2325,#2324,#2323,#2322));
#2338= IFCFACEOUTERBOUND(#2337,.T.);
#2339= IFCFACE((#2338));
#2340= IFCPOLYLOOP((#2310,#2322,#2323,#2311));
#2341= IFCFACEOUTERBOUND(#2340,.T.);
#2342= IFCFACE((#2341));
#2343= IFCPOLYLOOP((#2311,#2323,#2324,#2312));
#2344= IFCFACEOUTERBOUND(#2343,.T.);
#2345= IFCFACE((#2344));
#2346= IFCPOLYLOOP((#2312,#2324,#2325,#2313));
#2347= IFCFACEOUTERBOUND(#2346,.T.);
#2348= IFCFACE((#2347));
#2349= IFCPOLYLOOP((#2313,#2325,#2326,#2314));
#2350= IFCFACEOUTERBOUND(#2349,.T.);
#2351= IFCFACE((#2350));
#2352= IFCPOLYLOOP((#2314,#2326,#2327,#2315));
#2353= IFCFACEOUTERBOUND(#2352,.T.);
#2354= IFCFACE((#2353));
#2355= IFCPOLYLOOP((#2315,#2327,#2328,#2316));
#2356= IFCFACEOUTERBOUND(#2355,.T.);
#2357= IFCFACE((#2356));
#2358= IFCPOLYLOOP((#2316,#2328,#2329,#2317));
#2359= IFCFACEOUTERBOUND(#2358,.T.);
#2360= IFCFACE((#2359));
#2361= IFCPOLYLOOP((#2317,#2329,#2330,#2318));
#2362= IFCFACEOUTERBOUND(#2361,.T.);
#2363= IFCFACE((#2362));
#2364= IFCPOLYLOOP((#2318,#2330,#2331,#2319));
#2365= IFCFACEOUTERBOUND(#2364,.T.);
#2366= IFCFACE((#2365));
#2367= IFCPOLYLOOP((#2319,#2331,#2332,#2320));
#2368= IFCFACEOUTERBOUND(#2367,.T.);
#2369= IFCFACE((#2368));
#2370= IFCPOLYLOOP((#2320,#2332,#2333,#2321));
#2371= IFCFACEOUTERBOUND(#2370,.T.);
#2372= IFCFACE((#2371));
#2373= IFCPOLYLOOP((#2321,#2333,#2322,#2310));
#2374= IFCFACEOUTERBOUND(#2373,.T.);
#2375= IFCFACE((#2374));
#2376= IFCCLOSEDSHELL((#2336,#2339,#2342,#2345,#2348,#2351,#2354,#2357,#2360,#2363,#2366,#2369,#2372,#2375));
#2377= IFCFACETEDBREP(#2376);
#2378= IFCSTYLEDITEM(#2377,(#119),$);
#2379= IFCCARTESIANPOINT((1.45519152283669E-10,-3.63797880709171E-12,-75.0000000000125));
#2380= IFCCARTESIANTRANSFORMATIONOPERATOR3D($,$,#2379,$,$);
#2381= IFCSHAPEREPRESENTATION(#12,'Body','Brep',(#2377));
#2382= IFCREPRESENTATIONMAP(#10,#2381);
#2383= IFCMAPPEDITEM(#2382,#2380);
#2384= IFCCARTESIANPOINT((170.000000000549,3.09228198602796E-10,-74.9999999994145));
#2385= IFCCARTESIANTRANSFORMATIONOPERATOR3D($,$,#2384,$,$);
#2386= IFCMAPPEDITEM(#2382,#2385);
#2387= IFCCARTESIANPOINT((340.00000000095,6.18456397205591E-10,-74.9999999988163));
#2388= IFCCARTESIANTRANSFORMATIONOPERATOR3D($,$,#2387,$,$);
#2389= IFCMAPPEDITEM(#2382,#2388);
#2390= IFCCARTESIANPOINT((510.000000001353,9.27684595808387E-10,-74.9999999982183));
#2391= IFCCARTESIANTRANSFORMATIONOPERATOR3D($,$,#2390,$,$);
#2392= IFCMAPPEDITEM(#2382,#2391);
#2393= IFCCARTESIANPOINT((-1.45519152283669E-10,7.27595761418343E-12,75.0000000000125));
#2394= IFCCARTESIANTRANSFORMATIONOPERATOR3D($,$,#2393,$,$);
#2395= IFCMAPPEDITEM(#2382,#2394);
#2396= IFCCARTESIANPOINT((170.000000000258,3.20142135024071E-10,75.0000000006105));
#2397= IFCCARTESIANTRANSFORMATIONOPERATOR3D($,$,#2396,$,$);
#2398= IFCMAPPEDITEM(#2382,#2397);
#2399= IFCCARTESIANPOINT((340.000000000658,6.29370333626866E-10,75.0000000012085));
#2400= IFCCARTESIANTRANSFORMATIONOPERATOR3D($,$,#2399,$,$);
#2401= IFCMAPPEDITEM(#2382,#2400);
#2402= IFCCARTESIANPOINT((510.000000001062,9.38598532229662E-10,75.0000000018065));
#2403= IFCCARTESIANTRANSFORMATIONOPERATOR3D($,$,#2402,$,$);
#2404= IFCMAPPEDITEM(#2382,#2403);
#2405= IFCSHAPEREPRESENTATION(#12,'Body','MappedRepresentation',(#2383,#2386,#2389,#2392,#2395,#2398,#2401,#2404));
#2406= IFCPRODUCTDEFINITIONSHAPE($,$,(#2405));
#2407= IFCCARTESIANPOINT((1289.92635673433,26438.1082229386,16880.036819975));
#2408= IFCDIRECTION((-0.999999710955907,-0.000760321052432118,-1.81898940354586E-14));
#2409= IFCDIRECTION((-0.000760321000027015,0.999999642032619,0.000371277000000332));
#2410= IFCAXIS2PLACEMENT3D(#2407,#2408,#2409);
#2411= IFCLOCALPLACEMENT(#42,#2410);
#2412= IFCMECHANICALFASTENER('0KZW$_gGf1QxBxlPoTpz4U',#447,'Bolt assembly',$,$,#2411,#2406,'ID148e0ffe-a90a-416b-b2fb-bd9c9dcfd11e',24.,1250.);
#2413= IFCPROPERTYSINGLEVALUE('Slotted hole y',$,IFCLENGTHMEASURE(44.),$);
#2414= IFCPROPERTYSINGLEVALUE('Bolt count',$,IFCINTEGER(8),$);
#2415= IFCPROPERTYSINGLEVALUE('Bolt size',$,IFCLENGTHMEASURE(26.),$);
#2416= IFCPROPERTYSINGLEVALUE('Bolt length',$,IFCLENGTHMEASURE(1250.),$);
#2417= IFCPROPERTYSET('1dgTpLT094Nf5ffkC56yWk',#5,'Tekla Bolt','Bolt Properties',(#135,#869,#137,#138,#139,#140,#141,#2413,#143,#871,#145,#2414,#2415,#2416,#874,#150));
#2418= IFCCARTESIANPOINT((4977.08126813435,115.,-165.));
#2419= IFCCARTESIANPOINT((4945.36811124535,115.,-165.));
#2420= IFCCARTESIANPOINT((4948.52305446353,115.,-174.488125730167));
#2421= IFCPOLYLOOP((#2418,#2419,#2420));
#2422= IFCFACEOUTERBOUND(#2421,.T.);
#2423= IFCFACE((#2422));
#2424= IFCCARTESIANPOINT((4945.36811124535,-115.,-165.));
#2425= IFCCARTESIANPOINT((4948.52305446353,-115.,-174.488125730167));
#2426= IFCPOLYLOOP((#2420,#2419,#2424,#2425));
#2427= IFCFACEOUTERBOUND(#2426,.T.);
#2428= IFCFACE((#2427));
#2429= IFCCARTESIANPOINT((4977.08126845031,-115.,-164.999999995218));
#2430= IFCPOLYLOOP((#2429,#2425,#2424));
#2431= IFCFACEOUTERBOUND(#2430,.T.);
#2432= IFCFACE((#2431));
#2433= IFCCARTESIANPOINT((5021.98543726161,115.,-150.03017907101));
#2434= IFCCARTESIANPOINT((5021.98543726161,125.,-150.03017907101));
#2435= IFCCARTESIANPOINT((5801.98703184148,125.,-150.000031352875));
#2436= IFCCARTESIANPOINT((5801.98703184148,115.,-150.000031352875));
#2437= IFCPOLYLOOP((#2433,#2434,#2435,#2436));
#2438= IFCFACEOUTERBOUND(#2437,.T.);
#2439= IFCFACE((#2438));
#2440= IFCCARTESIANPOINT((8586.97992919923,-125.,175.));
#2441= IFCCARTESIANPOINT((8586.97992919923,125.,175.));
#2442= IFCPOLYLOOP((#2440,#2441,#1789,#1792));
#2443= IFCFACEOUTERBOUND(#2442,.T.);
#2444= IFCFACE((#2443));
#2445= IFCCARTESIANPOINT((4946.98557912651,125.,-175.));
#2446= IFCCARTESIANPOINT((4946.98557912651,-125.,-175.));
#2447= IFCPOLYLOOP((#2445,#2446,#1798,#1797));
#2448= IFCFACEOUTERBOUND(#2447,.T.);
#2449= IFCFACE((#2448));
#2450= IFCCARTESIANPOINT((5021.98543726161,-125.,-150.03017907101));
#2451= IFCCARTESIANPOINT((5801.98703184148,-125.,-150.000031352875));
#2452= IFCCARTESIANPOINT((5876.98800696692,-125.,-174.999995532379));
#2453= IFCCARTESIANPOINT((8586.97992919923,-125.,-175.));
#2454= IFCPOLYLOOP((#2446,#2450,#2451,#2452,#2453,#2440,#1792,#1798));
#2455= IFCFACEOUTERBOUND(#2454,.T.);
#2456= IFCFACE((#2455));
#2457= IFCCARTESIANPOINT((8586.97992919923,125.,-175.));
#2458= IFCCARTESIANPOINT((5876.98800696692,125.,-175.));
#2459= IFCPOLYLOOP((#2457,#2453,#2452,#2458));
#2460= IFCFACEOUTERBOUND(#2459,.T.);
#2461= IFCFACE((#2460));
#2462= IFCPOLYLOOP((#2441,#2457,#2458,#2435,#2434,#2445,#1797,#1789));
#2463= IFCFACEOUTERBOUND(#2462,.T.);
#2464= IFCFACE((#2463));
#2465= IFCCARTESIANPOINT((8586.97992919923,115.,165.));
#2466= IFCCARTESIANPOINT((8586.97992919923,-115.,165.));
#2467= IFCPOLYLOOP((#1791,#1790,#2465,#2466));
#2468= IFCFACEOUTERBOUND(#2467,.T.);
#2469= IFCFACE((#2468));
#2470= IFCPOLYLOOP((#2440,#2453,#2457,#2441));
#2471= IFCFACEOUTERBOUND(#2470,.T.);
#2472= IFCCARTESIANPOINT((8586.97992919923,115.,-165.));
#2473= IFCCARTESIANPOINT((8586.97992919923,-115.,-165.));
#2474= IFCPOLYLOOP((#2466,#2465,#2472,#2473));
#2475= IFCFACEBOUND(#2474,.T.);
#2476= IFCFACE((#2471,#2475));
#2477= IFCCARTESIANPOINT((5878.70540123348,115.,-165.));
#2478= IFCCARTESIANPOINT((5878.70540123348,-115.,-165.028649508798));
#2479= IFCPOLYLOOP((#2473,#2472,#2477,#2478));
#2480= IFCFACEOUTERBOUND(#2479,.T.);
#2481= IFCFACE((#2480));
#2482= IFCCARTESIANPOINT((5846.98758733468,115.,-165.));
#2483= IFCCARTESIANPOINT((5875.543500885,115.,-174.515608298136));
#2484= IFCPOLYLOOP((#2482,#2483,#2477));
#2485= IFCFACEOUTERBOUND(#2484,.T.);
#2486= IFCFACE((#2485));
#2487= IFCCARTESIANPOINT((5875.543500885,-115.,-174.515608298136));
#2488= IFCCARTESIANPOINT((5846.98758733468,-115.,-165.));
#2489= IFCPOLYLOOP((#2478,#2487,#2488));
#2490= IFCFACEOUTERBOUND(#2489,.T.);
#2491= IFCFACE((#2490));
#2492= IFCPOLYLOOP((#2477,#2483,#2487,#2478));
#2493= IFCFACEOUTERBOUND(#2492,.T.);
#2494= IFCFACE((#2493));
#2495= IFCCARTESIANPOINT((5801.98703184148,-115.,-150.000031352875));
#2496= IFCPOLYLOOP((#2482,#2436,#2435,#2458,#2452,#2451,#2495,#2488,#2487,#2483));
#2497= IFCFACEOUTERBOUND(#2496,.T.);
#2498= IFCFACE((#2497));
#2499= IFCCARTESIANPOINT((5021.98543726161,-115.,-150.03017907101));
#2500= IFCPOLYLOOP((#2450,#2499,#2495,#2451));
#2501= IFCFACEOUTERBOUND(#2500,.T.);
#2502= IFCFACE((#2501));
#2503= IFCPOLYLOOP((#1799,#1791,#2466,#2473,#2478,#2488,#2495,#2499,#2429,#2424));
#2504= IFCFACEOUTERBOUND(#2503,.T.);
#2505= IFCFACE((#2504));
#2506= IFCPOLYLOOP((#1796,#1799,#2424,#2419));
#2507= IFCFACEOUTERBOUND(#2506,.T.);
#2508= IFCFACE((#2507));
#2509= IFCPOLYLOOP((#2433,#2436,#2482,#2477,#2472,#2465,#1790,#1796,#2419,#2418));
#2510= IFCFACEOUTERBOUND(#2509,.T.);
#2511= IFCFACE((#2510));
#2512= IFCPOLYLOOP((#2499,#2450,#2446,#2445,#2434,#2433,#2418,#2420,#2425,#2429));
#2513= IFCFACEOUTERBOUND(#2512,.T.);
#2514= IFCFACE((#2513));
#2515= IFCCLOSEDSHELL((#1795,#1802,#1805,#1808,#2423,#2428,#2432,#2439,#2444,#2449,#2456,#2461,#2464,#1850,#2469,#2476,#2481,#2486,#2491,#2494,#2498,#2502,#2505,#2508,#2511,#2514));
#2516= IFCFACETEDBREP(#2515);
#2517= IFCSTYLEDITEM(#2516,(#1788),$);
#2518= IFCSHAPEREPRESENTATION(#12,'Body','Brep',(#2516));
#2519= IFCPRODUCTDEFINITIONSHAPE($,$,(#2518));
#2520= IFCCARTESIANPOINT((1290.00274658202,21281.012746582,16754.9995422363));
#2521= IFCAXIS2PLACEMENT3D(#2520,#1192,#8);
#2522= IFCLOCALPLACEMENT(#42,#2521);
#2523= IFCBEAM('0pCRzIMcD3NA30ydh7StCX',#44,'B2-\S\?\S\Z350x250x10','TUB350X250X10 ',$,#2522,#2519,'ID3331bf52-5a63-435c-a0c0-f27ac7737321');
#2524= IFCPROPERTYSINGLEVALUE('Preliminary mark',$,IFCLABEL('5-2-P32'),$);
#2525= IFCPROPERTYSET('3b9_L_pzjD$u2cTrDC9iC5',#5,'Tekla Common','Common Properties to Shared building elements',(#1410,#1464,#1142,#2524,#1144,#1865));
#2526= IFCPROPERTYSINGLEVALUE('Weight',$,IFCMASSMEASURE(761.3),$);
#2527= IFCPROPERTYSINGLEVALUE('Volume',$,IFCVOLUMEMEASURE(0.097),$);
#2528= IFCPROPERTYSINGLEVALUE('Gross footprint area',$,IFCAREAMEASURE(2.984),$);
#2529= IFCPROPERTYSINGLEVALUE('Area per tons',$,IFCAREAMEASURE(13.149),$);
#2530= IFCPROPERTYSINGLEVALUE('Net surface area',$,IFCAREAMEASURE(10.01),$);
#2531= IFCPROPERTYSINGLEVALUE('Length',$,IFCLENGTHMEASURE(8587.),$);
#2532= IFCPROPERTYSET('2_sj8CpKHAcAuyD6QQLCS6',#5,'Tekla Quantity','Quantity Properties to Shared building elements',(#2526,#2527,#2528,#2529,#2530,#1772,#1872,#2531));
#2533= IFCPROPERTYSINGLEVALUE('Reference',$,IFCIDENTIFIER('5-2-P32'),$);
#2534= IFCPROPERTYSET('2osv1mIbDAaxZe_tIj8e$v',#5,'Pset_BeamCommon','Common Properties to beam elements',(#1156,#2533));
#2535= IFCQUANTITYLENGTH('Length',$,$,8586.97992919923);
#2536= IFCQUANTITYAREA('OuterSurfaceArea',$,$,10.0099546232275);
#2537= IFCQUANTITYVOLUME('NetVolume',$,$,0.0969808127057595);
#2538= IFCQUANTITYWEIGHT('NetWeight',$,$,761.299379740212);
#2539= IFCELEMENTQUANTITY('2WgsR4ddv1ohVTtWviTS9o',#5,'BaseQuantities',$,$,(#2535,#2536,#2537,#2538));
#2540= IFCRELAGGREGATES('1uNkqwI25FxfkoRGgd5MOg',#5,$,$,#37,(#39));
#2541= IFCRELAGGREGATES('02Y7psMg17vvqnCVK97n7D',#5,$,$,#39,(#41));
#2542= IFCRELAGGREGATES('3qSXWVzzL8ogfuUTGEY5IS',#5,$,$,#41,(#43));
#2543= IFCRELCONTAINEDINSPATIALSTRUCTURE('2tQK3wbhb3iwEG9ZikzagM',#5,$,$,(#2523,#2412,#2295,#2267,#2241,#2183,#2141,#2089,#2052,#2042,#2031,#2025,#2016,#2009,#2003,#1994,#1988,#1979,#1973,#1966,#1957,#1951,#1944,#1937,#1930,#1923,#1916,#1909,#1902,#1895,#1888,#1860,#1762,#1702,#1658,#1591,#1462,#1408,#1374,#1360,#1280,#1255,#1217,#1195,#1138,#939,#932,#925,#918,#911,#904,#897,#890,#883,#867,#446,#439,#432,#425,#417,#409,#402,#393,#315,#306,#298,#287,#207,#200,#193,#186,#179,#170,#161,#133),#43);
#2544= IFCRELDEFINESBYPROPERTIES('1XCyO6SvX8KuShb4f7jb8t',#5,$,$,(#207,#200,#193,#186,#179,#170,#161,#133),#151);
#2545= IFCRELDEFINESBYPROPERTIES('0Dm3USq3b5XAn6wcuk4Vjo',#5,$,$,(#446,#439,#432,#425,#315,#306,#298,#287),#289);
#2546= IFCRELDEFINESBYPROPERTIES('051bKusFjB2OXG9WcrgjIA',#5,$,$,(#417,#409,#402,#393),#395);
#2547= IFCRELDEFINESBYPROPERTIES('3K70lyxN96HwkGDc5DdWuT',#5,$,$,(#1951,#1944,#1937,#1930,#1923,#1916,#1909,#1902,#1895,#1888,#939,#932,#925,#918,#911,#904,#897,#890,#883,#867),#875);
#2548= IFCRELDEFINESBYPROPERTIES('1BEYcCXZ5FVBQQ1lWiqfol',#5,$,$,(#1138),#1146);
#2549= IFCRELDEFINESBYPROPERTIES('3k$GyZuorAvRvhPmEaa4pR',#5,$,$,(#1957,#1138),#1155);
#2550= IFCRELDEFINESBYPROPERTIES('0pQ5_uy4T2aQImf3o2T1o3',#5,$,$,(#1957,#1138),#1158);
#2551= IFCRELDEFINESBYPROPERTIES('0WYhACG1HC3BFTsYROvSVy',#5,$,$,(#1957,#1138),#1165);
#2552= IFCRELDEFINESBYPROPERTIES('3oOYRJPvbAo8cYFL8nj059',#5,$,$,(#1217,#1195),#1198);
#2553= IFCRELDEFINESBYPROPERTIES('2uPrfhrwzD9O93SX1rPdem',#5,$,$,(#1973,#1966,#1217,#1195),#1203);
#2554= IFCRELDEFINESBYPROPERTIES('3yOX5BSSb3M8gAswH6yRW6',#5,$,$,(#1973,#1966,#1217,#1195),#1205);
#2555= IFCRELDEFINESBYPROPERTIES('36BcoZouD7WeIeMRV5i_wq',#5,$,$,(#1973,#1966,#1217,#1195),#1211);
#2556= IFCRELDEFINESBYPROPERTIES('1lFjJXtrz7ahTDVrfj0AHn',#5,$,$,(#1280,#1255),#1260);
#2557= IFCRELDEFINESBYPROPERTIES('0onkOMHYP9vQHUjQXUxPZ_',#5,$,$,(#2003,#1994,#1988,#1979,#1374,#1360,#1280,#1255),#1266);
#2558= IFCRELDEFINESBYPROPERTIES('2BOEnxjBvDChupmboI_tsG',#5,$,$,(#2003,#1994,#1988,#1979,#1374,#1360,#1280,#1255),#1268);
#2559= IFCRELDEFINESBYPROPERTIES('0GlUAaq9vAzxeGouNmmPMA',#5,$,$,(#1988,#1979,#1280,#1255),#1274);
#2560= IFCRELDEFINESBYPROPERTIES('0iQbigzET4Bhl3lUTGuptg',#5,$,$,(#1374,#1360),#1363);
#2561= IFCRELDEFINESBYPROPERTIES('1hfC3oLWf54wpXt5HvG_Vm',#5,$,$,(#2003,#1994,#1374,#1360),#1368);
#2562= IFCRELDEFINESBYPROPERTIES('0RT8S$o$z0kg5uW$V38ClX',#5,$,$,(#1408),#1413);
#2563= IFCRELDEFINESBYPROPERTIES('1c9yLVb4j3dBtl3cZ2BiyI',#5,$,$,(#2042,#2031,#1462,#1408),#1420);
#2564= IFCRELDEFINESBYPROPERTIES('2Jz9OpTLz12vPu7XQ86RQi',#5,$,$,(#2042,#2031,#1462,#1408),#1422);
#2565= IFCRELDEFINESBYPROPERTIES('2o7MkP3Qn9BgrHXcO514Vt',#5,$,$,(#2031,#1462,#1408),#1428);
#2566= IFCRELDEFINESBYPROPERTIES('0CZmYSzfz35AtiP2Ka1D0X',#5,$,$,(#1462),#1465);
#2567= IFCRELDEFINESBYPROPERTIES('0LhDwjJLb5fRio$Jp4yIjH',#5,$,$,(#1658,#1591),#1595);
#2568= IFCRELDEFINESBYPROPERTIES('0F2asSpQX1ph$wC_GTzM_M',#5,$,$,(#2025,#2016,#1658,#1591),#1600);
#2569= IFCRELDEFINESBYPROPERTIES('3L$LNGMsT1QP1n0KufC$Kp',#5,$,$,(#2025,#2016,#1658,#1591),#1602);
#2570= IFCRELDEFINESBYPROPERTIES('2Na1Jan$nFyhTnX6a5xEjV',#5,$,$,(#2025,#1591),#1608);
#2571= IFCRELDEFINESBYPROPERTIES('0ii6LLM8T6q8qKIaS$7arQ',#5,$,$,(#2016,#1658),#1663);
#2572= IFCRELDEFINESBYPROPERTIES('30aNnOogr7nxdGyvyz6pAZ',#5,$,$,(#1702),#1706);
#2573= IFCRELDEFINESBYPROPERTIES('15FJItdfn37O_lhbG2pvy8',#5,$,$,(#2009,#1702),#1714);
#2574= IFCRELDEFINESBYPROPERTIES('3$6Jrhaqz8eRX3sr6nx96P',#5,$,$,(#2009,#1702),#1716);
#2575= IFCRELDEFINESBYPROPERTIES('1rMmf0b2L9RQ5K3jXODQpc',#5,$,$,(#2009,#1702),#1723);
#2576= IFCRELDEFINESBYPROPERTIES('3FoUDvH2PD0easuatndldP',#5,$,$,(#1762),#1766);
#2577= IFCRELDEFINESBYPROPERTIES('0dsfSr0fPFbeU7PtAOLj0W',#5,$,$,(#2052,#1762),#1775);
#2578= IFCRELDEFINESBYPROPERTIES('3YEWOVjGH6qPf1KOPPVtNF',#5,$,$,(#2052,#1762),#1777);
#2579= IFCRELDEFINESBYPROPERTIES('0XWtGSk6HCxOoCr4Ppvy4f',#5,$,$,(#2052,#1762),#1784);
#2580= IFCRELDEFINESBYPROPERTIES('02OmHflgT6BAFzStHM5vyX',#5,$,$,(#1860),#1866);
#2581= IFCRELDEFINESBYPROPERTIES('1DhDRONu55iRH_s5LlEvnA',#5,$,$,(#1860),#1874);
#2582= IFCRELDEFINESBYPROPERTIES('0QdBTHIbr6VuboVynD_OF4',#5,$,$,(#1860),#1876);
#2583= IFCRELDEFINESBYPROPERTIES('2kynIoaxH7oPE_F3IOWwFQ',#5,$,$,(#1860),#1881);
#2584= IFCRELDEFINESBYPROPERTIES('11M5fBBmbAswKwoRy_Luum',#5,$,$,(#1957),#1960);
#2585= IFCRELDEFINESBYPROPERTIES('263WFWfYv7ePQ6mb_7kBJm',#5,$,$,(#1973,#1966),#1967);
#2586= IFCRELDEFINESBYPROPERTIES('1KX9BG6215dR0$IBOg$cwz',#5,$,$,(#1988,#1979),#1982);
#2587= IFCRELDEFINESBYPROPERTIES('2HqJL43n1CjgDdisGWCut7',#5,$,$,(#2003,#1994),#1997);
#2588= IFCRELDEFINESBYPROPERTIES('3VDkKdozz8hQakwLsJRIWl',#5,$,$,(#2009),#2010);
#2589= IFCRELDEFINESBYPROPERTIES('1JpZBZ41z2rvsl7$VlWrxx',#5,$,$,(#2025,#2016),#2019);
#2590= IFCRELDEFINESBYPROPERTIES('0rDpX3y$1BAQiv$asE2FYF',#5,$,$,(#2031),#2033);
#2591= IFCRELDEFINESBYPROPERTIES('0umjZCtTH1V9tsh_ox2cbf',#5,$,$,(#2042),#2044);
#2592= IFCRELDEFINESBYPROPERTIES('1Ov5mkYRvBzu844vIcXixI',#5,$,$,(#2042),#2046);
#2593= IFCRELDEFINESBYPROPERTIES('3K2Ov3lzz8m9LRXQu7htd9',#5,$,$,(#2052),#2053);
#2594= IFCRELDEFINESBYPROPERTIES('1Jq7zRKNr7vvmHloIB_wuA',#5,$,$,(#2141,#2089),#2092);
#2595= IFCRELDEFINESBYPROPERTIES('1auqTpHMH6JhGfwQOwhPbE',#5,$,$,(#2089),#2097);
#2596= IFCRELDEFINESBYPROPERTIES('23I1OtdGL6VxqVJJsBdaK7',#5,$,$,(#2141,#2089),#2099);
#2597= IFCRELDEFINESBYPROPERTIES('0ChP7fNe98h9o4buCaAf1N',#5,$,$,(#2089),#2105);
#2598= IFCRELDEFINESBYPROPERTIES('2YEJ68prf6PRcC_MzfzeZK',#5,$,$,(#2141),#2144);
#2599= IFCRELDEFINESBYPROPERTIES('0mdS1a54f7LgSesU5re8Md',#5,$,$,(#2141),#2150);
#2600= IFCRELDEFINESBYPROPERTIES('14G1mCpZDEjAw5AI1FuaWL',#5,$,$,(#2183),#2186);
#2601= IFCRELDEFINESBYPROPERTIES('3bqm4oPW12Xxh7j$KHCt0N',#5,$,$,(#2183),#2194);
#2602= IFCRELDEFINESBYPROPERTIES('08knFsD3f2bxPILFD2e1aj',#5,$,$,(#2183),#2196);
#2603= IFCRELDEFINESBYPROPERTIES('2AK2Z4pSX6W9NNEjbtkcfw',#5,$,$,(#2183),#2202);
#2604= IFCRELDEFINESBYPROPERTIES('3xc4E$BF50QuLiE_P47Tf2',#5,$,$,(#2267,#2241),#2245);
#2605= IFCRELDEFINESBYPROPERTIES('1NFIy9gv519gh84derS1fK',#5,$,$,(#2267,#2241),#2252);
#2606= IFCRELDEFINESBYPROPERTIES('1nVnKccb55zeUtfJ4VKS19',#5,$,$,(#2267,#2241),#2254);
#2607= IFCRELDEFINESBYPROPERTIES('3Oi1Rti3HClBXGaxqsUzKA',#5,$,$,(#2267,#2241),#2261);
#2608= IFCRELDEFINESBYPROPERTIES('3yUpdulPrCMBoHf09boLC5',#5,$,$,(#2295),#2297);
#2609= IFCRELDEFINESBYPROPERTIES('3Ow9NDLBHFy8XpQV2tDaJs',#5,$,$,(#2295),#2302);
#2610= IFCRELDEFINESBYPROPERTIES('3oMux$yaXEqxsCq_DlYAro',#5,$,$,(#2295),#2304);
#2611= IFCRELDEFINESBYPROPERTIES('0MdjPqLBr4eRRBc7pnF87s',#5,$,$,(#2295),#2309);
#2612= IFCRELDEFINESBYPROPERTIES('2fGVoNrEjCrvCyiXVpNJj4',#5,$,$,(#2412),#2417);
#2613= IFCRELDEFINESBYPROPERTIES('0M8tDWIY5EX9YGkiZDbofj',#5,$,$,(#2523),#2525);
#2614= IFCRELDEFINESBYPROPERTIES('2R9RmZNKb7fw_CioYj1GIB',#5,$,$,(#2523),#2532);
#2615= IFCRELDEFINESBYPROPERTIES('3Idr9RsP10efBZK90y_Osg',#5,$,$,(#2523),#2534);
#2616= IFCRELDEFINESBYPROPERTIES('2s2gbIhP5ALg51Ip0zxbeF',#5,$,$,(#2523),#2539);
#2617= IFCRELDEFINESBYTYPE('2aFNdlk2TBweY$qN1wPacy',#5,$,$,(#2412,#1951,#1944,#1937,#1930,#1923,#1916,#1909,#1902,#1895,#1888,#939,#932,#925,#918,#911,#904,#897,#890,#883,#867,#446,#439,#432,#425,#417,#409,#402,#393,#315,#306,#298,#287,#207,#200,#193,#186,#179,#170,#161,#133),#134);
#2618= IFCRELDEFINESBYTYPE('3TeRPxKTr5eQmD3mlpC8S9',#5,$,$,(#1957,#1138),#1139);
#2619= IFCRELDEFINESBYTYPE('3YvLmOAl11FBY8cgoMmr0p',#5,$,$,(#1973,#1966,#1217,#1195),#1196);
#2620= IFCRELDEFINESBYTYPE('3gQ7hakiD8YvgFwEAwwVXt',#5,$,$,(#2003,#1994,#1988,#1979,#1374,#1360,#1280,#1255),#1256);
#2621= IFCRELDEFINESBYTYPE('11y0$dG1f6U8vHMtBy4CTt',#5,$,$,(#2042,#2031,#2025,#2016,#1658,#1591,#1462,#1408),#1409);
#2622= IFCRELDEFINESBYTYPE('3zCLJBNZ19JBE3nwTChMuB',#5,$,$,(#2009,#1702),#1703);
#2623= IFCRELDEFINESBYTYPE('2lRzC8KPr9oRTDqfKywVkm',#5,$,$,(#2052,#1762),#1763);
#2624= IFCRELDEFINESBYTYPE('2yRswXfJ52ngEBZIirHsXy',#5,$,$,(#2523,#1860),#1861);
#2625= IFCRELDEFINESBYTYPE('2NfDHBXibDw9j4a4ULLHuq',#5,$,$,(#2089),#2090);
#2626= IFCRELDEFINESBYTYPE('3RclRm4xP2OPond6Qwz21L',#5,$,$,(#2141),#2142);
#2627= IFCRELDEFINESBYTYPE('0TiX0UkpHBke98LgF_MNP1',#5,$,$,(#2295,#2183),#2184);
#2628= IFCRELDEFINESBYTYPE('2G4Kt5Q0fAtwrZm9ade2ti',#5,$,$,(#2267,#2241),#2242);
#2629= IFCRELASSOCIATESMATERIAL('1aCpbMa4XCCg7uuCnxhqme',#5,$,$,(#446,#439,#432,#425,#417,#409,#402,#393,#315,#306,#298,#287,#207,#200,#193,#186,#179,#170,#161,#133),#152);
#2630= IFCRELASSOCIATESMATERIAL('2ppVMBbML4MOifdKy$Z_ZE',#5,$,$,(#2412,#1951,#1944,#1937,#1930,#1923,#1916,#1909,#1902,#1895,#1888,#939,#932,#925,#918,#911,#904,#897,#890,#883,#867),#876);
#2631= IFCRELASSOCIATESMATERIAL('0RFjzWeoD5$gWWcdh7BzZR',#5,$,$,(#2523,#2295,#2267,#2241,#2183,#2141,#2089,#2052,#2042,#2031,#2025,#2016,#2009,#2003,#1994,#1988,#1979,#1973,#1966,#1957,#1860,#1762,#1702,#1658,#1591,#1462,#1408,#1374,#1360,#1280,#1255,#1217,#1195,#1138),#1166);
#2632= IFCPRESENTATIONLAYERASSIGNMENT('BoltArray',$,(#126,#154,#163,#172,#181,#188,#195,#202,#280,#291,#300,#308,#388,#397,#404,#411,#420,#427,#434,#441,#861,#878,#885,#892,#899,#906,#913,#920,#927,#934,#1883,#1890,#1897,#1904,#1911,#1918,#1925,#1932,#1939,#1946,#2405),$);
#2633= IFCPRESENTATIONLAYERASSIGNMENT('PLATE-10',$,(#1133,#1189,#1212,#1250,#1275,#1355,#1369,#1403,#1457,#1586,#1653,#1952,#1961,#1968,#1974,#1983,#1989,#1998,#2011,#2020,#2026,#2037,#2083,#2135,#2178,#2290),$);
#2634= IFCPRESENTATIONLAYERASSIGNMENT('PLATE-12',$,(#1697,#2004),$);
#2635= IFCPRESENTATIONLAYERASSIGNMENT('PLATE-20',$,(#1757,#2047),$);
#2636= IFCPRESENTATIONLAYERASSIGNMENT('B2-\S\?\S\Z350x250x10',$,(#1854,#2518),$);
#2637= IFCPRESENTATIONLAYERASSIGNMENT('PLATE-8',$,(#2236,#2262),$);
ENDSEC;

END-ISO-10303-21;
