ISO-10303-21;
HEADER;
FILE_DESCRIPTION(('ViewDefinition[CoordinationView_V2.0, QuantityTakeOffAddOnView]', 'ExchangeRequirement[Structural, SurfaceGeometry]', 'Option [BaseQuantities:On]', 'Option [GridExport:On]', 'Option [Assemblies:Off]', 'Option [Bolts:On]', 'Option [Rebars:On]', 'Option [PourObjects:Off]', 'Option [Welds:Off]', 'Option [SurfaceTreatments:On]', 'Option [LocationBy:0]', 'Option [ViewColors:Off]', 'Option [SectionedSpine:Off]', 'Option [PropertySets:On]', 'Option [Export all:Off]'),'2;1');
FILE_NAME('5-2-A3.ifc','2026-03-10T09:14:49',('DESKTOP-NLV509P\\Ahmed'),('Structural Designer'),'IFC Parser version: 3.13.2','Tekla Structures 2023 Service Pack 8, IFC Export Version: 4.0.0.0 Jan 19 2024','');
FILE_SCHEMA(('IFC2X3'));
ENDSEC;

DATA;
#1= IFCPERSON('DESKTOP-NLV509P\\Ahmed','Undefined',$,$,$,$,$,$);
#2= IFCORGANIZATION($,'Trimble Solutions Corporation',$,$,$);
#3= IFCPERSONANDORGANIZATION(#1,#2,$);
#4= IFCAPPLICATION(#2,'2023 Service Pack 8','Tekla Structures','Multi material modeling');
#5= IFCOWNERHISTORY(#3,#4,$,.NOCHANGE.,$,$,$,1773123289);
#6= IFCCARTESIANPOINT((0.,0.,0.));
#7= IFCDIRECTION((1.,0.,0.));
#8= IFCDIRECTION((0.,1.,0.));
#9= IFCDIRECTION((0.,0.,1.));
#10= IFCAXIS2PLACEMENT3D(#6,#9,#7);
#11= IFCGEOMETRICREPRESENTATIONCONTEXT($,'Model',3,1.E-05,#10,$);
#12= IFCGEOMETRICREPRESENTATIONSUBCONTEXT('Body','Model',*,*,*,*,#11,$,.MODEL_VIEW.,$);
#13= IFCGEOMETRICREPRESENTATIONSUBCONTEXT('Axis','Model',*,*,*,*,#11,$,.GRAPH_VIEW.,$);
#14= IFCGEOMETRICREPRESENTATIONSUBCONTEXT('FootPrint','Model',*,*,*,*,#11,$,.MODEL_VIEW.,$);
#15= IFCSIUNIT(*,.LENGTHUNIT.,.MILLI.,.METRE.);
#16= IFCMEASUREWITHUNIT(IFCRATIOMEASURE(304.8),#15);
#17= IFCDIMENSIONALEXPONENTS(1,0,0,0,0,0,0);
#18= IFCCONVERSIONBASEDUNIT(#17,.LENGTHUNIT.,'FOOT',#16);
#19= IFCSIUNIT(*,.AREAUNIT.,$,.SQUARE_METRE.);
#20= IFCMEASUREWITHUNIT(IFCRATIOMEASURE(0.09290304),#19);
#21= IFCDIMENSIONALEXPONENTS(2,0,0,0,0,0,0);
#22= IFCCONVERSIONBASEDUNIT(#21,.AREAUNIT.,'SQUARE FOOT',#20);
#23= IFCSIUNIT(*,.VOLUMEUNIT.,$,.CUBIC_METRE.);
#24= IFCMEASUREWITHUNIT(IFCRATIOMEASURE(0.028316846592),#23);
#25= IFCDIMENSIONALEXPONENTS(3,0,0,0,0,0,0);
#26= IFCCONVERSIONBASEDUNIT(#25,.VOLUMEUNIT.,'CUBIC FOOT',#24);
#27= IFCSIUNIT(*,.MASSUNIT.,.KILO.,.GRAM.);
#28= IFCSIUNIT(*,.TIMEUNIT.,$,.SECOND.);
#29= IFCSIUNIT(*,.PLANEANGLEUNIT.,$,.RADIAN.);
#30= IFCMEASUREWITHUNIT(IFCRATIOMEASURE(0.0174532925199433),#29);
#31= IFCDIMENSIONALEXPONENTS(0,0,0,0,0,0,0);
#32= IFCCONVERSIONBASEDUNIT(#31,.PLANEANGLEUNIT.,'DEGREE',#30);
#33= IFCSIUNIT(*,.SOLIDANGLEUNIT.,$,.STERADIAN.);
#34= IFCSIUNIT(*,.THERMODYNAMICTEMPERATUREUNIT.,$,.DEGREE_CELSIUS.);
#35= IFCSIUNIT(*,.LUMINOUSINTENSITYUNIT.,$,.LUMEN.);
#36= IFCUNITASSIGNMENT((#15,#19,#23,#27,#28,#29,#33,#34,#35));
#37= IFCPROJECT('1sqjYR90X6ghszRakxD$Iy',#5,'Undefined',$,$,$,$,(#11),#36);
#38= IFCLOCALPLACEMENT($,#10);
#39= IFCSITE('3xjExm_cTBKPkA52TEyGWY',#5,'Undefined',$,$,#38,$,$,.ELEMENT.,$,$,$,$,$);
#40= IFCLOCALPLACEMENT(#38,#10);
#41= IFCBUILDING('2_so0XFqb8ZxAi_OBvjVTo',#5,'Undefined',$,$,#40,$,$,.ELEMENT.,$,$,$);
#42= IFCLOCALPLACEMENT(#40,#10);
#43= IFCBUILDINGSTOREY('3gJPpYF7LCbf7I109fNVl5',#5,'Undefined',$,$,#42,$,$,.ELEMENT.,0.);
#44= IFCOWNERHISTORY(#3,#4,$,.NOCHANGE.,$,$,$,1770840000);
#45= IFCCOLOURRGB($,0.698039215686274,0.4,0.);
#46= IFCSURFACESTYLERENDERING(#45,0.,$,$,$,$,IFCNORMALISEDRATIOMEASURE(0.00390625),IFCSPECULAREXPONENT(10.),.NOTDEFINED.);
#47= IFCSURFACESTYLE('EVENT',.POSITIVE.,(#46));
#48= IFCPRESENTATIONSTYLEASSIGNMENT((#47));
#49= IFCCARTESIANPOINT((7.5,-4.00000020713605,0.));
#50= IFCCARTESIANPOINT((6.49519052838316,-4.00000020713605,3.75000000000022));
#51= IFCCARTESIANPOINT((3.74999999999955,-4.00000020713605,6.49519052838355));
#52= IFCCARTESIANPOINT((-7.77251986200242E-13,-4.00000020713605,7.5));
#53= IFCCARTESIANPOINT((-3.7500000000009,-4.00000020713605,6.49519052838277));
#54= IFCCARTESIANPOINT((-6.49519052838394,-4.00000020713605,3.74999999999888));
#55= IFCCARTESIANPOINT((-7.5,-4.00000020713605,-1.55450397240048E-12));
#56= IFCCARTESIANPOINT((-6.49519052838238,-4.00000020713605,-3.75000000000157));
#57= IFCCARTESIANPOINT((-3.74999999999821,-4.00000020713605,-6.49519052838432));
#58= IFCCARTESIANPOINT((2.32342928591604E-12,-4.00000020713605,-7.5));
#59= IFCCARTESIANPOINT((3.75000000000224,-4.00000020713605,-6.495190528382));
#60= IFCCARTESIANPOINT((6.49519052838471,-4.00000020713605,-3.74999999999753));
#61= IFCCARTESIANPOINT((7.5,4.09999979271695,0.));
#62= IFCCARTESIANPOINT((6.49519052838316,4.09999979271695,3.75000000000022));
#63= IFCCARTESIANPOINT((3.74999999999955,4.09999979271695,6.49519052838355));
#64= IFCCARTESIANPOINT((-7.77251986200242E-13,4.09999979271695,7.5));
#65= IFCCARTESIANPOINT((-3.7500000000009,4.09999979271695,6.49519052838277));
#66= IFCCARTESIANPOINT((-6.49519052838394,4.09999979271695,3.74999999999888));
#67= IFCCARTESIANPOINT((-7.5,4.09999979271695,-1.55450397240048E-12));
#68= IFCCARTESIANPOINT((-6.49519052838238,4.09999979271695,-3.75000000000157));
#69= IFCCARTESIANPOINT((-3.74999999999821,4.09999979271695,-6.49519052838432));
#70= IFCCARTESIANPOINT((2.32342928591604E-12,4.09999979271695,-7.5));
#71= IFCCARTESIANPOINT((3.75000000000224,4.09999979271695,-6.495190528382));
#72= IFCCARTESIANPOINT((6.49519052838471,4.09999979271695,-3.74999999999753));
#73= IFCPOLYLOOP((#49,#50,#51,#52,#53,#54,#55,#56,#57,#58,#59,#60));
#74= IFCFACEOUTERBOUND(#73,.T.);
#75= IFCFACE((#74));
#76= IFCPOLYLOOP((#72,#71,#70,#69,#68,#67,#66,#65,#64,#63,#62,#61));
#77= IFCFACEOUTERBOUND(#76,.T.);
#78= IFCFACE((#77));
#79= IFCPOLYLOOP((#49,#61,#62,#50));
#80= IFCFACEOUTERBOUND(#79,.T.);
#81= IFCFACE((#80));
#82= IFCPOLYLOOP((#50,#62,#63,#51));
#83= IFCFACEOUTERBOUND(#82,.T.);
#84= IFCFACE((#83));
#85= IFCPOLYLOOP((#51,#63,#64,#52));
#86= IFCFACEOUTERBOUND(#85,.T.);
#87= IFCFACE((#86));
#88= IFCPOLYLOOP((#52,#64,#65,#53));
#89= IFCFACEOUTERBOUND(#88,.T.);
#90= IFCFACE((#89));
#91= IFCPOLYLOOP((#53,#65,#66,#54));
#92= IFCFACEOUTERBOUND(#91,.T.);
#93= IFCFACE((#92));
#94= IFCPOLYLOOP((#54,#66,#67,#55));
#95= IFCFACEOUTERBOUND(#94,.T.);
#96= IFCFACE((#95));
#97= IFCPOLYLOOP((#55,#67,#68,#56));
#98= IFCFACEOUTERBOUND(#97,.T.);
#99= IFCFACE((#98));
#100= IFCPOLYLOOP((#56,#68,#69,#57));
#101= IFCFACEOUTERBOUND(#100,.T.);
#102= IFCFACE((#101));
#103= IFCPOLYLOOP((#57,#69,#70,#58));
#104= IFCFACEOUTERBOUND(#103,.T.);
#105= IFCFACE((#104));
#106= IFCPOLYLOOP((#58,#70,#71,#59));
#107= IFCFACEOUTERBOUND(#106,.T.);
#108= IFCFACE((#107));
#109= IFCPOLYLOOP((#59,#71,#72,#60));
#110= IFCFACEOUTERBOUND(#109,.T.);
#111= IFCFACE((#110));
#112= IFCPOLYLOOP((#60,#72,#61,#49));
#113= IFCFACEOUTERBOUND(#112,.T.);
#114= IFCFACE((#113));
#115= IFCCLOSEDSHELL((#75,#78,#81,#84,#87,#90,#93,#96,#99,#102,#105,#108,#111,#114));
#116= IFCCOLOURRGB($,0.,0.,0.);
#117= IFCSURFACESTYLERENDERING(#116,0.,$,$,$,$,IFCNORMALISEDRATIOMEASURE(0.00390625),IFCSPECULAREXPONENT(10.),.NOTDEFINED.);
#118= IFCSURFACESTYLE($,.POSITIVE.,(#117));
#119= IFCPRESENTATIONSTYLEASSIGNMENT((#118));
#120= IFCFACETEDBREP(#115);
#121= IFCSTYLEDITEM(#120,(#119),$);
#122= IFCCARTESIANTRANSFORMATIONOPERATOR3D($,$,#6,$,$);
#123= IFCSHAPEREPRESENTATION(#12,'Body','Brep',(#120));
#124= IFCREPRESENTATIONMAP(#10,#123);
#125= IFCMAPPEDITEM(#124,#122);
#126= IFCSHAPEREPRESENTATION(#12,'Body','MappedRepresentation',(#125));
#127= IFCPRODUCTDEFINITIONSHAPE($,$,(#126));
#128= IFCCARTESIANPOINT((1397.89637986458,16306.987298988,16682.4995422362));
#129= IFCDIRECTION((0.509320893901125,0.,0.860576682832947));
#130= IFCDIRECTION((-0.860576682832947,0.,0.509320893901125));
#131= IFCAXIS2PLACEMENT3D(#128,#129,#130);
#132= IFCLOCALPLACEMENT(#42,#131);
#133= IFCMECHANICALFASTENER('0hdIfrnkr5O8RbOt9gauok',#44,'Bolt assembly',$,$,#132,#127,'ID2b9d2a75-c6ed-4560-86e5-63726a938cae',15.,8.);
#134= IFCMECHANICALFASTENERTYPE('2GNdiOe554QO97HO9qtPqs',#5,'Bolt assembly',$,$,$,$,$,$);
#135= IFCPROPERTYSINGLEVALUE('Washer count',$,IFCINTEGER(0),$);
#136= IFCPROPERTYSINGLEVALUE('Washer diameter',$,IFCLENGTHMEASURE(15.),$);
#137= IFCPROPERTYSINGLEVALUE('Washer type',$,IFCLABEL(''),$);
#138= IFCPROPERTYSINGLEVALUE('Washer name',$,IFCLABEL(''),$);
#139= IFCPROPERTYSINGLEVALUE('Nut count',$,IFCINTEGER(0),$);
#140= IFCPROPERTYSINGLEVALUE('Nut type',$,IFCLABEL(''),$);
#141= IFCPROPERTYSINGLEVALUE('Nut name',$,IFCLABEL(''),$);
#142= IFCPROPERTYSINGLEVALUE('Slotted hole y',$,IFCLENGTHMEASURE(0.),$);
#143= IFCPROPERTYSINGLEVALUE('Slotted hole x',$,IFCLENGTHMEASURE(0.),$);
#144= IFCPROPERTYSINGLEVALUE('Bolt hole diameter',$,IFCLENGTHMEASURE(15.),$);
#145= IFCPROPERTYSINGLEVALUE('Location',$,IFCLABEL('Site'),$);
#146= IFCPROPERTYSINGLEVALUE('Bolt count',$,IFCINTEGER(1),$);
#147= IFCPROPERTYSINGLEVALUE('Bolt size',$,IFCLENGTHMEASURE(15.),$);
#148= IFCPROPERTYSINGLEVALUE('Bolt length',$,IFCLENGTHMEASURE(8.),$);
#149= IFCPROPERTYSINGLEVALUE('Bolt standard',$,IFCLABEL('EVENT'),$);
#150= IFCPROPERTYSINGLEVALUE('Bolt Name',$,IFCLABEL(''),$);
#151= IFCPROPERTYSET('2jP7yR1gj8Fekfq3Nin20x',#5,'Tekla Bolt','Bolt Properties',(#135,#136,#137,#138,#139,#140,#141,#142,#143,#144,#145,#146,#147,#148,#149,#150));
#152= IFCMATERIAL('EVENT');
#153= IFCMAPPEDITEM(#124,#122);
#154= IFCSHAPEREPRESENTATION(#12,'Body','MappedRepresentation',(#153));
#155= IFCPRODUCTDEFINITIONSHAPE($,$,(#154));
#156= IFCCARTESIANPOINT((1397.89637986458,16306.9872989878,16827.4995422362));
#157= IFCDIRECTION((-0.509320893901125,0.,0.860576682832947));
#158= IFCDIRECTION((-0.860576682832947,0.,-0.509320893901125));
#159= IFCAXIS2PLACEMENT3D(#156,#157,#158);
#160= IFCLOCALPLACEMENT(#42,#159);
#161= IFCMECHANICALFASTENER('2TP$60pJr79RTyl00aFc3U',#44,'Bolt assembly',$,$,#160,#155,'ID9d67f180-cd3d-4725-b77c-bc00243e60de',15.,8.);
#162= IFCMAPPEDITEM(#124,#122);
#163= IFCSHAPEREPRESENTATION(#12,'Body','MappedRepresentation',(#162));
#164= IFCPRODUCTDEFINITIONSHAPE($,$,(#163));
#165= IFCCARTESIANPOINT((1167.51650353258,16306.9872989876,16682.4995422362));
#166= IFCDIRECTION((0.509320893901127,0.,-0.860576682832946));
#167= IFCDIRECTION((0.860576682832946,0.,0.509320893901127));
#168= IFCAXIS2PLACEMENT3D(#165,#166,#167);
#169= IFCLOCALPLACEMENT(#42,#168);
#170= IFCMECHANICALFASTENER('2x7EZBy$P2yfAu3E2gY$r$',#44,'Bolt assembly',$,$,#169,#164,'IDbb1ce8cb-f3f6-42f2-92b8-0ce0aa8bfd7f',15.,8.);
#171= IFCMAPPEDITEM(#124,#122);
#172= IFCSHAPEREPRESENTATION(#12,'Body','MappedRepresentation',(#171));
#173= IFCPRODUCTDEFINITIONSHAPE($,$,(#172));
#174= IFCCARTESIANPOINT((1167.51650353258,16306.9872989875,16827.4995422362));
#175= IFCDIRECTION((-0.509320893901127,0.,-0.860576682832946));
#176= IFCDIRECTION((0.860576682832946,0.,-0.509320893901127));
#177= IFCAXIS2PLACEMENT3D(#174,#175,#176);
#178= IFCLOCALPLACEMENT(#42,#177);
#179= IFCMECHANICALFASTENER('3hOzcpf09FtOoD6WOPOIXN',#44,'Bolt assembly',$,$,#178,#173,'IDeb63d9b3-a402-4fdd-8c8d-1a0619612857',15.,8.);
#180= IFCMAPPEDITEM(#124,#122);
#181= IFCSHAPEREPRESENTATION(#12,'Body','MappedRepresentation',(#180));
#182= IFCPRODUCTDEFINITIONSHAPE($,$,(#181));
#183= IFCCARTESIANPOINT((1397.84637419148,17079.0022814289,16682.4995422362));
#184= IFCAXIS2PLACEMENT3D(#183,#129,#130);
#185= IFCLOCALPLACEMENT(#42,#184);
#186= IFCMECHANICALFASTENER('0WW2Cb3hv09ek2pNpcZ3x9',#44,'Bolt assembly',$,$,#185,#182,'ID20802325-0ebe-4026-8b82-cd7ce68c3ec9',15.,8.);
#187= IFCMAPPEDITEM(#124,#122);
#188= IFCSHAPEREPRESENTATION(#12,'Body','MappedRepresentation',(#187));
#189= IFCPRODUCTDEFINITIONSHAPE($,$,(#188));
#190= IFCCARTESIANPOINT((1397.84637419148,17079.0022814287,16827.4995422362));
#191= IFCAXIS2PLACEMENT3D(#190,#157,#158);
#192= IFCLOCALPLACEMENT(#42,#191);
#193= IFCMECHANICALFASTENER('3Nm5c4n$51JgQ6688Ep19M',#44,'Bolt assembly',$,$,#192,#189,'IDd7c05984-c7f1-414e-a686-18820ecc1256',15.,8.);
#194= IFCMAPPEDITEM(#124,#122);
#195= IFCSHAPEREPRESENTATION(#12,'Body','MappedRepresentation',(#194));
#196= IFCPRODUCTDEFINITIONSHAPE($,$,(#195));
#197= IFCCARTESIANPOINT((1167.46649785947,17079.0022814285,16682.4995422362));
#198= IFCAXIS2PLACEMENT3D(#197,#166,#167);
#199= IFCLOCALPLACEMENT(#42,#198);
#200= IFCMECHANICALFASTENER('2RMOrn6NH1CeO9VE7aj84U',#44,'Bolt assembly',$,$,#199,#196,'ID9b598d71-1974-4132-8609-7ce1e4b4811e',15.,8.);
#201= IFCMAPPEDITEM(#124,#122);
#202= IFCSHAPEREPRESENTATION(#12,'Body','MappedRepresentation',(#201));
#203= IFCPRODUCTDEFINITIONSHAPE($,$,(#202));
#204= IFCCARTESIANPOINT((1167.46649785947,17079.0022814284,16827.4995422362));
#205= IFCAXIS2PLACEMENT3D(#204,#175,#176);
#206= IFCLOCALPLACEMENT(#42,#205);
#207= IFCMECHANICALFASTENER('26sCrlRxvCNPHqVQnnFM_J',#44,'Bolt assembly',$,$,#206,#203,'ID86d8cd6f-6fbe-4c5d-9474-7dac713d6f93',15.,8.);
#208= IFCCARTESIANPOINT((7.5,-6.,0.));
#209= IFCCARTESIANPOINT((6.49519052838316,-6.,3.75000000000022));
#210= IFCCARTESIANPOINT((3.74999999999955,-6.,6.49519052838355));
#211= IFCCARTESIANPOINT((-7.77251986200242E-13,-6.,7.5));
#212= IFCCARTESIANPOINT((-3.7500000000009,-6.,6.49519052838277));
#213= IFCCARTESIANPOINT((-6.49519052838394,-6.,3.74999999999888));
#214= IFCCARTESIANPOINT((-7.5,-6.,-1.55450397240048E-12));
#215= IFCCARTESIANPOINT((-6.49519052838238,-6.,-3.75000000000157));
#216= IFCCARTESIANPOINT((-3.74999999999821,-6.,-6.49519052838432));
#217= IFCCARTESIANPOINT((2.32342928591604E-12,-6.,-7.5));
#218= IFCCARTESIANPOINT((3.75000000000224,-6.,-6.495190528382));
#219= IFCCARTESIANPOINT((6.49519052838471,-6.,-3.74999999999753));
#220= IFCCARTESIANPOINT((7.5,6.1,0.));
#221= IFCCARTESIANPOINT((6.49519052838316,6.1,3.75000000000022));
#222= IFCCARTESIANPOINT((3.74999999999955,6.1,6.49519052838355));
#223= IFCCARTESIANPOINT((-7.77251986200242E-13,6.1,7.5));
#224= IFCCARTESIANPOINT((-3.7500000000009,6.1,6.49519052838277));
#225= IFCCARTESIANPOINT((-6.49519052838394,6.1,3.74999999999888));
#226= IFCCARTESIANPOINT((-7.5,6.1,-1.55450397240048E-12));
#227= IFCCARTESIANPOINT((-6.49519052838238,6.1,-3.75000000000157));
#228= IFCCARTESIANPOINT((-3.74999999999821,6.1,-6.49519052838432));
#229= IFCCARTESIANPOINT((2.32342928591604E-12,6.1,-7.5));
#230= IFCCARTESIANPOINT((3.75000000000224,6.1,-6.495190528382));
#231= IFCCARTESIANPOINT((6.49519052838471,6.1,-3.74999999999753));
#232= IFCPOLYLOOP((#208,#209,#210,#211,#212,#213,#214,#215,#216,#217,#218,#219));
#233= IFCFACEOUTERBOUND(#232,.T.);
#234= IFCFACE((#233));
#235= IFCPOLYLOOP((#231,#230,#229,#228,#227,#226,#225,#224,#223,#222,#221,#220));
#236= IFCFACEOUTERBOUND(#235,.T.);
#237= IFCFACE((#236));
#238= IFCPOLYLOOP((#208,#220,#221,#209));
#239= IFCFACEOUTERBOUND(#238,.T.);
#240= IFCFACE((#239));
#241= IFCPOLYLOOP((#209,#221,#222,#210));
#242= IFCFACEOUTERBOUND(#241,.T.);
#243= IFCFACE((#242));
#244= IFCPOLYLOOP((#210,#222,#223,#211));
#245= IFCFACEOUTERBOUND(#244,.T.);
#246= IFCFACE((#245));
#247= IFCPOLYLOOP((#211,#223,#224,#212));
#248= IFCFACEOUTERBOUND(#247,.T.);
#249= IFCFACE((#248));
#250= IFCPOLYLOOP((#212,#224,#225,#213));
#251= IFCFACEOUTERBOUND(#250,.T.);
#252= IFCFACE((#251));
#253= IFCPOLYLOOP((#213,#225,#226,#214));
#254= IFCFACEOUTERBOUND(#253,.T.);
#255= IFCFACE((#254));
#256= IFCPOLYLOOP((#214,#226,#227,#215));
#257= IFCFACEOUTERBOUND(#256,.T.);
#258= IFCFACE((#257));
#259= IFCPOLYLOOP((#215,#227,#228,#216));
#260= IFCFACEOUTERBOUND(#259,.T.);
#261= IFCFACE((#260));
#262= IFCPOLYLOOP((#216,#228,#229,#217));
#263= IFCFACEOUTERBOUND(#262,.T.);
#264= IFCFACE((#263));
#265= IFCPOLYLOOP((#217,#229,#230,#218));
#266= IFCFACEOUTERBOUND(#265,.T.);
#267= IFCFACE((#266));
#268= IFCPOLYLOOP((#218,#230,#231,#219));
#269= IFCFACEOUTERBOUND(#268,.T.);
#270= IFCFACE((#269));
#271= IFCPOLYLOOP((#219,#231,#220,#208));
#272= IFCFACEOUTERBOUND(#271,.T.);
#273= IFCFACE((#272));
#274= IFCCLOSEDSHELL((#234,#237,#240,#243,#246,#249,#252,#255,#258,#261,#264,#267,#270,#273));
#275= IFCFACETEDBREP(#274);
#276= IFCSTYLEDITEM(#275,(#119),$);
#277= IFCSHAPEREPRESENTATION(#12,'Body','Brep',(#275));
#278= IFCREPRESENTATIONMAP(#10,#277);
#279= IFCMAPPEDITEM(#278,#122);
#280= IFCSHAPEREPRESENTATION(#12,'Body','MappedRepresentation',(#279));
#281= IFCPRODUCTDEFINITIONSHAPE($,$,(#280));
#282= IFCCARTESIANPOINT((1412.50274663161,20963.0072534163,16827.4995422363));
#283= IFCAXIS2PLACEMENT3D(#282,#166,#158);
#284= IFCLOCALPLACEMENT(#42,#283);
#285= IFCMECHANICALFASTENER('0CE964cJLFeR1FSz0$VmdK',#44,'Bolt assembly',$,$,#284,#281,'ID0c389184-9935-4fa1-b04f-73d03f7f09d4',15.,12.);
#286= IFCPROPERTYSINGLEVALUE('Bolt length',$,IFCLENGTHMEASURE(12.),$);
#287= IFCPROPERTYSET('022CsHoaD5hP9JdHoj$kqf',#5,'Tekla Bolt','Bolt Properties',(#135,#136,#137,#138,#139,#140,#141,#142,#143,#144,#145,#146,#147,#286,#149,#150));
#288= IFCMAPPEDITEM(#278,#122);
#289= IFCSHAPEREPRESENTATION(#12,'Body','MappedRepresentation',(#288));
#290= IFCPRODUCTDEFINITIONSHAPE($,$,(#289));
#291= IFCCARTESIANPOINT((1412.50274663161,20963.0072534163,16682.4995422363));
#292= IFCAXIS2PLACEMENT3D(#291,#129,#130);
#293= IFCLOCALPLACEMENT(#42,#292);
#294= IFCMECHANICALFASTENER('1L3A0mdUv6f9dkNh8eFia4',#44,'Bolt assembly',$,$,#293,#290,'ID550ca030-9dee-46a4-99ee-5eb2283ec904',15.,12.);
#295= IFCMAPPEDITEM(#278,#122);
#296= IFCSHAPEREPRESENTATION(#12,'Body','MappedRepresentation',(#295));
#297= IFCPRODUCTDEFINITIONSHAPE($,$,(#296));
#298= IFCCARTESIANPOINT((1167.50274663161,20963.0072534163,16682.4995422363));
#299= IFCAXIS2PLACEMENT3D(#298,#166,#167);
#300= IFCLOCALPLACEMENT(#42,#299);
#301= IFCMECHANICALFASTENER('3y1iRv6X9CAOjpQzrR3eXE',#44,'Bolt assembly',$,$,#300,#297,'IDfc06c6f9-1a12-4c29-8b73-6bdd5b0e884e',15.,12.);
#302= IFCMAPPEDITEM(#278,#122);
#303= IFCSHAPEREPRESENTATION(#12,'Body','MappedRepresentation',(#302));
#304= IFCPRODUCTDEFINITIONSHAPE($,$,(#303));
#305= IFCCARTESIANPOINT((1167.50274663161,20963.0072534163,16827.4995422363));
#306= IFCAXIS2PLACEMENT3D(#305,#175,#176);
#307= IFCLOCALPLACEMENT(#42,#306);
#308= IFCMECHANICALFASTENER('20cL3SNEbBkwZl16BhZmy9',#44,'Bolt assembly',$,$,#307,#304,'ID809950dc-5ce9-4bbb-a8ef-0462eb8f0f09',15.,12.);
#309= IFCMAPPEDITEM(#278,#122);
#310= IFCSHAPEREPRESENTATION(#12,'Body','MappedRepresentation',(#309));
#311= IFCPRODUCTDEFINITIONSHAPE($,$,(#310));
#312= IFCCARTESIANPOINT((1412.50274663161,11351.0027465543,16682.4995422363));
#313= IFCAXIS2PLACEMENT3D(#312,#129,#130);
#314= IFCLOCALPLACEMENT(#42,#313);
#315= IFCMECHANICALFASTENER('1_cT5Yqtv1LxnBU7cCQ0sQ',#44,'Bolt assembly',$,$,#314,#311,'ID7e99d162-d37e-4157-bc4b-78798c680d9a',15.,12.);
#316= IFCMAPPEDITEM(#278,#122);
#317= IFCSHAPEREPRESENTATION(#12,'Body','MappedRepresentation',(#316));
#318= IFCPRODUCTDEFINITIONSHAPE($,$,(#317));
#319= IFCCARTESIANPOINT((1412.50274663161,11351.0027465543,16827.4995422363));
#320= IFCAXIS2PLACEMENT3D(#319,#166,#158);
#321= IFCLOCALPLACEMENT(#42,#320);
#322= IFCMECHANICALFASTENER('3h67RhGjvFc8ypG3S17ciZ',#44,'Bolt assembly',$,$,#321,#318,'IDeb1876eb-42de-4f98-8f33-4037011e6b23',15.,12.);
#323= IFCMAPPEDITEM(#278,#122);
#324= IFCSHAPEREPRESENTATION(#12,'Body','MappedRepresentation',(#323));
#325= IFCPRODUCTDEFINITIONSHAPE($,$,(#324));
#326= IFCCARTESIANPOINT((1167.50274663161,11351.0027465543,16827.4995422363));
#327= IFCAXIS2PLACEMENT3D(#326,#129,#176);
#328= IFCLOCALPLACEMENT(#42,#327);
#329= IFCMECHANICALFASTENER('1RjsbLhJ1FGgFMlSUuPQks',#44,'Bolt assembly',$,$,#328,#325,'ID5bb76955-ad30-4f42-a3d6-bdc7b865abb6',15.,12.);
#330= IFCMAPPEDITEM(#278,#122);
#331= IFCSHAPEREPRESENTATION(#12,'Body','MappedRepresentation',(#330));
#332= IFCPRODUCTDEFINITIONSHAPE($,$,(#331));
#333= IFCCARTESIANPOINT((1167.50274663161,11351.0027465543,16682.4995422363));
#334= IFCAXIS2PLACEMENT3D(#333,#157,#167);
#335= IFCLOCALPLACEMENT(#42,#334);
#336= IFCMECHANICALFASTENER('2GVkKpgS18De1TM8OUz3O4',#44,'Bolt assembly',$,$,#335,#332,'ID907ee533-a9c0-4836-805d-58861ef43604',15.,12.);
#337= IFCOWNERHISTORY(#3,#4,$,.NOCHANGE.,$,$,$,1770796800);
#338= IFCSURFACESTYLE('TS10.9',.POSITIVE.,(#46));
#339= IFCPRESENTATIONSTYLEASSIGNMENT((#338));
#340= IFCCARTESIANPOINT((13.,23.9905257474784,0.));
#341= IFCCARTESIANPOINT((11.2583302491975,23.9905257474784,6.50000000000039));
#342= IFCCARTESIANPOINT((6.49999999999922,23.9905257474784,11.2583302491982));
#343= IFCCARTESIANPOINT((-1.34723677608042E-12,23.9905257474784,13.));
#344= IFCCARTESIANPOINT((-6.50000000000155,23.9905257474784,11.2583302491968));
#345= IFCCARTESIANPOINT((-11.2583302491988,23.9905257474784,6.49999999999806));
#346= IFCCARTESIANPOINT((-13.,23.9905257474784,-2.69447355216084E-12));
#347= IFCCARTESIANPOINT((-11.2583302491961,23.9905257474784,-6.50000000000272));
#348= IFCCARTESIANPOINT((-6.4999999999969,23.9905257474784,-11.2583302491995));
#349= IFCCARTESIANPOINT((4.02727742892113E-12,23.9905257474784,-13.));
#350= IFCCARTESIANPOINT((6.50000000000388,23.9905257474784,-11.2583302491955));
#351= IFCCARTESIANPOINT((11.2583302492002,23.9905257474784,-6.49999999999573));
#352= IFCCARTESIANPOINT((13.,274.090525747478,0.));
#353= IFCCARTESIANPOINT((11.2583302491975,274.090525747478,6.50000000000039));
#354= IFCCARTESIANPOINT((6.49999999999922,274.090525747478,11.2583302491982));
#355= IFCCARTESIANPOINT((-1.34723677608042E-12,274.090525747478,13.));
#356= IFCCARTESIANPOINT((-6.50000000000155,274.090525747478,11.2583302491968));
#357= IFCCARTESIANPOINT((-11.2583302491988,274.090525747478,6.49999999999806));
#358= IFCCARTESIANPOINT((-13.,274.090525747478,-2.69447355216084E-12));
#359= IFCCARTESIANPOINT((-11.2583302491961,274.090525747478,-6.50000000000272));
#360= IFCCARTESIANPOINT((-6.4999999999969,274.090525747478,-11.2583302491995));
#361= IFCCARTESIANPOINT((4.02727742892113E-12,274.090525747478,-13.));
#362= IFCCARTESIANPOINT((6.50000000000388,274.090525747478,-11.2583302491955));
#363= IFCCARTESIANPOINT((11.2583302492002,274.090525747478,-6.49999999999573));
#364= IFCPOLYLOOP((#340,#341,#342,#343,#344,#345,#346,#347,#348,#349,#350,#351));
#365= IFCFACEOUTERBOUND(#364,.T.);
#366= IFCFACE((#365));
#367= IFCPOLYLOOP((#363,#362,#361,#360,#359,#358,#357,#356,#355,#354,#353,#352));
#368= IFCFACEOUTERBOUND(#367,.T.);
#369= IFCFACE((#368));
#370= IFCPOLYLOOP((#340,#352,#353,#341));
#371= IFCFACEOUTERBOUND(#370,.T.);
#372= IFCFACE((#371));
#373= IFCPOLYLOOP((#341,#353,#354,#342));
#374= IFCFACEOUTERBOUND(#373,.T.);
#375= IFCFACE((#374));
#376= IFCPOLYLOOP((#342,#354,#355,#343));
#377= IFCFACEOUTERBOUND(#376,.T.);
#378= IFCFACE((#377));
#379= IFCPOLYLOOP((#343,#355,#356,#344));
#380= IFCFACEOUTERBOUND(#379,.T.);
#381= IFCFACE((#380));
#382= IFCPOLYLOOP((#344,#356,#357,#345));
#383= IFCFACEOUTERBOUND(#382,.T.);
#384= IFCFACE((#383));
#385= IFCPOLYLOOP((#345,#357,#358,#346));
#386= IFCFACEOUTERBOUND(#385,.T.);
#387= IFCFACE((#386));
#388= IFCPOLYLOOP((#346,#358,#359,#347));
#389= IFCFACEOUTERBOUND(#388,.T.);
#390= IFCFACE((#389));
#391= IFCPOLYLOOP((#347,#359,#360,#348));
#392= IFCFACEOUTERBOUND(#391,.T.);
#393= IFCFACE((#392));
#394= IFCPOLYLOOP((#348,#360,#361,#349));
#395= IFCFACEOUTERBOUND(#394,.T.);
#396= IFCFACE((#395));
#397= IFCPOLYLOOP((#349,#361,#362,#350));
#398= IFCFACEOUTERBOUND(#397,.T.);
#399= IFCFACE((#398));
#400= IFCPOLYLOOP((#350,#362,#363,#351));
#401= IFCFACEOUTERBOUND(#400,.T.);
#402= IFCFACE((#401));
#403= IFCPOLYLOOP((#351,#363,#352,#340));
#404= IFCFACEOUTERBOUND(#403,.T.);
#405= IFCFACE((#404));
#406= IFCCLOSEDSHELL((#366,#369,#372,#375,#378,#381,#384,#387,#390,#393,#396,#399,#402,#405));
#407= IFCFACETEDBREP(#406);
#408= IFCSTYLEDITEM(#407,(#119),$);
#409= IFCCARTESIANPOINT((1.85536919161677E-10,0.,-75.0000000000123));
#410= IFCCARTESIANTRANSFORMATIONOPERATOR3D($,$,#409,$,$);
#411= IFCSHAPEREPRESENTATION(#12,'Body','Brep',(#407));
#412= IFCREPRESENTATIONMAP(#10,#411);
#413= IFCMAPPEDITEM(#412,#410);
#414= IFCCARTESIANPOINT((170.0000000006,0.,-74.9999999996257));
#415= IFCCARTESIANTRANSFORMATIONOPERATOR3D($,$,#414,$,$);
#416= IFCMAPPEDITEM(#412,#415);
#417= IFCCARTESIANPOINT((340.000000001015,0.,-74.9999999992392));
#418= IFCCARTESIANTRANSFORMATIONOPERATOR3D($,$,#417,$,$);
#419= IFCMAPPEDITEM(#412,#418);
#420= IFCCARTESIANPOINT((510.00000000143,0.,-74.9999999988527));
#421= IFCCARTESIANTRANSFORMATIONOPERATOR3D($,$,#420,$,$);
#422= IFCMAPPEDITEM(#412,#421);
#423= IFCCARTESIANPOINT((-1.85536919161677E-10,0.,75.0000000000123));
#424= IFCCARTESIANTRANSFORMATIONOPERATOR3D($,$,#423,$,$);
#425= IFCMAPPEDITEM(#412,#424);
#426= IFCCARTESIANPOINT((170.000000000226,0.,75.000000000399));
#427= IFCCARTESIANTRANSFORMATIONOPERATOR3D($,$,#426,$,$);
#428= IFCMAPPEDITEM(#412,#427);
#429= IFCCARTESIANPOINT((340.00000000064,0.,75.0000000007853));
#430= IFCCARTESIANTRANSFORMATIONOPERATOR3D($,$,#429,$,$);
#431= IFCMAPPEDITEM(#412,#430);
#432= IFCCARTESIANPOINT((510.000000001055,0.,75.0000000011721));
#433= IFCCARTESIANTRANSFORMATIONOPERATOR3D($,$,#432,$,$);
#434= IFCMAPPEDITEM(#412,#433);
#435= IFCSHAPEREPRESENTATION(#12,'Body','MappedRepresentation',(#413,#416,#419,#422,#425,#428,#431,#434));
#436= IFCPRODUCTDEFINITIONSHAPE($,$,(#435));
#437= IFCCARTESIANPOINT((1290.02360846928,16437.9822694661,16903.9900679838));
#438= IFCDIRECTION((-0.999999999187512,-4.03110000079323E-05,0.));
#439= IFCDIRECTION((-4.03110000076715E-05,0.999999999187512,0.));
#440= IFCAXIS2PLACEMENT3D(#437,#438,#439);
#441= IFCLOCALPLACEMENT(#42,#440);
#442= IFCMECHANICALFASTENER('3UEiQpKDHDWPC62N9okTE$',#337,'Bolt assembly',$,$,#441,#436,'IDde3ac6b3-50d4-4d81-9306-097272b9d3bf',24.,1250.);
#443= IFCPROPERTYSINGLEVALUE('Washer diameter',$,IFCLENGTHMEASURE(24.),$);
#444= IFCPROPERTYSINGLEVALUE('Slotted hole y',$,IFCLENGTHMEASURE(44.),$);
#445= IFCPROPERTYSINGLEVALUE('Bolt hole diameter',$,IFCLENGTHMEASURE(26.),$);
#446= IFCPROPERTYSINGLEVALUE('Bolt count',$,IFCINTEGER(8),$);
#447= IFCPROPERTYSINGLEVALUE('Bolt size',$,IFCLENGTHMEASURE(26.),$);
#448= IFCPROPERTYSINGLEVALUE('Bolt length',$,IFCLENGTHMEASURE(1250.),$);
#449= IFCPROPERTYSINGLEVALUE('Bolt standard',$,IFCLABEL('TS10.9'),$);
#450= IFCPROPERTYSET('1818PiF8v3xubevLrLoZV6',#5,'Tekla Bolt','Bolt Properties',(#135,#443,#137,#138,#139,#140,#141,#444,#143,#445,#145,#446,#447,#448,#449,#150));
#451= IFCMATERIAL('TS10.9');
#452= IFCCARTESIANPOINT((13.,-39.9054931628329,0.));
#453= IFCCARTESIANPOINT((11.2583302491975,-39.9054931628329,6.50000000000039));
#454= IFCCARTESIANPOINT((6.49999999999922,-39.9054931628329,11.2583302491982));
#455= IFCCARTESIANPOINT((-1.34723677608042E-12,-39.9054931628329,13.));
#456= IFCCARTESIANPOINT((-6.50000000000155,-39.9054931628329,11.2583302491968));
#457= IFCCARTESIANPOINT((-11.2583302491988,-39.9054931628329,6.49999999999806));
#458= IFCCARTESIANPOINT((-13.,-39.9054931628329,-2.69447355216084E-12));
#459= IFCCARTESIANPOINT((-11.2583302491961,-39.9054931628329,-6.50000000000272));
#460= IFCCARTESIANPOINT((-6.4999999999969,-39.9054931628329,-11.2583302491995));
#461= IFCCARTESIANPOINT((4.02727742892113E-12,-39.9054931628329,-13.));
#462= IFCCARTESIANPOINT((6.50000000000388,-39.9054931628329,-11.2583302491955));
#463= IFCCARTESIANPOINT((11.2583302492002,-39.9054931628329,-6.49999999999573));
#464= IFCCARTESIANPOINT((13.,-19.9054931628329,0.));
#465= IFCCARTESIANPOINT((11.2583302491975,-19.9054931628329,6.50000000000039));
#466= IFCCARTESIANPOINT((6.49999999999922,-19.9054931628329,11.2583302491982));
#467= IFCCARTESIANPOINT((-1.34723677608042E-12,-19.9054931628329,13.));
#468= IFCCARTESIANPOINT((-6.50000000000155,-19.9054931628329,11.2583302491968));
#469= IFCCARTESIANPOINT((-11.2583302491988,-19.9054931628329,6.49999999999806));
#470= IFCCARTESIANPOINT((-13.,-19.9054931628329,-2.69447355216084E-12));
#471= IFCCARTESIANPOINT((-11.2583302491961,-19.9054931628329,-6.50000000000272));
#472= IFCCARTESIANPOINT((-6.4999999999969,-19.9054931628329,-11.2583302491995));
#473= IFCCARTESIANPOINT((4.02727742892113E-12,-19.9054931628329,-13.));
#474= IFCCARTESIANPOINT((6.50000000000388,-19.9054931628329,-11.2583302491955));
#475= IFCCARTESIANPOINT((11.2583302492002,-19.9054931628329,-6.49999999999573));
#476= IFCPOLYLOOP((#452,#453,#454,#455,#456,#457,#458,#459,#460,#461,#462,#463));
#477= IFCFACEOUTERBOUND(#476,.T.);
#478= IFCFACE((#477));
#479= IFCPOLYLOOP((#475,#474,#473,#472,#471,#470,#469,#468,#467,#466,#465,#464));
#480= IFCFACEOUTERBOUND(#479,.T.);
#481= IFCFACE((#480));
#482= IFCPOLYLOOP((#452,#464,#465,#453));
#483= IFCFACEOUTERBOUND(#482,.T.);
#484= IFCFACE((#483));
#485= IFCPOLYLOOP((#453,#465,#466,#454));
#486= IFCFACEOUTERBOUND(#485,.T.);
#487= IFCFACE((#486));
#488= IFCPOLYLOOP((#454,#466,#467,#455));
#489= IFCFACEOUTERBOUND(#488,.T.);
#490= IFCFACE((#489));
#491= IFCPOLYLOOP((#455,#467,#468,#456));
#492= IFCFACEOUTERBOUND(#491,.T.);
#493= IFCFACE((#492));
#494= IFCPOLYLOOP((#456,#468,#469,#457));
#495= IFCFACEOUTERBOUND(#494,.T.);
#496= IFCFACE((#495));
#497= IFCPOLYLOOP((#457,#469,#470,#458));
#498= IFCFACEOUTERBOUND(#497,.T.);
#499= IFCFACE((#498));
#500= IFCPOLYLOOP((#458,#470,#471,#459));
#501= IFCFACEOUTERBOUND(#500,.T.);
#502= IFCFACE((#501));
#503= IFCPOLYLOOP((#459,#471,#472,#460));
#504= IFCFACEOUTERBOUND(#503,.T.);
#505= IFCFACE((#504));
#506= IFCPOLYLOOP((#460,#472,#473,#461));
#507= IFCFACEOUTERBOUND(#506,.T.);
#508= IFCFACE((#507));
#509= IFCPOLYLOOP((#461,#473,#474,#462));
#510= IFCFACEOUTERBOUND(#509,.T.);
#511= IFCFACE((#510));
#512= IFCPOLYLOOP((#462,#474,#475,#463));
#513= IFCFACEOUTERBOUND(#512,.T.);
#514= IFCFACE((#513));
#515= IFCPOLYLOOP((#463,#475,#464,#452));
#516= IFCFACEOUTERBOUND(#515,.T.);
#517= IFCFACE((#516));
#518= IFCCARTESIANPOINT((13.,-20.0999999987813,0.));
#519= IFCCARTESIANPOINT((11.2583302491975,-20.0999999987813,6.50000000000039));
#520= IFCCARTESIANPOINT((6.49999999999922,-20.0999999987813,11.2583302491982));
#521= IFCCARTESIANPOINT((-1.34723677608042E-12,-20.0999999987813,13.));
#522= IFCCARTESIANPOINT((-6.50000000000155,-20.0999999987813,11.2583302491968));
#523= IFCCARTESIANPOINT((-11.2583302491988,-20.0999999987813,6.49999999999806));
#524= IFCCARTESIANPOINT((-13.,-20.0999999987813,-2.69447355216084E-12));
#525= IFCCARTESIANPOINT((-11.2583302491961,-20.0999999987813,-6.50000000000272));
#526= IFCCARTESIANPOINT((-6.4999999999969,-20.0999999987813,-11.2583302491995));
#527= IFCCARTESIANPOINT((4.02727742892113E-12,-20.0999999987813,-13.));
#528= IFCCARTESIANPOINT((6.50000000000388,-20.0999999987813,-11.2583302491955));
#529= IFCCARTESIANPOINT((11.2583302492002,-20.0999999987813,-6.49999999999573));
#530= IFCCARTESIANPOINT((13.,1.21872290037572E-09,0.));
#531= IFCCARTESIANPOINT((11.2583302491975,1.21872290037572E-09,6.50000000000039));
#532= IFCCARTESIANPOINT((6.49999999999922,1.21872290037572E-09,11.2583302491982));
#533= IFCCARTESIANPOINT((-1.34723677608042E-12,1.21872290037572E-09,13.));
#534= IFCCARTESIANPOINT((-6.50000000000155,1.21872290037572E-09,11.2583302491968));
#535= IFCCARTESIANPOINT((-11.2583302491988,1.21872290037572E-09,6.49999999999806));
#536= IFCCARTESIANPOINT((-13.,1.21872290037572E-09,-2.69447355216084E-12));
#537= IFCCARTESIANPOINT((-11.2583302491961,1.21872290037572E-09,-6.50000000000272));
#538= IFCCARTESIANPOINT((-6.4999999999969,1.21872290037572E-09,-11.2583302491995));
#539= IFCCARTESIANPOINT((4.02727742892113E-12,1.21872290037572E-09,-13.));
#540= IFCCARTESIANPOINT((6.50000000000388,1.21872290037572E-09,-11.2583302491955));
#541= IFCCARTESIANPOINT((11.2583302492002,1.21872290037572E-09,-6.49999999999573));
#542= IFCPOLYLOOP((#518,#519,#520,#521,#522,#523,#524,#525,#526,#527,#528,#529));
#543= IFCFACEOUTERBOUND(#542,.T.);
#544= IFCFACE((#543));
#545= IFCPOLYLOOP((#541,#540,#539,#538,#537,#536,#535,#534,#533,#532,#531,#530));
#546= IFCFACEOUTERBOUND(#545,.T.);
#547= IFCFACE((#546));
#548= IFCPOLYLOOP((#518,#530,#531,#519));
#549= IFCFACEOUTERBOUND(#548,.T.);
#550= IFCFACE((#549));
#551= IFCPOLYLOOP((#519,#531,#532,#520));
#552= IFCFACEOUTERBOUND(#551,.T.);
#553= IFCFACE((#552));
#554= IFCPOLYLOOP((#520,#532,#533,#521));
#555= IFCFACEOUTERBOUND(#554,.T.);
#556= IFCFACE((#555));
#557= IFCPOLYLOOP((#521,#533,#534,#522));
#558= IFCFACEOUTERBOUND(#557,.T.);
#559= IFCFACE((#558));
#560= IFCPOLYLOOP((#522,#534,#535,#523));
#561= IFCFACEOUTERBOUND(#560,.T.);
#562= IFCFACE((#561));
#563= IFCPOLYLOOP((#523,#535,#536,#524));
#564= IFCFACEOUTERBOUND(#563,.T.);
#565= IFCFACE((#564));
#566= IFCPOLYLOOP((#524,#536,#537,#525));
#567= IFCFACEOUTERBOUND(#566,.T.);
#568= IFCFACE((#567));
#569= IFCPOLYLOOP((#525,#537,#538,#526));
#570= IFCFACEOUTERBOUND(#569,.T.);
#571= IFCFACE((#570));
#572= IFCPOLYLOOP((#526,#538,#539,#527));
#573= IFCFACEOUTERBOUND(#572,.T.);
#574= IFCFACE((#573));
#575= IFCPOLYLOOP((#527,#539,#540,#528));
#576= IFCFACEOUTERBOUND(#575,.T.);
#577= IFCFACE((#576));
#578= IFCPOLYLOOP((#528,#540,#541,#529));
#579= IFCFACEOUTERBOUND(#578,.T.);
#580= IFCFACE((#579));
#581= IFCPOLYLOOP((#529,#541,#530,#518));
#582= IFCFACEOUTERBOUND(#581,.T.);
#583= IFCFACE((#582));
#584= IFCCARTESIANPOINT((20.7846096908265,-63.7654931628329,0.));
#585= IFCCARTESIANPOINT((10.3923048454133,-63.7654931628329,18.));
#586= IFCCARTESIANPOINT((-10.3923048454133,-63.7654931628329,18.));
#587= IFCCARTESIANPOINT((-20.7846096908265,-63.7654931628329,2.54538057293978E-15));
#588= IFCCARTESIANPOINT((-10.3923048454133,-63.7654931628329,-18.));
#589= IFCCARTESIANPOINT((10.3923048454132,-63.7654931628329,-18.));
#590= IFCCARTESIANPOINT((20.7846096908265,-47.9254931628329,0.));
#591= IFCCARTESIANPOINT((10.3923048454133,-47.9254931628329,18.));
#592= IFCCARTESIANPOINT((-10.3923048454133,-47.9254931628329,18.));
#593= IFCCARTESIANPOINT((-20.7846096908265,-47.9254931628329,2.54538057293978E-15));
#594= IFCCARTESIANPOINT((-10.3923048454133,-47.9254931628329,-18.));
#595= IFCCARTESIANPOINT((10.3923048454132,-47.9254931628329,-18.));
#596= IFCPOLYLOOP((#584,#585,#586,#587,#588,#589));
#597= IFCFACEOUTERBOUND(#596,.T.);
#598= IFCFACE((#597));
#599= IFCPOLYLOOP((#595,#594,#593,#592,#591,#590));
#600= IFCFACEOUTERBOUND(#599,.T.);
#601= IFCFACE((#600));
#602= IFCPOLYLOOP((#584,#590,#591,#585));
#603= IFCFACEOUTERBOUND(#602,.T.);
#604= IFCFACE((#603));
#605= IFCPOLYLOOP((#585,#591,#592,#586));
#606= IFCFACEOUTERBOUND(#605,.T.);
#607= IFCFACE((#606));
#608= IFCPOLYLOOP((#586,#592,#593,#587));
#609= IFCFACEOUTERBOUND(#608,.T.);
#610= IFCFACE((#609));
#611= IFCPOLYLOOP((#587,#593,#594,#588));
#612= IFCFACEOUTERBOUND(#611,.T.);
#613= IFCFACE((#612));
#614= IFCPOLYLOOP((#588,#594,#595,#589));
#615= IFCFACEOUTERBOUND(#614,.T.);
#616= IFCFACE((#615));
#617= IFCPOLYLOOP((#589,#595,#590,#584));
#618= IFCFACEOUTERBOUND(#617,.T.);
#619= IFCFACE((#618));
#620= IFCCARTESIANPOINT((12.,-47.9254931628329,0.));
#621= IFCCARTESIANPOINT((10.3923048454131,-47.9254931628329,6.00000000000036));
#622= IFCCARTESIANPOINT((5.99999999999928,-47.9254931628329,10.3923048454137));
#623= IFCCARTESIANPOINT((-1.24360317792039E-12,-47.9254931628329,12.));
#624= IFCCARTESIANPOINT((-6.00000000000143,-47.9254931628329,10.3923048454124));
#625= IFCCARTESIANPOINT((-10.3923048454143,-47.9254931628329,5.99999999999821));
#626= IFCCARTESIANPOINT((-12.,-47.9254931628329,-2.48720635584077E-12));
#627= IFCCARTESIANPOINT((-10.3923048454118,-47.9254931628329,-6.00000000000251));
#628= IFCCARTESIANPOINT((-5.99999999999713,-47.9254931628329,-10.3923048454149));
#629= IFCCARTESIANPOINT((3.71748685746566E-12,-47.9254931628329,-12.));
#630= IFCCARTESIANPOINT((6.00000000000358,-47.9254931628329,-10.3923048454112));
#631= IFCCARTESIANPOINT((10.3923048454155,-47.9254931628329,-5.99999999999605));
#632= IFCCARTESIANPOINT((12.,37.0745068371671,0.));
#633= IFCCARTESIANPOINT((10.3923048454131,37.0745068371671,6.00000000000036));
#634= IFCCARTESIANPOINT((5.99999999999928,37.0745068371671,10.3923048454137));
#635= IFCCARTESIANPOINT((-1.24360317792039E-12,37.0745068371671,12.));
#636= IFCCARTESIANPOINT((-6.00000000000143,37.0745068371671,10.3923048454124));
#637= IFCCARTESIANPOINT((-10.3923048454143,37.0745068371671,5.99999999999821));
#638= IFCCARTESIANPOINT((-12.,37.0745068371671,-2.48720635584077E-12));
#639= IFCCARTESIANPOINT((-10.3923048454118,37.0745068371671,-6.00000000000251));
#640= IFCCARTESIANPOINT((-5.99999999999713,37.0745068371671,-10.3923048454149));
#641= IFCCARTESIANPOINT((3.71748685746566E-12,37.0745068371671,-12.));
#642= IFCCARTESIANPOINT((6.00000000000358,37.0745068371671,-10.3923048454112));
#643= IFCCARTESIANPOINT((10.3923048454155,37.0745068371671,-5.99999999999605));
#644= IFCPOLYLOOP((#620,#621,#622,#623,#624,#625,#626,#627,#628,#629,#630,#631));
#645= IFCFACEOUTERBOUND(#644,.T.);
#646= IFCFACE((#645));
#647= IFCPOLYLOOP((#643,#642,#641,#640,#639,#638,#637,#636,#635,#634,#633,#632));
#648= IFCFACEOUTERBOUND(#647,.T.);
#649= IFCFACE((#648));
#650= IFCPOLYLOOP((#620,#632,#633,#621));
#651= IFCFACEOUTERBOUND(#650,.T.);
#652= IFCFACE((#651));
#653= IFCPOLYLOOP((#621,#633,#634,#622));
#654= IFCFACEOUTERBOUND(#653,.T.);
#655= IFCFACE((#654));
#656= IFCPOLYLOOP((#622,#634,#635,#623));
#657= IFCFACEOUTERBOUND(#656,.T.);
#658= IFCFACE((#657));
#659= IFCPOLYLOOP((#623,#635,#636,#624));
#660= IFCFACEOUTERBOUND(#659,.T.);
#661= IFCFACE((#660));
#662= IFCPOLYLOOP((#624,#636,#637,#625));
#663= IFCFACEOUTERBOUND(#662,.T.);
#664= IFCFACE((#663));
#665= IFCPOLYLOOP((#625,#637,#638,#626));
#666= IFCFACEOUTERBOUND(#665,.T.);
#667= IFCFACE((#666));
#668= IFCPOLYLOOP((#626,#638,#639,#627));
#669= IFCFACEOUTERBOUND(#668,.T.);
#670= IFCFACE((#669));
#671= IFCPOLYLOOP((#627,#639,#640,#628));
#672= IFCFACEOUTERBOUND(#671,.T.);
#673= IFCFACE((#672));
#674= IFCPOLYLOOP((#628,#640,#641,#629));
#675= IFCFACEOUTERBOUND(#674,.T.);
#676= IFCFACE((#675));
#677= IFCPOLYLOOP((#629,#641,#642,#630));
#678= IFCFACEOUTERBOUND(#677,.T.);
#679= IFCFACE((#678));
#680= IFCPOLYLOOP((#630,#642,#643,#631));
#681= IFCFACEOUTERBOUND(#680,.T.);
#682= IFCFACE((#681));
#683= IFCPOLYLOOP((#631,#643,#632,#620));
#684= IFCFACEOUTERBOUND(#683,.T.);
#685= IFCFACE((#684));
#686= IFCCARTESIANPOINT((21.6,-47.9254931628329,0.));
#687= IFCCARTESIANPOINT((18.7061487217435,-47.9254931628329,10.8000000000006));
#688= IFCCARTESIANPOINT((10.7999999999987,-47.9254931628329,18.7061487217446));
#689= IFCCARTESIANPOINT((-2.2384857202567E-12,-47.9254931628329,21.6));
#690= IFCCARTESIANPOINT((-10.8000000000026,-47.9254931628329,18.7061487217424));
#691= IFCCARTESIANPOINT((-18.7061487217457,-47.9254931628329,10.7999999999968));
#692= IFCCARTESIANPOINT((-21.6,-47.9254931628329,-4.47697144051339E-12));
#693= IFCCARTESIANPOINT((-18.7061487217413,-47.9254931628329,-10.8000000000045));
#694= IFCCARTESIANPOINT((-10.7999999999948,-47.9254931628329,-18.7061487217469));
#695= IFCCARTESIANPOINT((6.69147634343819E-12,-47.9254931628329,-21.6));
#696= IFCCARTESIANPOINT((10.8000000000064,-47.9254931628329,-18.7061487217402));
#697= IFCCARTESIANPOINT((18.706148721748,-47.9254931628329,-10.7999999999929));
#698= IFCCARTESIANPOINT((21.6,-40.0054931628329,0.));
#699= IFCCARTESIANPOINT((18.7061487217435,-40.0054931628329,10.8000000000006));
#700= IFCCARTESIANPOINT((10.7999999999987,-40.0054931628329,18.7061487217446));
#701= IFCCARTESIANPOINT((-2.2384857202567E-12,-40.0054931628329,21.6));
#702= IFCCARTESIANPOINT((-10.8000000000026,-40.0054931628329,18.7061487217424));
#703= IFCCARTESIANPOINT((-18.7061487217457,-40.0054931628329,10.7999999999968));
#704= IFCCARTESIANPOINT((-21.6,-40.0054931628329,-4.47697144051339E-12));
#705= IFCCARTESIANPOINT((-18.7061487217413,-40.0054931628329,-10.8000000000045));
#706= IFCCARTESIANPOINT((-10.7999999999948,-40.0054931628329,-18.7061487217469));
#707= IFCCARTESIANPOINT((6.69147634343819E-12,-40.0054931628329,-21.6));
#708= IFCCARTESIANPOINT((10.8000000000064,-40.0054931628329,-18.7061487217402));
#709= IFCCARTESIANPOINT((18.706148721748,-40.0054931628329,-10.7999999999929));
#710= IFCPOLYLOOP((#686,#687,#688,#689,#690,#691,#692,#693,#694,#695,#696,#697));
#711= IFCFACEOUTERBOUND(#710,.T.);
#712= IFCFACE((#711));
#713= IFCPOLYLOOP((#709,#708,#707,#706,#705,#704,#703,#702,#701,#700,#699,#698));
#714= IFCFACEOUTERBOUND(#713,.T.);
#715= IFCFACE((#714));
#716= IFCPOLYLOOP((#686,#698,#699,#687));
#717= IFCFACEOUTERBOUND(#716,.T.);
#718= IFCFACE((#717));
#719= IFCPOLYLOOP((#687,#699,#700,#688));
#720= IFCFACEOUTERBOUND(#719,.T.);
#721= IFCFACE((#720));
#722= IFCPOLYLOOP((#688,#700,#701,#689));
#723= IFCFACEOUTERBOUND(#722,.T.);
#724= IFCFACE((#723));
#725= IFCPOLYLOOP((#689,#701,#702,#690));
#726= IFCFACEOUTERBOUND(#725,.T.);
#727= IFCFACE((#726));
#728= IFCPOLYLOOP((#690,#702,#703,#691));
#729= IFCFACEOUTERBOUND(#728,.T.);
#730= IFCFACE((#729));
#731= IFCPOLYLOOP((#691,#703,#704,#692));
#732= IFCFACEOUTERBOUND(#731,.T.);
#733= IFCFACE((#732));
#734= IFCPOLYLOOP((#692,#704,#705,#693));
#735= IFCFACEOUTERBOUND(#734,.T.);
#736= IFCFACE((#735));
#737= IFCPOLYLOOP((#693,#705,#706,#694));
#738= IFCFACEOUTERBOUND(#737,.T.);
#739= IFCFACE((#738));
#740= IFCPOLYLOOP((#694,#706,#707,#695));
#741= IFCFACEOUTERBOUND(#740,.T.);
#742= IFCFACE((#741));
#743= IFCPOLYLOOP((#695,#707,#708,#696));
#744= IFCFACEOUTERBOUND(#743,.T.);
#745= IFCFACE((#744));
#746= IFCPOLYLOOP((#696,#708,#709,#697));
#747= IFCFACEOUTERBOUND(#746,.T.);
#748= IFCFACE((#747));
#749= IFCPOLYLOOP((#697,#709,#698,#686));
#750= IFCFACEOUTERBOUND(#749,.T.);
#751= IFCFACE((#750));
#752= IFCCARTESIANPOINT((21.6,1.21872290037572E-09,0.));
#753= IFCCARTESIANPOINT((18.7061487217435,1.21872290037572E-09,10.8000000000006));
#754= IFCCARTESIANPOINT((10.7999999999987,1.21872290037572E-09,18.7061487217446));
#755= IFCCARTESIANPOINT((-2.2384857202567E-12,1.21872290037572E-09,21.6));
#756= IFCCARTESIANPOINT((-10.8000000000026,1.21872290037572E-09,18.7061487217424));
#757= IFCCARTESIANPOINT((-18.7061487217457,1.21872290037572E-09,10.7999999999968));
#758= IFCCARTESIANPOINT((-21.6,1.21872290037572E-09,-4.47697144051339E-12));
#759= IFCCARTESIANPOINT((-18.7061487217413,1.21872290037572E-09,-10.8000000000045));
#760= IFCCARTESIANPOINT((-10.7999999999948,1.21872290037572E-09,-18.7061487217469));
#761= IFCCARTESIANPOINT((6.69147634343819E-12,1.21872290037572E-09,-21.6));
#762= IFCCARTESIANPOINT((10.8000000000064,1.21872290037572E-09,-18.7061487217402));
#763= IFCCARTESIANPOINT((18.706148721748,1.21872290037572E-09,-10.7999999999929));
#764= IFCCARTESIANPOINT((21.6,7.92000000121872,0.));
#765= IFCCARTESIANPOINT((18.7061487217435,7.92000000121872,10.8000000000006));
#766= IFCCARTESIANPOINT((10.7999999999987,7.92000000121872,18.7061487217446));
#767= IFCCARTESIANPOINT((-2.2384857202567E-12,7.92000000121872,21.6));
#768= IFCCARTESIANPOINT((-10.8000000000026,7.92000000121872,18.7061487217424));
#769= IFCCARTESIANPOINT((-18.7061487217457,7.92000000121872,10.7999999999968));
#770= IFCCARTESIANPOINT((-21.6,7.92000000121872,-4.47697144051339E-12));
#771= IFCCARTESIANPOINT((-18.7061487217413,7.92000000121872,-10.8000000000045));
#772= IFCCARTESIANPOINT((-10.7999999999948,7.92000000121872,-18.7061487217469));
#773= IFCCARTESIANPOINT((6.69147634343819E-12,7.92000000121872,-21.6));
#774= IFCCARTESIANPOINT((10.8000000000064,7.92000000121872,-18.7061487217402));
#775= IFCCARTESIANPOINT((18.706148721748,7.92000000121872,-10.7999999999929));
#776= IFCPOLYLOOP((#752,#753,#754,#755,#756,#757,#758,#759,#760,#761,#762,#763));
#777= IFCFACEOUTERBOUND(#776,.T.);
#778= IFCFACE((#777));
#779= IFCPOLYLOOP((#775,#774,#773,#772,#771,#770,#769,#768,#767,#766,#765,#764));
#780= IFCFACEOUTERBOUND(#779,.T.);
#781= IFCFACE((#780));
#782= IFCPOLYLOOP((#752,#764,#765,#753));
#783= IFCFACEOUTERBOUND(#782,.T.);
#784= IFCFACE((#783));
#785= IFCPOLYLOOP((#753,#765,#766,#754));
#786= IFCFACEOUTERBOUND(#785,.T.);
#787= IFCFACE((#786));
#788= IFCPOLYLOOP((#754,#766,#767,#755));
#789= IFCFACEOUTERBOUND(#788,.T.);
#790= IFCFACE((#789));
#791= IFCPOLYLOOP((#755,#767,#768,#756));
#792= IFCFACEOUTERBOUND(#791,.T.);
#793= IFCFACE((#792));
#794= IFCPOLYLOOP((#756,#768,#769,#757));
#795= IFCFACEOUTERBOUND(#794,.T.);
#796= IFCFACE((#795));
#797= IFCPOLYLOOP((#757,#769,#770,#758));
#798= IFCFACEOUTERBOUND(#797,.T.);
#799= IFCFACE((#798));
#800= IFCPOLYLOOP((#758,#770,#771,#759));
#801= IFCFACEOUTERBOUND(#800,.T.);
#802= IFCFACE((#801));
#803= IFCPOLYLOOP((#759,#771,#772,#760));
#804= IFCFACEOUTERBOUND(#803,.T.);
#805= IFCFACE((#804));
#806= IFCPOLYLOOP((#760,#772,#773,#761));
#807= IFCFACEOUTERBOUND(#806,.T.);
#808= IFCFACE((#807));
#809= IFCPOLYLOOP((#761,#773,#774,#762));
#810= IFCFACEOUTERBOUND(#809,.T.);
#811= IFCFACE((#810));
#812= IFCPOLYLOOP((#762,#774,#775,#763));
#813= IFCFACEOUTERBOUND(#812,.T.);
#814= IFCFACE((#813));
#815= IFCPOLYLOOP((#763,#775,#764,#752));
#816= IFCFACEOUTERBOUND(#815,.T.);
#817= IFCFACE((#816));
#818= IFCCARTESIANPOINT((23.0016347245147,7.92000000121872,0.));
#819= IFCCARTESIANPOINT((11.5008173622573,7.92000000121872,19.92));
#820= IFCCARTESIANPOINT((-11.5008173622573,7.92000000121872,19.92));
#821= IFCCARTESIANPOINT((-23.0016347245147,7.92000000121872,2.81688783405335E-15));
#822= IFCCARTESIANPOINT((-11.5008173622574,7.92000000121872,-19.92));
#823= IFCCARTESIANPOINT((11.5008173622573,7.92000000121872,-19.92));
#824= IFCCARTESIANPOINT((23.0016347245147,23.7600000012187,0.));
#825= IFCCARTESIANPOINT((11.5008173622573,23.7600000012187,19.92));
#826= IFCCARTESIANPOINT((-11.5008173622573,23.7600000012187,19.92));
#827= IFCCARTESIANPOINT((-23.0016347245147,23.7600000012187,2.81688783405335E-15));
#828= IFCCARTESIANPOINT((-11.5008173622574,23.7600000012187,-19.92));
#829= IFCCARTESIANPOINT((11.5008173622573,23.7600000012187,-19.92));
#830= IFCPOLYLOOP((#818,#819,#820,#821,#822,#823));
#831= IFCFACEOUTERBOUND(#830,.T.);
#832= IFCFACE((#831));
#833= IFCPOLYLOOP((#829,#828,#827,#826,#825,#824));
#834= IFCFACEOUTERBOUND(#833,.T.);
#835= IFCFACE((#834));
#836= IFCPOLYLOOP((#818,#824,#825,#819));
#837= IFCFACEOUTERBOUND(#836,.T.);
#838= IFCFACE((#837));
#839= IFCPOLYLOOP((#819,#825,#826,#820));
#840= IFCFACEOUTERBOUND(#839,.T.);
#841= IFCFACE((#840));
#842= IFCPOLYLOOP((#820,#826,#827,#821));
#843= IFCFACEOUTERBOUND(#842,.T.);
#844= IFCFACE((#843));
#845= IFCPOLYLOOP((#821,#827,#828,#822));
#846= IFCFACEOUTERBOUND(#845,.T.);
#847= IFCFACE((#846));
#848= IFCPOLYLOOP((#822,#828,#829,#823));
#849= IFCFACEOUTERBOUND(#848,.T.);
#850= IFCFACE((#849));
#851= IFCPOLYLOOP((#823,#829,#824,#818));
#852= IFCFACEOUTERBOUND(#851,.T.);
#853= IFCFACE((#852));
#854= IFCCLOSEDSHELL((#598,#601,#604,#607,#610,#613,#616,#619,#646,#649,#652,#655,#658,#661,#664,#667,#670,#673,#676,#679,#682,#685,#712,#715,#718,#721,#724,#727,#730,#733,#736,#739,#742,#745,#748,#751,#778,#781,#784,#787,#790,#793,#796,#799,#802,#805,#808,#811,#814,#817,#832,#835,#838,#841,#844,#847,#850,#853));
#855= IFCFACETEDBREP(#854);
#856= IFCSTYLEDITEM(#855,(#339),$);
#857= IFCCLOSEDSHELL((#478,#481,#484,#487,#490,#493,#496,#499,#502,#505,#508,#511,#514,#517,#544,#547,#550,#553,#556,#559,#562,#565,#568,#571,#574,#577,#580,#583));
#858= IFCFACETEDBREP(#857);
#859= IFCSTYLEDITEM(#858,(#119),$);
#860= IFCSHAPEREPRESENTATION(#12,'Body','Brep',(#855,#858));
#861= IFCREPRESENTATIONMAP(#10,#860);
#862= IFCMAPPEDITEM(#861,#122);
#863= IFCSHAPEREPRESENTATION(#12,'Body','MappedRepresentation',(#862));
#864= IFCPRODUCTDEFINITIONSHAPE($,$,(#863));
#865= IFCCARTESIANPOINT((1170.0027466341,11215.0027465543,16579.9995422363));
#866= IFCDIRECTION((0.,0.,-1.));
#867= IFCAXIS2PLACEMENT3D(#865,#7,#866);
#868= IFCLOCALPLACEMENT(#42,#867);
#869= IFCMECHANICALFASTENER('3dNx05FbzAjhkS7502sJeE',#337,'Bolt assembly',$,$,#868,#864,'IDe75fb005-3e5f-4ab6-bb9c-1c5002d93a0e',24.,85.);
#870= IFCPROPERTYSINGLEVALUE('Washer count',$,IFCINTEGER(2),$);
#871= IFCPROPERTYSINGLEVALUE('Nut count',$,IFCINTEGER(1),$);
#872= IFCPROPERTYSINGLEVALUE('Bolt size',$,IFCLENGTHMEASURE(24.),$);
#873= IFCPROPERTYSINGLEVALUE('Bolt length',$,IFCLENGTHMEASURE(85.),$);
#874= IFCPROPERTYSET('1nazMlQQf4sgLVsnAX$KiV',#5,'Tekla Bolt','Bolt Properties',(#870,#443,#137,#138,#871,#140,#141,#142,#143,#445,#145,#146,#872,#873,#449,#150));
#875= IFCMAPPEDITEM(#861,#122);
#876= IFCSHAPEREPRESENTATION(#12,'Body','MappedRepresentation',(#875));
#877= IFCPRODUCTDEFINITIONSHAPE($,$,(#876));
#878= IFCCARTESIANPOINT((1290.00274663409,11215.0027465548,16579.9995422363));
#879= IFCAXIS2PLACEMENT3D(#878,#7,#866);
#880= IFCLOCALPLACEMENT(#42,#879);
#881= IFCMECHANICALFASTENER('1tLkWAXW94mQzoPykbLOin',#337,'Bolt assembly',$,$,#880,#877,'ID7756e80a-8602-44c1-af72-67cba5558b31',24.,85.);
#882= IFCMAPPEDITEM(#861,#122);
#883= IFCSHAPEREPRESENTATION(#12,'Body','MappedRepresentation',(#882));
#884= IFCPRODUCTDEFINITIONSHAPE($,$,(#883));
#885= IFCCARTESIANPOINT((1410.00274663407,11215.0027465552,16579.9995422363));
#886= IFCAXIS2PLACEMENT3D(#885,#7,#866);
#887= IFCLOCALPLACEMENT(#42,#886);
#888= IFCMECHANICALFASTENER('3ddfJlRYbFOfu79wUQAyiJ',#337,'Bolt assembly',$,$,#887,#884,'IDe79e94ef-6e29-4f62-9e07-27a79a2bcb13',24.,85.);
#889= IFCMAPPEDITEM(#861,#122);
#890= IFCSHAPEREPRESENTATION(#12,'Body','MappedRepresentation',(#889));
#891= IFCPRODUCTDEFINITIONSHAPE($,$,(#890));
#892= IFCCARTESIANPOINT((1170.0027466341,11215.0027465543,16699.9995422363));
#893= IFCAXIS2PLACEMENT3D(#892,#7,#866);
#894= IFCLOCALPLACEMENT(#42,#893);
#895= IFCMECHANICALFASTENER('1iqnf0anrFnuufNXJwvqPk',#337,'Bolt assembly',$,$,#894,#891,'ID6cd31a40-931d-4fc7-8e29-5e14fae7466e',24.,85.);
#896= IFCMAPPEDITEM(#861,#122);
#897= IFCSHAPEREPRESENTATION(#12,'Body','MappedRepresentation',(#896));
#898= IFCPRODUCTDEFINITIONSHAPE($,$,(#897));
#899= IFCCARTESIANPOINT((1410.00274663407,11215.0027465552,16699.9995422363));
#900= IFCAXIS2PLACEMENT3D(#899,#7,#866);
#901= IFCLOCALPLACEMENT(#42,#900);
#902= IFCMECHANICALFASTENER('1zn$RIozn3DgwjBS9VotxT',#337,'Bolt assembly',$,$,#901,#898,'ID7dc7f6d2-cbdc-4336-aead-2dc25fcb7edd',24.,85.);
#903= IFCMAPPEDITEM(#861,#122);
#904= IFCSHAPEREPRESENTATION(#12,'Body','MappedRepresentation',(#903));
#905= IFCPRODUCTDEFINITIONSHAPE($,$,(#904));
#906= IFCCARTESIANPOINT((1170.0027466341,11215.0027465543,16814.9995422363));
#907= IFCAXIS2PLACEMENT3D(#906,#7,#866);
#908= IFCLOCALPLACEMENT(#42,#907);
#909= IFCMECHANICALFASTENER('0FZRWpf0P5ReQVgLxaIdta',#337,'Bolt assembly',$,$,#908,#905,'ID0f8db833-a406-456e-869f-a95ee44a7de4',24.,85.);
#910= IFCMAPPEDITEM(#861,#122);
#911= IFCSHAPEREPRESENTATION(#12,'Body','MappedRepresentation',(#910));
#912= IFCPRODUCTDEFINITIONSHAPE($,$,(#911));
#913= IFCCARTESIANPOINT((1410.00274663407,11215.0027465552,16814.9995422363));
#914= IFCAXIS2PLACEMENT3D(#913,#7,#866);
#915= IFCLOCALPLACEMENT(#42,#914);
#916= IFCMECHANICALFASTENER('34iDXCOAbCKOlhLn$1_2mI',#337,'Bolt assembly',$,$,#915,#912,'IDc4b0d84c-60a9-4c51-8beb-571fc1f82c12',24.,85.);
#917= IFCMAPPEDITEM(#861,#122);
#918= IFCSHAPEREPRESENTATION(#12,'Body','MappedRepresentation',(#917));
#919= IFCPRODUCTDEFINITIONSHAPE($,$,(#918));
#920= IFCCARTESIANPOINT((1170.0027466341,11215.0027465543,16929.9995422363));
#921= IFCAXIS2PLACEMENT3D(#920,#7,#866);
#922= IFCLOCALPLACEMENT(#42,#921);
#923= IFCMECHANICALFASTENER('1dwr0Vc0j3MgqD62hFp9Na',#337,'Bolt assembly',$,$,#922,#919,'ID67eb501f-980b-435a-ad0d-182acfcc95e4',24.,85.);
#924= IFCMAPPEDITEM(#861,#122);
#925= IFCSHAPEREPRESENTATION(#12,'Body','MappedRepresentation',(#924));
#926= IFCPRODUCTDEFINITIONSHAPE($,$,(#925));
#927= IFCCARTESIANPOINT((1290.00274663409,11215.0027465548,16929.9995422363));
#928= IFCAXIS2PLACEMENT3D(#927,#7,#866);
#929= IFCLOCALPLACEMENT(#42,#928);
#930= IFCMECHANICALFASTENER('29Wlxx5PL9cexqhwAmxq7x',#337,'Bolt assembly',$,$,#929,#926,'ID8982fefb-1595-499a-8ef4-afa2b0ef41fb',24.,85.);
#931= IFCMAPPEDITEM(#861,#122);
#932= IFCSHAPEREPRESENTATION(#12,'Body','MappedRepresentation',(#931));
#933= IFCPRODUCTDEFINITIONSHAPE($,$,(#932));
#934= IFCCARTESIANPOINT((1410.00274663407,11215.0027465552,16929.9995422363));
#935= IFCAXIS2PLACEMENT3D(#934,#7,#866);
#936= IFCLOCALPLACEMENT(#42,#935);
#937= IFCMECHANICALFASTENER('2Kh5oCVJ5E4wW_$q$vXZDJ',#337,'Bolt assembly',$,$,#936,#933,'ID94ac5c8c-7d31-4e13-a83e-ff4ff9863353',24.,85.);
#938= IFCCOLOURRGB('Dark Gray',0.709803921568627,0.403921568627451,0.2);
#939= IFCSURFACESTYLERENDERING(#938,0.,$,$,$,$,IFCNORMALISEDRATIOMEASURE(0.00390625),IFCSPECULAREXPONENT(10.),.NOTDEFINED.);
#940= IFCSURFACESTYLE('STEEL/S275',.POSITIVE.,(#939));
#941= IFCPRESENTATIONSTYLEASSIGNMENT((#940));
#942= IFCCARTESIANPOINT((1.81898940354586E-12,-5.,20.));
#943= IFCCARTESIANPOINT((5.45696821063757E-12,-5.,100.));
#944= IFCCARTESIANPOINT((5.45696821063757E-12,5.,100.));
#945= IFCCARTESIANPOINT((1.81898940354586E-12,5.,20.));
#946= IFCPOLYLOOP((#942,#943,#944,#945));
#947= IFCFACEOUTERBOUND(#946,.T.);
#948= IFCFACE((#947));
#949= IFCCARTESIANPOINT((3.90180644032807,-5.,100.384294391935));
#950= IFCCARTESIANPOINT((3.90180644032807,5.,100.384294391935));
#951= IFCPOLYLOOP((#943,#949,#950,#944));
#952= IFCFACEOUTERBOUND(#951,.T.);
#953= IFCFACE((#952));
#954= IFCCARTESIANPOINT((7.65366864730822,-5.,101.522409349774));
#955= IFCCARTESIANPOINT((7.65366864730822,5.,101.522409349774));
#956= IFCPOLYLOOP((#949,#954,#955,#950));
#957= IFCFACEOUTERBOUND(#956,.T.);
#958= IFCFACE((#957));
#959= IFCCARTESIANPOINT((11.111404660398,-5.,103.370607753949));
#960= IFCCARTESIANPOINT((11.111404660398,5.,103.370607753949));
#961= IFCPOLYLOOP((#954,#959,#960,#955));
#962= IFCFACEOUTERBOUND(#961,.T.);
#963= IFCFACE((#962));
#964= IFCCARTESIANPOINT((14.142135623737,-5.,105.857864376269));
#965= IFCCARTESIANPOINT((14.142135623737,5.,105.857864376269));
#966= IFCPOLYLOOP((#959,#964,#965,#960));
#967= IFCFACEOUTERBOUND(#966,.T.);
#968= IFCFACE((#967));
#969= IFCCARTESIANPOINT((16.6293922460573,-5.,108.888595339607));
#970= IFCCARTESIANPOINT((16.6293922460573,5.,108.888595339607));
#971= IFCPOLYLOOP((#964,#969,#970,#965));
#972= IFCFACEOUTERBOUND(#971,.T.);
#973= IFCFACE((#972));
#974= IFCCARTESIANPOINT((18.4775906502327,-5.,112.346331352698));
#975= IFCCARTESIANPOINT((18.4775906502327,5.,112.346331352698));
#976= IFCPOLYLOOP((#969,#974,#975,#970));
#977= IFCFACEOUTERBOUND(#976,.T.);
#978= IFCFACE((#977));
#979= IFCCARTESIANPOINT((19.6157056080719,-5.,116.098193559677));
#980= IFCCARTESIANPOINT((19.6157056080719,5.,116.098193559677));
#981= IFCPOLYLOOP((#974,#979,#980,#975));
#982= IFCFACEOUTERBOUND(#981,.T.);
#983= IFCFACE((#982));
#984= IFCCARTESIANPOINT((20.0000000000073,-5.,120.));
#985= IFCCARTESIANPOINT((20.0000000000073,5.,120.));
#986= IFCPOLYLOOP((#979,#984,#985,#980));
#987= IFCFACEOUTERBOUND(#986,.T.);
#988= IFCFACE((#987));
#989= IFCCARTESIANPOINT((110.,-5.,120.));
#990= IFCCARTESIANPOINT((110.,5.,120.));
#991= IFCPOLYLOOP((#984,#989,#990,#985));
#992= IFCFACEOUTERBOUND(#991,.T.);
#993= IFCFACE((#992));
#994= IFCCARTESIANPOINT((110.384294391935,-5.,116.098193559677));
#995= IFCCARTESIANPOINT((110.384294391935,5.,116.098193559677));
#996= IFCPOLYLOOP((#989,#994,#995,#990));
#997= IFCFACEOUTERBOUND(#996,.T.);
#998= IFCFACE((#997));
#999= IFCCARTESIANPOINT((111.522409349775,-5.,112.346331352698));
#1000= IFCCARTESIANPOINT((111.522409349775,5.,112.346331352698));
#1001= IFCPOLYLOOP((#994,#999,#1000,#995));
#1002= IFCFACEOUTERBOUND(#1001,.T.);
#1003= IFCFACE((#1002));
#1004= IFCCARTESIANPOINT((113.370607753948,-5.,108.888595339608));
#1005= IFCCARTESIANPOINT((113.370607753948,5.,108.888595339608));
#1006= IFCPOLYLOOP((#999,#1004,#1005,#1000));
#1007= IFCFACEOUTERBOUND(#1006,.T.);
#1008= IFCFACE((#1007));
#1009= IFCCARTESIANPOINT((115.857864376268,-5.,105.857864376269));
#1010= IFCCARTESIANPOINT((115.857864376268,5.,105.857864376269));
#1011= IFCPOLYLOOP((#1004,#1009,#1010,#1005));
#1012= IFCFACEOUTERBOUND(#1011,.T.);
#1013= IFCFACE((#1012));
#1014= IFCCARTESIANPOINT((118.888595339607,-5.,103.370607753949));
#1015= IFCCARTESIANPOINT((118.888595339607,5.,103.370607753949));
#1016= IFCPOLYLOOP((#1009,#1014,#1015,#1010));
#1017= IFCFACEOUTERBOUND(#1016,.T.);
#1018= IFCFACE((#1017));
#1019= IFCCARTESIANPOINT((122.346331352699,-5.,101.522409349774));
#1020= IFCCARTESIANPOINT((122.346331352699,5.,101.522409349774));
#1021= IFCPOLYLOOP((#1014,#1019,#1020,#1015));
#1022= IFCFACEOUTERBOUND(#1021,.T.);
#1023= IFCFACE((#1022));
#1024= IFCCARTESIANPOINT((126.098193559677,-5.,100.384294391935));
#1025= IFCCARTESIANPOINT((126.098193559677,5.,100.384294391935));
#1026= IFCPOLYLOOP((#1019,#1024,#1025,#1020));
#1027= IFCFACEOUTERBOUND(#1026,.T.);
#1028= IFCFACE((#1027));
#1029= IFCCARTESIANPOINT((130.,-5.,100.));
#1030= IFCCARTESIANPOINT((130.,5.,100.));
#1031= IFCPOLYLOOP((#1024,#1029,#1030,#1025));
#1032= IFCFACEOUTERBOUND(#1031,.T.);
#1033= IFCFACE((#1032));
#1034= IFCCARTESIANPOINT((130.,-5.,20.));
#1035= IFCCARTESIANPOINT((130.,5.,20.));
#1036= IFCPOLYLOOP((#1029,#1034,#1035,#1030));
#1037= IFCFACEOUTERBOUND(#1036,.T.);
#1038= IFCFACE((#1037));
#1039= IFCCARTESIANPOINT((126.098193559677,-5.,19.6157056080647));
#1040= IFCCARTESIANPOINT((126.098193559677,5.,19.6157056080647));
#1041= IFCPOLYLOOP((#1034,#1039,#1040,#1035));
#1042= IFCFACEOUTERBOUND(#1041,.T.);
#1043= IFCFACE((#1042));
#1044= IFCCARTESIANPOINT((122.346331352699,-5.,18.4775906502257));
#1045= IFCCARTESIANPOINT((122.346331352699,5.,18.4775906502257));
#1046= IFCPOLYLOOP((#1039,#1044,#1045,#1040));
#1047= IFCFACEOUTERBOUND(#1046,.T.);
#1048= IFCFACE((#1047));
#1049= IFCCARTESIANPOINT((118.888595339607,-5.,16.6293922460509));
#1050= IFCCARTESIANPOINT((118.888595339607,5.,16.6293922460509));
#1051= IFCPOLYLOOP((#1044,#1049,#1050,#1045));
#1052= IFCFACEOUTERBOUND(#1051,.T.);
#1053= IFCFACE((#1052));
#1054= IFCCARTESIANPOINT((115.857864376268,-5.,14.1421356237308));
#1055= IFCCARTESIANPOINT((115.857864376268,5.,14.1421356237308));
#1056= IFCPOLYLOOP((#1049,#1054,#1055,#1050));
#1057= IFCFACEOUTERBOUND(#1056,.T.);
#1058= IFCFACE((#1057));
#1059= IFCCARTESIANPOINT((113.370607753948,-5.,11.1114046603921));
#1060= IFCCARTESIANPOINT((113.370607753948,5.,11.1114046603921));
#1061= IFCPOLYLOOP((#1054,#1059,#1060,#1055));
#1062= IFCFACEOUTERBOUND(#1061,.T.);
#1063= IFCFACE((#1062));
#1064= IFCCARTESIANPOINT((111.522409349775,-5.,7.65366864730186));
#1065= IFCCARTESIANPOINT((111.522409349775,5.,7.65366864730186));
#1066= IFCPOLYLOOP((#1059,#1064,#1065,#1060));
#1067= IFCFACEOUTERBOUND(#1066,.T.);
#1068= IFCFACE((#1067));
#1069= IFCCARTESIANPOINT((110.384294391935,-5.,3.90180644032262));
#1070= IFCCARTESIANPOINT((110.384294391935,5.,3.90180644032262));
#1071= IFCPOLYLOOP((#1064,#1069,#1070,#1065));
#1072= IFCFACEOUTERBOUND(#1071,.T.);
#1073= IFCFACE((#1072));
#1074= IFCCARTESIANPOINT((110.,-5.,0.));
#1075= IFCCARTESIANPOINT((110.,5.,0.));
#1076= IFCPOLYLOOP((#1069,#1074,#1075,#1070));
#1077= IFCFACEOUTERBOUND(#1076,.T.);
#1078= IFCFACE((#1077));
#1079= IFCCARTESIANPOINT((20.,-5.,0.));
#1080= IFCCARTESIANPOINT((20.,5.,0.));
#1081= IFCPOLYLOOP((#1074,#1079,#1080,#1075));
#1082= IFCFACEOUTERBOUND(#1081,.T.);
#1083= IFCFACE((#1082));
#1084= IFCCARTESIANPOINT((19.6157056080647,-5.,3.90180644032239));
#1085= IFCCARTESIANPOINT((19.6157056080647,5.,3.90180644032239));
#1086= IFCPOLYLOOP((#1079,#1084,#1085,#1080));
#1087= IFCFACEOUTERBOUND(#1086,.T.);
#1088= IFCFACE((#1087));
#1089= IFCCARTESIANPOINT((18.4775906502255,-5.,7.65366864730163));
#1090= IFCCARTESIANPOINT((18.4775906502255,5.,7.65366864730163));
#1091= IFCPOLYLOOP((#1084,#1089,#1090,#1085));
#1092= IFCFACEOUTERBOUND(#1091,.T.);
#1093= IFCFACE((#1092));
#1094= IFCCARTESIANPOINT((16.6293922460518,-5.,11.1114046603916));
#1095= IFCCARTESIANPOINT((16.6293922460518,5.,11.1114046603916));
#1096= IFCPOLYLOOP((#1089,#1094,#1095,#1090));
#1097= IFCFACEOUTERBOUND(#1096,.T.);
#1098= IFCFACE((#1097));
#1099= IFCCARTESIANPOINT((14.1421356237315,-5.,14.1421356237306));
#1100= IFCCARTESIANPOINT((14.1421356237315,5.,14.1421356237306));
#1101= IFCPOLYLOOP((#1094,#1099,#1100,#1095));
#1102= IFCFACEOUTERBOUND(#1101,.T.);
#1103= IFCFACE((#1102));
#1104= IFCCARTESIANPOINT((11.1114046603925,-5.,16.6293922460504));
#1105= IFCCARTESIANPOINT((11.1114046603925,5.,16.6293922460504));
#1106= IFCPOLYLOOP((#1099,#1104,#1105,#1100));
#1107= IFCFACEOUTERBOUND(#1106,.T.);
#1108= IFCFACE((#1107));
#1109= IFCCARTESIANPOINT((7.65366864730277,-5.,18.4775906502255));
#1110= IFCCARTESIANPOINT((7.65366864730277,5.,18.4775906502255));
#1111= IFCPOLYLOOP((#1104,#1109,#1110,#1105));
#1112= IFCFACEOUTERBOUND(#1111,.T.);
#1113= IFCFACE((#1112));
#1114= IFCCARTESIANPOINT((3.90180644032444,-5.,19.6157056080644));
#1115= IFCCARTESIANPOINT((3.90180644032444,5.,19.6157056080644));
#1116= IFCPOLYLOOP((#1109,#1114,#1115,#1110));
#1117= IFCFACEOUTERBOUND(#1116,.T.);
#1118= IFCFACE((#1117));
#1119= IFCPOLYLOOP((#1114,#942,#945,#1115));
#1120= IFCFACEOUTERBOUND(#1119,.T.);
#1121= IFCFACE((#1120));
#1122= IFCPOLYLOOP((#950,#955,#960,#965,#970,#975,#980,#985,#990,#995,#1000,#1005,#1010,#1015,#1020,#1025,#1030,#1035,#1040,#1045,#1050,#1055,#1060,#1065,#1070,#1075,#1080,#1085,#1090,#1095,#1100,#1105,#1110,#1115,#945,#944));
#1123= IFCFACEOUTERBOUND(#1122,.T.);
#1124= IFCFACE((#1123));
#1125= IFCPOLYLOOP((#1114,#1109,#1104,#1099,#1094,#1089,#1084,#1079,#1074,#1069,#1064,#1059,#1054,#1049,#1044,#1039,#1034,#1029,#1024,#1019,#1014,#1009,#1004,#999,#994,#989,#984,#979,#974,#969,#964,#959,#954,#949,#943,#942));
#1126= IFCFACEOUTERBOUND(#1125,.T.);
#1127= IFCFACE((#1126));
#1128= IFCCLOSEDSHELL((#948,#953,#958,#963,#968,#973,#978,#983,#988,#993,#998,#1003,#1008,#1013,#1018,#1023,#1028,#1033,#1038,#1043,#1048,#1053,#1058,#1063,#1068,#1073,#1078,#1083,#1088,#1093,#1098,#1103,#1108,#1113,#1118,#1121,#1124,#1127));
#1129= IFCFACETEDBREP(#1128);
#1130= IFCSTYLEDITEM(#1129,(#941),$);
#1131= IFCSHAPEREPRESENTATION(#12,'Body','Brep',(#1129));
#1132= IFCPRODUCTDEFINITIONSHAPE($,$,(#1131));
#1133= IFCCARTESIANPOINT((1230.00274664229,11215.0027465545,16754.9995422363));
#1134= IFCAXIS2PLACEMENT3D(#1133,#7,#8);
#1135= IFCLOCALPLACEMENT(#42,#1134);
#1136= IFCPLATE('061VK2MgX9Yx4le_JiAc2Y',#44,'PLATE-10','PL10*120',$,#1135,#1132,'ID0605f502-5aa8-498b-b12f-a3e4ec2a60a2');
#1137= IFCPLATETYPE('3sMFVHNwT6av7BuAL5updk',#5,'PL10*120',$,$,$,$,$,$,.NOTDEFINED.);
#1138= IFCPROPERTYSINGLEVALUE('Bottom elevation',$,IFCLABEL(' +16.750'),$);
#1139= IFCPROPERTYSINGLEVALUE('Top elevation',$,IFCLABEL(' +16.760'),$);
#1140= IFCPROPERTYSINGLEVALUE('Initial GUID',$,$,$);
#1141= IFCPROPERTYSINGLEVALUE('Preliminary mark',$,IFCLABEL('5-2-P92'),$);
#1142= IFCPROPERTYSINGLEVALUE('Phase',$,IFCINTEGER(4),$);
#1143= IFCPROPERTYSINGLEVALUE('Class',$,IFCLABEL('22'),$);
#1144= IFCPROPERTYSET('3NrHeuBRXEqxB8D_ocVNyW',#5,'Tekla Common','Common Properties to Shared building elements',(#1138,#1139,#1140,#1141,#1142,#1143));
#1145= IFCPROPERTYSINGLEVALUE('Weight',$,IFCMASSMEASURE(1.13),$);
#1146= IFCPROPERTYSINGLEVALUE('Volume',$,IFCVOLUMEMEASURE(0.),$);
#1147= IFCPROPERTYSINGLEVALUE('Gross footprint area',$,IFCAREAMEASURE(0.014),$);
#1148= IFCPROPERTYSINGLEVALUE('Area per tons',$,IFCAREAMEASURE(29.609),$);
#1149= IFCPROPERTYSINGLEVALUE('Net surface area',$,IFCAREAMEASURE(0.033),$);
#1150= IFCPROPERTYSINGLEVALUE('Height',$,IFCLENGTHMEASURE(120.),$);
#1151= IFCPROPERTYSINGLEVALUE('Width',$,IFCLENGTHMEASURE(10.),$);
#1152= IFCPROPERTYSINGLEVALUE('Length',$,IFCLENGTHMEASURE(130.),$);
#1153= IFCPROPERTYSET('3z1oIHfMf9_8YRgkeuHePA',#5,'Tekla Quantity','Quantity Properties to Shared building elements',(#1145,#1146,#1147,#1148,#1149,#1150,#1151,#1152));
#1154= IFCPROPERTYSINGLEVALUE('LoadBearing',$,IFCBOOLEAN(.F.),$);
#1155= IFCPROPERTYSINGLEVALUE('Reference',$,IFCIDENTIFIER('5-2-P92'),$);
#1156= IFCPROPERTYSET('0ijElFFbn6FhShOVM0HmEh',#5,'Pset_PlateCommon','Common Properties to plate elements',(#1154,#1155));
#1157= IFCQUANTITYLENGTH('Width',$,$,120.);
#1158= IFCQUANTITYAREA('NetArea',$,$,0.033357463274411);
#1159= IFCQUANTITYAREA('GrossArea',$,$,0.0155999999999999);
#1160= IFCQUANTITYAREA('CrossSectionArea',$,$,0.0001);
#1161= IFCQUANTITYVOLUME('NetVolume',$,$,0.000143514219390963);
#1162= IFCQUANTITYVOLUME('GrossVolume',$,$,0.000143514219390963);
#1163= IFCELEMENTQUANTITY('3HpmUG6ODCrRCPP5akVECt',#5,'BaseQuantities',$,$,(#1157,#1158,#1159,#1160,#1161,#1162));
#1164= IFCMATERIAL('STEEL/S275');
#1165= IFCCARTESIANPOINT((0.,-5.,105.));
#1166= IFCCARTESIANPOINT((0.,5.,105.));
#1167= IFCPOLYLOOP((#942,#1165,#1166,#945));
#1168= IFCFACEOUTERBOUND(#1167,.T.);
#1169= IFCFACE((#1168));
#1170= IFCCARTESIANPOINT((130.,-5.,105.));
#1171= IFCCARTESIANPOINT((130.,5.,105.));
#1172= IFCPOLYLOOP((#1165,#1170,#1171,#1166));
#1173= IFCFACEOUTERBOUND(#1172,.T.);
#1174= IFCFACE((#1173));
#1175= IFCPOLYLOOP((#1170,#1034,#1035,#1171));
#1176= IFCFACEOUTERBOUND(#1175,.T.);
#1177= IFCFACE((#1176));
#1178= IFCPOLYLOOP((#1171,#1035,#1040,#1045,#1050,#1055,#1060,#1065,#1070,#1075,#1080,#1085,#1090,#1095,#1100,#1105,#1110,#1115,#945,#1166));
#1179= IFCFACEOUTERBOUND(#1178,.T.);
#1180= IFCFACE((#1179));
#1181= IFCPOLYLOOP((#1114,#1109,#1104,#1099,#1094,#1089,#1084,#1079,#1074,#1069,#1064,#1059,#1054,#1049,#1044,#1039,#1034,#1170,#1165,#942));
#1182= IFCFACEOUTERBOUND(#1181,.T.);
#1183= IFCFACE((#1182));
#1184= IFCCLOSEDSHELL((#1169,#1174,#1177,#1043,#1048,#1053,#1058,#1063,#1068,#1073,#1078,#1083,#1088,#1093,#1098,#1103,#1108,#1113,#1118,#1121,#1180,#1183));
#1185= IFCFACETEDBREP(#1184);
#1186= IFCSTYLEDITEM(#1185,(#941),$);
#1187= IFCSHAPEREPRESENTATION(#12,'Body','Brep',(#1185));
#1188= IFCPRODUCTDEFINITIONSHAPE($,$,(#1187));
#1189= IFCCARTESIANPOINT((1219.99725347823,11215.0027465545,16754.9995422363));
#1190= IFCDIRECTION((-1.,0.,0.));
#1191= IFCAXIS2PLACEMENT3D(#1189,#1190,#8);
#1192= IFCLOCALPLACEMENT(#42,#1191);
#1193= IFCPLATE('2n2lz7Pw1DGBS9N6hOd9ZT',#44,'PLATE-10','PL10*105',$,#1192,#1188,'IDb10aff47-67a0-4d40-b709-5c6ad89c98dd');
#1194= IFCPLATETYPE('0ZCgdZiLnC_O3M9QyMeCYt',#5,'PL10*105',$,$,$,$,$,$,.NOTDEFINED.);
#1195= IFCPROPERTYSINGLEVALUE('Preliminary mark',$,IFCLABEL('5-2-P99'),$);
#1196= IFCPROPERTYSET('1uuryv4A5FIveXD3rbtfZk',#5,'Tekla Common','Common Properties to Shared building elements',(#1138,#1139,#1140,#1195,#1142,#1143));
#1197= IFCPROPERTYSINGLEVALUE('Weight',$,IFCMASSMEASURE(1.02),$);
#1198= IFCPROPERTYSINGLEVALUE('Area per tons',$,IFCAREAMEASURE(29.905),$);
#1199= IFCPROPERTYSINGLEVALUE('Net surface area',$,IFCAREAMEASURE(0.031),$);
#1200= IFCPROPERTYSINGLEVALUE('Height',$,IFCLENGTHMEASURE(105.),$);
#1201= IFCPROPERTYSET('2nP6joSxn75hWJlcwkiE2P',#5,'Tekla Quantity','Quantity Properties to Shared building elements',(#1197,#1146,#1147,#1198,#1199,#1200,#1151,#1152));
#1202= IFCPROPERTYSINGLEVALUE('Reference',$,IFCIDENTIFIER('5-2-P99'),$);
#1203= IFCPROPERTYSET('2RFY6aRZv9YwCNC2$IAFCm',#5,'Pset_PlateCommon','Common Properties to plate elements',(#1154,#1202));
#1204= IFCQUANTITYLENGTH('Width',$,$,105.);
#1205= IFCQUANTITYAREA('NetArea',$,$,0.030578731637206);
#1206= IFCQUANTITYAREA('GrossArea',$,$,0.01365);
#1207= IFCQUANTITYVOLUME('NetVolume',$,$,0.000130257109695484);
#1208= IFCQUANTITYVOLUME('GrossVolume',$,$,0.000130257109695484);
#1209= IFCELEMENTQUANTITY('1xqPtDZgT1GemyPgnZoh2$',#5,'BaseQuantities',$,$,(#1204,#1205,#1206,#1160,#1207,#1208));
#1210= IFCSHAPEREPRESENTATION(#12,'Body','Brep',(#1185));
#1211= IFCPRODUCTDEFINITIONSHAPE($,$,(#1210));
#1212= IFCCARTESIANPOINT((1360.00274664228,11215.0027465551,16754.9995422363));
#1213= IFCAXIS2PLACEMENT3D(#1212,#7,#8);
#1214= IFCLOCALPLACEMENT(#42,#1213);
#1215= IFCPLATE('0OAzNecfP5auY9SPaUsa$I',#44,'PLATE-10','PL10*105',$,#1214,#1211,'ID182bd5e8-9a96-4593-8889-71991eda4fd2');
#1216= IFCCARTESIANPOINT((-5.45696821063757E-12,-5.,110.));
#1217= IFCCARTESIANPOINT((-5.45696821063757E-12,5.,110.));
#1218= IFCPOLYLOOP((#942,#1216,#1217,#945));
#1219= IFCFACEOUTERBOUND(#1218,.T.);
#1220= IFCFACE((#1219));
#1221= IFCCARTESIANPOINT((50.,-5.,110.));
#1222= IFCCARTESIANPOINT((50.,5.,110.));
#1223= IFCPOLYLOOP((#1216,#1221,#1222,#1217));
#1224= IFCFACEOUTERBOUND(#1223,.T.);
#1225= IFCFACE((#1224));
#1226= IFCCARTESIANPOINT((130.,-5.,60.));
#1227= IFCCARTESIANPOINT((130.,5.,60.));
#1228= IFCPOLYLOOP((#1221,#1226,#1227,#1222));
#1229= IFCFACEOUTERBOUND(#1228,.T.);
#1230= IFCFACE((#1229));
#1231= IFCCARTESIANPOINT((130.,-5.,0.));
#1232= IFCCARTESIANPOINT((130.,5.,0.));
#1233= IFCPOLYLOOP((#1226,#1231,#1232,#1227));
#1234= IFCFACEOUTERBOUND(#1233,.T.);
#1235= IFCFACE((#1234));
#1236= IFCPOLYLOOP((#1231,#1079,#1080,#1232));
#1237= IFCFACEOUTERBOUND(#1236,.T.);
#1238= IFCFACE((#1237));
#1239= IFCPOLYLOOP((#1222,#1227,#1232,#1080,#1085,#1090,#1095,#1100,#1105,#1110,#1115,#945,#1217));
#1240= IFCFACEOUTERBOUND(#1239,.T.);
#1241= IFCFACE((#1240));
#1242= IFCPOLYLOOP((#1114,#1109,#1104,#1099,#1094,#1089,#1084,#1079,#1231,#1226,#1221,#1216,#942));
#1243= IFCFACEOUTERBOUND(#1242,.T.);
#1244= IFCFACE((#1243));
#1245= IFCCLOSEDSHELL((#1220,#1225,#1230,#1235,#1238,#1088,#1093,#1098,#1103,#1108,#1113,#1118,#1121,#1241,#1244));
#1246= IFCFACETEDBREP(#1245);
#1247= IFCSTYLEDITEM(#1246,(#941),$);
#1248= IFCSHAPEREPRESENTATION(#12,'Body','Brep',(#1246));
#1249= IFCPRODUCTDEFINITIONSHAPE($,$,(#1248));
#1250= IFCCARTESIANPOINT((1225.00274664229,11215.0027465545,16629.9995422363));
#1251= IFCAXIS2PLACEMENT3D(#1250,#866,#8);
#1252= IFCLOCALPLACEMENT(#42,#1251);
#1253= IFCPLATE('1nOG_jKCTEHhZaPlP6g8aJ',#337,'PLATE-10','PL10*110',$,#1252,#1249,'ID71610fad-50c7-4e46-b8e4-66f646a88913');
#1254= IFCPLATETYPE('1Iuyz_6tr838XApBEEsfHn',#5,'PL10*110',$,$,$,$,$,$,.NOTDEFINED.);
#1255= IFCPROPERTYSINGLEVALUE('Bottom elevation',$,IFCLABEL(' +16.520'),$);
#1256= IFCPROPERTYSINGLEVALUE('Top elevation',$,IFCLABEL(' +16.630'),$);
#1257= IFCPROPERTYSINGLEVALUE('Preliminary mark',$,IFCLABEL('5-2-P98'),$);
#1258= IFCPROPERTYSET('2rx91x7gv5QwM0l8DxyjDK',#5,'Tekla Common','Common Properties to Shared building elements',(#1255,#1256,#1140,#1257,#1142,#1143));
#1259= IFCPROPERTYSINGLEVALUE('Weight',$,IFCMASSMEASURE(0.94),$);
#1260= IFCPROPERTYSINGLEVALUE('Gross footprint area',$,IFCAREAMEASURE(0.001),$);
#1261= IFCPROPERTYSINGLEVALUE('Area per tons',$,IFCAREAMEASURE(30.108),$);
#1262= IFCPROPERTYSINGLEVALUE('Net surface area',$,IFCAREAMEASURE(0.028),$);
#1263= IFCPROPERTYSINGLEVALUE('Height',$,IFCLENGTHMEASURE(110.),$);
#1264= IFCPROPERTYSET('3l7Kv32Pv6uw6YIlyWnoGT',#5,'Tekla Quantity','Quantity Properties to Shared building elements',(#1259,#1146,#1260,#1261,#1262,#1263,#1151,#1152));
#1265= IFCPROPERTYSINGLEVALUE('Reference',$,IFCIDENTIFIER('5-2-P98'),$);
#1266= IFCPROPERTYSET('1BceNt_z943u5UqKBCyU_u',#5,'Pset_PlateCommon','Common Properties to plate elements',(#1154,#1265));
#1267= IFCQUANTITYLENGTH('Width',$,$,110.);
#1268= IFCQUANTITYAREA('NetArea',$,$,0.0283327639318093);
#1269= IFCQUANTITYAREA('GrossArea',$,$,0.0143000000000006);
#1270= IFCQUANTITYVOLUME('NetVolume',$,$,0.000119878554847745);
#1271= IFCQUANTITYVOLUME('GrossVolume',$,$,0.000119878554847745);
#1272= IFCELEMENTQUANTITY('3ij3Dxtvj3oeAc53gH9SHp',#5,'BaseQuantities',$,$,(#1267,#1268,#1269,#1160,#1270,#1271));
#1273= IFCSHAPEREPRESENTATION(#12,'Body','Brep',(#1246));
#1274= IFCPRODUCTDEFINITIONSHAPE($,$,(#1273));
#1275= IFCCARTESIANPOINT((1355.00274664228,11215.002746555,16629.9995422363));
#1276= IFCAXIS2PLACEMENT3D(#1275,#866,#8);
#1277= IFCLOCALPLACEMENT(#42,#1276);
#1278= IFCPLATE('2OtAADSNT7FO_O0pvQ_jZo',#337,'PLATE-10','PL10*110',$,#1277,#1274,'ID98dca28d-7177-473d-8f98-033e5afad8f2');
#1279= IFCCARTESIANPOINT((0.,-5.,0.));
#1280= IFCCARTESIANPOINT((-3.63797880709171E-12,-5.,90.));
#1281= IFCCARTESIANPOINT((-3.63797880709171E-12,5.,90.));
#1282= IFCCARTESIANPOINT((0.,5.,0.));
#1283= IFCPOLYLOOP((#1279,#1280,#1281,#1282));
#1284= IFCFACEOUTERBOUND(#1283,.T.);
#1285= IFCFACE((#1284));
#1286= IFCCARTESIANPOINT((3.90180644031716,-5.,90.3842943919371));
#1287= IFCCARTESIANPOINT((3.90180644031716,5.,90.3842943919371));
#1288= IFCPOLYLOOP((#1280,#1286,#1287,#1281));
#1289= IFCFACEOUTERBOUND(#1288,.T.);
#1290= IFCFACE((#1289));
#1291= IFCCARTESIANPOINT((7.65366864729731,-5.,91.5224093497745));
#1292= IFCCARTESIANPOINT((7.65366864729731,5.,91.5224093497745));
#1293= IFCPOLYLOOP((#1286,#1291,#1292,#1287));
#1294= IFCFACEOUTERBOUND(#1293,.T.);
#1295= IFCFACE((#1294));
#1296= IFCCARTESIANPOINT((11.1114046603871,-5.,93.37060775395));
#1297= IFCCARTESIANPOINT((11.1114046603871,5.,93.37060775395));
#1298= IFCPOLYLOOP((#1291,#1296,#1297,#1292));
#1299= IFCFACEOUTERBOUND(#1298,.T.);
#1300= IFCFACE((#1299));
#1301= IFCCARTESIANPOINT((14.1421356237261,-5.,95.8578643762703));
#1302= IFCCARTESIANPOINT((14.1421356237261,5.,95.8578643762703));
#1303= IFCPOLYLOOP((#1296,#1301,#1302,#1297));
#1304= IFCFACEOUTERBOUND(#1303,.T.);
#1305= IFCFACE((#1304));
#1306= IFCCARTESIANPOINT((16.6293922460463,-5.,98.8885953396093));
#1307= IFCCARTESIANPOINT((16.6293922460463,5.,98.8885953396093));
#1308= IFCPOLYLOOP((#1301,#1306,#1307,#1302));
#1309= IFCFACEOUTERBOUND(#1308,.T.);
#1310= IFCFACE((#1309));
#1311= IFCCARTESIANPOINT((18.47759065022,-5.,102.346331352699));
#1312= IFCCARTESIANPOINT((18.47759065022,5.,102.346331352699));
#1313= IFCPOLYLOOP((#1306,#1311,#1312,#1307));
#1314= IFCFACEOUTERBOUND(#1313,.T.);
#1315= IFCFACE((#1314));
#1316= IFCCARTESIANPOINT((19.6157056080592,-5.,106.098193559679));
#1317= IFCCARTESIANPOINT((19.6157056080592,5.,106.098193559679));
#1318= IFCPOLYLOOP((#1311,#1316,#1317,#1312));
#1319= IFCFACEOUTERBOUND(#1318,.T.);
#1320= IFCFACE((#1319));
#1321= IFCCARTESIANPOINT((19.9999999999945,-5.,110.));
#1322= IFCCARTESIANPOINT((19.9999999999945,5.,110.));
#1323= IFCPOLYLOOP((#1316,#1321,#1322,#1317));
#1324= IFCFACEOUTERBOUND(#1323,.T.);
#1325= IFCFACE((#1324));
#1326= IFCCARTESIANPOINT((130.,-5.,110.));
#1327= IFCCARTESIANPOINT((130.,5.,110.));
#1328= IFCPOLYLOOP((#1321,#1326,#1327,#1322));
#1329= IFCFACEOUTERBOUND(#1328,.T.);
#1330= IFCFACE((#1329));
#1331= IFCCARTESIANPOINT((130.,-5.,50.));
#1332= IFCCARTESIANPOINT((130.,5.,50.));
#1333= IFCPOLYLOOP((#1326,#1331,#1332,#1327));
#1334= IFCFACEOUTERBOUND(#1333,.T.);
#1335= IFCFACE((#1334));
#1336= IFCCARTESIANPOINT((50.,-5.,0.));
#1337= IFCCARTESIANPOINT((50.,5.,0.));
#1338= IFCPOLYLOOP((#1331,#1336,#1337,#1332));
#1339= IFCFACEOUTERBOUND(#1338,.T.);
#1340= IFCFACE((#1339));
#1341= IFCPOLYLOOP((#1336,#1279,#1282,#1337));
#1342= IFCFACEOUTERBOUND(#1341,.T.);
#1343= IFCFACE((#1342));
#1344= IFCPOLYLOOP((#1287,#1292,#1297,#1302,#1307,#1312,#1317,#1322,#1327,#1332,#1337,#1282,#1281));
#1345= IFCFACEOUTERBOUND(#1344,.T.);
#1346= IFCFACE((#1345));
#1347= IFCPOLYLOOP((#1336,#1331,#1326,#1321,#1316,#1311,#1306,#1301,#1296,#1291,#1286,#1280,#1279));
#1348= IFCFACEOUTERBOUND(#1347,.T.);
#1349= IFCFACE((#1348));
#1350= IFCCLOSEDSHELL((#1285,#1290,#1295,#1300,#1305,#1310,#1315,#1320,#1325,#1330,#1335,#1340,#1343,#1346,#1349));
#1351= IFCFACETEDBREP(#1350);
#1352= IFCSTYLEDITEM(#1351,(#941),$);
#1353= IFCSHAPEREPRESENTATION(#12,'Body','Brep',(#1351));
#1354= IFCPRODUCTDEFINITIONSHAPE($,$,(#1353));
#1355= IFCCARTESIANPOINT((1225.00274664229,11215.0027465545,16989.9995422363));
#1356= IFCAXIS2PLACEMENT3D(#1355,#866,#8);
#1357= IFCLOCALPLACEMENT(#42,#1356);
#1358= IFCPLATE('3TgV7zNhrE6x15wdLM39mf',#337,'PLATE-10','PL10*110',$,#1357,#1354,'IDdda9f1fd-5ebd-4e1b-b045-ea75560c9c29');
#1359= IFCPROPERTYSINGLEVALUE('Bottom elevation',$,IFCLABEL(' +16.880'),$);
#1360= IFCPROPERTYSINGLEVALUE('Top elevation',$,IFCLABEL(' +16.990'),$);
#1361= IFCPROPERTYSET('3PuUDxmV93eApcXO1NP0Dp',#5,'Tekla Common','Common Properties to Shared building elements',(#1359,#1360,#1140,#1257,#1142,#1143));
#1362= IFCQUANTITYAREA('NetArea',$,$,0.0283327639318093);
#1363= IFCQUANTITYAREA('GrossArea',$,$,0.0143000000000005);
#1364= IFCQUANTITYVOLUME('NetVolume',$,$,0.000119878554847745);
#1365= IFCQUANTITYVOLUME('GrossVolume',$,$,0.000119878554847745);
#1366= IFCELEMENTQUANTITY('1KdzWUIi9FZBBsv9e$pFMT',#5,'BaseQuantities',$,$,(#1267,#1362,#1363,#1160,#1364,#1365));
#1367= IFCSHAPEREPRESENTATION(#12,'Body','Brep',(#1351));
#1368= IFCPRODUCTDEFINITIONSHAPE($,$,(#1367));
#1369= IFCCARTESIANPOINT((1355.00274664228,11215.002746555,16989.9995422363));
#1370= IFCAXIS2PLACEMENT3D(#1369,#866,#8);
#1371= IFCLOCALPLACEMENT(#42,#1370);
#1372= IFCPLATE('3uDzfhooDC5vxpR61wFP3j',#337,'PLATE-10','PL10*110',$,#1371,#1368,'IDf837da6b-cb23-4c17-9ef3-6c607a3d90ed');
#1373= IFCCARTESIANPOINT((350.,-5.,120.));
#1374= IFCCARTESIANPOINT((350.,5.,130.));
#1375= IFCCARTESIANPOINT((-2.27373675443232E-12,5.,130.));
#1376= IFCCARTESIANPOINT((-2.04636307898909E-12,-5.,120.));
#1377= IFCPOLYLOOP((#1373,#1374,#1375,#1376));
#1378= IFCFACEOUTERBOUND(#1377,.T.);
#1379= IFCFACE((#1378));
#1380= IFCCARTESIANPOINT((350.,5.,1.81898940354586E-12));
#1381= IFCCARTESIANPOINT((350.,-5.,10.0000000000018));
#1382= IFCCARTESIANPOINT((-2.27373675443232E-13,-5.,10.));
#1383= IFCPOLYLOOP((#1380,#1381,#1382,#1282));
#1384= IFCFACEOUTERBOUND(#1383,.T.);
#1385= IFCFACE((#1384));
#1386= IFCPOLYLOOP((#1282,#1382,#1376,#1375));
#1387= IFCFACEOUTERBOUND(#1386,.T.);
#1388= IFCFACE((#1387));
#1389= IFCPOLYLOOP((#1381,#1380,#1374,#1373));
#1390= IFCFACEOUTERBOUND(#1389,.T.);
#1391= IFCFACE((#1390));
#1392= IFCPOLYLOOP((#1374,#1380,#1282,#1375));
#1393= IFCFACEOUTERBOUND(#1392,.T.);
#1394= IFCFACE((#1393));
#1395= IFCPOLYLOOP((#1382,#1381,#1373,#1376));
#1396= IFCFACEOUTERBOUND(#1395,.T.);
#1397= IFCFACE((#1396));
#1398= IFCCLOSEDSHELL((#1379,#1385,#1388,#1391,#1394,#1397));
#1399= IFCFACETEDBREP(#1398);
#1400= IFCSTYLEDITEM(#1399,(#941),$);
#1401= IFCSHAPEREPRESENTATION(#12,'Body','Brep',(#1399));
#1402= IFCPRODUCTDEFINITIONSHAPE($,$,(#1401));
#1403= IFCCARTESIANPOINT((1465.00274664227,11215.0027465555,16634.9995422363));
#1404= IFCAXIS2PLACEMENT3D(#1403,#8,#1190);
#1405= IFCLOCALPLACEMENT(#42,#1404);
#1406= IFCPLATE('3pAzhyyYLALwLCcM9aTlpj',#44,'PLATE-10','PL10*130',$,#1405,#1402,'IDf32bdafc-f225-4a57-a54c-99626476fced');
#1407= IFCPLATETYPE('1R_ts2XFL3T9ecWKsfNDaG',#5,'PL10*130',$,$,$,$,$,$,.NOTDEFINED.);
#1408= IFCPROPERTYSINGLEVALUE('Bottom elevation',$,IFCLABEL(' +16.630'),$);
#1409= IFCPROPERTYSINGLEVALUE('Top elevation',$,IFCLABEL(' +16.640'),$);
#1410= IFCPROPERTYSINGLEVALUE('Preliminary mark',$,IFCLABEL('5-2-P103'),$);
#1411= IFCPROPERTYSET('2TAtfT_LL3NBdFQi2fid8e',#5,'Tekla Common','Common Properties to Shared building elements',(#1408,#1409,#1140,#1410,#1142,#1143));
#1412= IFCPROPERTYSINGLEVALUE('Weight',$,IFCMASSMEASURE(3.3),$);
#1413= IFCPROPERTYSINGLEVALUE('Gross footprint area',$,IFCAREAMEASURE(0.046),$);
#1414= IFCPROPERTYSINGLEVALUE('Area per tons',$,IFCAREAMEASURE(29.208),$);
#1415= IFCPROPERTYSINGLEVALUE('Net surface area',$,IFCAREAMEASURE(0.096),$);
#1416= IFCPROPERTYSINGLEVALUE('Height',$,IFCLENGTHMEASURE(130.),$);
#1417= IFCPROPERTYSINGLEVALUE('Length',$,IFCLENGTHMEASURE(350.),$);
#1418= IFCPROPERTYSET('0tEWxdKtH1dfsOkOhbME$A',#5,'Tekla Quantity','Quantity Properties to Shared building elements',(#1412,#1146,#1413,#1414,#1415,#1416,#1151,#1417));
#1419= IFCPROPERTYSINGLEVALUE('Reference',$,IFCIDENTIFIER('5-2-P103'),$);
#1420= IFCPROPERTYSET('1OfJhZwYz9ehmRqevsfqyO',#5,'Pset_PlateCommon','Common Properties to plate elements',(#1154,#1419));
#1421= IFCQUANTITYLENGTH('Width',$,$,130.);
#1422= IFCQUANTITYAREA('NetArea',$,$,0.0962994949366113);
#1423= IFCQUANTITYAREA('GrossArea',$,$,0.0455000000000003);
#1424= IFCQUANTITYVOLUME('NetVolume',$,$,0.000419999999999998);
#1425= IFCQUANTITYVOLUME('GrossVolume',$,$,0.000454999999999998);
#1426= IFCELEMENTQUANTITY('370Jj427L61Ow_fhOYwM7H',#5,'BaseQuantities',$,$,(#1421,#1422,#1423,#1160,#1424,#1425));
#1427= IFCCARTESIANPOINT((350.,5.,10.0000000000018));
#1428= IFCCARTESIANPOINT((350.,-5.,1.81898940354586E-12));
#1429= IFCCARTESIANPOINT((-2.27373675443232E-13,5.,10.));
#1430= IFCPOLYLOOP((#1427,#1428,#1279,#1429));
#1431= IFCFACEOUTERBOUND(#1430,.T.);
#1432= IFCFACE((#1431));
#1433= IFCCARTESIANPOINT((350.,-5.,130.));
#1434= IFCCARTESIANPOINT((350.,5.,120.));
#1435= IFCCARTESIANPOINT((-2.04636307898909E-12,5.,120.));
#1436= IFCCARTESIANPOINT((-2.27373675443232E-12,-5.,130.));
#1437= IFCPOLYLOOP((#1433,#1434,#1435,#1436));
#1438= IFCFACEOUTERBOUND(#1437,.T.);
#1439= IFCFACE((#1438));
#1440= IFCPOLYLOOP((#1436,#1435,#1429,#1279));
#1441= IFCFACEOUTERBOUND(#1440,.T.);
#1442= IFCFACE((#1441));
#1443= IFCPOLYLOOP((#1434,#1433,#1428,#1427));
#1444= IFCFACEOUTERBOUND(#1443,.T.);
#1445= IFCFACE((#1444));
#1446= IFCPOLYLOOP((#1435,#1434,#1427,#1429));
#1447= IFCFACEOUTERBOUND(#1446,.T.);
#1448= IFCFACE((#1447));
#1449= IFCPOLYLOOP((#1428,#1433,#1436,#1279));
#1450= IFCFACEOUTERBOUND(#1449,.T.);
#1451= IFCFACE((#1450));
#1452= IFCCLOSEDSHELL((#1432,#1439,#1442,#1445,#1448,#1451));
#1453= IFCFACETEDBREP(#1452);
#1454= IFCSTYLEDITEM(#1453,(#941),$);
#1455= IFCSHAPEREPRESENTATION(#12,'Body','Brep',(#1453));
#1456= IFCPRODUCTDEFINITIONSHAPE($,$,(#1455));
#1457= IFCCARTESIANPOINT((1465.00274664227,11215.0027465555,16874.9995422363));
#1458= IFCAXIS2PLACEMENT3D(#1457,#8,#1190);
#1459= IFCLOCALPLACEMENT(#42,#1458);
#1460= IFCPLATE('3B41sorJLD4QJNmsNa8Ydk',#44,'PLATE-10','PL10*130',$,#1459,#1456,'IDcb101db2-d535-4d11-a4d7-c365e42229ee');
#1461= IFCPROPERTYSINGLEVALUE('Bottom elevation',$,IFCLABEL(' +16.870'),$);
#1462= IFCPROPERTYSINGLEVALUE('Top elevation',$,IFCLABEL(' +16.880'),$);
#1463= IFCPROPERTYSET('2UUhOPK29FofUW$w8eTr4y',#5,'Tekla Common','Common Properties to Shared building elements',(#1461,#1462,#1140,#1410,#1142,#1143));
#1464= IFCOWNERHISTORY(#3,#4,$,.NOCHANGE.,$,$,$,1770843600);
#1465= IFCCARTESIANPOINT((3.90180644032262,0.901806440322616,19.6157056080629));
#1466= IFCCARTESIANPOINT((0.,-3.,20.));
#1467= IFCCARTESIANPOINT((0.,-3.,210.));
#1468= IFCCARTESIANPOINT((3.90180644032262,0.901806440322616,210.384294391937));
#1469= IFCCARTESIANPOINT((7.65366864730095,4.65366864730186,211.522409349775));
#1470= IFCCARTESIANPOINT((8.,5.,211.70752731452));
#1471= IFCCARTESIANPOINT((8.,5.,18.2924726854799));
#1472= IFCCARTESIANPOINT((7.65366864730095,4.65366864730186,18.4775906502255));
#1473= IFCPOLYLOOP((#1465,#1466,#1467,#1468,#1469,#1470,#1471,#1472));
#1474= IFCFACEOUTERBOUND(#1473,.T.);
#1475= IFCFACE((#1474));
#1476= IFCCARTESIANPOINT((0.,-5.,210.));
#1477= IFCPOLYLOOP((#942,#1476,#1467,#1466));
#1478= IFCFACEOUTERBOUND(#1477,.T.);
#1479= IFCFACE((#1478));
#1480= IFCCARTESIANPOINT((3.90180644032262,-5.,210.384294391937));
#1481= IFCPOLYLOOP((#1476,#1480,#1468,#1467));
#1482= IFCFACEOUTERBOUND(#1481,.T.);
#1483= IFCFACE((#1482));
#1484= IFCCARTESIANPOINT((7.65366864730095,-5.,211.522409349775));
#1485= IFCPOLYLOOP((#1480,#1484,#1469,#1468));
#1486= IFCFACEOUTERBOUND(#1485,.T.);
#1487= IFCFACE((#1486));
#1488= IFCCARTESIANPOINT((11.1114046603925,-5.,213.37060775395));
#1489= IFCCARTESIANPOINT((11.1114046603925,5.,213.37060775395));
#1490= IFCPOLYLOOP((#1484,#1488,#1489,#1470,#1469));
#1491= IFCFACEOUTERBOUND(#1490,.T.);
#1492= IFCFACE((#1491));
#1493= IFCCARTESIANPOINT((14.1421356237315,-5.,215.85786437627));
#1494= IFCCARTESIANPOINT((14.1421356237315,5.,215.85786437627));
#1495= IFCPOLYLOOP((#1488,#1493,#1494,#1489));
#1496= IFCFACEOUTERBOUND(#1495,.T.);
#1497= IFCFACE((#1496));
#1498= IFCCARTESIANPOINT((16.6293922460518,-5.,218.888595339609));
#1499= IFCCARTESIANPOINT((16.6293922460518,5.,218.888595339609));
#1500= IFCPOLYLOOP((#1493,#1498,#1499,#1494));
#1501= IFCFACEOUTERBOUND(#1500,.T.);
#1502= IFCFACE((#1501));
#1503= IFCCARTESIANPOINT((18.4775906502255,-5.,222.346331352699));
#1504= IFCCARTESIANPOINT((18.4775906502255,5.,222.346331352699));
#1505= IFCPOLYLOOP((#1498,#1503,#1504,#1499));
#1506= IFCFACEOUTERBOUND(#1505,.T.);
#1507= IFCFACE((#1506));
#1508= IFCCARTESIANPOINT((19.6157056080647,-5.,226.098193559679));
#1509= IFCCARTESIANPOINT((19.6157056080647,5.,226.098193559679));
#1510= IFCPOLYLOOP((#1503,#1508,#1509,#1504));
#1511= IFCFACEOUTERBOUND(#1510,.T.);
#1512= IFCFACE((#1511));
#1513= IFCCARTESIANPOINT((20.,-5.,230.));
#1514= IFCCARTESIANPOINT((20.,5.,230.));
#1515= IFCPOLYLOOP((#1508,#1513,#1514,#1509));
#1516= IFCFACEOUTERBOUND(#1515,.T.);
#1517= IFCFACE((#1516));
#1518= IFCCARTESIANPOINT((109.999999999491,-5.,230.));
#1519= IFCCARTESIANPOINT((109.999999999491,5.,230.));
#1520= IFCPOLYLOOP((#1513,#1518,#1519,#1514));
#1521= IFCFACEOUTERBOUND(#1520,.T.);
#1522= IFCFACE((#1521));
#1523= IFCCARTESIANPOINT((110.384294391426,-5.,226.098193559679));
#1524= IFCCARTESIANPOINT((110.384294391426,5.,226.098193559679));
#1525= IFCPOLYLOOP((#1518,#1523,#1524,#1519));
#1526= IFCFACEOUTERBOUND(#1525,.T.);
#1527= IFCFACE((#1526));
#1528= IFCCARTESIANPOINT((111.522409349265,-5.,222.346331352699));
#1529= IFCCARTESIANPOINT((111.522409349265,5.,222.346331352699));
#1530= IFCPOLYLOOP((#1523,#1528,#1529,#1524));
#1531= IFCFACEOUTERBOUND(#1530,.T.);
#1532= IFCFACE((#1531));
#1533= IFCCARTESIANPOINT((113.370607753439,-5.,218.888595339609));
#1534= IFCCARTESIANPOINT((113.370607753439,5.,218.888595339609));
#1535= IFCPOLYLOOP((#1528,#1533,#1534,#1529));
#1536= IFCFACEOUTERBOUND(#1535,.T.);
#1537= IFCFACE((#1536));
#1538= IFCCARTESIANPOINT((115.857864375759,-5.,215.85786437627));
#1539= IFCCARTESIANPOINT((115.857864375759,5.,215.85786437627));
#1540= IFCPOLYLOOP((#1533,#1538,#1539,#1534));
#1541= IFCFACEOUTERBOUND(#1540,.T.);
#1542= IFCFACE((#1541));
#1543= IFCCARTESIANPOINT((118.888595339098,-5.,213.37060775395));
#1544= IFCCARTESIANPOINT((118.888595339098,5.,213.37060775395));
#1545= IFCPOLYLOOP((#1538,#1543,#1544,#1539));
#1546= IFCFACEOUTERBOUND(#1545,.T.);
#1547= IFCFACE((#1546));
#1548= IFCCARTESIANPOINT((122.34633135219,-5.,211.522409349775));
#1549= IFCCARTESIANPOINT((122.34633135219,5.,211.522409349775));
#1550= IFCPOLYLOOP((#1543,#1548,#1549,#1544));
#1551= IFCFACEOUTERBOUND(#1550,.T.);
#1552= IFCFACE((#1551));
#1553= IFCCARTESIANPOINT((126.098193559168,-5.,210.384294391937));
#1554= IFCCARTESIANPOINT((126.098193559168,5.,210.384294391937));
#1555= IFCPOLYLOOP((#1548,#1553,#1554,#1549));
#1556= IFCFACEOUTERBOUND(#1555,.T.);
#1557= IFCFACE((#1556));
#1558= IFCCARTESIANPOINT((129.999999999491,-5.,210.));
#1559= IFCCARTESIANPOINT((129.999999999491,5.,210.));
#1560= IFCPOLYLOOP((#1553,#1558,#1559,#1554));
#1561= IFCFACEOUTERBOUND(#1560,.T.);
#1562= IFCFACE((#1561));
#1563= IFCPOLYLOOP((#1558,#1034,#1035,#1559));
#1564= IFCFACEOUTERBOUND(#1563,.T.);
#1565= IFCFACE((#1564));
#1566= IFCPOLYLOOP((#1105,#1104,#1109,#1472,#1471));
#1567= IFCFACEOUTERBOUND(#1566,.T.);
#1568= IFCFACE((#1567));
#1569= IFCPOLYLOOP((#1109,#1114,#1465,#1472));
#1570= IFCFACEOUTERBOUND(#1569,.T.);
#1571= IFCFACE((#1570));
#1572= IFCPOLYLOOP((#1114,#942,#1466,#1465));
#1573= IFCFACEOUTERBOUND(#1572,.T.);
#1574= IFCFACE((#1573));
#1575= IFCPOLYLOOP((#1489,#1494,#1499,#1504,#1509,#1514,#1519,#1524,#1529,#1534,#1539,#1544,#1549,#1554,#1559,#1035,#1040,#1045,#1050,#1055,#1060,#1065,#1070,#1075,#1080,#1085,#1090,#1095,#1100,#1105,#1471,#1470));
#1576= IFCFACEOUTERBOUND(#1575,.T.);
#1577= IFCFACE((#1576));
#1578= IFCPOLYLOOP((#1114,#1109,#1104,#1099,#1094,#1089,#1084,#1079,#1074,#1069,#1064,#1059,#1054,#1049,#1044,#1039,#1034,#1558,#1553,#1548,#1543,#1538,#1533,#1528,#1523,#1518,#1513,#1508,#1503,#1498,#1493,#1488,#1484,#1480,#1476,#942));
#1579= IFCFACEOUTERBOUND(#1578,.T.);
#1580= IFCFACE((#1579));
#1581= IFCCLOSEDSHELL((#1475,#1479,#1483,#1487,#1492,#1497,#1502,#1507,#1512,#1517,#1522,#1527,#1532,#1537,#1542,#1547,#1552,#1557,#1562,#1565,#1043,#1048,#1053,#1058,#1063,#1068,#1073,#1078,#1083,#1088,#1093,#1098,#1103,#1108,#1568,#1571,#1574,#1577,#1580));
#1582= IFCFACETEDBREP(#1581);
#1583= IFCSTYLEDITEM(#1582,(#941),$);
#1584= IFCSHAPEREPRESENTATION(#12,'Body','Brep',(#1582));
#1585= IFCPRODUCTDEFINITIONSHAPE($,$,(#1584));
#1586= IFCCARTESIANPOINT((1355.00274664228,11215.002746555,16869.9995422363));
#1587= IFCAXIS2PLACEMENT3D(#1586,#866,#8);
#1588= IFCLOCALPLACEMENT(#42,#1587);
#1589= IFCPLATE('1t3Vs5kL95j8GIix_rBT65',#1464,'PLATE-10','PL10*130',$,#1588,#1585,'ID770dfd85-b952-45b4-8412-b3bfb52dd185');
#1590= IFCPROPERTYSINGLEVALUE('Bottom elevation',$,IFCLABEL(' +16.640'),$);
#1591= IFCPROPERTYSINGLEVALUE('Top elevation',$,IFCLABEL(' +16.870'),$);
#1592= IFCPROPERTYSINGLEVALUE('Preliminary mark',$,IFCLABEL('5-2-P104'),$);
#1593= IFCPROPERTYSET('31co$Dlo90NQkqcRHlhMha',#5,'Tekla Common','Common Properties to Shared building elements',(#1590,#1591,#1140,#1592,#1142,#1143));
#1594= IFCPROPERTYSINGLEVALUE('Weight',$,IFCMASSMEASURE(2.2),$);
#1595= IFCPROPERTYSINGLEVALUE('Area per tons',$,IFCAREAMEASURE(28.714),$);
#1596= IFCPROPERTYSINGLEVALUE('Net surface area',$,IFCAREAMEASURE(0.063),$);
#1597= IFCPROPERTYSINGLEVALUE('Length',$,IFCLENGTHMEASURE(230.),$);
#1598= IFCPROPERTYSET('0Eqgu1z319dPI61bji81pz',#5,'Tekla Quantity','Quantity Properties to Shared building elements',(#1594,#1146,#1260,#1595,#1596,#1416,#1151,#1597));
#1599= IFCPROPERTYSINGLEVALUE('Reference',$,IFCIDENTIFIER('5-2-P104'),$);
#1600= IFCPROPERTYSET('2G3uVFZgz30O2ZEac7KL1h',#5,'Pset_PlateCommon','Common Properties to plate elements',(#1154,#1599));
#1601= IFCQUANTITYLENGTH('Width',$,$,129.999999999491);
#1602= IFCQUANTITYAREA('NetArea',$,$,0.0632061206816695);
#1603= IFCQUANTITYAREA('GrossArea',$,$,0.0298999999998829);
#1604= IFCQUANTITYVOLUME('NetVolume',$,$,0.000280412706930392);
#1605= IFCQUANTITYVOLUME('GrossVolume',$,$,0.000286514219396039);
#1606= IFCELEMENTQUANTITY('0asW9SDI50_AyDKNesjVBa',#5,'BaseQuantities',$,$,(#1601,#1602,#1603,#1160,#1604,#1605));
#1607= IFCCARTESIANPOINT((7.65366864730095,-4.65366864730186,18.4775906502255));
#1608= IFCCARTESIANPOINT((8.,-5.,18.2924726854799));
#1609= IFCCARTESIANPOINT((7.99999999999818,-5.,211.70752731452));
#1610= IFCCARTESIANPOINT((7.65366864730095,-4.65366864730186,211.522409349775));
#1611= IFCCARTESIANPOINT((3.9018064403208,-0.901806440322616,210.384294391937));
#1612= IFCCARTESIANPOINT((-1.81898940354586E-12,3.,210.));
#1613= IFCCARTESIANPOINT((0.,3.,20.));
#1614= IFCCARTESIANPOINT((3.90180644032262,-0.901806440322616,19.6157056080629));
#1615= IFCPOLYLOOP((#1607,#1608,#1609,#1610,#1611,#1612,#1613,#1614));
#1616= IFCFACEOUTERBOUND(#1615,.T.);
#1617= IFCFACE((#1616));
#1618= IFCCARTESIANPOINT((-1.81898940354586E-12,5.,210.));
#1619= IFCPOLYLOOP((#1618,#945,#1613,#1612));
#1620= IFCFACEOUTERBOUND(#1619,.T.);
#1621= IFCFACE((#1620));
#1622= IFCCARTESIANPOINT((3.9018064403208,5.,210.384294391937));
#1623= IFCPOLYLOOP((#1622,#1618,#1612,#1611));
#1624= IFCFACEOUTERBOUND(#1623,.T.);
#1625= IFCFACE((#1624));
#1626= IFCCARTESIANPOINT((7.65366864730095,5.,211.522409349775));
#1627= IFCPOLYLOOP((#1626,#1622,#1611,#1610));
#1628= IFCFACEOUTERBOUND(#1627,.T.);
#1629= IFCFACE((#1628));
#1630= IFCPOLYLOOP((#1488,#1489,#1626,#1610,#1609));
#1631= IFCFACEOUTERBOUND(#1630,.T.);
#1632= IFCFACE((#1631));
#1633= IFCPOLYLOOP((#1110,#1105,#1104,#1608,#1607));
#1634= IFCFACEOUTERBOUND(#1633,.T.);
#1635= IFCFACE((#1634));
#1636= IFCPOLYLOOP((#1115,#1110,#1607,#1614));
#1637= IFCFACEOUTERBOUND(#1636,.T.);
#1638= IFCFACE((#1637));
#1639= IFCPOLYLOOP((#945,#1115,#1614,#1613));
#1640= IFCFACEOUTERBOUND(#1639,.T.);
#1641= IFCFACE((#1640));
#1642= IFCPOLYLOOP((#1622,#1626,#1489,#1494,#1499,#1504,#1509,#1514,#1519,#1524,#1529,#1534,#1539,#1544,#1549,#1554,#1559,#1035,#1040,#1045,#1050,#1055,#1060,#1065,#1070,#1075,#1080,#1085,#1090,#1095,#1100,#1105,#1110,#1115,#945,#1618));
#1643= IFCFACEOUTERBOUND(#1642,.T.);
#1644= IFCFACE((#1643));
#1645= IFCPOLYLOOP((#1104,#1099,#1094,#1089,#1084,#1079,#1074,#1069,#1064,#1059,#1054,#1049,#1044,#1039,#1034,#1558,#1553,#1548,#1543,#1538,#1533,#1528,#1523,#1518,#1513,#1508,#1503,#1498,#1493,#1488,#1609,#1608));
#1646= IFCFACEOUTERBOUND(#1645,.T.);
#1647= IFCFACE((#1646));
#1648= IFCCLOSEDSHELL((#1617,#1621,#1625,#1629,#1632,#1497,#1502,#1507,#1512,#1517,#1522,#1527,#1532,#1537,#1542,#1547,#1552,#1557,#1562,#1565,#1043,#1048,#1053,#1058,#1063,#1068,#1073,#1078,#1083,#1088,#1093,#1098,#1103,#1108,#1635,#1638,#1641,#1644,#1647));
#1649= IFCFACETEDBREP(#1648);
#1650= IFCSTYLEDITEM(#1649,(#941),$);
#1651= IFCSHAPEREPRESENTATION(#12,'Body','Brep',(#1649));
#1652= IFCPRODUCTDEFINITIONSHAPE($,$,(#1651));
#1653= IFCCARTESIANPOINT((1225.00274664229,11215.0027465545,16869.9995422363));
#1654= IFCAXIS2PLACEMENT3D(#1653,#866,#8);
#1655= IFCLOCALPLACEMENT(#42,#1654);
#1656= IFCPLATE('0isi$aE5HDp8vYgNCHFmzh',#44,'PLATE-10','PL10*130',$,#1655,#1652,'ID2cdacfe4-3854-4dcc-8e62-a973113f0f6b');
#1657= IFCQUANTITYLENGTH('Width',$,$,130.000000000002);
#1658= IFCQUANTITYAREA('NetArea',$,$,0.0632061206819144);
#1659= IFCQUANTITYAREA('GrossArea',$,$,0.0299000000000004);
#1660= IFCQUANTITYVOLUME('NetVolume',$,$,0.000280412706931566);
#1661= IFCELEMENTQUANTITY('3hAhfwTX57NRPKh2daWQN5',#5,'BaseQuantities',$,$,(#1657,#1658,#1659,#1160,#1660,#1605));
#1662= IFCCOLOURRGB('Light Red',0.905882352941176,0.325490196078431,0.36078431372549);
#1663= IFCSURFACESTYLERENDERING(#1662,0.,$,$,$,$,IFCNORMALISEDRATIOMEASURE(0.00390625),IFCSPECULAREXPONENT(10.),.NOTDEFINED.);
#1664= IFCSURFACESTYLE('STEEL/S275',.POSITIVE.,(#1663));
#1665= IFCPRESENTATIONSTYLEASSIGNMENT((#1664));
#1666= IFCCARTESIANPOINT((0.,-6.,0.));
#1667= IFCCARTESIANPOINT((-9.09494701772928E-13,-6.,250.));
#1668= IFCCARTESIANPOINT((-9.09494701772928E-13,6.,250.));
#1669= IFCCARTESIANPOINT((0.,6.,0.));
#1670= IFCPOLYLOOP((#1666,#1667,#1668,#1669));
#1671= IFCFACEOUTERBOUND(#1670,.T.);
#1672= IFCFACE((#1671));
#1673= IFCCARTESIANPOINT((350.,-6.,250.));
#1674= IFCCARTESIANPOINT((350.,6.,250.));
#1675= IFCPOLYLOOP((#1667,#1673,#1674,#1668));
#1676= IFCFACEOUTERBOUND(#1675,.T.);
#1677= IFCFACE((#1676));
#1678= IFCCARTESIANPOINT((350.,-6.,0.));
#1679= IFCCARTESIANPOINT((350.,6.,0.));
#1680= IFCPOLYLOOP((#1673,#1678,#1679,#1674));
#1681= IFCFACEOUTERBOUND(#1680,.T.);
#1682= IFCFACE((#1681));
#1683= IFCPOLYLOOP((#1678,#1666,#1669,#1679));
#1684= IFCFACEOUTERBOUND(#1683,.T.);
#1685= IFCFACE((#1684));
#1686= IFCPOLYLOOP((#1674,#1679,#1669,#1668));
#1687= IFCFACEOUTERBOUND(#1686,.T.);
#1688= IFCFACE((#1687));
#1689= IFCPOLYLOOP((#1678,#1673,#1667,#1666));
#1690= IFCFACEOUTERBOUND(#1689,.T.);
#1691= IFCFACE((#1690));
#1692= IFCCLOSEDSHELL((#1672,#1677,#1682,#1685,#1688,#1691));
#1693= IFCFACETEDBREP(#1692);
#1694= IFCSTYLEDITEM(#1693,(#1665),$);
#1695= IFCSHAPEREPRESENTATION(#12,'Body','Brep',(#1693));
#1696= IFCPRODUCTDEFINITIONSHAPE($,$,(#1695));
#1697= IFCCARTESIANPOINT((1115.00274662643,11351.0027465543,16879.9995422363));
#1698= IFCAXIS2PLACEMENT3D(#1697,#866,#7);
#1699= IFCLOCALPLACEMENT(#42,#1698);
#1700= IFCPLATE('2vWV11PhD6VhzOmtRaFrGl',#1464,'PLATE-12','PL12*250',$,#1699,#1696,'IDb981f041-66b3-467e-bf58-c376e43f542f');
#1701= IFCPLATETYPE('24_MM8Dd95OunNJ1wcWHs$',#5,'PL12*250',$,$,$,$,$,$,.NOTDEFINED.);
#1702= IFCPROPERTYSINGLEVALUE('Preliminary mark',$,IFCLABEL('5-2-P28'),$);
#1703= IFCPROPERTYSINGLEVALUE('Class',$,IFCLABEL('16'),$);
#1704= IFCPROPERTYSET('0oOIfPZkb3qegjmpiNwmvG',#5,'Tekla Common','Common Properties to Shared building elements',(#1408,#1462,#1140,#1702,#1142,#1703));
#1705= IFCPROPERTYSINGLEVALUE('Weight',$,IFCMASSMEASURE(8.24),$);
#1706= IFCPROPERTYSINGLEVALUE('Volume',$,IFCVOLUMEMEASURE(0.001),$);
#1707= IFCPROPERTYSINGLEVALUE('Gross footprint area',$,IFCAREAMEASURE(0.004),$);
#1708= IFCPROPERTYSINGLEVALUE('Area per tons',$,IFCAREAMEASURE(22.978),$);
#1709= IFCPROPERTYSINGLEVALUE('Net surface area',$,IFCAREAMEASURE(0.189),$);
#1710= IFCPROPERTYSINGLEVALUE('Height',$,IFCLENGTHMEASURE(250.),$);
#1711= IFCPROPERTYSINGLEVALUE('Width',$,IFCLENGTHMEASURE(12.),$);
#1712= IFCPROPERTYSET('1Nv9fybofFFAVEcDx1dk9d',#5,'Tekla Quantity','Quantity Properties to Shared building elements',(#1705,#1706,#1707,#1708,#1709,#1710,#1711,#1417));
#1713= IFCPROPERTYSINGLEVALUE('Reference',$,IFCIDENTIFIER('5-2-P28'),$);
#1714= IFCPROPERTYSET('34U2wELbH7eeD_co68Ctsl',#5,'Pset_PlateCommon','Common Properties to plate elements',(#1154,#1713));
#1715= IFCQUANTITYLENGTH('Width',$,$,250.);
#1716= IFCQUANTITYAREA('NetArea',$,$,0.1894);
#1717= IFCQUANTITYAREA('GrossArea',$,$,0.0875000000000002);
#1718= IFCQUANTITYAREA('CrossSectionArea',$,$,0.000144);
#1719= IFCQUANTITYVOLUME('NetVolume',$,$,0.00105);
#1720= IFCQUANTITYVOLUME('GrossVolume',$,$,0.00105);
#1721= IFCELEMENTQUANTITY('3$q_jLV8v7zO7MXIB8GfVq',#5,'BaseQuantities',$,$,(#1715,#1716,#1717,#1718,#1719,#1720));
#1722= IFCCOLOURRGB('Light Blue',0.23921568627451,0.,0.63921568627451);
#1723= IFCSURFACESTYLERENDERING(#1722,0.,$,$,$,$,IFCNORMALISEDRATIOMEASURE(0.00390625),IFCSPECULAREXPONENT(10.),.NOTDEFINED.);
#1724= IFCSURFACESTYLE('STEEL/S275',.POSITIVE.,(#1723));
#1725= IFCPRESENTATIONSTYLEASSIGNMENT((#1724));
#1726= IFCCARTESIANPOINT((0.,-10.,0.));
#1727= IFCCARTESIANPOINT((0.,-10.,470.));
#1728= IFCCARTESIANPOINT((0.,10.,470.));
#1729= IFCCARTESIANPOINT((0.,10.,0.));
#1730= IFCPOLYLOOP((#1726,#1727,#1728,#1729));
#1731= IFCFACEOUTERBOUND(#1730,.T.);
#1732= IFCFACE((#1731));
#1733= IFCCARTESIANPOINT((350.,-10.,470.));
#1734= IFCCARTESIANPOINT((350.,10.,470.));
#1735= IFCPOLYLOOP((#1727,#1733,#1734,#1728));
#1736= IFCFACEOUTERBOUND(#1735,.T.);
#1737= IFCFACE((#1736));
#1738= IFCCARTESIANPOINT((350.,-10.,0.));
#1739= IFCCARTESIANPOINT((350.,10.,0.));
#1740= IFCPOLYLOOP((#1733,#1738,#1739,#1734));
#1741= IFCFACEOUTERBOUND(#1740,.T.);
#1742= IFCFACE((#1741));
#1743= IFCPOLYLOOP((#1738,#1726,#1729,#1739));
#1744= IFCFACEOUTERBOUND(#1743,.T.);
#1745= IFCFACE((#1744));
#1746= IFCPOLYLOOP((#1734,#1739,#1729,#1728));
#1747= IFCFACEOUTERBOUND(#1746,.T.);
#1748= IFCFACE((#1747));
#1749= IFCPOLYLOOP((#1738,#1733,#1727,#1726));
#1750= IFCFACEOUTERBOUND(#1749,.T.);
#1751= IFCFACE((#1750));
#1752= IFCCLOSEDSHELL((#1732,#1737,#1742,#1745,#1748,#1751));
#1753= IFCFACETEDBREP(#1752);
#1754= IFCSTYLEDITEM(#1753,(#1725),$);
#1755= IFCSHAPEREPRESENTATION(#12,'Body','Brep',(#1753));
#1756= IFCPRODUCTDEFINITIONSHAPE($,$,(#1755));
#1757= IFCCARTESIANPOINT((1465.00274664213,11205.0027465555,16989.9995422363));
#1758= IFCAXIS2PLACEMENT3D(#1757,#866,#1190);
#1759= IFCLOCALPLACEMENT(#42,#1758);
#1760= IFCPLATE('2kHVtKi3vA6vb0us71c9Ik',#44,'PLATE-20','PL20*350',$,#1759,#1756,'IDae45fdd4-b03e-4a1b-9940-e361c19894ae');
#1761= IFCPLATETYPE('0KJ5lTDSn9T9CavnO5luBY',#5,'PL20*350',$,$,$,$,$,$,.NOTDEFINED.);
#1762= IFCPROPERTYSINGLEVALUE('Preliminary mark',$,IFCLABEL('5-2-P27'),$);
#1763= IFCPROPERTYSINGLEVALUE('Class',$,IFCLABEL('14'),$);
#1764= IFCPROPERTYSET('0PtSNPU45EWQ8dkIM4rUeb',#5,'Tekla Common','Common Properties to Shared building elements',(#1255,#1360,#1140,#1762,#1142,#1763));
#1765= IFCPROPERTYSINGLEVALUE('Weight',$,IFCMASSMEASURE(25.83),$);
#1766= IFCPROPERTYSINGLEVALUE('Volume',$,IFCVOLUMEMEASURE(0.003),$);
#1767= IFCPROPERTYSINGLEVALUE('Gross footprint area',$,IFCAREAMEASURE(0.007),$);
#1768= IFCPROPERTYSINGLEVALUE('Area per tons',$,IFCAREAMEASURE(14.009),$);
#1769= IFCPROPERTYSINGLEVALUE('Net surface area',$,IFCAREAMEASURE(0.362),$);
#1770= IFCPROPERTYSINGLEVALUE('Height',$,IFCLENGTHMEASURE(350.),$);
#1771= IFCPROPERTYSINGLEVALUE('Width',$,IFCLENGTHMEASURE(20.),$);
#1772= IFCPROPERTYSINGLEVALUE('Length',$,IFCLENGTHMEASURE(470.),$);
#1773= IFCPROPERTYSET('2owqq8GML4Ixu1KUuXZEhf',#5,'Tekla Quantity','Quantity Properties to Shared building elements',(#1765,#1766,#1767,#1768,#1769,#1770,#1771,#1772));
#1774= IFCPROPERTYSINGLEVALUE('Reference',$,IFCIDENTIFIER('5-2-P27'),$);
#1775= IFCPROPERTYSET('3Xmn3jeUD0mwb5cJHBImaW',#5,'Pset_PlateCommon','Common Properties to plate elements',(#1154,#1774));
#1776= IFCQUANTITYLENGTH('Width',$,$,350.);
#1777= IFCQUANTITYAREA('NetArea',$,$,0.3618);
#1778= IFCQUANTITYAREA('GrossArea',$,$,0.1645);
#1779= IFCQUANTITYAREA('CrossSectionArea',$,$,0.0004);
#1780= IFCQUANTITYVOLUME('NetVolume',$,$,0.00329);
#1781= IFCQUANTITYVOLUME('GrossVolume',$,$,0.00329);
#1782= IFCELEMENTQUANTITY('0e$j6KcVPDJugOKuyXGnoY',#5,'BaseQuantities',$,$,(#1776,#1777,#1778,#1779,#1780,#1781));
#1783= IFCCOLOURRGB('Dark Blue',0.117647058823529,0.262745098039216,0.513725490196078);
#1784= IFCSURFACESTYLERENDERING(#1783,0.,$,$,$,$,IFCNORMALISEDRATIOMEASURE(0.00390625),IFCSPECULAREXPONENT(10.),.NOTDEFINED.);
#1785= IFCSURFACESTYLE('STEEL/S275',.POSITIVE.,(#1784));
#1786= IFCPRESENTATIONSTYLEASSIGNMENT((#1785));
#1787= IFCCARTESIANPOINT((10.,125.,175.));
#1788= IFCCARTESIANPOINT((0.,115.,165.));
#1789= IFCCARTESIANPOINT((0.,-115.,165.));
#1790= IFCCARTESIANPOINT((10.,-125.,175.));
#1791= IFCPOLYLOOP((#1787,#1788,#1789,#1790));
#1792= IFCFACEOUTERBOUND(#1791,.T.);
#1793= IFCFACE((#1792));
#1794= IFCCARTESIANPOINT((0.,115.,-165.));
#1795= IFCCARTESIANPOINT((10.,125.,-175.));
#1796= IFCCARTESIANPOINT((10.,-125.,-175.));
#1797= IFCCARTESIANPOINT((0.,-115.,-165.));
#1798= IFCPOLYLOOP((#1794,#1795,#1796,#1797));
#1799= IFCFACEOUTERBOUND(#1798,.T.);
#1800= IFCFACE((#1799));
#1801= IFCPOLYLOOP((#1795,#1794,#1788,#1787));
#1802= IFCFACEOUTERBOUND(#1801,.T.);
#1803= IFCFACE((#1802));
#1804= IFCPOLYLOOP((#1797,#1796,#1790,#1789));
#1805= IFCFACEOUTERBOUND(#1804,.T.);
#1806= IFCFACE((#1805));
#1807= IFCCARTESIANPOINT((9600.00450683595,115.,165.));
#1808= IFCCARTESIANPOINT((9590.00450683595,125.,175.));
#1809= IFCCARTESIANPOINT((9590.00450683595,-125.,175.));
#1810= IFCCARTESIANPOINT((9600.00450683595,-115.,165.));
#1811= IFCPOLYLOOP((#1807,#1808,#1809,#1810));
#1812= IFCFACEOUTERBOUND(#1811,.T.);
#1813= IFCFACE((#1812));
#1814= IFCCARTESIANPOINT((9600.00450683595,-115.,-165.));
#1815= IFCCARTESIANPOINT((9590.00450683595,-125.,-174.999992420079));
#1816= IFCCARTESIANPOINT((9590.00450683595,125.,-175.));
#1817= IFCCARTESIANPOINT((9600.00450683595,115.,-165.));
#1818= IFCPOLYLOOP((#1814,#1815,#1816,#1817));
#1819= IFCFACEOUTERBOUND(#1818,.T.);
#1820= IFCFACE((#1819));
#1821= IFCPOLYLOOP((#1817,#1816,#1808,#1807));
#1822= IFCFACEOUTERBOUND(#1821,.T.);
#1823= IFCFACE((#1822));
#1824= IFCPOLYLOOP((#1815,#1814,#1810,#1809));
#1825= IFCFACEOUTERBOUND(#1824,.T.);
#1826= IFCFACE((#1825));
#1827= IFCCARTESIANPOINT((4901.09131224427,115.,-165.));
#1828= IFCCARTESIANPOINT((4869.37755445289,115.,-165.));
#1829= IFCCARTESIANPOINT((4872.54960515732,114.999999999993,-174.515027729218));
#1830= IFCPOLYLOOP((#1827,#1828,#1829));
#1831= IFCFACEOUTERBOUND(#1830,.T.);
#1832= IFCFACE((#1831));
#1833= IFCCARTESIANPOINT((4869.37755445289,-115.,-165.));
#1834= IFCCARTESIANPOINT((4872.54960515732,-115.000000000007,-174.515027729218));
#1835= IFCPOLYLOOP((#1829,#1828,#1833,#1834));
#1836= IFCFACEOUTERBOUND(#1835,.T.);
#1837= IFCFACE((#1836));
#1838= IFCCARTESIANPOINT((4901.01089528846,-115.000000000007,-164.999999999944));
#1839= IFCPOLYLOOP((#1838,#1834,#1833));
#1840= IFCFACEOUTERBOUND(#1839,.T.);
#1841= IFCFACE((#1840));
#1842= IFCCARTESIANPOINT((4945.99544198348,115.,-150.030185656292));
#1843= IFCCARTESIANPOINT((4945.99544198348,125.,-150.030185656292));
#1844= IFCCARTESIANPOINT((5725.99953185523,125.,-149.963688245398));
#1845= IFCCARTESIANPOINT((5725.99953185523,115.,-149.963688245398));
#1846= IFCPOLYLOOP((#1842,#1843,#1844,#1845));
#1847= IFCFACEOUTERBOUND(#1846,.T.);
#1848= IFCFACE((#1847));
#1849= IFCPOLYLOOP((#1809,#1808,#1787,#1790));
#1850= IFCFACEOUTERBOUND(#1849,.T.);
#1851= IFCFACE((#1850));
#1852= IFCCARTESIANPOINT((4870.9956058359,125.,-175.));
#1853= IFCCARTESIANPOINT((4870.9956058359,-125.,-175.));
#1854= IFCPOLYLOOP((#1852,#1853,#1796,#1795));
#1855= IFCFACEOUTERBOUND(#1854,.T.);
#1856= IFCFACE((#1855));
#1857= IFCCARTESIANPOINT((4945.99544198348,-125.,-150.030185656292));
#1858= IFCCARTESIANPOINT((5725.99953185523,-125.,-149.963688245398));
#1859= IFCCARTESIANPOINT((5800.99801985046,-125.,-174.997120382938));
#1860= IFCPOLYLOOP((#1853,#1857,#1858,#1859,#1815,#1809,#1790,#1796));
#1861= IFCFACEOUTERBOUND(#1860,.T.);
#1862= IFCFACE((#1861));
#1863= IFCCARTESIANPOINT((5800.99801985046,125.,-175.));
#1864= IFCPOLYLOOP((#1859,#1863,#1816,#1815));
#1865= IFCFACEOUTERBOUND(#1864,.T.);
#1866= IFCFACE((#1865));
#1867= IFCPOLYLOOP((#1808,#1816,#1863,#1844,#1843,#1852,#1795,#1787));
#1868= IFCFACEOUTERBOUND(#1867,.T.);
#1869= IFCFACE((#1868));
#1870= IFCPOLYLOOP((#1794,#1797,#1789,#1788));
#1871= IFCFACEOUTERBOUND(#1870,.T.);
#1872= IFCPOLYLOOP((#1788,#1789,#1797,#1794));
#1873= IFCFACEBOUND(#1872,.T.);
#1874= IFCFACE((#1871,#1873));
#1875= IFCPOLYLOOP((#1789,#1788,#1807,#1810));
#1876= IFCFACEOUTERBOUND(#1875,.T.);
#1877= IFCFACE((#1876));
#1878= IFCPOLYLOOP((#1814,#1817,#1807,#1810));
#1879= IFCFACEOUTERBOUND(#1878,.T.);
#1880= IFCPOLYLOOP((#1810,#1807,#1817,#1814));
#1881= IFCFACEBOUND(#1880,.T.);
#1882= IFCFACE((#1879,#1881));
#1883= IFCCARTESIANPOINT((5802.71790578001,115.,-165.));
#1884= IFCCARTESIANPOINT((5802.71790578001,-115.000000000007,-164.999497447609));
#1885= IFCPOLYLOOP((#1814,#1817,#1883,#1884));
#1886= IFCFACEOUTERBOUND(#1885,.T.);
#1887= IFCFACE((#1886));
#1888= IFCCARTESIANPOINT((5771.04731597165,115.,-165.));
#1889= IFCCARTESIANPOINT((5799.55600438234,114.999999999993,-174.486455653609));
#1890= IFCPOLYLOOP((#1888,#1889,#1883));
#1891= IFCFACEOUTERBOUND(#1890,.T.);
#1892= IFCFACE((#1891));
#1893= IFCCARTESIANPOINT((5799.55600438234,-115.000000000007,-174.486455653609));
#1894= IFCCARTESIANPOINT((5771.04731597165,-115.,-165.));
#1895= IFCPOLYLOOP((#1884,#1893,#1894));
#1896= IFCFACEOUTERBOUND(#1895,.T.);
#1897= IFCFACE((#1896));
#1898= IFCPOLYLOOP((#1883,#1889,#1893,#1884));
#1899= IFCFACEOUTERBOUND(#1898,.T.);
#1900= IFCFACE((#1899));
#1901= IFCCARTESIANPOINT((5725.99953185523,-115.,-149.963688245398));
#1902= IFCPOLYLOOP((#1888,#1845,#1844,#1863,#1859,#1858,#1901,#1894,#1893,#1889));
#1903= IFCFACEOUTERBOUND(#1902,.T.);
#1904= IFCFACE((#1903));
#1905= IFCCARTESIANPOINT((4945.99544198348,-115.,-150.030185656292));
#1906= IFCPOLYLOOP((#1857,#1905,#1901,#1858));
#1907= IFCFACEOUTERBOUND(#1906,.T.);
#1908= IFCFACE((#1907));
#1909= IFCPOLYLOOP((#1797,#1789,#1810,#1814,#1884,#1894,#1901,#1905,#1838,#1833));
#1910= IFCFACEOUTERBOUND(#1909,.T.);
#1911= IFCFACE((#1910));
#1912= IFCPOLYLOOP((#1794,#1797,#1833,#1828));
#1913= IFCFACEOUTERBOUND(#1912,.T.);
#1914= IFCFACE((#1913));
#1915= IFCPOLYLOOP((#1842,#1845,#1888,#1883,#1817,#1807,#1788,#1794,#1828,#1827));
#1916= IFCFACEOUTERBOUND(#1915,.T.);
#1917= IFCFACE((#1916));
#1918= IFCPOLYLOOP((#1905,#1857,#1853,#1852,#1843,#1842,#1827,#1829,#1834,#1838));
#1919= IFCFACEOUTERBOUND(#1918,.T.);
#1920= IFCFACE((#1919));
#1921= IFCCLOSEDSHELL((#1793,#1800,#1803,#1806,#1813,#1820,#1823,#1826,#1832,#1837,#1841,#1848,#1851,#1856,#1862,#1866,#1869,#1874,#1877,#1882,#1887,#1892,#1897,#1900,#1904,#1908,#1911,#1914,#1917,#1920));
#1922= IFCFACETEDBREP(#1921);
#1923= IFCSTYLEDITEM(#1922,(#1786),$);
#1924= IFCSHAPEREPRESENTATION(#12,'Body','Brep',(#1922));
#1925= IFCPRODUCTDEFINITIONSHAPE($,$,(#1924));
#1926= IFCCARTESIANPOINT((1290.00274663161,11357.002746582,16754.9995422363));
#1927= IFCAXIS2PLACEMENT3D(#1926,#1190,#8);
#1928= IFCLOCALPLACEMENT(#42,#1927);
#1929= IFCBEAM('3mx$dB56z3SPKrpA3XaoT4',#44,'B2-\S\?\S\Z350x250x10','TUB350X250X10 ',$,#1928,#1925,'IDf0eff9cb-146f-4371-9535-cca0e1932744');
#1930= IFCBEAMTYPE('0xklRDdNL4RgQQS$0oEFZv',#5,'TUB350X250X10 ',$,$,$,$,$,$,.NOTDEFINED.);
#1931= IFCPROPERTYSINGLEVALUE('Preliminary mark',$,IFCLABEL('5-2-P29'),$);
#1932= IFCPROPERTYSINGLEVALUE('Class',$,IFCLABEL('4'),$);
#1933= IFCPROPERTYSET('2grUgctM54Sez9SGi2DZ5r',#5,'Tekla Common','Common Properties to Shared building elements',(#1408,#1462,#1140,#1931,#1142,#1932));
#1934= IFCPROPERTYSINGLEVALUE('Weight',$,IFCMASSMEASURE(853.1),$);
#1935= IFCPROPERTYSINGLEVALUE('Volume',$,IFCVOLUMEMEASURE(0.109),$);
#1936= IFCPROPERTYSINGLEVALUE('Gross footprint area',$,IFCAREAMEASURE(3.339),$);
#1937= IFCPROPERTYSINGLEVALUE('Area per tons',$,IFCAREAMEASURE(13.147),$);
#1938= IFCPROPERTYSINGLEVALUE('Net surface area',$,IFCAREAMEASURE(11.216),$);
#1939= IFCPROPERTYSINGLEVALUE('Width',$,IFCLENGTHMEASURE(250.),$);
#1940= IFCPROPERTYSINGLEVALUE('Length',$,IFCLENGTHMEASURE(9600.),$);
#1941= IFCPROPERTYSET('25MdF9kXX7EuVOWZYNfCEc',#5,'Tekla Quantity','Quantity Properties to Shared building elements',(#1934,#1935,#1936,#1937,#1938,#1770,#1939,#1940));
#1942= IFCPROPERTYSINGLEVALUE('Reference',$,IFCIDENTIFIER('5-2-P29'),$);
#1943= IFCPROPERTYSET('1JdC6N6Tn5E8oSRF9M93xO',#5,'Pset_BeamCommon','Common Properties to beam elements',(#1154,#1942));
#1944= IFCQUANTITYLENGTH('Length',$,$,9600.00450683595);
#1945= IFCQUANTITYAREA('OuterSurfaceArea',$,$,11.2158691977079);
#1946= IFCQUANTITYVOLUME('NetVolume',$,$,0.108674943663159);
#1947= IFCQUANTITYWEIGHT('NetWeight',$,$,853.0983077558);
#1948= IFCELEMENTQUANTITY('3HTYW$DCH7KgLfbYxtcdnS',#5,'BaseQuantities',$,$,(#1944,#1945,#1946,#1947));
#1949= IFCMAPPEDITEM(#861,#122);
#1950= IFCSHAPEREPRESENTATION(#12,'Body','MappedRepresentation',(#1949));
#1951= IFCPRODUCTDEFINITIONSHAPE($,$,(#1950));
#1952= IFCCARTESIANPOINT((1170.00274659802,21139.0127465806,16579.9995422363));
#1953= IFCAXIS2PLACEMENT3D(#1952,#7,#866);
#1954= IFCLOCALPLACEMENT(#42,#1953);
#1955= IFCMECHANICALFASTENER('3_rk7S4ATCL8sQBmA3bUVl',#337,'Bolt assembly',$,$,#1954,#1951,'IDfed6e1dc-10a7-4c54-8d9a-2f028395e7ef',24.,85.);
#1956= IFCMAPPEDITEM(#861,#122);
#1957= IFCSHAPEREPRESENTATION(#12,'Body','MappedRepresentation',(#1956));
#1958= IFCPRODUCTDEFINITIONSHAPE($,$,(#1957));
#1959= IFCCARTESIANPOINT((1290.00274659802,21139.012746581,16579.9995422363));
#1960= IFCAXIS2PLACEMENT3D(#1959,#7,#866);
#1961= IFCLOCALPLACEMENT(#42,#1960);
#1962= IFCMECHANICALFASTENER('27i1D4mRvDNBrmwsSsFemX',#337,'Bolt assembly',$,$,#1961,#1958,'ID87b01344-c1be-4d5c-bd70-eb67363e8c21',24.,85.);
#1963= IFCMAPPEDITEM(#861,#122);
#1964= IFCSHAPEREPRESENTATION(#12,'Body','MappedRepresentation',(#1963));
#1965= IFCPRODUCTDEFINITIONSHAPE($,$,(#1964));
#1966= IFCCARTESIANPOINT((1410.00274659802,21139.0127465813,16579.9995422363));
#1967= IFCAXIS2PLACEMENT3D(#1966,#7,#866);
#1968= IFCLOCALPLACEMENT(#42,#1967);
#1969= IFCMECHANICALFASTENER('0wor5q$_L9p9iDYx$N2Ti9',#337,'Bolt assembly',$,$,#1968,#1965,'ID3acb5174-ffe5-49cc-9b0d-8bbfd709db09',24.,85.);
#1970= IFCMAPPEDITEM(#861,#122);
#1971= IFCSHAPEREPRESENTATION(#12,'Body','MappedRepresentation',(#1970));
#1972= IFCPRODUCTDEFINITIONSHAPE($,$,(#1971));
#1973= IFCCARTESIANPOINT((1170.00274659802,21139.0127465806,16699.9995422363));
#1974= IFCAXIS2PLACEMENT3D(#1973,#7,#866);
#1975= IFCLOCALPLACEMENT(#42,#1974);
#1976= IFCMECHANICALFASTENER('3BXmoeCV13nwrjpaDLL0bW',#337,'Bolt assembly',$,$,#1975,#1972,'IDcb870ca8-31f0-43c7-ad6d-ce4355540960',24.,85.);
#1977= IFCMAPPEDITEM(#861,#122);
#1978= IFCSHAPEREPRESENTATION(#12,'Body','MappedRepresentation',(#1977));
#1979= IFCPRODUCTDEFINITIONSHAPE($,$,(#1978));
#1980= IFCCARTESIANPOINT((1410.00274659802,21139.0127465813,16699.9995422363));
#1981= IFCAXIS2PLACEMENT3D(#1980,#7,#866);
#1982= IFCLOCALPLACEMENT(#42,#1981);
#1983= IFCMECHANICALFASTENER('18tlWk4JD8UP4ObfPjTMvI',#337,'Bolt assembly',$,$,#1982,#1979,'ID48def82e-1133-4879-9118-96966d756e52',24.,85.);
#1984= IFCMAPPEDITEM(#861,#122);
#1985= IFCSHAPEREPRESENTATION(#12,'Body','MappedRepresentation',(#1984));
#1986= IFCPRODUCTDEFINITIONSHAPE($,$,(#1985));
#1987= IFCCARTESIANPOINT((1170.00274659802,21139.0127465806,16814.9995422363));
#1988= IFCAXIS2PLACEMENT3D(#1987,#7,#866);
#1989= IFCLOCALPLACEMENT(#42,#1988);
#1990= IFCMECHANICALFASTENER('1epW2_fOT1jOPKBhHaXsMD',#337,'Bolt assembly',$,$,#1989,#1986,'ID68ce00be-a587-41b5-8654-2eb46487658d',24.,85.);
#1991= IFCMAPPEDITEM(#861,#122);
#1992= IFCSHAPEREPRESENTATION(#12,'Body','MappedRepresentation',(#1991));
#1993= IFCPRODUCTDEFINITIONSHAPE($,$,(#1992));
#1994= IFCCARTESIANPOINT((1410.00274659802,21139.0127465813,16814.9995422363));
#1995= IFCAXIS2PLACEMENT3D(#1994,#7,#866);
#1996= IFCLOCALPLACEMENT(#42,#1995);
#1997= IFCMECHANICALFASTENER('0$uVlqgCrBvAhchRTdDNag',#337,'Bolt assembly',$,$,#1996,#1993,'ID3fe1fbf4-a8cd-4be4-aae6-adb76735792a',24.,85.);
#1998= IFCMAPPEDITEM(#861,#122);
#1999= IFCSHAPEREPRESENTATION(#12,'Body','MappedRepresentation',(#1998));
#2000= IFCPRODUCTDEFINITIONSHAPE($,$,(#1999));
#2001= IFCCARTESIANPOINT((1170.00274659802,21139.0127465806,16929.9995422363));
#2002= IFCAXIS2PLACEMENT3D(#2001,#7,#866);
#2003= IFCLOCALPLACEMENT(#42,#2002);
#2004= IFCMECHANICALFASTENER('2Nh6FPZajFvg2agFwqf_5a',#337,'Bolt assembly',$,$,#2003,#2000,'ID97ac63d9-8e4b-4fe6-a0a4-a8feb4a7e164',24.,85.);
#2005= IFCMAPPEDITEM(#861,#122);
#2006= IFCSHAPEREPRESENTATION(#12,'Body','MappedRepresentation',(#2005));
#2007= IFCPRODUCTDEFINITIONSHAPE($,$,(#2006));
#2008= IFCCARTESIANPOINT((1290.00274659802,21139.012746581,16929.9995422363));
#2009= IFCAXIS2PLACEMENT3D(#2008,#7,#866);
#2010= IFCLOCALPLACEMENT(#42,#2009);
#2011= IFCMECHANICALFASTENER('2Apdt5$3v6G9$4Hv_r7tEQ',#337,'Bolt assembly',$,$,#2010,#2007,'ID8ace7dc5-fc3e-4640-9fc4-479fb51f739a',24.,85.);
#2012= IFCMAPPEDITEM(#861,#122);
#2013= IFCSHAPEREPRESENTATION(#12,'Body','MappedRepresentation',(#2012));
#2014= IFCPRODUCTDEFINITIONSHAPE($,$,(#2013));
#2015= IFCCARTESIANPOINT((1410.00274659802,21139.0127465813,16929.9995422363));
#2016= IFCAXIS2PLACEMENT3D(#2015,#7,#866);
#2017= IFCLOCALPLACEMENT(#42,#2016);
#2018= IFCMECHANICALFASTENER('3AO1RYpiv3DBDF7zfSa$RR',#337,'Bolt assembly',$,$,#2017,#2014,'IDca6016e2-cece-4334-b34f-1fda5c93f6db',24.,85.);
#2019= IFCSHAPEREPRESENTATION(#12,'Body','Brep',(#1129));
#2020= IFCPRODUCTDEFINITIONSHAPE($,$,(#2019));
#2021= IFCCARTESIANPOINT((1230.00274660606,21099.0072534167,16754.9995422363));
#2022= IFCDIRECTION((0.,-1.,0.));
#2023= IFCAXIS2PLACEMENT3D(#2021,#7,#2022);
#2024= IFCLOCALPLACEMENT(#42,#2023);
#2025= IFCPLATE('0EgWFqABr6BeIUJXM2Sfs5',#44,'PLATE-10','PL10*120',$,#2024,#2020,'ID0eaa03f4-28bd-462e-849e-4e1582729d85');
#2026= IFCSHAPEREPRESENTATION(#12,'Body','Brep',(#1185));
#2027= IFCPRODUCTDEFINITIONSHAPE($,$,(#2026));
#2028= IFCCARTESIANPOINT((1219.99725344199,21099.0072534167,16754.9995422363));
#2029= IFCAXIS2PLACEMENT3D(#2028,#1190,#2022);
#2030= IFCLOCALPLACEMENT(#42,#2029);
#2031= IFCPLATE('1QfJRVVQv7MAusaJR1H$uU',#44,'PLATE-10','PL10*105',$,#2030,#2027,'ID5aa536df-7dae-4758-ae36-9136c147fe1e');
#2032= IFCSHAPEREPRESENTATION(#12,'Body','Brep',(#1185));
#2033= IFCPRODUCTDEFINITIONSHAPE($,$,(#2032));
#2034= IFCCARTESIANPOINT((1360.00274660606,21099.0072534172,16754.9995422363));
#2035= IFCAXIS2PLACEMENT3D(#2034,#7,#2022);
#2036= IFCLOCALPLACEMENT(#42,#2035);
#2037= IFCPLATE('3W3XFuY9v3MOIrGxFmwKsP',#44,'PLATE-10','PL10*105',$,#2036,#2033,'IDe00e13f8-889e-4359-84b5-43b3f0e94d99');
#2038= IFCSHAPEREPRESENTATION(#12,'Body','Brep',(#1246));
#2039= IFCPRODUCTDEFINITIONSHAPE($,$,(#2038));
#2040= IFCCARTESIANPOINT((1225.00274660606,21099.0072534167,16629.9995422363));
#2041= IFCAXIS2PLACEMENT3D(#2040,#866,#2022);
#2042= IFCLOCALPLACEMENT(#42,#2041);
#2043= IFCPLATE('3fknVzRGPDyxo4zUWeBYTi',#337,'PLATE-10','PL10*110',$,#2042,#2039,'IDe9bb17fd-6d06-4df3-bc84-f5e8282e276c');
#2044= IFCSHAPEREPRESENTATION(#12,'Body','Brep',(#1246));
#2045= IFCPRODUCTDEFINITIONSHAPE($,$,(#2044));
#2046= IFCCARTESIANPOINT((1355.00274660606,21099.0072534171,16629.9995422363));
#2047= IFCAXIS2PLACEMENT3D(#2046,#866,#2022);
#2048= IFCLOCALPLACEMENT(#42,#2047);
#2049= IFCPLATE('09Oq6kSWT919xb_uuK9TMD',#337,'PLATE-10','PL10*110',$,#2048,#2045,'ID096341ae-7207-4904-9ee5-fb8e1425d58d');
#2050= IFCSHAPEREPRESENTATION(#12,'Body','Brep',(#1351));
#2051= IFCPRODUCTDEFINITIONSHAPE($,$,(#2050));
#2052= IFCCARTESIANPOINT((1225.00274660606,21099.0072534167,16989.9995422363));
#2053= IFCAXIS2PLACEMENT3D(#2052,#866,#2022);
#2054= IFCLOCALPLACEMENT(#42,#2053);
#2055= IFCPLATE('1gSmayBx14hh5cNCd3TPor',#337,'PLATE-10','PL10*110',$,#2054,#2051,'ID6a73093c-2fb0-44ae-b166-5cc9c3759cb5');
#2056= IFCSHAPEREPRESENTATION(#12,'Body','Brep',(#1351));
#2057= IFCPRODUCTDEFINITIONSHAPE($,$,(#2056));
#2058= IFCCARTESIANPOINT((1355.00274660606,21099.0072534171,16989.9995422363));
#2059= IFCAXIS2PLACEMENT3D(#2058,#866,#2022);
#2060= IFCLOCALPLACEMENT(#42,#2059);
#2061= IFCPLATE('1Iumar_HP5kuupfiVLSUVP',#337,'PLATE-10','PL10*110',$,#2060,#2057,'ID52e30935-f916-45bb-8e33-a6c7d571e7d9');
#2062= IFCSHAPEREPRESENTATION(#12,'Body','Brep',(#1693));
#2063= IFCPRODUCTDEFINITIONSHAPE($,$,(#2062));
#2064= IFCCARTESIANPOINT((1115.00274658927,20963.0072534163,16879.9995422363));
#2065= IFCAXIS2PLACEMENT3D(#2064,#866,#7);
#2066= IFCLOCALPLACEMENT(#42,#2065);
#2067= IFCPLATE('3xBCRM9rT2DABNMVrWQiG8',#1464,'PLATE-12','PL12*250',$,#2066,#2063,'IDfb2cc6d6-2757-4234-a2d7-59fd606ac408');
#2068= IFCSHAPEREPRESENTATION(#12,'Body','Brep',(#1649));
#2069= IFCPRODUCTDEFINITIONSHAPE($,$,(#2068));
#2070= IFCCARTESIANPOINT((1355.00274660606,21099.0072534171,16869.9995422363));
#2071= IFCAXIS2PLACEMENT3D(#2070,#866,#2022);
#2072= IFCLOCALPLACEMENT(#42,#2071);
#2073= IFCPLATE('0fcQOFT25DCAfkpSKLIdgL',#1464,'PLATE-10','PL10*130',$,#2072,#2069,'ID2999a60f-7421-4d30-aa6e-cdc5154a7a95');
#2074= IFCSHAPEREPRESENTATION(#12,'Body','Brep',(#1582));
#2075= IFCPRODUCTDEFINITIONSHAPE($,$,(#2074));
#2076= IFCCARTESIANPOINT((1225.00274660606,21099.0072534166,16869.9995422363));
#2077= IFCAXIS2PLACEMENT3D(#2076,#866,#2022);
#2078= IFCLOCALPLACEMENT(#42,#2077);
#2079= IFCPLATE('0w1i_XMVrBXvcqYJrkqTdN',#44,'PLATE-10','PL10*130',$,#2078,#2075,'ID3a06cfa1-59fd-4b87-99b4-893d6ed1d9d7');
#2080= IFCSHAPEREPRESENTATION(#12,'Body','Brep',(#1453));
#2081= IFCPRODUCTDEFINITIONSHAPE($,$,(#2080));
#2082= IFCCARTESIANPOINT((1465.00274660606,21099.0072534176,16634.9995422363));
#2083= IFCAXIS2PLACEMENT3D(#2082,#2022,#1190);
#2084= IFCLOCALPLACEMENT(#42,#2083);
#2085= IFCPLATE('0yuzVADFHCXvMjCkurRknw',#44,'PLATE-10','PL10*130',$,#2084,#2081,'ID3ce3d7ca-34f4-4c87-95ad-32ee356eec7a');
#2086= IFCCLOSEDSHELL((#1385,#1379,#1388,#1391,#1394,#1397));
#2087= IFCFACETEDBREP(#2086);
#2088= IFCSTYLEDITEM(#2087,(#941),$);
#2089= IFCSHAPEREPRESENTATION(#12,'Body','Brep',(#2087));
#2090= IFCPRODUCTDEFINITIONSHAPE($,$,(#2089));
#2091= IFCCARTESIANPOINT((1465.00274660606,21099.0072534176,16874.9995422363));
#2092= IFCAXIS2PLACEMENT3D(#2091,#2022,#1190);
#2093= IFCLOCALPLACEMENT(#42,#2092);
#2094= IFCPLATE('2yRv1QJGfDUObzRxwZr2kC',#44,'PLATE-10','PL10*130',$,#2093,#2090,'IDbc6f905a-4d0a-4d79-897d-6fbea3d42b8c');
#2095= IFCQUANTITYVOLUME('NetVolume',$,$,0.000419999999999998);
#2096= IFCELEMENTQUANTITY('1P00jg$yrEweP69jNoeNtK',#5,'BaseQuantities',$,$,(#1421,#1422,#1423,#1160,#2095,#1425));
#2097= IFCSHAPEREPRESENTATION(#12,'Body','Brep',(#1753));
#2098= IFCPRODUCTDEFINITIONSHAPE($,$,(#2097));
#2099= IFCCARTESIANPOINT((1465.00274660617,21109.0072534176,16989.9995422363));
#2100= IFCAXIS2PLACEMENT3D(#2099,#866,#1190);
#2101= IFCLOCALPLACEMENT(#42,#2100);
#2102= IFCPLATE('17G17kZ55B0Be1JOXyhjFO',#44,'PLATE-20','PL20*350',$,#2101,#2098,'ID474011ee-8c51-4b00-ba01-4d887caed3d8');
#2103= IFCCARTESIANPOINT((85.8973922729037,-5.00000000000909,230.));
#2104= IFCCARTESIANPOINT((85.8973922729037,-5.00000000000909,0.));
#2105= IFCCARTESIANPOINT((85.897392272911,4.99999999999363,0.));
#2106= IFCCARTESIANPOINT((85.897392272911,4.99999999999363,230.));
#2107= IFCPOLYLOOP((#2103,#2104,#2105,#2106));
#2108= IFCFACEOUTERBOUND(#2107,.T.);
#2109= IFCFACE((#2108));
#2110= IFCCARTESIANPOINT((8.47073174118304,-5.00000000000273,230.));
#2111= IFCCARTESIANPOINT((8.47073174118304,-5.00000000000273,0.));
#2112= IFCPOLYLOOP((#2104,#2103,#2110,#2111));
#2113= IFCFACEOUTERBOUND(#2112,.T.);
#2114= IFCFACE((#2113));
#2115= IFCCARTESIANPOINT((5.13951019216984,5.,0.));
#2116= IFCPOLYLOOP((#2105,#2104,#2111,#2115));
#2117= IFCFACEOUTERBOUND(#2116,.T.);
#2118= IFCFACE((#2117));
#2119= IFCCARTESIANPOINT((5.13951019216984,5.,230.));
#2120= IFCPOLYLOOP((#2106,#2105,#2115,#2119));
#2121= IFCFACEOUTERBOUND(#2120,.T.);
#2122= IFCFACE((#2121));
#2123= IFCPOLYLOOP((#2103,#2106,#2119,#2110));
#2124= IFCFACEOUTERBOUND(#2123,.T.);
#2125= IFCFACE((#2124));
#2126= IFCPOLYLOOP((#2115,#2111,#2110,#2119));
#2127= IFCFACEOUTERBOUND(#2126,.T.);
#2128= IFCFACE((#2127));
#2129= IFCCLOSEDSHELL((#2109,#2114,#2118,#2122,#2125,#2128));
#2130= IFCFACETEDBREP(#2129);
#2131= IFCSTYLEDITEM(#2130,(#941),$);
#2132= IFCSHAPEREPRESENTATION(#12,'Body','Brep',(#2130));
#2133= IFCPRODUCTDEFINITIONSHAPE($,$,(#2132));
#2134= IFCCARTESIANPOINT((1432.59226912414,16309.4533555816,16869.9995422363));
#2135= IFCDIRECTION((0.316122177858303,-0.948718487574751,0.));
#2136= IFCAXIS2PLACEMENT3D(#2134,#866,#2135);
#2137= IFCLOCALPLACEMENT(#42,#2136);
#2138= IFCPLATE('0x8Z$tcVvD3g6KRg3Es0c9',#337,'PLATE-10','PL10*80.8',$,#2137,#2133,'ID3b223ff7-99fe-4d0e-a194-6ea0ced80989');
#2139= IFCPLATETYPE('1pNnekAb99Zg7p09T$i0kz',#5,'PL10*80.8',$,$,$,$,$,$,.NOTDEFINED.);
#2140= IFCPROPERTYSINGLEVALUE('Preliminary mark',$,IFCLABEL('5-2-P111'),$);
#2141= IFCPROPERTYSET('18u33z9uPAx9bd2Kk05eEk',#5,'Tekla Common','Common Properties to Shared building elements',(#1590,#1591,#1140,#2140,#1142,#1143));
#2142= IFCPROPERTYSINGLEVALUE('Weight',$,IFCMASSMEASURE(1.43),$);
#2143= IFCPROPERTYSINGLEVALUE('Area per tons',$,IFCAREAMEASURE(29.894),$);
#2144= IFCPROPERTYSINGLEVALUE('Net surface area',$,IFCAREAMEASURE(0.043),$);
#2145= IFCPROPERTYSINGLEVALUE('Height',$,IFCLENGTHMEASURE(80.8),$);
#2146= IFCPROPERTYSET('11r01O3499L8_FhiiuoHDL',#5,'Tekla Quantity','Quantity Properties to Shared building elements',(#2142,#1146,#1260,#2143,#2144,#2145,#1151,#1597));
#2147= IFCPROPERTYSINGLEVALUE('Reference',$,IFCIDENTIFIER('5-2-P111'),$);
#2148= IFCPROPERTYSET('0Se5kKwT1469HMeH01DXO6',#5,'Pset_PlateCommon','Common Properties to plate elements',(#1154,#2147));
#2149= IFCQUANTITYLENGTH('Width',$,$,80.757882080712);
#2150= IFCQUANTITYAREA('NetArea',$,$,0.0426885495484838);
#2151= IFCQUANTITYAREA('GrossArea',$,$,0.0185743128785638);
#2152= IFCQUANTITYVOLUME('NetVolume',$,$,0.000181912224004417);
#2153= IFCQUANTITYVOLUME('GrossVolume',$,$,0.000197564002227783);
#2154= IFCELEMENTQUANTITY('2X5CWn31TBJR4QqL2qBGZL',#5,'BaseQuantities',$,$,(#2149,#2150,#2151,#1160,#2152,#2153));
#2155= IFCCARTESIANPOINT((85.9722290039062,-5.00000000001091,230.));
#2156= IFCCARTESIANPOINT((85.9722290039062,-5.00000000001091,0.));
#2157= IFCCARTESIANPOINT((85.9722290039135,4.99999999998818,0.));
#2158= IFCCARTESIANPOINT((85.9722290039135,4.99999999998818,230.));
#2159= IFCPOLYLOOP((#2155,#2156,#2157,#2158));
#2160= IFCFACEOUTERBOUND(#2159,.T.);
#2161= IFCFACE((#2160));
#2162= IFCCARTESIANPOINT((8.4326287776712,4.99999999999864,230.));
#2163= IFCCARTESIANPOINT((5.09973679758332,-5.00000000000045,230.));
#2164= IFCPOLYLOOP((#2155,#2158,#2162,#2163));
#2165= IFCFACEOUTERBOUND(#2164,.T.);
#2166= IFCFACE((#2165));
#2167= IFCCARTESIANPOINT((5.09973679758332,-5.00000000000045,0.));
#2168= IFCPOLYLOOP((#2156,#2155,#2163,#2167));
#2169= IFCFACEOUTERBOUND(#2168,.T.);
#2170= IFCFACE((#2169));
#2171= IFCCARTESIANPOINT((8.4326287776712,4.99999999999864,0.));
#2172= IFCPOLYLOOP((#2157,#2156,#2167,#2171));
#2173= IFCFACEOUTERBOUND(#2172,.T.);
#2174= IFCFACE((#2173));
#2175= IFCPOLYLOOP((#2158,#2157,#2171,#2162));
#2176= IFCFACEOUTERBOUND(#2175,.T.);
#2177= IFCFACE((#2176));
#2178= IFCPOLYLOOP((#2167,#2163,#2162,#2171));
#2179= IFCFACEOUTERBOUND(#2178,.T.);
#2180= IFCFACE((#2179));
#2181= IFCCLOSEDSHELL((#2161,#2166,#2170,#2174,#2177,#2180));
#2182= IFCFACETEDBREP(#2181);
#2183= IFCSTYLEDITEM(#2182,(#941),$);
#2184= IFCSHAPEREPRESENTATION(#12,'Body','Brep',(#2182));
#2185= IFCPRODUCTDEFINITIONSHAPE($,$,(#2184));
#2186= IFCCARTESIANPOINT((1432.56215725255,17076.5782038288,16869.9995422363));
#2187= IFCDIRECTION((0.316190081867372,0.948695858602063,0.));
#2188= IFCAXIS2PLACEMENT3D(#2186,#866,#2187);
#2189= IFCLOCALPLACEMENT(#42,#2188);
#2190= IFCPLATE('0Bac1WS198k9_TChsKKqis',#337,'PLATE-10','PL10*80.9',$,#2189,#2185,'ID0b926060-7012-48b8-9f9d-32bd94534b36');
#2191= IFCPLATETYPE('2OK9hoYfr2thHdB0CeWALk',#5,'PL10*80.9',$,$,$,$,$,$,.NOTDEFINED.);
#2192= IFCPROPERTYSINGLEVALUE('Area per tons',$,IFCAREAMEASURE(29.889),$);
#2193= IFCPROPERTYSET('2a$8ME9YX4Wue7A4wwPqBy',#5,'Tekla Quantity','Quantity Properties to Shared building elements',(#2142,#1146,#1260,#2192,#2144,#2145,#1151,#1597));
#2194= IFCQUANTITYLENGTH('Width',$,$,80.8724922063338);
#2195= IFCQUANTITYAREA('NetArea',$,$,0.0427432829578478);
#2196= IFCQUANTITYAREA('GrossArea',$,$,0.0186006732074568);
#2197= IFCQUANTITYVOLUME('NetVolume',$,$,0.000182173906297444);
#2198= IFCQUANTITYVOLUME('GrossVolume',$,$,0.000197736126708984);
#2199= IFCELEMENTQUANTITY('21YL1jZ9r07fUjov$IGVUu',#5,'BaseQuantities',$,$,(#2194,#2195,#2196,#1160,#2197,#2198));
#2200= IFCCARTESIANPOINT((0.,-5.,230.));
#2201= IFCCARTESIANPOINT((0.,5.,230.));
#2202= IFCPOLYLOOP((#1279,#2200,#2201,#1282));
#2203= IFCFACEOUTERBOUND(#2202,.T.);
#2204= IFCFACE((#2203));
#2205= IFCCARTESIANPOINT((764.014953613281,-5.,230.));
#2206= IFCCARTESIANPOINT((764.014953613281,5.,230.));
#2207= IFCPOLYLOOP((#2200,#2205,#2206,#2201));
#2208= IFCFACEOUTERBOUND(#2207,.T.);
#2209= IFCFACE((#2208));
#2210= IFCCARTESIANPOINT((764.014953613281,-5.,0.));
#2211= IFCCARTESIANPOINT((764.014953613281,5.,0.));
#2212= IFCPOLYLOOP((#2205,#2210,#2211,#2206));
#2213= IFCFACEOUTERBOUND(#2212,.T.);
#2214= IFCFACE((#2213));
#2215= IFCPOLYLOOP((#2210,#1279,#1282,#2211));
#2216= IFCFACEOUTERBOUND(#2215,.T.);
#2217= IFCFACE((#2216));
#2218= IFCPOLYLOOP((#2206,#2211,#1282,#2201));
#2219= IFCFACEOUTERBOUND(#2218,.T.);
#2220= IFCFACE((#2219));
#2221= IFCPOLYLOOP((#2210,#2205,#2200,#1279));
#2222= IFCFACEOUTERBOUND(#2221,.T.);
#2223= IFCFACE((#2222));
#2224= IFCCLOSEDSHELL((#2204,#2209,#2214,#2217,#2220,#2223));
#2225= IFCFACETEDBREP(#2224);
#2226= IFCSTYLEDITEM(#2225,(#941),$);
#2227= IFCSHAPEREPRESENTATION(#12,'Body','Brep',(#2225));
#2228= IFCPRODUCTDEFINITIONSHAPE($,$,(#2227));
#2229= IFCCARTESIANPOINT((1435.0164415542,17075.0022815328,16869.9995422363));
#2230= IFCAXIS2PLACEMENT3D(#2229,#866,#2022);
#2231= IFCLOCALPLACEMENT(#42,#2230);
#2232= IFCPLATE('3spoJkOrzBegjApwxzfgAV',#337,'PLATE-10','PL10*230',$,#2231,#2228,'IDf6cf24ee-635f-4ba2-ab4a-cfaefda6a29f');
#2233= IFCPLATETYPE('03Rbo6C0976wkNSeXi3imP',#5,'PL10*230',$,$,$,$,$,$,.NOTDEFINED.);
#2234= IFCPROPERTYSINGLEVALUE('Preliminary mark',$,IFCLABEL('5-2-P97'),$);
#2235= IFCPROPERTYSET('3lp9g4zZP2aQWOE2IQ4I7x',#5,'Tekla Common','Common Properties to Shared building elements',(#1590,#1591,#1140,#2234,#1142,#1143));
#2236= IFCPROPERTYSINGLEVALUE('Weight',$,IFCMASSMEASURE(13.79),$);
#2237= IFCPROPERTYSINGLEVALUE('Volume',$,IFCVOLUMEMEASURE(0.002),$);
#2238= IFCPROPERTYSINGLEVALUE('Gross footprint area',$,IFCAREAMEASURE(0.008),$);
#2239= IFCPROPERTYSINGLEVALUE('Area per tons',$,IFCAREAMEASURE(26.919),$);
#2240= IFCPROPERTYSINGLEVALUE('Net surface area',$,IFCAREAMEASURE(0.371),$);
#2241= IFCPROPERTYSINGLEVALUE('Height',$,IFCLENGTHMEASURE(230.),$);
#2242= IFCPROPERTYSINGLEVALUE('Length',$,IFCLENGTHMEASURE(764.),$);
#2243= IFCPROPERTYSET('10yAcFoXnA3gmYbjp0obQF',#5,'Tekla Quantity','Quantity Properties to Shared building elements',(#2236,#2237,#2238,#2239,#2240,#2241,#1151,#2242));
#2244= IFCPROPERTYSINGLEVALUE('Reference',$,IFCIDENTIFIER('5-2-P97'),$);
#2245= IFCPROPERTYSET('2km7ALvd94qAdY2vsLtlgr',#5,'Pset_PlateCommon','Common Properties to plate elements',(#1154,#2244));
#2246= IFCQUANTITYLENGTH('Width',$,$,230.);
#2247= IFCQUANTITYAREA('NetArea',$,$,0.371327177734375);
#2248= IFCQUANTITYAREA('GrossArea',$,$,0.175723439331055);
#2249= IFCQUANTITYVOLUME('NetVolume',$,$,0.00175723439331055);
#2250= IFCQUANTITYVOLUME('GrossVolume',$,$,0.00175723439331055);
#2251= IFCELEMENTQUANTITY('1bgN$n1Mj20x$SPuDfjW2O',#5,'BaseQuantities',$,$,(#2246,#2247,#2248,#1160,#2249,#2250));
#2252= IFCCOLOURRGB('Light Green',0.356862745098039,0.592156862745098,0.137254901960784);
#2253= IFCSURFACESTYLERENDERING(#2252,0.,$,$,$,$,IFCNORMALISEDRATIOMEASURE(0.00390625),IFCSPECULAREXPONENT(10.),.NOTDEFINED.);
#2254= IFCSURFACESTYLE('STEEL/S275',.POSITIVE.,(#2253));
#2255= IFCPRESENTATIONSTYLEASSIGNMENT((#2254));
#2256= IFCCARTESIANPOINT((0.,-4.,0.));
#2257= IFCCARTESIANPOINT((0.,-4.,230.));
#2258= IFCCARTESIANPOINT((0.,4.,230.));
#2259= IFCCARTESIANPOINT((0.,4.,0.));
#2260= IFCPOLYLOOP((#2256,#2257,#2258,#2259));
#2261= IFCFACEOUTERBOUND(#2260,.T.);
#2262= IFCFACE((#2261));
#2263= IFCCARTESIANPOINT((314.999298095703,-4.,230.));
#2264= IFCCARTESIANPOINT((314.999298095703,4.,230.));
#2265= IFCPOLYLOOP((#2257,#2263,#2264,#2258));
#2266= IFCFACEOUTERBOUND(#2265,.T.);
#2267= IFCFACE((#2266));
#2268= IFCCARTESIANPOINT((314.999298095703,-4.,-3.63797880709171E-12));
#2269= IFCCARTESIANPOINT((314.999298095703,4.,-3.63797880709171E-12));
#2270= IFCPOLYLOOP((#2263,#2268,#2269,#2264));
#2271= IFCFACEOUTERBOUND(#2270,.T.);
#2272= IFCFACE((#2271));
#2273= IFCPOLYLOOP((#2268,#2256,#2259,#2269));
#2274= IFCFACEOUTERBOUND(#2273,.T.);
#2275= IFCFACE((#2274));
#2276= IFCPOLYLOOP((#2264,#2269,#2259,#2258));
#2277= IFCFACEOUTERBOUND(#2276,.T.);
#2278= IFCFACE((#2277));
#2279= IFCPOLYLOOP((#2268,#2263,#2257,#2256));
#2280= IFCFACEOUTERBOUND(#2279,.T.);
#2281= IFCFACE((#2280));
#2282= IFCCLOSEDSHELL((#2262,#2267,#2272,#2275,#2278,#2281));
#2283= IFCFACETEDBREP(#2282);
#2284= IFCSTYLEDITEM(#2283,(#2255),$);
#2285= IFCSHAPEREPRESENTATION(#12,'Body','Brep',(#2283));
#2286= IFCPRODUCTDEFINITIONSHAPE($,$,(#2285));
#2287= IFCCARTESIANPOINT((1439.96643587968,17079.0022815328,16869.9995422363));
#2288= IFCAXIS2PLACEMENT3D(#2287,#866,#1190);
#2289= IFCLOCALPLACEMENT(#42,#2288);
#2290= IFCPLATE('3KRf4g_vbCCv3FozF0RIwc',#1464,'PLATE-8','PL8*230',$,#2289,#2286,'IDd46e912a-fb99-4c33-90cf-cbd3c06d2ea6');
#2291= IFCPLATETYPE('0Q78ML9QLF9BkyLGCjLpXk',#5,'PL8*230',$,$,$,$,$,$,.NOTDEFINED.);
#2292= IFCPROPERTYSINGLEVALUE('Preliminary mark',$,IFCLABEL('5-2-P75'),$);
#2293= IFCPROPERTYSINGLEVALUE('Class',$,IFCLABEL('17'),$);
#2294= IFCPROPERTYSET('1LNq8j5NH45PAQrGS5YjJ6',#5,'Tekla Common','Common Properties to Shared building elements',(#1590,#1591,#1140,#2292,#1142,#2293));
#2295= IFCPROPERTYSINGLEVALUE('Weight',$,IFCMASSMEASURE(4.55),$);
#2296= IFCPROPERTYSINGLEVALUE('Gross footprint area',$,IFCAREAMEASURE(0.003),$);
#2297= IFCPROPERTYSINGLEVALUE('Area per tons',$,IFCAREAMEASURE(33.764),$);
#2298= IFCPROPERTYSINGLEVALUE('Net surface area',$,IFCAREAMEASURE(0.154),$);
#2299= IFCPROPERTYSINGLEVALUE('Width',$,IFCLENGTHMEASURE(8.),$);
#2300= IFCPROPERTYSINGLEVALUE('Length',$,IFCLENGTHMEASURE(315.),$);
#2301= IFCPROPERTYSET('3NCmPO9v58oPqA881Tt_mk',#5,'Tekla Quantity','Quantity Properties to Shared building elements',(#2295,#1706,#2296,#2297,#2298,#2241,#2299,#2300));
#2302= IFCPROPERTYSINGLEVALUE('Reference',$,IFCIDENTIFIER('5-2-P75'),$);
#2303= IFCPROPERTYSET('0bWGHL7df8rh1xHSEQKADb',#5,'Pset_PlateCommon','Common Properties to plate elements',(#1154,#2302));
#2304= IFCQUANTITYLENGTH('Width',$,$,230.000000000004);
#2305= IFCQUANTITYAREA('NetArea',$,$,0.153619665893556);
#2306= IFCQUANTITYAREA('GrossArea',$,$,0.0724498385620129);
#2307= IFCQUANTITYAREA('CrossSectionArea',$,$,6.4E-05);
#2308= IFCQUANTITYVOLUME('NetVolume',$,$,0.000579598708496098);
#2309= IFCQUANTITYVOLUME('GrossVolume',$,$,0.000579598708496098);
#2310= IFCELEMENTQUANTITY('1UXRrvimL5$eUDiyx$blIF',#5,'BaseQuantities',$,$,(#2304,#2305,#2306,#2307,#2308,#2309));
#2311= IFCSHAPEREPRESENTATION(#12,'Body','Brep',(#2283));
#2312= IFCPRODUCTDEFINITIONSHAPE($,$,(#2311));
#2313= IFCCARTESIANPOINT((1440.01644155419,16306.9872990918,16869.9995422363));
#2314= IFCAXIS2PLACEMENT3D(#2313,#866,#1190);
#2315= IFCLOCALPLACEMENT(#42,#2314);
#2316= IFCPLATE('1TnLJ6tDz7FvsZ36LkBt9h',#1464,'PLATE-8','PL8*230',$,#2315,#2312,'ID5dc554c6-dcdf-473f-9da3-0c656e2f726b');
#2317= IFCRELAGGREGATES('0PGWVgQOX3Kv$9VHrhbpTy',#5,$,$,#37,(#39));
#2318= IFCRELAGGREGATES('3V6b98W_TFZf7PpKNHg90L',#5,$,$,#39,(#41));
#2319= IFCRELAGGREGATES('1OuijHikLEZBuN4OyIzm5M',#5,$,$,#41,(#43));
#2320= IFCRELCONTAINEDINSPATIALSTRUCTURE('16HKI2OCnEFQ6lzcNDfj8b',#5,$,$,(#2316,#2290,#2232,#2190,#2138,#2102,#2094,#2085,#2079,#2073,#2067,#2061,#2055,#2049,#2043,#2037,#2031,#2025,#2018,#2011,#2004,#1997,#1990,#1983,#1976,#1969,#1962,#1955,#1929,#1760,#1700,#1656,#1589,#1460,#1406,#1372,#1358,#1278,#1253,#1215,#1193,#1136,#937,#930,#923,#916,#909,#902,#895,#888,#881,#869,#442,#336,#329,#322,#315,#308,#301,#294,#285,#207,#200,#193,#186,#179,#170,#161,#133),#43);
#2321= IFCRELDEFINESBYPROPERTIES('0AK27oYV9AS8bIRMvmWJ2g',#5,$,$,(#207,#200,#193,#186,#179,#170,#161,#133),#151);
#2322= IFCRELDEFINESBYPROPERTIES('1fql7FDpf1deYM4KTEiIL3',#5,$,$,(#336,#329,#322,#315,#308,#301,#294,#285),#287);
#2323= IFCRELDEFINESBYPROPERTIES('1dcwz4KnfA4x4ikgnuBjde',#5,$,$,(#442),#450);
#2324= IFCRELDEFINESBYPROPERTIES('1bVVBchOjE2Pkn9iz3LLnQ',#5,$,$,(#2018,#2011,#2004,#1997,#1990,#1983,#1976,#1969,#1962,#1955,#937,#930,#923,#916,#909,#902,#895,#888,#881,#869),#874);
#2325= IFCRELDEFINESBYPROPERTIES('3VTAwRzOv4fg$qiNXUzaWa',#5,$,$,(#2025,#1136),#1144);
#2326= IFCRELDEFINESBYPROPERTIES('2AetChwCv6EvfRXtbNTmfl',#5,$,$,(#2025,#1136),#1153);
#2327= IFCRELDEFINESBYPROPERTIES('1ocGk3glTFEQRxG1O6fIVu',#5,$,$,(#2025,#1136),#1156);
#2328= IFCRELDEFINESBYPROPERTIES('1$KLA6gkP4GgdQ3pwP4XpV',#5,$,$,(#2025,#1136),#1163);
#2329= IFCRELDEFINESBYPROPERTIES('25pawEcQL4MxyR69inX2wa',#5,$,$,(#2037,#2031,#1215,#1193),#1196);
#2330= IFCRELDEFINESBYPROPERTIES('3mdB56QAf67wS_CHvIPB0a',#5,$,$,(#2037,#2031,#1215,#1193),#1201);
#2331= IFCRELDEFINESBYPROPERTIES('1Q1m5FAM1FZ8_ACGqRcwPT',#5,$,$,(#2037,#2031,#1215,#1193),#1203);
#2332= IFCRELDEFINESBYPROPERTIES('0DDBvKiwD5dhh4nPZWdXZS',#5,$,$,(#2037,#2031,#1215,#1193),#1209);
#2333= IFCRELDEFINESBYPROPERTIES('2d9jN3aW55uhD$c6c$soQU',#5,$,$,(#2049,#2043,#1278,#1253),#1258);
#2334= IFCRELDEFINESBYPROPERTIES('1nbvpjM8L3t8PFTJGeyIhW',#5,$,$,(#2061,#2055,#2049,#2043,#1372,#1358,#1278,#1253),#1264);
#2335= IFCRELDEFINESBYPROPERTIES('0a4tSfMSjB9QARdmGQkvYY',#5,$,$,(#2061,#2055,#2049,#2043,#1372,#1358,#1278,#1253),#1266);
#2336= IFCRELDEFINESBYPROPERTIES('0XfA61DubFXRTnUZ4AJrNz',#5,$,$,(#2049,#2043,#1278,#1253),#1272);
#2337= IFCRELDEFINESBYPROPERTIES('2MNbmNJJfDn9onZzUXlZW4',#5,$,$,(#2061,#2055,#1372,#1358),#1361);
#2338= IFCRELDEFINESBYPROPERTIES('0eCCRR0DvDfvhErJWUSeRG',#5,$,$,(#2061,#2055,#1372,#1358),#1366);
#2339= IFCRELDEFINESBYPROPERTIES('3WJt0q$uf72vyII7l0O9pk',#5,$,$,(#2085,#1406),#1411);
#2340= IFCRELDEFINESBYPROPERTIES('2mP8au9ZLCWQjDSpFM2AMY',#5,$,$,(#2094,#2085,#1460,#1406),#1418);
#2341= IFCRELDEFINESBYPROPERTIES('31MMGQqu99L8lbQTIEQ$sW',#5,$,$,(#2094,#2085,#1460,#1406),#1420);
#2342= IFCRELDEFINESBYPROPERTIES('3sGnv7cw5AiuFs03t3kfs8',#5,$,$,(#2085,#1460,#1406),#1426);
#2343= IFCRELDEFINESBYPROPERTIES('3PrVxd07b3XhRKNq9BSKEH',#5,$,$,(#2094,#1460),#1463);
#2344= IFCRELDEFINESBYPROPERTIES('1xW_wviy18BBEFA5D4aXWu',#5,$,$,(#2079,#2073,#1656,#1589),#1593);
#2345= IFCRELDEFINESBYPROPERTIES('1I$YwYZ0n8yxKpFnu2r0Us',#5,$,$,(#2079,#2073,#1656,#1589),#1598);
#2346= IFCRELDEFINESBYPROPERTIES('3hd8TMcgLCVRP476Er6aa$',#5,$,$,(#2079,#2073,#1656,#1589),#1600);
#2347= IFCRELDEFINESBYPROPERTIES('1AWyY99bzB1O_YBayKZ9HI',#5,$,$,(#2079,#1589),#1606);
#2348= IFCRELDEFINESBYPROPERTIES('0QAPKkymP7OARtZzedzX0P',#5,$,$,(#2073,#1656),#1661);
#2349= IFCRELDEFINESBYPROPERTIES('3yH5VuAf12$h_t$RVhzaLi',#5,$,$,(#2067,#1700),#1704);
#2350= IFCRELDEFINESBYPROPERTIES('2kJxS_SJj0twb7YMySyOVi',#5,$,$,(#2067,#1700),#1712);
#2351= IFCRELDEFINESBYPROPERTIES('0V8mbvHtn1_R3oI0vbWw6Q',#5,$,$,(#2067,#1700),#1714);
#2352= IFCRELDEFINESBYPROPERTIES('1gyhnFtY996vPRLC3gnkEQ',#5,$,$,(#2067,#1700),#1721);
#2353= IFCRELDEFINESBYPROPERTIES('0jhPPyIFD7JevNgh7KoZXt',#5,$,$,(#2102,#1760),#1764);
#2354= IFCRELDEFINESBYPROPERTIES('2iAXzhzG59mQ14tWUI5YTE',#5,$,$,(#2102,#1760),#1773);
#2355= IFCRELDEFINESBYPROPERTIES('2sbLLcGtL8d84Be5shq4Wt',#5,$,$,(#2102,#1760),#1775);
#2356= IFCRELDEFINESBYPROPERTIES('0CvXUHBJLBufEj8gkCGKh8',#5,$,$,(#2102,#1760),#1782);
#2357= IFCRELDEFINESBYPROPERTIES('3Qk5ETUxvAbw8P6Th4_Pj5',#5,$,$,(#1929),#1933);
#2358= IFCRELDEFINESBYPROPERTIES('2W8Qi9y0j3rOne4hcZviGj',#5,$,$,(#1929),#1941);
#2359= IFCRELDEFINESBYPROPERTIES('0Hb3KWzzH2QAHTU0xThEgm',#5,$,$,(#1929),#1943);
#2360= IFCRELDEFINESBYPROPERTIES('0yuIW3Ly5AMvwJxEVBEeru',#5,$,$,(#1929),#1948);
#2361= IFCRELDEFINESBYPROPERTIES('3sTMs1kqv6Hgh6TEjvTW3X',#5,$,$,(#2094),#2096);
#2362= IFCRELDEFINESBYPROPERTIES('22lU1XSS90qBoIxaRFGwg$',#5,$,$,(#2190,#2138),#2141);
#2363= IFCRELDEFINESBYPROPERTIES('0FnrNnxlTC89VJ2oFEHSYw',#5,$,$,(#2138),#2146);
#2364= IFCRELDEFINESBYPROPERTIES('1svYulWr9Co8QAoPO98JJD',#5,$,$,(#2190,#2138),#2148);
#2365= IFCRELDEFINESBYPROPERTIES('2bfb8uJ2L4Nfc4rOLdlIWU',#5,$,$,(#2138),#2154);
#2366= IFCRELDEFINESBYPROPERTIES('3PjmZGT1LDnub05zhd4DZ_',#5,$,$,(#2190),#2193);
#2367= IFCRELDEFINESBYPROPERTIES('3OJ3xMPyL8qAw6z7_uixSI',#5,$,$,(#2190),#2199);
#2368= IFCRELDEFINESBYPROPERTIES('1jMwx27yjB_BZH6Kgpnj_D',#5,$,$,(#2232),#2235);
#2369= IFCRELDEFINESBYPROPERTIES('3JdBLX7MP2QPIYVDvJbqXM',#5,$,$,(#2232),#2243);
#2370= IFCRELDEFINESBYPROPERTIES('3bj_6oKqfALe64PiU1z6ok',#5,$,$,(#2232),#2245);
#2371= IFCRELDEFINESBYPROPERTIES('2DQUX4U4r1PPzfuzTkzJEh',#5,$,$,(#2232),#2251);
#2372= IFCRELDEFINESBYPROPERTIES('38d6p2UiP3$eaeqXSZW$W2',#5,$,$,(#2316,#2290),#2294);
#2373= IFCRELDEFINESBYPROPERTIES('1TFN3bW2zCwe7_VhvvqtsJ',#5,$,$,(#2316,#2290),#2301);
#2374= IFCRELDEFINESBYPROPERTIES('0z658G0tz7EeiFoKVxg4K4',#5,$,$,(#2316,#2290),#2303);
#2375= IFCRELDEFINESBYPROPERTIES('2PqXwiWX94ghQb_14gw2Ow',#5,$,$,(#2316,#2290),#2310);
#2376= IFCRELDEFINESBYTYPE('3BtgrKwrX2U96G5PSFPjgh',#5,$,$,(#2018,#2011,#2004,#1997,#1990,#1983,#1976,#1969,#1962,#1955,#937,#930,#923,#916,#909,#902,#895,#888,#881,#869,#442,#336,#329,#322,#315,#308,#301,#294,#285,#207,#200,#193,#186,#179,#170,#161,#133),#134);
#2377= IFCRELDEFINESBYTYPE('31YlW5hRbCqfiMfME3Ao74',#5,$,$,(#2025,#1136),#1137);
#2378= IFCRELDEFINESBYTYPE('1JGsb8YBv30ODi2jIt26pk',#5,$,$,(#2037,#2031,#1215,#1193),#1194);
#2379= IFCRELDEFINESBYTYPE('3ndDmuP797HuW_PFBuVla_',#5,$,$,(#2061,#2055,#2049,#2043,#1372,#1358,#1278,#1253),#1254);
#2380= IFCRELDEFINESBYTYPE('1bLvsYEYP2TOKEdzmvyFUh',#5,$,$,(#2094,#2085,#2079,#2073,#1656,#1589,#1460,#1406),#1407);
#2381= IFCRELDEFINESBYTYPE('2DVofllPD48e4ceHmJXLkM',#5,$,$,(#2067,#1700),#1701);
#2382= IFCRELDEFINESBYTYPE('0pxnmYK2L9Gx_KNC648e9L',#5,$,$,(#2102,#1760),#1761);
#2383= IFCRELDEFINESBYTYPE('2hF3cWleP9jh2x4g045XzX',#5,$,$,(#1929),#1930);
#2384= IFCRELDEFINESBYTYPE('2kW2YdaeT3auQIgIBMsZQC',#5,$,$,(#2138),#2139);
#2385= IFCRELDEFINESBYTYPE('12WNqum4nBOg9mXZEgM0lF',#5,$,$,(#2190),#2191);
#2386= IFCRELDEFINESBYTYPE('2ToplVXdD7XOukBv5sKnLc',#5,$,$,(#2232),#2233);
#2387= IFCRELDEFINESBYTYPE('1TjwWiLEHCQgYY8xkX0$tB',#5,$,$,(#2316,#2290),#2291);
#2388= IFCRELASSOCIATESMATERIAL('2SvnhhUcHBy88dScQlRtLj',#5,$,$,(#336,#329,#322,#315,#308,#301,#294,#285,#207,#200,#193,#186,#179,#170,#161,#133),#152);
#2389= IFCRELASSOCIATESMATERIAL('1$tv7AnCnCou4alU$LPmAC',#5,$,$,(#2018,#2011,#2004,#1997,#1990,#1983,#1976,#1969,#1962,#1955,#937,#930,#923,#916,#909,#902,#895,#888,#881,#869,#442),#451);
#2390= IFCRELASSOCIATESMATERIAL('2Lb19lvE12PuVleVPwN091',#5,$,$,(#2316,#2290,#2232,#2190,#2138,#2102,#2094,#2085,#2079,#2073,#2067,#2061,#2055,#2049,#2043,#2037,#2031,#2025,#1929,#1760,#1700,#1656,#1589,#1460,#1406,#1372,#1358,#1278,#1253,#1215,#1193,#1136),#1164);
#2391= IFCPRESENTATIONLAYERASSIGNMENT('BoltArray',$,(#126,#154,#163,#172,#181,#188,#195,#202,#280,#289,#296,#303,#310,#317,#324,#331,#435,#863,#876,#883,#890,#897,#904,#911,#918,#925,#932,#1950,#1957,#1964,#1971,#1978,#1985,#1992,#1999,#2006,#2013),$);
#2392= IFCPRESENTATIONLAYERASSIGNMENT('PLATE-10',$,(#1131,#1187,#1210,#1248,#1273,#1353,#1367,#1401,#1455,#1584,#1651,#2019,#2026,#2032,#2038,#2044,#2050,#2056,#2068,#2074,#2080,#2089,#2132,#2184,#2227),$);
#2393= IFCPRESENTATIONLAYERASSIGNMENT('PLATE-12',$,(#1695,#2062),$);
#2394= IFCPRESENTATIONLAYERASSIGNMENT('PLATE-20',$,(#1755,#2097),$);
#2395= IFCPRESENTATIONLAYERASSIGNMENT('B2-\S\?\S\Z350x250x10',$,(#1924),$);
#2396= IFCPRESENTATIONLAYERASSIGNMENT('PLATE-8',$,(#2285,#2311),$);
ENDSEC;

END-ISO-10303-21;
