ISO-10303-21;
HEADER;
FILE_DESCRIPTION(('ViewDefinition[CoordinationView_V2.0, QuantityTakeOffAddOnView]', 'ExchangeRequirement[Structural, SurfaceGeometry]', 'Option [BaseQuantities:On]', 'Option [GridExport:On]', 'Option [Assemblies:Off]', 'Option [Bolts:On]', 'Option [Rebars:On]', 'Option [PourObjects:Off]', 'Option [Welds:Off]', 'Option [SurfaceTreatments:On]', 'Option [LocationBy:0]', 'Option [ViewColors:Off]', 'Option [SectionedSpine:Off]', 'Option [PropertySets:On]', 'Option [Export all:Off]'),'2;1');
FILE_NAME('5-2-A23_1.ifc','2026-03-10T08:04:07',('DESKTOP-NLV509P\\Ahmed'),('Structural Designer'),'IFC Parser version: 3.13.2','Tekla Structures 2023 Service Pack 8, IFC Export Version: 4.0.0.0 Jan 19 2024','');
FILE_SCHEMA(('IFC2X3'));
ENDSEC;

DATA;
#1= IFCPERSON('DESKTOP-NLV509P\\Ahmed','Undefined',$,$,$,$,$,$);
#2= IFCORGANIZATION($,'Trimble Solutions Corporation',$,$,$);
#3= IFCPERSONANDORGANIZATION(#1,#2,$);
#4= IFCAPPLICATION(#2,'2023 Service Pack 8','Tekla Structures','Multi material modeling');
#5= IFCOWNERHISTORY(#3,#4,$,.NOCHANGE.,$,$,$,1773119047);
#6= IFCCARTESIANPOINT((0.,0.,0.));
#7= IFCDIRECTION((1.,0.,0.));
#8= IFCDIRECTION((0.,1.,0.));
#9= IFCDIRECTION((0.,0.,1.));
#10= IFCAXIS2PLACEMENT3D(#6,#9,#7);
#11= IFCGEOMETRICREPRESENTATIONCONTEXT($,'Model',3,1.E-05,#10,$);
#12= IFCGEOMETRICREPRESENTATIONSUBCONTEXT('Body','Model',*,*,*,*,#11,$,.MODEL_VIEW.,$);
#13= IFCGEOMETRICREPRESENTATIONSUBCONTEXT('Axis','Model',*,*,*,*,#11,$,.GRAPH_VIEW.,$);
#14= IFCGEOMETRICREPRESENTATIONSUBCONTEXT('FootPrint','Model',*,*,*,*,#11,$,.MODEL_VIEW.,$);
#15= IFCSIUNIT(*,.LENGTHUNIT.,.MILLI.,.METRE.);
#16= IFCMEASUREWITHUNIT(IFCRATIOMEASURE(304.8),#15);
#17= IFCDIMENSIONALEXPONENTS(1,0,0,0,0,0,0);
#18= IFCCONVERSIONBASEDUNIT(#17,.LENGTHUNIT.,'FOOT',#16);
#19= IFCSIUNIT(*,.AREAUNIT.,$,.SQUARE_METRE.);
#20= IFCMEASUREWITHUNIT(IFCRATIOMEASURE(0.09290304),#19);
#21= IFCDIMENSIONALEXPONENTS(2,0,0,0,0,0,0);
#22= IFCCONVERSIONBASEDUNIT(#21,.AREAUNIT.,'SQUARE FOOT',#20);
#23= IFCSIUNIT(*,.VOLUMEUNIT.,$,.CUBIC_METRE.);
#24= IFCMEASUREWITHUNIT(IFCRATIOMEASURE(0.028316846592),#23);
#25= IFCDIMENSIONALEXPONENTS(3,0,0,0,0,0,0);
#26= IFCCONVERSIONBASEDUNIT(#25,.VOLUMEUNIT.,'CUBIC FOOT',#24);
#27= IFCSIUNIT(*,.MASSUNIT.,.KILO.,.GRAM.);
#28= IFCSIUNIT(*,.TIMEUNIT.,$,.SECOND.);
#29= IFCSIUNIT(*,.PLANEANGLEUNIT.,$,.RADIAN.);
#30= IFCMEASUREWITHUNIT(IFCRATIOMEASURE(0.0174532925199433),#29);
#31= IFCDIMENSIONALEXPONENTS(0,0,0,0,0,0,0);
#32= IFCCONVERSIONBASEDUNIT(#31,.PLANEANGLEUNIT.,'DEGREE',#30);
#33= IFCSIUNIT(*,.SOLIDANGLEUNIT.,$,.STERADIAN.);
#34= IFCSIUNIT(*,.THERMODYNAMICTEMPERATUREUNIT.,$,.DEGREE_CELSIUS.);
#35= IFCSIUNIT(*,.LUMINOUSINTENSITYUNIT.,$,.LUMEN.);
#36= IFCUNITASSIGNMENT((#15,#19,#23,#27,#28,#29,#33,#34,#35));
#37= IFCPROJECT('28WGjONn1BNfyI81X9org4',#5,'Undefined',$,$,$,$,(#11),#36);
#38= IFCLOCALPLACEMENT($,#10);
#39= IFCSITE('0Yljj7qsv0luDgbtGg1vuc',#5,'Undefined',$,$,#38,$,$,.ELEMENT.,$,$,$,$,$);
#40= IFCLOCALPLACEMENT(#38,#10);
#41= IFCBUILDING('0xlORo35P3guhYCE3Y4ip3',#5,'Undefined',$,$,#40,$,$,.ELEMENT.,$,$,$);
#42= IFCLOCALPLACEMENT(#40,#10);
#43= IFCBUILDINGSTOREY('3gJPpYF7LCbf7I109fNVl5',#5,'Undefined',$,$,#42,$,$,.ELEMENT.,0.);
#44= IFCOWNERHISTORY(#3,#4,$,.NOCHANGE.,$,$,$,1770872400);
#45= IFCCOLOURRGB($,0.698039215686274,0.4,0.);
#46= IFCSURFACESTYLERENDERING(#45,0.,$,$,$,$,IFCNORMALISEDRATIOMEASURE(0.00390625),IFCSPECULAREXPONENT(10.),.NOTDEFINED.);
#47= IFCSURFACESTYLE('EVENT',.POSITIVE.,(#46));
#48= IFCPRESENTATIONSTYLEASSIGNMENT((#47));
#49= IFCCARTESIANPOINT((7.5,-5.99999999292802,0.));
#50= IFCCARTESIANPOINT((6.49519052838316,-5.99999999292802,3.75000000000022));
#51= IFCCARTESIANPOINT((3.74999999999955,-5.99999999292802,6.49519052838355));
#52= IFCCARTESIANPOINT((-7.77251986200242E-13,-5.99999999292802,7.5));
#53= IFCCARTESIANPOINT((-3.7500000000009,-5.99999999292802,6.49519052838277));
#54= IFCCARTESIANPOINT((-6.49519052838394,-5.99999999292802,3.74999999999888));
#55= IFCCARTESIANPOINT((-7.5,-5.99999999292802,-1.55450397240048E-12));
#56= IFCCARTESIANPOINT((-6.49519052838238,-5.99999999292802,-3.75000000000157));
#57= IFCCARTESIANPOINT((-3.74999999999821,-5.99999999292802,-6.49519052838432));
#58= IFCCARTESIANPOINT((2.32342928591604E-12,-5.99999999292802,-7.5));
#59= IFCCARTESIANPOINT((3.75000000000224,-5.99999999292802,-6.495190528382));
#60= IFCCARTESIANPOINT((6.49519052838471,-5.99999999292802,-3.74999999999753));
#61= IFCCARTESIANPOINT((7.5,6.10000000711429,0.));
#62= IFCCARTESIANPOINT((6.49519052838316,6.10000000711429,3.75000000000022));
#63= IFCCARTESIANPOINT((3.74999999999955,6.10000000711429,6.49519052838355));
#64= IFCCARTESIANPOINT((-7.77251986200242E-13,6.10000000711429,7.5));
#65= IFCCARTESIANPOINT((-3.7500000000009,6.10000000711429,6.49519052838277));
#66= IFCCARTESIANPOINT((-6.49519052838394,6.10000000711429,3.74999999999888));
#67= IFCCARTESIANPOINT((-7.5,6.10000000711429,-1.55450397240048E-12));
#68= IFCCARTESIANPOINT((-6.49519052838238,6.10000000711429,-3.75000000000157));
#69= IFCCARTESIANPOINT((-3.74999999999821,6.10000000711429,-6.49519052838432));
#70= IFCCARTESIANPOINT((2.32342928591604E-12,6.10000000711429,-7.5));
#71= IFCCARTESIANPOINT((3.75000000000224,6.10000000711429,-6.495190528382));
#72= IFCCARTESIANPOINT((6.49519052838471,6.10000000711429,-3.74999999999753));
#73= IFCPOLYLOOP((#49,#50,#51,#52,#53,#54,#55,#56,#57,#58,#59,#60));
#74= IFCFACEOUTERBOUND(#73,.T.);
#75= IFCFACE((#74));
#76= IFCPOLYLOOP((#72,#71,#70,#69,#68,#67,#66,#65,#64,#63,#62,#61));
#77= IFCFACEOUTERBOUND(#76,.T.);
#78= IFCFACE((#77));
#79= IFCPOLYLOOP((#49,#61,#62,#50));
#80= IFCFACEOUTERBOUND(#79,.T.);
#81= IFCFACE((#80));
#82= IFCPOLYLOOP((#50,#62,#63,#51));
#83= IFCFACEOUTERBOUND(#82,.T.);
#84= IFCFACE((#83));
#85= IFCPOLYLOOP((#51,#63,#64,#52));
#86= IFCFACEOUTERBOUND(#85,.T.);
#87= IFCFACE((#86));
#88= IFCPOLYLOOP((#52,#64,#65,#53));
#89= IFCFACEOUTERBOUND(#88,.T.);
#90= IFCFACE((#89));
#91= IFCPOLYLOOP((#53,#65,#66,#54));
#92= IFCFACEOUTERBOUND(#91,.T.);
#93= IFCFACE((#92));
#94= IFCPOLYLOOP((#54,#66,#67,#55));
#95= IFCFACEOUTERBOUND(#94,.T.);
#96= IFCFACE((#95));
#97= IFCPOLYLOOP((#55,#67,#68,#56));
#98= IFCFACEOUTERBOUND(#97,.T.);
#99= IFCFACE((#98));
#100= IFCPOLYLOOP((#56,#68,#69,#57));
#101= IFCFACEOUTERBOUND(#100,.T.);
#102= IFCFACE((#101));
#103= IFCPOLYLOOP((#57,#69,#70,#58));
#104= IFCFACEOUTERBOUND(#103,.T.);
#105= IFCFACE((#104));
#106= IFCPOLYLOOP((#58,#70,#71,#59));
#107= IFCFACEOUTERBOUND(#106,.T.);
#108= IFCFACE((#107));
#109= IFCPOLYLOOP((#59,#71,#72,#60));
#110= IFCFACEOUTERBOUND(#109,.T.);
#111= IFCFACE((#110));
#112= IFCPOLYLOOP((#60,#72,#61,#49));
#113= IFCFACEOUTERBOUND(#112,.T.);
#114= IFCFACE((#113));
#115= IFCCLOSEDSHELL((#75,#78,#81,#84,#87,#90,#93,#96,#99,#102,#105,#108,#111,#114));
#116= IFCCOLOURRGB($,0.,0.,0.);
#117= IFCSURFACESTYLERENDERING(#116,0.,$,$,$,$,IFCNORMALISEDRATIOMEASURE(0.00390625),IFCSPECULAREXPONENT(10.),.NOTDEFINED.);
#118= IFCSURFACESTYLE($,.POSITIVE.,(#117));
#119= IFCPRESENTATIONSTYLEASSIGNMENT((#118));
#120= IFCFACETEDBREP(#115);
#121= IFCSTYLEDITEM(#120,(#119),$);
#122= IFCCARTESIANTRANSFORMATIONOPERATOR3D($,$,#6,$,$);
#123= IFCSHAPEREPRESENTATION(#12,'Body','Brep',(#120));
#124= IFCREPRESENTATIONMAP(#10,#123);
#125= IFCMAPPEDITEM(#124,#122);
#126= IFCSHAPEREPRESENTATION(#12,'Body','MappedRepresentation',(#125));
#127= IFCPRODUCTDEFINITIONSHAPE($,$,(#126));
#128= IFCCARTESIANPOINT((56967.340933797,24288.9979102918,16682.5007692249));
#129= IFCDIRECTION((-0.509320893901123,-5.7000001106644E-08,0.860576682832946));
#130= IFCDIRECTION((0.86057668283294,9.60000063782987E-08,0.509320893901128));
#131= IFCAXIS2PLACEMENT3D(#128,#129,#130);
#132= IFCLOCALPLACEMENT(#42,#131);
#133= IFCMECHANICALFASTENER('1ijmuD0nT3C9Rb4WuinfIU',#44,'Bolt assembly',$,$,#132,#127,'ID6cb70e0d-0317-4330-96e5-120e2cc6949e',15.,12.);
#134= IFCMECHANICALFASTENERTYPE('3Lqr4JfxrByv_qP1Tkn$Ta',#5,'Bolt assembly',$,$,$,$,$,$);
#135= IFCPROPERTYSINGLEVALUE('Washer count',$,IFCINTEGER(0),$);
#136= IFCPROPERTYSINGLEVALUE('Washer diameter',$,IFCLENGTHMEASURE(15.),$);
#137= IFCPROPERTYSINGLEVALUE('Washer type',$,IFCLABEL(''),$);
#138= IFCPROPERTYSINGLEVALUE('Washer name',$,IFCLABEL(''),$);
#139= IFCPROPERTYSINGLEVALUE('Nut count',$,IFCINTEGER(0),$);
#140= IFCPROPERTYSINGLEVALUE('Nut type',$,IFCLABEL(''),$);
#141= IFCPROPERTYSINGLEVALUE('Nut name',$,IFCLABEL(''),$);
#142= IFCPROPERTYSINGLEVALUE('Slotted hole y',$,IFCLENGTHMEASURE(0.),$);
#143= IFCPROPERTYSINGLEVALUE('Slotted hole x',$,IFCLENGTHMEASURE(0.),$);
#144= IFCPROPERTYSINGLEVALUE('Bolt hole diameter',$,IFCLENGTHMEASURE(15.),$);
#145= IFCPROPERTYSINGLEVALUE('Location',$,IFCLABEL('Site'),$);
#146= IFCPROPERTYSINGLEVALUE('Bolt count',$,IFCINTEGER(1),$);
#147= IFCPROPERTYSINGLEVALUE('Bolt size',$,IFCLENGTHMEASURE(15.),$);
#148= IFCPROPERTYSINGLEVALUE('Bolt length',$,IFCLENGTHMEASURE(12.),$);
#149= IFCPROPERTYSINGLEVALUE('Bolt standard',$,IFCLABEL('EVENT'),$);
#150= IFCPROPERTYSINGLEVALUE('Bolt Name',$,IFCLABEL(''),$);
#151= IFCPROPERTYSET('0vv3_pUwb8TQEerqJF_bJ3',#5,'Tekla Bolt','Bolt Properties',(#135,#136,#137,#138,#139,#140,#141,#142,#143,#144,#145,#146,#147,#148,#149,#150));
#152= IFCMATERIAL('EVENT');
#153= IFCMAPPEDITEM(#124,#122);
#154= IFCSHAPEREPRESENTATION(#12,'Body','MappedRepresentation',(#153));
#155= IFCPRODUCTDEFINITIONSHAPE($,$,(#154));
#156= IFCCARTESIANPOINT((56967.340933797,24288.9979102918,16827.5007692249));
#157= IFCDIRECTION((-0.509320893901124,-5.70000011066441E-08,-0.860576682832946));
#158= IFCDIRECTION((0.86057668283294,9.60000063782987E-08,-0.509320893901128));
#159= IFCAXIS2PLACEMENT3D(#156,#157,#158);
#160= IFCLOCALPLACEMENT(#42,#159);
#161= IFCMECHANICALFASTENER('2b6Czmy89FLuz8ojsnv5yx',#44,'Bolt assembly',$,$,#160,#155,'IDa518cf70-f082-4f57-8f48-caddb1e45f3b',15.,12.);
#162= IFCMAPPEDITEM(#124,#122);
#163= IFCSHAPEREPRESENTATION(#12,'Body','MappedRepresentation',(#162));
#164= IFCPRODUCTDEFINITIONSHAPE($,$,(#163));
#165= IFCCARTESIANPOINT((57212.3409337963,24288.9979374869,16827.5007692249));
#166= IFCDIRECTION((-0.86057668283294,-9.60000063782987E-08,-0.509320893901128));
#167= IFCAXIS2PLACEMENT3D(#165,#129,#166);
#168= IFCLOCALPLACEMENT(#42,#167);
#169= IFCMECHANICALFASTENER('3qYyHEOub2dBDMybFFcP__',#44,'Bolt assembly',$,$,#168,#164,'IDf48bc44e-6389-429c-b356-f253cf999fbe',15.,12.);
#170= IFCMAPPEDITEM(#124,#122);
#171= IFCSHAPEREPRESENTATION(#12,'Body','MappedRepresentation',(#170));
#172= IFCPRODUCTDEFINITIONSHAPE($,$,(#171));
#173= IFCCARTESIANPOINT((57212.3409337963,24288.9979374869,16682.5007692249));
#174= IFCDIRECTION((0.509320893901123,5.7000001106644E-08,0.860576682832946));
#175= IFCDIRECTION((-0.86057668283294,-9.60000063782987E-08,0.509320893901128));
#176= IFCAXIS2PLACEMENT3D(#173,#174,#175);
#177= IFCLOCALPLACEMENT(#42,#176);
#178= IFCMECHANICALFASTENER('3lLrRyzyX6DBm6WRWPN5_S',#44,'Bolt assembly',$,$,#177,#172,'IDef5756fc-f7c8-4634-bc06-81b8195c5f9c',15.,12.);
#179= IFCMAPPEDITEM(#124,#122);
#180= IFCSHAPEREPRESENTATION(#12,'Body','MappedRepresentation',(#179));
#181= IFCPRODUCTDEFINITIONSHAPE($,$,(#180));
#182= IFCCARTESIANPOINT((53805.8450723827,29920.4290339036,16682.5007692249));
#183= IFCDIRECTION((-3.05800000205637E-06,-0.50932089388515,0.860576682836968));
#184= IFCDIRECTION((5.16699998683901E-06,0.860576682821457,0.509320893894331));
#185= IFCAXIS2PLACEMENT3D(#182,#183,#184);
#186= IFCLOCALPLACEMENT(#42,#185);
#187= IFCMECHANICALFASTENER('2J2MoPPoP6GQ5CTJaAt2XU',#44,'Bolt assembly',$,$,#186,#181,'ID93096c99-6726-4641-a14c-75390adc285e',15.,12.);
#188= IFCMAPPEDITEM(#124,#122);
#189= IFCSHAPEREPRESENTATION(#12,'Body','MappedRepresentation',(#188));
#190= IFCPRODUCTDEFINITIONSHAPE($,$,(#189));
#191= IFCCARTESIANPOINT((53805.8450723827,29920.4290339036,16827.5007692249));
#192= IFCDIRECTION((-3.05800000205636E-06,-0.50932089388515,-0.860576682836969));
#193= IFCDIRECTION((5.16699998683901E-06,0.860576682821457,-0.509320893894331));
#194= IFCAXIS2PLACEMENT3D(#191,#192,#193);
#195= IFCLOCALPLACEMENT(#42,#194);
#196= IFCMECHANICALFASTENER('1zrKmL6PnE6BU1gnj7p0lA',#44,'Bolt assembly',$,$,#195,#190,'ID7dd54c15-199c-4e18-b781-ab1b47cc0bca',15.,12.);
#197= IFCMAPPEDITEM(#124,#122);
#198= IFCSHAPEREPRESENTATION(#12,'Body','MappedRepresentation',(#197));
#199= IFCPRODUCTDEFINITIONSHAPE($,$,(#198));
#200= IFCCARTESIANPOINT((53805.8465433632,30165.4290338978,16827.5007692249));
#201= IFCDIRECTION((-5.16699998683843E-06,-0.860576682821461,-0.509320893894324));
#202= IFCAXIS2PLACEMENT3D(#200,#183,#201);
#203= IFCLOCALPLACEMENT(#42,#202);
#204= IFCMECHANICALFASTENER('0kQqGDqDrErRYlnGIxp1gK',#44,'Bolt assembly',$,$,#203,#199,'ID2e6b440d-d0dd-4ed5-b8af-c504bbcc1a94',15.,12.);
#205= IFCMAPPEDITEM(#124,#122);
#206= IFCSHAPEREPRESENTATION(#12,'Body','MappedRepresentation',(#205));
#207= IFCPRODUCTDEFINITIONSHAPE($,$,(#206));
#208= IFCCARTESIANPOINT((53805.8465433632,30165.4290338978,16682.5007692249));
#209= IFCDIRECTION((3.05800000205637E-06,0.509320893885143,0.860576682836973));
#210= IFCDIRECTION((-5.16699998683843E-06,-0.860576682821461,0.509320893894324));
#211= IFCAXIS2PLACEMENT3D(#208,#209,#210);
#212= IFCLOCALPLACEMENT(#42,#211);
#213= IFCMECHANICALFASTENER('0HL4quhUz3HOdhOpEMtt_A',#44,'Bolt assembly',$,$,#212,#207,'ID11544d38-adef-4345-89eb-633396df7f8a',15.,12.);
#214= IFCOWNERHISTORY(#3,#4,$,.NOCHANGE.,$,$,$,1770868800);
#215= IFCCARTESIANPOINT((7.5,-4.00000012039527,0.));
#216= IFCCARTESIANPOINT((6.49519052838316,-4.00000012039527,3.75000000000022));
#217= IFCCARTESIANPOINT((3.74999999999955,-4.00000012039527,6.49519052838355));
#218= IFCCARTESIANPOINT((-7.77251986200242E-13,-4.00000012039527,7.5));
#219= IFCCARTESIANPOINT((-3.7500000000009,-4.00000012039527,6.49519052838277));
#220= IFCCARTESIANPOINT((-6.49519052838394,-4.00000012039527,3.74999999999888));
#221= IFCCARTESIANPOINT((-7.5,-4.00000012039527,-1.55450397240048E-12));
#222= IFCCARTESIANPOINT((-6.49519052838238,-4.00000012039527,-3.75000000000157));
#223= IFCCARTESIANPOINT((-3.74999999999821,-4.00000012039527,-6.49519052838432));
#224= IFCCARTESIANPOINT((2.32342928591604E-12,-4.00000012039527,-7.5));
#225= IFCCARTESIANPOINT((3.75000000000224,-4.00000012039527,-6.495190528382));
#226= IFCCARTESIANPOINT((6.49519052838471,-4.00000012039527,-3.74999999999753));
#227= IFCCARTESIANPOINT((7.5,4.09999987960473,0.));
#228= IFCCARTESIANPOINT((6.49519052838316,4.09999987960473,3.75000000000022));
#229= IFCCARTESIANPOINT((3.74999999999955,4.09999987960473,6.49519052838355));
#230= IFCCARTESIANPOINT((-7.77251986200242E-13,4.09999987960473,7.5));
#231= IFCCARTESIANPOINT((-3.7500000000009,4.09999987960473,6.49519052838277));
#232= IFCCARTESIANPOINT((-6.49519052838394,4.09999987960473,3.74999999999888));
#233= IFCCARTESIANPOINT((-7.5,4.09999987960473,-1.55450397240048E-12));
#234= IFCCARTESIANPOINT((-6.49519052838238,4.09999987960473,-3.75000000000157));
#235= IFCCARTESIANPOINT((-3.74999999999821,4.09999987960473,-6.49519052838432));
#236= IFCCARTESIANPOINT((2.32342928591604E-12,4.09999987960473,-7.5));
#237= IFCCARTESIANPOINT((3.75000000000224,4.09999987960473,-6.495190528382));
#238= IFCCARTESIANPOINT((6.49519052838471,4.09999987960473,-3.74999999999753));
#239= IFCPOLYLOOP((#215,#216,#217,#218,#219,#220,#221,#222,#223,#224,#225,#226));
#240= IFCFACEOUTERBOUND(#239,.T.);
#241= IFCFACE((#240));
#242= IFCPOLYLOOP((#238,#237,#236,#235,#234,#233,#232,#231,#230,#229,#228,#227));
#243= IFCFACEOUTERBOUND(#242,.T.);
#244= IFCFACE((#243));
#245= IFCPOLYLOOP((#215,#227,#228,#216));
#246= IFCFACEOUTERBOUND(#245,.T.);
#247= IFCFACE((#246));
#248= IFCPOLYLOOP((#216,#228,#229,#217));
#249= IFCFACEOUTERBOUND(#248,.T.);
#250= IFCFACE((#249));
#251= IFCPOLYLOOP((#217,#229,#230,#218));
#252= IFCFACEOUTERBOUND(#251,.T.);
#253= IFCFACE((#252));
#254= IFCPOLYLOOP((#218,#230,#231,#219));
#255= IFCFACEOUTERBOUND(#254,.T.);
#256= IFCFACE((#255));
#257= IFCPOLYLOOP((#219,#231,#232,#220));
#258= IFCFACEOUTERBOUND(#257,.T.);
#259= IFCFACE((#258));
#260= IFCPOLYLOOP((#220,#232,#233,#221));
#261= IFCFACEOUTERBOUND(#260,.T.);
#262= IFCFACE((#261));
#263= IFCPOLYLOOP((#221,#233,#234,#222));
#264= IFCFACEOUTERBOUND(#263,.T.);
#265= IFCFACE((#264));
#266= IFCPOLYLOOP((#222,#234,#235,#223));
#267= IFCFACEOUTERBOUND(#266,.T.);
#268= IFCFACE((#267));
#269= IFCPOLYLOOP((#223,#235,#236,#224));
#270= IFCFACEOUTERBOUND(#269,.T.);
#271= IFCFACE((#270));
#272= IFCPOLYLOOP((#224,#236,#237,#225));
#273= IFCFACEOUTERBOUND(#272,.T.);
#274= IFCFACE((#273));
#275= IFCPOLYLOOP((#225,#237,#238,#226));
#276= IFCFACEOUTERBOUND(#275,.T.);
#277= IFCFACE((#276));
#278= IFCPOLYLOOP((#226,#238,#227,#215));
#279= IFCFACEOUTERBOUND(#278,.T.);
#280= IFCFACE((#279));
#281= IFCCLOSEDSHELL((#241,#244,#247,#250,#253,#256,#259,#262,#265,#268,#271,#274,#277,#280));
#282= IFCFACETEDBREP(#281);
#283= IFCSTYLEDITEM(#282,(#119),$);
#284= IFCSHAPEREPRESENTATION(#12,'Body','Brep',(#282));
#285= IFCREPRESENTATIONMAP(#10,#284);
#286= IFCMAPPEDITEM(#285,#122);
#287= IFCSHAPEREPRESENTATION(#12,'Body','MappedRepresentation',(#286));
#288= IFCPRODUCTDEFINITIONSHAPE($,$,(#287));
#289= IFCCARTESIANPOINT((57260.8403142667,29908.4966127786,16839.5007692249));
#290= IFCDIRECTION((0.,-0.531978132187869,-0.846758092299038));
#291= IFCDIRECTION((0.,0.846758092299038,-0.53197813218787));
#292= IFCAXIS2PLACEMENT3D(#289,#290,#291);
#293= IFCLOCALPLACEMENT(#42,#292);
#294= IFCMECHANICALFASTENER('2d0oQ026j8YhwtUT2mlf3O',#214,'Bolt assembly',$,$,#293,#288,'IDa7032680-086b-488a-beb7-79d0b0be90d8',15.,8.);
#295= IFCPROPERTYSINGLEVALUE('Bolt length',$,IFCLENGTHMEASURE(8.),$);
#296= IFCPROPERTYSET('1Fd8jwkSDCDQ6Da66tOOaH',#5,'Tekla Bolt','Bolt Properties',(#135,#136,#137,#138,#139,#140,#141,#142,#143,#144,#145,#146,#147,#295,#149,#150));
#297= IFCMAPPEDITEM(#285,#122);
#298= IFCSHAPEREPRESENTATION(#12,'Body','MappedRepresentation',(#297));
#299= IFCPRODUCTDEFINITIONSHAPE($,$,(#298));
#300= IFCCARTESIANPOINT((57260.8403142667,29908.4966127786,16670.5007692249));
#301= IFCDIRECTION((0.,-0.531978132187869,0.846758092299038));
#302= IFCDIRECTION((0.,0.846758092299038,0.53197813218787));
#303= IFCAXIS2PLACEMENT3D(#300,#301,#302);
#304= IFCLOCALPLACEMENT(#42,#303);
#305= IFCMECHANICALFASTENER('0W9HFpU0PEEP1aHOMsdltm',#214,'Bolt assembly',$,$,#304,#299,'ID202513f3-7806-4e39-9064-4585b69efdf0',15.,8.);
#306= IFCMAPPEDITEM(#285,#122);
#307= IFCSHAPEREPRESENTATION(#12,'Body','MappedRepresentation',(#306));
#308= IFCPRODUCTDEFINITIONSHAPE($,$,(#307));
#309= IFCCARTESIANPOINT((57260.8403142671,30177.4966127783,16670.5007692249));
#310= IFCDIRECTION((0.,-0.846758092299034,0.531978132187876));
#311= IFCAXIS2PLACEMENT3D(#309,#290,#310);
#312= IFCLOCALPLACEMENT(#42,#311);
#313= IFCMECHANICALFASTENER('1GYpCVdGP3uBYQD0bdx5$7',#214,'Bolt assembly',$,$,#312,#308,'ID508b331f-9d06-43e0-b89a-340967ec5fc7',15.,8.);
#314= IFCMAPPEDITEM(#285,#122);
#315= IFCSHAPEREPRESENTATION(#12,'Body','MappedRepresentation',(#314));
#316= IFCPRODUCTDEFINITIONSHAPE($,$,(#315));
#317= IFCCARTESIANPOINT((57260.8403142671,30177.4966127783,16839.5007692249));
#318= IFCDIRECTION((0.,0.531978132187876,-0.846758092299034));
#319= IFCDIRECTION((0.,-0.846758092299034,-0.531978132187876));
#320= IFCAXIS2PLACEMENT3D(#317,#318,#319);
#321= IFCLOCALPLACEMENT(#42,#320);
#322= IFCMECHANICALFASTENER('09nccFIYz0gu0wHTZf6HQw',#214,'Bolt assembly',$,$,#321,#316,'ID09c6698f-4a2f-40ab-803a-45d8e91916ba',15.,8.);
#323= IFCOWNERHISTORY(#3,#4,$,.NOCHANGE.,$,$,$,1770840000);
#324= IFCMAPPEDITEM(#285,#122);
#325= IFCSHAPEREPRESENTATION(#12,'Body','MappedRepresentation',(#324));
#326= IFCPRODUCTDEFINITIONSHAPE($,$,(#325));
#327= IFCCARTESIANPOINT((56965.5054886536,26477.014925778,16829.5007692249));
#328= IFCDIRECTION((-0.513481807586512,-5.91249999524735E-05,-0.858100477672588));
#329= IFCDIRECTION((0.858100471984078,9.88060000057826E-05,-0.513481810990494));
#330= IFCAXIS2PLACEMENT3D(#327,#328,#329);
#331= IFCLOCALPLACEMENT(#42,#330);
#332= IFCMECHANICALFASTENER('2MsQP18y5DIRmmLn_VKb_l',#323,'Bolt assembly',$,$,#331,#326,'ID96d9a641-23c1-4d49-bc30-571f9f525faf',15.,8.);
#333= IFCMAPPEDITEM(#285,#122);
#334= IFCSHAPEREPRESENTATION(#12,'Body','MappedRepresentation',(#333));
#335= IFCPRODUCTDEFINITIONSHAPE($,$,(#334));
#336= IFCCARTESIANPOINT((56965.5054886536,26477.014925778,16680.5007692249));
#337= IFCDIRECTION((-0.513481807586512,-5.91249999524735E-05,0.858100477672587));
#338= IFCDIRECTION((0.858100471984078,9.88060000057826E-05,0.513481810990494));
#339= IFCAXIS2PLACEMENT3D(#336,#337,#338);
#340= IFCLOCALPLACEMENT(#42,#339);
#341= IFCMECHANICALFASTENER('0mVnaeZKf43gy6ox5jug7N',#323,'Bolt assembly',$,$,#340,#335,'ID307f1928-8d4a-440e-af06-cbb16de2a1d7',15.,8.);
#342= IFCMAPPEDITEM(#285,#122);
#343= IFCSHAPEREPRESENTATION(#12,'Body','MappedRepresentation',(#342));
#344= IFCPRODUCTDEFINITIONSHAPE($,$,(#343));
#345= IFCCARTESIANPOINT((57214.5054872404,26477.0435968816,16680.5007692249));
#346= IFCDIRECTION((-0.85810047198408,-9.88060000052034E-05,0.51348181099049));
#347= IFCAXIS2PLACEMENT3D(#345,#328,#346);
#348= IFCLOCALPLACEMENT(#42,#347);
#349= IFCMECHANICALFASTENER('0a1ALAgcb43fbBsZXqcjBv',#323,'Bolt assembly',$,$,#348,#344,'ID2404a54a-aa69-440e-994b-da38749ad2f9',15.,8.);
#350= IFCMAPPEDITEM(#285,#122);
#351= IFCSHAPEREPRESENTATION(#12,'Body','MappedRepresentation',(#350));
#352= IFCPRODUCTDEFINITIONSHAPE($,$,(#351));
#353= IFCCARTESIANPOINT((57214.5054872404,26477.0435968816,16829.5007692249));
#354= IFCDIRECTION((0.513481807586483,5.91249999524735E-05,-0.858100477672605));
#355= IFCDIRECTION((-0.858100471984094,-9.88060000051992E-05,-0.513481810990468));
#356= IFCAXIS2PLACEMENT3D(#353,#354,#355);
#357= IFCLOCALPLACEMENT(#42,#356);
#358= IFCMECHANICALFASTENER('1buEUA4gPChPbFBmvQDelZ',#323,'Bolt assembly',$,$,#357,#352,'ID65e0e78a-12a6-4cad-994f-2f0e5a368be3',15.,8.);
#359= IFCMAPPEDITEM(#285,#122);
#360= IFCSHAPEREPRESENTATION(#12,'Body','MappedRepresentation',(#359));
#361= IFCPRODUCTDEFINITIONSHAPE($,$,(#360));
#362= IFCCARTESIANPOINT((56965.4746195683,26908.9984353609,16829.5007692249));
#363= IFCDIRECTION((-0.513481810848615,1.6509999986738E-06,-0.858100477755899));
#364= IFCDIRECTION((0.858100477751463,-2.75900000168871E-06,-0.51348181085127));
#365= IFCAXIS2PLACEMENT3D(#362,#363,#364);
#366= IFCLOCALPLACEMENT(#42,#365);
#367= IFCMECHANICALFASTENER('15Y0og4ob48hfxYgaCBimA',#323,'Bolt assembly',$,$,#366,#361,'ID45880caa-1329-4422-ba7b-8aa90c2ecc0a',15.,8.);
#368= IFCMAPPEDITEM(#285,#122);
#369= IFCSHAPEREPRESENTATION(#12,'Body','MappedRepresentation',(#368));
#370= IFCPRODUCTDEFINITIONSHAPE($,$,(#369));
#371= IFCCARTESIANPOINT((56965.4746195683,26908.9984353609,16680.5007692249));
#372= IFCDIRECTION((-0.513481810848637,1.6509999986738E-06,0.858100477755886));
#373= IFCDIRECTION((0.85810047775145,-2.75900000168883E-06,0.513481810851292));
#374= IFCAXIS2PLACEMENT3D(#371,#372,#373);
#375= IFCLOCALPLACEMENT(#42,#374);
#376= IFCMECHANICALFASTENER('3NWm1YHoX2tPGohSm86ZIU',#323,'Bolt assembly',$,$,#375,#370,'IDd7830062-4728-42dd-9432-adcc081a349e',15.,8.);
#377= IFCMAPPEDITEM(#285,#122);
#378= IFCSHAPEREPRESENTATION(#12,'Body','MappedRepresentation',(#377));
#379= IFCPRODUCTDEFINITIONSHAPE($,$,(#378));
#380= IFCCARTESIANPOINT((57214.4746202611,26908.9976348263,16680.5007692249));
#381= IFCDIRECTION((-0.85810047775146,2.75900000157664E-06,0.513481810851274));
#382= IFCAXIS2PLACEMENT3D(#380,#363,#381);
#383= IFCLOCALPLACEMENT(#42,#382);
#384= IFCMECHANICALFASTENER('0i$_PYKDLF0gaqSUrySFdL',#323,'Bolt assembly',$,$,#383,#379,'ID2cffe662-50d5-4f02-a934-71ed7c70f9d5',15.,8.);
#385= IFCMAPPEDITEM(#285,#122);
#386= IFCSHAPEREPRESENTATION(#12,'Body','MappedRepresentation',(#385));
#387= IFCPRODUCTDEFINITIONSHAPE($,$,(#386));
#388= IFCCARTESIANPOINT((57214.4746202611,26908.9976348263,16829.5007692249));
#389= IFCDIRECTION((0.513481810848621,-1.6509999986738E-06,-0.858100477755895));
#390= IFCDIRECTION((-0.85810047775146,2.75900000157664E-06,-0.513481810851274));
#391= IFCAXIS2PLACEMENT3D(#388,#389,#390);
#392= IFCLOCALPLACEMENT(#42,#391);
#393= IFCMECHANICALFASTENER('2qyGAVUzD3rBxabsp8BR0o',#323,'Bolt assembly',$,$,#392,#387,'IDb4f1029f-7bd3-43d4-bee4-976cc82db032',15.,8.);
#394= IFCOWNERHISTORY(#3,#4,$,.NOCHANGE.,$,$,$,1770796800);
#395= IFCSURFACESTYLE('TS10.9',.POSITIVE.,(#46));
#396= IFCPRESENTATIONSTYLEASSIGNMENT((#395));
#397= IFCCARTESIANPOINT((13.,24.0117407074555,0.));
#398= IFCCARTESIANPOINT((11.2583302491975,24.0117407074555,6.50000000000039));
#399= IFCCARTESIANPOINT((6.49999999999922,24.0117407074555,11.2583302491982));
#400= IFCCARTESIANPOINT((-1.34723677608042E-12,24.0117407074555,13.));
#401= IFCCARTESIANPOINT((-6.50000000000155,24.0117407074555,11.2583302491968));
#402= IFCCARTESIANPOINT((-11.2583302491988,24.0117407074555,6.49999999999806));
#403= IFCCARTESIANPOINT((-13.,24.0117407074555,-2.69447355216084E-12));
#404= IFCCARTESIANPOINT((-11.2583302491961,24.0117407074555,-6.50000000000272));
#405= IFCCARTESIANPOINT((-6.4999999999969,24.0117407074555,-11.2583302491995));
#406= IFCCARTESIANPOINT((4.02727742892113E-12,24.0117407074555,-13.));
#407= IFCCARTESIANPOINT((6.50000000000388,24.0117407074555,-11.2583302491955));
#408= IFCCARTESIANPOINT((11.2583302492002,24.0117407074555,-6.49999999999573));
#409= IFCCARTESIANPOINT((13.,274.111740830159,0.));
#410= IFCCARTESIANPOINT((11.2583302491975,274.111740830159,6.50000000000039));
#411= IFCCARTESIANPOINT((6.49999999999922,274.111740830159,11.2583302491982));
#412= IFCCARTESIANPOINT((-1.34723677608042E-12,274.111740830159,13.));
#413= IFCCARTESIANPOINT((-6.50000000000155,274.111740830159,11.2583302491968));
#414= IFCCARTESIANPOINT((-11.2583302491988,274.111740830159,6.49999999999806));
#415= IFCCARTESIANPOINT((-13.,274.111740830159,-2.69447355216084E-12));
#416= IFCCARTESIANPOINT((-11.2583302491961,274.111740830159,-6.50000000000272));
#417= IFCCARTESIANPOINT((-6.4999999999969,274.111740830159,-11.2583302491995));
#418= IFCCARTESIANPOINT((4.02727742892113E-12,274.111740830159,-13.));
#419= IFCCARTESIANPOINT((6.50000000000388,274.111740830159,-11.2583302491955));
#420= IFCCARTESIANPOINT((11.2583302492002,274.111740830159,-6.49999999999573));
#421= IFCPOLYLOOP((#397,#398,#399,#400,#401,#402,#403,#404,#405,#406,#407,#408));
#422= IFCFACEOUTERBOUND(#421,.T.);
#423= IFCFACE((#422));
#424= IFCPOLYLOOP((#420,#419,#418,#417,#416,#415,#414,#413,#412,#411,#410,#409));
#425= IFCFACEOUTERBOUND(#424,.T.);
#426= IFCFACE((#425));
#427= IFCPOLYLOOP((#397,#409,#410,#398));
#428= IFCFACEOUTERBOUND(#427,.T.);
#429= IFCFACE((#428));
#430= IFCPOLYLOOP((#398,#410,#411,#399));
#431= IFCFACEOUTERBOUND(#430,.T.);
#432= IFCFACE((#431));
#433= IFCPOLYLOOP((#399,#411,#412,#400));
#434= IFCFACEOUTERBOUND(#433,.T.);
#435= IFCFACE((#434));
#436= IFCPOLYLOOP((#400,#412,#413,#401));
#437= IFCFACEOUTERBOUND(#436,.T.);
#438= IFCFACE((#437));
#439= IFCPOLYLOOP((#401,#413,#414,#402));
#440= IFCFACEOUTERBOUND(#439,.T.);
#441= IFCFACE((#440));
#442= IFCPOLYLOOP((#402,#414,#415,#403));
#443= IFCFACEOUTERBOUND(#442,.T.);
#444= IFCFACE((#443));
#445= IFCPOLYLOOP((#403,#415,#416,#404));
#446= IFCFACEOUTERBOUND(#445,.T.);
#447= IFCFACE((#446));
#448= IFCPOLYLOOP((#404,#416,#417,#405));
#449= IFCFACEOUTERBOUND(#448,.T.);
#450= IFCFACE((#449));
#451= IFCPOLYLOOP((#405,#417,#418,#406));
#452= IFCFACEOUTERBOUND(#451,.T.);
#453= IFCFACE((#452));
#454= IFCPOLYLOOP((#406,#418,#419,#407));
#455= IFCFACEOUTERBOUND(#454,.T.);
#456= IFCFACE((#455));
#457= IFCPOLYLOOP((#407,#419,#420,#408));
#458= IFCFACEOUTERBOUND(#457,.T.);
#459= IFCFACE((#458));
#460= IFCPOLYLOOP((#408,#420,#409,#397));
#461= IFCFACEOUTERBOUND(#460,.T.);
#462= IFCFACE((#461));
#463= IFCCLOSEDSHELL((#423,#426,#429,#432,#435,#438,#441,#444,#447,#450,#453,#456,#459,#462));
#464= IFCFACETEDBREP(#463);
#465= IFCSTYLEDITEM(#464,(#119),$);
#466= IFCCARTESIANPOINT((0.,-1.09139364212751E-11,-75.0000000000364));
#467= IFCCARTESIANTRANSFORMATIONOPERATOR3D($,$,#466,$,$);
#468= IFCSHAPEREPRESENTATION(#12,'Body','Brep',(#464));
#469= IFCREPRESENTATIONMAP(#10,#468);
#470= IFCMAPPEDITEM(#469,#467);
#471= IFCCARTESIANPOINT((159.999999999833,2.21916707232594E-10,-75.0000000000437));
#472= IFCCARTESIANTRANSFORMATIONOPERATOR3D($,$,#471,$,$);
#473= IFCMAPPEDITEM(#469,#472);
#474= IFCCARTESIANPOINT((319.999999999665,4.54747350886464E-10,-75.0000000000509));
#475= IFCCARTESIANTRANSFORMATIONOPERATOR3D($,$,#474,$,$);
#476= IFCMAPPEDITEM(#469,#475);
#477= IFCCARTESIANPOINT((-3.63797880709171E-12,3.63797880709171E-12,75.0000000000364));
#478= IFCCARTESIANTRANSFORMATIONOPERATOR3D($,$,#477,$,$);
#479= IFCMAPPEDITEM(#469,#478);
#480= IFCCARTESIANPOINT((159.999999999829,2.36468622460961E-10,75.0000000000291));
#481= IFCCARTESIANTRANSFORMATIONOPERATOR3D($,$,#480,$,$);
#482= IFCMAPPEDITEM(#469,#481);
#483= IFCCARTESIANPOINT((319.999999999662,4.69299266114831E-10,75.0000000000218));
#484= IFCCARTESIANTRANSFORMATIONOPERATOR3D($,$,#483,$,$);
#485= IFCMAPPEDITEM(#469,#484);
#486= IFCSHAPEREPRESENTATION(#12,'Body','MappedRepresentation',(#470,#473,#476,#479,#482,#485));
#487= IFCPRODUCTDEFINITIONSHAPE($,$,(#486));
#488= IFCCARTESIANPOINT((57089.9786267379,26853.0083837489,16904.0101144159));
#489= IFCDIRECTION((0.999999996936581,7.14610000541142E-05,-3.1939999997121E-05));
#490= IFCDIRECTION((7.14610000917225E-05,-0.999999997446663,0.));
#491= IFCAXIS2PLACEMENT3D(#488,#489,#490);
#492= IFCLOCALPLACEMENT(#42,#491);
#493= IFCMECHANICALFASTENER('2K3ivrf_P7ShxOY5hvyLgd',#394,'Bolt assembly',$,$,#492,#487,'ID940ece75-a7e6-4772-bed8-885af9f15aa7',24.,1250.);
#494= IFCPROPERTYSINGLEVALUE('Washer diameter',$,IFCLENGTHMEASURE(24.),$);
#495= IFCPROPERTYSINGLEVALUE('Bolt hole diameter',$,IFCLENGTHMEASURE(26.),$);
#496= IFCPROPERTYSINGLEVALUE('Bolt count',$,IFCINTEGER(6),$);
#497= IFCPROPERTYSINGLEVALUE('Bolt size',$,IFCLENGTHMEASURE(26.),$);
#498= IFCPROPERTYSINGLEVALUE('Bolt length',$,IFCLENGTHMEASURE(1250.),$);
#499= IFCPROPERTYSINGLEVALUE('Bolt standard',$,IFCLABEL('TS10.9'),$);
#500= IFCPROPERTYSET('3vQtYPEtnAzPlzmIFHS5b4',#5,'Tekla Bolt','Bolt Properties',(#135,#494,#137,#138,#139,#140,#141,#142,#143,#495,#145,#496,#497,#498,#499,#150));
#501= IFCMATERIAL('TS10.9');
#502= IFCCOLOURRGB('Dark Gray',0.709803921568627,0.403921568627451,0.2);
#503= IFCSURFACESTYLERENDERING(#502,0.,$,$,$,$,IFCNORMALISEDRATIOMEASURE(0.00390625),IFCSPECULAREXPONENT(10.),.NOTDEFINED.);
#504= IFCSURFACESTYLE('STEEL/S275',.POSITIVE.,(#503));
#505= IFCPRESENTATIONSTYLEASSIGNMENT((#504));
#506= IFCCARTESIANPOINT((0.,-4.99999999997817,0.));
#507= IFCCARTESIANPOINT((0.,-4.99999999997817,234.));
#508= IFCCARTESIANPOINT((1.45519152283669E-11,5.,234.));
#509= IFCCARTESIANPOINT((1.45519152283669E-11,5.,0.));
#510= IFCPOLYLOOP((#506,#507,#508,#509));
#511= IFCFACEOUTERBOUND(#510,.T.);
#512= IFCFACE((#511));
#513= IFCCARTESIANPOINT((82.406913757608,5.00000000021828,234.));
#514= IFCCARTESIANPOINT((82.406913757608,5.00000000021828,1.45519152283669E-11));
#515= IFCPOLYLOOP((#509,#508,#513,#514));
#516= IFCFACEOUTERBOUND(#515,.T.);
#517= IFCFACE((#516));
#518= IFCCARTESIANPOINT((79.0729401826102,-4.99999999976717,1.45519152283669E-11));
#519= IFCPOLYLOOP((#506,#509,#514,#518));
#520= IFCFACEOUTERBOUND(#519,.T.);
#521= IFCFACE((#520));
#522= IFCCARTESIANPOINT((79.0729401826102,-4.99999999976717,234.));
#523= IFCPOLYLOOP((#507,#506,#518,#522));
#524= IFCFACEOUTERBOUND(#523,.T.);
#525= IFCFACE((#524));
#526= IFCPOLYLOOP((#508,#507,#522,#513));
#527= IFCFACEOUTERBOUND(#526,.T.);
#528= IFCFACE((#527));
#529= IFCPOLYLOOP((#518,#514,#513,#522));
#530= IFCFACEOUTERBOUND(#529,.T.);
#531= IFCFACE((#530));
#532= IFCCLOSEDSHELL((#512,#517,#521,#525,#528,#531));
#533= IFCFACETEDBREP(#532);
#534= IFCSTYLEDITEM(#533,(#505),$);
#535= IFCSHAPEREPRESENTATION(#12,'Body','Brep',(#533));
#536= IFCPRODUCTDEFINITIONSHAPE($,$,(#535));
#537= IFCCARTESIANPOINT((56919.7435961011,26396.4145070834,16872.000769225));
#538= IFCDIRECTION((0.,0.,-1.));
#539= IFCDIRECTION((0.316173193093615,0.948701487280898,0.));
#540= IFCAXIS2PLACEMENT3D(#537,#538,#539);
#541= IFCLOCALPLACEMENT(#42,#540);
#542= IFCPLATE('2mOpqd3x99fQfwufeG3fPY',#394,'PLATE-10','PL10*82.4',$,#541,#536,'IDb0633d27-0fb2-49a5-aa7a-e29a100e9662');
#543= IFCPLATETYPE('1fjiZHiiz8pQgb$MidBZRM',#5,'PL10*82.4',$,$,$,$,$,$,.NOTDEFINED.);
#544= IFCPROPERTYSINGLEVALUE('Bottom elevation',$,IFCLABEL(' +16.638'),$);
#545= IFCPROPERTYSINGLEVALUE('Top elevation',$,IFCLABEL(' +16.872'),$);
#546= IFCPROPERTYSINGLEVALUE('Initial GUID',$,$,$);
#547= IFCPROPERTYSINGLEVALUE('Preliminary mark',$,IFCLABEL('5-2-P90'),$);
#548= IFCPROPERTYSINGLEVALUE('Phase',$,IFCINTEGER(4),$);
#549= IFCPROPERTYSINGLEVALUE('Class',$,IFCLABEL('22'),$);
#550= IFCPROPERTYSET('0umcWiosbCDea2W5L0nyIP',#5,'Tekla Common','Common Properties to Shared building elements',(#544,#545,#546,#547,#548,#549));
#551= IFCPROPERTYSINGLEVALUE('Weight',$,IFCMASSMEASURE(1.48),$);
#552= IFCPROPERTYSINGLEVALUE('Volume',$,IFCVOLUMEMEASURE(0.),$);
#553= IFCPROPERTYSINGLEVALUE('Gross footprint area',$,IFCAREAMEASURE(0.001),$);
#554= IFCPROPERTYSINGLEVALUE('Area per tons',$,IFCAREAMEASURE(29.807),$);
#555= IFCPROPERTYSINGLEVALUE('Net surface area',$,IFCAREAMEASURE(0.044),$);
#556= IFCPROPERTYSINGLEVALUE('Height',$,IFCLENGTHMEASURE(82.4),$);
#557= IFCPROPERTYSINGLEVALUE('Width',$,IFCLENGTHMEASURE(10.),$);
#558= IFCPROPERTYSINGLEVALUE('Length',$,IFCLENGTHMEASURE(234.),$);
#559= IFCPROPERTYSET('1AKw7y0d14EwmmToPQb8Wf',#5,'Tekla Quantity','Quantity Properties to Shared building elements',(#551,#552,#553,#554,#555,#556,#557,#558));
#560= IFCPROPERTYSINGLEVALUE('LoadBearing',$,IFCBOOLEAN(.F.),$);
#561= IFCPROPERTYSINGLEVALUE('Reference',$,IFCIDENTIFIER('5-2-P90'),$);
#562= IFCPROPERTYSET('025pDrf6b5V8SEB6sJEIIl',#5,'Pset_PlateCommon','Common Properties to plate elements',(#560,#561));
#563= IFCQUANTITYLENGTH('Width',$,$,82.4069137575669);
#564= IFCQUANTITYAREA('NetArea',$,$,0.0442077083166179);
#565= IFCQUANTITYAREA('GrossArea',$,$,0.0192832178192707);
#566= IFCQUANTITYAREA('CrossSectionArea',$,$,0.0001);
#567= IFCQUANTITYVOLUME('NetVolume',$,$,0.000188931429110183);
#568= IFCQUANTITYVOLUME('GrossVolume',$,$,0.000204763675231927);
#569= IFCELEMENTQUANTITY('10UiZMZUzAfQwh9MRLwTnQ',#5,'BaseQuantities',$,$,(#563,#564,#565,#566,#567,#568));
#570= IFCMATERIAL('STEEL/S275');
#571= IFCCARTESIANPOINT((87.5655899046487,-4.99999999981083,234.));
#572= IFCCARTESIANPOINT((87.5655899046487,-4.99999999981083,-7.27595761418343E-12));
#573= IFCCARTESIANPOINT((87.5655899046487,5.00000000021828,-7.27595761418343E-12));
#574= IFCCARTESIANPOINT((87.5655899046487,5.00000000021828,234.));
#575= IFCPOLYLOOP((#571,#572,#573,#574));
#576= IFCFACEOUTERBOUND(#575,.T.);
#577= IFCFACE((#576));
#578= IFCCARTESIANPOINT((8.60213613774431,-5.,234.));
#579= IFCCARTESIANPOINT((8.60213613774431,-5.,0.));
#580= IFCPOLYLOOP((#572,#571,#578,#579));
#581= IFCFACEOUTERBOUND(#580,.T.);
#582= IFCFACE((#581));
#583= IFCCARTESIANPOINT((5.18366430163769,5.0000000000291,0.));
#584= IFCPOLYLOOP((#573,#572,#579,#583));
#585= IFCFACEOUTERBOUND(#584,.T.);
#586= IFCFACE((#585));
#587= IFCCARTESIANPOINT((5.18366430163769,5.0000000000291,234.));
#588= IFCPOLYLOOP((#574,#573,#583,#587));
#589= IFCFACEOUTERBOUND(#588,.T.);
#590= IFCFACE((#589));
#591= IFCPOLYLOOP((#571,#574,#587,#578));
#592= IFCFACEOUTERBOUND(#591,.T.);
#593= IFCFACE((#592));
#594= IFCPOLYLOOP((#583,#579,#578,#587));
#595= IFCFACEOUTERBOUND(#594,.T.);
#596= IFCFACE((#595));
#597= IFCCLOSEDSHELL((#577,#582,#586,#590,#593,#596));
#598= IFCFACETEDBREP(#597);
#599= IFCSTYLEDITEM(#598,(#505),$);
#600= IFCSHAPEREPRESENTATION(#12,'Body','Brep',(#598));
#601= IFCPRODUCTDEFINITIONSHAPE($,$,(#600));
#602= IFCCARTESIANPOINT((56947.3807197227,26906.4996267598,16872.0007692249));
#603= IFCDIRECTION((-0.316246776953336,0.948676960860032,0.));
#604= IFCAXIS2PLACEMENT3D(#602,#538,#603);
#605= IFCLOCALPLACEMENT(#42,#604);
#606= IFCPLATE('3ejLBeaafBM9g_hzRQrwBt',#394,'PLATE-10','PL10*82.4',$,#605,#601,'IDe8b552e8-924a-4b58-9abe-afd6dad7a2f7');
#607= IFCPROPERTYSINGLEVALUE('Area per tons',$,IFCAREAMEASURE(29.814),$);
#608= IFCPROPERTYSET('1nuQVFwIj1k9xu$Jb6W7P_',#5,'Tekla Quantity','Quantity Properties to Shared building elements',(#551,#552,#553,#607,#555,#556,#557,#558));
#609= IFCQUANTITYLENGTH('Width',$,$,82.3819256028874);
#610= IFCQUANTITYAREA('NetArea',$,$,0.0441812213853342);
#611= IFCQUANTITYAREA('GrossArea',$,$,0.0192773705910763);
#612= IFCQUANTITYVOLUME('NetVolume',$,$,0.000188774093863095);
#613= IFCQUANTITYVOLUME('GrossVolume',$,$,0.0002049034803772);
#614= IFCELEMENTQUANTITY('0jebNRmoj5WfQwu_M9k6f_',#5,'BaseQuantities',$,$,(#609,#610,#611,#566,#612,#613));
#615= IFCCOLOURRGB('Light Green',0.356862745098039,0.592156862745098,0.137254901960784);
#616= IFCSURFACESTYLERENDERING(#615,0.,$,$,$,$,IFCNORMALISEDRATIOMEASURE(0.00390625),IFCSPECULAREXPONENT(10.),.NOTDEFINED.);
#617= IFCSURFACESTYLE('STEEL/S275',.POSITIVE.,(#616));
#618= IFCPRESENTATIONSTYLEASSIGNMENT((#617));
#619= IFCCARTESIANPOINT((2.18278728425503E-10,-117.,-166.999999999891));
#620= IFCCARTESIANPOINT((8.00000000022555,-125.,-174.999999999876));
#621= IFCCARTESIANPOINT((7.99999999976353,-125.,174.999999999898));
#622= IFCCARTESIANPOINT((-2.18278728425503E-10,-117.,166.999999999891));
#623= IFCPOLYLOOP((#619,#620,#621,#622));
#624= IFCFACEOUTERBOUND(#623,.T.);
#625= IFCFACE((#624));
#626= IFCCARTESIANPOINT((7.99999999976353,125.,174.999999999898));
#627= IFCCARTESIANPOINT((-2.18278728425503E-10,117.,166.999999999891));
#628= IFCPOLYLOOP((#626,#627,#622,#621));
#629= IFCFACEOUTERBOUND(#628,.T.);
#630= IFCFACE((#629));
#631= IFCCARTESIANPOINT((8.00000000022555,125.,-174.999999999876));
#632= IFCCARTESIANPOINT((2.18278728425503E-10,117.,-166.999999999891));
#633= IFCPOLYLOOP((#631,#632,#627,#626));
#634= IFCFACEOUTERBOUND(#633,.T.);
#635= IFCFACE((#634));
#636= IFCPOLYLOOP((#632,#631,#620,#619));
#637= IFCFACEOUTERBOUND(#636,.T.);
#638= IFCFACE((#637));
#639= IFCCARTESIANPOINT((2669.02154350476,117.,-166.999999996384));
#640= IFCCARTESIANPOINT((2692.99993531241,117.,-174.999999452251));
#641= IFCCARTESIANPOINT((2695.66615682682,117.,-166.999999996347));
#642= IFCPOLYLOOP((#639,#640,#641));
#643= IFCFACEOUTERBOUND(#642,.T.);
#644= IFCFACE((#643));
#645= IFCCARTESIANPOINT((2695.66615682682,-117.,-166.999994347694));
#646= IFCCARTESIANPOINT((2692.99993531241,-117.,-174.999983537527));
#647= IFCCARTESIANPOINT((2669.02154350476,-117.,-166.999999996384));
#648= IFCPOLYLOOP((#645,#646,#647));
#649= IFCFACEOUTERBOUND(#648,.T.);
#650= IFCFACE((#649));
#651= IFCPOLYLOOP((#641,#640,#646,#645));
#652= IFCFACEOUTERBOUND(#651,.T.);
#653= IFCFACE((#652));
#654= IFCCARTESIANPOINT((2177.99712277845,-125.,-150.010002498704));
#655= IFCCARTESIANPOINT((2177.99712277845,-117.,-150.010002498704));
#656= IFCCARTESIANPOINT((2617.99883945611,-117.,-149.977141744552));
#657= IFCCARTESIANPOINT((2617.99883945611,-125.,-149.977141744552));
#658= IFCPOLYLOOP((#654,#655,#656,#657));
#659= IFCFACEOUTERBOUND(#658,.T.);
#660= IFCFACE((#659));
#661= IFCCARTESIANPOINT((2102.99747431376,-125.,-174.999999997126));
#662= IFCCARTESIANPOINT((2692.99993531241,-125.,-174.999982993431));
#663= IFCCARTESIANPOINT((5573.15528412128,-125.,-174.999999992564));
#664= IFCCARTESIANPOINT((5573.15528412082,-125.,175.000000007203));
#665= IFCPOLYLOOP((#661,#654,#657,#662,#663,#664,#621,#620));
#666= IFCFACEOUTERBOUND(#665,.T.);
#667= IFCFACE((#666));
#668= IFCCARTESIANPOINT((5573.15528412082,125.,175.000000007203));
#669= IFCPOLYLOOP((#664,#668,#626,#621));
#670= IFCFACEOUTERBOUND(#669,.T.);
#671= IFCFACE((#670));
#672= IFCCARTESIANPOINT((5573.15528412128,125.,-174.999999992564));
#673= IFCCARTESIANPOINT((2692.99993531241,125.,-174.999999996347));
#674= IFCCARTESIANPOINT((2617.99883945611,125.,-149.977141744552));
#675= IFCCARTESIANPOINT((2177.99712277845,125.,-150.010002498704));
#676= IFCCARTESIANPOINT((2102.99747431376,125.,-174.999999997126));
#677= IFCPOLYLOOP((#668,#672,#673,#674,#675,#676,#631,#626));
#678= IFCFACEOUTERBOUND(#677,.T.);
#679= IFCFACE((#678));
#680= IFCCARTESIANPOINT((2177.99712277845,117.,-150.010002498704));
#681= IFCCARTESIANPOINT((2617.99883945611,117.,-149.977141744552));
#682= IFCPOLYLOOP((#680,#675,#674,#681));
#683= IFCFACEOUTERBOUND(#682,.T.);
#684= IFCFACE((#683));
#685= IFCCARTESIANPOINT((2127.02949767936,117.,-166.999999997097));
#686= IFCCARTESIANPOINT((2100.32699914616,117.,-166.999999997126));
#687= IFCCARTESIANPOINT((2102.99747431376,117.,-174.999999997126));
#688= IFCPOLYLOOP((#685,#686,#687));
#689= IFCFACEOUTERBOUND(#688,.T.);
#690= IFCFACE((#689));
#691= IFCPOLYLOOP((#676,#675,#680,#685,#687));
#692= IFCFACEOUTERBOUND(#691,.T.);
#693= IFCFACE((#692));
#694= IFCCARTESIANPOINT((2102.99747431376,-117.,-174.999999997126));
#695= IFCPOLYLOOP((#676,#687,#694,#661,#620,#631));
#696= IFCFACEOUTERBOUND(#695,.T.);
#697= IFCFACE((#696));
#698= IFCCARTESIANPOINT((2127.02951760924,-117.,-166.999993206322));
#699= IFCPOLYLOOP((#655,#654,#661,#694,#698));
#700= IFCFACEOUTERBOUND(#699,.T.);
#701= IFCFACE((#700));
#702= IFCCARTESIANPOINT((2100.32699914616,-117.,-166.999999997126));
#703= IFCPOLYLOOP((#698,#694,#702));
#704= IFCFACEOUTERBOUND(#703,.T.);
#705= IFCFACE((#704));
#706= IFCPOLYLOOP((#687,#686,#702,#694));
#707= IFCFACEOUTERBOUND(#706,.T.);
#708= IFCFACE((#707));
#709= IFCPOLYLOOP((#632,#619,#702,#686));
#710= IFCFACEOUTERBOUND(#709,.T.);
#711= IFCFACE((#710));
#712= IFCPOLYLOOP((#627,#632,#619,#622));
#713= IFCFACEOUTERBOUND(#712,.T.);
#714= IFCPOLYLOOP((#627,#622,#619,#632));
#715= IFCFACEBOUND(#714,.T.);
#716= IFCFACE((#713,#715));
#717= IFCCARTESIANPOINT((5573.15528412083,117.,167.000000007203));
#718= IFCCARTESIANPOINT((5573.15528412083,-117.,167.000000007203));
#719= IFCPOLYLOOP((#622,#627,#717,#718));
#720= IFCFACEOUTERBOUND(#719,.T.);
#721= IFCFACE((#720));
#722= IFCPOLYLOOP((#664,#663,#672,#668));
#723= IFCFACEOUTERBOUND(#722,.T.);
#724= IFCCARTESIANPOINT((5573.15528412127,117.,-166.999999992564));
#725= IFCCARTESIANPOINT((5573.15528412127,-117.,-166.999999992564));
#726= IFCPOLYLOOP((#718,#717,#724,#725));
#727= IFCFACEBOUND(#726,.T.);
#728= IFCFACE((#723,#727));
#729= IFCPOLYLOOP((#656,#655,#698,#702,#619,#622,#718,#725,#645,#647));
#730= IFCFACEOUTERBOUND(#729,.T.);
#731= IFCFACE((#730));
#732= IFCPOLYLOOP((#662,#657,#656,#647,#646));
#733= IFCFACEOUTERBOUND(#732,.T.);
#734= IFCFACE((#733));
#735= IFCPOLYLOOP((#673,#672,#663,#662,#646,#640));
#736= IFCFACEOUTERBOUND(#735,.T.);
#737= IFCFACE((#736));
#738= IFCPOLYLOOP((#681,#674,#673,#640,#639));
#739= IFCFACEOUTERBOUND(#738,.T.);
#740= IFCFACE((#739));
#741= IFCPOLYLOOP((#724,#717,#627,#632,#686,#685,#680,#681,#639,#641));
#742= IFCFACEOUTERBOUND(#741,.T.);
#743= IFCFACE((#742));
#744= IFCPOLYLOOP((#725,#724,#641,#645));
#745= IFCFACEOUTERBOUND(#744,.T.);
#746= IFCFACE((#745));
#747= IFCCLOSEDSHELL((#625,#630,#635,#638,#644,#650,#653,#660,#667,#671,#679,#684,#690,#693,#697,#701,#705,#708,#711,#716,#721,#728,#731,#734,#737,#740,#743,#746));
#748= IFCFACETEDBREP(#747);
#749= IFCSTYLEDITEM(#748,(#618),$);
#750= IFCSHAPEREPRESENTATION(#12,'Body','Brep',(#748));
#751= IFCPRODUCTDEFINITIONSHAPE($,$,(#750));
#752= IFCCARTESIANPOINT((57090.1614128535,24295.0104102158,16755.0007692249));
#753= IFCDIRECTION((0.999999997446806,7.14590000316091E-05,0.));
#754= IFCDIRECTION((-7.1459000031394E-05,0.999999997446806,0.));
#755= IFCAXIS2PLACEMENT3D(#752,#753,#754);
#756= IFCLOCALPLACEMENT(#42,#755);
#757= IFCBEAM('26mPXd1ZT7EwtdT1zwKPpL',#323,'B1-\S\?\S\Z350x250x8','TUB350X250X8 ',$,#756,#751,'ID86c19867-0637-473b-ade7-741f7a519cd5');
#758= IFCBEAMTYPE('1DxLzXMkD0VRCu0IofipxM',#5,'TUB350X250X8 ',$,$,$,$,$,$,.NOTDEFINED.);
#759= IFCPROPERTYSINGLEVALUE('Bottom elevation',$,IFCLABEL(' +16.630'),$);
#760= IFCPROPERTYSINGLEVALUE('Top elevation',$,IFCLABEL(' +16.880'),$);
#761= IFCPROPERTYSINGLEVALUE('Preliminary mark',$,IFCLABEL('5-2-P2'),$);
#762= IFCPROPERTYSINGLEVALUE('Class',$,IFCLABEL('3'),$);
#763= IFCPROPERTYSET('1kbZNc_gLF3uC3pxpyh2am',#5,'Tekla Common','Common Properties to Shared building elements',(#759,#760,#546,#761,#548,#762));
#764= IFCPROPERTYSINGLEVALUE('Weight',$,IFCMASSMEASURE(398.17),$);
#765= IFCPROPERTYSINGLEVALUE('Volume',$,IFCVOLUMEMEASURE(0.051),$);
#766= IFCPROPERTYSINGLEVALUE('Gross footprint area',$,IFCAREAMEASURE(1.938),$);
#767= IFCPROPERTYSINGLEVALUE('Area per tons',$,IFCAREAMEASURE(16.342),$);
#768= IFCPROPERTYSINGLEVALUE('Net surface area',$,IFCAREAMEASURE(6.507),$);
#769= IFCPROPERTYSINGLEVALUE('Height',$,IFCLENGTHMEASURE(350.),$);
#770= IFCPROPERTYSINGLEVALUE('Width',$,IFCLENGTHMEASURE(250.),$);
#771= IFCPROPERTYSINGLEVALUE('Length',$,IFCLENGTHMEASURE(5573.2),$);
#772= IFCPROPERTYSET('2EjMxJtUvAYeBYGkgbH$hA',#5,'Tekla Quantity','Quantity Properties to Shared building elements',(#764,#765,#766,#767,#768,#769,#770,#771));
#773= IFCPROPERTYSINGLEVALUE('Reference',$,IFCIDENTIFIER('5-2-P2'),$);
#774= IFCPROPERTYSET('3AxPYSFQbCRBnc3Jc6z9dc',#5,'Pset_BeamCommon','Common Properties to beam elements',(#560,#773));
#775= IFCQUANTITYLENGTH('Length',$,$,5573.15528412477);
#776= IFCQUANTITYAREA('OuterSurfaceArea',$,$,6.5069941369144);
#777= IFCQUANTITYVOLUME('NetVolume',$,$,0.0507223114278728);
#778= IFCQUANTITYWEIGHT('NetWeight',$,$,398.170144708801);
#779= IFCELEMENTQUANTITY('12E9$YilPBMRVtbUdBuNg$',#5,'BaseQuantities',$,$,(#775,#776,#777,#778));
#780= IFCCARTESIANPOINT((13.,-39.9054931875712,0.));
#781= IFCCARTESIANPOINT((11.2583302491975,-39.9054931875712,6.50000000000039));
#782= IFCCARTESIANPOINT((6.49999999999922,-39.9054931875712,11.2583302491982));
#783= IFCCARTESIANPOINT((-1.34723677608042E-12,-39.9054931875712,13.));
#784= IFCCARTESIANPOINT((-6.50000000000155,-39.9054931875712,11.2583302491968));
#785= IFCCARTESIANPOINT((-11.2583302491988,-39.9054931875712,6.49999999999806));
#786= IFCCARTESIANPOINT((-13.,-39.9054931875712,-2.69447355216084E-12));
#787= IFCCARTESIANPOINT((-11.2583302491961,-39.9054931875712,-6.50000000000272));
#788= IFCCARTESIANPOINT((-6.4999999999969,-39.9054931875712,-11.2583302491995));
#789= IFCCARTESIANPOINT((4.02727742892113E-12,-39.9054931875712,-13.));
#790= IFCCARTESIANPOINT((6.50000000000388,-39.9054931875712,-11.2583302491955));
#791= IFCCARTESIANPOINT((11.2583302492002,-39.9054931875712,-6.49999999999573));
#792= IFCCARTESIANPOINT((13.,-19.905493187571,0.));
#793= IFCCARTESIANPOINT((11.2583302491975,-19.905493187571,6.50000000000039));
#794= IFCCARTESIANPOINT((6.49999999999922,-19.905493187571,11.2583302491982));
#795= IFCCARTESIANPOINT((-1.34723677608042E-12,-19.905493187571,13.));
#796= IFCCARTESIANPOINT((-6.50000000000155,-19.905493187571,11.2583302491968));
#797= IFCCARTESIANPOINT((-11.2583302491988,-19.905493187571,6.49999999999806));
#798= IFCCARTESIANPOINT((-13.,-19.905493187571,-2.69447355216084E-12));
#799= IFCCARTESIANPOINT((-11.2583302491961,-19.905493187571,-6.50000000000272));
#800= IFCCARTESIANPOINT((-6.4999999999969,-19.905493187571,-11.2583302491995));
#801= IFCCARTESIANPOINT((4.02727742892113E-12,-19.905493187571,-13.));
#802= IFCCARTESIANPOINT((6.50000000000388,-19.905493187571,-11.2583302491955));
#803= IFCCARTESIANPOINT((11.2583302492002,-19.905493187571,-6.49999999999573));
#804= IFCPOLYLOOP((#780,#781,#782,#783,#784,#785,#786,#787,#788,#789,#790,#791));
#805= IFCFACEOUTERBOUND(#804,.T.);
#806= IFCFACE((#805));
#807= IFCPOLYLOOP((#803,#802,#801,#800,#799,#798,#797,#796,#795,#794,#793,#792));
#808= IFCFACEOUTERBOUND(#807,.T.);
#809= IFCFACE((#808));
#810= IFCPOLYLOOP((#780,#792,#793,#781));
#811= IFCFACEOUTERBOUND(#810,.T.);
#812= IFCFACE((#811));
#813= IFCPOLYLOOP((#781,#793,#794,#782));
#814= IFCFACEOUTERBOUND(#813,.T.);
#815= IFCFACE((#814));
#816= IFCPOLYLOOP((#782,#794,#795,#783));
#817= IFCFACEOUTERBOUND(#816,.T.);
#818= IFCFACE((#817));
#819= IFCPOLYLOOP((#783,#795,#796,#784));
#820= IFCFACEOUTERBOUND(#819,.T.);
#821= IFCFACE((#820));
#822= IFCPOLYLOOP((#784,#796,#797,#785));
#823= IFCFACEOUTERBOUND(#822,.T.);
#824= IFCFACE((#823));
#825= IFCPOLYLOOP((#785,#797,#798,#786));
#826= IFCFACEOUTERBOUND(#825,.T.);
#827= IFCFACE((#826));
#828= IFCPOLYLOOP((#786,#798,#799,#787));
#829= IFCFACEOUTERBOUND(#828,.T.);
#830= IFCFACE((#829));
#831= IFCPOLYLOOP((#787,#799,#800,#788));
#832= IFCFACEOUTERBOUND(#831,.T.);
#833= IFCFACE((#832));
#834= IFCPOLYLOOP((#788,#800,#801,#789));
#835= IFCFACEOUTERBOUND(#834,.T.);
#836= IFCFACE((#835));
#837= IFCPOLYLOOP((#789,#801,#802,#790));
#838= IFCFACEOUTERBOUND(#837,.T.);
#839= IFCFACE((#838));
#840= IFCPOLYLOOP((#790,#802,#803,#791));
#841= IFCFACEOUTERBOUND(#840,.T.);
#842= IFCFACE((#841));
#843= IFCPOLYLOOP((#791,#803,#792,#780));
#844= IFCFACEOUTERBOUND(#843,.T.);
#845= IFCFACE((#844));
#846= IFCCARTESIANPOINT((13.,-20.1000000235197,0.));
#847= IFCCARTESIANPOINT((11.2583302491975,-20.1000000235197,6.50000000000039));
#848= IFCCARTESIANPOINT((6.49999999999922,-20.1000000235197,11.2583302491982));
#849= IFCCARTESIANPOINT((-1.34723677608042E-12,-20.1000000235197,13.));
#850= IFCCARTESIANPOINT((-6.50000000000155,-20.1000000235197,11.2583302491968));
#851= IFCCARTESIANPOINT((-11.2583302491988,-20.1000000235197,6.49999999999806));
#852= IFCCARTESIANPOINT((-13.,-20.1000000235197,-2.69447355216084E-12));
#853= IFCCARTESIANPOINT((-11.2583302491961,-20.1000000235197,-6.50000000000272));
#854= IFCCARTESIANPOINT((-6.4999999999969,-20.1000000235197,-11.2583302491995));
#855= IFCCARTESIANPOINT((4.02727742892113E-12,-20.1000000235197,-13.));
#856= IFCCARTESIANPOINT((6.50000000000388,-20.1000000235197,-11.2583302491955));
#857= IFCCARTESIANPOINT((11.2583302492002,-20.1000000235197,-6.49999999999573));
#858= IFCCARTESIANPOINT((13.,-2.35194050901555E-08,0.));
#859= IFCCARTESIANPOINT((11.2583302491975,-2.35194050901555E-08,6.50000000000039));
#860= IFCCARTESIANPOINT((6.49999999999922,-2.35194050901555E-08,11.2583302491982));
#861= IFCCARTESIANPOINT((-1.34723677608042E-12,-2.35194050901555E-08,13.));
#862= IFCCARTESIANPOINT((-6.50000000000155,-2.35194050901555E-08,11.2583302491968));
#863= IFCCARTESIANPOINT((-11.2583302491988,-2.35194050901555E-08,6.49999999999806));
#864= IFCCARTESIANPOINT((-13.,-2.35194050901555E-08,-2.69447355216084E-12));
#865= IFCCARTESIANPOINT((-11.2583302491961,-2.35194050901555E-08,-6.50000000000272));
#866= IFCCARTESIANPOINT((-6.4999999999969,-2.35194050901555E-08,-11.2583302491995));
#867= IFCCARTESIANPOINT((4.02727742892113E-12,-2.35194050901555E-08,-13.));
#868= IFCCARTESIANPOINT((6.50000000000388,-2.35194050901555E-08,-11.2583302491955));
#869= IFCCARTESIANPOINT((11.2583302492002,-2.35194050901555E-08,-6.49999999999573));
#870= IFCPOLYLOOP((#846,#847,#848,#849,#850,#851,#852,#853,#854,#855,#856,#857));
#871= IFCFACEOUTERBOUND(#870,.T.);
#872= IFCFACE((#871));
#873= IFCPOLYLOOP((#869,#868,#867,#866,#865,#864,#863,#862,#861,#860,#859,#858));
#874= IFCFACEOUTERBOUND(#873,.T.);
#875= IFCFACE((#874));
#876= IFCPOLYLOOP((#846,#858,#859,#847));
#877= IFCFACEOUTERBOUND(#876,.T.);
#878= IFCFACE((#877));
#879= IFCPOLYLOOP((#847,#859,#860,#848));
#880= IFCFACEOUTERBOUND(#879,.T.);
#881= IFCFACE((#880));
#882= IFCPOLYLOOP((#848,#860,#861,#849));
#883= IFCFACEOUTERBOUND(#882,.T.);
#884= IFCFACE((#883));
#885= IFCPOLYLOOP((#849,#861,#862,#850));
#886= IFCFACEOUTERBOUND(#885,.T.);
#887= IFCFACE((#886));
#888= IFCPOLYLOOP((#850,#862,#863,#851));
#889= IFCFACEOUTERBOUND(#888,.T.);
#890= IFCFACE((#889));
#891= IFCPOLYLOOP((#851,#863,#864,#852));
#892= IFCFACEOUTERBOUND(#891,.T.);
#893= IFCFACE((#892));
#894= IFCPOLYLOOP((#852,#864,#865,#853));
#895= IFCFACEOUTERBOUND(#894,.T.);
#896= IFCFACE((#895));
#897= IFCPOLYLOOP((#853,#865,#866,#854));
#898= IFCFACEOUTERBOUND(#897,.T.);
#899= IFCFACE((#898));
#900= IFCPOLYLOOP((#854,#866,#867,#855));
#901= IFCFACEOUTERBOUND(#900,.T.);
#902= IFCFACE((#901));
#903= IFCPOLYLOOP((#855,#867,#868,#856));
#904= IFCFACEOUTERBOUND(#903,.T.);
#905= IFCFACE((#904));
#906= IFCPOLYLOOP((#856,#868,#869,#857));
#907= IFCFACEOUTERBOUND(#906,.T.);
#908= IFCFACE((#907));
#909= IFCPOLYLOOP((#857,#869,#858,#846));
#910= IFCFACEOUTERBOUND(#909,.T.);
#911= IFCFACE((#910));
#912= IFCCARTESIANPOINT((20.7846096908265,-63.7654931875712,0.));
#913= IFCCARTESIANPOINT((10.3923048454133,-63.7654931875712,18.));
#914= IFCCARTESIANPOINT((-10.3923048454133,-63.7654931875712,18.));
#915= IFCCARTESIANPOINT((-20.7846096908265,-63.7654931875712,2.54538057293978E-15));
#916= IFCCARTESIANPOINT((-10.3923048454133,-63.7654931875712,-18.));
#917= IFCCARTESIANPOINT((10.3923048454132,-63.7654931875712,-18.));
#918= IFCCARTESIANPOINT((20.7846096908265,-47.9254931875712,0.));
#919= IFCCARTESIANPOINT((10.3923048454133,-47.9254931875712,18.));
#920= IFCCARTESIANPOINT((-10.3923048454133,-47.9254931875712,18.));
#921= IFCCARTESIANPOINT((-20.7846096908265,-47.9254931875712,2.54538057293978E-15));
#922= IFCCARTESIANPOINT((-10.3923048454133,-47.9254931875712,-18.));
#923= IFCCARTESIANPOINT((10.3923048454132,-47.9254931875712,-18.));
#924= IFCPOLYLOOP((#912,#913,#914,#915,#916,#917));
#925= IFCFACEOUTERBOUND(#924,.T.);
#926= IFCFACE((#925));
#927= IFCPOLYLOOP((#923,#922,#921,#920,#919,#918));
#928= IFCFACEOUTERBOUND(#927,.T.);
#929= IFCFACE((#928));
#930= IFCPOLYLOOP((#912,#918,#919,#913));
#931= IFCFACEOUTERBOUND(#930,.T.);
#932= IFCFACE((#931));
#933= IFCPOLYLOOP((#913,#919,#920,#914));
#934= IFCFACEOUTERBOUND(#933,.T.);
#935= IFCFACE((#934));
#936= IFCPOLYLOOP((#914,#920,#921,#915));
#937= IFCFACEOUTERBOUND(#936,.T.);
#938= IFCFACE((#937));
#939= IFCPOLYLOOP((#915,#921,#922,#916));
#940= IFCFACEOUTERBOUND(#939,.T.);
#941= IFCFACE((#940));
#942= IFCPOLYLOOP((#916,#922,#923,#917));
#943= IFCFACEOUTERBOUND(#942,.T.);
#944= IFCFACE((#943));
#945= IFCPOLYLOOP((#917,#923,#918,#912));
#946= IFCFACEOUTERBOUND(#945,.T.);
#947= IFCFACE((#946));
#948= IFCCARTESIANPOINT((12.,-47.9254931875712,0.));
#949= IFCCARTESIANPOINT((10.3923048454131,-47.9254931875712,6.00000000000036));
#950= IFCCARTESIANPOINT((5.99999999999928,-47.9254931875712,10.3923048454137));
#951= IFCCARTESIANPOINT((-1.24360317792039E-12,-47.9254931875712,12.));
#952= IFCCARTESIANPOINT((-6.00000000000143,-47.9254931875712,10.3923048454124));
#953= IFCCARTESIANPOINT((-10.3923048454143,-47.9254931875712,5.99999999999821));
#954= IFCCARTESIANPOINT((-12.,-47.9254931875712,-2.48720635584077E-12));
#955= IFCCARTESIANPOINT((-10.3923048454118,-47.9254931875712,-6.00000000000251));
#956= IFCCARTESIANPOINT((-5.99999999999713,-47.9254931875712,-10.3923048454149));
#957= IFCCARTESIANPOINT((3.71748685746566E-12,-47.9254931875712,-12.));
#958= IFCCARTESIANPOINT((6.00000000000358,-47.9254931875712,-10.3923048454112));
#959= IFCCARTESIANPOINT((10.3923048454155,-47.9254931875712,-5.99999999999605));
#960= IFCCARTESIANPOINT((12.,37.0745068124288,0.));
#961= IFCCARTESIANPOINT((10.3923048454131,37.0745068124288,6.00000000000036));
#962= IFCCARTESIANPOINT((5.99999999999928,37.0745068124288,10.3923048454137));
#963= IFCCARTESIANPOINT((-1.24360317792039E-12,37.0745068124288,12.));
#964= IFCCARTESIANPOINT((-6.00000000000143,37.0745068124288,10.3923048454124));
#965= IFCCARTESIANPOINT((-10.3923048454143,37.0745068124288,5.99999999999821));
#966= IFCCARTESIANPOINT((-12.,37.0745068124288,-2.48720635584077E-12));
#967= IFCCARTESIANPOINT((-10.3923048454118,37.0745068124288,-6.00000000000251));
#968= IFCCARTESIANPOINT((-5.99999999999713,37.0745068124288,-10.3923048454149));
#969= IFCCARTESIANPOINT((3.71748685746566E-12,37.0745068124288,-12.));
#970= IFCCARTESIANPOINT((6.00000000000358,37.0745068124288,-10.3923048454112));
#971= IFCCARTESIANPOINT((10.3923048454155,37.0745068124288,-5.99999999999605));
#972= IFCPOLYLOOP((#948,#949,#950,#951,#952,#953,#954,#955,#956,#957,#958,#959));
#973= IFCFACEOUTERBOUND(#972,.T.);
#974= IFCFACE((#973));
#975= IFCPOLYLOOP((#971,#970,#969,#968,#967,#966,#965,#964,#963,#962,#961,#960));
#976= IFCFACEOUTERBOUND(#975,.T.);
#977= IFCFACE((#976));
#978= IFCPOLYLOOP((#948,#960,#961,#949));
#979= IFCFACEOUTERBOUND(#978,.T.);
#980= IFCFACE((#979));
#981= IFCPOLYLOOP((#949,#961,#962,#950));
#982= IFCFACEOUTERBOUND(#981,.T.);
#983= IFCFACE((#982));
#984= IFCPOLYLOOP((#950,#962,#963,#951));
#985= IFCFACEOUTERBOUND(#984,.T.);
#986= IFCFACE((#985));
#987= IFCPOLYLOOP((#951,#963,#964,#952));
#988= IFCFACEOUTERBOUND(#987,.T.);
#989= IFCFACE((#988));
#990= IFCPOLYLOOP((#952,#964,#965,#953));
#991= IFCFACEOUTERBOUND(#990,.T.);
#992= IFCFACE((#991));
#993= IFCPOLYLOOP((#953,#965,#966,#954));
#994= IFCFACEOUTERBOUND(#993,.T.);
#995= IFCFACE((#994));
#996= IFCPOLYLOOP((#954,#966,#967,#955));
#997= IFCFACEOUTERBOUND(#996,.T.);
#998= IFCFACE((#997));
#999= IFCPOLYLOOP((#955,#967,#968,#956));
#1000= IFCFACEOUTERBOUND(#999,.T.);
#1001= IFCFACE((#1000));
#1002= IFCPOLYLOOP((#956,#968,#969,#957));
#1003= IFCFACEOUTERBOUND(#1002,.T.);
#1004= IFCFACE((#1003));
#1005= IFCPOLYLOOP((#957,#969,#970,#958));
#1006= IFCFACEOUTERBOUND(#1005,.T.);
#1007= IFCFACE((#1006));
#1008= IFCPOLYLOOP((#958,#970,#971,#959));
#1009= IFCFACEOUTERBOUND(#1008,.T.);
#1010= IFCFACE((#1009));
#1011= IFCPOLYLOOP((#959,#971,#960,#948));
#1012= IFCFACEOUTERBOUND(#1011,.T.);
#1013= IFCFACE((#1012));
#1014= IFCCARTESIANPOINT((21.6,-47.9254931875712,0.));
#1015= IFCCARTESIANPOINT((18.7061487217435,-47.9254931875712,10.8000000000006));
#1016= IFCCARTESIANPOINT((10.7999999999987,-47.9254931875712,18.7061487217446));
#1017= IFCCARTESIANPOINT((-2.2384857202567E-12,-47.9254931875712,21.6));
#1018= IFCCARTESIANPOINT((-10.8000000000026,-47.9254931875712,18.7061487217424));
#1019= IFCCARTESIANPOINT((-18.7061487217457,-47.9254931875712,10.7999999999968));
#1020= IFCCARTESIANPOINT((-21.6,-47.9254931875712,-4.47697144051339E-12));
#1021= IFCCARTESIANPOINT((-18.7061487217413,-47.9254931875712,-10.8000000000045));
#1022= IFCCARTESIANPOINT((-10.7999999999948,-47.9254931875712,-18.7061487217469));
#1023= IFCCARTESIANPOINT((6.69147634343819E-12,-47.9254931875712,-21.6));
#1024= IFCCARTESIANPOINT((10.8000000000064,-47.9254931875712,-18.7061487217402));
#1025= IFCCARTESIANPOINT((18.706148721748,-47.9254931875712,-10.7999999999929));
#1026= IFCCARTESIANPOINT((21.6,-40.0054931875712,0.));
#1027= IFCCARTESIANPOINT((18.7061487217435,-40.0054931875712,10.8000000000006));
#1028= IFCCARTESIANPOINT((10.7999999999987,-40.0054931875712,18.7061487217446));
#1029= IFCCARTESIANPOINT((-2.2384857202567E-12,-40.0054931875712,21.6));
#1030= IFCCARTESIANPOINT((-10.8000000000026,-40.0054931875712,18.7061487217424));
#1031= IFCCARTESIANPOINT((-18.7061487217457,-40.0054931875712,10.7999999999968));
#1032= IFCCARTESIANPOINT((-21.6,-40.0054931875712,-4.47697144051339E-12));
#1033= IFCCARTESIANPOINT((-18.7061487217413,-40.0054931875712,-10.8000000000045));
#1034= IFCCARTESIANPOINT((-10.7999999999948,-40.0054931875712,-18.7061487217469));
#1035= IFCCARTESIANPOINT((6.69147634343819E-12,-40.0054931875712,-21.6));
#1036= IFCCARTESIANPOINT((10.8000000000064,-40.0054931875712,-18.7061487217402));
#1037= IFCCARTESIANPOINT((18.706148721748,-40.0054931875712,-10.7999999999929));
#1038= IFCPOLYLOOP((#1014,#1015,#1016,#1017,#1018,#1019,#1020,#1021,#1022,#1023,#1024,#1025));
#1039= IFCFACEOUTERBOUND(#1038,.T.);
#1040= IFCFACE((#1039));
#1041= IFCPOLYLOOP((#1037,#1036,#1035,#1034,#1033,#1032,#1031,#1030,#1029,#1028,#1027,#1026));
#1042= IFCFACEOUTERBOUND(#1041,.T.);
#1043= IFCFACE((#1042));
#1044= IFCPOLYLOOP((#1014,#1026,#1027,#1015));
#1045= IFCFACEOUTERBOUND(#1044,.T.);
#1046= IFCFACE((#1045));
#1047= IFCPOLYLOOP((#1015,#1027,#1028,#1016));
#1048= IFCFACEOUTERBOUND(#1047,.T.);
#1049= IFCFACE((#1048));
#1050= IFCPOLYLOOP((#1016,#1028,#1029,#1017));
#1051= IFCFACEOUTERBOUND(#1050,.T.);
#1052= IFCFACE((#1051));
#1053= IFCPOLYLOOP((#1017,#1029,#1030,#1018));
#1054= IFCFACEOUTERBOUND(#1053,.T.);
#1055= IFCFACE((#1054));
#1056= IFCPOLYLOOP((#1018,#1030,#1031,#1019));
#1057= IFCFACEOUTERBOUND(#1056,.T.);
#1058= IFCFACE((#1057));
#1059= IFCPOLYLOOP((#1019,#1031,#1032,#1020));
#1060= IFCFACEOUTERBOUND(#1059,.T.);
#1061= IFCFACE((#1060));
#1062= IFCPOLYLOOP((#1020,#1032,#1033,#1021));
#1063= IFCFACEOUTERBOUND(#1062,.T.);
#1064= IFCFACE((#1063));
#1065= IFCPOLYLOOP((#1021,#1033,#1034,#1022));
#1066= IFCFACEOUTERBOUND(#1065,.T.);
#1067= IFCFACE((#1066));
#1068= IFCPOLYLOOP((#1022,#1034,#1035,#1023));
#1069= IFCFACEOUTERBOUND(#1068,.T.);
#1070= IFCFACE((#1069));
#1071= IFCPOLYLOOP((#1023,#1035,#1036,#1024));
#1072= IFCFACEOUTERBOUND(#1071,.T.);
#1073= IFCFACE((#1072));
#1074= IFCPOLYLOOP((#1024,#1036,#1037,#1025));
#1075= IFCFACEOUTERBOUND(#1074,.T.);
#1076= IFCFACE((#1075));
#1077= IFCPOLYLOOP((#1025,#1037,#1026,#1014));
#1078= IFCFACEOUTERBOUND(#1077,.T.);
#1079= IFCFACE((#1078));
#1080= IFCCARTESIANPOINT((21.6,-2.35194050901555E-08,0.));
#1081= IFCCARTESIANPOINT((18.7061487217435,-2.35194050901555E-08,10.8000000000006));
#1082= IFCCARTESIANPOINT((10.7999999999987,-2.35194050901555E-08,18.7061487217446));
#1083= IFCCARTESIANPOINT((-2.2384857202567E-12,-2.35194050901555E-08,21.6));
#1084= IFCCARTESIANPOINT((-10.8000000000026,-2.35194050901555E-08,18.7061487217424));
#1085= IFCCARTESIANPOINT((-18.7061487217457,-2.35194050901555E-08,10.7999999999968));
#1086= IFCCARTESIANPOINT((-21.6,-2.35194050901555E-08,-4.47697144051339E-12));
#1087= IFCCARTESIANPOINT((-18.7061487217413,-2.35194050901555E-08,-10.8000000000045));
#1088= IFCCARTESIANPOINT((-10.7999999999948,-2.35194050901555E-08,-18.7061487217469));
#1089= IFCCARTESIANPOINT((6.69147634343819E-12,-2.35194050901555E-08,-21.6));
#1090= IFCCARTESIANPOINT((10.8000000000064,-2.35194050901555E-08,-18.7061487217402));
#1091= IFCCARTESIANPOINT((18.706148721748,-2.35194050901555E-08,-10.7999999999929));
#1092= IFCCARTESIANPOINT((21.6,7.91999997648059,0.));
#1093= IFCCARTESIANPOINT((18.7061487217435,7.91999997648059,10.8000000000006));
#1094= IFCCARTESIANPOINT((10.7999999999987,7.91999997648059,18.7061487217446));
#1095= IFCCARTESIANPOINT((-2.2384857202567E-12,7.91999997648059,21.6));
#1096= IFCCARTESIANPOINT((-10.8000000000026,7.91999997648059,18.7061487217424));
#1097= IFCCARTESIANPOINT((-18.7061487217457,7.91999997648059,10.7999999999968));
#1098= IFCCARTESIANPOINT((-21.6,7.91999997648059,-4.47697144051339E-12));
#1099= IFCCARTESIANPOINT((-18.7061487217413,7.91999997648059,-10.8000000000045));
#1100= IFCCARTESIANPOINT((-10.7999999999948,7.91999997648059,-18.7061487217469));
#1101= IFCCARTESIANPOINT((6.69147634343819E-12,7.91999997648059,-21.6));
#1102= IFCCARTESIANPOINT((10.8000000000064,7.91999997648059,-18.7061487217402));
#1103= IFCCARTESIANPOINT((18.706148721748,7.91999997648059,-10.7999999999929));
#1104= IFCPOLYLOOP((#1080,#1081,#1082,#1083,#1084,#1085,#1086,#1087,#1088,#1089,#1090,#1091));
#1105= IFCFACEOUTERBOUND(#1104,.T.);
#1106= IFCFACE((#1105));
#1107= IFCPOLYLOOP((#1103,#1102,#1101,#1100,#1099,#1098,#1097,#1096,#1095,#1094,#1093,#1092));
#1108= IFCFACEOUTERBOUND(#1107,.T.);
#1109= IFCFACE((#1108));
#1110= IFCPOLYLOOP((#1080,#1092,#1093,#1081));
#1111= IFCFACEOUTERBOUND(#1110,.T.);
#1112= IFCFACE((#1111));
#1113= IFCPOLYLOOP((#1081,#1093,#1094,#1082));
#1114= IFCFACEOUTERBOUND(#1113,.T.);
#1115= IFCFACE((#1114));
#1116= IFCPOLYLOOP((#1082,#1094,#1095,#1083));
#1117= IFCFACEOUTERBOUND(#1116,.T.);
#1118= IFCFACE((#1117));
#1119= IFCPOLYLOOP((#1083,#1095,#1096,#1084));
#1120= IFCFACEOUTERBOUND(#1119,.T.);
#1121= IFCFACE((#1120));
#1122= IFCPOLYLOOP((#1084,#1096,#1097,#1085));
#1123= IFCFACEOUTERBOUND(#1122,.T.);
#1124= IFCFACE((#1123));
#1125= IFCPOLYLOOP((#1085,#1097,#1098,#1086));
#1126= IFCFACEOUTERBOUND(#1125,.T.);
#1127= IFCFACE((#1126));
#1128= IFCPOLYLOOP((#1086,#1098,#1099,#1087));
#1129= IFCFACEOUTERBOUND(#1128,.T.);
#1130= IFCFACE((#1129));
#1131= IFCPOLYLOOP((#1087,#1099,#1100,#1088));
#1132= IFCFACEOUTERBOUND(#1131,.T.);
#1133= IFCFACE((#1132));
#1134= IFCPOLYLOOP((#1088,#1100,#1101,#1089));
#1135= IFCFACEOUTERBOUND(#1134,.T.);
#1136= IFCFACE((#1135));
#1137= IFCPOLYLOOP((#1089,#1101,#1102,#1090));
#1138= IFCFACEOUTERBOUND(#1137,.T.);
#1139= IFCFACE((#1138));
#1140= IFCPOLYLOOP((#1090,#1102,#1103,#1091));
#1141= IFCFACEOUTERBOUND(#1140,.T.);
#1142= IFCFACE((#1141));
#1143= IFCPOLYLOOP((#1091,#1103,#1092,#1080));
#1144= IFCFACEOUTERBOUND(#1143,.T.);
#1145= IFCFACE((#1144));
#1146= IFCCARTESIANPOINT((23.0016347245147,7.91999997648059,0.));
#1147= IFCCARTESIANPOINT((11.5008173622573,7.91999997648059,19.92));
#1148= IFCCARTESIANPOINT((-11.5008173622573,7.91999997648059,19.92));
#1149= IFCCARTESIANPOINT((-23.0016347245147,7.91999997648059,2.81688783405335E-15));
#1150= IFCCARTESIANPOINT((-11.5008173622574,7.91999997648059,-19.92));
#1151= IFCCARTESIANPOINT((11.5008173622573,7.91999997648059,-19.92));
#1152= IFCCARTESIANPOINT((23.0016347245147,23.7599999764806,0.));
#1153= IFCCARTESIANPOINT((11.5008173622573,23.7599999764806,19.92));
#1154= IFCCARTESIANPOINT((-11.5008173622573,23.7599999764806,19.92));
#1155= IFCCARTESIANPOINT((-23.0016347245147,23.7599999764806,2.81688783405335E-15));
#1156= IFCCARTESIANPOINT((-11.5008173622574,23.7599999764806,-19.92));
#1157= IFCCARTESIANPOINT((11.5008173622573,23.7599999764806,-19.92));
#1158= IFCPOLYLOOP((#1146,#1147,#1148,#1149,#1150,#1151));
#1159= IFCFACEOUTERBOUND(#1158,.T.);
#1160= IFCFACE((#1159));
#1161= IFCPOLYLOOP((#1157,#1156,#1155,#1154,#1153,#1152));
#1162= IFCFACEOUTERBOUND(#1161,.T.);
#1163= IFCFACE((#1162));
#1164= IFCPOLYLOOP((#1146,#1152,#1153,#1147));
#1165= IFCFACEOUTERBOUND(#1164,.T.);
#1166= IFCFACE((#1165));
#1167= IFCPOLYLOOP((#1147,#1153,#1154,#1148));
#1168= IFCFACEOUTERBOUND(#1167,.T.);
#1169= IFCFACE((#1168));
#1170= IFCPOLYLOOP((#1148,#1154,#1155,#1149));
#1171= IFCFACEOUTERBOUND(#1170,.T.);
#1172= IFCFACE((#1171));
#1173= IFCPOLYLOOP((#1149,#1155,#1156,#1150));
#1174= IFCFACEOUTERBOUND(#1173,.T.);
#1175= IFCFACE((#1174));
#1176= IFCPOLYLOOP((#1150,#1156,#1157,#1151));
#1177= IFCFACEOUTERBOUND(#1176,.T.);
#1178= IFCFACE((#1177));
#1179= IFCPOLYLOOP((#1151,#1157,#1152,#1146));
#1180= IFCFACEOUTERBOUND(#1179,.T.);
#1181= IFCFACE((#1180));
#1182= IFCCLOSEDSHELL((#926,#929,#932,#935,#938,#941,#944,#947,#974,#977,#980,#983,#986,#989,#992,#995,#998,#1001,#1004,#1007,#1010,#1013,#1040,#1043,#1046,#1049,#1052,#1055,#1058,#1061,#1064,#1067,#1070,#1073,#1076,#1079,#1106,#1109,#1112,#1115,#1118,#1121,#1124,#1127,#1130,#1133,#1136,#1139,#1142,#1145,#1160,#1163,#1166,#1169,#1172,#1175,#1178,#1181));
#1183= IFCFACETEDBREP(#1182);
#1184= IFCSTYLEDITEM(#1183,(#396),$);
#1185= IFCCLOSEDSHELL((#806,#809,#812,#815,#818,#821,#824,#827,#830,#833,#836,#839,#842,#845,#872,#875,#878,#881,#884,#887,#890,#893,#896,#899,#902,#905,#908,#911));
#1186= IFCFACETEDBREP(#1185);
#1187= IFCSTYLEDITEM(#1186,(#119),$);
#1188= IFCSHAPEREPRESENTATION(#12,'Body','Brep',(#1183,#1186));
#1189= IFCREPRESENTATIONMAP(#10,#1188);
#1190= IFCMAPPEDITEM(#1189,#122);
#1191= IFCSHAPEREPRESENTATION(#12,'Body','MappedRepresentation',(#1190));
#1192= IFCPRODUCTDEFINITIONSHAPE($,$,(#1191));
#1193= IFCCARTESIANPOINT((57209.8409532661,24112.992444048,16580.0007692249));
#1194= IFCDIRECTION((-0.999999999999994,-1.11000001197681E-07,0.));
#1195= IFCAXIS2PLACEMENT3D(#1193,#1194,#538);
#1196= IFCLOCALPLACEMENT(#42,#1195);
#1197= IFCMECHANICALFASTENER('3nQtgvp$v4dfGBibss$h7D',#394,'Bolt assembly',$,$,#1196,#1192,'IDf16b7ab9-cffe-449e-940b-b25db6feb1cd',24.,85.);
#1198= IFCPROPERTYSINGLEVALUE('Washer count',$,IFCINTEGER(2),$);
#1199= IFCPROPERTYSINGLEVALUE('Nut count',$,IFCINTEGER(1),$);
#1200= IFCPROPERTYSINGLEVALUE('Bolt size',$,IFCLENGTHMEASURE(24.),$);
#1201= IFCPROPERTYSINGLEVALUE('Bolt length',$,IFCLENGTHMEASURE(85.),$);
#1202= IFCPROPERTYSET('15Ck0Lcuj5dhzkepWJGR4K',#5,'Tekla Bolt','Bolt Properties',(#1198,#494,#137,#138,#1199,#140,#141,#142,#143,#495,#145,#146,#1200,#1201,#499,#150));
#1203= IFCMAPPEDITEM(#1189,#122);
#1204= IFCSHAPEREPRESENTATION(#12,'Body','MappedRepresentation',(#1203));
#1205= IFCPRODUCTDEFINITIONSHAPE($,$,(#1204));
#1206= IFCCARTESIANPOINT((57089.8409532661,24112.9924307277,16580.0007692249));
#1207= IFCAXIS2PLACEMENT3D(#1206,#1194,#538);
#1208= IFCLOCALPLACEMENT(#42,#1207);
#1209= IFCMECHANICALFASTENER('1JcAv14JvDMuk5u$L9m$J2',#394,'Bolt assembly',$,$,#1208,#1205,'ID5398ae41-113e-4d5b-8b85-e3f549c3f4c2',24.,85.);
#1210= IFCMAPPEDITEM(#1189,#122);
#1211= IFCSHAPEREPRESENTATION(#12,'Body','MappedRepresentation',(#1210));
#1212= IFCPRODUCTDEFINITIONSHAPE($,$,(#1211));
#1213= IFCCARTESIANPOINT((56969.8409532661,24112.9924174073,16580.0007692249));
#1214= IFCAXIS2PLACEMENT3D(#1213,#1194,#538);
#1215= IFCLOCALPLACEMENT(#42,#1214);
#1216= IFCMECHANICALFASTENER('3UK0wSl2nFCgUIWEwIASR7',#394,'Bolt assembly',$,$,#1215,#1212,'IDde500e9c-bc2c-4f32-a792-80ee9229c6c7',24.,85.);
#1217= IFCMAPPEDITEM(#1189,#122);
#1218= IFCSHAPEREPRESENTATION(#12,'Body','MappedRepresentation',(#1217));
#1219= IFCPRODUCTDEFINITIONSHAPE($,$,(#1218));
#1220= IFCCARTESIANPOINT((57209.8409532661,24112.992444048,16700.0007692249));
#1221= IFCAXIS2PLACEMENT3D(#1220,#1194,#538);
#1222= IFCLOCALPLACEMENT(#42,#1221);
#1223= IFCMECHANICALFASTENER('00UbMMNSnAXBMrI43F5fAO',#394,'Bolt assembly',$,$,#1222,#1219,'ID007a5596-5dcc-4a84-b5b5-4840cf169298',24.,85.);
#1224= IFCMAPPEDITEM(#1189,#122);
#1225= IFCSHAPEREPRESENTATION(#12,'Body','MappedRepresentation',(#1224));
#1226= IFCPRODUCTDEFINITIONSHAPE($,$,(#1225));
#1227= IFCCARTESIANPOINT((56969.8409532661,24112.9924174073,16700.0007692249));
#1228= IFCAXIS2PLACEMENT3D(#1227,#1194,#538);
#1229= IFCLOCALPLACEMENT(#42,#1228);
#1230= IFCMECHANICALFASTENER('1JCGi2ic5DPg4AG7AOdNX6',#394,'Bolt assembly',$,$,#1229,#1226,'ID53310b02-b261-4d66-a10a-4072989d7846',24.,85.);
#1231= IFCMAPPEDITEM(#1189,#122);
#1232= IFCSHAPEREPRESENTATION(#12,'Body','MappedRepresentation',(#1231));
#1233= IFCPRODUCTDEFINITIONSHAPE($,$,(#1232));
#1234= IFCCARTESIANPOINT((57209.8409532661,24112.992444048,16815.0007692249));
#1235= IFCAXIS2PLACEMENT3D(#1234,#1194,#538);
#1236= IFCLOCALPLACEMENT(#42,#1235);
#1237= IFCMECHANICALFASTENER('349NMXFnT3ORosZfMKanBO',#394,'Bolt assembly',$,$,#1236,#1233,'IDc42575a1-3f17-4361-bcb6-8e95949312d8',24.,85.);
#1238= IFCMAPPEDITEM(#1189,#122);
#1239= IFCSHAPEREPRESENTATION(#12,'Body','MappedRepresentation',(#1238));
#1240= IFCPRODUCTDEFINITIONSHAPE($,$,(#1239));
#1241= IFCCARTESIANPOINT((56969.8409532661,24112.9924174073,16815.0007692249));
#1242= IFCAXIS2PLACEMENT3D(#1241,#1194,#538);
#1243= IFCLOCALPLACEMENT(#42,#1242);
#1244= IFCMECHANICALFASTENER('0LvfNfqkrFZRdVmSH6WDNn',#394,'Bolt assembly',$,$,#1243,#1240,'ID15e695e9-d2ed-4f8d-b9df-c1c44680d5f1',24.,85.);
#1245= IFCMAPPEDITEM(#1189,#122);
#1246= IFCSHAPEREPRESENTATION(#12,'Body','MappedRepresentation',(#1245));
#1247= IFCPRODUCTDEFINITIONSHAPE($,$,(#1246));
#1248= IFCCARTESIANPOINT((57209.8409532661,24112.992444048,16930.0007692249));
#1249= IFCAXIS2PLACEMENT3D(#1248,#1194,#538);
#1250= IFCLOCALPLACEMENT(#42,#1249);
#1251= IFCMECHANICALFASTENER('0gJgp5WzHDVQTKsXIW6k3x',#394,'Bolt assembly',$,$,#1250,#1247,'ID2a4eacc5-83d4-4d7d-a754-da14a01ae0fb',24.,85.);
#1252= IFCMAPPEDITEM(#1189,#122);
#1253= IFCSHAPEREPRESENTATION(#12,'Body','MappedRepresentation',(#1252));
#1254= IFCPRODUCTDEFINITIONSHAPE($,$,(#1253));
#1255= IFCCARTESIANPOINT((57089.8409532661,24112.9924307277,16930.0007692249));
#1256= IFCAXIS2PLACEMENT3D(#1255,#1194,#538);
#1257= IFCLOCALPLACEMENT(#42,#1256);
#1258= IFCMECHANICALFASTENER('19XmnKrQH3DRDL4x27VgAi',#394,'Bolt assembly',$,$,#1257,#1254,'ID49870c54-d5a4-4335-b355-13b0877ea2ac',24.,85.);
#1259= IFCMAPPEDITEM(#1189,#122);
#1260= IFCSHAPEREPRESENTATION(#12,'Body','MappedRepresentation',(#1259));
#1261= IFCPRODUCTDEFINITIONSHAPE($,$,(#1260));
#1262= IFCCARTESIANPOINT((56969.8409532661,24112.9924174073,16930.0007692249));
#1263= IFCAXIS2PLACEMENT3D(#1262,#1194,#538);
#1264= IFCLOCALPLACEMENT(#42,#1263);
#1265= IFCMECHANICALFASTENER('0ZLx7JZmvFgPb8x44L93bp',#394,'Bolt assembly',$,$,#1264,#1261,'ID2357b1d3-8f0e-4fa9-9948-ec4115243973',24.,85.);
#1266= IFCCARTESIANPOINT((3.27418092638254E-11,-5.,19.9999999999927));
#1267= IFCCARTESIANPOINT((1.70985003933311E-10,-5.,99.9999999999927));
#1268= IFCCARTESIANPOINT((1.70985003933311E-10,5.,99.9999999999927));
#1269= IFCCARTESIANPOINT((3.27418092638254E-11,5.,19.9999999999927));
#1270= IFCPOLYLOOP((#1266,#1267,#1268,#1269));
#1271= IFCFACEOUTERBOUND(#1270,.T.);
#1272= IFCFACE((#1271));
#1273= IFCCARTESIANPOINT((3.90180644049178,-5.,100.384294391937));
#1274= IFCCARTESIANPOINT((3.90180644049178,5.,100.384294391937));
#1275= IFCPOLYLOOP((#1267,#1273,#1274,#1268));
#1276= IFCFACEOUTERBOUND(#1275,.T.);
#1277= IFCFACE((#1276));
#1278= IFCCARTESIANPOINT((7.65366864747557,-5.,101.522409349782));
#1279= IFCCARTESIANPOINT((7.65366864747557,5.,101.522409349782));
#1280= IFCPOLYLOOP((#1273,#1278,#1279,#1274));
#1281= IFCFACEOUTERBOUND(#1280,.T.);
#1282= IFCFACE((#1281));
#1283= IFCCARTESIANPOINT((11.111404660569,-5.,103.370607753968));
#1284= IFCCARTESIANPOINT((11.111404660569,5.,103.370607753968));
#1285= IFCPOLYLOOP((#1278,#1283,#1284,#1279));
#1286= IFCFACEOUTERBOUND(#1285,.T.);
#1287= IFCFACE((#1286));
#1288= IFCCARTESIANPOINT((14.1421356239116,-5.,105.857864376296));
#1289= IFCCARTESIANPOINT((14.1421356239116,5.,105.857864376296));
#1290= IFCPOLYLOOP((#1283,#1288,#1289,#1284));
#1291= IFCFACEOUTERBOUND(#1290,.T.);
#1292= IFCFACE((#1291));
#1293= IFCCARTESIANPOINT((16.6293922462355,-5.,108.888595339638));
#1294= IFCCARTESIANPOINT((16.6293922462355,5.,108.888595339638));
#1295= IFCPOLYLOOP((#1288,#1293,#1294,#1289));
#1296= IFCFACEOUTERBOUND(#1295,.T.);
#1297= IFCFACE((#1296));
#1298= IFCCARTESIANPOINT((18.4775906504146,-5.,112.346331352725));
#1299= IFCCARTESIANPOINT((18.4775906504146,5.,112.346331352725));
#1300= IFCPOLYLOOP((#1293,#1298,#1299,#1294));
#1301= IFCFACEOUTERBOUND(#1300,.T.);
#1302= IFCFACE((#1301));
#1303= IFCCARTESIANPOINT((19.6157056082593,-5.,116.098193559716));
#1304= IFCCARTESIANPOINT((19.6157056082593,5.,116.098193559716));
#1305= IFCPOLYLOOP((#1298,#1303,#1304,#1299));
#1306= IFCFACEOUTERBOUND(#1305,.T.);
#1307= IFCFACE((#1306));
#1308= IFCCARTESIANPOINT((20.0000000002037,-5.,120.000000000036));
#1309= IFCCARTESIANPOINT((20.0000000002037,5.,120.000000000036));
#1310= IFCPOLYLOOP((#1303,#1308,#1309,#1304));
#1311= IFCFACEOUTERBOUND(#1310,.T.);
#1312= IFCFACE((#1311));
#1313= IFCCARTESIANPOINT((110.000000000196,-5.,120.000000000218));
#1314= IFCCARTESIANPOINT((110.000000000196,5.,120.000000000218));
#1315= IFCPOLYLOOP((#1308,#1313,#1314,#1309));
#1316= IFCFACEOUTERBOUND(#1315,.T.);
#1317= IFCFACE((#1316));
#1318= IFCCARTESIANPOINT((110.384294392126,-5.,116.098193559897));
#1319= IFCCARTESIANPOINT((110.384294392126,5.,116.098193559897));
#1320= IFCPOLYLOOP((#1313,#1318,#1319,#1314));
#1321= IFCFACEOUTERBOUND(#1320,.T.);
#1322= IFCFACE((#1321));
#1323= IFCCARTESIANPOINT((111.522409349956,-5.,112.346331352914));
#1324= IFCCARTESIANPOINT((111.522409349956,5.,112.346331352914));
#1325= IFCPOLYLOOP((#1318,#1323,#1324,#1319));
#1326= IFCFACEOUTERBOUND(#1325,.T.);
#1327= IFCFACE((#1326));
#1328= IFCCARTESIANPOINT((113.370607754128,-5.,108.888595339835));
#1329= IFCCARTESIANPOINT((113.370607754128,5.,108.888595339835));
#1330= IFCPOLYLOOP((#1323,#1328,#1329,#1324));
#1331= IFCFACEOUTERBOUND(#1330,.T.);
#1332= IFCFACE((#1331));
#1333= IFCCARTESIANPOINT((115.857864376441,-5.,105.857864376499));
#1334= IFCCARTESIANPOINT((115.857864376441,5.,105.857864376499));
#1335= IFCPOLYLOOP((#1328,#1333,#1334,#1329));
#1336= IFCFACEOUTERBOUND(#1335,.T.);
#1337= IFCFACE((#1336));
#1338= IFCCARTESIANPOINT((118.888595339777,-5.,103.370607754186));
#1339= IFCCARTESIANPOINT((118.888595339777,5.,103.370607754186));
#1340= IFCPOLYLOOP((#1333,#1338,#1339,#1334));
#1341= IFCFACEOUTERBOUND(#1340,.T.);
#1342= IFCFACE((#1341));
#1343= IFCCARTESIANPOINT((122.346331352866,-5.,101.522409350022));
#1344= IFCCARTESIANPOINT((122.346331352866,5.,101.522409350022));
#1345= IFCPOLYLOOP((#1338,#1343,#1344,#1339));
#1346= IFCFACEOUTERBOUND(#1345,.T.);
#1347= IFCFACE((#1346));
#1348= IFCCARTESIANPOINT((126.098193559839,-5.,100.384294392185));
#1349= IFCCARTESIANPOINT((126.098193559839,5.,100.384294392185));
#1350= IFCPOLYLOOP((#1343,#1348,#1349,#1344));
#1351= IFCFACEOUTERBOUND(#1350,.T.);
#1352= IFCFACE((#1351));
#1353= IFCCARTESIANPOINT((130.000000000164,-5.,100.000000000255));
#1354= IFCCARTESIANPOINT((130.000000000164,5.,100.000000000255));
#1355= IFCPOLYLOOP((#1348,#1353,#1354,#1349));
#1356= IFCFACEOUTERBOUND(#1355,.T.);
#1357= IFCFACE((#1356));
#1358= IFCCARTESIANPOINT((130.000000000033,-5.,20.0000000002547));
#1359= IFCCARTESIANPOINT((130.000000000033,5.,20.0000000002547));
#1360= IFCPOLYLOOP((#1353,#1358,#1359,#1354));
#1361= IFCFACEOUTERBOUND(#1360,.T.);
#1362= IFCFACE((#1361));
#1363= IFCCARTESIANPOINT((126.098193559712,-5.,19.6157056083102));
#1364= IFCCARTESIANPOINT((126.098193559712,5.,19.6157056083102));
#1365= IFCPOLYLOOP((#1358,#1363,#1364,#1359));
#1366= IFCFACEOUTERBOUND(#1365,.T.);
#1367= IFCFACE((#1366));
#1368= IFCCARTESIANPOINT((122.346331352728,-5.,18.4775906504656));
#1369= IFCCARTESIANPOINT((122.346331352728,5.,18.4775906504656));
#1370= IFCPOLYLOOP((#1363,#1368,#1369,#1364));
#1371= IFCFACEOUTERBOUND(#1370,.T.);
#1372= IFCFACE((#1371));
#1373= IFCCARTESIANPOINT((118.888595339635,-5.,16.6293922462864));
#1374= IFCCARTESIANPOINT((118.888595339635,5.,16.6293922462864));
#1375= IFCPOLYLOOP((#1368,#1373,#1374,#1369));
#1376= IFCFACEOUTERBOUND(#1375,.T.);
#1377= IFCFACE((#1376));
#1378= IFCCARTESIANPOINT((115.857864376292,-5.,14.1421356239589));
#1379= IFCCARTESIANPOINT((115.857864376292,5.,14.1421356239589));
#1380= IFCPOLYLOOP((#1373,#1378,#1379,#1374));
#1381= IFCFACEOUTERBOUND(#1380,.T.);
#1382= IFCFACE((#1381));
#1383= IFCCARTESIANPOINT((113.370607753968,-5.,11.1114046606162));
#1384= IFCCARTESIANPOINT((113.370607753968,5.,11.1114046606162));
#1385= IFCPOLYLOOP((#1378,#1383,#1384,#1379));
#1386= IFCFACEOUTERBOUND(#1385,.T.);
#1387= IFCFACE((#1386));
#1388= IFCCARTESIANPOINT((111.522409349789,-5.,7.65366864751559));
#1389= IFCCARTESIANPOINT((111.522409349789,5.,7.65366864751559));
#1390= IFCPOLYLOOP((#1383,#1388,#1389,#1384));
#1391= IFCFACEOUTERBOUND(#1390,.T.);
#1392= IFCFACE((#1391));
#1393= IFCCARTESIANPOINT((110.384294391944,-5.,3.90180644053908));
#1394= IFCCARTESIANPOINT((110.384294391944,5.,3.90180644053908));
#1395= IFCPOLYLOOP((#1388,#1393,#1394,#1389));
#1396= IFCFACEOUTERBOUND(#1395,.T.);
#1397= IFCFACE((#1396));
#1398= IFCCARTESIANPOINT((110.,-5.,2.18278728425503E-10));
#1399= IFCCARTESIANPOINT((110.,5.,2.18278728425503E-10));
#1400= IFCPOLYLOOP((#1393,#1398,#1399,#1394));
#1401= IFCFACEOUTERBOUND(#1400,.T.);
#1402= IFCFACE((#1401));
#1403= IFCCARTESIANPOINT((20.,-5.,3.63797880709171E-11));
#1404= IFCCARTESIANPOINT((20.,5.,3.63797880709171E-11));
#1405= IFCPOLYLOOP((#1398,#1403,#1404,#1399));
#1406= IFCFACEOUTERBOUND(#1405,.T.);
#1407= IFCFACE((#1406));
#1408= IFCCARTESIANPOINT((19.6157056080701,-5.,3.9018064403499));
#1409= IFCCARTESIANPOINT((19.6157056080701,5.,3.9018064403499));
#1410= IFCPOLYLOOP((#1403,#1408,#1409,#1404));
#1411= IFCFACEOUTERBOUND(#1410,.T.);
#1412= IFCFACE((#1411));
#1413= IFCCARTESIANPOINT((18.47759065024,-5.,7.65366864733369));
#1414= IFCCARTESIANPOINT((18.47759065024,5.,7.65366864733369));
#1415= IFCPOLYLOOP((#1408,#1413,#1414,#1409));
#1416= IFCFACEOUTERBOUND(#1415,.T.);
#1417= IFCFACE((#1416));
#1418= IFCCARTESIANPOINT((16.6293922460682,-5.,11.1114046604198));
#1419= IFCCARTESIANPOINT((16.6293922460682,5.,11.1114046604198));
#1420= IFCPOLYLOOP((#1413,#1418,#1419,#1414));
#1421= IFCFACEOUTERBOUND(#1420,.T.);
#1422= IFCFACE((#1421));
#1423= IFCCARTESIANPOINT((14.1421356237552,-5.,14.1421356237552));
#1424= IFCCARTESIANPOINT((14.1421356237552,5.,14.1421356237552));
#1425= IFCPOLYLOOP((#1418,#1423,#1424,#1419));
#1426= IFCFACEOUTERBOUND(#1425,.T.);
#1427= IFCFACE((#1426));
#1428= IFCCARTESIANPOINT((11.1114046604198,-5.,16.6293922460682));
#1429= IFCCARTESIANPOINT((11.1114046604198,5.,16.6293922460682));
#1430= IFCPOLYLOOP((#1423,#1428,#1429,#1424));
#1431= IFCFACEOUTERBOUND(#1430,.T.);
#1432= IFCFACE((#1431));
#1433= IFCCARTESIANPOINT((7.65366864733369,-5.,18.4775906502327));
#1434= IFCCARTESIANPOINT((7.65366864733369,5.,18.4775906502327));
#1435= IFCPOLYLOOP((#1428,#1433,#1434,#1429));
#1436= IFCFACEOUTERBOUND(#1435,.T.);
#1437= IFCFACE((#1436));
#1438= IFCCARTESIANPOINT((3.90180644035718,-5.,19.6157056080629));
#1439= IFCCARTESIANPOINT((3.90180644035718,5.,19.6157056080629));
#1440= IFCPOLYLOOP((#1433,#1438,#1439,#1434));
#1441= IFCFACEOUTERBOUND(#1440,.T.);
#1442= IFCFACE((#1441));
#1443= IFCPOLYLOOP((#1438,#1266,#1269,#1439));
#1444= IFCFACEOUTERBOUND(#1443,.T.);
#1445= IFCFACE((#1444));
#1446= IFCPOLYLOOP((#1274,#1279,#1284,#1289,#1294,#1299,#1304,#1309,#1314,#1319,#1324,#1329,#1334,#1339,#1344,#1349,#1354,#1359,#1364,#1369,#1374,#1379,#1384,#1389,#1394,#1399,#1404,#1409,#1414,#1419,#1424,#1429,#1434,#1439,#1269,#1268));
#1447= IFCFACEOUTERBOUND(#1446,.T.);
#1448= IFCFACE((#1447));
#1449= IFCPOLYLOOP((#1438,#1433,#1428,#1423,#1418,#1413,#1408,#1403,#1398,#1393,#1388,#1383,#1378,#1373,#1368,#1363,#1358,#1353,#1348,#1343,#1338,#1333,#1328,#1323,#1318,#1313,#1308,#1303,#1298,#1293,#1288,#1283,#1278,#1273,#1267,#1266));
#1450= IFCFACEOUTERBOUND(#1449,.T.);
#1451= IFCFACE((#1450));
#1452= IFCCLOSEDSHELL((#1272,#1277,#1282,#1287,#1292,#1297,#1302,#1307,#1312,#1317,#1322,#1327,#1332,#1337,#1342,#1347,#1352,#1357,#1362,#1367,#1372,#1377,#1382,#1387,#1392,#1397,#1402,#1407,#1412,#1417,#1422,#1427,#1432,#1437,#1442,#1445,#1448,#1451));
#1453= IFCFACETEDBREP(#1452);
#1454= IFCSTYLEDITEM(#1453,(#505),$);
#1455= IFCSHAPEREPRESENTATION(#12,'Body','Brep',(#1453));
#1456= IFCPRODUCTDEFINITIONSHAPE($,$,(#1455));
#1457= IFCCARTESIANPOINT((57149.8409488314,24152.9979305774,16755.0007692249));
#1458= IFCAXIS2PLACEMENT3D(#1457,#1194,#8);
#1459= IFCLOCALPLACEMENT(#42,#1458);
#1460= IFCPLATE('2taI8$zs5DuQsxYIc1vvbW',#323,'PLATE-10','PL10*120',$,#1459,#1456,'IDb791223f-f761-4de1-adbb-892981e79960');
#1461= IFCPLATETYPE('26BqgGwbvDHQiV6bkWo2iP',#5,'PL10*120',$,$,$,$,$,$,.NOTDEFINED.);
#1462= IFCPROPERTYSINGLEVALUE('Bottom elevation',$,IFCLABEL(' +16.750'),$);
#1463= IFCPROPERTYSINGLEVALUE('Top elevation',$,IFCLABEL(' +16.760'),$);
#1464= IFCPROPERTYSINGLEVALUE('Preliminary mark',$,IFCLABEL('5-2-P92'),$);
#1465= IFCPROPERTYSET('2ihfAXO_n0Hf1TesuDIVqM',#5,'Tekla Common','Common Properties to Shared building elements',(#1462,#1463,#546,#1464,#548,#549));
#1466= IFCPROPERTYSINGLEVALUE('Weight',$,IFCMASSMEASURE(1.13),$);
#1467= IFCPROPERTYSINGLEVALUE('Gross footprint area',$,IFCAREAMEASURE(0.014),$);
#1468= IFCPROPERTYSINGLEVALUE('Area per tons',$,IFCAREAMEASURE(29.609),$);
#1469= IFCPROPERTYSINGLEVALUE('Net surface area',$,IFCAREAMEASURE(0.033),$);
#1470= IFCPROPERTYSINGLEVALUE('Height',$,IFCLENGTHMEASURE(120.),$);
#1471= IFCPROPERTYSINGLEVALUE('Length',$,IFCLENGTHMEASURE(130.),$);
#1472= IFCPROPERTYSET('3WUAtPgor2IxdfvEOFEezi',#5,'Tekla Quantity','Quantity Properties to Shared building elements',(#1466,#552,#1467,#1468,#1469,#1470,#557,#1471));
#1473= IFCPROPERTYSINGLEVALUE('Reference',$,IFCIDENTIFIER('5-2-P92'),$);
#1474= IFCPROPERTYSET('2OYKf1a7v5pQNXI0JpkEwr',#5,'Pset_PlateCommon','Common Properties to plate elements',(#560,#1473));
#1475= IFCQUANTITYLENGTH('Width',$,$,120.);
#1476= IFCQUANTITYAREA('NetArea',$,$,0.033357463274411);
#1477= IFCQUANTITYAREA('GrossArea',$,$,0.0155999999999999);
#1478= IFCQUANTITYVOLUME('NetVolume',$,$,0.000143514219390963);
#1479= IFCQUANTITYVOLUME('GrossVolume',$,$,0.000143514219390963);
#1480= IFCELEMENTQUANTITY('2LeIRWZIDE4gTVCYGynYli',#5,'BaseQuantities',$,$,(#1475,#1476,#1477,#566,#1478,#1479));
#1481= IFCCARTESIANPOINT((-1.70985003933311E-10,-5.,105.000000000007));
#1482= IFCCARTESIANPOINT((-1.70985003933311E-10,5.,105.000000000007));
#1483= IFCPOLYLOOP((#1266,#1481,#1482,#1269));
#1484= IFCFACEOUTERBOUND(#1483,.T.);
#1485= IFCFACE((#1484));
#1486= IFCCARTESIANPOINT((129.999999999833,-5.,104.999999999745));
#1487= IFCCARTESIANPOINT((129.999999999833,5.,104.999999999745));
#1488= IFCPOLYLOOP((#1481,#1486,#1487,#1482));
#1489= IFCFACEOUTERBOUND(#1488,.T.);
#1490= IFCFACE((#1489));
#1491= IFCPOLYLOOP((#1486,#1358,#1359,#1487));
#1492= IFCFACEOUTERBOUND(#1491,.T.);
#1493= IFCFACE((#1492));
#1494= IFCPOLYLOOP((#1487,#1359,#1364,#1369,#1374,#1379,#1384,#1389,#1394,#1399,#1404,#1409,#1414,#1419,#1424,#1429,#1434,#1439,#1269,#1482));
#1495= IFCFACEOUTERBOUND(#1494,.T.);
#1496= IFCFACE((#1495));
#1497= IFCPOLYLOOP((#1438,#1433,#1428,#1423,#1418,#1413,#1408,#1403,#1398,#1393,#1388,#1383,#1378,#1373,#1368,#1363,#1358,#1486,#1481,#1266));
#1498= IFCFACEOUTERBOUND(#1497,.T.);
#1499= IFCFACE((#1498));
#1500= IFCCLOSEDSHELL((#1485,#1490,#1493,#1367,#1372,#1377,#1382,#1387,#1392,#1397,#1402,#1407,#1412,#1417,#1422,#1427,#1432,#1437,#1442,#1445,#1496,#1499));
#1501= IFCFACETEDBREP(#1500);
#1502= IFCSTYLEDITEM(#1501,(#505),$);
#1503= IFCSHAPEREPRESENTATION(#12,'Body','Brep',(#1501));
#1504= IFCPRODUCTDEFINITIONSHAPE($,$,(#1503));
#1505= IFCCARTESIANPOINT((57159.8464419955,24152.997931688,16755.0007692249));
#1506= IFCAXIS2PLACEMENT3D(#1505,#7,#8);
#1507= IFCLOCALPLACEMENT(#42,#1506);
#1508= IFCPLATE('0CLqN1lfj9ohvfnX1v9FFy',#323,'PLATE-10','PL10*105',$,#1507,#1504,'ID0c5745c1-be9b-49ca-be69-c6107924f3fc');
#1509= IFCPLATETYPE('2XV387iz910fiQsPpZ_1_D',#5,'PL10*105',$,$,$,$,$,$,.NOTDEFINED.);
#1510= IFCPROPERTYSINGLEVALUE('Preliminary mark',$,IFCLABEL('5-2-P99'),$);
#1511= IFCPROPERTYSET('1krsDClZj1J8c$mIxizhSR',#5,'Tekla Common','Common Properties to Shared building elements',(#1462,#1463,#546,#1510,#548,#549));
#1512= IFCPROPERTYSINGLEVALUE('Weight',$,IFCMASSMEASURE(1.02),$);
#1513= IFCPROPERTYSINGLEVALUE('Area per tons',$,IFCAREAMEASURE(29.905),$);
#1514= IFCPROPERTYSINGLEVALUE('Net surface area',$,IFCAREAMEASURE(0.031),$);
#1515= IFCPROPERTYSINGLEVALUE('Height',$,IFCLENGTHMEASURE(105.),$);
#1516= IFCPROPERTYSET('1fWLn4hMH5sAcfjqu0$pWo',#5,'Tekla Quantity','Quantity Properties to Shared building elements',(#1512,#552,#1467,#1513,#1514,#1515,#557,#1471));
#1517= IFCPROPERTYSINGLEVALUE('Reference',$,IFCIDENTIFIER('5-2-P99'),$);
#1518= IFCPROPERTYSET('2lUD$aKBX7d86lCrP9mftF',#5,'Pset_PlateCommon','Common Properties to plate elements',(#560,#1517));
#1519= IFCQUANTITYLENGTH('Width',$,$,105.);
#1520= IFCQUANTITYAREA('NetArea',$,$,0.030578731637206);
#1521= IFCQUANTITYAREA('GrossArea',$,$,0.01365);
#1522= IFCQUANTITYVOLUME('NetVolume',$,$,0.000130257109695484);
#1523= IFCQUANTITYVOLUME('GrossVolume',$,$,0.000130257109695484);
#1524= IFCELEMENTQUANTITY('3JAhCc6Rj3MB1aqoa2X0Hj',#5,'BaseQuantities',$,$,(#1519,#1520,#1521,#566,#1522,#1523));
#1525= IFCSHAPEREPRESENTATION(#12,'Body','Brep',(#1501));
#1526= IFCPRODUCTDEFINITIONSHAPE($,$,(#1525));
#1527= IFCCARTESIANPOINT((57019.8409488314,24152.9979161469,16755.0007692249));
#1528= IFCAXIS2PLACEMENT3D(#1527,#1194,#8);
#1529= IFCLOCALPLACEMENT(#42,#1528);
#1530= IFCPLATE('1_5XVW4Bn0j8RVyvF5Pn2m',#323,'PLATE-10','PL10*105',$,#1529,#1526,'ID7e1617e0-10bc-40b4-86df-f393c56710b0');
#1531= IFCCARTESIANPOINT((3.63797880709171E-12,-4.99999999999272,110.));
#1532= IFCCARTESIANPOINT((-1.09139364212751E-11,5.00000000000728,110.));
#1533= IFCPOLYLOOP((#1266,#1531,#1532,#1269));
#1534= IFCFACEOUTERBOUND(#1533,.T.);
#1535= IFCFACE((#1534));
#1536= IFCCARTESIANPOINT((50.0000000000073,-5.00000000009459,110.));
#1537= IFCCARTESIANPOINT((49.9999999999927,4.99999999990541,110.));
#1538= IFCPOLYLOOP((#1531,#1536,#1537,#1532));
#1539= IFCFACEOUTERBOUND(#1538,.T.);
#1540= IFCFACE((#1539));
#1541= IFCCARTESIANPOINT((130.000000000011,-5.00000000025466,60.));
#1542= IFCCARTESIANPOINT((129.999999999993,4.99999999974534,60.));
#1543= IFCPOLYLOOP((#1536,#1541,#1542,#1537));
#1544= IFCFACEOUTERBOUND(#1543,.T.);
#1545= IFCFACE((#1544));
#1546= IFCCARTESIANPOINT((130.000000000011,-5.00000000025466,0.));
#1547= IFCCARTESIANPOINT((129.999999999993,4.99999999974534,0.));
#1548= IFCPOLYLOOP((#1541,#1546,#1547,#1542));
#1549= IFCFACEOUTERBOUND(#1548,.T.);
#1550= IFCFACE((#1549));
#1551= IFCPOLYLOOP((#1546,#1403,#1404,#1547));
#1552= IFCFACEOUTERBOUND(#1551,.T.);
#1553= IFCFACE((#1552));
#1554= IFCPOLYLOOP((#1537,#1542,#1547,#1404,#1409,#1414,#1419,#1424,#1429,#1434,#1439,#1269,#1532));
#1555= IFCFACEOUTERBOUND(#1554,.T.);
#1556= IFCFACE((#1555));
#1557= IFCPOLYLOOP((#1438,#1433,#1428,#1423,#1418,#1413,#1408,#1403,#1546,#1541,#1536,#1531,#1266));
#1558= IFCFACEOUTERBOUND(#1557,.T.);
#1559= IFCFACE((#1558));
#1560= IFCCLOSEDSHELL((#1535,#1540,#1545,#1550,#1553,#1412,#1417,#1422,#1427,#1432,#1437,#1442,#1445,#1556,#1559));
#1561= IFCFACETEDBREP(#1560);
#1562= IFCSTYLEDITEM(#1561,(#505),$);
#1563= IFCSHAPEREPRESENTATION(#12,'Body','Brep',(#1561));
#1564= IFCPRODUCTDEFINITIONSHAPE($,$,(#1563));
#1565= IFCCARTESIANPOINT((57154.8409488314,24152.9979311324,16630.0007692249));
#1566= IFCAXIS2PLACEMENT3D(#1565,#538,#8);
#1567= IFCLOCALPLACEMENT(#42,#1566);
#1568= IFCPLATE('23bcJ6gUH4OPauT2x_kUdk',#394,'PLATE-10','PL10*110',$,#1567,#1564,'ID839664c6-a9e4-4461-9938-742efeb9e9ee');
#1569= IFCPLATETYPE('2wUGFCRh5E6v7Tp0i$UYb6',#5,'PL10*110',$,$,$,$,$,$,.NOTDEFINED.);
#1570= IFCPROPERTYSINGLEVALUE('Bottom elevation',$,IFCLABEL(' +16.520'),$);
#1571= IFCPROPERTYSINGLEVALUE('Top elevation',$,IFCLABEL(' +16.630'),$);
#1572= IFCPROPERTYSINGLEVALUE('Preliminary mark',$,IFCLABEL('5-2-P98'),$);
#1573= IFCPROPERTYSET('1zpE0K3yLCugV1X6MjXNMv',#5,'Tekla Common','Common Properties to Shared building elements',(#1570,#1571,#546,#1572,#548,#549));
#1574= IFCPROPERTYSINGLEVALUE('Weight',$,IFCMASSMEASURE(0.94),$);
#1575= IFCPROPERTYSINGLEVALUE('Area per tons',$,IFCAREAMEASURE(30.108),$);
#1576= IFCPROPERTYSINGLEVALUE('Net surface area',$,IFCAREAMEASURE(0.028),$);
#1577= IFCPROPERTYSINGLEVALUE('Height',$,IFCLENGTHMEASURE(110.),$);
#1578= IFCPROPERTYSET('0SOfJMvkr6SB9f_uJMnQOO',#5,'Tekla Quantity','Quantity Properties to Shared building elements',(#1574,#552,#553,#1575,#1576,#1577,#557,#1471));
#1579= IFCPROPERTYSINGLEVALUE('Reference',$,IFCIDENTIFIER('5-2-P98'),$);
#1580= IFCPROPERTYSET('2E2280hon8GgFlNFy8zmbB',#5,'Pset_PlateCommon','Common Properties to plate elements',(#560,#1579));
#1581= IFCQUANTITYLENGTH('Width',$,$,110.);
#1582= IFCQUANTITYAREA('NetArea',$,$,0.0283327639318093);
#1583= IFCQUANTITYAREA('GrossArea',$,$,0.0143000000000006);
#1584= IFCQUANTITYVOLUME('NetVolume',$,$,0.000119878554847745);
#1585= IFCQUANTITYVOLUME('GrossVolume',$,$,0.000119878554847745);
#1586= IFCELEMENTQUANTITY('3HdNw$ae14GPbpQzhATH4o',#5,'BaseQuantities',$,$,(#1581,#1582,#1583,#566,#1584,#1585));
#1587= IFCSHAPEREPRESENTATION(#12,'Body','Brep',(#1561));
#1588= IFCPRODUCTDEFINITIONSHAPE($,$,(#1587));
#1589= IFCCARTESIANPOINT((57024.8409488314,24152.9979167019,16630.0007692249));
#1590= IFCAXIS2PLACEMENT3D(#1589,#538,#8);
#1591= IFCLOCALPLACEMENT(#42,#1590);
#1592= IFCPLATE('28F70mMX932e04zmpNYtq9',#394,'PLATE-10','PL10*110',$,#1591,#1588,'ID883c7030-5a12-430a-8004-f70cd78b7d09');
#1593= IFCCARTESIANPOINT((3.63797880709171E-12,-4.99999999999272,90.));
#1594= IFCCARTESIANPOINT((-1.09139364212751E-11,5.00000000000728,90.));
#1595= IFCPOLYLOOP((#506,#1593,#1594,#509));
#1596= IFCFACEOUTERBOUND(#1595,.T.);
#1597= IFCFACE((#1596));
#1598= IFCCARTESIANPOINT((3.90180644032444,-5.,90.3842943919371));
#1599= IFCCARTESIANPOINT((3.90180644030988,5.,90.3842943919371));
#1600= IFCPOLYLOOP((#1593,#1598,#1599,#1594));
#1601= IFCFACEOUTERBOUND(#1600,.T.);
#1602= IFCFACE((#1601));
#1603= IFCCARTESIANPOINT((7.65366864730458,-5.00000000000728,91.5224093497745));
#1604= IFCCARTESIANPOINT((7.65366864729003,4.99999999999272,91.5224093497745));
#1605= IFCPOLYLOOP((#1598,#1603,#1604,#1599));
#1606= IFCFACEOUTERBOUND(#1605,.T.);
#1607= IFCFACE((#1606));
#1608= IFCCARTESIANPOINT((11.1114046603943,-5.00000000002183,93.37060775395));
#1609= IFCCARTESIANPOINT((11.1114046603798,4.99999999997817,93.37060775395));
#1610= IFCPOLYLOOP((#1603,#1608,#1609,#1604));
#1611= IFCFACEOUTERBOUND(#1610,.T.);
#1612= IFCFACE((#1611));
#1613= IFCCARTESIANPOINT((14.1421356237333,-5.00000000002183,95.8578643762703));
#1614= IFCCARTESIANPOINT((14.1421356237188,4.99999999997817,95.8578643762703));
#1615= IFCPOLYLOOP((#1608,#1613,#1614,#1609));
#1616= IFCFACEOUTERBOUND(#1615,.T.);
#1617= IFCFACE((#1616));
#1618= IFCCARTESIANPOINT((16.6293922460536,-5.0000000000291,98.8885953396093));
#1619= IFCCARTESIANPOINT((16.6293922460391,4.9999999999709,98.8885953396093));
#1620= IFCPOLYLOOP((#1613,#1618,#1619,#1614));
#1621= IFCFACEOUTERBOUND(#1620,.T.);
#1622= IFCFACE((#1621));
#1623= IFCCARTESIANPOINT((18.4775906502291,-5.0000000000291,102.346331352699));
#1624= IFCCARTESIANPOINT((18.4775906502146,4.9999999999709,102.346331352699));
#1625= IFCPOLYLOOP((#1618,#1623,#1624,#1619));
#1626= IFCFACEOUTERBOUND(#1625,.T.);
#1627= IFCFACE((#1626));
#1628= IFCCARTESIANPOINT((19.6157056080665,-5.0000000000291,106.098193559679));
#1629= IFCCARTESIANPOINT((19.6157056080519,4.9999999999709,106.098193559679));
#1630= IFCPOLYLOOP((#1623,#1628,#1629,#1624));
#1631= IFCFACEOUTERBOUND(#1630,.T.);
#1632= IFCFACE((#1631));
#1633= IFCCARTESIANPOINT((20.0000000000036,-5.00000000003638,110.));
#1634= IFCCARTESIANPOINT((19.9999999999891,4.99999999996362,110.));
#1635= IFCPOLYLOOP((#1628,#1633,#1634,#1629));
#1636= IFCFACEOUTERBOUND(#1635,.T.);
#1637= IFCFACE((#1636));
#1638= IFCCARTESIANPOINT((130.000000000011,-5.00000000025466,110.));
#1639= IFCCARTESIANPOINT((129.999999999993,4.99999999974534,110.));
#1640= IFCPOLYLOOP((#1633,#1638,#1639,#1634));
#1641= IFCFACEOUTERBOUND(#1640,.T.);
#1642= IFCFACE((#1641));
#1643= IFCCARTESIANPOINT((130.000000000011,-5.00000000025466,50.));
#1644= IFCCARTESIANPOINT((129.999999999993,4.99999999974534,50.));
#1645= IFCPOLYLOOP((#1638,#1643,#1644,#1639));
#1646= IFCFACEOUTERBOUND(#1645,.T.);
#1647= IFCFACE((#1646));
#1648= IFCCARTESIANPOINT((50.0000000000073,-5.00000000009459,0.));
#1649= IFCCARTESIANPOINT((49.9999999999927,4.99999999990541,0.));
#1650= IFCPOLYLOOP((#1643,#1648,#1649,#1644));
#1651= IFCFACEOUTERBOUND(#1650,.T.);
#1652= IFCFACE((#1651));
#1653= IFCPOLYLOOP((#1648,#506,#509,#1649));
#1654= IFCFACEOUTERBOUND(#1653,.T.);
#1655= IFCFACE((#1654));
#1656= IFCPOLYLOOP((#1599,#1604,#1609,#1614,#1619,#1624,#1629,#1634,#1639,#1644,#1649,#509,#1594));
#1657= IFCFACEOUTERBOUND(#1656,.T.);
#1658= IFCFACE((#1657));
#1659= IFCPOLYLOOP((#1648,#1643,#1638,#1633,#1628,#1623,#1618,#1613,#1608,#1603,#1598,#1593,#506));
#1660= IFCFACEOUTERBOUND(#1659,.T.);
#1661= IFCFACE((#1660));
#1662= IFCCLOSEDSHELL((#1597,#1602,#1607,#1612,#1617,#1622,#1627,#1632,#1637,#1642,#1647,#1652,#1655,#1658,#1661));
#1663= IFCFACETEDBREP(#1662);
#1664= IFCSTYLEDITEM(#1663,(#505),$);
#1665= IFCSHAPEREPRESENTATION(#12,'Body','Brep',(#1663));
#1666= IFCPRODUCTDEFINITIONSHAPE($,$,(#1665));
#1667= IFCCARTESIANPOINT((57154.8409488314,24152.9979311324,16990.0007692249));
#1668= IFCAXIS2PLACEMENT3D(#1667,#538,#8);
#1669= IFCLOCALPLACEMENT(#42,#1668);
#1670= IFCPLATE('3khyvyBo92zProQeVfms9K',#394,'PLATE-10','PL10*110',$,#1669,#1666,'IDeeafce7c-2f22-42f5-9d72-6a87e9c36254');
#1671= IFCPROPERTYSINGLEVALUE('Bottom elevation',$,IFCLABEL(' +16.880'),$);
#1672= IFCPROPERTYSINGLEVALUE('Top elevation',$,IFCLABEL(' +16.990'),$);
#1673= IFCPROPERTYSET('0Nda95TOH42hLj1Nh35$tj',#5,'Tekla Common','Common Properties to Shared building elements',(#1671,#1672,#546,#1572,#548,#549));
#1674= IFCQUANTITYAREA('NetArea',$,$,0.0283327639318093);
#1675= IFCQUANTITYAREA('GrossArea',$,$,0.0143000000000005);
#1676= IFCQUANTITYVOLUME('NetVolume',$,$,0.000119878554847745);
#1677= IFCQUANTITYVOLUME('GrossVolume',$,$,0.000119878554847745);
#1678= IFCELEMENTQUANTITY('0AFy9WDW5Fo8TQqKiWGACI',#5,'BaseQuantities',$,$,(#1581,#1674,#1675,#566,#1676,#1677));
#1679= IFCSHAPEREPRESENTATION(#12,'Body','Brep',(#1663));
#1680= IFCPRODUCTDEFINITIONSHAPE($,$,(#1679));
#1681= IFCCARTESIANPOINT((57024.8409488314,24152.9979167019,16990.0007692249));
#1682= IFCAXIS2PLACEMENT3D(#1681,#538,#8);
#1683= IFCLOCALPLACEMENT(#42,#1682);
#1684= IFCPLATE('0Ta1vFvzH2DeQAxiBGYlW0',#394,'PLATE-10','PL10*110',$,#1683,#1680,'ID1d901e4f-e7d4-4236-868a-eec2d08af800');
#1685= IFCCOLOURRGB('Light Red',0.905882352941176,0.325490196078431,0.36078431372549);
#1686= IFCSURFACESTYLERENDERING(#1685,0.,$,$,$,$,IFCNORMALISEDRATIOMEASURE(0.00390625),IFCSPECULAREXPONENT(10.),.NOTDEFINED.);
#1687= IFCSURFACESTYLE('STEEL/S275',.POSITIVE.,(#1686));
#1688= IFCPRESENTATIONSTYLEASSIGNMENT((#1687));
#1689= IFCCARTESIANPOINT((-1.45519152283669E-11,-6.,0.));
#1690= IFCCARTESIANPOINT((-1.45519152283669E-11,-6.,250.));
#1691= IFCCARTESIANPOINT((7.27595761418343E-12,6.,250.));
#1692= IFCCARTESIANPOINT((7.27595761418343E-12,6.,0.));
#1693= IFCPOLYLOOP((#1689,#1690,#1691,#1692));
#1694= IFCFACEOUTERBOUND(#1693,.T.);
#1695= IFCFACE((#1694));
#1696= IFCCARTESIANPOINT((349.999999999985,-5.99999999942884,250.));
#1697= IFCCARTESIANPOINT((350.000000000007,6.00000000057116,250.));
#1698= IFCPOLYLOOP((#1690,#1696,#1697,#1691));
#1699= IFCFACEOUTERBOUND(#1698,.T.);
#1700= IFCFACE((#1699));
#1701= IFCCARTESIANPOINT((349.999999999985,-5.99999999942884,0.));
#1702= IFCCARTESIANPOINT((350.000000000007,6.00000000057116,0.));
#1703= IFCPOLYLOOP((#1696,#1701,#1702,#1697));
#1704= IFCFACEOUTERBOUND(#1703,.T.);
#1705= IFCFACE((#1704));
#1706= IFCPOLYLOOP((#1701,#1689,#1692,#1702));
#1707= IFCFACEOUTERBOUND(#1706,.T.);
#1708= IFCFACE((#1707));
#1709= IFCPOLYLOOP((#1697,#1702,#1692,#1691));
#1710= IFCFACEOUTERBOUND(#1709,.T.);
#1711= IFCFACE((#1710));
#1712= IFCPOLYLOOP((#1701,#1696,#1690,#1689));
#1713= IFCFACEOUTERBOUND(#1712,.T.);
#1714= IFCFACE((#1713));
#1715= IFCCLOSEDSHELL((#1695,#1700,#1705,#1708,#1711,#1714));
#1716= IFCFACETEDBREP(#1715);
#1717= IFCSTYLEDITEM(#1716,(#1688),$);
#1718= IFCSHAPEREPRESENTATION(#12,'Body','Brep',(#1716));
#1719= IFCPRODUCTDEFINITIONSHAPE($,$,(#1718));
#1720= IFCCARTESIANPOINT((57264.8409337379,24288.9979433173,16880.0007692249));
#1721= IFCAXIS2PLACEMENT3D(#1720,#538,#1194);
#1722= IFCLOCALPLACEMENT(#42,#1721);
#1723= IFCPLATE('14PdLGHlb2NOdrxbLt2B4f',#44,'PLATE-12','PL12*250',$,#1722,#1719,'ID44667550-46f9-425d-89f5-ee557708b129');
#1724= IFCPLATETYPE('08R2yqgR10IgfjXa0vD6h4',#5,'PL12*250',$,$,$,$,$,$,.NOTDEFINED.);
#1725= IFCPROPERTYSINGLEVALUE('Preliminary mark',$,IFCLABEL('5-2-P28'),$);
#1726= IFCPROPERTYSINGLEVALUE('Class',$,IFCLABEL('16'),$);
#1727= IFCPROPERTYSET('1gkxKeW7jCUxgCxt3UA8Jj',#5,'Tekla Common','Common Properties to Shared building elements',(#759,#760,#546,#1725,#548,#1726));
#1728= IFCPROPERTYSINGLEVALUE('Weight',$,IFCMASSMEASURE(8.24),$);
#1729= IFCPROPERTYSINGLEVALUE('Volume',$,IFCVOLUMEMEASURE(0.001),$);
#1730= IFCPROPERTYSINGLEVALUE('Gross footprint area',$,IFCAREAMEASURE(0.004),$);
#1731= IFCPROPERTYSINGLEVALUE('Area per tons',$,IFCAREAMEASURE(22.978),$);
#1732= IFCPROPERTYSINGLEVALUE('Net surface area',$,IFCAREAMEASURE(0.189),$);
#1733= IFCPROPERTYSINGLEVALUE('Height',$,IFCLENGTHMEASURE(250.),$);
#1734= IFCPROPERTYSINGLEVALUE('Width',$,IFCLENGTHMEASURE(12.),$);
#1735= IFCPROPERTYSINGLEVALUE('Length',$,IFCLENGTHMEASURE(350.),$);
#1736= IFCPROPERTYSET('0IHxpyRGfE_elxxqTHbksz',#5,'Tekla Quantity','Quantity Properties to Shared building elements',(#1728,#1729,#1730,#1731,#1732,#1733,#1734,#1735));
#1737= IFCPROPERTYSINGLEVALUE('Reference',$,IFCIDENTIFIER('5-2-P28'),$);
#1738= IFCPROPERTYSET('1YdPtGudXDben$PVc1p9of',#5,'Pset_PlateCommon','Common Properties to plate elements',(#560,#1737));
#1739= IFCQUANTITYLENGTH('Width',$,$,250.);
#1740= IFCQUANTITYAREA('NetArea',$,$,0.1894);
#1741= IFCQUANTITYAREA('GrossArea',$,$,0.0875000000000002);
#1742= IFCQUANTITYAREA('CrossSectionArea',$,$,0.000144);
#1743= IFCQUANTITYVOLUME('NetVolume',$,$,0.00105);
#1744= IFCQUANTITYVOLUME('GrossVolume',$,$,0.00105);
#1745= IFCELEMENTQUANTITY('3YlNouIGTDTPvW3jwkR1NS',#5,'BaseQuantities',$,$,(#1739,#1740,#1741,#1742,#1743,#1744));
#1746= IFCOWNERHISTORY(#3,#4,$,.NOCHANGE.,$,$,$,1770843600);
#1747= IFCCARTESIANPOINT((7.65366864730822,-4.65366864731186,18.4775906502255));
#1748= IFCCARTESIANPOINT((8.00000000000728,-5.00000000001455,18.2924726854799));
#1749= IFCCARTESIANPOINT((8.00000000000728,-5.00000000001455,211.70752731452));
#1750= IFCCARTESIANPOINT((7.65366864730822,-4.65366864731186,211.522409349775));
#1751= IFCCARTESIANPOINT((3.9018064403208,-0.901806440320797,210.384294391937));
#1752= IFCCARTESIANPOINT((-3.63797880709171E-12,3.00000000000728,210.));
#1753= IFCCARTESIANPOINT((-3.63797880709171E-12,3.00000000000728,20.));
#1754= IFCCARTESIANPOINT((3.9018064403208,-0.901806440320797,19.6157056080629));
#1755= IFCPOLYLOOP((#1747,#1748,#1749,#1750,#1751,#1752,#1753,#1754));
#1756= IFCFACEOUTERBOUND(#1755,.T.);
#1757= IFCFACE((#1756));
#1758= IFCCARTESIANPOINT((-7.27595761418343E-12,5.00000000000728,210.));
#1759= IFCPOLYLOOP((#1758,#1269,#1753,#1752));
#1760= IFCFACEOUTERBOUND(#1759,.T.);
#1761= IFCFACE((#1760));
#1762= IFCCARTESIANPOINT((3.90180644031352,5.,210.384294391937));
#1763= IFCPOLYLOOP((#1762,#1758,#1752,#1751));
#1764= IFCFACEOUTERBOUND(#1763,.T.);
#1765= IFCFACE((#1764));
#1766= IFCCARTESIANPOINT((7.65366864729367,4.99999999999272,211.522409349775));
#1767= IFCPOLYLOOP((#1766,#1762,#1751,#1750));
#1768= IFCFACEOUTERBOUND(#1767,.T.);
#1769= IFCFACE((#1768));
#1770= IFCCARTESIANPOINT((11.111404660398,-5.00000000002183,213.37060775395));
#1771= IFCCARTESIANPOINT((11.1114046603834,4.99999999997817,213.37060775395));
#1772= IFCPOLYLOOP((#1770,#1771,#1766,#1750,#1749));
#1773= IFCFACEOUTERBOUND(#1772,.T.);
#1774= IFCFACE((#1773));
#1775= IFCCARTESIANPOINT((14.142135623737,-5.00000000002183,215.85786437627));
#1776= IFCCARTESIANPOINT((14.1421356237224,4.99999999997817,215.85786437627));
#1777= IFCPOLYLOOP((#1770,#1775,#1776,#1771));
#1778= IFCFACEOUTERBOUND(#1777,.T.);
#1779= IFCFACE((#1778));
#1780= IFCCARTESIANPOINT((16.6293922460573,-5.0000000000291,218.888595339609));
#1781= IFCCARTESIANPOINT((16.6293922460427,4.9999999999709,218.888595339609));
#1782= IFCPOLYLOOP((#1775,#1780,#1781,#1776));
#1783= IFCFACEOUTERBOUND(#1782,.T.);
#1784= IFCFACE((#1783));
#1785= IFCCARTESIANPOINT((18.4775906502327,-5.0000000000291,222.346331352699));
#1786= IFCCARTESIANPOINT((18.4775906502182,4.9999999999709,222.346331352699));
#1787= IFCPOLYLOOP((#1780,#1785,#1786,#1781));
#1788= IFCFACEOUTERBOUND(#1787,.T.);
#1789= IFCFACE((#1788));
#1790= IFCCARTESIANPOINT((19.6157056080701,-5.00000000003638,226.098193559679));
#1791= IFCCARTESIANPOINT((19.6157056080556,4.99999999996362,226.098193559679));
#1792= IFCPOLYLOOP((#1785,#1790,#1791,#1786));
#1793= IFCFACEOUTERBOUND(#1792,.T.);
#1794= IFCFACE((#1793));
#1795= IFCCARTESIANPOINT((20.0000000000073,-5.00000000003638,230.));
#1796= IFCCARTESIANPOINT((19.9999999999927,4.99999999996362,230.));
#1797= IFCPOLYLOOP((#1790,#1795,#1796,#1791));
#1798= IFCFACEOUTERBOUND(#1797,.T.);
#1799= IFCFACE((#1798));
#1800= IFCCARTESIANPOINT((110.000000000011,-5.00000000021828,230.));
#1801= IFCCARTESIANPOINT((109.999999999993,4.99999999978172,230.));
#1802= IFCPOLYLOOP((#1795,#1800,#1801,#1796));
#1803= IFCFACEOUTERBOUND(#1802,.T.);
#1804= IFCFACE((#1803));
#1805= IFCCARTESIANPOINT((110.384294391948,-5.00000000021828,226.098193559679));
#1806= IFCCARTESIANPOINT((110.38429439193,4.99999999978172,226.098193559679));
#1807= IFCPOLYLOOP((#1800,#1805,#1806,#1801));
#1808= IFCFACEOUTERBOUND(#1807,.T.);
#1809= IFCFACE((#1808));
#1810= IFCCARTESIANPOINT((111.522409349785,-5.00000000021828,222.346331352699));
#1811= IFCCARTESIANPOINT((111.522409349767,4.99999999978172,222.346331352699));
#1812= IFCPOLYLOOP((#1805,#1810,#1811,#1806));
#1813= IFCFACEOUTERBOUND(#1812,.T.);
#1814= IFCFACE((#1813));
#1815= IFCCARTESIANPOINT((113.370607753961,-5.00000000022555,218.888595339609));
#1816= IFCCARTESIANPOINT((113.370607753943,4.99999999977445,218.888595339609));
#1817= IFCPOLYLOOP((#1810,#1815,#1816,#1811));
#1818= IFCFACEOUTERBOUND(#1817,.T.);
#1819= IFCFACE((#1818));
#1820= IFCCARTESIANPOINT((115.857864376281,-5.00000000023283,215.85786437627));
#1821= IFCCARTESIANPOINT((115.857864376263,4.99999999976717,215.85786437627));
#1822= IFCPOLYLOOP((#1815,#1820,#1821,#1816));
#1823= IFCFACEOUTERBOUND(#1822,.T.);
#1824= IFCFACE((#1823));
#1825= IFCCARTESIANPOINT((118.88859533962,-5.00000000023283,213.37060775395));
#1826= IFCCARTESIANPOINT((118.888595339602,4.99999999976717,213.37060775395));
#1827= IFCPOLYLOOP((#1820,#1825,#1826,#1821));
#1828= IFCFACEOUTERBOUND(#1827,.T.);
#1829= IFCFACE((#1828));
#1830= IFCCARTESIANPOINT((122.34633135271,-5.00000000024738,211.522409349775));
#1831= IFCCARTESIANPOINT((122.346331352692,4.99999999975262,211.522409349775));
#1832= IFCPOLYLOOP((#1825,#1830,#1831,#1826));
#1833= IFCFACEOUTERBOUND(#1832,.T.);
#1834= IFCFACE((#1833));
#1835= IFCCARTESIANPOINT((126.09819355969,-5.00000000024738,210.384294391937));
#1836= IFCCARTESIANPOINT((126.098193559672,4.99999999975262,210.384294391937));
#1837= IFCPOLYLOOP((#1830,#1835,#1836,#1831));
#1838= IFCFACEOUTERBOUND(#1837,.T.);
#1839= IFCFACE((#1838));
#1840= IFCCARTESIANPOINT((130.000000000011,-5.00000000025466,210.));
#1841= IFCCARTESIANPOINT((129.999999999993,4.99999999974534,210.));
#1842= IFCPOLYLOOP((#1835,#1840,#1841,#1836));
#1843= IFCFACEOUTERBOUND(#1842,.T.);
#1844= IFCFACE((#1843));
#1845= IFCPOLYLOOP((#1840,#1358,#1359,#1841));
#1846= IFCFACEOUTERBOUND(#1845,.T.);
#1847= IFCFACE((#1846));
#1848= IFCPOLYLOOP((#1434,#1429,#1428,#1748,#1747));
#1849= IFCFACEOUTERBOUND(#1848,.T.);
#1850= IFCFACE((#1849));
#1851= IFCPOLYLOOP((#1439,#1434,#1747,#1754));
#1852= IFCFACEOUTERBOUND(#1851,.T.);
#1853= IFCFACE((#1852));
#1854= IFCPOLYLOOP((#1269,#1439,#1754,#1753));
#1855= IFCFACEOUTERBOUND(#1854,.T.);
#1856= IFCFACE((#1855));
#1857= IFCPOLYLOOP((#1762,#1766,#1771,#1776,#1781,#1786,#1791,#1796,#1801,#1806,#1811,#1816,#1821,#1826,#1831,#1836,#1841,#1359,#1364,#1369,#1374,#1379,#1384,#1389,#1394,#1399,#1404,#1409,#1414,#1419,#1424,#1429,#1434,#1439,#1269,#1758));
#1858= IFCFACEOUTERBOUND(#1857,.T.);
#1859= IFCFACE((#1858));
#1860= IFCPOLYLOOP((#1428,#1423,#1418,#1413,#1408,#1403,#1398,#1393,#1388,#1383,#1378,#1373,#1368,#1363,#1358,#1840,#1835,#1830,#1825,#1820,#1815,#1810,#1805,#1800,#1795,#1790,#1785,#1780,#1775,#1770,#1749,#1748));
#1861= IFCFACEOUTERBOUND(#1860,.T.);
#1862= IFCFACE((#1861));
#1863= IFCCLOSEDSHELL((#1757,#1761,#1765,#1769,#1774,#1779,#1784,#1789,#1794,#1799,#1804,#1809,#1814,#1819,#1824,#1829,#1834,#1839,#1844,#1847,#1367,#1372,#1377,#1382,#1387,#1392,#1397,#1402,#1407,#1412,#1417,#1422,#1427,#1432,#1850,#1853,#1856,#1859,#1862));
#1864= IFCFACETEDBREP(#1863);
#1865= IFCSTYLEDITEM(#1864,(#505),$);
#1866= IFCSHAPEREPRESENTATION(#12,'Body','Brep',(#1864));
#1867= IFCPRODUCTDEFINITIONSHAPE($,$,(#1866));
#1868= IFCCARTESIANPOINT((57024.8409488314,24152.9979167019,16870.0007692249));
#1869= IFCAXIS2PLACEMENT3D(#1868,#538,#8);
#1870= IFCLOCALPLACEMENT(#42,#1869);
#1871= IFCPLATE('32ZKhbVUb5iQkoolMV$E4f',#1746,'PLATE-10','PL10*130',$,#1870,#1867,'IDc28d4ae5-7de9-45b1-abb2-caf59ffce129');
#1872= IFCPLATETYPE('2Ax$BjmnPCzfl3HwV_lJwu',#5,'PL10*130',$,$,$,$,$,$,.NOTDEFINED.);
#1873= IFCPROPERTYSINGLEVALUE('Bottom elevation',$,IFCLABEL(' +16.640'),$);
#1874= IFCPROPERTYSINGLEVALUE('Top elevation',$,IFCLABEL(' +16.870'),$);
#1875= IFCPROPERTYSINGLEVALUE('Preliminary mark',$,IFCLABEL('5-2-P104'),$);
#1876= IFCPROPERTYSET('0nysdtFUn8ahuWMegJCk1c',#5,'Tekla Common','Common Properties to Shared building elements',(#1873,#1874,#546,#1875,#548,#549));
#1877= IFCPROPERTYSINGLEVALUE('Weight',$,IFCMASSMEASURE(2.2),$);
#1878= IFCPROPERTYSINGLEVALUE('Area per tons',$,IFCAREAMEASURE(28.714),$);
#1879= IFCPROPERTYSINGLEVALUE('Net surface area',$,IFCAREAMEASURE(0.063),$);
#1880= IFCPROPERTYSINGLEVALUE('Height',$,IFCLENGTHMEASURE(130.),$);
#1881= IFCPROPERTYSINGLEVALUE('Length',$,IFCLENGTHMEASURE(230.),$);
#1882= IFCPROPERTYSET('2FhCzDvAn7Ow8JVwfAP6bN',#5,'Tekla Quantity','Quantity Properties to Shared building elements',(#1877,#552,#553,#1878,#1879,#1880,#557,#1881));
#1883= IFCPROPERTYSINGLEVALUE('Reference',$,IFCIDENTIFIER('5-2-P104'),$);
#1884= IFCPROPERTYSET('3sVkzV95f1rhS83br3FJro',#5,'Pset_PlateCommon','Common Properties to plate elements',(#560,#1883));
#1885= IFCQUANTITYLENGTH('Width',$,$,130.00000000004);
#1886= IFCQUANTITYAREA('NetArea',$,$,0.0632061206819144);
#1887= IFCQUANTITYAREA('GrossArea',$,$,0.0299000000000091);
#1888= IFCQUANTITYVOLUME('NetVolume',$,$,0.000280412706931566);
#1889= IFCQUANTITYVOLUME('GrossVolume',$,$,0.000286514219396039);
#1890= IFCELEMENTQUANTITY('3KdebxPMrFABev4EvcPGKQ',#5,'BaseQuantities',$,$,(#1885,#1886,#1887,#566,#1888,#1889));
#1891= IFCCARTESIANPOINT((3.90180644032444,0.901806440320797,19.6157056080629));
#1892= IFCCARTESIANPOINT((3.63797880709171E-12,-2.99999999999272,20.));
#1893= IFCCARTESIANPOINT((3.63797880709171E-12,-2.99999999999272,210.));
#1894= IFCCARTESIANPOINT((3.90180644032444,0.901806440320797,210.384294391937));
#1895= IFCCARTESIANPOINT((7.65366864729367,4.65366864729003,211.522409349775));
#1896= IFCCARTESIANPOINT((7.99999999999272,4.99999999999272,211.70752731452));
#1897= IFCCARTESIANPOINT((7.99999999999272,4.99999999999272,18.2924726854799));
#1898= IFCCARTESIANPOINT((7.65366864729367,4.65366864729003,18.4775906502255));
#1899= IFCPOLYLOOP((#1891,#1892,#1893,#1894,#1895,#1896,#1897,#1898));
#1900= IFCFACEOUTERBOUND(#1899,.T.);
#1901= IFCFACE((#1900));
#1902= IFCCARTESIANPOINT((7.27595761418343E-12,-4.99999999999272,210.));
#1903= IFCPOLYLOOP((#1266,#1902,#1893,#1892));
#1904= IFCFACEOUTERBOUND(#1903,.T.);
#1905= IFCFACE((#1904));
#1906= IFCCARTESIANPOINT((3.90180644032807,-5.,210.384294391937));
#1907= IFCPOLYLOOP((#1902,#1906,#1894,#1893));
#1908= IFCFACEOUTERBOUND(#1907,.T.);
#1909= IFCFACE((#1908));
#1910= IFCCARTESIANPOINT((7.65366864730822,-5.00000000000728,211.522409349775));
#1911= IFCPOLYLOOP((#1906,#1910,#1895,#1894));
#1912= IFCFACEOUTERBOUND(#1911,.T.);
#1913= IFCFACE((#1912));
#1914= IFCPOLYLOOP((#1910,#1770,#1771,#1896,#1895));
#1915= IFCFACEOUTERBOUND(#1914,.T.);
#1916= IFCFACE((#1915));
#1917= IFCPOLYLOOP((#1429,#1428,#1433,#1898,#1897));
#1918= IFCFACEOUTERBOUND(#1917,.T.);
#1919= IFCFACE((#1918));
#1920= IFCPOLYLOOP((#1433,#1438,#1891,#1898));
#1921= IFCFACEOUTERBOUND(#1920,.T.);
#1922= IFCFACE((#1921));
#1923= IFCPOLYLOOP((#1438,#1266,#1892,#1891));
#1924= IFCFACEOUTERBOUND(#1923,.T.);
#1925= IFCFACE((#1924));
#1926= IFCPOLYLOOP((#1771,#1776,#1781,#1786,#1791,#1796,#1801,#1806,#1811,#1816,#1821,#1826,#1831,#1836,#1841,#1359,#1364,#1369,#1374,#1379,#1384,#1389,#1394,#1399,#1404,#1409,#1414,#1419,#1424,#1429,#1897,#1896));
#1927= IFCFACEOUTERBOUND(#1926,.T.);
#1928= IFCFACE((#1927));
#1929= IFCPOLYLOOP((#1438,#1433,#1428,#1423,#1418,#1413,#1408,#1403,#1398,#1393,#1388,#1383,#1378,#1373,#1368,#1363,#1358,#1840,#1835,#1830,#1825,#1820,#1815,#1810,#1805,#1800,#1795,#1790,#1785,#1780,#1775,#1770,#1910,#1906,#1902,#1266));
#1930= IFCFACEOUTERBOUND(#1929,.T.);
#1931= IFCFACE((#1930));
#1932= IFCCLOSEDSHELL((#1901,#1905,#1909,#1913,#1916,#1779,#1784,#1789,#1794,#1799,#1804,#1809,#1814,#1819,#1824,#1829,#1834,#1839,#1844,#1847,#1367,#1372,#1377,#1382,#1387,#1392,#1397,#1402,#1407,#1412,#1417,#1422,#1427,#1432,#1919,#1922,#1925,#1928,#1931));
#1933= IFCFACETEDBREP(#1932);
#1934= IFCSTYLEDITEM(#1933,(#505),$);
#1935= IFCSHAPEREPRESENTATION(#12,'Body','Brep',(#1933));
#1936= IFCPRODUCTDEFINITIONSHAPE($,$,(#1935));
#1937= IFCCARTESIANPOINT((57154.8409488314,24152.9979311323,16870.0007692249));
#1938= IFCAXIS2PLACEMENT3D(#1937,#538,#8);
#1939= IFCLOCALPLACEMENT(#42,#1938);
#1940= IFCPLATE('1MPjKc12z2$BU8Vr3811Wb',#323,'PLATE-10','PL10*130',$,#1939,#1936,'ID5666d526-042f-42fc-b788-7f50c8041825');
#1941= IFCQUANTITYLENGTH('Width',$,$,129.9999999995);
#1942= IFCQUANTITYAREA('NetArea',$,$,0.0632061206816695);
#1943= IFCQUANTITYAREA('GrossArea',$,$,0.0298999999998849);
#1944= IFCQUANTITYVOLUME('NetVolume',$,$,0.000280412706930392);
#1945= IFCELEMENTQUANTITY('2_R9i6jlr6rgrUgg_t0HmL',#5,'BaseQuantities',$,$,(#1941,#1942,#1943,#566,#1944,#1889));
#1946= IFCCARTESIANPOINT((349.999999999993,5.,9.99999999942884));
#1947= IFCCARTESIANPOINT((350.000000000007,-5.,-5.74800651520491E-10));
#1948= IFCCARTESIANPOINT((-1.45519152283669E-11,5.,9.99999999999636));
#1949= IFCPOLYLOOP((#1946,#1947,#506,#1948));
#1950= IFCFACEOUTERBOUND(#1949,.T.);
#1951= IFCFACE((#1950));
#1952= IFCCARTESIANPOINT((349.999999999753,-5.,129.999999999429));
#1953= IFCCARTESIANPOINT((349.999999999767,5.,119.999999999429));
#1954= IFCCARTESIANPOINT((-2.3283064365387E-10,5.,120.));
#1955= IFCCARTESIANPOINT((-2.5465851649642E-10,-5.,130.));
#1956= IFCPOLYLOOP((#1952,#1953,#1954,#1955));
#1957= IFCFACEOUTERBOUND(#1956,.T.);
#1958= IFCFACE((#1957));
#1959= IFCPOLYLOOP((#1955,#1954,#1948,#506));
#1960= IFCFACEOUTERBOUND(#1959,.T.);
#1961= IFCFACE((#1960));
#1962= IFCPOLYLOOP((#1953,#1952,#1947,#1946));
#1963= IFCFACEOUTERBOUND(#1962,.T.);
#1964= IFCFACE((#1963));
#1965= IFCPOLYLOOP((#1954,#1953,#1946,#1948));
#1966= IFCFACEOUTERBOUND(#1965,.T.);
#1967= IFCFACE((#1966));
#1968= IFCPOLYLOOP((#1947,#1952,#1955,#506));
#1969= IFCFACEOUTERBOUND(#1968,.T.);
#1970= IFCFACE((#1969));
#1971= IFCCLOSEDSHELL((#1951,#1958,#1961,#1964,#1967,#1970));
#1972= IFCFACETEDBREP(#1971);
#1973= IFCSTYLEDITEM(#1972,(#505),$);
#1974= IFCSHAPEREPRESENTATION(#12,'Body','Brep',(#1972));
#1975= IFCPRODUCTDEFINITIONSHAPE($,$,(#1974));
#1976= IFCCARTESIANPOINT((56914.8409488314,24152.9979044915,16635.0007692249));
#1977= IFCAXIS2PLACEMENT3D(#1976,#8,#7);
#1978= IFCLOCALPLACEMENT(#42,#1977);
#1979= IFCPLATE('13M3Sv7VDDueoPNEbtdumj',#323,'PLATE-10','PL10*130',$,#1978,#1975,'ID43583739-1df3-4de2-8c99-5ce9779f8c2d');
#1980= IFCPROPERTYSINGLEVALUE('Top elevation',$,IFCLABEL(' +16.640'),$);
#1981= IFCPROPERTYSINGLEVALUE('Preliminary mark',$,IFCLABEL('5-2-P103'),$);
#1982= IFCPROPERTYSET('2q8tO4SX5AUwmoeMEyhV5n',#5,'Tekla Common','Common Properties to Shared building elements',(#759,#1980,#546,#1981,#548,#549));
#1983= IFCPROPERTYSINGLEVALUE('Weight',$,IFCMASSMEASURE(3.3),$);
#1984= IFCPROPERTYSINGLEVALUE('Gross footprint area',$,IFCAREAMEASURE(0.046),$);
#1985= IFCPROPERTYSINGLEVALUE('Area per tons',$,IFCAREAMEASURE(29.208),$);
#1986= IFCPROPERTYSINGLEVALUE('Net surface area',$,IFCAREAMEASURE(0.096),$);
#1987= IFCPROPERTYSET('2obt1WL8zAr8dH9hO53sKX',#5,'Tekla Quantity','Quantity Properties to Shared building elements',(#1983,#552,#1984,#1985,#1986,#1880,#557,#1735));
#1988= IFCPROPERTYSINGLEVALUE('Reference',$,IFCIDENTIFIER('5-2-P103'),$);
#1989= IFCPROPERTYSET('3YTOidn9DF3AtQU_EaCn0W',#5,'Pset_PlateCommon','Common Properties to plate elements',(#560,#1988));
#1990= IFCQUANTITYLENGTH('Width',$,$,130.);
#1991= IFCQUANTITYAREA('NetArea',$,$,0.0962994949366113);
#1992= IFCQUANTITYAREA('GrossArea',$,$,0.0455000000000003);
#1993= IFCQUANTITYVOLUME('NetVolume',$,$,0.000419999999999998);
#1994= IFCQUANTITYVOLUME('GrossVolume',$,$,0.000454999999999998);
#1995= IFCELEMENTQUANTITY('3TFjJiHEXC0ekQqRQtIF2I',#5,'BaseQuantities',$,$,(#1990,#1991,#1992,#566,#1993,#1994));
#1996= IFCCARTESIANPOINT((-1.45519152283669E-11,-5.,9.99999999999636));
#1997= IFCCARTESIANPOINT((350.000000000007,5.,-5.74800651520491E-10));
#1998= IFCCARTESIANPOINT((349.999999999993,-5.,9.9999999994252));
#1999= IFCPOLYLOOP((#1996,#509,#1997,#1998));
#2000= IFCFACEOUTERBOUND(#1999,.T.);
#2001= IFCFACE((#2000));
#2002= IFCCARTESIANPOINT((349.999999999767,-5.,119.999999999429));
#2003= IFCCARTESIANPOINT((349.999999999753,5.,129.999999999429));
#2004= IFCCARTESIANPOINT((-2.5465851649642E-10,5.,130.));
#2005= IFCCARTESIANPOINT((-2.3283064365387E-10,-5.,120.));
#2006= IFCPOLYLOOP((#2002,#2003,#2004,#2005));
#2007= IFCFACEOUTERBOUND(#2006,.T.);
#2008= IFCFACE((#2007));
#2009= IFCPOLYLOOP((#2005,#2004,#509,#1996));
#2010= IFCFACEOUTERBOUND(#2009,.T.);
#2011= IFCFACE((#2010));
#2012= IFCPOLYLOOP((#2003,#2002,#1998,#1997));
#2013= IFCFACEOUTERBOUND(#2012,.T.);
#2014= IFCFACE((#2013));
#2015= IFCPOLYLOOP((#2003,#1997,#509,#2004));
#2016= IFCFACEOUTERBOUND(#2015,.T.);
#2017= IFCFACE((#2016));
#2018= IFCPOLYLOOP((#2002,#2005,#1996,#1998));
#2019= IFCFACEOUTERBOUND(#2018,.T.);
#2020= IFCFACE((#2019));
#2021= IFCCLOSEDSHELL((#2001,#2008,#2011,#2014,#2017,#2020));
#2022= IFCFACETEDBREP(#2021);
#2023= IFCSTYLEDITEM(#2022,(#505),$);
#2024= IFCSHAPEREPRESENTATION(#12,'Body','Brep',(#2022));
#2025= IFCPRODUCTDEFINITIONSHAPE($,$,(#2024));
#2026= IFCCARTESIANPOINT((56914.8409488314,24152.9979044915,16875.0007692249));
#2027= IFCAXIS2PLACEMENT3D(#2026,#8,#7);
#2028= IFCLOCALPLACEMENT(#42,#2027);
#2029= IFCPLATE('3zsMpV73141wmcU8O67HUv',#323,'PLATE-10','PL10*130',$,#2028,#2025,'IDfdd96cdf-1c30-4407-ac26-7886061d17b9');
#2030= IFCPROPERTYSINGLEVALUE('Bottom elevation',$,IFCLABEL(' +16.870'),$);
#2031= IFCPROPERTYSET('0vUhWATW11FvSWKeGukJS9',#5,'Tekla Common','Common Properties to Shared building elements',(#2030,#760,#546,#1981,#548,#549));
#2032= IFCQUANTITYVOLUME('NetVolume',$,$,0.000419999999999998);
#2033= IFCELEMENTQUANTITY('0WXpfz9rj22vnO0yBHNyqg',#5,'BaseQuantities',$,$,(#1990,#1991,#1992,#566,#2032,#1994));
#2034= IFCCOLOURRGB('Light Blue',0.23921568627451,0.,0.63921568627451);
#2035= IFCSURFACESTYLERENDERING(#2034,0.,$,$,$,$,IFCNORMALISEDRATIOMEASURE(0.00390625),IFCSPECULAREXPONENT(10.),.NOTDEFINED.);
#2036= IFCSURFACESTYLE('STEEL/S275',.POSITIVE.,(#2035));
#2037= IFCPRESENTATIONSTYLEASSIGNMENT((#2036));
#2038= IFCCARTESIANPOINT((-1.45519152283669E-11,-9.99999999999636,0.));
#2039= IFCCARTESIANPOINT((-1.45519152283669E-11,-9.99999999999636,470.));
#2040= IFCCARTESIANPOINT((2.18278728425503E-11,10.0000000000036,470.));
#2041= IFCCARTESIANPOINT((2.18278728425503E-11,10.0000000000036,0.));
#2042= IFCPOLYLOOP((#2038,#2039,#2040,#2041));
#2043= IFCFACEOUTERBOUND(#2042,.T.);
#2044= IFCFACE((#2043));
#2045= IFCCARTESIANPOINT((349.999999999985,-9.9999999994252,470.));
#2046= IFCCARTESIANPOINT((350.000000000029,10.0000000005748,470.));
#2047= IFCPOLYLOOP((#2039,#2045,#2046,#2040));
#2048= IFCFACEOUTERBOUND(#2047,.T.);
#2049= IFCFACE((#2048));
#2050= IFCCARTESIANPOINT((349.999999999985,-9.9999999994252,0.));
#2051= IFCCARTESIANPOINT((350.000000000029,10.0000000005748,0.));
#2052= IFCPOLYLOOP((#2045,#2050,#2051,#2046));
#2053= IFCFACEOUTERBOUND(#2052,.T.);
#2054= IFCFACE((#2053));
#2055= IFCPOLYLOOP((#2050,#2038,#2041,#2051));
#2056= IFCFACEOUTERBOUND(#2055,.T.);
#2057= IFCFACE((#2056));
#2058= IFCPOLYLOOP((#2046,#2051,#2041,#2040));
#2059= IFCFACEOUTERBOUND(#2058,.T.);
#2060= IFCFACE((#2059));
#2061= IFCPOLYLOOP((#2050,#2045,#2039,#2038));
#2062= IFCFACEOUTERBOUND(#2061,.T.);
#2063= IFCFACE((#2062));
#2064= IFCCLOSEDSHELL((#2044,#2049,#2054,#2057,#2060,#2063));
#2065= IFCFACETEDBREP(#2064);
#2066= IFCSTYLEDITEM(#2065,(#2037),$);
#2067= IFCSHAPEREPRESENTATION(#12,'Body','Brep',(#2065));
#2068= IFCPRODUCTDEFINITIONSHAPE($,$,(#2067));
#2069= IFCCARTESIANPOINT((56914.8409499414,24142.9979044915,16990.0007692249));
#2070= IFCAXIS2PLACEMENT3D(#2069,#538,#7);
#2071= IFCLOCALPLACEMENT(#42,#2070);
#2072= IFCPLATE('1GTHMfMen3iPJru7FXa0DX',#323,'PLATE-20','PL20*350',$,#2071,#2068,'ID507515a9-5a8c-43b1-94f5-e073e1900361');
#2073= IFCPLATETYPE('2BdK6_3$bA0fCMAZar3d5O',#5,'PL20*350',$,$,$,$,$,$,.NOTDEFINED.);
#2074= IFCPROPERTYSINGLEVALUE('Preliminary mark',$,IFCLABEL('5-2-P27'),$);
#2075= IFCPROPERTYSINGLEVALUE('Class',$,IFCLABEL('14'),$);
#2076= IFCPROPERTYSET('1cPHSORHz3p9pCfgQwjbnx',#5,'Tekla Common','Common Properties to Shared building elements',(#1570,#1672,#546,#2074,#548,#2075));
#2077= IFCPROPERTYSINGLEVALUE('Weight',$,IFCMASSMEASURE(25.83),$);
#2078= IFCPROPERTYSINGLEVALUE('Volume',$,IFCVOLUMEMEASURE(0.003),$);
#2079= IFCPROPERTYSINGLEVALUE('Gross footprint area',$,IFCAREAMEASURE(0.007),$);
#2080= IFCPROPERTYSINGLEVALUE('Area per tons',$,IFCAREAMEASURE(14.009),$);
#2081= IFCPROPERTYSINGLEVALUE('Net surface area',$,IFCAREAMEASURE(0.362),$);
#2082= IFCPROPERTYSINGLEVALUE('Width',$,IFCLENGTHMEASURE(20.),$);
#2083= IFCPROPERTYSINGLEVALUE('Length',$,IFCLENGTHMEASURE(470.),$);
#2084= IFCPROPERTYSET('2SJ$dmrjrFSxctIL1Bmmw6',#5,'Tekla Quantity','Quantity Properties to Shared building elements',(#2077,#2078,#2079,#2080,#2081,#769,#2082,#2083));
#2085= IFCPROPERTYSINGLEVALUE('Reference',$,IFCIDENTIFIER('5-2-P27'),$);
#2086= IFCPROPERTYSET('0CBEIORqn1gBOfHq9CezGe',#5,'Pset_PlateCommon','Common Properties to plate elements',(#560,#2085));
#2087= IFCQUANTITYLENGTH('Width',$,$,350.000000000077);
#2088= IFCQUANTITYAREA('NetArea',$,$,0.3618);
#2089= IFCQUANTITYAREA('GrossArea',$,$,0.164500000000036);
#2090= IFCQUANTITYAREA('CrossSectionArea',$,$,0.0004);
#2091= IFCQUANTITYVOLUME('NetVolume',$,$,0.00329);
#2092= IFCQUANTITYVOLUME('GrossVolume',$,$,0.00329);
#2093= IFCELEMENTQUANTITY('2cab1KgOLAch4EZs6AC1OE',#5,'BaseQuantities',$,$,(#2087,#2088,#2089,#2090,#2091,#2092));
#2094= IFCMAPPEDITEM(#1189,#122);
#2095= IFCSHAPEREPRESENTATION(#12,'Body','MappedRepresentation',(#2094));
#2096= IFCPRODUCTDEFINITIONSHAPE($,$,(#2095));
#2097= IFCCARTESIANPOINT((53669.846528271,30162.9298504284,16580.0007692249));
#2098= IFCDIRECTION((-6.0040000025765E-06,-0.999999999981976,0.));
#2099= IFCAXIS2PLACEMENT3D(#2097,#2098,#538);
#2100= IFCLOCALPLACEMENT(#42,#2099);
#2101= IFCMECHANICALFASTENER('10ieNGoerA_OBp2IJbvtSd',#394,'Bolt assembly',$,$,#2100,#2096,'ID40b285d0-ca8d-4af9-82f3-0924e5e77727',24.,85.);
#2102= IFCMAPPEDITEM(#1189,#122);
#2103= IFCSHAPEREPRESENTATION(#12,'Body','MappedRepresentation',(#2102));
#2104= IFCPRODUCTDEFINITIONSHAPE($,$,(#2103));
#2105= IFCCARTESIANPOINT((53669.845807791,30042.9298504302,16580.0007692249));
#2106= IFCAXIS2PLACEMENT3D(#2105,#2098,#538);
#2107= IFCLOCALPLACEMENT(#42,#2106);
#2108= IFCMECHANICALFASTENER('39sMSUVQ9DnxEfe_$zSQu2',#394,'Bolt assembly',$,$,#2107,#2104,'IDc9d9671e-7da2-4dc7-b3a9-a3effd71ae02',24.,85.);
#2109= IFCMAPPEDITEM(#1189,#122);
#2110= IFCSHAPEREPRESENTATION(#12,'Body','MappedRepresentation',(#2109));
#2111= IFCPRODUCTDEFINITIONSHAPE($,$,(#2110));
#2112= IFCCARTESIANPOINT((53669.845087311,29922.9298504319,16580.0007692249));
#2113= IFCAXIS2PLACEMENT3D(#2112,#2098,#538);
#2114= IFCLOCALPLACEMENT(#42,#2113);
#2115= IFCMECHANICALFASTENER('0IepXqGSj6ZBJI7ec3WEqA',#394,'Bolt assembly',$,$,#2114,#2111,'ID12a33874-41cb-468c-b4d2-1e898380ed0a',24.,85.);
#2116= IFCMAPPEDITEM(#1189,#122);
#2117= IFCSHAPEREPRESENTATION(#12,'Body','MappedRepresentation',(#2116));
#2118= IFCPRODUCTDEFINITIONSHAPE($,$,(#2117));
#2119= IFCCARTESIANPOINT((53669.846528271,30162.9298504284,16700.0007692249));
#2120= IFCAXIS2PLACEMENT3D(#2119,#2098,#538);
#2121= IFCLOCALPLACEMENT(#42,#2120);
#2122= IFCMECHANICALFASTENER('1oi$D43cTE9x2DvOiqQOGM',#394,'Bolt assembly',$,$,#2121,#2118,'ID72b3f344-0e67-4e27-b08d-e58b34698416',24.,85.);
#2123= IFCMAPPEDITEM(#1189,#122);
#2124= IFCSHAPEREPRESENTATION(#12,'Body','MappedRepresentation',(#2123));
#2125= IFCPRODUCTDEFINITIONSHAPE($,$,(#2124));
#2126= IFCCARTESIANPOINT((53669.845087311,29922.9298504319,16700.0007692249));
#2127= IFCAXIS2PLACEMENT3D(#2126,#2098,#538);
#2128= IFCLOCALPLACEMENT(#42,#2127);
#2129= IFCMECHANICALFASTENER('00q0HiCM58xufSjj$079Ra',#394,'Bolt assembly',$,$,#2128,#2125,'ID00d0046c-3161-48ef-8a5c-b6dfc01c96e4',24.,85.);
#2130= IFCMAPPEDITEM(#1189,#122);
#2131= IFCSHAPEREPRESENTATION(#12,'Body','MappedRepresentation',(#2130));
#2132= IFCPRODUCTDEFINITIONSHAPE($,$,(#2131));
#2133= IFCCARTESIANPOINT((53669.846528271,30162.9298504284,16815.0007692249));
#2134= IFCAXIS2PLACEMENT3D(#2133,#2098,#538);
#2135= IFCLOCALPLACEMENT(#42,#2134);
#2136= IFCMECHANICALFASTENER('2BxJC7TtH7NgmzeGiMcoWw',#394,'Bolt assembly',$,$,#2135,#2132,'ID8bed3307-7774-475e-ac3d-a10b169b283a',24.,85.);
#2137= IFCMAPPEDITEM(#1189,#122);
#2138= IFCSHAPEREPRESENTATION(#12,'Body','MappedRepresentation',(#2137));
#2139= IFCPRODUCTDEFINITIONSHAPE($,$,(#2138));
#2140= IFCCARTESIANPOINT((53669.845087311,29922.9298504319,16815.0007692249));
#2141= IFCAXIS2PLACEMENT3D(#2140,#2098,#538);
#2142= IFCLOCALPLACEMENT(#42,#2141);
#2143= IFCMECHANICALFASTENER('1Mf$bNh1P6cAcLPu36z1DM',#394,'Bolt assembly',$,$,#2142,#2139,'ID56a7f957-ac16-4698-a995-6780c6f41356',24.,85.);
#2144= IFCMAPPEDITEM(#1189,#122);
#2145= IFCSHAPEREPRESENTATION(#12,'Body','MappedRepresentation',(#2144));
#2146= IFCPRODUCTDEFINITIONSHAPE($,$,(#2145));
#2147= IFCCARTESIANPOINT((53669.846528271,30162.9298504284,16930.0007692249));
#2148= IFCAXIS2PLACEMENT3D(#2147,#2098,#538);
#2149= IFCLOCALPLACEMENT(#42,#2148);
#2150= IFCMECHANICALFASTENER('2LWFG1vXn7JvXSB37eETSM',#394,'Bolt assembly',$,$,#2149,#2146,'ID9580f401-e61c-474f-985c-2c31e839d716',24.,85.);
#2151= IFCMAPPEDITEM(#1189,#122);
#2152= IFCSHAPEREPRESENTATION(#12,'Body','MappedRepresentation',(#2151));
#2153= IFCPRODUCTDEFINITIONSHAPE($,$,(#2152));
#2154= IFCCARTESIANPOINT((53669.845807791,30042.9298504302,16930.0007692249));
#2155= IFCAXIS2PLACEMENT3D(#2154,#2098,#538);
#2156= IFCLOCALPLACEMENT(#42,#2155);
#2157= IFCMECHANICALFASTENER('06vMbxufPB4gDF0Qg2j9QS',#394,'Bolt assembly',$,$,#2156,#2153,'ID06e5697b-e296-4b12-a34f-01aa82b4969c',24.,85.);
#2158= IFCMAPPEDITEM(#1189,#122);
#2159= IFCSHAPEREPRESENTATION(#12,'Body','MappedRepresentation',(#2158));
#2160= IFCPRODUCTDEFINITIONSHAPE($,$,(#2159));
#2161= IFCCARTESIANPOINT((53669.845087311,29922.9298504319,16930.0007692249));
#2162= IFCAXIS2PLACEMENT3D(#2161,#2098,#538);
#2163= IFCLOCALPLACEMENT(#42,#2162);
#2164= IFCMECHANICALFASTENER('1bxXpJPhX8FfeZCqa9bMjg',#394,'Bolt assembly',$,$,#2163,#2160,'ID65ee1cd3-66b8-483e-9a23-334909956b6a',24.,85.);
#2165= IFCSHAPEREPRESENTATION(#12,'Body','Brep',(#1453));
#2166= IFCPRODUCTDEFINITIONSHAPE($,$,(#2165));
#2167= IFCCARTESIANPOINT((53669.8461680478,30102.929850445,16755.0007692249));
#2168= IFCDIRECTION((0.999999999981976,-6.0040000019123E-06,0.));
#2169= IFCAXIS2PLACEMENT3D(#2167,#2098,#2168);
#2170= IFCLOCALPLACEMENT(#42,#2169);
#2171= IFCPLATE('3G7pML6sL81vscgEAnKmOX',#323,'PLATE-10','PL10*120',$,#2170,#2166,'IDd01f3595-1b65-4807-9da6-a8e2b1530621');
#2172= IFCQUANTITYLENGTH('Width',$,$,120.000000000167);
#2173= IFCQUANTITYAREA('NetArea',$,$,0.0333574632751843);
#2174= IFCQUANTITYAREA('GrossArea',$,$,0.0156000000006294);
#2175= IFCQUANTITYVOLUME('NetVolume',$,$,0.000143514219401974);
#2176= IFCQUANTITYVOLUME('GrossVolume',$,$,0.000143514219401974);
#2177= IFCELEMENTQUANTITY('02XvCYzLX26w2xu4oWFlJb',#5,'BaseQuantities',$,$,(#2172,#2173,#2174,#566,#2175,#2176));
#2178= IFCSHAPEREPRESENTATION(#12,'Body','Brep',(#1501));
#2179= IFCPRODUCTDEFINITIONSHAPE($,$,(#2178));
#2180= IFCCARTESIANPOINT((53669.8462281207,30112.9353436089,16755.0007692249));
#2181= IFCDIRECTION((6.0040000025765E-06,0.999999999981976,0.));
#2182= IFCAXIS2PLACEMENT3D(#2180,#2181,#2168);
#2183= IFCLOCALPLACEMENT(#42,#2182);
#2184= IFCPLATE('1y2CsfqIv3uQQLsjv4rnSG',#323,'PLATE-10','PL10*105',$,#2183,#2179,'ID7c08cda9-d12e-43e1-a695-dade44d71710');
#2185= IFCSHAPEREPRESENTATION(#12,'Body','Brep',(#1501));
#2186= IFCPRODUCTDEFINITIONSHAPE($,$,(#2185));
#2187= IFCCARTESIANPOINT((53669.8453875278,29972.9298504469,16755.0007692249));
#2188= IFCAXIS2PLACEMENT3D(#2187,#2098,#2168);
#2189= IFCLOCALPLACEMENT(#42,#2188);
#2190= IFCPLATE('24Y_yfhDT1PRFlh$iU6CkE',#323,'PLATE-10','PL10*105',$,#2189,#2186,'ID848bef29-acd7-4165-b3ef-affb1e18cb8e');
#2191= IFCQUANTITYLENGTH('Width',$,$,105.000000000269);
#2192= IFCQUANTITYAREA('NetArea',$,$,0.0305787316378959);
#2193= IFCQUANTITYAREA('GrossArea',$,$,0.0136500000005759);
#2194= IFCQUANTITYVOLUME('NetVolume',$,$,0.000130257109700548);
#2195= IFCQUANTITYVOLUME('GrossVolume',$,$,0.000130257109700548);
#2196= IFCELEMENTQUANTITY('1UHg9b8y51OhH8DAm1Tq5D',#5,'BaseQuantities',$,$,(#2191,#2192,#2193,#566,#2194,#2195));
#2197= IFCSHAPEREPRESENTATION(#12,'Body','Brep',(#1561));
#2198= IFCPRODUCTDEFINITIONSHAPE($,$,(#2197));
#2199= IFCCARTESIANPOINT((53669.8461980677,30107.9298504449,16630.0007692249));
#2200= IFCAXIS2PLACEMENT3D(#2199,#538,#2168);
#2201= IFCLOCALPLACEMENT(#42,#2200);
#2202= IFCPLATE('0orwpTjj92uv06uXftO8jb',#394,'PLATE-10','PL10*110',$,#2201,#2198,'ID32d7acdd-b6d2-42e3-9006-e21a77608b65');
#2203= IFCSHAPEREPRESENTATION(#12,'Body','Brep',(#1561));
#2204= IFCPRODUCTDEFINITIONSHAPE($,$,(#2203));
#2205= IFCCARTESIANPOINT((53669.8454175477,29977.9298504468,16630.0007692249));
#2206= IFCAXIS2PLACEMENT3D(#2205,#538,#2168);
#2207= IFCLOCALPLACEMENT(#42,#2206);
#2208= IFCPLATE('3ox_Y3HpzB8w8mn1Vp62Qw',#394,'PLATE-10','PL10*110',$,#2207,#2204,'IDf2efe883-473f-4b23-a230-c417f31826ba');
#2209= IFCSHAPEREPRESENTATION(#12,'Body','Brep',(#1663));
#2210= IFCPRODUCTDEFINITIONSHAPE($,$,(#2209));
#2211= IFCCARTESIANPOINT((53669.8461980677,30107.9298504449,16990.0007692249));
#2212= IFCAXIS2PLACEMENT3D(#2211,#538,#2168);
#2213= IFCLOCALPLACEMENT(#42,#2212);
#2214= IFCPLATE('30urmtb8f6_eKeCLSWkGtD',#394,'PLATE-10','PL10*110',$,#2213,#2210,'IDc0e35c37-948a-46fa-8528-315720b90dcd');
#2215= IFCSHAPEREPRESENTATION(#12,'Body','Brep',(#1663));
#2216= IFCPRODUCTDEFINITIONSHAPE($,$,(#2215));
#2217= IFCCARTESIANPOINT((53669.8454175477,29977.9298504468,16990.0007692249));
#2218= IFCAXIS2PLACEMENT3D(#2217,#538,#2168);
#2219= IFCLOCALPLACEMENT(#42,#2218);
#2220= IFCPLATE('3CGLyo3jr0tfYRZGPkBlYg',#394,'PLATE-10','PL10*110',$,#2219,#2216,'IDcc415f32-0edd-40de-989b-8d066e2ef8aa');
#2221= IFCQUANTITYAREA('NetArea',$,$,0.0283327639325491);
#2222= IFCQUANTITYAREA('GrossArea',$,$,0.0143000000004058);
#2223= IFCQUANTITYVOLUME('NetVolume',$,$,0.000119878554836381);
#2224= IFCQUANTITYVOLUME('GrossVolume',$,$,0.000119878554836381);
#2225= IFCELEMENTQUANTITY('3jTSO9B6PCi90CKpq1KgOh',#5,'BaseQuantities',$,$,(#1581,#2221,#2222,#566,#2223,#2224));
#2226= IFCCLOSEDSHELL((#2008,#2001,#2011,#2014,#2017,#2020));
#2227= IFCFACETEDBREP(#2226);
#2228= IFCSTYLEDITEM(#2227,(#505),$);
#2229= IFCSHAPEREPRESENTATION(#12,'Body','Brep',(#2227));
#2230= IFCPRODUCTDEFINITIONSHAPE($,$,(#2229));
#2231= IFCCARTESIANPOINT((53669.8447571078,29867.9298504484,16635.0007692249));
#2232= IFCAXIS2PLACEMENT3D(#2231,#2168,#2181);
#2233= IFCLOCALPLACEMENT(#42,#2232);
#2234= IFCPLATE('0YusMdQzr53fkBOn4odwBe',#323,'PLATE-10','PL10*130',$,#2233,#2230,'ID22e365a7-6bdd-450e-9b8b-6311329fa2e8');
#2235= IFCSHAPEREPRESENTATION(#12,'Body','Brep',(#1972));
#2236= IFCPRODUCTDEFINITIONSHAPE($,$,(#2235));
#2237= IFCCARTESIANPOINT((53669.8447571078,29867.9298504484,16875.0007692249));
#2238= IFCAXIS2PLACEMENT3D(#2237,#2168,#2181);
#2239= IFCLOCALPLACEMENT(#42,#2238);
#2240= IFCPLATE('1rQICTJar6tvfy2ixcYTxZ',#323,'PLATE-10','PL10*130',$,#2239,#2236,'ID7569231d-4e4d-46df-9a7c-0acee689dee3');
#2241= IFCQUANTITYLENGTH('Width',$,$,130.000000002176);
#2242= IFCQUANTITYAREA('NetArea',$,$,0.0962994949369129);
#2243= IFCQUANTITYAREA('GrossArea',$,$,0.0455000000009312);
#2244= IFCQUANTITYVOLUME('NetVolume',$,$,0.000420000000001177);
#2245= IFCELEMENTQUANTITY('2P5FHS47PCyuJxlQfQxtqh',#5,'BaseQuantities',$,$,(#2241,#2242,#2243,#566,#2244,#1994));
#2246= IFCSHAPEREPRESENTATION(#12,'Body','Brep',(#1933));
#2247= IFCPRODUCTDEFINITIONSHAPE($,$,(#2246));
#2248= IFCCARTESIANPOINT((53669.8454175476,29977.9298504468,16870.000769225));
#2249= IFCAXIS2PLACEMENT3D(#2248,#538,#2168);
#2250= IFCLOCALPLACEMENT(#42,#2249);
#2251= IFCPLATE('3DxcNeLsPDGPvLmE0m8daD',#323,'PLATE-10','PL10*130',$,#2250,#2247,'IDcdee65e8-5766-4d41-9e55-c0e03022790d');
#2252= IFCQUANTITYLENGTH('Width',$,$,130.00000000043);
#2253= IFCQUANTITYAREA('GrossArea',$,$,0.0299000000000989);
#2254= IFCELEMENTQUANTITY('27_fnhcIzE7vUgp9unSY2f',#5,'BaseQuantities',$,$,(#2252,#1942,#2253,#566,#1944,#1889));
#2255= IFCSHAPEREPRESENTATION(#12,'Body','Brep',(#1864));
#2256= IFCPRODUCTDEFINITIONSHAPE($,$,(#2255));
#2257= IFCCARTESIANPOINT((53669.8461980677,30107.9298504449,16870.000769225));
#2258= IFCAXIS2PLACEMENT3D(#2257,#538,#2168);
#2259= IFCLOCALPLACEMENT(#42,#2258);
#2260= IFCPLATE('0D7mth23f9guQh_7v4bOIQ',#1746,'PLATE-10','PL10*130',$,#2259,#2256,'ID0d1f0deb-083a-49ab-86ab-f87e4495849a');
#2261= IFCQUANTITYLENGTH('Width',$,$,130.000000003092);
#2262= IFCQUANTITYAREA('NetArea',$,$,0.0632061206831632);
#2263= IFCQUANTITYAREA('GrossArea',$,$,0.0299000000007112);
#2264= IFCQUANTITYVOLUME('NetVolume',$,$,0.00028041270699251);
#2265= IFCELEMENTQUANTITY('3UWdMi4o5BWPnzx_YDNnVt',#5,'BaseQuantities',$,$,(#2261,#2262,#2263,#566,#2264,#1889));
#2266= IFCSHAPEREPRESENTATION(#12,'Body','Brep',(#1716));
#2267= IFCPRODUCTDEFINITIONSHAPE($,$,(#2266));
#2268= IFCCARTESIANPOINT((53805.8468585058,30217.9290338982,16880.0007692249));
#2269= IFCAXIS2PLACEMENT3D(#2268,#538,#2098);
#2270= IFCLOCALPLACEMENT(#42,#2269);
#2271= IFCPLATE('1CyHU8XCP0VR6rqSV$rw2O',#44,'PLATE-12','PL12*250',$,#2270,#2267,'ID4cf11788-84c6-407d-b1b5-d1c7ffd7a098');
#2272= IFCQUANTITYAREA('NetArea',$,$,0.189400000000017);
#2273= IFCQUANTITYAREA('GrossArea',$,$,0.0875000000000036);
#2274= IFCQUANTITYVOLUME('NetVolume',$,$,0.00105000000000322);
#2275= IFCQUANTITYVOLUME('GrossVolume',$,$,0.00105000000000322);
#2276= IFCELEMENTQUANTITY('0SP9StT5j6HhUL4Q3aOhOw',#5,'BaseQuantities',$,$,(#1739,#2272,#2273,#1742,#2274,#2275));
#2277= IFCSHAPEREPRESENTATION(#12,'Body','Brep',(#2065));
#2278= IFCPRODUCTDEFINITIONSHAPE($,$,(#2277));
#2279= IFCCARTESIANPOINT((53659.8447571079,29867.9299104886,16990.0007692249));
#2280= IFCAXIS2PLACEMENT3D(#2279,#538,#2181);
#2281= IFCLOCALPLACEMENT(#42,#2280);
#2282= IFCPLATE('2KYsxdM0HBnREJVdeuiZei',#323,'PLATE-20','PL20*350',$,#2281,#2278,'ID948b6ee7-5804-4bc5-b393-7e7a38b23a2c');
#2283= IFCQUANTITYLENGTH('Width',$,$,349.999999999956);
#2284= IFCQUANTITYAREA('NetArea',$,$,0.361800000000058);
#2285= IFCQUANTITYAREA('GrossArea',$,$,0.164499999999979);
#2286= IFCQUANTITYVOLUME('NetVolume',$,$,0.0032900000000124);
#2287= IFCQUANTITYVOLUME('GrossVolume',$,$,0.0032900000000124);
#2288= IFCELEMENTQUANTITY('0ZwXfsUMj5ZwM4MVnp3NOK',#5,'BaseQuantities',$,$,(#2283,#2284,#2285,#2090,#2286,#2287));
#2289= IFCCARTESIANPOINT((3463.00000001134,-117.,-167.00000000056));
#2290= IFCCARTESIANPOINT((3463.00000001134,117.,-167.00000000056));
#2291= IFCPOLYLOOP((#632,#619,#2289,#2290));
#2292= IFCFACEOUTERBOUND(#2291,.T.);
#2293= IFCFACE((#2292));
#2294= IFCCARTESIANPOINT((3463.00000001019,-117.,166.999999999382));
#2295= IFCPOLYLOOP((#619,#622,#2294,#2289));
#2296= IFCFACEOUTERBOUND(#2295,.T.);
#2297= IFCFACE((#2296));
#2298= IFCCARTESIANPOINT((3463.00000001019,117.,166.999999999382));
#2299= IFCPOLYLOOP((#622,#627,#2298,#2294));
#2300= IFCFACEOUTERBOUND(#2299,.T.);
#2301= IFCFACE((#2300));
#2302= IFCPOLYLOOP((#627,#632,#2290,#2298));
#2303= IFCFACEOUTERBOUND(#2302,.T.);
#2304= IFCFACE((#2303));
#2305= IFCCARTESIANPOINT((3463.00000001016,125.,174.999999999382));
#2306= IFCCARTESIANPOINT((3463.00000001137,125.,-175.00000000056));
#2307= IFCPOLYLOOP((#2305,#2306,#631,#626));
#2308= IFCFACEOUTERBOUND(#2307,.T.);
#2309= IFCFACE((#2308));
#2310= IFCCARTESIANPOINT((3463.00000001016,-125.,174.999999999382));
#2311= IFCPOLYLOOP((#2310,#2305,#626,#621));
#2312= IFCFACEOUTERBOUND(#2311,.T.);
#2313= IFCFACE((#2312));
#2314= IFCCARTESIANPOINT((3463.00000001137,-125.,-175.00000000056));
#2315= IFCPOLYLOOP((#2314,#2310,#621,#620));
#2316= IFCFACEOUTERBOUND(#2315,.T.);
#2317= IFCFACE((#2316));
#2318= IFCPOLYLOOP((#2306,#2314,#620,#631));
#2319= IFCFACEOUTERBOUND(#2318,.T.);
#2320= IFCFACE((#2319));
#2321= IFCPOLYLOOP((#2310,#2314,#2306,#2305));
#2322= IFCFACEOUTERBOUND(#2321,.T.);
#2323= IFCPOLYLOOP((#2294,#2298,#2290,#2289));
#2324= IFCFACEBOUND(#2323,.T.);
#2325= IFCFACE((#2322,#2324));
#2326= IFCCLOSEDSHELL((#630,#638,#635,#625,#2293,#2297,#2301,#2304,#2309,#2313,#2317,#2320,#2325,#716));
#2327= IFCFACETEDBREP(#2326);
#2328= IFCSTYLEDITEM(#2327,(#618),$);
#2329= IFCSHAPEREPRESENTATION(#12,'Body','Brep',(#2327));
#2330= IFCPRODUCTDEFINITIONSHAPE($,$,(#2329));
#2331= IFCCARTESIANPOINT((53811.8458076892,30042.9289977818,16755.0007692249));
#2332= IFCAXIS2PLACEMENT3D(#2331,#2181,#2168);
#2333= IFCLOCALPLACEMENT(#42,#2332);
#2334= IFCBEAM('1aIBgXMLj8SRUferYH$rp9',#323,'B1-\S\?\S\Z350x250x8','TUB350X250X8 ',$,#2333,#2330,'ID6448baa1-595b-4871-b7a9-a35891ff5cc9');
#2335= IFCPROPERTYSINGLEVALUE('Preliminary mark',$,IFCLABEL('5-2-P9'),$);
#2336= IFCPROPERTYSET('0NGm6NyB18Ae2MHc6PLmaw',#5,'Tekla Common','Common Properties to Shared building elements',(#759,#760,#546,#2335,#548,#762));
#2337= IFCPROPERTYSINGLEVALUE('Weight',$,IFCMASSMEASURE(253.72),$);
#2338= IFCPROPERTYSINGLEVALUE('Volume',$,IFCVOLUMEMEASURE(0.032),$);
#2339= IFCPROPERTYSINGLEVALUE('Gross footprint area',$,IFCAREAMEASURE(1.212),$);
#2340= IFCPROPERTYSINGLEVALUE('Net surface area',$,IFCAREAMEASURE(4.146),$);
#2341= IFCPROPERTYSINGLEVALUE('Length',$,IFCLENGTHMEASURE(3463.),$);
#2342= IFCPROPERTYSET('3bP2FgclnAueqS35qb9GYD',#5,'Tekla Quantity','Quantity Properties to Shared building elements',(#2337,#2338,#2339,#767,#2340,#769,#770,#2341));
#2343= IFCPROPERTYSINGLEVALUE('Reference',$,IFCIDENTIFIER('5-2-P9'),$);
#2344= IFCPROPERTYSET('1kf0q8PWfE9OifCG8TP0PH',#5,'Pset_BeamCommon','Common Properties to beam elements',(#560,#2343));
#2345= IFCQUANTITYLENGTH('Length',$,$,3463.00000002403);
#2346= IFCQUANTITYAREA('OuterSurfaceArea',$,$,4.14602959655396);
#2347= IFCQUANTITYVOLUME('NetVolume',$,$,0.0323205546668581);
#2348= IFCQUANTITYWEIGHT('NetWeight',$,$,253.716354134836);
#2349= IFCELEMENTQUANTITY('28Jk2EAJ55AhgUMRKARs5e',#5,'BaseQuantities',$,$,(#2345,#2346,#2347,#2348));
#2350= IFCCARTESIANPOINT((423.985504150278,-5.00000000009459,234.));
#2351= IFCCARTESIANPOINT((423.985504150281,4.99999999990541,234.));
#2352= IFCPOLYLOOP((#507,#2350,#2351,#508));
#2353= IFCFACEOUTERBOUND(#2352,.T.);
#2354= IFCFACE((#2353));
#2355= IFCCARTESIANPOINT((423.985504150278,-5.00000000009459,0.));
#2356= IFCCARTESIANPOINT((423.985504150281,4.99999999990541,0.));
#2357= IFCPOLYLOOP((#2350,#2355,#2356,#2351));
#2358= IFCFACEOUTERBOUND(#2357,.T.);
#2359= IFCFACE((#2358));
#2360= IFCPOLYLOOP((#2355,#506,#509,#2356));
#2361= IFCFACEOUTERBOUND(#2360,.T.);
#2362= IFCFACE((#2361));
#2363= IFCPOLYLOOP((#2351,#2356,#509,#508));
#2364= IFCFACEOUTERBOUND(#2363,.T.);
#2365= IFCFACE((#2364));
#2366= IFCPOLYLOOP((#2355,#2350,#507,#506));
#2367= IFCFACEOUTERBOUND(#2366,.T.);
#2368= IFCFACE((#2367));
#2369= IFCCLOSEDSHELL((#512,#2354,#2359,#2362,#2365,#2368));
#2370= IFCFACETEDBREP(#2369);
#2371= IFCSTYLEDITEM(#2370,(#505),$);
#2372= IFCSHAPEREPRESENTATION(#12,'Body','Brep',(#2370));
#2373= IFCPRODUCTDEFINITIONSHAPE($,$,(#2372));
#2374= IFCCARTESIANPOINT((56944.9953132451,26481.0122699735,16872.0007692249));
#2375= IFCDIRECTION((-5.75960000198079E-05,0.99999999834135,0.));
#2376= IFCAXIS2PLACEMENT3D(#2374,#538,#2375);
#2377= IFCLOCALPLACEMENT(#42,#2376);
#2378= IFCPLATE('053Z0dR6f33v5pgXumPDyd',#394,'PLATE-10','PL10*234',$,#2377,#2373,'ID050e3027-6c6a-430f-9173-aa1e3064df27');
#2379= IFCPLATETYPE('0vfxMEbx13zfYV3PrQbW2w',#5,'PL10*234',$,$,$,$,$,$,.NOTDEFINED.);
#2380= IFCPROPERTYSINGLEVALUE('Preliminary mark',$,IFCLABEL('5-2-P101'),$);
#2381= IFCPROPERTYSET('2O$8Hb6J5ER8ovID1a5GCY',#5,'Tekla Common','Common Properties to Shared building elements',(#544,#545,#546,#2380,#548,#549));
#2382= IFCPROPERTYSINGLEVALUE('Weight',$,IFCMASSMEASURE(7.79),$);
#2383= IFCPROPERTYSINGLEVALUE('Area per tons',$,IFCAREAMEASURE(27.167),$);
#2384= IFCPROPERTYSINGLEVALUE('Net surface area',$,IFCAREAMEASURE(0.212),$);
#2385= IFCPROPERTYSINGLEVALUE('Height',$,IFCLENGTHMEASURE(234.),$);
#2386= IFCPROPERTYSINGLEVALUE('Length',$,IFCLENGTHMEASURE(424.),$);
#2387= IFCPROPERTYSET('0_CACkDrr4ounJDPxhwXpB',#5,'Tekla Quantity','Quantity Properties to Shared building elements',(#2382,#1729,#1730,#2383,#2384,#2385,#557,#2386));
#2388= IFCPROPERTYSINGLEVALUE('Reference',$,IFCIDENTIFIER('5-2-P101'),$);
#2389= IFCPROPERTYSET('3kb46o4LjDigd8oASfyv3N',#5,'Pset_PlateCommon','Common Properties to plate elements',(#560,#2388));
#2390= IFCQUANTITYLENGTH('Width',$,$,234.);
#2391= IFCQUANTITYAREA('NetArea',$,$,0.211584926025333);
#2392= IFCQUANTITYAREA('GrossArea',$,$,0.0992126079711403);
#2393= IFCQUANTITYVOLUME('NetVolume',$,$,0.000992126079720139);
#2394= IFCQUANTITYVOLUME('GrossVolume',$,$,0.000992126079720139);
#2395= IFCELEMENTQUANTITY('264miLeTD7gewv1SA2ZoWz',#5,'BaseQuantities',$,$,(#2390,#2391,#2392,#566,#2393,#2394));
#2396= IFCCARTESIANPOINT((0.,-4.,0.));
#2397= IFCCARTESIANPOINT((0.,-4.,234.));
#2398= IFCCARTESIANPOINT((0.,4.,234.));
#2399= IFCCARTESIANPOINT((0.,4.,0.));
#2400= IFCPOLYLOOP((#2396,#2397,#2398,#2399));
#2401= IFCFACEOUTERBOUND(#2400,.T.);
#2402= IFCFACE((#2401));
#2403= IFCCARTESIANPOINT((334.,-4.,234.));
#2404= IFCCARTESIANPOINT((334.,4.,234.));
#2405= IFCPOLYLOOP((#2397,#2403,#2404,#2398));
#2406= IFCFACEOUTERBOUND(#2405,.T.);
#2407= IFCFACE((#2406));
#2408= IFCCARTESIANPOINT((334.,-4.,0.));
#2409= IFCCARTESIANPOINT((334.,4.,0.));
#2410= IFCPOLYLOOP((#2403,#2408,#2409,#2404));
#2411= IFCFACEOUTERBOUND(#2410,.T.);
#2412= IFCFACE((#2411));
#2413= IFCPOLYLOOP((#2408,#2396,#2399,#2409));
#2414= IFCFACEOUTERBOUND(#2413,.T.);
#2415= IFCFACE((#2414));
#2416= IFCPOLYLOOP((#2404,#2409,#2399,#2398));
#2417= IFCFACEOUTERBOUND(#2416,.T.);
#2418= IFCFACE((#2417));
#2419= IFCPOLYLOOP((#2408,#2403,#2397,#2396));
#2420= IFCFACEOUTERBOUND(#2419,.T.);
#2421= IFCFACE((#2420));
#2422= IFCCLOSEDSHELL((#2402,#2407,#2412,#2415,#2418,#2421));
#2423= IFCFACETEDBREP(#2422);
#2424= IFCSTYLEDITEM(#2423,(#618),$);
#2425= IFCSHAPEREPRESENTATION(#12,'Body','Brep',(#2423));
#2426= IFCPRODUCTDEFINITIONSHAPE($,$,(#2425));
#2427= IFCCARTESIANPOINT((57260.8403142064,30209.9966127819,16872.0007692249));
#2428= IFCDIRECTION((0.,-1.,0.));
#2429= IFCAXIS2PLACEMENT3D(#2427,#538,#2428);
#2430= IFCLOCALPLACEMENT(#42,#2429);
#2431= IFCPLATE('0S68y$PCTDgOzEqlwRbop0',#214,'PLATE-8','PL8*234',$,#2430,#2426,'ID1c188f3f-64c7-4da9-8f4e-d2fe9b972cc0');
#2432= IFCPLATETYPE('0ZADgAzb989wAMP6A63ey6',#5,'PL8*234',$,$,$,$,$,$,.NOTDEFINED.);
#2433= IFCPROPERTYSINGLEVALUE('Preliminary mark',$,IFCLABEL('5-2-P76'),$);
#2434= IFCPROPERTYSINGLEVALUE('Class',$,IFCLABEL('17'),$);
#2435= IFCPROPERTYSET('2LiS$3ntT71gIyjBlB2Anm',#5,'Tekla Common','Common Properties to Shared building elements',(#544,#545,#546,#2433,#548,#2434));
#2436= IFCPROPERTYSINGLEVALUE('Weight',$,IFCMASSMEASURE(4.91),$);
#2437= IFCPROPERTYSINGLEVALUE('Gross footprint area',$,IFCAREAMEASURE(0.003),$);
#2438= IFCPROPERTYSINGLEVALUE('Area per tons',$,IFCAREAMEASURE(33.699),$);
#2439= IFCPROPERTYSINGLEVALUE('Net surface area',$,IFCAREAMEASURE(0.165),$);
#2440= IFCPROPERTYSINGLEVALUE('Width',$,IFCLENGTHMEASURE(8.),$);
#2441= IFCPROPERTYSINGLEVALUE('Length',$,IFCLENGTHMEASURE(334.),$);
#2442= IFCPROPERTYSET('2glpgqOLD4tev0ZW5JT1QY',#5,'Tekla Quantity','Quantity Properties to Shared building elements',(#2436,#1729,#2437,#2438,#2439,#2385,#2440,#2441));
#2443= IFCPROPERTYSINGLEVALUE('Reference',$,IFCIDENTIFIER('5-2-P76'),$);
#2444= IFCPROPERTYSET('3Xs44HG2L6m9xY_Cgafkh6',#5,'Pset_PlateCommon','Common Properties to plate elements',(#560,#2443));
#2445= IFCQUANTITYAREA('NetArea',$,$,0.1654);
#2446= IFCQUANTITYAREA('GrossArea',$,$,0.078156);
#2447= IFCQUANTITYAREA('CrossSectionArea',$,$,6.4E-05);
#2448= IFCQUANTITYVOLUME('NetVolume',$,$,0.000625248);
#2449= IFCQUANTITYVOLUME('GrossVolume',$,$,0.000625248);
#2450= IFCELEMENTQUANTITY('0Dm3CPVFn1sul$vq6JtSsx',#5,'BaseQuantities',$,$,(#2390,#2445,#2446,#2447,#2448,#2449));
#2451= IFCCARTESIANPOINT((316.870483398692,-4.00000000045839,234.));
#2452= IFCCARTESIANPOINT((316.87048339867,3.99999999954525,234.));
#2453= IFCPOLYLOOP((#2397,#2451,#2452,#2398));
#2454= IFCFACEOUTERBOUND(#2453,.T.);
#2455= IFCFACE((#2454));
#2456= IFCCARTESIANPOINT((316.870483398692,-4.00000000045839,-7.27595761418343E-12));
#2457= IFCCARTESIANPOINT((316.87048339867,3.99999999954525,-7.27595761418343E-12));
#2458= IFCPOLYLOOP((#2451,#2456,#2457,#2452));
#2459= IFCFACEOUTERBOUND(#2458,.T.);
#2460= IFCFACE((#2459));
#2461= IFCPOLYLOOP((#2456,#2396,#2399,#2457));
#2462= IFCFACEOUTERBOUND(#2461,.T.);
#2463= IFCFACE((#2462));
#2464= IFCPOLYLOOP((#2452,#2457,#2399,#2398));
#2465= IFCFACEOUTERBOUND(#2464,.T.);
#2466= IFCFACE((#2465));
#2467= IFCPOLYLOOP((#2456,#2451,#2397,#2396));
#2468= IFCFACEOUTERBOUND(#2467,.T.);
#2469= IFCFACE((#2468));
#2470= IFCCLOSEDSHELL((#2402,#2455,#2460,#2463,#2466,#2469));
#2471= IFCFACETEDBREP(#2470);
#2472= IFCSTYLEDITEM(#2471,(#618),$);
#2473= IFCSHAPEREPRESENTATION(#12,'Body','Brep',(#2471));
#2474= IFCPRODUCTDEFINITIONSHAPE($,$,(#2473));
#2475= IFCCARTESIANPOINT((57256.8658017555,26477.0484744598,16872.0007692249));
#2476= IFCDIRECTION((-0.999999993370814,-0.000115145000037801,0.));
#2477= IFCAXIS2PLACEMENT3D(#2475,#538,#2476);
#2478= IFCLOCALPLACEMENT(#42,#2477);
#2479= IFCPLATE('1m8iXiiAv3BxDn2pRLaEV1',#323,'PLATE-8','PL8*234',$,#2478,#2474,'ID7022c86c-b0ae-432f-b371-0b36d590e7c1');
#2480= IFCPROPERTYSINGLEVALUE('Preliminary mark',$,IFCLABEL('5-2-P78'),$);
#2481= IFCPROPERTYSET('3y4x4jkMb1_wL2QgGV4xsx',#5,'Tekla Common','Common Properties to Shared building elements',(#544,#545,#546,#2480,#548,#2434));
#2482= IFCPROPERTYSINGLEVALUE('Weight',$,IFCMASSMEASURE(4.66),$);
#2483= IFCPROPERTYSINGLEVALUE('Area per tons',$,IFCAREAMEASURE(33.74),$);
#2484= IFCPROPERTYSINGLEVALUE('Net surface area',$,IFCAREAMEASURE(0.157),$);
#2485= IFCPROPERTYSINGLEVALUE('Length',$,IFCLENGTHMEASURE(316.9),$);
#2486= IFCPROPERTYSET('0PFT0oSIL9MRtUHp0vvYPD',#5,'Tekla Quantity','Quantity Properties to Shared building elements',(#2482,#1729,#2437,#2483,#2484,#2385,#2440,#2485));
#2487= IFCPROPERTYSINGLEVALUE('Reference',$,IFCIDENTIFIER('5-2-P78'),$);
#2488= IFCPROPERTYSET('0kkW6U6F1FcOvcSuvNsiXU',#5,'Pset_PlateCommon','Common Properties to plate elements',(#560,#2487));
#2489= IFCQUANTITYLENGTH('Width',$,$,234.000000000007);
#2490= IFCQUANTITYAREA('NetArea',$,$,0.157109313964973);
#2491= IFCQUANTITYAREA('GrossArea',$,$,0.0741476931153678);
#2492= IFCQUANTITYVOLUME('NetVolume',$,$,0.000593181544917703);
#2493= IFCQUANTITYVOLUME('GrossVolume',$,$,0.000593181544917703);
#2494= IFCELEMENTQUANTITY('3rXx4x1Jv428Y7_LRAbOLa',#5,'BaseQuantities',$,$,(#2489,#2490,#2491,#2447,#2492,#2493));
#2495= IFCSHAPEREPRESENTATION(#12,'Body','Brep',(#2471));
#2496= IFCPRODUCTDEFINITIONSHAPE($,$,(#2495));
#2497= IFCCARTESIANPOINT((57256.8409102328,26908.9974986188,16872.0007692249));
#2498= IFCDIRECTION((-0.999999999994832,3.21499999947229E-06,0.));
#2499= IFCAXIS2PLACEMENT3D(#2497,#538,#2498);
#2500= IFCLOCALPLACEMENT(#42,#2499);
#2501= IFCPLATE('2EiO_t8ybBV93dVO8BE2B9',#323,'PLATE-8','PL8*234',$,#2500,#2496,'ID8eb18fb7-23c9-4b7c-90e7-7d820b3822c9');
#2502= IFCQUANTITYAREA('NetArea',$,$,0.157109299194338);
#2503= IFCQUANTITYAREA('GrossArea',$,$,0.0741476859741234);
#2504= IFCQUANTITYVOLUME('NetVolume',$,$,0.000593181487792978);
#2505= IFCQUANTITYVOLUME('GrossVolume',$,$,0.000593181487792978);
#2506= IFCELEMENTQUANTITY('1fuluiIpD7BPacn3U2KlNd',#5,'BaseQuantities',$,$,(#2489,#2502,#2503,#2447,#2504,#2505));
#2507= IFCRELAGGREGATES('1Sr0ImhK5FevMMlwaVoTbk',#5,$,$,#37,(#39));
#2508= IFCRELAGGREGATES('2TfOnI$DPCGxoZVv8wtZ0m',#5,$,$,#39,(#41));
#2509= IFCRELAGGREGATES('0sTICbIyXBWRoE33cH5deC',#5,$,$,#41,(#43));
#2510= IFCRELCONTAINEDINSPATIALSTRUCTURE('1aLJOugo527B2lHlKa3x75',#5,$,$,(#2501,#2479,#2431,#2378,#2334,#2282,#2271,#2260,#2251,#2240,#2234,#2220,#2214,#2208,#2202,#2190,#2184,#2171,#2164,#2157,#2150,#2143,#2136,#2129,#2122,#2115,#2108,#2101,#2072,#2029,#1979,#1940,#1871,#1723,#1684,#1670,#1592,#1568,#1530,#1508,#1460,#1265,#1258,#1251,#1244,#1237,#1230,#1223,#1216,#1209,#1197,#757,#606,#542,#493,#393,#384,#376,#367,#358,#349,#341,#332,#322,#313,#305,#294,#213,#204,#196,#187,#178,#169,#161,#133),#43);
#2511= IFCRELDEFINESBYPROPERTIES('2S8gD1roXDBxUmK_IGZxX1',#5,$,$,(#213,#204,#196,#187,#178,#169,#161,#133),#151);
#2512= IFCRELDEFINESBYPROPERTIES('0eLbFCY6LD$w7TXyyWg2ng',#5,$,$,(#393,#384,#376,#367,#358,#349,#341,#332,#322,#313,#305,#294),#296);
#2513= IFCRELDEFINESBYPROPERTIES('397U1QxCXDxQMEEamZM4Xz',#5,$,$,(#493),#500);
#2514= IFCRELDEFINESBYPROPERTIES('0laViIX7X7bwcynsbyQIS9',#5,$,$,(#606,#542),#550);
#2515= IFCRELDEFINESBYPROPERTIES('3duc0Zck5FiAf2lgSwEPhL',#5,$,$,(#542),#559);
#2516= IFCRELDEFINESBYPROPERTIES('1wQ6eD_OfApQ8fQLoi2J5y',#5,$,$,(#606,#542),#562);
#2517= IFCRELDEFINESBYPROPERTIES('1EwNreTbz8luI0qY9BuwEg',#5,$,$,(#542),#569);
#2518= IFCRELDEFINESBYPROPERTIES('22rVRqNWr2PAS5VWJ9B56U',#5,$,$,(#606),#608);
#2519= IFCRELDEFINESBYPROPERTIES('0F$p0NU4r9r8VFMbDgUJKZ',#5,$,$,(#606),#614);
#2520= IFCRELDEFINESBYPROPERTIES('0FUXgHkVP7UQkAfcuDSqbn',#5,$,$,(#757),#763);
#2521= IFCRELDEFINESBYPROPERTIES('2CtzAi83L2hwDhDdxVS0rB',#5,$,$,(#757),#772);
#2522= IFCRELDEFINESBYPROPERTIES('1TfBIsFMLCmBkp_ilSKYLS',#5,$,$,(#757),#774);
#2523= IFCRELDEFINESBYPROPERTIES('1mtBD3ijP9XRh8WEY$ymqK',#5,$,$,(#757),#779);
#2524= IFCRELDEFINESBYPROPERTIES('13XUx8Tn5FOPLOd0fL6$mo',#5,$,$,(#2164,#2157,#2150,#2143,#2136,#2129,#2122,#2115,#2108,#2101,#1265,#1258,#1251,#1244,#1237,#1230,#1223,#1216,#1209,#1197),#1202);
#2525= IFCRELDEFINESBYPROPERTIES('2MJU6gntHCDAMDqImzmwHp',#5,$,$,(#2171,#1460),#1465);
#2526= IFCRELDEFINESBYPROPERTIES('10CzXrKJb4QfVILvfM5qoG',#5,$,$,(#2171,#1460),#1472);
#2527= IFCRELDEFINESBYPROPERTIES('2OXMwiRYbD$AZZy1JdYL1q',#5,$,$,(#2171,#1460),#1474);
#2528= IFCRELDEFINESBYPROPERTIES('2TDx$hQI11yxpYFGIIgCU1',#5,$,$,(#1460),#1480);
#2529= IFCRELDEFINESBYPROPERTIES('1759vSHefDsQPsTQpjpCt9',#5,$,$,(#2190,#2184,#1530,#1508),#1511);
#2530= IFCRELDEFINESBYPROPERTIES('0AJQ2jY5nCuB6pmQheo4lp',#5,$,$,(#2190,#2184,#1530,#1508),#1516);
#2531= IFCRELDEFINESBYPROPERTIES('2oRRvo2ULEpBVKAJ4siWH6',#5,$,$,(#2190,#2184,#1530,#1508),#1518);
#2532= IFCRELDEFINESBYPROPERTIES('01wfA5u$z8If$Rg6DulfHr',#5,$,$,(#2184,#1530,#1508),#1524);
#2533= IFCRELDEFINESBYPROPERTIES('2b71WWjbr8nP9rSIu_VBMi',#5,$,$,(#2208,#2202,#1592,#1568),#1573);
#2534= IFCRELDEFINESBYPROPERTIES('0IMGSxSnTC2vVBe7lbhfvE',#5,$,$,(#2220,#2214,#2208,#2202,#1684,#1670,#1592,#1568),#1578);
#2535= IFCRELDEFINESBYPROPERTIES('1A8TS086z0eg0_nmkjmfXN',#5,$,$,(#2220,#2214,#2208,#2202,#1684,#1670,#1592,#1568),#1580);
#2536= IFCRELDEFINESBYPROPERTIES('2wk15qylP7NggQFFc_dLQO',#5,$,$,(#2208,#2202,#1592,#1568),#1586);
#2537= IFCRELDEFINESBYPROPERTIES('1B_OE1epX27u1dsEtj_hll',#5,$,$,(#2220,#2214,#1684,#1670),#1673);
#2538= IFCRELDEFINESBYPROPERTIES('0xK_SjDIT9BP0bMyetQulf',#5,$,$,(#2214,#1684,#1670),#1678);
#2539= IFCRELDEFINESBYPROPERTIES('2uXh8BT$XAgAX$hW4kYO_8',#5,$,$,(#2271,#1723),#1727);
#2540= IFCRELDEFINESBYPROPERTIES('384XUwLsD6YQ1YSqiHpsUN',#5,$,$,(#2271,#1723),#1736);
#2541= IFCRELDEFINESBYPROPERTIES('0mGRdf4Q1C2R1DA5FxZI87',#5,$,$,(#2271,#1723),#1738);
#2542= IFCRELDEFINESBYPROPERTIES('1VLtAeBT54w8ZNkQTUFju_',#5,$,$,(#1723),#1745);
#2543= IFCRELDEFINESBYPROPERTIES('2yJHs_bHHFrui7X2DdDBe_',#5,$,$,(#2260,#2251,#1940,#1871),#1876);
#2544= IFCRELDEFINESBYPROPERTIES('2WYzZadfvChPBzwIh8Iark',#5,$,$,(#2260,#2251,#1940,#1871),#1882);
#2545= IFCRELDEFINESBYPROPERTIES('1l5VFsHhL1XwA4yE3vM8OP',#5,$,$,(#2260,#2251,#1940,#1871),#1884);
#2546= IFCRELDEFINESBYPROPERTIES('2hxxNitQnCoB95RwtjFCfe',#5,$,$,(#1871),#1890);
#2547= IFCRELDEFINESBYPROPERTIES('0auwmUybj1JxqDTaVTEIiJ',#5,$,$,(#1940),#1945);
#2548= IFCRELDEFINESBYPROPERTIES('1WqLcP32H11xPzzY6vgnSo',#5,$,$,(#2234,#1979),#1982);
#2549= IFCRELDEFINESBYPROPERTIES('3FVvQN5Tj1xvRgxNIv48_H',#5,$,$,(#2240,#2234,#2029,#1979),#1987);
#2550= IFCRELDEFINESBYPROPERTIES('19gJGETN987h__VgXx_2UN',#5,$,$,(#2240,#2234,#2029,#1979),#1989);
#2551= IFCRELDEFINESBYPROPERTIES('3WqFTbMmXEVOz4V8CO59yQ',#5,$,$,(#2234,#1979),#1995);
#2552= IFCRELDEFINESBYPROPERTIES('00tc4lvsP58fzDNsxXChr9',#5,$,$,(#2240,#2029),#2031);
#2553= IFCRELDEFINESBYPROPERTIES('0dHU0wszb69uA4Sg8jFzOB',#5,$,$,(#2029),#2033);
#2554= IFCRELDEFINESBYPROPERTIES('1EOnyL3aLAkOWxEf2$BVS0',#5,$,$,(#2282,#2072),#2076);
#2555= IFCRELDEFINESBYPROPERTIES('1GxI5hbrL1UPmA8M80Wa2U',#5,$,$,(#2282,#2072),#2084);
#2556= IFCRELDEFINESBYPROPERTIES('2Ghhm5zuzBwQrTnk2jx_49',#5,$,$,(#2282,#2072),#2086);
#2557= IFCRELDEFINESBYPROPERTIES('33u8S_MW1BB9bOdU5zf_Rr',#5,$,$,(#2072),#2093);
#2558= IFCRELDEFINESBYPROPERTIES('2U_KkV8pz5V8CfBczL55CX',#5,$,$,(#2171),#2177);
#2559= IFCRELDEFINESBYPROPERTIES('3_KLsF5QTFfRNua3LUBEDj',#5,$,$,(#2190),#2196);
#2560= IFCRELDEFINESBYPROPERTIES('0Da8ooEVfDavT4KU5oLtOw',#5,$,$,(#2220),#2225);
#2561= IFCRELDEFINESBYPROPERTIES('181c$HPrv5swED3yshh52Y',#5,$,$,(#2240),#2245);
#2562= IFCRELDEFINESBYPROPERTIES('2Eu_yREzv9lONrBVpOPPm$',#5,$,$,(#2251),#2254);
#2563= IFCRELDEFINESBYPROPERTIES('02UouNRBD6svuM6ARP8AQB',#5,$,$,(#2260),#2265);
#2564= IFCRELDEFINESBYPROPERTIES('2g3QMzodbBBOy51wI_CVmP',#5,$,$,(#2271),#2276);
#2565= IFCRELDEFINESBYPROPERTIES('1rWd84LbLEuup47y2RrGui',#5,$,$,(#2282),#2288);
#2566= IFCRELDEFINESBYPROPERTIES('2E9kfh1NnB0BhP7oDabmzk',#5,$,$,(#2334),#2336);
#2567= IFCRELDEFINESBYPROPERTIES('1eueZjUY9AMuZWJAeENmrA',#5,$,$,(#2334),#2342);
#2568= IFCRELDEFINESBYPROPERTIES('0PUvG4e$T70eDCOI_eQ8L6',#5,$,$,(#2334),#2344);
#2569= IFCRELDEFINESBYPROPERTIES('3Qvj5TA9D9QOJO4NApXA_z',#5,$,$,(#2334),#2349);
#2570= IFCRELDEFINESBYPROPERTIES('3$FecF1RTERvwldPkRKqX2',#5,$,$,(#2378),#2381);
#2571= IFCRELDEFINESBYPROPERTIES('3wNS479SPCkeOnbkeBIXwe',#5,$,$,(#2378),#2387);
#2572= IFCRELDEFINESBYPROPERTIES('2Q2w9YK_n7fBUnpgsj5xhp',#5,$,$,(#2378),#2389);
#2573= IFCRELDEFINESBYPROPERTIES('19V3ZWrP58V9JHin2TYMI6',#5,$,$,(#2378),#2395);
#2574= IFCRELDEFINESBYPROPERTIES('3ODDb7K6vDkQJuwYq1IlEj',#5,$,$,(#2431),#2435);
#2575= IFCRELDEFINESBYPROPERTIES('3rZnyyNKHA5h$FQZgzmXNw',#5,$,$,(#2431),#2442);
#2576= IFCRELDEFINESBYPROPERTIES('2LVMY36izB8wV6RZx5eNbI',#5,$,$,(#2431),#2444);
#2577= IFCRELDEFINESBYPROPERTIES('2JS_xKsGP3vgGayQGW9AKY',#5,$,$,(#2431),#2450);
#2578= IFCRELDEFINESBYPROPERTIES('2PqW3Eelf6cOjMAvXnIewa',#5,$,$,(#2501,#2479),#2481);
#2579= IFCRELDEFINESBYPROPERTIES('1JrD3nPK56z8Vo0AM$5XaU',#5,$,$,(#2501,#2479),#2486);
#2580= IFCRELDEFINESBYPROPERTIES('2AzmbbjqL1beyR6omjTEJd',#5,$,$,(#2501,#2479),#2488);
#2581= IFCRELDEFINESBYPROPERTIES('0fqXoNyvf788_FIm8hWiIq',#5,$,$,(#2479),#2494);
#2582= IFCRELDEFINESBYPROPERTIES('2zt_Rs_81FcuNsnsQ4kVer',#5,$,$,(#2501),#2506);
#2583= IFCRELDEFINESBYTYPE('2mvFhylUDC29CwTAW3oDRO',#5,$,$,(#2164,#2157,#2150,#2143,#2136,#2129,#2122,#2115,#2108,#2101,#1265,#1258,#1251,#1244,#1237,#1230,#1223,#1216,#1209,#1197,#493,#393,#384,#376,#367,#358,#349,#341,#332,#322,#313,#305,#294,#213,#204,#196,#187,#178,#169,#161,#133),#134);
#2584= IFCRELDEFINESBYTYPE('15U75lm7DDPe3ybv9UfUEY',#5,$,$,(#606,#542),#543);
#2585= IFCRELDEFINESBYTYPE('1NteLyD6z4huDkQWwwJeGL',#5,$,$,(#2334,#757),#758);
#2586= IFCRELDEFINESBYTYPE('3tFAgAfZb5iOTnKSoB6tyc',#5,$,$,(#2171,#1460),#1461);
#2587= IFCRELDEFINESBYTYPE('1LBYfazszFi8PXXnaDYJyl',#5,$,$,(#2190,#2184,#1530,#1508),#1509);
#2588= IFCRELDEFINESBYTYPE('3SGwdFeBv61uqtfanStNLw',#5,$,$,(#2220,#2214,#2208,#2202,#1684,#1670,#1592,#1568),#1569);
#2589= IFCRELDEFINESBYTYPE('0VtH5rAcTEovmX600LSXIb',#5,$,$,(#2271,#1723),#1724);
#2590= IFCRELDEFINESBYTYPE('0Ys2VTlWj4R85CxIn0Kqoa',#5,$,$,(#2260,#2251,#2240,#2234,#2029,#1979,#1940,#1871),#1872);
#2591= IFCRELDEFINESBYTYPE('2FikA3yCH1rAJNPpYyctih',#5,$,$,(#2282,#2072),#2073);
#2592= IFCRELDEFINESBYTYPE('2XfF43K1XA5PjXYy7BSOF8',#5,$,$,(#2378),#2379);
#2593= IFCRELDEFINESBYTYPE('3kYtpLXvbBiuia0JnNzbja',#5,$,$,(#2501,#2479,#2431),#2432);
#2594= IFCRELASSOCIATESMATERIAL('0aWGpxflvBw9$qxgRyche_',#5,$,$,(#393,#384,#376,#367,#358,#349,#341,#332,#322,#313,#305,#294,#213,#204,#196,#187,#178,#169,#161,#133),#152);
#2595= IFCRELASSOCIATESMATERIAL('0N7t1Q2UvEKQNpEQIG$R07',#5,$,$,(#2164,#2157,#2150,#2143,#2136,#2129,#2122,#2115,#2108,#2101,#1265,#1258,#1251,#1244,#1237,#1230,#1223,#1216,#1209,#1197,#493),#501);
#2596= IFCRELASSOCIATESMATERIAL('2Q4tVIGMH6mPO0Ku_vW2xV',#5,$,$,(#2501,#2479,#2431,#2378,#2334,#2282,#2271,#2260,#2251,#2240,#2234,#2220,#2214,#2208,#2202,#2190,#2184,#2171,#2072,#2029,#1979,#1940,#1871,#1723,#1684,#1670,#1592,#1568,#1530,#1508,#1460,#757,#606,#542),#570);
#2597= IFCPRESENTATIONLAYERASSIGNMENT('BoltArray',$,(#126,#154,#163,#171,#180,#189,#198,#206,#287,#298,#307,#315,#325,#334,#343,#351,#360,#369,#378,#386,#486,#1191,#1204,#1211,#1218,#1225,#1232,#1239,#1246,#1253,#1260,#2095,#2103,#2110,#2117,#2124,#2131,#2138,#2145,#2152,#2159),$);
#2598= IFCPRESENTATIONLAYERASSIGNMENT('PLATE-10',$,(#535,#600,#1455,#1503,#1525,#1563,#1587,#1665,#1679,#1866,#1935,#1974,#2024,#2165,#2178,#2185,#2197,#2203,#2209,#2215,#2229,#2235,#2246,#2255,#2372),$);
#2599= IFCPRESENTATIONLAYERASSIGNMENT('B1-\S\?\S\Z350x250x8',$,(#750,#2329),$);
#2600= IFCPRESENTATIONLAYERASSIGNMENT('PLATE-12',$,(#1718,#2266),$);
#2601= IFCPRESENTATIONLAYERASSIGNMENT('PLATE-20',$,(#2067,#2277),$);
#2602= IFCPRESENTATIONLAYERASSIGNMENT('PLATE-8',$,(#2425,#2473,#2495),$);
ENDSEC;

END-ISO-10303-21;
