ISO-10303-21;
HEADER;
FILE_DESCRIPTION(('ViewDefinition[CoordinationView_V2.0, QuantityTakeOffAddOnView]', 'ExchangeRequirement[Structural, SurfaceGeometry]', 'Option [BaseQuantities:On]', 'Option [GridExport:On]', 'Option [Assemblies:Off]', 'Option [Bolts:On]', 'Option [Rebars:On]', 'Option [PourObjects:Off]', 'Option [Welds:Off]', 'Option [SurfaceTreatments:On]', 'Option [LocationBy:0]', 'Option [ViewColors:Off]', 'Option [SectionedSpine:Off]', 'Option [PropertySets:On]', 'Option [Export all:Off]'),'2;1');
FILE_NAME('5-2-A31_1.ifc','2026-03-10T08:04:11',('DESKTOP-NLV509P\\Ahmed'),('Structural Designer'),'IFC Parser version: 3.13.2','Tekla Structures 2023 Service Pack 8, IFC Export Version: 4.0.0.0 Jan 19 2024','');
FILE_SCHEMA(('IFC2X3'));
ENDSEC;

DATA;
#1= IFCPERSON('DESKTOP-NLV509P\\Ahmed','Undefined',$,$,$,$,$,$);
#2= IFCORGANIZATION($,'Trimble Solutions Corporation',$,$,$);
#3= IFCPERSONANDORGANIZATION(#1,#2,$);
#4= IFCAPPLICATION(#2,'2023 Service Pack 8','Tekla Structures','Multi material modeling');
#5= IFCOWNERHISTORY(#3,#4,$,.NOCHANGE.,$,$,$,1773119051);
#6= IFCCARTESIANPOINT((0.,0.,0.));
#7= IFCDIRECTION((1.,0.,0.));
#8= IFCDIRECTION((0.,1.,0.));
#9= IFCDIRECTION((0.,0.,1.));
#10= IFCAXIS2PLACEMENT3D(#6,#9,#7);
#11= IFCGEOMETRICREPRESENTATIONCONTEXT($,'Model',3,1.E-05,#10,$);
#12= IFCGEOMETRICREPRESENTATIONSUBCONTEXT('Body','Model',*,*,*,*,#11,$,.MODEL_VIEW.,$);
#13= IFCGEOMETRICREPRESENTATIONSUBCONTEXT('Axis','Model',*,*,*,*,#11,$,.GRAPH_VIEW.,$);
#14= IFCGEOMETRICREPRESENTATIONSUBCONTEXT('FootPrint','Model',*,*,*,*,#11,$,.MODEL_VIEW.,$);
#15= IFCSIUNIT(*,.LENGTHUNIT.,.MILLI.,.METRE.);
#16= IFCMEASUREWITHUNIT(IFCRATIOMEASURE(304.8),#15);
#17= IFCDIMENSIONALEXPONENTS(1,0,0,0,0,0,0);
#18= IFCCONVERSIONBASEDUNIT(#17,.LENGTHUNIT.,'FOOT',#16);
#19= IFCSIUNIT(*,.AREAUNIT.,$,.SQUARE_METRE.);
#20= IFCMEASUREWITHUNIT(IFCRATIOMEASURE(0.09290304),#19);
#21= IFCDIMENSIONALEXPONENTS(2,0,0,0,0,0,0);
#22= IFCCONVERSIONBASEDUNIT(#21,.AREAUNIT.,'SQUARE FOOT',#20);
#23= IFCSIUNIT(*,.VOLUMEUNIT.,$,.CUBIC_METRE.);
#24= IFCMEASUREWITHUNIT(IFCRATIOMEASURE(0.028316846592),#23);
#25= IFCDIMENSIONALEXPONENTS(3,0,0,0,0,0,0);
#26= IFCCONVERSIONBASEDUNIT(#25,.VOLUMEUNIT.,'CUBIC FOOT',#24);
#27= IFCSIUNIT(*,.MASSUNIT.,.KILO.,.GRAM.);
#28= IFCSIUNIT(*,.TIMEUNIT.,$,.SECOND.);
#29= IFCSIUNIT(*,.PLANEANGLEUNIT.,$,.RADIAN.);
#30= IFCMEASUREWITHUNIT(IFCRATIOMEASURE(0.0174532925199433),#29);
#31= IFCDIMENSIONALEXPONENTS(0,0,0,0,0,0,0);
#32= IFCCONVERSIONBASEDUNIT(#31,.PLANEANGLEUNIT.,'DEGREE',#30);
#33= IFCSIUNIT(*,.SOLIDANGLEUNIT.,$,.STERADIAN.);
#34= IFCSIUNIT(*,.THERMODYNAMICTEMPERATUREUNIT.,$,.DEGREE_CELSIUS.);
#35= IFCSIUNIT(*,.LUMINOUSINTENSITYUNIT.,$,.LUMEN.);
#36= IFCUNITASSIGNMENT((#15,#19,#23,#27,#28,#29,#33,#34,#35));
#37= IFCPROJECT('3Jo5wjQWj9swikjBf1$ozO',#5,'Undefined',$,$,$,$,(#11),#36);
#38= IFCLOCALPLACEMENT($,#10);
#39= IFCSITE('0AsNHbLIn54Obr7jhNGn5J',#5,'Undefined',$,$,#38,$,$,.ELEMENT.,$,$,$,$,$);
#40= IFCLOCALPLACEMENT(#38,#10);
#41= IFCBUILDING('0J9vtSkor7PAJf0VGf5MvJ',#5,'Undefined',$,$,#40,$,$,.ELEMENT.,$,$,$);
#42= IFCLOCALPLACEMENT(#40,#10);
#43= IFCBUILDINGSTOREY('3gJPpYF7LCbf7I109fNVl5',#5,'Undefined',$,$,#42,$,$,.ELEMENT.,0.);
#44= IFCOWNERHISTORY(#3,#4,$,.NOCHANGE.,$,$,$,1770876000);
#45= IFCCOLOURRGB($,0.698039215686274,0.4,0.);
#46= IFCSURFACESTYLERENDERING(#45,0.,$,$,$,$,IFCNORMALISEDRATIOMEASURE(0.00390625),IFCSPECULAREXPONENT(10.),.NOTDEFINED.);
#47= IFCSURFACESTYLE('TS10.9',.POSITIVE.,(#46));
#48= IFCPRESENTATIONSTYLEASSIGNMENT((#47));
#49= IFCCARTESIANPOINT((13.,23.9873795752176,0.));
#50= IFCCARTESIANPOINT((11.2583302491975,23.9873795752176,6.50000000000039));
#51= IFCCARTESIANPOINT((6.49999999999922,23.9873795752176,11.2583302491982));
#52= IFCCARTESIANPOINT((-1.34723677608042E-12,23.9873795752176,13.));
#53= IFCCARTESIANPOINT((-6.50000000000155,23.9873795752176,11.2583302491968));
#54= IFCCARTESIANPOINT((-11.2583302491988,23.9873795752176,6.49999999999806));
#55= IFCCARTESIANPOINT((-13.,23.9873795752176,-2.69447355216084E-12));
#56= IFCCARTESIANPOINT((-11.2583302491961,23.9873795752176,-6.50000000000272));
#57= IFCCARTESIANPOINT((-6.4999999999969,23.9873795752176,-11.2583302491995));
#58= IFCCARTESIANPOINT((4.02727742892113E-12,23.9873795752176,-13.));
#59= IFCCARTESIANPOINT((6.50000000000388,23.9873795752176,-11.2583302491955));
#60= IFCCARTESIANPOINT((11.2583302492002,23.9873795752176,-6.49999999999573));
#61= IFCCARTESIANPOINT((13.,274.087379575997,0.));
#62= IFCCARTESIANPOINT((11.2583302491975,274.087379575997,6.50000000000039));
#63= IFCCARTESIANPOINT((6.49999999999922,274.087379575997,11.2583302491982));
#64= IFCCARTESIANPOINT((-1.34723677608042E-12,274.087379575997,13.));
#65= IFCCARTESIANPOINT((-6.50000000000155,274.087379575997,11.2583302491968));
#66= IFCCARTESIANPOINT((-11.2583302491988,274.087379575997,6.49999999999806));
#67= IFCCARTESIANPOINT((-13.,274.087379575997,-2.69447355216084E-12));
#68= IFCCARTESIANPOINT((-11.2583302491961,274.087379575997,-6.50000000000272));
#69= IFCCARTESIANPOINT((-6.4999999999969,274.087379575997,-11.2583302491995));
#70= IFCCARTESIANPOINT((4.02727742892113E-12,274.087379575997,-13.));
#71= IFCCARTESIANPOINT((6.50000000000388,274.087379575997,-11.2583302491955));
#72= IFCCARTESIANPOINT((11.2583302492002,274.087379575997,-6.49999999999573));
#73= IFCPOLYLOOP((#49,#50,#51,#52,#53,#54,#55,#56,#57,#58,#59,#60));
#74= IFCFACEOUTERBOUND(#73,.T.);
#75= IFCFACE((#74));
#76= IFCPOLYLOOP((#72,#71,#70,#69,#68,#67,#66,#65,#64,#63,#62,#61));
#77= IFCFACEOUTERBOUND(#76,.T.);
#78= IFCFACE((#77));
#79= IFCPOLYLOOP((#49,#61,#62,#50));
#80= IFCFACEOUTERBOUND(#79,.T.);
#81= IFCFACE((#80));
#82= IFCPOLYLOOP((#50,#62,#63,#51));
#83= IFCFACEOUTERBOUND(#82,.T.);
#84= IFCFACE((#83));
#85= IFCPOLYLOOP((#51,#63,#64,#52));
#86= IFCFACEOUTERBOUND(#85,.T.);
#87= IFCFACE((#86));
#88= IFCPOLYLOOP((#52,#64,#65,#53));
#89= IFCFACEOUTERBOUND(#88,.T.);
#90= IFCFACE((#89));
#91= IFCPOLYLOOP((#53,#65,#66,#54));
#92= IFCFACEOUTERBOUND(#91,.T.);
#93= IFCFACE((#92));
#94= IFCPOLYLOOP((#54,#66,#67,#55));
#95= IFCFACEOUTERBOUND(#94,.T.);
#96= IFCFACE((#95));
#97= IFCPOLYLOOP((#55,#67,#68,#56));
#98= IFCFACEOUTERBOUND(#97,.T.);
#99= IFCFACE((#98));
#100= IFCPOLYLOOP((#56,#68,#69,#57));
#101= IFCFACEOUTERBOUND(#100,.T.);
#102= IFCFACE((#101));
#103= IFCPOLYLOOP((#57,#69,#70,#58));
#104= IFCFACEOUTERBOUND(#103,.T.);
#105= IFCFACE((#104));
#106= IFCPOLYLOOP((#58,#70,#71,#59));
#107= IFCFACEOUTERBOUND(#106,.T.);
#108= IFCFACE((#107));
#109= IFCPOLYLOOP((#59,#71,#72,#60));
#110= IFCFACEOUTERBOUND(#109,.T.);
#111= IFCFACE((#110));
#112= IFCPOLYLOOP((#60,#72,#61,#49));
#113= IFCFACEOUTERBOUND(#112,.T.);
#114= IFCFACE((#113));
#115= IFCCLOSEDSHELL((#75,#78,#81,#84,#87,#90,#93,#96,#99,#102,#105,#108,#111,#114));
#116= IFCCOLOURRGB($,0.,0.,0.);
#117= IFCSURFACESTYLERENDERING(#116,0.,$,$,$,$,IFCNORMALISEDRATIOMEASURE(0.00390625),IFCSPECULAREXPONENT(10.),.NOTDEFINED.);
#118= IFCSURFACESTYLE($,.POSITIVE.,(#117));
#119= IFCPRESENTATIONSTYLEASSIGNMENT((#118));
#120= IFCFACETEDBREP(#115);
#121= IFCSTYLEDITEM(#120,(#119),$);
#122= IFCCARTESIANTRANSFORMATIONOPERATOR3D($,$,#6,$,$);
#123= IFCSHAPEREPRESENTATION(#12,'Body','Brep',(#120));
#124= IFCREPRESENTATIONMAP(#10,#123);
#125= IFCMAPPEDITEM(#124,#122);
#126= IFCSHAPEREPRESENTATION(#12,'Body','MappedRepresentation',(#125));
#127= IFCPRODUCTDEFINITIONSHAPE($,$,(#126));
#128= IFCCARTESIANPOINT((42599.9988891972,30118.002633729,16903.9881488003));
#129= IFCDIRECTION((-1.39369999815244E-05,0.99999999990288,0.));
#130= IFCDIRECTION((0.999999999902879,1.39369999837747E-05,-5.30000341734211E-08));
#131= IFCAXIS2PLACEMENT3D(#128,#129,#130);
#132= IFCLOCALPLACEMENT(#42,#131);
#133= IFCMECHANICALFASTENER('337N$dxxP54g3c7nH3RgJL',#44,'Bolt assembly',$,$,#132,#127,'IDc31d7fe7-efb6-4512-a0e6-1f14436ea4d5',24.,1250.);
#134= IFCMECHANICALFASTENERTYPE('12sWpCUvj3FvQczX9mc599',#5,'Bolt assembly',$,$,$,$,$,$);
#135= IFCPROPERTYSINGLEVALUE('Washer count',$,IFCINTEGER(0),$);
#136= IFCPROPERTYSINGLEVALUE('Washer diameter',$,IFCLENGTHMEASURE(24.),$);
#137= IFCPROPERTYSINGLEVALUE('Washer type',$,IFCLABEL(''),$);
#138= IFCPROPERTYSINGLEVALUE('Washer name',$,IFCLABEL(''),$);
#139= IFCPROPERTYSINGLEVALUE('Nut count',$,IFCINTEGER(0),$);
#140= IFCPROPERTYSINGLEVALUE('Nut type',$,IFCLABEL(''),$);
#141= IFCPROPERTYSINGLEVALUE('Nut name',$,IFCLABEL(''),$);
#142= IFCPROPERTYSINGLEVALUE('Slotted hole y',$,IFCLENGTHMEASURE(0.),$);
#143= IFCPROPERTYSINGLEVALUE('Slotted hole x',$,IFCLENGTHMEASURE(0.),$);
#144= IFCPROPERTYSINGLEVALUE('Bolt hole diameter',$,IFCLENGTHMEASURE(26.),$);
#145= IFCPROPERTYSINGLEVALUE('Location',$,IFCLABEL('Site'),$);
#146= IFCPROPERTYSINGLEVALUE('Bolt count',$,IFCINTEGER(1),$);
#147= IFCPROPERTYSINGLEVALUE('Bolt size',$,IFCLENGTHMEASURE(26.),$);
#148= IFCPROPERTYSINGLEVALUE('Bolt length',$,IFCLENGTHMEASURE(1250.),$);
#149= IFCPROPERTYSINGLEVALUE('Bolt standard',$,IFCLABEL('TS10.9'),$);
#150= IFCPROPERTYSINGLEVALUE('Bolt Name',$,IFCLABEL(''),$);
#151= IFCPROPERTYSET('3nB4Pnsp56RPkyw36DKdXm',#5,'Tekla Bolt','Bolt Properties',(#135,#136,#137,#138,#139,#140,#141,#142,#143,#144,#145,#146,#147,#148,#149,#150));
#152= IFCMATERIAL('TS10.9');
#153= IFCMAPPEDITEM(#124,#122);
#154= IFCSHAPEREPRESENTATION(#12,'Body','MappedRepresentation',(#153));
#155= IFCPRODUCTDEFINITIONSHAPE($,$,(#154));
#156= IFCCARTESIANPOINT((42600.0009797469,29968.0026337441,16903.9881488004));
#157= IFCAXIS2PLACEMENT3D(#156,#129,#130);
#158= IFCLOCALPLACEMENT(#42,#157);
#159= IFCMECHANICALFASTENER('1svm4_Ny9D8RmeyIkpEGyq',#44,'Bolt assembly',$,$,#158,#155,'ID76e7013e-5fc2-4d21-bc28-f12bb3390f34',24.,1250.);
#160= IFCOWNERHISTORY(#3,#4,$,.NOCHANGE.,$,$,$,1770872400);
#161= IFCSURFACESTYLE('EVENT',.POSITIVE.,(#46));
#162= IFCPRESENTATIONSTYLEASSIGNMENT((#161));
#163= IFCCARTESIANPOINT((7.5,-5.99999986668439,0.));
#164= IFCCARTESIANPOINT((6.49519052838316,-5.99999986668439,3.75000000000022));
#165= IFCCARTESIANPOINT((3.74999999999955,-5.99999986668439,6.49519052838355));
#166= IFCCARTESIANPOINT((-7.77251986200242E-13,-5.99999986668439,7.5));
#167= IFCCARTESIANPOINT((-3.7500000000009,-5.99999986668439,6.49519052838277));
#168= IFCCARTESIANPOINT((-6.49519052838394,-5.99999986668439,3.74999999999888));
#169= IFCCARTESIANPOINT((-7.5,-5.99999986668439,-1.55450397240048E-12));
#170= IFCCARTESIANPOINT((-6.49519052838238,-5.99999986668439,-3.75000000000157));
#171= IFCCARTESIANPOINT((-3.74999999999821,-5.99999986668439,-6.49519052838432));
#172= IFCCARTESIANPOINT((2.32342928591604E-12,-5.99999986668439,-7.5));
#173= IFCCARTESIANPOINT((3.75000000000224,-5.99999986668439,-6.495190528382));
#174= IFCCARTESIANPOINT((6.49519052838471,-5.99999986668439,-3.74999999999753));
#175= IFCCARTESIANPOINT((7.5,6.10000013367537,0.));
#176= IFCCARTESIANPOINT((6.49519052838316,6.10000013367537,3.75000000000022));
#177= IFCCARTESIANPOINT((3.74999999999955,6.10000013367537,6.49519052838355));
#178= IFCCARTESIANPOINT((-7.77251986200242E-13,6.10000013367537,7.5));
#179= IFCCARTESIANPOINT((-3.7500000000009,6.10000013367537,6.49519052838277));
#180= IFCCARTESIANPOINT((-6.49519052838394,6.10000013367537,3.74999999999888));
#181= IFCCARTESIANPOINT((-7.5,6.10000013367537,-1.55450397240048E-12));
#182= IFCCARTESIANPOINT((-6.49519052838238,6.10000013367537,-3.75000000000157));
#183= IFCCARTESIANPOINT((-3.74999999999821,6.10000013367537,-6.49519052838432));
#184= IFCCARTESIANPOINT((2.32342928591604E-12,6.10000013367537,-7.5));
#185= IFCCARTESIANPOINT((3.75000000000224,6.10000013367537,-6.495190528382));
#186= IFCCARTESIANPOINT((6.49519052838471,6.10000013367537,-3.74999999999753));
#187= IFCPOLYLOOP((#163,#164,#165,#166,#167,#168,#169,#170,#171,#172,#173,#174));
#188= IFCFACEOUTERBOUND(#187,.T.);
#189= IFCFACE((#188));
#190= IFCPOLYLOOP((#186,#185,#184,#183,#182,#181,#180,#179,#178,#177,#176,#175));
#191= IFCFACEOUTERBOUND(#190,.T.);
#192= IFCFACE((#191));
#193= IFCPOLYLOOP((#163,#175,#176,#164));
#194= IFCFACEOUTERBOUND(#193,.T.);
#195= IFCFACE((#194));
#196= IFCPOLYLOOP((#164,#176,#177,#165));
#197= IFCFACEOUTERBOUND(#196,.T.);
#198= IFCFACE((#197));
#199= IFCPOLYLOOP((#165,#177,#178,#166));
#200= IFCFACEOUTERBOUND(#199,.T.);
#201= IFCFACE((#200));
#202= IFCPOLYLOOP((#166,#178,#179,#167));
#203= IFCFACEOUTERBOUND(#202,.T.);
#204= IFCFACE((#203));
#205= IFCPOLYLOOP((#167,#179,#180,#168));
#206= IFCFACEOUTERBOUND(#205,.T.);
#207= IFCFACE((#206));
#208= IFCPOLYLOOP((#168,#180,#181,#169));
#209= IFCFACEOUTERBOUND(#208,.T.);
#210= IFCFACE((#209));
#211= IFCPOLYLOOP((#169,#181,#182,#170));
#212= IFCFACEOUTERBOUND(#211,.T.);
#213= IFCFACE((#212));
#214= IFCPOLYLOOP((#170,#182,#183,#171));
#215= IFCFACEOUTERBOUND(#214,.T.);
#216= IFCFACE((#215));
#217= IFCPOLYLOOP((#171,#183,#184,#172));
#218= IFCFACEOUTERBOUND(#217,.T.);
#219= IFCFACE((#218));
#220= IFCPOLYLOOP((#172,#184,#185,#173));
#221= IFCFACEOUTERBOUND(#220,.T.);
#222= IFCFACE((#221));
#223= IFCPOLYLOOP((#173,#185,#186,#174));
#224= IFCFACEOUTERBOUND(#223,.T.);
#225= IFCFACE((#224));
#226= IFCPOLYLOOP((#174,#186,#175,#163));
#227= IFCFACEOUTERBOUND(#226,.T.);
#228= IFCFACE((#227));
#229= IFCCLOSEDSHELL((#189,#192,#195,#198,#201,#204,#207,#210,#213,#216,#219,#222,#225,#228));
#230= IFCFACETEDBREP(#229);
#231= IFCSTYLEDITEM(#230,(#119),$);
#232= IFCSHAPEREPRESENTATION(#12,'Body','Brep',(#230));
#233= IFCREPRESENTATIONMAP(#10,#232);
#234= IFCMAPPEDITEM(#233,#122);
#235= IFCSHAPEREPRESENTATION(#12,'Body','MappedRepresentation',(#234));
#236= IFCPRODUCTDEFINITIONSHAPE($,$,(#235));
#237= IFCCARTESIANPOINT((53493.8395792069,29920.4309071788,16682.5007692249));
#238= IFCDIRECTION((-3.05800000205636E-06,-0.509320893885157,0.860576682836964));
#239= IFCDIRECTION((5.16699998683883E-06,0.860576682821452,0.509320893894339));
#240= IFCAXIS2PLACEMENT3D(#237,#238,#239);
#241= IFCLOCALPLACEMENT(#42,#240);
#242= IFCMECHANICALFASTENER('36TZnSx9D0LxdnJvPM1kD2',#160,'Bolt assembly',$,$,#241,#236,'IDc6763c5c-ec93-4057-b9f1-4f965606e342',15.,12.);
#243= IFCPROPERTYSINGLEVALUE('Washer diameter',$,IFCLENGTHMEASURE(15.),$);
#244= IFCPROPERTYSINGLEVALUE('Bolt hole diameter',$,IFCLENGTHMEASURE(15.),$);
#245= IFCPROPERTYSINGLEVALUE('Bolt size',$,IFCLENGTHMEASURE(15.),$);
#246= IFCPROPERTYSINGLEVALUE('Bolt length',$,IFCLENGTHMEASURE(12.),$);
#247= IFCPROPERTYSINGLEVALUE('Bolt standard',$,IFCLABEL('EVENT'),$);
#248= IFCPROPERTYSET('2y1U0QonPE2uw8MyH9x0sB',#5,'Tekla Bolt','Bolt Properties',(#135,#243,#137,#138,#139,#140,#141,#142,#143,#244,#145,#146,#245,#246,#247,#150));
#249= IFCMATERIAL('EVENT');
#250= IFCMAPPEDITEM(#233,#122);
#251= IFCSHAPEREPRESENTATION(#12,'Body','MappedRepresentation',(#250));
#252= IFCPRODUCTDEFINITIONSHAPE($,$,(#251));
#253= IFCCARTESIANPOINT((53493.8395792069,29920.4309071788,16827.5007692249));
#254= IFCDIRECTION((-3.05800000205636E-06,-0.509320893885157,-0.860576682836964));
#255= IFCDIRECTION((5.16699998683883E-06,0.860576682821452,-0.509320893894339));
#256= IFCAXIS2PLACEMENT3D(#253,#254,#255);
#257= IFCLOCALPLACEMENT(#42,#256);
#258= IFCMECHANICALFASTENER('3ISEdVON59dhjxY8I9WHfT',#160,'Bolt assembly',$,$,#257,#252,'IDd270e9df-6171-499e-bb7b-888489811a5d',15.,12.);
#259= IFCMAPPEDITEM(#233,#122);
#260= IFCSHAPEREPRESENTATION(#12,'Body','MappedRepresentation',(#259));
#261= IFCPRODUCTDEFINITIONSHAPE($,$,(#260));
#262= IFCCARTESIANPOINT((53493.8410501874,30165.430907173,16827.5007692249));
#263= IFCDIRECTION((-5.16699998683854E-06,-0.860576682821454,-0.509320893894335));
#264= IFCAXIS2PLACEMENT3D(#262,#238,#263);
#265= IFCLOCALPLACEMENT(#42,#264);
#266= IFCMECHANICALFASTENER('2mIpUV$av3FBcnRnhBB7GW',#160,'Bolt assembly',$,$,#265,#261,'IDb04b379f-fe4e-433c-b9b1-6f1acb2c7420',15.,12.);
#267= IFCMAPPEDITEM(#233,#122);
#268= IFCSHAPEREPRESENTATION(#12,'Body','MappedRepresentation',(#267));
#269= IFCPRODUCTDEFINITIONSHAPE($,$,(#268));
#270= IFCCARTESIANPOINT((53493.8410501874,30165.430907173,16682.5007692249));
#271= IFCDIRECTION((3.05800000205635E-06,0.509320893885156,0.860576682836965));
#272= IFCDIRECTION((-5.16699998683854E-06,-0.860576682821454,0.509320893894335));
#273= IFCAXIS2PLACEMENT3D(#270,#271,#272);
#274= IFCLOCALPLACEMENT(#42,#273);
#275= IFCMECHANICALFASTENER('0$SsSS6_PB4AJZilUlvd3y',#160,'Bolt assembly',$,$,#274,#269,'ID3f73671c-1be6-4b10-a4e3-b2f7afe670fc',15.,12.);
#276= IFCOWNERHISTORY(#3,#4,$,.NOCHANGE.,$,$,$,1773043200);
#277= IFCCARTESIANPOINT((7.5,-4.00000001139779,0.));
#278= IFCCARTESIANPOINT((6.49519052838316,-4.00000001139779,3.75000000000022));
#279= IFCCARTESIANPOINT((3.74999999999955,-4.00000001139779,6.49519052838355));
#280= IFCCARTESIANPOINT((-7.77251986200242E-13,-4.00000001139779,7.5));
#281= IFCCARTESIANPOINT((-3.7500000000009,-4.00000001139779,6.49519052838277));
#282= IFCCARTESIANPOINT((-6.49519052838394,-4.00000001139779,3.74999999999888));
#283= IFCCARTESIANPOINT((-7.5,-4.00000001139779,-1.55450397240048E-12));
#284= IFCCARTESIANPOINT((-6.49519052838238,-4.00000001139779,-3.75000000000157));
#285= IFCCARTESIANPOINT((-3.74999999999821,-4.00000001139779,-6.49519052838432));
#286= IFCCARTESIANPOINT((2.32342928591604E-12,-4.00000001139779,-7.5));
#287= IFCCARTESIANPOINT((3.75000000000224,-4.00000001139779,-6.495190528382));
#288= IFCCARTESIANPOINT((6.49519052838471,-4.00000001139779,-3.74999999999753));
#289= IFCCARTESIANPOINT((7.5,4.09999998860224,0.));
#290= IFCCARTESIANPOINT((6.49519052838316,4.09999998860224,3.75000000000022));
#291= IFCCARTESIANPOINT((3.74999999999955,4.09999998860224,6.49519052838355));
#292= IFCCARTESIANPOINT((-7.77251986200242E-13,4.09999998860224,7.5));
#293= IFCCARTESIANPOINT((-3.7500000000009,4.09999998860224,6.49519052838277));
#294= IFCCARTESIANPOINT((-6.49519052838394,4.09999998860224,3.74999999999888));
#295= IFCCARTESIANPOINT((-7.5,4.09999998860224,-1.55450397240048E-12));
#296= IFCCARTESIANPOINT((-6.49519052838238,4.09999998860224,-3.75000000000157));
#297= IFCCARTESIANPOINT((-3.74999999999821,4.09999998860224,-6.49519052838432));
#298= IFCCARTESIANPOINT((2.32342928591604E-12,4.09999998860224,-7.5));
#299= IFCCARTESIANPOINT((3.75000000000224,4.09999998860224,-6.495190528382));
#300= IFCCARTESIANPOINT((6.49519052838471,4.09999998860224,-3.74999999999753));
#301= IFCPOLYLOOP((#277,#278,#279,#280,#281,#282,#283,#284,#285,#286,#287,#288));
#302= IFCFACEOUTERBOUND(#301,.T.);
#303= IFCFACE((#302));
#304= IFCPOLYLOOP((#300,#299,#298,#297,#296,#295,#294,#293,#292,#291,#290,#289));
#305= IFCFACEOUTERBOUND(#304,.T.);
#306= IFCFACE((#305));
#307= IFCPOLYLOOP((#277,#289,#290,#278));
#308= IFCFACEOUTERBOUND(#307,.T.);
#309= IFCFACE((#308));
#310= IFCPOLYLOOP((#278,#290,#291,#279));
#311= IFCFACEOUTERBOUND(#310,.T.);
#312= IFCFACE((#311));
#313= IFCPOLYLOOP((#279,#291,#292,#280));
#314= IFCFACEOUTERBOUND(#313,.T.);
#315= IFCFACE((#314));
#316= IFCPOLYLOOP((#280,#292,#293,#281));
#317= IFCFACEOUTERBOUND(#316,.T.);
#318= IFCFACE((#317));
#319= IFCPOLYLOOP((#281,#293,#294,#282));
#320= IFCFACEOUTERBOUND(#319,.T.);
#321= IFCFACE((#320));
#322= IFCPOLYLOOP((#282,#294,#295,#283));
#323= IFCFACEOUTERBOUND(#322,.T.);
#324= IFCFACE((#323));
#325= IFCPOLYLOOP((#283,#295,#296,#284));
#326= IFCFACEOUTERBOUND(#325,.T.);
#327= IFCFACE((#326));
#328= IFCPOLYLOOP((#284,#296,#297,#285));
#329= IFCFACEOUTERBOUND(#328,.T.);
#330= IFCFACE((#329));
#331= IFCPOLYLOOP((#285,#297,#298,#286));
#332= IFCFACEOUTERBOUND(#331,.T.);
#333= IFCFACE((#332));
#334= IFCPOLYLOOP((#286,#298,#299,#287));
#335= IFCFACEOUTERBOUND(#334,.T.);
#336= IFCFACE((#335));
#337= IFCPOLYLOOP((#287,#299,#300,#288));
#338= IFCFACEOUTERBOUND(#337,.T.);
#339= IFCFACE((#338));
#340= IFCPOLYLOOP((#288,#300,#289,#277));
#341= IFCFACEOUTERBOUND(#340,.T.);
#342= IFCFACE((#341));
#343= IFCCLOSEDSHELL((#303,#306,#309,#312,#315,#318,#321,#324,#327,#330,#333,#336,#339,#342));
#344= IFCFACETEDBREP(#343);
#345= IFCSTYLEDITEM(#344,(#119),$);
#346= IFCSHAPEREPRESENTATION(#12,'Body','Brep',(#344));
#347= IFCREPRESENTATIONMAP(#10,#346);
#348= IFCMAPPEDITEM(#347,#122);
#349= IFCSHAPEREPRESENTATION(#12,'Body','MappedRepresentation',(#348));
#350= IFCPRODUCTDEFINITIONSHAPE($,$,(#349));
#351= IFCCARTESIANPOINT((52805.5016953052,27509.0248552691,16839.4999821454));
#352= IFCDIRECTION((-0.531978132187876,0.,-0.846758092299034));
#353= IFCDIRECTION((0.846758092299034,0.,-0.531978132187876));
#354= IFCAXIS2PLACEMENT3D(#351,#352,#353);
#355= IFCLOCALPLACEMENT(#42,#354);
#356= IFCMECHANICALFASTENER('2ZRKdHMcT4sfBLdvwZNvDH',#276,'Bolt assembly',$,$,#355,#350,'IDa36d49d1-5a67-44da-92d5-9f9ea35f9351',15.,8.);
#357= IFCPROPERTYSINGLEVALUE('Bolt length',$,IFCLENGTHMEASURE(8.),$);
#358= IFCPROPERTYSET('1PsCCbgoP02g7uxqvlGunG',#5,'Tekla Bolt','Bolt Properties',(#135,#243,#137,#138,#139,#140,#141,#142,#143,#244,#145,#146,#245,#357,#247,#150));
#359= IFCMAPPEDITEM(#347,#122);
#360= IFCSHAPEREPRESENTATION(#12,'Body','MappedRepresentation',(#359));
#361= IFCPRODUCTDEFINITIONSHAPE($,$,(#360));
#362= IFCCARTESIANPOINT((52805.5016953052,27509.0248552691,16670.4999821454));
#363= IFCDIRECTION((-0.531978132187876,0.,0.846758092299034));
#364= IFCDIRECTION((0.846758092299034,0.,0.531978132187876));
#365= IFCAXIS2PLACEMENT3D(#362,#363,#364);
#366= IFCLOCALPLACEMENT(#42,#365);
#367= IFCMECHANICALFASTENER('0PhzDiGsj0puQtOwtHjTvR',#276,'Bolt assembly',$,$,#366,#361,'ID19afd36c-436b-40cf-86b7-63add1b5de5b',15.,8.);
#368= IFCMAPPEDITEM(#347,#122);
#369= IFCSHAPEREPRESENTATION(#12,'Body','MappedRepresentation',(#368));
#370= IFCPRODUCTDEFINITIONSHAPE($,$,(#369));
#371= IFCCARTESIANPOINT((53074.5016953049,27509.0248552696,16670.4999821454));
#372= IFCDIRECTION((-0.846758092299034,0.,0.531978132187876));
#373= IFCAXIS2PLACEMENT3D(#371,#352,#372);
#374= IFCLOCALPLACEMENT(#42,#373);
#375= IFCMECHANICALFASTENER('00hHTaspP9EhHYlRXUHDgc',#276,'Bolt assembly',$,$,#374,#370,'ID00ad1764-db36-493a-b462-bdb85e44daa6',15.,8.);
#376= IFCMAPPEDITEM(#347,#122);
#377= IFCSHAPEREPRESENTATION(#12,'Body','MappedRepresentation',(#376));
#378= IFCPRODUCTDEFINITIONSHAPE($,$,(#377));
#379= IFCCARTESIANPOINT((53074.5016953049,27509.0248552696,16839.4999821454));
#380= IFCDIRECTION((0.531978132187876,0.,-0.846758092299034));
#381= IFCDIRECTION((-0.846758092299034,0.,-0.531978132187876));
#382= IFCAXIS2PLACEMENT3D(#379,#380,#381);
#383= IFCLOCALPLACEMENT(#42,#382);
#384= IFCMECHANICALFASTENER('3ZIFCVa2T4eBuAvaigbs_s',#276,'Bolt assembly',$,$,#383,#378,'IDe348f31f-9027-44a0-be0a-e64b2a976fb6',15.,8.);
#385= IFCOWNERHISTORY(#3,#4,$,.NOCHANGE.,$,$,$,1770840000);
#386= IFCMAPPEDITEM(#347,#122);
#387= IFCSHAPEREPRESENTATION(#12,'Body','MappedRepresentation',(#386));
#388= IFCPRODUCTDEFINITIONSHAPE($,$,(#387));
#389= IFCCARTESIANPOINT((42755.9746617802,29918.4912315632,16680.5007692234));
#390= IFCDIRECTION((4.15300000167917E-06,-0.513469224936935,0.858108008950747));
#391= IFCDIRECTION((-6.94100000150944E-06,0.858108008922676,0.51346922495373));
#392= IFCAXIS2PLACEMENT3D(#389,#390,#391);
#393= IFCLOCALPLACEMENT(#42,#392);
#394= IFCMECHANICALFASTENER('2bjRiW0prEUh9sDyhC$WT1',#385,'Bolt assembly',$,$,#393,#388,'IDa5b5bb20-033d-4e7a-b276-37caccfe0741',15.,8.);
#395= IFCMAPPEDITEM(#347,#122);
#396= IFCSHAPEREPRESENTATION(#12,'Body','MappedRepresentation',(#395));
#397= IFCPRODUCTDEFINITIONSHAPE($,$,(#396));
#398= IFCCARTESIANPOINT((42755.9746537723,29918.4912315632,16829.5007692234));
#399= IFCDIRECTION((4.11999999778345E-06,-0.513469224937399,-0.858108008950629));
#400= IFCDIRECTION((-6.88500001356774E-06,0.858108008923008,-0.513469224953929));
#401= IFCAXIS2PLACEMENT3D(#398,#399,#400);
#402= IFCLOCALPLACEMENT(#42,#401);
#403= IFCMECHANICALFASTENER('23ikz_Bar0h9JBnM1Y3Dtq',#385,'Bolt assembly',$,$,#402,#397,'ID83b2ef7e-2e4d-40ac-94cb-c560620cddf4',15.,8.);
#404= IFCMAPPEDITEM(#347,#122);
#405= IFCSHAPEREPRESENTATION(#12,'Body','MappedRepresentation',(#404));
#406= IFCPRODUCTDEFINITIONSHAPE($,$,(#405));
#407= IFCCARTESIANPOINT((42755.9726478278,30167.4912315797,16829.5007692234));
#408= IFCDIRECTION((4.15300000167918E-06,-0.513494398954631,0.858092944980306));
#409= IFCDIRECTION((6.93999999502571E-06,-0.858092944952241,-0.513494398971426));
#410= IFCAXIS2PLACEMENT3D(#407,#408,#409);
#411= IFCLOCALPLACEMENT(#42,#410);
#412= IFCMECHANICALFASTENER('1W2NOvLW50$O168spWd6QT',#385,'Bolt assembly',$,$,#411,#406,'ID60097639-5601-40fd-8046-236ce09c669d',15.,8.);
#413= IFCMAPPEDITEM(#347,#122);
#414= IFCSHAPEREPRESENTATION(#12,'Body','MappedRepresentation',(#413));
#415= IFCPRODUCTDEFINITIONSHAPE($,$,(#414));
#416= IFCCARTESIANPOINT((42755.9726558357,30167.4912315796,16680.5007692234));
#417= IFCDIRECTION((-4.11999999778345E-06,0.513494398955089,0.858092944980192));
#418= IFCDIRECTION((6.88500000757035E-06,-0.85809294495257,0.513494398971617));
#419= IFCAXIS2PLACEMENT3D(#416,#417,#418);
#420= IFCLOCALPLACEMENT(#42,#419);
#421= IFCMECHANICALFASTENER('3X4ab4r9DCpO$y72cYRSO0',#385,'Bolt assembly',$,$,#420,#415,'IDe1124944-d493-4ccd-8ffc-1c29a26dc600',15.,8.);
#422= IFCMAPPEDITEM(#347,#122);
#423= IFCSHAPEREPRESENTATION(#12,'Body','MappedRepresentation',(#422));
#424= IFCPRODUCTDEFINITIONSHAPE($,$,(#423));
#425= IFCCARTESIANPOINT((42563.996810275,29918.4923841996,16680.5007692248));
#426= IFCDIRECTION((5.21020000232965E-05,-0.513469220225346,0.858108010198342));
#427= IFCDIRECTION((-8.70729999890549E-05,0.858108005780652,0.513469222868756));
#428= IFCAXIS2PLACEMENT3D(#425,#426,#427);
#429= IFCLOCALPLACEMENT(#42,#428);
#430= IFCMECHANICALFASTENER('34hZJ7pWP6AOEFUqfQH_Jz',#385,'Bolt assembly',$,$,#429,#424,'IDc4ae34c7-ce06-4629-838f-7b4a5a47e4fd',15.,8.);
#431= IFCMAPPEDITEM(#347,#122);
#432= IFCSHAPEREPRESENTATION(#12,'Body','MappedRepresentation',(#431));
#433= IFCPRODUCTDEFINITIONSHAPE($,$,(#432));
#434= IFCCARTESIANPOINT((42563.9968026962,29918.4923841996,16829.5007692248));
#435= IFCDIRECTION((5.20710000200779E-05,-0.513469220230814,-0.858108010196951));
#436= IFCDIRECTION((-8.70209999578963E-05,0.858108005784537,-0.513469222871079));
#437= IFCAXIS2PLACEMENT3D(#434,#435,#436);
#438= IFCLOCALPLACEMENT(#42,#437);
#439= IFCMECHANICALFASTENER('3Y7uTqeXbDrAZyb8j01Ung',#385,'Bolt assembly',$,$,#438,#433,'IDe21f8774-a219-4dd4-a8fc-948b4005ec6a',15.,8.);
#440= IFCMAPPEDITEM(#347,#122);
#441= IFCSHAPEREPRESENTATION(#12,'Body','MappedRepresentation',(#440));
#442= IFCPRODUCTDEFINITIONSHAPE($,$,(#441));
#443= IFCCARTESIANPOINT((42563.971543887,30167.4923843558,16829.5007692248));
#444= IFCDIRECTION((5.21050000243121E-05,-0.51349439424289,0.858092946227969));
#445= IFCDIRECTION((8.70719999949213E-05,-0.858092941810305,-0.513494396886473));
#446= IFCAXIS2PLACEMENT3D(#443,#444,#445);
#447= IFCLOCALPLACEMENT(#42,#446);
#448= IFCMECHANICALFASTENER('3UK$flAH99KPtal4cufCJi',#385,'Bolt assembly',$,$,#447,#442,'IDde53fa6f-2912-4951-9de4-bc49b8a4c4ec',15.,8.);
#449= IFCMAPPEDITEM(#347,#122);
#450= IFCSHAPEREPRESENTATION(#12,'Body','MappedRepresentation',(#449));
#451= IFCPRODUCTDEFINITIONSHAPE($,$,(#450));
#452= IFCCARTESIANPOINT((42563.9715514658,30167.4923843557,16680.5007692248));
#453= IFCDIRECTION((-5.20740000210935E-05,0.513494394248362,0.858092946226577));
#454= IFCDIRECTION((8.70199999718641E-05,-0.858092941814187,0.513494396888802));
#455= IFCAXIS2PLACEMENT3D(#452,#453,#454);
#456= IFCLOCALPLACEMENT(#42,#455);
#457= IFCMECHANICALFASTENER('2P3ZA2L9HEiB8Cep7Mo7DC',#385,'Bolt assembly',$,$,#456,#451,'ID990e3282-5494-4eb0-b20c-a331d6c8734c',15.,8.);
#458= IFCCARTESIANPOINT((13.,35.9913524213468,0.));
#459= IFCCARTESIANPOINT((11.2583302491975,35.9913524213468,6.50000000000039));
#460= IFCCARTESIANPOINT((6.49999999999922,35.9913524213468,11.2583302491982));
#461= IFCCARTESIANPOINT((-1.34723677608042E-12,35.9913524213468,13.));
#462= IFCCARTESIANPOINT((-6.50000000000155,35.9913524213468,11.2583302491968));
#463= IFCCARTESIANPOINT((-11.2583302491988,35.9913524213468,6.49999999999806));
#464= IFCCARTESIANPOINT((-13.,35.9913524213468,-2.69447355216084E-12));
#465= IFCCARTESIANPOINT((-11.2583302491961,35.9913524213468,-6.50000000000272));
#466= IFCCARTESIANPOINT((-6.4999999999969,35.9913524213468,-11.2583302491995));
#467= IFCCARTESIANPOINT((4.02727742892113E-12,35.9913524213468,-13.));
#468= IFCCARTESIANPOINT((6.50000000000388,35.9913524213468,-11.2583302491955));
#469= IFCCARTESIANPOINT((11.2583302492002,35.9913524213468,-6.49999999999573));
#470= IFCCARTESIANPOINT((13.,286.091352548997,0.));
#471= IFCCARTESIANPOINT((11.2583302491975,286.091352548997,6.50000000000039));
#472= IFCCARTESIANPOINT((6.49999999999922,286.091352548997,11.2583302491982));
#473= IFCCARTESIANPOINT((-1.34723677608042E-12,286.091352548997,13.));
#474= IFCCARTESIANPOINT((-6.50000000000155,286.091352548997,11.2583302491968));
#475= IFCCARTESIANPOINT((-11.2583302491988,286.091352548997,6.49999999999806));
#476= IFCCARTESIANPOINT((-13.,286.091352548997,-2.69447355216084E-12));
#477= IFCCARTESIANPOINT((-11.2583302491961,286.091352548997,-6.50000000000272));
#478= IFCCARTESIANPOINT((-6.4999999999969,286.091352548997,-11.2583302491995));
#479= IFCCARTESIANPOINT((4.02727742892113E-12,286.091352548997,-13.));
#480= IFCCARTESIANPOINT((6.50000000000388,286.091352548997,-11.2583302491955));
#481= IFCCARTESIANPOINT((11.2583302492002,286.091352548997,-6.49999999999573));
#482= IFCPOLYLOOP((#458,#459,#460,#461,#462,#463,#464,#465,#466,#467,#468,#469));
#483= IFCFACEOUTERBOUND(#482,.T.);
#484= IFCFACE((#483));
#485= IFCPOLYLOOP((#481,#480,#479,#478,#477,#476,#475,#474,#473,#472,#471,#470));
#486= IFCFACEOUTERBOUND(#485,.T.);
#487= IFCFACE((#486));
#488= IFCPOLYLOOP((#458,#470,#471,#459));
#489= IFCFACEOUTERBOUND(#488,.T.);
#490= IFCFACE((#489));
#491= IFCPOLYLOOP((#459,#471,#472,#460));
#492= IFCFACEOUTERBOUND(#491,.T.);
#493= IFCFACE((#492));
#494= IFCPOLYLOOP((#460,#472,#473,#461));
#495= IFCFACEOUTERBOUND(#494,.T.);
#496= IFCFACE((#495));
#497= IFCPOLYLOOP((#461,#473,#474,#462));
#498= IFCFACEOUTERBOUND(#497,.T.);
#499= IFCFACE((#498));
#500= IFCPOLYLOOP((#462,#474,#475,#463));
#501= IFCFACEOUTERBOUND(#500,.T.);
#502= IFCFACE((#501));
#503= IFCPOLYLOOP((#463,#475,#476,#464));
#504= IFCFACEOUTERBOUND(#503,.T.);
#505= IFCFACE((#504));
#506= IFCPOLYLOOP((#464,#476,#477,#465));
#507= IFCFACEOUTERBOUND(#506,.T.);
#508= IFCFACE((#507));
#509= IFCPOLYLOOP((#465,#477,#478,#466));
#510= IFCFACEOUTERBOUND(#509,.T.);
#511= IFCFACE((#510));
#512= IFCPOLYLOOP((#466,#478,#479,#467));
#513= IFCFACEOUTERBOUND(#512,.T.);
#514= IFCFACE((#513));
#515= IFCPOLYLOOP((#467,#479,#480,#468));
#516= IFCFACEOUTERBOUND(#515,.T.);
#517= IFCFACE((#516));
#518= IFCPOLYLOOP((#468,#480,#481,#469));
#519= IFCFACEOUTERBOUND(#518,.T.);
#520= IFCFACE((#519));
#521= IFCPOLYLOOP((#469,#481,#470,#458));
#522= IFCFACEOUTERBOUND(#521,.T.);
#523= IFCFACE((#522));
#524= IFCCARTESIANPOINT((20.7846096908265,20.1513524213468,0.));
#525= IFCCARTESIANPOINT((10.3923048454133,20.1513524213468,18.));
#526= IFCCARTESIANPOINT((-10.3923048454133,20.1513524213468,18.));
#527= IFCCARTESIANPOINT((-20.7846096908265,20.1513524213468,2.54538057293978E-15));
#528= IFCCARTESIANPOINT((-10.3923048454133,20.1513524213468,-18.));
#529= IFCCARTESIANPOINT((10.3923048454132,20.1513524213468,-18.));
#530= IFCCARTESIANPOINT((20.7846096908265,35.9913524213468,0.));
#531= IFCCARTESIANPOINT((10.3923048454133,35.9913524213468,18.));
#532= IFCCARTESIANPOINT((-10.3923048454133,35.9913524213468,18.));
#533= IFCCARTESIANPOINT((-20.7846096908265,35.9913524213468,2.54538057293978E-15));
#534= IFCCARTESIANPOINT((-10.3923048454133,35.9913524213468,-18.));
#535= IFCCARTESIANPOINT((10.3923048454132,35.9913524213468,-18.));
#536= IFCPOLYLOOP((#524,#525,#526,#527,#528,#529));
#537= IFCFACEOUTERBOUND(#536,.T.);
#538= IFCFACE((#537));
#539= IFCPOLYLOOP((#535,#534,#533,#532,#531,#530));
#540= IFCFACEOUTERBOUND(#539,.T.);
#541= IFCFACE((#540));
#542= IFCPOLYLOOP((#524,#530,#531,#525));
#543= IFCFACEOUTERBOUND(#542,.T.);
#544= IFCFACE((#543));
#545= IFCPOLYLOOP((#525,#531,#532,#526));
#546= IFCFACEOUTERBOUND(#545,.T.);
#547= IFCFACE((#546));
#548= IFCPOLYLOOP((#526,#532,#533,#527));
#549= IFCFACEOUTERBOUND(#548,.T.);
#550= IFCFACE((#549));
#551= IFCPOLYLOOP((#527,#533,#534,#528));
#552= IFCFACEOUTERBOUND(#551,.T.);
#553= IFCFACE((#552));
#554= IFCPOLYLOOP((#528,#534,#535,#529));
#555= IFCFACEOUTERBOUND(#554,.T.);
#556= IFCFACE((#555));
#557= IFCPOLYLOOP((#529,#535,#530,#524));
#558= IFCFACEOUTERBOUND(#557,.T.);
#559= IFCFACE((#558));
#560= IFCCARTESIANPOINT((12.,35.9913524213468,0.));
#561= IFCCARTESIANPOINT((10.3923048454131,35.9913524213468,6.00000000000036));
#562= IFCCARTESIANPOINT((5.99999999999928,35.9913524213468,10.3923048454137));
#563= IFCCARTESIANPOINT((-1.24360317792039E-12,35.9913524213468,12.));
#564= IFCCARTESIANPOINT((-6.00000000000143,35.9913524213468,10.3923048454124));
#565= IFCCARTESIANPOINT((-10.3923048454143,35.9913524213468,5.99999999999821));
#566= IFCCARTESIANPOINT((-12.,35.9913524213468,-2.48720635584077E-12));
#567= IFCCARTESIANPOINT((-10.3923048454118,35.9913524213468,-6.00000000000251));
#568= IFCCARTESIANPOINT((-5.99999999999713,35.9913524213468,-10.3923048454149));
#569= IFCCARTESIANPOINT((3.71748685746566E-12,35.9913524213468,-12.));
#570= IFCCARTESIANPOINT((6.00000000000358,35.9913524213468,-10.3923048454112));
#571= IFCCARTESIANPOINT((10.3923048454155,35.9913524213468,-5.99999999999605));
#572= IFCCARTESIANPOINT((12.,333.991352421347,0.));
#573= IFCCARTESIANPOINT((10.3923048454131,333.991352421347,6.00000000000036));
#574= IFCCARTESIANPOINT((5.99999999999928,333.991352421347,10.3923048454137));
#575= IFCCARTESIANPOINT((-1.24360317792039E-12,333.991352421347,12.));
#576= IFCCARTESIANPOINT((-6.00000000000143,333.991352421347,10.3923048454124));
#577= IFCCARTESIANPOINT((-10.3923048454143,333.991352421347,5.99999999999821));
#578= IFCCARTESIANPOINT((-12.,333.991352421347,-2.48720635584077E-12));
#579= IFCCARTESIANPOINT((-10.3923048454118,333.991352421347,-6.00000000000251));
#580= IFCCARTESIANPOINT((-5.99999999999713,333.991352421347,-10.3923048454149));
#581= IFCCARTESIANPOINT((3.71748685746566E-12,333.991352421347,-12.));
#582= IFCCARTESIANPOINT((6.00000000000358,333.991352421347,-10.3923048454112));
#583= IFCCARTESIANPOINT((10.3923048454155,333.991352421347,-5.99999999999605));
#584= IFCPOLYLOOP((#560,#561,#562,#563,#564,#565,#566,#567,#568,#569,#570,#571));
#585= IFCFACEOUTERBOUND(#584,.T.);
#586= IFCFACE((#585));
#587= IFCPOLYLOOP((#583,#582,#581,#580,#579,#578,#577,#576,#575,#574,#573,#572));
#588= IFCFACEOUTERBOUND(#587,.T.);
#589= IFCFACE((#588));
#590= IFCPOLYLOOP((#560,#572,#573,#561));
#591= IFCFACEOUTERBOUND(#590,.T.);
#592= IFCFACE((#591));
#593= IFCPOLYLOOP((#561,#573,#574,#562));
#594= IFCFACEOUTERBOUND(#593,.T.);
#595= IFCFACE((#594));
#596= IFCPOLYLOOP((#562,#574,#575,#563));
#597= IFCFACEOUTERBOUND(#596,.T.);
#598= IFCFACE((#597));
#599= IFCPOLYLOOP((#563,#575,#576,#564));
#600= IFCFACEOUTERBOUND(#599,.T.);
#601= IFCFACE((#600));
#602= IFCPOLYLOOP((#564,#576,#577,#565));
#603= IFCFACEOUTERBOUND(#602,.T.);
#604= IFCFACE((#603));
#605= IFCPOLYLOOP((#565,#577,#578,#566));
#606= IFCFACEOUTERBOUND(#605,.T.);
#607= IFCFACE((#606));
#608= IFCPOLYLOOP((#566,#578,#579,#567));
#609= IFCFACEOUTERBOUND(#608,.T.);
#610= IFCFACE((#609));
#611= IFCPOLYLOOP((#567,#579,#580,#568));
#612= IFCFACEOUTERBOUND(#611,.T.);
#613= IFCFACE((#612));
#614= IFCPOLYLOOP((#568,#580,#581,#569));
#615= IFCFACEOUTERBOUND(#614,.T.);
#616= IFCFACE((#615));
#617= IFCPOLYLOOP((#569,#581,#582,#570));
#618= IFCFACEOUTERBOUND(#617,.T.);
#619= IFCFACE((#618));
#620= IFCPOLYLOOP((#570,#582,#583,#571));
#621= IFCFACEOUTERBOUND(#620,.T.);
#622= IFCFACE((#621));
#623= IFCPOLYLOOP((#571,#583,#572,#560));
#624= IFCFACEOUTERBOUND(#623,.T.);
#625= IFCFACE((#624));
#626= IFCCLOSEDSHELL((#538,#541,#544,#547,#550,#553,#556,#559,#586,#589,#592,#595,#598,#601,#604,#607,#610,#613,#616,#619,#622,#625));
#627= IFCFACETEDBREP(#626);
#628= IFCSTYLEDITEM(#627,(#48),$);
#629= IFCCLOSEDSHELL((#484,#487,#490,#493,#496,#499,#502,#505,#508,#511,#514,#517,#520,#523));
#630= IFCFACETEDBREP(#629);
#631= IFCSTYLEDITEM(#630,(#119),$);
#632= IFCSHAPEREPRESENTATION(#12,'Body','Brep',(#627,#630));
#633= IFCREPRESENTATIONMAP(#10,#632);
#634= IFCMAPPEDITEM(#633,#122);
#635= IFCSHAPEREPRESENTATION(#12,'Body','MappedRepresentation',(#634));
#636= IFCPRODUCTDEFINITIONSHAPE($,$,(#635));
#637= IFCCARTESIANPOINT((52880.2506798911,27595.027752824,16915.9913345486));
#638= IFCDIRECTION((-0.999979531404855,-0.0063981850025266,0.));
#639= IFCDIRECTION((-0.00639818499926643,0.999979530895103,-3.19300000015102E-05));
#640= IFCAXIS2PLACEMENT3D(#637,#638,#639);
#641= IFCLOCALPLACEMENT(#42,#640);
#642= IFCMECHANICALFASTENER('1$Lx0471zDlfx0uvC$0548',#276,'Bolt assembly',$,$,#641,#636,'ID7f57b004-1c1f-4dbe-9ec0-e3933f005108',24.,298.);
#643= IFCPROPERTYSINGLEVALUE('Bolt size',$,IFCLENGTHMEASURE(24.),$);
#644= IFCPROPERTYSINGLEVALUE('Bolt length',$,IFCLENGTHMEASURE(298.),$);
#645= IFCPROPERTYSET('3Z3IfB1jPBARmrG6pgdoHd',#5,'Tekla Bolt','Bolt Properties',(#135,#136,#137,#138,#139,#140,#141,#142,#143,#144,#145,#146,#643,#644,#149,#150));
#646= IFCMAPPEDITEM(#633,#122);
#647= IFCSHAPEREPRESENTATION(#12,'Body','MappedRepresentation',(#646));
#648= IFCPRODUCTDEFINITIONSHAPE($,$,(#647));
#649= IFCCARTESIANPOINT((53000.2506798822,27595.0277528328,16915.9913345484));
#650= IFCAXIS2PLACEMENT3D(#649,#638,#639);
#651= IFCLOCALPLACEMENT(#42,#650);
#652= IFCMECHANICALFASTENER('0PbE2vdIb7gPzWaeiKEL$Y',#276,'Bolt assembly',$,$,#651,#648,'ID1994e0b9-9d29-47a9-9f60-928b14395fe2',24.,298.);
#653= IFCOWNERHISTORY(#3,#4,$,.NOCHANGE.,$,$,$,1770796800);
#654= IFCCARTESIANPOINT((13.,-39.9054931488124,0.));
#655= IFCCARTESIANPOINT((11.2583302491975,-39.9054931488124,6.50000000000039));
#656= IFCCARTESIANPOINT((6.49999999999922,-39.9054931488124,11.2583302491982));
#657= IFCCARTESIANPOINT((-1.34723677608042E-12,-39.9054931488124,13.));
#658= IFCCARTESIANPOINT((-6.50000000000155,-39.9054931488124,11.2583302491968));
#659= IFCCARTESIANPOINT((-11.2583302491988,-39.9054931488124,6.49999999999806));
#660= IFCCARTESIANPOINT((-13.,-39.9054931488124,-2.69447355216084E-12));
#661= IFCCARTESIANPOINT((-11.2583302491961,-39.9054931488124,-6.50000000000272));
#662= IFCCARTESIANPOINT((-6.4999999999969,-39.9054931488124,-11.2583302491995));
#663= IFCCARTESIANPOINT((4.02727742892113E-12,-39.9054931488124,-13.));
#664= IFCCARTESIANPOINT((6.50000000000388,-39.9054931488124,-11.2583302491955));
#665= IFCCARTESIANPOINT((11.2583302492002,-39.9054931488124,-6.49999999999573));
#666= IFCCARTESIANPOINT((13.,-19.9054931486735,0.));
#667= IFCCARTESIANPOINT((11.2583302491975,-19.9054931486735,6.50000000000039));
#668= IFCCARTESIANPOINT((6.49999999999922,-19.9054931486735,11.2583302491982));
#669= IFCCARTESIANPOINT((-1.34723677608042E-12,-19.9054931486735,13.));
#670= IFCCARTESIANPOINT((-6.50000000000155,-19.9054931486735,11.2583302491968));
#671= IFCCARTESIANPOINT((-11.2583302491988,-19.9054931486735,6.49999999999806));
#672= IFCCARTESIANPOINT((-13.,-19.9054931486735,-2.69447355216084E-12));
#673= IFCCARTESIANPOINT((-11.2583302491961,-19.9054931486735,-6.50000000000272));
#674= IFCCARTESIANPOINT((-6.4999999999969,-19.9054931486735,-11.2583302491995));
#675= IFCCARTESIANPOINT((4.02727742892113E-12,-19.9054931486735,-13.));
#676= IFCCARTESIANPOINT((6.50000000000388,-19.9054931486735,-11.2583302491955));
#677= IFCCARTESIANPOINT((11.2583302492002,-19.9054931486735,-6.49999999999573));
#678= IFCPOLYLOOP((#654,#655,#656,#657,#658,#659,#660,#661,#662,#663,#664,#665));
#679= IFCFACEOUTERBOUND(#678,.T.);
#680= IFCFACE((#679));
#681= IFCPOLYLOOP((#677,#676,#675,#674,#673,#672,#671,#670,#669,#668,#667,#666));
#682= IFCFACEOUTERBOUND(#681,.T.);
#683= IFCFACE((#682));
#684= IFCPOLYLOOP((#654,#666,#667,#655));
#685= IFCFACEOUTERBOUND(#684,.T.);
#686= IFCFACE((#685));
#687= IFCPOLYLOOP((#655,#667,#668,#656));
#688= IFCFACEOUTERBOUND(#687,.T.);
#689= IFCFACE((#688));
#690= IFCPOLYLOOP((#656,#668,#669,#657));
#691= IFCFACEOUTERBOUND(#690,.T.);
#692= IFCFACE((#691));
#693= IFCPOLYLOOP((#657,#669,#670,#658));
#694= IFCFACEOUTERBOUND(#693,.T.);
#695= IFCFACE((#694));
#696= IFCPOLYLOOP((#658,#670,#671,#659));
#697= IFCFACEOUTERBOUND(#696,.T.);
#698= IFCFACE((#697));
#699= IFCPOLYLOOP((#659,#671,#672,#660));
#700= IFCFACEOUTERBOUND(#699,.T.);
#701= IFCFACE((#700));
#702= IFCPOLYLOOP((#660,#672,#673,#661));
#703= IFCFACEOUTERBOUND(#702,.T.);
#704= IFCFACE((#703));
#705= IFCPOLYLOOP((#661,#673,#674,#662));
#706= IFCFACEOUTERBOUND(#705,.T.);
#707= IFCFACE((#706));
#708= IFCPOLYLOOP((#662,#674,#675,#663));
#709= IFCFACEOUTERBOUND(#708,.T.);
#710= IFCFACE((#709));
#711= IFCPOLYLOOP((#663,#675,#676,#664));
#712= IFCFACEOUTERBOUND(#711,.T.);
#713= IFCFACE((#712));
#714= IFCPOLYLOOP((#664,#676,#677,#665));
#715= IFCFACEOUTERBOUND(#714,.T.);
#716= IFCFACE((#715));
#717= IFCPOLYLOOP((#665,#677,#666,#654));
#718= IFCFACEOUTERBOUND(#717,.T.);
#719= IFCFACE((#718));
#720= IFCCARTESIANPOINT((13.,-20.0999999847572,0.));
#721= IFCCARTESIANPOINT((11.2583302491975,-20.0999999847572,6.50000000000039));
#722= IFCCARTESIANPOINT((6.49999999999922,-20.0999999847572,11.2583302491982));
#723= IFCCARTESIANPOINT((-1.34723677608042E-12,-20.0999999847572,13.));
#724= IFCCARTESIANPOINT((-6.50000000000155,-20.0999999847572,11.2583302491968));
#725= IFCCARTESIANPOINT((-11.2583302491988,-20.0999999847572,6.49999999999806));
#726= IFCCARTESIANPOINT((-13.,-20.0999999847572,-2.69447355216084E-12));
#727= IFCCARTESIANPOINT((-11.2583302491961,-20.0999999847572,-6.50000000000272));
#728= IFCCARTESIANPOINT((-6.4999999999969,-20.0999999847572,-11.2583302491995));
#729= IFCCARTESIANPOINT((4.02727742892113E-12,-20.0999999847572,-13.));
#730= IFCCARTESIANPOINT((6.50000000000388,-20.0999999847572,-11.2583302491955));
#731= IFCCARTESIANPOINT((11.2583302492002,-20.0999999847572,-6.49999999999573));
#732= IFCCARTESIANPOINT((13.,1.53817012460422E-08,0.));
#733= IFCCARTESIANPOINT((11.2583302491975,1.53817012460422E-08,6.50000000000039));
#734= IFCCARTESIANPOINT((6.49999999999922,1.53817012460422E-08,11.2583302491982));
#735= IFCCARTESIANPOINT((-1.34723677608042E-12,1.53817012460422E-08,13.));
#736= IFCCARTESIANPOINT((-6.50000000000155,1.53817012460422E-08,11.2583302491968));
#737= IFCCARTESIANPOINT((-11.2583302491988,1.53817012460422E-08,6.49999999999806));
#738= IFCCARTESIANPOINT((-13.,1.53817012460422E-08,-2.69447355216084E-12));
#739= IFCCARTESIANPOINT((-11.2583302491961,1.53817012460422E-08,-6.50000000000272));
#740= IFCCARTESIANPOINT((-6.4999999999969,1.53817012460422E-08,-11.2583302491995));
#741= IFCCARTESIANPOINT((4.02727742892113E-12,1.53817012460422E-08,-13.));
#742= IFCCARTESIANPOINT((6.50000000000388,1.53817012460422E-08,-11.2583302491955));
#743= IFCCARTESIANPOINT((11.2583302492002,1.53817012460422E-08,-6.49999999999573));
#744= IFCPOLYLOOP((#720,#721,#722,#723,#724,#725,#726,#727,#728,#729,#730,#731));
#745= IFCFACEOUTERBOUND(#744,.T.);
#746= IFCFACE((#745));
#747= IFCPOLYLOOP((#743,#742,#741,#740,#739,#738,#737,#736,#735,#734,#733,#732));
#748= IFCFACEOUTERBOUND(#747,.T.);
#749= IFCFACE((#748));
#750= IFCPOLYLOOP((#720,#732,#733,#721));
#751= IFCFACEOUTERBOUND(#750,.T.);
#752= IFCFACE((#751));
#753= IFCPOLYLOOP((#721,#733,#734,#722));
#754= IFCFACEOUTERBOUND(#753,.T.);
#755= IFCFACE((#754));
#756= IFCPOLYLOOP((#722,#734,#735,#723));
#757= IFCFACEOUTERBOUND(#756,.T.);
#758= IFCFACE((#757));
#759= IFCPOLYLOOP((#723,#735,#736,#724));
#760= IFCFACEOUTERBOUND(#759,.T.);
#761= IFCFACE((#760));
#762= IFCPOLYLOOP((#724,#736,#737,#725));
#763= IFCFACEOUTERBOUND(#762,.T.);
#764= IFCFACE((#763));
#765= IFCPOLYLOOP((#725,#737,#738,#726));
#766= IFCFACEOUTERBOUND(#765,.T.);
#767= IFCFACE((#766));
#768= IFCPOLYLOOP((#726,#738,#739,#727));
#769= IFCFACEOUTERBOUND(#768,.T.);
#770= IFCFACE((#769));
#771= IFCPOLYLOOP((#727,#739,#740,#728));
#772= IFCFACEOUTERBOUND(#771,.T.);
#773= IFCFACE((#772));
#774= IFCPOLYLOOP((#728,#740,#741,#729));
#775= IFCFACEOUTERBOUND(#774,.T.);
#776= IFCFACE((#775));
#777= IFCPOLYLOOP((#729,#741,#742,#730));
#778= IFCFACEOUTERBOUND(#777,.T.);
#779= IFCFACE((#778));
#780= IFCPOLYLOOP((#730,#742,#743,#731));
#781= IFCFACEOUTERBOUND(#780,.T.);
#782= IFCFACE((#781));
#783= IFCPOLYLOOP((#731,#743,#732,#720));
#784= IFCFACEOUTERBOUND(#783,.T.);
#785= IFCFACE((#784));
#786= IFCCARTESIANPOINT((20.7846096908265,-63.7654931488124,0.));
#787= IFCCARTESIANPOINT((10.3923048454133,-63.7654931488124,18.));
#788= IFCCARTESIANPOINT((-10.3923048454133,-63.7654931488124,18.));
#789= IFCCARTESIANPOINT((-20.7846096908265,-63.7654931488124,2.54538057293978E-15));
#790= IFCCARTESIANPOINT((-10.3923048454133,-63.7654931488124,-18.));
#791= IFCCARTESIANPOINT((10.3923048454132,-63.7654931488124,-18.));
#792= IFCCARTESIANPOINT((20.7846096908265,-47.9254931488124,0.));
#793= IFCCARTESIANPOINT((10.3923048454133,-47.9254931488124,18.));
#794= IFCCARTESIANPOINT((-10.3923048454133,-47.9254931488124,18.));
#795= IFCCARTESIANPOINT((-20.7846096908265,-47.9254931488124,2.54538057293978E-15));
#796= IFCCARTESIANPOINT((-10.3923048454133,-47.9254931488124,-18.));
#797= IFCCARTESIANPOINT((10.3923048454132,-47.9254931488124,-18.));
#798= IFCPOLYLOOP((#786,#787,#788,#789,#790,#791));
#799= IFCFACEOUTERBOUND(#798,.T.);
#800= IFCFACE((#799));
#801= IFCPOLYLOOP((#797,#796,#795,#794,#793,#792));
#802= IFCFACEOUTERBOUND(#801,.T.);
#803= IFCFACE((#802));
#804= IFCPOLYLOOP((#786,#792,#793,#787));
#805= IFCFACEOUTERBOUND(#804,.T.);
#806= IFCFACE((#805));
#807= IFCPOLYLOOP((#787,#793,#794,#788));
#808= IFCFACEOUTERBOUND(#807,.T.);
#809= IFCFACE((#808));
#810= IFCPOLYLOOP((#788,#794,#795,#789));
#811= IFCFACEOUTERBOUND(#810,.T.);
#812= IFCFACE((#811));
#813= IFCPOLYLOOP((#789,#795,#796,#790));
#814= IFCFACEOUTERBOUND(#813,.T.);
#815= IFCFACE((#814));
#816= IFCPOLYLOOP((#790,#796,#797,#791));
#817= IFCFACEOUTERBOUND(#816,.T.);
#818= IFCFACE((#817));
#819= IFCPOLYLOOP((#791,#797,#792,#786));
#820= IFCFACEOUTERBOUND(#819,.T.);
#821= IFCFACE((#820));
#822= IFCCARTESIANPOINT((12.,-47.9254931488124,0.));
#823= IFCCARTESIANPOINT((10.3923048454131,-47.9254931488124,6.00000000000036));
#824= IFCCARTESIANPOINT((5.99999999999928,-47.9254931488124,10.3923048454137));
#825= IFCCARTESIANPOINT((-1.24360317792039E-12,-47.9254931488124,12.));
#826= IFCCARTESIANPOINT((-6.00000000000143,-47.9254931488124,10.3923048454124));
#827= IFCCARTESIANPOINT((-10.3923048454143,-47.9254931488124,5.99999999999821));
#828= IFCCARTESIANPOINT((-12.,-47.9254931488124,-2.48720635584077E-12));
#829= IFCCARTESIANPOINT((-10.3923048454118,-47.9254931488124,-6.00000000000251));
#830= IFCCARTESIANPOINT((-5.99999999999713,-47.9254931488124,-10.3923048454149));
#831= IFCCARTESIANPOINT((3.71748685746566E-12,-47.9254931488124,-12.));
#832= IFCCARTESIANPOINT((6.00000000000358,-47.9254931488124,-10.3923048454112));
#833= IFCCARTESIANPOINT((10.3923048454155,-47.9254931488124,-5.99999999999605));
#834= IFCCARTESIANPOINT((12.,37.0745068511876,0.));
#835= IFCCARTESIANPOINT((10.3923048454131,37.0745068511876,6.00000000000036));
#836= IFCCARTESIANPOINT((5.99999999999928,37.0745068511876,10.3923048454137));
#837= IFCCARTESIANPOINT((-1.24360317792039E-12,37.0745068511876,12.));
#838= IFCCARTESIANPOINT((-6.00000000000143,37.0745068511876,10.3923048454124));
#839= IFCCARTESIANPOINT((-10.3923048454143,37.0745068511876,5.99999999999821));
#840= IFCCARTESIANPOINT((-12.,37.0745068511876,-2.48720635584077E-12));
#841= IFCCARTESIANPOINT((-10.3923048454118,37.0745068511876,-6.00000000000251));
#842= IFCCARTESIANPOINT((-5.99999999999713,37.0745068511876,-10.3923048454149));
#843= IFCCARTESIANPOINT((3.71748685746566E-12,37.0745068511876,-12.));
#844= IFCCARTESIANPOINT((6.00000000000358,37.0745068511876,-10.3923048454112));
#845= IFCCARTESIANPOINT((10.3923048454155,37.0745068511876,-5.99999999999605));
#846= IFCPOLYLOOP((#822,#823,#824,#825,#826,#827,#828,#829,#830,#831,#832,#833));
#847= IFCFACEOUTERBOUND(#846,.T.);
#848= IFCFACE((#847));
#849= IFCPOLYLOOP((#845,#844,#843,#842,#841,#840,#839,#838,#837,#836,#835,#834));
#850= IFCFACEOUTERBOUND(#849,.T.);
#851= IFCFACE((#850));
#852= IFCPOLYLOOP((#822,#834,#835,#823));
#853= IFCFACEOUTERBOUND(#852,.T.);
#854= IFCFACE((#853));
#855= IFCPOLYLOOP((#823,#835,#836,#824));
#856= IFCFACEOUTERBOUND(#855,.T.);
#857= IFCFACE((#856));
#858= IFCPOLYLOOP((#824,#836,#837,#825));
#859= IFCFACEOUTERBOUND(#858,.T.);
#860= IFCFACE((#859));
#861= IFCPOLYLOOP((#825,#837,#838,#826));
#862= IFCFACEOUTERBOUND(#861,.T.);
#863= IFCFACE((#862));
#864= IFCPOLYLOOP((#826,#838,#839,#827));
#865= IFCFACEOUTERBOUND(#864,.T.);
#866= IFCFACE((#865));
#867= IFCPOLYLOOP((#827,#839,#840,#828));
#868= IFCFACEOUTERBOUND(#867,.T.);
#869= IFCFACE((#868));
#870= IFCPOLYLOOP((#828,#840,#841,#829));
#871= IFCFACEOUTERBOUND(#870,.T.);
#872= IFCFACE((#871));
#873= IFCPOLYLOOP((#829,#841,#842,#830));
#874= IFCFACEOUTERBOUND(#873,.T.);
#875= IFCFACE((#874));
#876= IFCPOLYLOOP((#830,#842,#843,#831));
#877= IFCFACEOUTERBOUND(#876,.T.);
#878= IFCFACE((#877));
#879= IFCPOLYLOOP((#831,#843,#844,#832));
#880= IFCFACEOUTERBOUND(#879,.T.);
#881= IFCFACE((#880));
#882= IFCPOLYLOOP((#832,#844,#845,#833));
#883= IFCFACEOUTERBOUND(#882,.T.);
#884= IFCFACE((#883));
#885= IFCPOLYLOOP((#833,#845,#834,#822));
#886= IFCFACEOUTERBOUND(#885,.T.);
#887= IFCFACE((#886));
#888= IFCCARTESIANPOINT((21.6,-47.9254931488124,0.));
#889= IFCCARTESIANPOINT((18.7061487217435,-47.9254931488124,10.8000000000006));
#890= IFCCARTESIANPOINT((10.7999999999987,-47.9254931488124,18.7061487217446));
#891= IFCCARTESIANPOINT((-2.2384857202567E-12,-47.9254931488124,21.6));
#892= IFCCARTESIANPOINT((-10.8000000000026,-47.9254931488124,18.7061487217424));
#893= IFCCARTESIANPOINT((-18.7061487217457,-47.9254931488124,10.7999999999968));
#894= IFCCARTESIANPOINT((-21.6,-47.9254931488124,-4.47697144051339E-12));
#895= IFCCARTESIANPOINT((-18.7061487217413,-47.9254931488124,-10.8000000000045));
#896= IFCCARTESIANPOINT((-10.7999999999948,-47.9254931488124,-18.7061487217469));
#897= IFCCARTESIANPOINT((6.69147634343819E-12,-47.9254931488124,-21.6));
#898= IFCCARTESIANPOINT((10.8000000000064,-47.9254931488124,-18.7061487217402));
#899= IFCCARTESIANPOINT((18.706148721748,-47.9254931488124,-10.7999999999929));
#900= IFCCARTESIANPOINT((21.6,-40.0054931488124,0.));
#901= IFCCARTESIANPOINT((18.7061487217435,-40.0054931488124,10.8000000000006));
#902= IFCCARTESIANPOINT((10.7999999999987,-40.0054931488124,18.7061487217446));
#903= IFCCARTESIANPOINT((-2.2384857202567E-12,-40.0054931488124,21.6));
#904= IFCCARTESIANPOINT((-10.8000000000026,-40.0054931488124,18.7061487217424));
#905= IFCCARTESIANPOINT((-18.7061487217457,-40.0054931488124,10.7999999999968));
#906= IFCCARTESIANPOINT((-21.6,-40.0054931488124,-4.47697144051339E-12));
#907= IFCCARTESIANPOINT((-18.7061487217413,-40.0054931488124,-10.8000000000045));
#908= IFCCARTESIANPOINT((-10.7999999999948,-40.0054931488124,-18.7061487217469));
#909= IFCCARTESIANPOINT((6.69147634343819E-12,-40.0054931488124,-21.6));
#910= IFCCARTESIANPOINT((10.8000000000064,-40.0054931488124,-18.7061487217402));
#911= IFCCARTESIANPOINT((18.706148721748,-40.0054931488124,-10.7999999999929));
#912= IFCPOLYLOOP((#888,#889,#890,#891,#892,#893,#894,#895,#896,#897,#898,#899));
#913= IFCFACEOUTERBOUND(#912,.T.);
#914= IFCFACE((#913));
#915= IFCPOLYLOOP((#911,#910,#909,#908,#907,#906,#905,#904,#903,#902,#901,#900));
#916= IFCFACEOUTERBOUND(#915,.T.);
#917= IFCFACE((#916));
#918= IFCPOLYLOOP((#888,#900,#901,#889));
#919= IFCFACEOUTERBOUND(#918,.T.);
#920= IFCFACE((#919));
#921= IFCPOLYLOOP((#889,#901,#902,#890));
#922= IFCFACEOUTERBOUND(#921,.T.);
#923= IFCFACE((#922));
#924= IFCPOLYLOOP((#890,#902,#903,#891));
#925= IFCFACEOUTERBOUND(#924,.T.);
#926= IFCFACE((#925));
#927= IFCPOLYLOOP((#891,#903,#904,#892));
#928= IFCFACEOUTERBOUND(#927,.T.);
#929= IFCFACE((#928));
#930= IFCPOLYLOOP((#892,#904,#905,#893));
#931= IFCFACEOUTERBOUND(#930,.T.);
#932= IFCFACE((#931));
#933= IFCPOLYLOOP((#893,#905,#906,#894));
#934= IFCFACEOUTERBOUND(#933,.T.);
#935= IFCFACE((#934));
#936= IFCPOLYLOOP((#894,#906,#907,#895));
#937= IFCFACEOUTERBOUND(#936,.T.);
#938= IFCFACE((#937));
#939= IFCPOLYLOOP((#895,#907,#908,#896));
#940= IFCFACEOUTERBOUND(#939,.T.);
#941= IFCFACE((#940));
#942= IFCPOLYLOOP((#896,#908,#909,#897));
#943= IFCFACEOUTERBOUND(#942,.T.);
#944= IFCFACE((#943));
#945= IFCPOLYLOOP((#897,#909,#910,#898));
#946= IFCFACEOUTERBOUND(#945,.T.);
#947= IFCFACE((#946));
#948= IFCPOLYLOOP((#898,#910,#911,#899));
#949= IFCFACEOUTERBOUND(#948,.T.);
#950= IFCFACE((#949));
#951= IFCPOLYLOOP((#899,#911,#900,#888));
#952= IFCFACEOUTERBOUND(#951,.T.);
#953= IFCFACE((#952));
#954= IFCCARTESIANPOINT((21.6,1.53817012460422E-08,0.));
#955= IFCCARTESIANPOINT((18.7061487217435,1.53817012460422E-08,10.8000000000006));
#956= IFCCARTESIANPOINT((10.7999999999987,1.53817012460422E-08,18.7061487217446));
#957= IFCCARTESIANPOINT((-2.2384857202567E-12,1.53817012460422E-08,21.6));
#958= IFCCARTESIANPOINT((-10.8000000000026,1.53817012460422E-08,18.7061487217424));
#959= IFCCARTESIANPOINT((-18.7061487217457,1.53817012460422E-08,10.7999999999968));
#960= IFCCARTESIANPOINT((-21.6,1.53817012460422E-08,-4.47697144051339E-12));
#961= IFCCARTESIANPOINT((-18.7061487217413,1.53817012460422E-08,-10.8000000000045));
#962= IFCCARTESIANPOINT((-10.7999999999948,1.53817012460422E-08,-18.7061487217469));
#963= IFCCARTESIANPOINT((6.69147634343819E-12,1.53817012460422E-08,-21.6));
#964= IFCCARTESIANPOINT((10.8000000000064,1.53817012460422E-08,-18.7061487217402));
#965= IFCCARTESIANPOINT((18.706148721748,1.53817012460422E-08,-10.7999999999929));
#966= IFCCARTESIANPOINT((21.6,7.9200000153817,0.));
#967= IFCCARTESIANPOINT((18.7061487217435,7.9200000153817,10.8000000000006));
#968= IFCCARTESIANPOINT((10.7999999999987,7.9200000153817,18.7061487217446));
#969= IFCCARTESIANPOINT((-2.2384857202567E-12,7.9200000153817,21.6));
#970= IFCCARTESIANPOINT((-10.8000000000026,7.9200000153817,18.7061487217424));
#971= IFCCARTESIANPOINT((-18.7061487217457,7.9200000153817,10.7999999999968));
#972= IFCCARTESIANPOINT((-21.6,7.9200000153817,-4.47697144051339E-12));
#973= IFCCARTESIANPOINT((-18.7061487217413,7.9200000153817,-10.8000000000045));
#974= IFCCARTESIANPOINT((-10.7999999999948,7.9200000153817,-18.7061487217469));
#975= IFCCARTESIANPOINT((6.69147634343819E-12,7.9200000153817,-21.6));
#976= IFCCARTESIANPOINT((10.8000000000064,7.9200000153817,-18.7061487217402));
#977= IFCCARTESIANPOINT((18.706148721748,7.9200000153817,-10.7999999999929));
#978= IFCPOLYLOOP((#954,#955,#956,#957,#958,#959,#960,#961,#962,#963,#964,#965));
#979= IFCFACEOUTERBOUND(#978,.T.);
#980= IFCFACE((#979));
#981= IFCPOLYLOOP((#977,#976,#975,#974,#973,#972,#971,#970,#969,#968,#967,#966));
#982= IFCFACEOUTERBOUND(#981,.T.);
#983= IFCFACE((#982));
#984= IFCPOLYLOOP((#954,#966,#967,#955));
#985= IFCFACEOUTERBOUND(#984,.T.);
#986= IFCFACE((#985));
#987= IFCPOLYLOOP((#955,#967,#968,#956));
#988= IFCFACEOUTERBOUND(#987,.T.);
#989= IFCFACE((#988));
#990= IFCPOLYLOOP((#956,#968,#969,#957));
#991= IFCFACEOUTERBOUND(#990,.T.);
#992= IFCFACE((#991));
#993= IFCPOLYLOOP((#957,#969,#970,#958));
#994= IFCFACEOUTERBOUND(#993,.T.);
#995= IFCFACE((#994));
#996= IFCPOLYLOOP((#958,#970,#971,#959));
#997= IFCFACEOUTERBOUND(#996,.T.);
#998= IFCFACE((#997));
#999= IFCPOLYLOOP((#959,#971,#972,#960));
#1000= IFCFACEOUTERBOUND(#999,.T.);
#1001= IFCFACE((#1000));
#1002= IFCPOLYLOOP((#960,#972,#973,#961));
#1003= IFCFACEOUTERBOUND(#1002,.T.);
#1004= IFCFACE((#1003));
#1005= IFCPOLYLOOP((#961,#973,#974,#962));
#1006= IFCFACEOUTERBOUND(#1005,.T.);
#1007= IFCFACE((#1006));
#1008= IFCPOLYLOOP((#962,#974,#975,#963));
#1009= IFCFACEOUTERBOUND(#1008,.T.);
#1010= IFCFACE((#1009));
#1011= IFCPOLYLOOP((#963,#975,#976,#964));
#1012= IFCFACEOUTERBOUND(#1011,.T.);
#1013= IFCFACE((#1012));
#1014= IFCPOLYLOOP((#964,#976,#977,#965));
#1015= IFCFACEOUTERBOUND(#1014,.T.);
#1016= IFCFACE((#1015));
#1017= IFCPOLYLOOP((#965,#977,#966,#954));
#1018= IFCFACEOUTERBOUND(#1017,.T.);
#1019= IFCFACE((#1018));
#1020= IFCCARTESIANPOINT((23.0016347245147,7.9200000153817,0.));
#1021= IFCCARTESIANPOINT((11.5008173622573,7.9200000153817,19.92));
#1022= IFCCARTESIANPOINT((-11.5008173622573,7.9200000153817,19.92));
#1023= IFCCARTESIANPOINT((-23.0016347245147,7.9200000153817,2.81688783405335E-15));
#1024= IFCCARTESIANPOINT((-11.5008173622574,7.9200000153817,-19.92));
#1025= IFCCARTESIANPOINT((11.5008173622573,7.9200000153817,-19.92));
#1026= IFCCARTESIANPOINT((23.0016347245147,23.7600000153817,0.));
#1027= IFCCARTESIANPOINT((11.5008173622573,23.7600000153817,19.92));
#1028= IFCCARTESIANPOINT((-11.5008173622573,23.7600000153817,19.92));
#1029= IFCCARTESIANPOINT((-23.0016347245147,23.7600000153817,2.81688783405335E-15));
#1030= IFCCARTESIANPOINT((-11.5008173622574,23.7600000153817,-19.92));
#1031= IFCCARTESIANPOINT((11.5008173622573,23.7600000153817,-19.92));
#1032= IFCPOLYLOOP((#1020,#1021,#1022,#1023,#1024,#1025));
#1033= IFCFACEOUTERBOUND(#1032,.T.);
#1034= IFCFACE((#1033));
#1035= IFCPOLYLOOP((#1031,#1030,#1029,#1028,#1027,#1026));
#1036= IFCFACEOUTERBOUND(#1035,.T.);
#1037= IFCFACE((#1036));
#1038= IFCPOLYLOOP((#1020,#1026,#1027,#1021));
#1039= IFCFACEOUTERBOUND(#1038,.T.);
#1040= IFCFACE((#1039));
#1041= IFCPOLYLOOP((#1021,#1027,#1028,#1022));
#1042= IFCFACEOUTERBOUND(#1041,.T.);
#1043= IFCFACE((#1042));
#1044= IFCPOLYLOOP((#1022,#1028,#1029,#1023));
#1045= IFCFACEOUTERBOUND(#1044,.T.);
#1046= IFCFACE((#1045));
#1047= IFCPOLYLOOP((#1023,#1029,#1030,#1024));
#1048= IFCFACEOUTERBOUND(#1047,.T.);
#1049= IFCFACE((#1048));
#1050= IFCPOLYLOOP((#1024,#1030,#1031,#1025));
#1051= IFCFACEOUTERBOUND(#1050,.T.);
#1052= IFCFACE((#1051));
#1053= IFCPOLYLOOP((#1025,#1031,#1026,#1020));
#1054= IFCFACEOUTERBOUND(#1053,.T.);
#1055= IFCFACE((#1054));
#1056= IFCCLOSEDSHELL((#800,#803,#806,#809,#812,#815,#818,#821,#848,#851,#854,#857,#860,#863,#866,#869,#872,#875,#878,#881,#884,#887,#914,#917,#920,#923,#926,#929,#932,#935,#938,#941,#944,#947,#950,#953,#980,#983,#986,#989,#992,#995,#998,#1001,#1004,#1007,#1010,#1013,#1016,#1019,#1034,#1037,#1040,#1043,#1046,#1049,#1052,#1055));
#1057= IFCFACETEDBREP(#1056);
#1058= IFCSTYLEDITEM(#1057,(#48),$);
#1059= IFCCLOSEDSHELL((#680,#683,#686,#689,#692,#695,#698,#701,#704,#707,#710,#713,#716,#719,#746,#749,#752,#755,#758,#761,#764,#767,#770,#773,#776,#779,#782,#785));
#1060= IFCFACETEDBREP(#1059);
#1061= IFCSTYLEDITEM(#1060,(#119),$);
#1062= IFCSHAPEREPRESENTATION(#12,'Body','Brep',(#1057,#1060));
#1063= IFCREPRESENTATIONMAP(#10,#1062);
#1064= IFCMAPPEDITEM(#1063,#122);
#1065= IFCSHAPEREPRESENTATION(#12,'Body','MappedRepresentation',(#1064));
#1066= IFCPRODUCTDEFINITIONSHAPE($,$,(#1065));
#1067= IFCCARTESIANPOINT((53669.846528271,30162.9298504284,16580.0007692249));
#1068= IFCDIRECTION((-6.0040000025765E-06,-0.999999999981976,0.));
#1069= IFCDIRECTION((0.,0.,-1.));
#1070= IFCAXIS2PLACEMENT3D(#1067,#1068,#1069);
#1071= IFCLOCALPLACEMENT(#42,#1070);
#1072= IFCMECHANICALFASTENER('10ieNGoerA_OBp2IJbvtSd',#653,'Bolt assembly',$,$,#1071,#1066,'ID40b285d0-ca8d-4af9-82f3-0924e5e77727',24.,85.);
#1073= IFCPROPERTYSINGLEVALUE('Washer count',$,IFCINTEGER(2),$);
#1074= IFCPROPERTYSINGLEVALUE('Nut count',$,IFCINTEGER(1),$);
#1075= IFCPROPERTYSINGLEVALUE('Bolt length',$,IFCLENGTHMEASURE(85.),$);
#1076= IFCPROPERTYSET('3$zgOlmGr5mPnUZCMUPURW',#5,'Tekla Bolt','Bolt Properties',(#1073,#136,#137,#138,#1074,#140,#141,#142,#143,#144,#145,#146,#643,#1075,#149,#150));
#1077= IFCMAPPEDITEM(#1063,#122);
#1078= IFCSHAPEREPRESENTATION(#12,'Body','MappedRepresentation',(#1077));
#1079= IFCPRODUCTDEFINITIONSHAPE($,$,(#1078));
#1080= IFCCARTESIANPOINT((53669.845807791,30042.9298504302,16580.0007692249));
#1081= IFCAXIS2PLACEMENT3D(#1080,#1068,#1069);
#1082= IFCLOCALPLACEMENT(#42,#1081);
#1083= IFCMECHANICALFASTENER('39sMSUVQ9DnxEfe_$zSQu2',#653,'Bolt assembly',$,$,#1082,#1079,'IDc9d9671e-7da2-4dc7-b3a9-a3effd71ae02',24.,85.);
#1084= IFCMAPPEDITEM(#1063,#122);
#1085= IFCSHAPEREPRESENTATION(#12,'Body','MappedRepresentation',(#1084));
#1086= IFCPRODUCTDEFINITIONSHAPE($,$,(#1085));
#1087= IFCCARTESIANPOINT((53669.845087311,29922.9298504319,16580.0007692249));
#1088= IFCAXIS2PLACEMENT3D(#1087,#1068,#1069);
#1089= IFCLOCALPLACEMENT(#42,#1088);
#1090= IFCMECHANICALFASTENER('0IepXqGSj6ZBJI7ec3WEqA',#653,'Bolt assembly',$,$,#1089,#1086,'ID12a33874-41cb-468c-b4d2-1e898380ed0a',24.,85.);
#1091= IFCMAPPEDITEM(#1063,#122);
#1092= IFCSHAPEREPRESENTATION(#12,'Body','MappedRepresentation',(#1091));
#1093= IFCPRODUCTDEFINITIONSHAPE($,$,(#1092));
#1094= IFCCARTESIANPOINT((53669.846528271,30162.9298504284,16700.0007692249));
#1095= IFCAXIS2PLACEMENT3D(#1094,#1068,#1069);
#1096= IFCLOCALPLACEMENT(#42,#1095);
#1097= IFCMECHANICALFASTENER('1oi$D43cTE9x2DvOiqQOGM',#653,'Bolt assembly',$,$,#1096,#1093,'ID72b3f344-0e67-4e27-b08d-e58b34698416',24.,85.);
#1098= IFCMAPPEDITEM(#1063,#122);
#1099= IFCSHAPEREPRESENTATION(#12,'Body','MappedRepresentation',(#1098));
#1100= IFCPRODUCTDEFINITIONSHAPE($,$,(#1099));
#1101= IFCCARTESIANPOINT((53669.845087311,29922.9298504319,16700.0007692249));
#1102= IFCAXIS2PLACEMENT3D(#1101,#1068,#1069);
#1103= IFCLOCALPLACEMENT(#42,#1102);
#1104= IFCMECHANICALFASTENER('00q0HiCM58xufSjj$079Ra',#653,'Bolt assembly',$,$,#1103,#1100,'ID00d0046c-3161-48ef-8a5c-b6dfc01c96e4',24.,85.);
#1105= IFCMAPPEDITEM(#1063,#122);
#1106= IFCSHAPEREPRESENTATION(#12,'Body','MappedRepresentation',(#1105));
#1107= IFCPRODUCTDEFINITIONSHAPE($,$,(#1106));
#1108= IFCCARTESIANPOINT((53669.846528271,30162.9298504284,16815.0007692249));
#1109= IFCAXIS2PLACEMENT3D(#1108,#1068,#1069);
#1110= IFCLOCALPLACEMENT(#42,#1109);
#1111= IFCMECHANICALFASTENER('2BxJC7TtH7NgmzeGiMcoWw',#653,'Bolt assembly',$,$,#1110,#1107,'ID8bed3307-7774-475e-ac3d-a10b169b283a',24.,85.);
#1112= IFCMAPPEDITEM(#1063,#122);
#1113= IFCSHAPEREPRESENTATION(#12,'Body','MappedRepresentation',(#1112));
#1114= IFCPRODUCTDEFINITIONSHAPE($,$,(#1113));
#1115= IFCCARTESIANPOINT((53669.845087311,29922.9298504319,16815.0007692249));
#1116= IFCAXIS2PLACEMENT3D(#1115,#1068,#1069);
#1117= IFCLOCALPLACEMENT(#42,#1116);
#1118= IFCMECHANICALFASTENER('1Mf$bNh1P6cAcLPu36z1DM',#653,'Bolt assembly',$,$,#1117,#1114,'ID56a7f957-ac16-4698-a995-6780c6f41356',24.,85.);
#1119= IFCMAPPEDITEM(#1063,#122);
#1120= IFCSHAPEREPRESENTATION(#12,'Body','MappedRepresentation',(#1119));
#1121= IFCPRODUCTDEFINITIONSHAPE($,$,(#1120));
#1122= IFCCARTESIANPOINT((53669.846528271,30162.9298504284,16930.0007692249));
#1123= IFCAXIS2PLACEMENT3D(#1122,#1068,#1069);
#1124= IFCLOCALPLACEMENT(#42,#1123);
#1125= IFCMECHANICALFASTENER('2LWFG1vXn7JvXSB37eETSM',#653,'Bolt assembly',$,$,#1124,#1121,'ID9580f401-e61c-474f-985c-2c31e839d716',24.,85.);
#1126= IFCMAPPEDITEM(#1063,#122);
#1127= IFCSHAPEREPRESENTATION(#12,'Body','MappedRepresentation',(#1126));
#1128= IFCPRODUCTDEFINITIONSHAPE($,$,(#1127));
#1129= IFCCARTESIANPOINT((53669.845807791,30042.9298504302,16930.0007692249));
#1130= IFCAXIS2PLACEMENT3D(#1129,#1068,#1069);
#1131= IFCLOCALPLACEMENT(#42,#1130);
#1132= IFCMECHANICALFASTENER('06vMbxufPB4gDF0Qg2j9QS',#653,'Bolt assembly',$,$,#1131,#1128,'ID06e5697b-e296-4b12-a34f-01aa82b4969c',24.,85.);
#1133= IFCMAPPEDITEM(#1063,#122);
#1134= IFCSHAPEREPRESENTATION(#12,'Body','MappedRepresentation',(#1133));
#1135= IFCPRODUCTDEFINITIONSHAPE($,$,(#1134));
#1136= IFCCARTESIANPOINT((53669.845087311,29922.9298504319,16930.0007692249));
#1137= IFCAXIS2PLACEMENT3D(#1136,#1068,#1069);
#1138= IFCLOCALPLACEMENT(#42,#1137);
#1139= IFCMECHANICALFASTENER('1bxXpJPhX8FfeZCqa9bMjg',#653,'Bolt assembly',$,$,#1138,#1135,'ID65ee1cd3-66b8-483e-9a23-334909956b6a',24.,85.);
#1140= IFCCOLOURRGB('Dark Gray',0.709803921568627,0.403921568627451,0.2);
#1141= IFCSURFACESTYLERENDERING(#1140,0.,$,$,$,$,IFCNORMALISEDRATIOMEASURE(0.00390625),IFCSPECULAREXPONENT(10.),.NOTDEFINED.);
#1142= IFCSURFACESTYLE('STEEL/S275',.POSITIVE.,(#1141));
#1143= IFCPRESENTATIONSTYLEASSIGNMENT((#1142));
#1144= IFCCARTESIANPOINT((-2.83762346953154E-10,-5.,20.));
#1145= IFCCARTESIANPOINT((-1.43336364999413E-09,-5.,99.999999999869));
#1146= IFCCARTESIANPOINT((-1.43336364999413E-09,5.,99.999999999869));
#1147= IFCCARTESIANPOINT((-2.83762346953154E-10,5.,20.));
#1148= IFCPOLYLOOP((#1144,#1145,#1146,#1147));
#1149= IFCFACEOUTERBOUND(#1148,.T.);
#1150= IFCFACE((#1149));
#1151= IFCCARTESIANPOINT((3.90180643886561,-5.,100.384294391839));
#1152= IFCCARTESIANPOINT((3.90180643886561,5.,100.384294391839));
#1153= IFCPOLYLOOP((#1145,#1151,#1152,#1146));
#1154= IFCFACEOUTERBOUND(#1153,.T.);
#1155= IFCFACE((#1154));
#1156= IFCCARTESIANPOINT((7.65366864582029,-5.,101.522409349698));
#1157= IFCCARTESIANPOINT((7.65366864582029,5.,101.522409349698));
#1158= IFCPOLYLOOP((#1151,#1156,#1157,#1152));
#1159= IFCFACEOUTERBOUND(#1158,.T.);
#1160= IFCFACE((#1159));
#1161= IFCCARTESIANPOINT((11.1114046588846,-5.,103.370607753888));
#1162= IFCCARTESIANPOINT((11.1114046588846,5.,103.370607753888));
#1163= IFCPOLYLOOP((#1156,#1161,#1162,#1157));
#1164= IFCFACEOUTERBOUND(#1163,.T.);
#1165= IFCFACE((#1164));
#1166= IFCCARTESIANPOINT((14.1421356221908,-5.,105.857864376212));
#1167= IFCCARTESIANPOINT((14.1421356221908,5.,105.857864376212));
#1168= IFCPOLYLOOP((#1161,#1166,#1167,#1162));
#1169= IFCFACEOUTERBOUND(#1168,.T.);
#1170= IFCFACE((#1169));
#1171= IFCCARTESIANPOINT((16.6293922444747,-5.,108.88859533954));
#1172= IFCCARTESIANPOINT((16.6293922444747,5.,108.88859533954));
#1173= IFCPOLYLOOP((#1166,#1171,#1172,#1167));
#1174= IFCFACEOUTERBOUND(#1173,.T.);
#1175= IFCFACE((#1174));
#1176= IFCCARTESIANPOINT((18.4775906486175,-5.,112.346331352612));
#1177= IFCCARTESIANPOINT((18.4775906486175,5.,112.346331352612));
#1178= IFCPOLYLOOP((#1171,#1176,#1177,#1172));
#1179= IFCFACEOUTERBOUND(#1178,.T.);
#1180= IFCFACE((#1179));
#1181= IFCCARTESIANPOINT((19.6157056064258,-5.,116.098193559563));
#1182= IFCCARTESIANPOINT((19.6157056064258,5.,116.098193559563));
#1183= IFCPOLYLOOP((#1176,#1181,#1182,#1177));
#1184= IFCFACEOUTERBOUND(#1183,.T.);
#1185= IFCFACE((#1184));
#1186= IFCCARTESIANPOINT((19.9999999983484,-5.,119.999999999862));
#1187= IFCCARTESIANPOINT((19.9999999983484,5.,119.999999999862));
#1188= IFCPOLYLOOP((#1181,#1186,#1187,#1182));
#1189= IFCFACEOUTERBOUND(#1188,.T.);
#1190= IFCFACE((#1189));
#1191= IFCCARTESIANPOINT((110.000000001375,-5.,119.999999999847));
#1192= IFCCARTESIANPOINT((110.000000001375,5.,119.999999999847));
#1193= IFCPOLYLOOP((#1186,#1191,#1192,#1187));
#1194= IFCFACEOUTERBOUND(#1193,.T.);
#1195= IFCFACE((#1194));
#1196= IFCCARTESIANPOINT((110.384294393327,-5.,116.098193559497));
#1197= IFCCARTESIANPOINT((110.384294393327,5.,116.098193559497));
#1198= IFCPOLYLOOP((#1191,#1196,#1197,#1192));
#1199= IFCFACEOUTERBOUND(#1198,.T.);
#1200= IFCFACE((#1199));
#1201= IFCCARTESIANPOINT((111.522409351201,-5.,112.346331352495));
#1202= IFCCARTESIANPOINT((111.522409351201,5.,112.346331352495));
#1203= IFCPOLYLOOP((#1196,#1201,#1202,#1197));
#1204= IFCFACEOUTERBOUND(#1203,.T.);
#1205= IFCFACE((#1204));
#1206= IFCCARTESIANPOINT((113.370607755416,-5.,108.888595339387));
#1207= IFCCARTESIANPOINT((113.370607755416,5.,108.888595339387));
#1208= IFCPOLYLOOP((#1201,#1206,#1207,#1202));
#1209= IFCFACEOUTERBOUND(#1208,.T.);
#1210= IFCFACE((#1209));
#1211= IFCCARTESIANPOINT((115.85786437778,-5.,105.857864376037));
#1212= IFCCARTESIANPOINT((115.85786437778,5.,105.857864376037));
#1213= IFCPOLYLOOP((#1206,#1211,#1212,#1207));
#1214= IFCFACEOUTERBOUND(#1213,.T.);
#1215= IFCFACE((#1214));
#1216= IFCCARTESIANPOINT((118.888595341188,-5.,103.370607753721));
#1217= IFCCARTESIANPOINT((118.888595341188,5.,103.370607753721));
#1218= IFCPOLYLOOP((#1211,#1216,#1217,#1212));
#1219= IFCFACEOUTERBOUND(#1218,.T.);
#1220= IFCFACE((#1219));
#1221= IFCCARTESIANPOINT((122.346331354325,-5.,101.522409349556));
#1222= IFCCARTESIANPOINT((122.346331354325,5.,101.522409349556));
#1223= IFCPOLYLOOP((#1216,#1221,#1222,#1217));
#1224= IFCFACEOUTERBOUND(#1223,.T.);
#1225= IFCFACE((#1224));
#1226= IFCCARTESIANPOINT((126.098193561367,-5.,100.384294391744));
#1227= IFCCARTESIANPOINT((126.098193561367,5.,100.384294391744));
#1228= IFCPOLYLOOP((#1221,#1226,#1227,#1222));
#1229= IFCFACEOUTERBOUND(#1228,.T.);
#1230= IFCFACE((#1229));
#1231= IFCCARTESIANPOINT((130.000000001724,-5.,99.9999999998472));
#1232= IFCCARTESIANPOINT((130.000000001724,5.,99.9999999998472));
#1233= IFCPOLYLOOP((#1226,#1231,#1232,#1227));
#1234= IFCFACEOUTERBOUND(#1233,.T.);
#1235= IFCFACE((#1234));
#1236= IFCCARTESIANPOINT((130.000000002881,-5.,19.9999999999782));
#1237= IFCCARTESIANPOINT((130.000000002881,5.,19.9999999999782));
#1238= IFCPOLYLOOP((#1231,#1236,#1237,#1232));
#1239= IFCFACEOUTERBOUND(#1238,.T.);
#1240= IFCFACE((#1239));
#1241= IFCCARTESIANPOINT((126.098193562582,-5.,19.6157056080083));
#1242= IFCCARTESIANPOINT((126.098193562582,5.,19.6157056080083));
#1243= IFCPOLYLOOP((#1236,#1241,#1242,#1237));
#1244= IFCFACEOUTERBOUND(#1243,.T.);
#1245= IFCFACE((#1244));
#1246= IFCCARTESIANPOINT((122.346331355628,-5.,18.4775906501454));
#1247= IFCCARTESIANPOINT((122.346331355628,5.,18.4775906501454));
#1248= IFCPOLYLOOP((#1241,#1246,#1247,#1242));
#1249= IFCFACEOUTERBOUND(#1248,.T.);
#1250= IFCFACE((#1249));
#1251= IFCCARTESIANPOINT((118.888595342563,-5.,16.6293922459554));
#1252= IFCCARTESIANPOINT((118.888595342563,5.,16.6293922459554));
#1253= IFCPOLYLOOP((#1246,#1251,#1252,#1247));
#1254= IFCFACEOUTERBOUND(#1253,.T.);
#1255= IFCFACE((#1254));
#1256= IFCCARTESIANPOINT((115.857864379257,-5.,14.1421356236351));
#1257= IFCCARTESIANPOINT((115.857864379257,5.,14.1421356236351));
#1258= IFCPOLYLOOP((#1251,#1256,#1257,#1252));
#1259= IFCFACEOUTERBOUND(#1258,.T.);
#1260= IFCFACE((#1259));
#1261= IFCCARTESIANPOINT((113.370607756973,-5.,11.1114046603034));
#1262= IFCCARTESIANPOINT((113.370607756973,5.,11.1114046603034));
#1263= IFCPOLYLOOP((#1256,#1261,#1262,#1257));
#1264= IFCFACEOUTERBOUND(#1263,.T.);
#1265= IFCFACE((#1264));
#1266= IFCCARTESIANPOINT((111.52240935283,-5.,7.65366864723546));
#1267= IFCCARTESIANPOINT((111.52240935283,5.,7.65366864723546));
#1268= IFCPOLYLOOP((#1261,#1266,#1267,#1262));
#1269= IFCFACEOUTERBOUND(#1268,.T.);
#1270= IFCFACE((#1269));
#1271= IFCCARTESIANPOINT((110.384294395022,-5.,3.90180644028078));
#1272= IFCCARTESIANPOINT((110.384294395022,5.,3.90180644028078));
#1273= IFCPOLYLOOP((#1266,#1271,#1272,#1267));
#1274= IFCFACEOUTERBOUND(#1273,.T.);
#1275= IFCFACE((#1274));
#1276= IFCCARTESIANPOINT((110.0000000031,-5.,-1.45519152283669E-11));
#1277= IFCCARTESIANPOINT((110.0000000031,5.,-1.45519152283669E-11));
#1278= IFCPOLYLOOP((#1271,#1276,#1277,#1272));
#1279= IFCFACEOUTERBOUND(#1278,.T.);
#1280= IFCFACE((#1279));
#1281= IFCCARTESIANPOINT((20.0000000000655,-5.,0.));
#1282= IFCCARTESIANPOINT((20.0000000000655,5.,0.));
#1283= IFCPOLYLOOP((#1276,#1281,#1282,#1277));
#1284= IFCFACEOUTERBOUND(#1283,.T.);
#1285= IFCFACE((#1284));
#1286= IFCCARTESIANPOINT((19.6157056081138,-5.,3.9018064403499));
#1287= IFCCARTESIANPOINT((19.6157056081138,5.,3.9018064403499));
#1288= IFCPOLYLOOP((#1281,#1286,#1287,#1282));
#1289= IFCFACEOUTERBOUND(#1288,.T.);
#1290= IFCFACE((#1289));
#1291= IFCCARTESIANPOINT((18.47759065024,-5.,7.65366864735188));
#1292= IFCCARTESIANPOINT((18.47759065024,5.,7.65366864735188));
#1293= IFCPOLYLOOP((#1286,#1291,#1292,#1287));
#1294= IFCFACEOUTERBOUND(#1293,.T.);
#1295= IFCFACE((#1294));
#1296= IFCCARTESIANPOINT((16.6293922460245,-5.,11.1114046604562));
#1297= IFCCARTESIANPOINT((16.6293922460245,5.,11.1114046604562));
#1298= IFCPOLYLOOP((#1291,#1296,#1297,#1292));
#1299= IFCFACEOUTERBOUND(#1298,.T.);
#1300= IFCFACE((#1299));
#1301= IFCCARTESIANPOINT((14.1421356236606,-5.,14.1421356238061));
#1302= IFCCARTESIANPOINT((14.1421356236606,5.,14.1421356238061));
#1303= IFCPOLYLOOP((#1296,#1301,#1302,#1297));
#1304= IFCFACEOUTERBOUND(#1303,.T.);
#1305= IFCFACE((#1304));
#1306= IFCCARTESIANPOINT((11.1114046602524,-5.,16.6293922461264));
#1307= IFCCARTESIANPOINT((11.1114046602524,5.,16.6293922461264));
#1308= IFCPOLYLOOP((#1301,#1306,#1307,#1302));
#1309= IFCFACEOUTERBOUND(#1308,.T.);
#1310= IFCFACE((#1309));
#1311= IFCCARTESIANPOINT((7.65366864711541,-5.,18.4775906502909));
#1312= IFCCARTESIANPOINT((7.65366864711541,5.,18.4775906502909));
#1313= IFCPOLYLOOP((#1306,#1311,#1312,#1307));
#1314= IFCFACEOUTERBOUND(#1313,.T.);
#1315= IFCFACE((#1314));
#1316= IFCCARTESIANPOINT((3.90180644008069,-5.,19.6157056080992));
#1317= IFCCARTESIANPOINT((3.90180644008069,5.,19.6157056080992));
#1318= IFCPOLYLOOP((#1311,#1316,#1317,#1312));
#1319= IFCFACEOUTERBOUND(#1318,.T.);
#1320= IFCFACE((#1319));
#1321= IFCPOLYLOOP((#1316,#1144,#1147,#1317));
#1322= IFCFACEOUTERBOUND(#1321,.T.);
#1323= IFCFACE((#1322));
#1324= IFCPOLYLOOP((#1152,#1157,#1162,#1167,#1172,#1177,#1182,#1187,#1192,#1197,#1202,#1207,#1212,#1217,#1222,#1227,#1232,#1237,#1242,#1247,#1252,#1257,#1262,#1267,#1272,#1277,#1282,#1287,#1292,#1297,#1302,#1307,#1312,#1317,#1147,#1146));
#1325= IFCFACEOUTERBOUND(#1324,.T.);
#1326= IFCFACE((#1325));
#1327= IFCPOLYLOOP((#1316,#1311,#1306,#1301,#1296,#1291,#1286,#1281,#1276,#1271,#1266,#1261,#1256,#1251,#1246,#1241,#1236,#1231,#1226,#1221,#1216,#1211,#1206,#1201,#1196,#1191,#1186,#1181,#1176,#1171,#1166,#1161,#1156,#1151,#1145,#1144));
#1328= IFCFACEOUTERBOUND(#1327,.T.);
#1329= IFCFACE((#1328));
#1330= IFCCLOSEDSHELL((#1150,#1155,#1160,#1165,#1170,#1175,#1180,#1185,#1190,#1195,#1200,#1205,#1210,#1215,#1220,#1225,#1230,#1235,#1240,#1245,#1250,#1255,#1260,#1265,#1270,#1275,#1280,#1285,#1290,#1295,#1300,#1305,#1310,#1315,#1320,#1323,#1326,#1329));
#1331= IFCFACETEDBREP(#1330);
#1332= IFCSTYLEDITEM(#1331,(#1143),$);
#1333= IFCSHAPEREPRESENTATION(#12,'Body','Brep',(#1331));
#1334= IFCPRODUCTDEFINITIONSHAPE($,$,(#1333));
#1335= IFCCARTESIANPOINT((53629.8406748843,30102.9300906383,16755.0007692249));
#1336= IFCDIRECTION((-0.999999999981976,6.00400000191196E-06,0.));
#1337= IFCAXIS2PLACEMENT3D(#1335,#1068,#1336);
#1338= IFCLOCALPLACEMENT(#42,#1337);
#1339= IFCPLATE('1Q8tARx9P3Jx8FED6CFido',#385,'PLATE-10','PL10*120',$,#1338,#1334,'ID5a23729b-ec96-434f-b20f-38d18c3ec9f2');
#1340= IFCPLATETYPE('3khWZcEDDDAe9$3FSdFHEu',#5,'PL10*120',$,$,$,$,$,$,.NOTDEFINED.);
#1341= IFCPROPERTYSINGLEVALUE('Bottom elevation',$,IFCLABEL(' +16.750'),$);
#1342= IFCPROPERTYSINGLEVALUE('Top elevation',$,IFCLABEL(' +16.760'),$);
#1343= IFCPROPERTYSINGLEVALUE('Initial GUID',$,$,$);
#1344= IFCPROPERTYSINGLEVALUE('Preliminary mark',$,IFCLABEL('5-2-P92'),$);
#1345= IFCPROPERTYSINGLEVALUE('Phase',$,IFCINTEGER(4),$);
#1346= IFCPROPERTYSINGLEVALUE('Class',$,IFCLABEL('22'),$);
#1347= IFCPROPERTYSET('0JIJOb7$1AsAsybmjtz7e3',#5,'Tekla Common','Common Properties to Shared building elements',(#1341,#1342,#1343,#1344,#1345,#1346));
#1348= IFCPROPERTYSINGLEVALUE('Weight',$,IFCMASSMEASURE(1.13),$);
#1349= IFCPROPERTYSINGLEVALUE('Volume',$,IFCVOLUMEMEASURE(0.),$);
#1350= IFCPROPERTYSINGLEVALUE('Gross footprint area',$,IFCAREAMEASURE(0.014),$);
#1351= IFCPROPERTYSINGLEVALUE('Area per tons',$,IFCAREAMEASURE(29.609),$);
#1352= IFCPROPERTYSINGLEVALUE('Net surface area',$,IFCAREAMEASURE(0.033),$);
#1353= IFCPROPERTYSINGLEVALUE('Height',$,IFCLENGTHMEASURE(120.),$);
#1354= IFCPROPERTYSINGLEVALUE('Width',$,IFCLENGTHMEASURE(10.),$);
#1355= IFCPROPERTYSINGLEVALUE('Length',$,IFCLENGTHMEASURE(130.),$);
#1356= IFCPROPERTYSET('2BP3DwsZv438Z37vhnHG01',#5,'Tekla Quantity','Quantity Properties to Shared building elements',(#1348,#1349,#1350,#1351,#1352,#1353,#1354,#1355));
#1357= IFCPROPERTYSINGLEVALUE('LoadBearing',$,IFCBOOLEAN(.F.),$);
#1358= IFCPROPERTYSINGLEVALUE('Reference',$,IFCIDENTIFIER('5-2-P92'),$);
#1359= IFCPROPERTYSET('0waiRxz1r5D8FFkA$fELXi',#5,'Pset_PlateCommon','Common Properties to plate elements',(#1357,#1358));
#1360= IFCQUANTITYLENGTH('Width',$,$,119.99999999988);
#1361= IFCQUANTITYAREA('NetArea',$,$,0.033357463275083);
#1362= IFCQUANTITYAREA('GrossArea',$,$,0.0156000000004141);
#1363= IFCQUANTITYAREA('CrossSectionArea',$,$,0.0001);
#1364= IFCQUANTITYVOLUME('NetVolume',$,$,0.000143514219394064);
#1365= IFCQUANTITYVOLUME('GrossVolume',$,$,0.000143514219394064);
#1366= IFCELEMENTQUANTITY('2KaEvpHlz27gMJJIwoUggD',#5,'BaseQuantities',$,$,(#1360,#1361,#1362,#1363,#1364,#1365));
#1367= IFCMATERIAL('STEEL/S275');
#1368= IFCCARTESIANPOINT((3.63797880709171E-10,-5.,104.999999999985));
#1369= IFCCARTESIANPOINT((3.63797880709171E-10,5.,104.999999999985));
#1370= IFCPOLYLOOP((#1144,#1368,#1369,#1147));
#1371= IFCFACEOUTERBOUND(#1370,.T.);
#1372= IFCFACE((#1371));
#1373= IFCCARTESIANPOINT((130.000000000815,-5.,105.000000000007));
#1374= IFCCARTESIANPOINT((130.000000000815,5.,105.000000000007));
#1375= IFCPOLYLOOP((#1368,#1373,#1374,#1369));
#1376= IFCFACEOUTERBOUND(#1375,.T.);
#1377= IFCFACE((#1376));
#1378= IFCPOLYLOOP((#1373,#1236,#1237,#1374));
#1379= IFCFACEOUTERBOUND(#1378,.T.);
#1380= IFCFACE((#1379));
#1381= IFCPOLYLOOP((#1374,#1237,#1242,#1247,#1252,#1257,#1262,#1267,#1272,#1277,#1282,#1287,#1292,#1297,#1302,#1307,#1312,#1317,#1147,#1369));
#1382= IFCFACEOUTERBOUND(#1381,.T.);
#1383= IFCFACE((#1382));
#1384= IFCPOLYLOOP((#1316,#1311,#1306,#1301,#1296,#1291,#1286,#1281,#1276,#1271,#1266,#1261,#1256,#1251,#1246,#1241,#1236,#1373,#1368,#1144));
#1385= IFCFACEOUTERBOUND(#1384,.T.);
#1386= IFCFACE((#1385));
#1387= IFCCLOSEDSHELL((#1372,#1377,#1380,#1245,#1250,#1255,#1260,#1265,#1270,#1275,#1280,#1285,#1290,#1295,#1300,#1305,#1310,#1315,#1320,#1323,#1383,#1386));
#1388= IFCFACETEDBREP(#1387);
#1389= IFCSTYLEDITEM(#1388,(#1143),$);
#1390= IFCSHAPEREPRESENTATION(#12,'Body','Brep',(#1388));
#1391= IFCPRODUCTDEFINITIONSHAPE($,$,(#1390));
#1392= IFCCARTESIANPOINT((53629.8407349573,30112.9355838022,16755.0007692249));
#1393= IFCDIRECTION((6.0040000025765E-06,0.999999999981976,0.));
#1394= IFCAXIS2PLACEMENT3D(#1392,#1393,#1336);
#1395= IFCLOCALPLACEMENT(#42,#1394);
#1396= IFCPLATE('2K4JolB$b8cPHCJswfFByu',#385,'PLATE-10','PL10*105',$,#1395,#1391,'ID94113caf-2ff9-4899-944c-4f6ea93cbf38');
#1397= IFCPLATETYPE('3MEBf_ARf1VAQL7aDDdnUm',#5,'PL10*105',$,$,$,$,$,$,.NOTDEFINED.);
#1398= IFCPROPERTYSINGLEVALUE('Preliminary mark',$,IFCLABEL('5-2-P99'),$);
#1399= IFCPROPERTYSET('0CpSazzJr6VArn7I1d6HRT',#5,'Tekla Common','Common Properties to Shared building elements',(#1341,#1342,#1343,#1398,#1345,#1346));
#1400= IFCPROPERTYSINGLEVALUE('Weight',$,IFCMASSMEASURE(1.02),$);
#1401= IFCPROPERTYSINGLEVALUE('Area per tons',$,IFCAREAMEASURE(29.905),$);
#1402= IFCPROPERTYSINGLEVALUE('Net surface area',$,IFCAREAMEASURE(0.031),$);
#1403= IFCPROPERTYSINGLEVALUE('Height',$,IFCLENGTHMEASURE(105.),$);
#1404= IFCPROPERTYSET('2wJ10Sbpb6ax46qsvwxI0L',#5,'Tekla Quantity','Quantity Properties to Shared building elements',(#1400,#1349,#1350,#1401,#1402,#1403,#1354,#1355));
#1405= IFCPROPERTYSINGLEVALUE('Reference',$,IFCIDENTIFIER('5-2-P99'),$);
#1406= IFCPROPERTYSET('2ktrADdR15hBN$aSzQsW7D',#5,'Pset_PlateCommon','Common Properties to plate elements',(#1357,#1405));
#1407= IFCQUANTITYLENGTH('Width',$,$,105.);
#1408= IFCQUANTITYAREA('NetArea',$,$,0.030578731637206);
#1409= IFCQUANTITYAREA('GrossArea',$,$,0.01365);
#1410= IFCQUANTITYVOLUME('NetVolume',$,$,0.000130257109695484);
#1411= IFCQUANTITYVOLUME('GrossVolume',$,$,0.000130257109695484);
#1412= IFCELEMENTQUANTITY('1mU$gVgFXCwvPNh72Syird',#5,'BaseQuantities',$,$,(#1407,#1408,#1409,#1363,#1410,#1411));
#1413= IFCSHAPEREPRESENTATION(#12,'Body','Brep',(#1388));
#1414= IFCPRODUCTDEFINITIONSHAPE($,$,(#1413));
#1415= IFCCARTESIANPOINT((53629.8398943643,29972.9300906402,16755.0007692249));
#1416= IFCAXIS2PLACEMENT3D(#1415,#1068,#1336);
#1417= IFCLOCALPLACEMENT(#42,#1416);
#1418= IFCPLATE('0MvqwLUaf3QOGh3RYQfDSg',#385,'PLATE-10','PL10*105',$,#1417,#1414,'ID16e74e95-7a4a-4369-842b-0db89aa4d72a');
#1419= IFCCARTESIANPOINT((-2.91038304567337E-11,-5.,110.));
#1420= IFCCARTESIANPOINT((7.27595761418343E-12,4.99999999999636,110.));
#1421= IFCPOLYLOOP((#1144,#1419,#1420,#1147));
#1422= IFCFACEOUTERBOUND(#1421,.T.);
#1423= IFCFACE((#1422));
#1424= IFCCARTESIANPOINT((50.0000000001528,-4.99999999998909,110.));
#1425= IFCCARTESIANPOINT((50.0000000001892,5.00000000000728,110.));
#1426= IFCPOLYLOOP((#1419,#1424,#1425,#1420));
#1427= IFCFACEOUTERBOUND(#1426,.T.);
#1428= IFCFACE((#1427));
#1429= IFCCARTESIANPOINT((130.000000000429,-4.99999999997817,60.));
#1430= IFCCARTESIANPOINT((130.000000000466,5.00000000001819,60.));
#1431= IFCPOLYLOOP((#1424,#1429,#1430,#1425));
#1432= IFCFACEOUTERBOUND(#1431,.T.);
#1433= IFCFACE((#1432));
#1434= IFCCARTESIANPOINT((130.000000000429,-4.99999999997817,0.));
#1435= IFCCARTESIANPOINT((130.000000000466,5.00000000001819,0.));
#1436= IFCPOLYLOOP((#1429,#1434,#1435,#1430));
#1437= IFCFACEOUTERBOUND(#1436,.T.);
#1438= IFCFACE((#1437));
#1439= IFCPOLYLOOP((#1434,#1281,#1282,#1435));
#1440= IFCFACEOUTERBOUND(#1439,.T.);
#1441= IFCFACE((#1440));
#1442= IFCPOLYLOOP((#1425,#1430,#1435,#1282,#1287,#1292,#1297,#1302,#1307,#1312,#1317,#1147,#1420));
#1443= IFCFACEOUTERBOUND(#1442,.T.);
#1444= IFCFACE((#1443));
#1445= IFCPOLYLOOP((#1316,#1311,#1306,#1301,#1296,#1291,#1286,#1281,#1434,#1429,#1424,#1419,#1144));
#1446= IFCFACEOUTERBOUND(#1445,.T.);
#1447= IFCFACE((#1446));
#1448= IFCCLOSEDSHELL((#1423,#1428,#1433,#1438,#1441,#1290,#1295,#1300,#1305,#1310,#1315,#1320,#1323,#1444,#1447));
#1449= IFCFACETEDBREP(#1448);
#1450= IFCSTYLEDITEM(#1449,(#1143),$);
#1451= IFCSHAPEREPRESENTATION(#12,'Body','Brep',(#1449));
#1452= IFCPRODUCTDEFINITIONSHAPE($,$,(#1451));
#1453= IFCCARTESIANPOINT((53629.8407049042,30107.9300906382,16630.0007692249));
#1454= IFCAXIS2PLACEMENT3D(#1453,#1069,#1336);
#1455= IFCLOCALPLACEMENT(#42,#1454);
#1456= IFCPLATE('2Xh0NfMmjAbBsTRo0v79jn',#653,'PLATE-10','PL10*110',$,#1455,#1452,'IDa1ac05e9-5b0b-4a94-bd9d-6f20391c9b71');
#1457= IFCPLATETYPE('2x2rKvwpT32OwoV$bYZLB0',#5,'PL10*110',$,$,$,$,$,$,.NOTDEFINED.);
#1458= IFCPROPERTYSINGLEVALUE('Bottom elevation',$,IFCLABEL(' +16.520'),$);
#1459= IFCPROPERTYSINGLEVALUE('Top elevation',$,IFCLABEL(' +16.630'),$);
#1460= IFCPROPERTYSINGLEVALUE('Preliminary mark',$,IFCLABEL('5-2-P98'),$);
#1461= IFCPROPERTYSET('2rkQ3hP6f2Of$U5RMpXJoj',#5,'Tekla Common','Common Properties to Shared building elements',(#1458,#1459,#1343,#1460,#1345,#1346));
#1462= IFCPROPERTYSINGLEVALUE('Weight',$,IFCMASSMEASURE(0.94),$);
#1463= IFCPROPERTYSINGLEVALUE('Gross footprint area',$,IFCAREAMEASURE(0.001),$);
#1464= IFCPROPERTYSINGLEVALUE('Area per tons',$,IFCAREAMEASURE(30.108),$);
#1465= IFCPROPERTYSINGLEVALUE('Net surface area',$,IFCAREAMEASURE(0.028),$);
#1466= IFCPROPERTYSINGLEVALUE('Height',$,IFCLENGTHMEASURE(110.),$);
#1467= IFCPROPERTYSET('01y8Al7MDCgxvfDd7xn9ws',#5,'Tekla Quantity','Quantity Properties to Shared building elements',(#1462,#1349,#1463,#1464,#1465,#1466,#1354,#1355));
#1468= IFCPROPERTYSINGLEVALUE('Reference',$,IFCIDENTIFIER('5-2-P98'),$);
#1469= IFCPROPERTYSET('1HLmSS0Rv7VOkpTr$Jpn6R',#5,'Pset_PlateCommon','Common Properties to plate elements',(#1357,#1468));
#1470= IFCQUANTITYLENGTH('Width',$,$,110.);
#1471= IFCQUANTITYAREA('NetArea',$,$,0.0283327639318093);
#1472= IFCQUANTITYAREA('GrossArea',$,$,0.0143000000000006);
#1473= IFCQUANTITYVOLUME('NetVolume',$,$,0.000119878554847745);
#1474= IFCQUANTITYVOLUME('GrossVolume',$,$,0.000119878554847745);
#1475= IFCELEMENTQUANTITY('2d$aD5pr5DrA5p5DVJUC0O',#5,'BaseQuantities',$,$,(#1470,#1471,#1472,#1363,#1473,#1474));
#1476= IFCSHAPEREPRESENTATION(#12,'Body','Brep',(#1449));
#1477= IFCPRODUCTDEFINITIONSHAPE($,$,(#1476));
#1478= IFCCARTESIANPOINT((53629.8399243843,29977.9300906401,16630.0007692249));
#1479= IFCAXIS2PLACEMENT3D(#1478,#1069,#1336);
#1480= IFCLOCALPLACEMENT(#42,#1479);
#1481= IFCPLATE('1SqV8elRv0nAIs0cpreH8o',#653,'PLATE-10','PL10*110',$,#1480,#1477,'ID5cd1f228-bdbe-40c4-a4b6-026cf5a11232');
#1482= IFCCARTESIANPOINT((-2.18278728425503E-11,-5.,0.));
#1483= IFCCARTESIANPOINT((-2.91038304567337E-11,-5.,90.));
#1484= IFCCARTESIANPOINT((7.27595761418343E-12,4.99999999999636,90.));
#1485= IFCCARTESIANPOINT((1.45519152283669E-11,4.99999999999636,0.));
#1486= IFCPOLYLOOP((#1482,#1483,#1484,#1485));
#1487= IFCFACEOUTERBOUND(#1486,.T.);
#1488= IFCFACE((#1487));
#1489= IFCCARTESIANPOINT((3.90180644031352,-4.99999999999636,90.3842943919371));
#1490= IFCCARTESIANPOINT((3.90180644034263,5.,90.3842943919371));
#1491= IFCPOLYLOOP((#1483,#1489,#1490,#1484));
#1492= IFCFACEOUTERBOUND(#1491,.T.);
#1493= IFCFACE((#1492));
#1494= IFCCARTESIANPOINT((7.65366864730458,-4.99999999999636,91.5224093497745));
#1495= IFCCARTESIANPOINT((7.65366864734096,5.,91.5224093497745));
#1496= IFCPOLYLOOP((#1489,#1494,#1495,#1490));
#1497= IFCFACEOUTERBOUND(#1496,.T.);
#1498= IFCFACE((#1497));
#1499= IFCCARTESIANPOINT((11.111404660398,-4.99999999999636,93.37060775395));
#1500= IFCCARTESIANPOINT((11.1114046604343,5.,93.37060775395));
#1501= IFCPOLYLOOP((#1494,#1499,#1500,#1495));
#1502= IFCFACEOUTERBOUND(#1501,.T.);
#1503= IFCFACE((#1502));
#1504= IFCCARTESIANPOINT((14.1421356237552,-4.99999999999636,95.8578643762703));
#1505= IFCCARTESIANPOINT((14.1421356237915,5.,95.8578643762703));
#1506= IFCPOLYLOOP((#1499,#1504,#1505,#1500));
#1507= IFCFACEOUTERBOUND(#1506,.T.);
#1508= IFCFACE((#1507));
#1509= IFCCARTESIANPOINT((16.62939224609,-4.99999999999636,98.8885953396093));
#1510= IFCCARTESIANPOINT((16.6293922461191,5.,98.8885953396093));
#1511= IFCPOLYLOOP((#1504,#1509,#1510,#1505));
#1512= IFCFACEOUTERBOUND(#1511,.T.);
#1513= IFCFACE((#1512));
#1514= IFCCARTESIANPOINT((18.4775906502618,-4.99999999999636,102.346331352699));
#1515= IFCCARTESIANPOINT((18.4775906502982,5.,102.346331352699));
#1516= IFCPOLYLOOP((#1509,#1514,#1515,#1510));
#1517= IFCFACEOUTERBOUND(#1516,.T.);
#1518= IFCFACE((#1517));
#1519= IFCCARTESIANPOINT((19.6157056081065,-4.99999999999636,106.098193559679));
#1520= IFCCARTESIANPOINT((19.6157056081356,5.,106.098193559679));
#1521= IFCPOLYLOOP((#1514,#1519,#1520,#1515));
#1522= IFCFACEOUTERBOUND(#1521,.T.);
#1523= IFCFACE((#1522));
#1524= IFCCARTESIANPOINT((20.0000000000364,-4.99999999999636,110.));
#1525= IFCCARTESIANPOINT((20.0000000000728,5.,110.));
#1526= IFCPOLYLOOP((#1519,#1524,#1525,#1520));
#1527= IFCFACEOUTERBOUND(#1526,.T.);
#1528= IFCFACE((#1527));
#1529= IFCCARTESIANPOINT((130.000000000429,-4.99999999997817,110.));
#1530= IFCCARTESIANPOINT((130.000000000466,5.00000000001819,110.));
#1531= IFCPOLYLOOP((#1524,#1529,#1530,#1525));
#1532= IFCFACEOUTERBOUND(#1531,.T.);
#1533= IFCFACE((#1532));
#1534= IFCCARTESIANPOINT((130.000000000429,-4.99999999997817,50.));
#1535= IFCCARTESIANPOINT((130.000000000466,5.00000000001819,50.));
#1536= IFCPOLYLOOP((#1529,#1534,#1535,#1530));
#1537= IFCFACEOUTERBOUND(#1536,.T.);
#1538= IFCFACE((#1537));
#1539= IFCCARTESIANPOINT((50.0000000001528,-4.99999999998909,0.));
#1540= IFCCARTESIANPOINT((50.0000000001892,5.00000000000728,0.));
#1541= IFCPOLYLOOP((#1534,#1539,#1540,#1535));
#1542= IFCFACEOUTERBOUND(#1541,.T.);
#1543= IFCFACE((#1542));
#1544= IFCPOLYLOOP((#1539,#1482,#1485,#1540));
#1545= IFCFACEOUTERBOUND(#1544,.T.);
#1546= IFCFACE((#1545));
#1547= IFCPOLYLOOP((#1490,#1495,#1500,#1505,#1510,#1515,#1520,#1525,#1530,#1535,#1540,#1485,#1484));
#1548= IFCFACEOUTERBOUND(#1547,.T.);
#1549= IFCFACE((#1548));
#1550= IFCPOLYLOOP((#1539,#1534,#1529,#1524,#1519,#1514,#1509,#1504,#1499,#1494,#1489,#1483,#1482));
#1551= IFCFACEOUTERBOUND(#1550,.T.);
#1552= IFCFACE((#1551));
#1553= IFCCLOSEDSHELL((#1488,#1493,#1498,#1503,#1508,#1513,#1518,#1523,#1528,#1533,#1538,#1543,#1546,#1549,#1552));
#1554= IFCFACETEDBREP(#1553);
#1555= IFCSTYLEDITEM(#1554,(#1143),$);
#1556= IFCSHAPEREPRESENTATION(#12,'Body','Brep',(#1554));
#1557= IFCPRODUCTDEFINITIONSHAPE($,$,(#1556));
#1558= IFCCARTESIANPOINT((53629.8407049042,30107.9300906382,16990.0007692249));
#1559= IFCAXIS2PLACEMENT3D(#1558,#1069,#1336);
#1560= IFCLOCALPLACEMENT(#42,#1559);
#1561= IFCPLATE('0mfMt2fofA5uvhac6sbIPJ',#653,'PLATE-10','PL10*110',$,#1560,#1557,'ID30a56dc2-a72a-4a17-8e6b-9261b6952653');
#1562= IFCPROPERTYSINGLEVALUE('Bottom elevation',$,IFCLABEL(' +16.880'),$);
#1563= IFCPROPERTYSINGLEVALUE('Top elevation',$,IFCLABEL(' +16.990'),$);
#1564= IFCPROPERTYSET('3OalugNTD3YwExbND5vKoj',#5,'Tekla Common','Common Properties to Shared building elements',(#1562,#1563,#1343,#1460,#1345,#1346));
#1565= IFCQUANTITYAREA('NetArea',$,$,0.0283327639318093);
#1566= IFCQUANTITYAREA('GrossArea',$,$,0.0143000000000005);
#1567= IFCQUANTITYVOLUME('NetVolume',$,$,0.000119878554847745);
#1568= IFCQUANTITYVOLUME('GrossVolume',$,$,0.000119878554847745);
#1569= IFCELEMENTQUANTITY('1fYUS5vNr3jxBrlgBoJRp4',#5,'BaseQuantities',$,$,(#1470,#1565,#1566,#1363,#1567,#1568));
#1570= IFCSHAPEREPRESENTATION(#12,'Body','Brep',(#1554));
#1571= IFCPRODUCTDEFINITIONSHAPE($,$,(#1570));
#1572= IFCCARTESIANPOINT((53629.8399243843,29977.9300906401,16990.0007692249));
#1573= IFCAXIS2PLACEMENT3D(#1572,#1069,#1336);
#1574= IFCLOCALPLACEMENT(#42,#1573);
#1575= IFCPLATE('2ZqVEe0Gj4IgAI3KdNbT0r',#653,'PLATE-10','PL10*110',$,#1574,#1571,'IDa3d1f3a8-010b-444a-a292-0d49d795d035');
#1576= IFCCOLOURRGB('Light Red',0.905882352941176,0.325490196078431,0.36078431372549);
#1577= IFCSURFACESTYLERENDERING(#1576,0.,$,$,$,$,IFCNORMALISEDRATIOMEASURE(0.00390625),IFCSPECULAREXPONENT(10.),.NOTDEFINED.);
#1578= IFCSURFACESTYLE('STEEL/S275',.POSITIVE.,(#1577));
#1579= IFCPRESENTATIONSTYLEASSIGNMENT((#1578));
#1580= IFCCARTESIANPOINT((3.63797880709171E-12,-6.00000000001455,0.));
#1581= IFCCARTESIANPOINT((3.63797880709171E-12,-6.00000000001455,250.));
#1582= IFCCARTESIANPOINT((3.63797880709171E-12,6.0000000000291,250.));
#1583= IFCCARTESIANPOINT((3.63797880709171E-12,6.0000000000291,0.));
#1584= IFCPOLYLOOP((#1580,#1581,#1582,#1583));
#1585= IFCFACEOUTERBOUND(#1584,.T.);
#1586= IFCFACE((#1585));
#1587= IFCCARTESIANPOINT((349.999999999949,-6.00000000122964,250.));
#1588= IFCCARTESIANPOINT((349.999999999945,5.99999999881402,250.));
#1589= IFCPOLYLOOP((#1581,#1587,#1588,#1582));
#1590= IFCFACEOUTERBOUND(#1589,.T.);
#1591= IFCFACE((#1590));
#1592= IFCCARTESIANPOINT((349.999999999949,-6.00000000122964,0.));
#1593= IFCCARTESIANPOINT((349.999999999945,5.99999999881402,0.));
#1594= IFCPOLYLOOP((#1587,#1592,#1593,#1588));
#1595= IFCFACEOUTERBOUND(#1594,.T.);
#1596= IFCFACE((#1595));
#1597= IFCPOLYLOOP((#1592,#1580,#1583,#1593));
#1598= IFCFACEOUTERBOUND(#1597,.T.);
#1599= IFCFACE((#1598));
#1600= IFCPOLYLOOP((#1588,#1593,#1583,#1582));
#1601= IFCFACEOUTERBOUND(#1600,.T.);
#1602= IFCFACE((#1601));
#1603= IFCPOLYLOOP((#1592,#1587,#1581,#1580));
#1604= IFCFACEOUTERBOUND(#1603,.T.);
#1605= IFCFACE((#1604));
#1606= IFCCLOSEDSHELL((#1586,#1591,#1596,#1599,#1602,#1605));
#1607= IFCFACETEDBREP(#1606);
#1608= IFCSTYLEDITEM(#1607,(#1579),$);
#1609= IFCSHAPEREPRESENTATION(#12,'Body','Brep',(#1607));
#1610= IFCPRODUCTDEFINITIONSHAPE($,$,(#1609));
#1611= IFCCARTESIANPOINT((53493.8413653294,30217.930907174,16880.0007692249));
#1612= IFCAXIS2PLACEMENT3D(#1611,#1069,#1068);
#1613= IFCLOCALPLACEMENT(#42,#1612);
#1614= IFCPLATE('1JTY4K6T1AMwKUS81Inr6p',#160,'PLATE-12','PL12*250',$,#1613,#1610,'ID53762114-19d0-4a5b-a51e-708052c751b3');
#1615= IFCPLATETYPE('2AmsuYL$j5fuEPR7YDRsJZ',#5,'PL12*250',$,$,$,$,$,$,.NOTDEFINED.);
#1616= IFCPROPERTYSINGLEVALUE('Bottom elevation',$,IFCLABEL(' +16.630'),$);
#1617= IFCPROPERTYSINGLEVALUE('Top elevation',$,IFCLABEL(' +16.880'),$);
#1618= IFCPROPERTYSINGLEVALUE('Preliminary mark',$,IFCLABEL('5-2-P28'),$);
#1619= IFCPROPERTYSINGLEVALUE('Class',$,IFCLABEL('16'),$);
#1620= IFCPROPERTYSET('04SapJWEb35827cl7QFOtQ',#5,'Tekla Common','Common Properties to Shared building elements',(#1616,#1617,#1343,#1618,#1345,#1619));
#1621= IFCPROPERTYSINGLEVALUE('Weight',$,IFCMASSMEASURE(8.24),$);
#1622= IFCPROPERTYSINGLEVALUE('Volume',$,IFCVOLUMEMEASURE(0.001),$);
#1623= IFCPROPERTYSINGLEVALUE('Gross footprint area',$,IFCAREAMEASURE(0.004),$);
#1624= IFCPROPERTYSINGLEVALUE('Area per tons',$,IFCAREAMEASURE(22.978),$);
#1625= IFCPROPERTYSINGLEVALUE('Net surface area',$,IFCAREAMEASURE(0.189),$);
#1626= IFCPROPERTYSINGLEVALUE('Height',$,IFCLENGTHMEASURE(250.),$);
#1627= IFCPROPERTYSINGLEVALUE('Width',$,IFCLENGTHMEASURE(12.),$);
#1628= IFCPROPERTYSINGLEVALUE('Length',$,IFCLENGTHMEASURE(350.),$);
#1629= IFCPROPERTYSET('0$jxepcsvCvBDmAY6RpRtf',#5,'Tekla Quantity','Quantity Properties to Shared building elements',(#1621,#1622,#1623,#1624,#1625,#1626,#1627,#1628));
#1630= IFCPROPERTYSINGLEVALUE('Reference',$,IFCIDENTIFIER('5-2-P28'),$);
#1631= IFCPROPERTYSET('1TAMCNMpDEDeNiIEigS2fc',#5,'Pset_PlateCommon','Common Properties to plate elements',(#1357,#1630));
#1632= IFCQUANTITYLENGTH('Width',$,$,250.);
#1633= IFCQUANTITYAREA('NetArea',$,$,0.1894);
#1634= IFCQUANTITYAREA('GrossArea',$,$,0.0875000000000002);
#1635= IFCQUANTITYAREA('CrossSectionArea',$,$,0.000144);
#1636= IFCQUANTITYVOLUME('NetVolume',$,$,0.00105);
#1637= IFCQUANTITYVOLUME('GrossVolume',$,$,0.00105);
#1638= IFCELEMENTQUANTITY('0BnYdhHiTDvhA4z0t2GvTw',#5,'BaseQuantities',$,$,(#1632,#1633,#1634,#1635,#1636,#1637));
#1639= IFCCARTESIANPOINT((7.65366864731914,-4.65366864730458,18.4775906502255));
#1640= IFCCARTESIANPOINT((8.00000000000728,-5.,18.2924726854799));
#1641= IFCCARTESIANPOINT((8.00000000000728,-5.,211.70752731452));
#1642= IFCCARTESIANPOINT((7.65366864731186,-4.65366864730458,211.522409349775));
#1643= IFCCARTESIANPOINT((3.90180644033535,-0.901806440320797,210.384294391937));
#1644= IFCCARTESIANPOINT((1.45519152283669E-11,2.99999999999636,210.));
#1645= IFCCARTESIANPOINT((1.45519152283669E-11,2.99999999999636,20.));
#1646= IFCCARTESIANPOINT((3.90180644033535,-0.901806440320797,19.6157056080629));
#1647= IFCPOLYLOOP((#1639,#1640,#1641,#1642,#1643,#1644,#1645,#1646));
#1648= IFCFACEOUTERBOUND(#1647,.T.);
#1649= IFCFACE((#1648));
#1650= IFCCARTESIANPOINT((2.18278728425503E-11,4.99999999999272,210.));
#1651= IFCPOLYLOOP((#1650,#1147,#1645,#1644));
#1652= IFCFACEOUTERBOUND(#1651,.T.);
#1653= IFCFACE((#1652));
#1654= IFCCARTESIANPOINT((3.9018064403499,4.99999999999636,210.384294391937));
#1655= IFCPOLYLOOP((#1654,#1650,#1644,#1643));
#1656= IFCFACEOUTERBOUND(#1655,.T.);
#1657= IFCFACE((#1656));
#1658= IFCCARTESIANPOINT((7.65366864734824,4.99999999999636,211.522409349775));
#1659= IFCPOLYLOOP((#1658,#1654,#1643,#1642));
#1660= IFCFACEOUTERBOUND(#1659,.T.);
#1661= IFCFACE((#1660));
#1662= IFCCARTESIANPOINT((11.1114046604125,-5.,213.37060775395));
#1663= IFCCARTESIANPOINT((11.1114046604489,4.99999999999636,213.37060775395));
#1664= IFCPOLYLOOP((#1662,#1663,#1658,#1642,#1641));
#1665= IFCFACEOUTERBOUND(#1664,.T.);
#1666= IFCFACE((#1665));
#1667= IFCCARTESIANPOINT((14.1421356237624,-5.,215.85786437627));
#1668= IFCCARTESIANPOINT((14.1421356237988,4.99999999999636,215.85786437627));
#1669= IFCPOLYLOOP((#1662,#1667,#1668,#1663));
#1670= IFCFACEOUTERBOUND(#1669,.T.);
#1671= IFCFACE((#1670));
#1672= IFCCARTESIANPOINT((16.62939224609,-5.,218.888595339609));
#1673= IFCCARTESIANPOINT((16.6293922461264,4.99999999999636,218.888595339609));
#1674= IFCPOLYLOOP((#1667,#1672,#1673,#1668));
#1675= IFCFACEOUTERBOUND(#1674,.T.);
#1676= IFCFACE((#1675));
#1677= IFCCARTESIANPOINT((18.4775906502691,-5.,222.346331352699));
#1678= IFCCARTESIANPOINT((18.4775906503055,4.99999999999636,222.346331352699));
#1679= IFCPOLYLOOP((#1672,#1677,#1678,#1673));
#1680= IFCFACEOUTERBOUND(#1679,.T.);
#1681= IFCFACE((#1680));
#1682= IFCCARTESIANPOINT((19.6157056081138,-5.,226.098193559679));
#1683= IFCCARTESIANPOINT((19.6157056081502,4.99999999999636,226.098193559679));
#1684= IFCPOLYLOOP((#1677,#1682,#1683,#1678));
#1685= IFCFACEOUTERBOUND(#1684,.T.);
#1686= IFCFACE((#1685));
#1687= IFCCARTESIANPOINT((20.0000000000509,-5.,230.));
#1688= IFCCARTESIANPOINT((20.0000000000873,4.99999999999636,230.));
#1689= IFCPOLYLOOP((#1682,#1687,#1688,#1683));
#1690= IFCFACEOUTERBOUND(#1689,.T.);
#1691= IFCFACE((#1690));
#1692= IFCCARTESIANPOINT((110.000000000364,-4.99999999998545,230.));
#1693= IFCCARTESIANPOINT((110.0000000004,5.00000000001091,230.));
#1694= IFCPOLYLOOP((#1687,#1692,#1693,#1688));
#1695= IFCFACEOUTERBOUND(#1694,.T.);
#1696= IFCFACE((#1695));
#1697= IFCCARTESIANPOINT((110.384294392301,-4.99999999998181,226.098193559679));
#1698= IFCCARTESIANPOINT((110.38429439233,5.00000000001455,226.098193559679));
#1699= IFCPOLYLOOP((#1692,#1697,#1698,#1693));
#1700= IFCFACEOUTERBOUND(#1699,.T.);
#1701= IFCFACE((#1700));
#1702= IFCCARTESIANPOINT((111.522409350146,-4.99999999998545,222.346331352699));
#1703= IFCCARTESIANPOINT((111.522409350182,5.00000000001091,222.346331352699));
#1704= IFCPOLYLOOP((#1697,#1702,#1703,#1698));
#1705= IFCFACEOUTERBOUND(#1704,.T.);
#1706= IFCFACE((#1705));
#1707= IFCCARTESIANPOINT((113.370607754332,-4.99999999998181,218.888595339609));
#1708= IFCCARTESIANPOINT((113.370607754361,5.00000000001455,218.888595339609));
#1709= IFCPOLYLOOP((#1702,#1707,#1708,#1703));
#1710= IFCFACEOUTERBOUND(#1709,.T.);
#1711= IFCFACE((#1710));
#1712= IFCCARTESIANPOINT((115.85786437666,-4.99999999998181,215.85786437627));
#1713= IFCCARTESIANPOINT((115.857864376696,5.00000000001455,215.85786437627));
#1714= IFCPOLYLOOP((#1707,#1712,#1713,#1708));
#1715= IFCFACEOUTERBOUND(#1714,.T.);
#1716= IFCFACE((#1715));
#1717= IFCCARTESIANPOINT((118.888595340002,-4.99999999998545,213.37060775395));
#1718= IFCCARTESIANPOINT((118.888595340039,5.00000000001091,213.37060775395));
#1719= IFCPOLYLOOP((#1712,#1717,#1718,#1713));
#1720= IFCFACEOUTERBOUND(#1719,.T.);
#1721= IFCFACE((#1720));
#1722= IFCCARTESIANPOINT((122.34633135311,-4.99999999998181,211.522409349775));
#1723= IFCCARTESIANPOINT((122.346331353147,5.00000000001455,211.522409349775));
#1724= IFCPOLYLOOP((#1717,#1722,#1723,#1718));
#1725= IFCFACEOUTERBOUND(#1724,.T.);
#1726= IFCFACE((#1725));
#1727= IFCCARTESIANPOINT((126.098193560101,-4.99999999998181,210.384294391937));
#1728= IFCCARTESIANPOINT((126.09819356013,5.00000000001455,210.384294391937));
#1729= IFCPOLYLOOP((#1722,#1727,#1728,#1723));
#1730= IFCFACEOUTERBOUND(#1729,.T.);
#1731= IFCFACE((#1730));
#1732= IFCCARTESIANPOINT((130.000000000437,-4.99999999998181,210.));
#1733= IFCCARTESIANPOINT((130.000000000473,5.00000000001455,210.));
#1734= IFCPOLYLOOP((#1727,#1732,#1733,#1728));
#1735= IFCFACEOUTERBOUND(#1734,.T.);
#1736= IFCFACE((#1735));
#1737= IFCPOLYLOOP((#1732,#1236,#1237,#1733));
#1738= IFCFACEOUTERBOUND(#1737,.T.);
#1739= IFCFACE((#1738));
#1740= IFCPOLYLOOP((#1312,#1307,#1306,#1640,#1639));
#1741= IFCFACEOUTERBOUND(#1740,.T.);
#1742= IFCFACE((#1741));
#1743= IFCPOLYLOOP((#1317,#1312,#1639,#1646));
#1744= IFCFACEOUTERBOUND(#1743,.T.);
#1745= IFCFACE((#1744));
#1746= IFCPOLYLOOP((#1147,#1317,#1646,#1645));
#1747= IFCFACEOUTERBOUND(#1746,.T.);
#1748= IFCFACE((#1747));
#1749= IFCPOLYLOOP((#1654,#1658,#1663,#1668,#1673,#1678,#1683,#1688,#1693,#1698,#1703,#1708,#1713,#1718,#1723,#1728,#1733,#1237,#1242,#1247,#1252,#1257,#1262,#1267,#1272,#1277,#1282,#1287,#1292,#1297,#1302,#1307,#1312,#1317,#1147,#1650));
#1750= IFCFACEOUTERBOUND(#1749,.T.);
#1751= IFCFACE((#1750));
#1752= IFCPOLYLOOP((#1306,#1301,#1296,#1291,#1286,#1281,#1276,#1271,#1266,#1261,#1256,#1251,#1246,#1241,#1236,#1732,#1727,#1722,#1717,#1712,#1707,#1702,#1697,#1692,#1687,#1682,#1677,#1672,#1667,#1662,#1641,#1640));
#1753= IFCFACEOUTERBOUND(#1752,.T.);
#1754= IFCFACE((#1753));
#1755= IFCCLOSEDSHELL((#1649,#1653,#1657,#1661,#1666,#1671,#1676,#1681,#1686,#1691,#1696,#1701,#1706,#1711,#1716,#1721,#1726,#1731,#1736,#1739,#1245,#1250,#1255,#1260,#1265,#1270,#1275,#1280,#1285,#1290,#1295,#1300,#1305,#1310,#1742,#1745,#1748,#1751,#1754));
#1756= IFCFACETEDBREP(#1755);
#1757= IFCSTYLEDITEM(#1756,(#1143),$);
#1758= IFCSHAPEREPRESENTATION(#12,'Body','Brep',(#1756));
#1759= IFCPRODUCTDEFINITIONSHAPE($,$,(#1758));
#1760= IFCCARTESIANPOINT((53629.8399243841,29977.9300906401,16870.000769225));
#1761= IFCAXIS2PLACEMENT3D(#1760,#1069,#1336);
#1762= IFCLOCALPLACEMENT(#42,#1761);
#1763= IFCPLATE('18I6fozVvBYupgM7kjYNHo',#385,'PLATE-10','PL10*130',$,#1762,#1759,'ID48486a72-f5fe-4b8b-8cea-587bad897472');
#1764= IFCPLATETYPE('3ZahIJM7bFqANryEnvs7sP',#5,'PL10*130',$,$,$,$,$,$,.NOTDEFINED.);
#1765= IFCPROPERTYSINGLEVALUE('Bottom elevation',$,IFCLABEL(' +16.640'),$);
#1766= IFCPROPERTYSINGLEVALUE('Top elevation',$,IFCLABEL(' +16.870'),$);
#1767= IFCPROPERTYSINGLEVALUE('Preliminary mark',$,IFCLABEL('5-2-P104'),$);
#1768= IFCPROPERTYSET('0qukfxpAzATO5jF$pkNXWG',#5,'Tekla Common','Common Properties to Shared building elements',(#1765,#1766,#1343,#1767,#1345,#1346));
#1769= IFCPROPERTYSINGLEVALUE('Weight',$,IFCMASSMEASURE(2.2),$);
#1770= IFCPROPERTYSINGLEVALUE('Area per tons',$,IFCAREAMEASURE(28.714),$);
#1771= IFCPROPERTYSINGLEVALUE('Net surface area',$,IFCAREAMEASURE(0.063),$);
#1772= IFCPROPERTYSINGLEVALUE('Height',$,IFCLENGTHMEASURE(130.),$);
#1773= IFCPROPERTYSINGLEVALUE('Length',$,IFCLENGTHMEASURE(230.),$);
#1774= IFCPROPERTYSET('2M8q$ErjT3ExoTAFaHcJ4e',#5,'Tekla Quantity','Quantity Properties to Shared building elements',(#1769,#1349,#1463,#1770,#1771,#1772,#1354,#1773));
#1775= IFCPROPERTYSINGLEVALUE('Reference',$,IFCIDENTIFIER('5-2-P104'),$);
#1776= IFCPROPERTYSET('3X2_yC_b913fPZEDSHbluz',#5,'Pset_PlateCommon','Common Properties to plate elements',(#1357,#1775));
#1777= IFCQUANTITYLENGTH('Width',$,$,130.000000000912);
#1778= IFCQUANTITYAREA('NetArea',$,$,0.0632061206819144);
#1779= IFCQUANTITYAREA('GrossArea',$,$,0.0299000000002097);
#1780= IFCQUANTITYVOLUME('NetVolume',$,$,0.000280412706931566);
#1781= IFCQUANTITYVOLUME('GrossVolume',$,$,0.000286514219396039);
#1782= IFCELEMENTQUANTITY('2$VYcHZd5EG8DK5A0M8nri',#5,'BaseQuantities',$,$,(#1777,#1778,#1779,#1363,#1780,#1781));
#1783= IFCOWNERHISTORY(#3,#4,$,.NOCHANGE.,$,$,$,1770843600);
#1784= IFCCARTESIANPOINT((3.90180644033535,0.901806440324435,19.6157056080629));
#1785= IFCCARTESIANPOINT((-1.45519152283669E-11,-3.,20.));
#1786= IFCCARTESIANPOINT((-1.45519152283669E-11,-3.,210.));
#1787= IFCCARTESIANPOINT((3.90180644033535,0.901806440324435,210.384294391937));
#1788= IFCCARTESIANPOINT((7.65366864734096,4.65366864730095,211.522409349775));
#1789= IFCCARTESIANPOINT((8.00000000004366,5.,211.70752731452));
#1790= IFCCARTESIANPOINT((8.00000000004366,5.,18.2924726854799));
#1791= IFCCARTESIANPOINT((7.65366864734096,4.65366864730095,18.4775906502255));
#1792= IFCPOLYLOOP((#1784,#1785,#1786,#1787,#1788,#1789,#1790,#1791));
#1793= IFCFACEOUTERBOUND(#1792,.T.);
#1794= IFCFACE((#1793));
#1795= IFCCARTESIANPOINT((-2.18278728425503E-11,-5.,210.));
#1796= IFCPOLYLOOP((#1144,#1795,#1786,#1785));
#1797= IFCFACEOUTERBOUND(#1796,.T.);
#1798= IFCFACE((#1797));
#1799= IFCCARTESIANPOINT((3.90180644031352,-4.99999999999636,210.384294391937));
#1800= IFCPOLYLOOP((#1795,#1799,#1787,#1786));
#1801= IFCFACEOUTERBOUND(#1800,.T.);
#1802= IFCFACE((#1801));
#1803= IFCCARTESIANPOINT((7.65366864730458,-4.99999999999636,211.522409349775));
#1804= IFCPOLYLOOP((#1799,#1803,#1788,#1787));
#1805= IFCFACEOUTERBOUND(#1804,.T.);
#1806= IFCFACE((#1805));
#1807= IFCPOLYLOOP((#1803,#1662,#1663,#1789,#1788));
#1808= IFCFACEOUTERBOUND(#1807,.T.);
#1809= IFCFACE((#1808));
#1810= IFCPOLYLOOP((#1307,#1306,#1311,#1791,#1790));
#1811= IFCFACEOUTERBOUND(#1810,.T.);
#1812= IFCFACE((#1811));
#1813= IFCPOLYLOOP((#1311,#1316,#1784,#1791));
#1814= IFCFACEOUTERBOUND(#1813,.T.);
#1815= IFCFACE((#1814));
#1816= IFCPOLYLOOP((#1316,#1144,#1785,#1784));
#1817= IFCFACEOUTERBOUND(#1816,.T.);
#1818= IFCFACE((#1817));
#1819= IFCPOLYLOOP((#1663,#1668,#1673,#1678,#1683,#1688,#1693,#1698,#1703,#1708,#1713,#1718,#1723,#1728,#1733,#1237,#1242,#1247,#1252,#1257,#1262,#1267,#1272,#1277,#1282,#1287,#1292,#1297,#1302,#1307,#1790,#1789));
#1820= IFCFACEOUTERBOUND(#1819,.T.);
#1821= IFCFACE((#1820));
#1822= IFCPOLYLOOP((#1316,#1311,#1306,#1301,#1296,#1291,#1286,#1281,#1276,#1271,#1266,#1261,#1256,#1251,#1246,#1241,#1236,#1732,#1727,#1722,#1717,#1712,#1707,#1702,#1697,#1692,#1687,#1682,#1677,#1672,#1667,#1662,#1803,#1799,#1795,#1144));
#1823= IFCFACEOUTERBOUND(#1822,.T.);
#1824= IFCFACE((#1823));
#1825= IFCCLOSEDSHELL((#1794,#1798,#1802,#1806,#1809,#1671,#1676,#1681,#1686,#1691,#1696,#1701,#1706,#1711,#1716,#1721,#1726,#1731,#1736,#1739,#1245,#1250,#1255,#1260,#1265,#1270,#1275,#1280,#1285,#1290,#1295,#1300,#1305,#1310,#1812,#1815,#1818,#1821,#1824));
#1826= IFCFACETEDBREP(#1825);
#1827= IFCSTYLEDITEM(#1826,(#1143),$);
#1828= IFCSHAPEREPRESENTATION(#12,'Body','Brep',(#1826));
#1829= IFCPRODUCTDEFINITIONSHAPE($,$,(#1828));
#1830= IFCCARTESIANPOINT((53629.8407049042,30107.9300906382,16870.000769225));
#1831= IFCAXIS2PLACEMENT3D(#1830,#1069,#1336);
#1832= IFCLOCALPLACEMENT(#42,#1831);
#1833= IFCPLATE('2Wl_7yPGH768dm8lMab7rW',#1783,'PLATE-10','PL10*130',$,#1832,#1829,'IDa0bfe1fc-6504-4718-89f0-22f5a4947d60');
#1834= IFCQUANTITYLENGTH('Width',$,$,130.00000000043);
#1835= IFCQUANTITYAREA('NetArea',$,$,0.0632061206816695);
#1836= IFCQUANTITYAREA('GrossArea',$,$,0.0299000000000989);
#1837= IFCQUANTITYVOLUME('NetVolume',$,$,0.000280412706930392);
#1838= IFCELEMENTQUANTITY('37Ha7Ts5vAUh9mC2E8Yxbr',#5,'BaseQuantities',$,$,(#1834,#1835,#1836,#1363,#1837,#1781));
#1839= IFCCARTESIANPOINT((349.999999999942,5.,10.0000000012587));
#1840= IFCCARTESIANPOINT((349.999999999942,-5.,1.22236087918282E-09));
#1841= IFCCARTESIANPOINT((0.,5.,10.0000000000437));
#1842= IFCPOLYLOOP((#1839,#1840,#1482,#1841));
#1843= IFCFACEOUTERBOUND(#1842,.T.);
#1844= IFCFACE((#1843));
#1845= IFCCARTESIANPOINT((349.999999999964,-5.,130.000000001673));
#1846= IFCCARTESIANPOINT((349.99999999996,5.,120.000000001644));
#1847= IFCCARTESIANPOINT((1.45519152283669E-11,5.,120.000000000429));
#1848= IFCCARTESIANPOINT((1.81898940354586E-11,-5.,130.000000000458));
#1849= IFCPOLYLOOP((#1845,#1846,#1847,#1848));
#1850= IFCFACEOUTERBOUND(#1849,.T.);
#1851= IFCFACE((#1850));
#1852= IFCPOLYLOOP((#1848,#1847,#1841,#1482));
#1853= IFCFACEOUTERBOUND(#1852,.T.);
#1854= IFCFACE((#1853));
#1855= IFCPOLYLOOP((#1846,#1845,#1840,#1839));
#1856= IFCFACEOUTERBOUND(#1855,.T.);
#1857= IFCFACE((#1856));
#1858= IFCPOLYLOOP((#1847,#1846,#1839,#1841));
#1859= IFCFACEOUTERBOUND(#1858,.T.);
#1860= IFCFACE((#1859));
#1861= IFCPOLYLOOP((#1840,#1845,#1848,#1482));
#1862= IFCFACEOUTERBOUND(#1861,.T.);
#1863= IFCFACE((#1862));
#1864= IFCCLOSEDSHELL((#1844,#1851,#1854,#1857,#1860,#1863));
#1865= IFCFACETEDBREP(#1864);
#1866= IFCSTYLEDITEM(#1865,(#1143),$);
#1867= IFCSHAPEREPRESENTATION(#12,'Body','Brep',(#1865));
#1868= IFCPRODUCTDEFINITIONSHAPE($,$,(#1867));
#1869= IFCCARTESIANPOINT((53629.8392639444,29867.9300906417,16635.0007692249));
#1870= IFCAXIS2PLACEMENT3D(#1869,#1336,#1393);
#1871= IFCLOCALPLACEMENT(#42,#1870);
#1872= IFCPLATE('3SvUvlu8n2_PiYZI$Iwjbm',#385,'PLATE-10','PL10*130',$,#1871,#1868,'IDdce5ee6f-e08c-42f9-9b22-8d2fd2ead970');
#1873= IFCPROPERTYSINGLEVALUE('Top elevation',$,IFCLABEL(' +16.640'),$);
#1874= IFCPROPERTYSINGLEVALUE('Preliminary mark',$,IFCLABEL('5-2-P103'),$);
#1875= IFCPROPERTYSET('0w7SqjRf54eeCM50TUC8Ba',#5,'Tekla Common','Common Properties to Shared building elements',(#1616,#1873,#1343,#1874,#1345,#1346));
#1876= IFCPROPERTYSINGLEVALUE('Weight',$,IFCMASSMEASURE(3.3),$);
#1877= IFCPROPERTYSINGLEVALUE('Gross footprint area',$,IFCAREAMEASURE(0.046),$);
#1878= IFCPROPERTYSINGLEVALUE('Area per tons',$,IFCAREAMEASURE(29.208),$);
#1879= IFCPROPERTYSINGLEVALUE('Net surface area',$,IFCAREAMEASURE(0.096),$);
#1880= IFCPROPERTYSET('1ph2gLwmH6LfxkLro7tF0A',#5,'Tekla Quantity','Quantity Properties to Shared building elements',(#1876,#1349,#1877,#1878,#1879,#1772,#1354,#1628));
#1881= IFCPROPERTYSINGLEVALUE('Reference',$,IFCIDENTIFIER('5-2-P103'),$);
#1882= IFCPROPERTYSET('12OmWVd6X3YRoJC464PuBN',#5,'Pset_PlateCommon','Common Properties to plate elements',(#1357,#1881));
#1883= IFCQUANTITYLENGTH('Width',$,$,130.);
#1884= IFCQUANTITYAREA('NetArea',$,$,0.0962994949366113);
#1885= IFCQUANTITYAREA('GrossArea',$,$,0.0455000000000003);
#1886= IFCQUANTITYVOLUME('NetVolume',$,$,0.000419999999999998);
#1887= IFCQUANTITYVOLUME('GrossVolume',$,$,0.000454999999999998);
#1888= IFCELEMENTQUANTITY('2IIk9TeM539PFVVGp7AL_z',#5,'BaseQuantities',$,$,(#1883,#1884,#1885,#1363,#1886,#1887));
#1889= IFCCARTESIANPOINT((0.,-5.,10.0000000000437));
#1890= IFCCARTESIANPOINT((349.999999999942,5.,1.22236087918282E-09));
#1891= IFCCARTESIANPOINT((349.999999999942,-5.,10.0000000012587));
#1892= IFCPOLYLOOP((#1889,#1485,#1890,#1891));
#1893= IFCFACEOUTERBOUND(#1892,.T.);
#1894= IFCFACE((#1893));
#1895= IFCCARTESIANPOINT((349.99999999996,-5.,120.000000001644));
#1896= IFCCARTESIANPOINT((349.999999999964,5.,130.000000001673));
#1897= IFCCARTESIANPOINT((1.81898940354586E-11,5.,130.000000000458));
#1898= IFCCARTESIANPOINT((1.45519152283669E-11,-5.,120.000000000429));
#1899= IFCPOLYLOOP((#1895,#1896,#1897,#1898));
#1900= IFCFACEOUTERBOUND(#1899,.T.);
#1901= IFCFACE((#1900));
#1902= IFCPOLYLOOP((#1898,#1897,#1485,#1889));
#1903= IFCFACEOUTERBOUND(#1902,.T.);
#1904= IFCFACE((#1903));
#1905= IFCPOLYLOOP((#1896,#1895,#1891,#1890));
#1906= IFCFACEOUTERBOUND(#1905,.T.);
#1907= IFCFACE((#1906));
#1908= IFCPOLYLOOP((#1896,#1890,#1485,#1897));
#1909= IFCFACEOUTERBOUND(#1908,.T.);
#1910= IFCFACE((#1909));
#1911= IFCPOLYLOOP((#1895,#1898,#1889,#1891));
#1912= IFCFACEOUTERBOUND(#1911,.T.);
#1913= IFCFACE((#1912));
#1914= IFCCLOSEDSHELL((#1894,#1901,#1904,#1907,#1910,#1913));
#1915= IFCFACETEDBREP(#1914);
#1916= IFCSTYLEDITEM(#1915,(#1143),$);
#1917= IFCSHAPEREPRESENTATION(#12,'Body','Brep',(#1915));
#1918= IFCPRODUCTDEFINITIONSHAPE($,$,(#1917));
#1919= IFCCARTESIANPOINT((53629.8392639444,29867.9300906417,16875.0007692249));
#1920= IFCAXIS2PLACEMENT3D(#1919,#1336,#1393);
#1921= IFCLOCALPLACEMENT(#42,#1920);
#1922= IFCPLATE('2cJQA$DWb8YA7zT$7YazQu',#385,'PLATE-10','PL10*130',$,#1921,#1918,'IDa64da2bf-3609-4888-a1fd-77f1e293d6b8');
#1923= IFCPROPERTYSINGLEVALUE('Bottom elevation',$,IFCLABEL(' +16.870'),$);
#1924= IFCPROPERTYSET('3PJ29wGQb9XAO6S9Pse2zn',#5,'Tekla Common','Common Properties to Shared building elements',(#1923,#1617,#1343,#1874,#1345,#1346));
#1925= IFCQUANTITYVOLUME('NetVolume',$,$,0.000419999999999998);
#1926= IFCELEMENTQUANTITY('2zSUsRJ3X0xRYJh4aLpkw1',#5,'BaseQuantities',$,$,(#1883,#1884,#1885,#1363,#1925,#1887));
#1927= IFCCOLOURRGB('Light Blue',0.23921568627451,0.,0.63921568627451);
#1928= IFCSURFACESTYLERENDERING(#1927,0.,$,$,$,$,IFCNORMALISEDRATIOMEASURE(0.00390625),IFCSPECULAREXPONENT(10.),.NOTDEFINED.);
#1929= IFCSURFACESTYLE('STEEL/S275',.POSITIVE.,(#1928));
#1930= IFCPRESENTATIONSTYLEASSIGNMENT((#1929));
#1931= IFCCARTESIANPOINT((3.63797880709171E-12,-10.0000000000364,0.));
#1932= IFCCARTESIANPOINT((3.63797880709171E-12,-10.0000000000364,470.));
#1933= IFCCARTESIANPOINT((0.,10.0000000000291,470.));
#1934= IFCCARTESIANPOINT((0.,10.0000000000291,0.));
#1935= IFCPOLYLOOP((#1931,#1932,#1933,#1934));
#1936= IFCFACEOUTERBOUND(#1935,.T.);
#1937= IFCFACE((#1936));
#1938= IFCCARTESIANPOINT((349.999999999945,-10.0000000012515,470.));
#1939= IFCCARTESIANPOINT((349.999999999942,9.99999999881402,470.));
#1940= IFCPOLYLOOP((#1932,#1938,#1939,#1933));
#1941= IFCFACEOUTERBOUND(#1940,.T.);
#1942= IFCFACE((#1941));
#1943= IFCCARTESIANPOINT((349.999999999945,-10.0000000012515,0.));
#1944= IFCCARTESIANPOINT((349.999999999942,9.99999999881402,0.));
#1945= IFCPOLYLOOP((#1938,#1943,#1944,#1939));
#1946= IFCFACEOUTERBOUND(#1945,.T.);
#1947= IFCFACE((#1946));
#1948= IFCPOLYLOOP((#1943,#1931,#1934,#1944));
#1949= IFCFACEOUTERBOUND(#1948,.T.);
#1950= IFCFACE((#1949));
#1951= IFCPOLYLOOP((#1939,#1944,#1934,#1933));
#1952= IFCFACEOUTERBOUND(#1951,.T.);
#1953= IFCFACE((#1952));
#1954= IFCPOLYLOOP((#1943,#1938,#1932,#1931));
#1955= IFCFACEOUTERBOUND(#1954,.T.);
#1956= IFCFACE((#1955));
#1957= IFCCLOSEDSHELL((#1937,#1942,#1947,#1950,#1953,#1956));
#1958= IFCFACETEDBREP(#1957);
#1959= IFCSTYLEDITEM(#1958,(#1930),$);
#1960= IFCSHAPEREPRESENTATION(#12,'Body','Brep',(#1958));
#1961= IFCPRODUCTDEFINITIONSHAPE($,$,(#1960));
#1962= IFCCARTESIANPOINT((53639.8392639443,29867.9300306015,16990.0007692249));
#1963= IFCAXIS2PLACEMENT3D(#1962,#1069,#1393);
#1964= IFCLOCALPLACEMENT(#42,#1963);
#1965= IFCPLATE('2oxzgYSkL1sheGLjAwAINU',#385,'PLATE-20','PL20*350',$,#1964,#1961,'IDb2efdaa2-72e5-41da-ba10-56d2ba2925de');
#1966= IFCPLATETYPE('1rbjwBRHz0QO$uRCaUzqnI',#5,'PL20*350',$,$,$,$,$,$,.NOTDEFINED.);
#1967= IFCPROPERTYSINGLEVALUE('Preliminary mark',$,IFCLABEL('5-2-P27'),$);
#1968= IFCPROPERTYSINGLEVALUE('Class',$,IFCLABEL('14'),$);
#1969= IFCPROPERTYSET('3Z6NyFafj1GQ8Fb3wCHamm',#5,'Tekla Common','Common Properties to Shared building elements',(#1458,#1563,#1343,#1967,#1345,#1968));
#1970= IFCPROPERTYSINGLEVALUE('Weight',$,IFCMASSMEASURE(25.83),$);
#1971= IFCPROPERTYSINGLEVALUE('Volume',$,IFCVOLUMEMEASURE(0.003),$);
#1972= IFCPROPERTYSINGLEVALUE('Gross footprint area',$,IFCAREAMEASURE(0.007),$);
#1973= IFCPROPERTYSINGLEVALUE('Area per tons',$,IFCAREAMEASURE(14.009),$);
#1974= IFCPROPERTYSINGLEVALUE('Net surface area',$,IFCAREAMEASURE(0.362),$);
#1975= IFCPROPERTYSINGLEVALUE('Height',$,IFCLENGTHMEASURE(350.),$);
#1976= IFCPROPERTYSINGLEVALUE('Width',$,IFCLENGTHMEASURE(20.),$);
#1977= IFCPROPERTYSINGLEVALUE('Length',$,IFCLENGTHMEASURE(470.),$);
#1978= IFCPROPERTYSET('0qwvLCOYD0ZQRWZK_KQK2u',#5,'Tekla Quantity','Quantity Properties to Shared building elements',(#1970,#1971,#1972,#1973,#1974,#1975,#1976,#1977));
#1979= IFCPROPERTYSINGLEVALUE('Reference',$,IFCIDENTIFIER('5-2-P27'),$);
#1980= IFCPROPERTYSET('2dtsCV9QL7FRIiyAvl7_4f',#5,'Pset_PlateCommon','Common Properties to plate elements',(#1357,#1979));
#1981= IFCQUANTITYLENGTH('Width',$,$,349.999999999957);
#1982= IFCQUANTITYAREA('NetArea',$,$,0.3618);
#1983= IFCQUANTITYAREA('GrossArea',$,$,0.16449999999998);
#1984= IFCQUANTITYAREA('CrossSectionArea',$,$,0.0004);
#1985= IFCQUANTITYVOLUME('NetVolume',$,$,0.00329);
#1986= IFCQUANTITYVOLUME('GrossVolume',$,$,0.00329);
#1987= IFCELEMENTQUANTITY('2SEk8bGs98XuTZFGWQuT2v',#5,'BaseQuantities',$,$,(#1981,#1982,#1983,#1984,#1985,#1986));
#1988= IFCCARTESIANPOINT((87.4188766482293,-5.00000000051659,234.00000000024));
#1989= IFCCARTESIANPOINT((87.4172439577451,-5.00000000020373,-1.01863406598568E-10));
#1990= IFCCARTESIANPOINT((87.4172439577414,4.99999999981083,-8.73114913702011E-11));
#1991= IFCCARTESIANPOINT((87.4188766482293,4.99999999949796,234.000000000258));
#1992= IFCPOLYLOOP((#1988,#1989,#1990,#1991));
#1993= IFCFACEOUTERBOUND(#1992,.T.);
#1994= IFCFACE((#1993));
#1995= IFCCARTESIANPOINT((8.40161306101072,4.99999999967258,234.000000000378));
#1996= IFCCARTESIANPOINT((5.10859074409382,-5.00000000034197,234.000000000364));
#1997= IFCPOLYLOOP((#1988,#1991,#1995,#1996));
#1998= IFCFACEOUTERBOUND(#1997,.T.);
#1999= IFCFACE((#1998));
#2000= IFCCARTESIANPOINT((5.1154227949155,-5.0000000000291,-1.45519152283669E-11));
#2001= IFCPOLYLOOP((#1989,#1988,#1996,#2000));
#2002= IFCFACEOUTERBOUND(#2001,.T.);
#2003= IFCFACE((#2002));
#2004= IFCCARTESIANPOINT((8.40844511182877,4.99999999998545,-3.63797880709171E-12));
#2005= IFCPOLYLOOP((#1990,#1989,#2000,#2004));
#2006= IFCFACEOUTERBOUND(#2005,.T.);
#2007= IFCFACE((#2006));
#2008= IFCPOLYLOOP((#1991,#1990,#2004,#1995));
#2009= IFCFACEOUTERBOUND(#2008,.T.);
#2010= IFCFACE((#2009));
#2011= IFCPOLYLOOP((#2000,#1996,#1995,#2004));
#2012= IFCFACEOUTERBOUND(#2011,.T.);
#2013= IFCFACE((#2012));
#2014= IFCCLOSEDSHELL((#1994,#1999,#2003,#2007,#2010,#2013));
#2015= IFCFACETEDBREP(#2014);
#2016= IFCSTYLEDITEM(#2015,(#1143),$);
#2017= IFCSHAPEREPRESENTATION(#12,'Body','Brep',(#2015));
#2018= IFCPRODUCTDEFINITIONSHAPE($,$,(#2017));
#2019= IFCCARTESIANPOINT((42753.5911050377,29900.2556348839,16871.9993211434));
#2020= IFCDIRECTION((-6.56935363076628E-06,-2.97348827152746E-05,-0.99999999953634));
#2021= IFCDIRECTION((0.949170355260029,-0.314762826086232,3.12400000016971E-06));
#2022= IFCAXIS2PLACEMENT3D(#2019,#2020,#2021);
#2023= IFCLOCALPLACEMENT(#42,#2022);
#2024= IFCPLATE('1ERFSkNPnFVQh_14kQtVXo',#653,'PLATE-10','PL10*82.3',$,#2023,#2018,'ID4e6cf72e-5d9c-4f7d-aafe-044b9addf872');
#2025= IFCPLATETYPE('1tzEKkDfr5khzG29hWKpjl',#5,'PL10*82.3',$,$,$,$,$,$,.NOTDEFINED.);
#2026= IFCPROPERTYSINGLEVALUE('Bottom elevation',$,IFCLABEL(' +16.638'),$);
#2027= IFCPROPERTYSINGLEVALUE('Top elevation',$,IFCLABEL(' +16.872'),$);
#2028= IFCPROPERTYSINGLEVALUE('Preliminary mark',$,IFCLABEL('5-2-P90'),$);
#2029= IFCPROPERTYSET('1eG_aDbNrEIO8AKGawM46G',#5,'Tekla Common','Common Properties to Shared building elements',(#2026,#2027,#1343,#2028,#1345,#1346));
#2030= IFCPROPERTYSINGLEVALUE('Weight',$,IFCMASSMEASURE(1.48),$);
#2031= IFCPROPERTYSINGLEVALUE('Area per tons',$,IFCAREAMEASURE(29.809),$);
#2032= IFCPROPERTYSINGLEVALUE('Net surface area',$,IFCAREAMEASURE(0.044),$);
#2033= IFCPROPERTYSINGLEVALUE('Height',$,IFCLENGTHMEASURE(82.3),$);
#2034= IFCPROPERTYSINGLEVALUE('Length',$,IFCLENGTHMEASURE(234.),$);
#2035= IFCPROPERTYSET('0LMyK_5Oz8WgEqyowF8qBK',#5,'Tekla Quantity','Quantity Properties to Shared building elements',(#2030,#1349,#1463,#2031,#2032,#2033,#1354,#2034));
#2036= IFCPROPERTYSINGLEVALUE('Reference',$,IFCIDENTIFIER('5-2-P90'),$);
#2037= IFCPROPERTYSET('0_O14ZRSz2XudgqDoF1o1F',#5,'Pset_PlateCommon','Common Properties to plate elements',(#1357,#2036));
#2038= IFCQUANTITYLENGTH('Width',$,$,82.3102859022686);
#2039= IFCQUANTITYAREA('NetArea',$,$,0.0441654666011192);
#2040= IFCQUANTITYAREA('GrossArea',$,$,0.0192606541646675);
#2041= IFCQUANTITYVOLUME('NetVolume',$,$,0.000188743329157068);
#2042= IFCQUANTITYVOLUME('GrossVolume',$,$,0.000204556350991472);
#2043= IFCELEMENTQUANTITY('15LMOVTvPDu89BL09hGiDY',#5,'BaseQuantities',$,$,(#2038,#2039,#2040,#1363,#2041,#2042));
#2044= IFCCOLOURRGB('Light Green',0.356862745098039,0.592156862745098,0.137254901960784);
#2045= IFCSURFACESTYLERENDERING(#2044,0.,$,$,$,$,IFCNORMALISEDRATIOMEASURE(0.00390625),IFCSPECULAREXPONENT(10.),.NOTDEFINED.);
#2046= IFCSURFACESTYLE('STEEL/S275',.POSITIVE.,(#2045));
#2047= IFCPRESENTATIONSTYLEASSIGNMENT((#2046));
#2048= IFCCARTESIANPOINT((0.,-4.,0.));
#2049= IFCCARTESIANPOINT((0.,-4.,234.));
#2050= IFCCARTESIANPOINT((0.,4.,234.));
#2051= IFCCARTESIANPOINT((0.,4.,0.));
#2052= IFCPOLYLOOP((#2048,#2049,#2050,#2051));
#2053= IFCFACEOUTERBOUND(#2052,.T.);
#2054= IFCFACE((#2053));
#2055= IFCCARTESIANPOINT((334.,-4.,234.));
#2056= IFCCARTESIANPOINT((334.,4.,234.));
#2057= IFCPOLYLOOP((#2049,#2055,#2056,#2050));
#2058= IFCFACEOUTERBOUND(#2057,.T.);
#2059= IFCFACE((#2058));
#2060= IFCCARTESIANPOINT((334.,-4.,0.));
#2061= IFCCARTESIANPOINT((334.,4.,0.));
#2062= IFCPOLYLOOP((#2055,#2060,#2061,#2056));
#2063= IFCFACEOUTERBOUND(#2062,.T.);
#2064= IFCFACE((#2063));
#2065= IFCPOLYLOOP((#2060,#2048,#2051,#2061));
#2066= IFCFACEOUTERBOUND(#2065,.T.);
#2067= IFCFACE((#2066));
#2068= IFCPOLYLOOP((#2056,#2061,#2051,#2050));
#2069= IFCFACEOUTERBOUND(#2068,.T.);
#2070= IFCFACE((#2069));
#2071= IFCPOLYLOOP((#2060,#2055,#2049,#2048));
#2072= IFCFACEOUTERBOUND(#2071,.T.);
#2073= IFCFACE((#2072));
#2074= IFCCLOSEDSHELL((#2054,#2059,#2064,#2067,#2070,#2073));
#2075= IFCFACETEDBREP(#2074);
#2076= IFCSTYLEDITEM(#2075,(#2047),$);
#2077= IFCSHAPEREPRESENTATION(#12,'Body','Brep',(#2075));
#2078= IFCPRODUCTDEFINITIONSHAPE($,$,(#2077));
#2079= IFCCARTESIANPOINT((53107.0016952412,27509.0248552805,16871.9999821455));
#2080= IFCDIRECTION((-1.,0.,0.));
#2081= IFCAXIS2PLACEMENT3D(#2079,#1069,#2080);
#2082= IFCLOCALPLACEMENT(#42,#2081);
#2083= IFCPLATE('2RLrzu$er5AxgsEwlrZRgW',#276,'PLATE-8','PL8*234',$,#2082,#2078,'ID9b575f78-fe8d-452b-bab6-3babf58dbaa0');
#2084= IFCPLATETYPE('2BxkiO3PD4GgJNqyr2Uk98',#5,'PL8*234',$,$,$,$,$,$,.NOTDEFINED.);
#2085= IFCPROPERTYSINGLEVALUE('Preliminary mark',$,IFCLABEL('5-2-P76'),$);
#2086= IFCPROPERTYSINGLEVALUE('Class',$,IFCLABEL('17'),$);
#2087= IFCPROPERTYSET('2XH7p4to5BnQdIE0kvaiB9',#5,'Tekla Common','Common Properties to Shared building elements',(#2026,#2027,#1343,#2085,#1345,#2086));
#2088= IFCPROPERTYSINGLEVALUE('Weight',$,IFCMASSMEASURE(4.91),$);
#2089= IFCPROPERTYSINGLEVALUE('Gross footprint area',$,IFCAREAMEASURE(0.003),$);
#2090= IFCPROPERTYSINGLEVALUE('Area per tons',$,IFCAREAMEASURE(33.699),$);
#2091= IFCPROPERTYSINGLEVALUE('Net surface area',$,IFCAREAMEASURE(0.165),$);
#2092= IFCPROPERTYSINGLEVALUE('Height',$,IFCLENGTHMEASURE(234.),$);
#2093= IFCPROPERTYSINGLEVALUE('Width',$,IFCLENGTHMEASURE(8.),$);
#2094= IFCPROPERTYSINGLEVALUE('Length',$,IFCLENGTHMEASURE(334.),$);
#2095= IFCPROPERTYSET('00q$5NWDb8Ev_5n$oJ4Br$',#5,'Tekla Quantity','Quantity Properties to Shared building elements',(#2088,#1622,#2089,#2090,#2091,#2092,#2093,#2094));
#2096= IFCPROPERTYSINGLEVALUE('Reference',$,IFCIDENTIFIER('5-2-P76'),$);
#2097= IFCPROPERTYSET('2rCzOl5QD16PnKGOSEFjut',#5,'Pset_PlateCommon','Common Properties to plate elements',(#1357,#2096));
#2098= IFCQUANTITYLENGTH('Width',$,$,234.);
#2099= IFCQUANTITYAREA('NetArea',$,$,0.1654);
#2100= IFCQUANTITYAREA('GrossArea',$,$,0.078156);
#2101= IFCQUANTITYAREA('CrossSectionArea',$,$,6.4E-05);
#2102= IFCQUANTITYVOLUME('NetVolume',$,$,0.000625248);
#2103= IFCQUANTITYVOLUME('GrossVolume',$,$,0.000625248);
#2104= IFCELEMENTQUANTITY('0BCwCFE_54KRDaXkhlRylw',#5,'BaseQuantities',$,$,(#2098,#2099,#2100,#2101,#2102,#2103));
#2105= IFCCARTESIANPOINT((9.,-11.9006400964272,0.));
#2106= IFCCARTESIANPOINT((7.79422863405979,-11.9006400964272,4.50000000000027));
#2107= IFCCARTESIANPOINT((4.49999999999946,-11.9006400964272,7.79422863406026));
#2108= IFCCARTESIANPOINT((-9.3270238344029E-13,-11.9006400964272,9.));
#2109= IFCCARTESIANPOINT((-4.50000000000107,-11.9006400964272,7.79422863405933));
#2110= IFCCARTESIANPOINT((-7.79422863406072,-11.9006400964272,4.49999999999866));
#2111= IFCCARTESIANPOINT((-9.,-11.9006400964272,-1.86540476688058E-12));
#2112= IFCCARTESIANPOINT((-7.79422863405886,-11.9006400964272,-4.50000000000188));
#2113= IFCCARTESIANPOINT((-4.49999999999785,-11.9006400964272,-7.79422863406119));
#2114= IFCCARTESIANPOINT((2.78811514309924E-12,-11.9006400964272,-9.));
#2115= IFCCARTESIANPOINT((4.50000000000269,-11.9006400964272,-7.7942286340584));
#2116= IFCCARTESIANPOINT((7.79422863406166,-11.9006400964272,-4.49999999999704));
#2117= IFCCARTESIANPOINT((9.,0.0993599061109531,0.));
#2118= IFCCARTESIANPOINT((7.79422863405979,0.0993599061109531,4.50000000000027));
#2119= IFCCARTESIANPOINT((4.49999999999946,0.0993599061109531,7.79422863406026));
#2120= IFCCARTESIANPOINT((-9.3270238344029E-13,0.0993599061109531,9.));
#2121= IFCCARTESIANPOINT((-4.50000000000107,0.0993599061109531,7.79422863405933));
#2122= IFCCARTESIANPOINT((-7.79422863406072,0.0993599061109531,4.49999999999866));
#2123= IFCCARTESIANPOINT((-9.,0.0993599061109531,-1.86540476688058E-12));
#2124= IFCCARTESIANPOINT((-7.79422863405886,0.0993599061109531,-4.50000000000188));
#2125= IFCCARTESIANPOINT((-4.49999999999785,0.0993599061109531,-7.79422863406119));
#2126= IFCCARTESIANPOINT((2.78811514309924E-12,0.0993599061109531,-9.));
#2127= IFCCARTESIANPOINT((4.50000000000269,0.0993599061109531,-7.7942286340584));
#2128= IFCCARTESIANPOINT((7.79422863406166,0.0993599061109531,-4.49999999999704));
#2129= IFCPOLYLOOP((#2105,#2106,#2107,#2108,#2109,#2110,#2111,#2112,#2113,#2114,#2115,#2116));
#2130= IFCFACEOUTERBOUND(#2129,.T.);
#2131= IFCFACE((#2130));
#2132= IFCPOLYLOOP((#2128,#2127,#2126,#2125,#2124,#2123,#2122,#2121,#2120,#2119,#2118,#2117));
#2133= IFCFACEOUTERBOUND(#2132,.T.);
#2134= IFCFACE((#2133));
#2135= IFCPOLYLOOP((#2105,#2117,#2118,#2106));
#2136= IFCFACEOUTERBOUND(#2135,.T.);
#2137= IFCFACE((#2136));
#2138= IFCPOLYLOOP((#2106,#2118,#2119,#2107));
#2139= IFCFACEOUTERBOUND(#2138,.T.);
#2140= IFCFACE((#2139));
#2141= IFCPOLYLOOP((#2107,#2119,#2120,#2108));
#2142= IFCFACEOUTERBOUND(#2141,.T.);
#2143= IFCFACE((#2142));
#2144= IFCPOLYLOOP((#2108,#2120,#2121,#2109));
#2145= IFCFACEOUTERBOUND(#2144,.T.);
#2146= IFCFACE((#2145));
#2147= IFCPOLYLOOP((#2109,#2121,#2122,#2110));
#2148= IFCFACEOUTERBOUND(#2147,.T.);
#2149= IFCFACE((#2148));
#2150= IFCPOLYLOOP((#2110,#2122,#2123,#2111));
#2151= IFCFACEOUTERBOUND(#2150,.T.);
#2152= IFCFACE((#2151));
#2153= IFCPOLYLOOP((#2111,#2123,#2124,#2112));
#2154= IFCFACEOUTERBOUND(#2153,.T.);
#2155= IFCFACE((#2154));
#2156= IFCPOLYLOOP((#2112,#2124,#2125,#2113));
#2157= IFCFACEOUTERBOUND(#2156,.T.);
#2158= IFCFACE((#2157));
#2159= IFCPOLYLOOP((#2113,#2125,#2126,#2114));
#2160= IFCFACEOUTERBOUND(#2159,.T.);
#2161= IFCFACE((#2160));
#2162= IFCPOLYLOOP((#2114,#2126,#2127,#2115));
#2163= IFCFACEOUTERBOUND(#2162,.T.);
#2164= IFCFACE((#2163));
#2165= IFCPOLYLOOP((#2115,#2127,#2128,#2116));
#2166= IFCFACEOUTERBOUND(#2165,.T.);
#2167= IFCFACE((#2166));
#2168= IFCPOLYLOOP((#2116,#2128,#2117,#2105));
#2169= IFCFACEOUTERBOUND(#2168,.T.);
#2170= IFCFACE((#2169));
#2171= IFCCARTESIANPOINT((9.,0.,6.));
#2172= IFCCARTESIANPOINT((8.31491579260149,0.,9.44415089128602));
#2173= IFCCARTESIANPOINT((6.3639610306786,0.,12.3639610306793));
#2174= IFCCARTESIANPOINT((3.44415089128516,0.,14.3149157926018));
#2175= IFCCARTESIANPOINT((-9.3270238344029E-13,0.,15.));
#2176= IFCCARTESIANPOINT((-4.50000000000107,0.,13.7942286340593));
#2177= IFCCARTESIANPOINT((-7.79422863406072,0.,10.4999999999987));
#2178= IFCCARTESIANPOINT((-9.,0.,5.99999999999813));
#2179= IFCCARTESIANPOINT((-9.,0.,-6.00000000000187));
#2180= IFCCARTESIANPOINT((-7.79422863405886,0.,-10.5000000000019));
#2181= IFCCARTESIANPOINT((-4.49999999999785,0.,-13.7942286340612));
#2182= IFCCARTESIANPOINT((2.78811514309924E-12,0.,-15.));
#2183= IFCCARTESIANPOINT((4.50000000000269,0.,-13.7942286340584));
#2184= IFCCARTESIANPOINT((7.79422863406166,0.,-10.499999999997));
#2185= IFCCARTESIANPOINT((9.,0.,-5.99999999999627));
#2186= IFCCARTESIANPOINT((9.,18.,6.));
#2187= IFCCARTESIANPOINT((8.31491579260149,18.,9.44415089128602));
#2188= IFCCARTESIANPOINT((6.3639610306786,18.,12.3639610306793));
#2189= IFCCARTESIANPOINT((3.44415089128516,18.,14.3149157926018));
#2190= IFCCARTESIANPOINT((-9.3270238344029E-13,18.,15.));
#2191= IFCCARTESIANPOINT((-4.50000000000107,18.,13.7942286340593));
#2192= IFCCARTESIANPOINT((-7.79422863406072,18.,10.4999999999987));
#2193= IFCCARTESIANPOINT((-9.,18.,5.99999999999813));
#2194= IFCCARTESIANPOINT((-9.,18.,-6.00000000000187));
#2195= IFCCARTESIANPOINT((-7.79422863405886,18.,-10.5000000000019));
#2196= IFCCARTESIANPOINT((-4.49999999999785,18.,-13.7942286340612));
#2197= IFCCARTESIANPOINT((2.78811514309924E-12,18.,-15.));
#2198= IFCCARTESIANPOINT((4.50000000000269,18.,-13.7942286340584));
#2199= IFCCARTESIANPOINT((7.79422863406166,18.,-10.499999999997));
#2200= IFCCARTESIANPOINT((9.,18.,-5.99999999999627));
#2201= IFCPOLYLOOP((#2171,#2172,#2173,#2175,#2176,#2177,#2178,#2179,#2180,#2181,#2182,#2183,#2184,#2185));
#2202= IFCFACEOUTERBOUND(#2201,.T.);
#2203= IFCFACE((#2202));
#2204= IFCPOLYLOOP((#2200,#2199,#2198,#2197,#2196,#2195,#2194,#2193,#2192,#2191,#2190,#2189,#2188,#2187,#2186));
#2205= IFCFACEOUTERBOUND(#2204,.T.);
#2206= IFCFACE((#2205));
#2207= IFCPOLYLOOP((#2171,#2186,#2187,#2172));
#2208= IFCFACEOUTERBOUND(#2207,.T.);
#2209= IFCFACE((#2208));
#2210= IFCPOLYLOOP((#2172,#2187,#2188,#2173));
#2211= IFCFACEOUTERBOUND(#2210,.T.);
#2212= IFCFACE((#2211));
#2213= IFCPOLYLOOP((#2173,#2188,#2189,#2174));
#2214= IFCFACEOUTERBOUND(#2213,.T.);
#2215= IFCFACE((#2214));
#2216= IFCPOLYLOOP((#2174,#2189,#2190,#2175));
#2217= IFCFACEOUTERBOUND(#2216,.T.);
#2218= IFCFACE((#2217));
#2219= IFCPOLYLOOP((#2175,#2190,#2191,#2176));
#2220= IFCFACEOUTERBOUND(#2219,.T.);
#2221= IFCFACE((#2220));
#2222= IFCPOLYLOOP((#2176,#2191,#2192,#2177));
#2223= IFCFACEOUTERBOUND(#2222,.T.);
#2224= IFCFACE((#2223));
#2225= IFCPOLYLOOP((#2177,#2192,#2193,#2178));
#2226= IFCFACEOUTERBOUND(#2225,.T.);
#2227= IFCFACE((#2226));
#2228= IFCPOLYLOOP((#2178,#2193,#2194,#2179));
#2229= IFCFACEOUTERBOUND(#2228,.T.);
#2230= IFCFACE((#2229));
#2231= IFCPOLYLOOP((#2179,#2194,#2195,#2180));
#2232= IFCFACEOUTERBOUND(#2231,.T.);
#2233= IFCFACE((#2232));
#2234= IFCPOLYLOOP((#2180,#2195,#2196,#2181));
#2235= IFCFACEOUTERBOUND(#2234,.T.);
#2236= IFCFACE((#2235));
#2237= IFCPOLYLOOP((#2181,#2196,#2197,#2182));
#2238= IFCFACEOUTERBOUND(#2237,.T.);
#2239= IFCFACE((#2238));
#2240= IFCPOLYLOOP((#2182,#2197,#2198,#2183));
#2241= IFCFACEOUTERBOUND(#2240,.T.);
#2242= IFCFACE((#2241));
#2243= IFCPOLYLOOP((#2183,#2198,#2199,#2184));
#2244= IFCFACEOUTERBOUND(#2243,.T.);
#2245= IFCFACE((#2244));
#2246= IFCPOLYLOOP((#2184,#2199,#2200,#2185));
#2247= IFCFACEOUTERBOUND(#2246,.T.);
#2248= IFCFACE((#2247));
#2249= IFCPOLYLOOP((#2185,#2200,#2186,#2171));
#2250= IFCFACEOUTERBOUND(#2249,.T.);
#2251= IFCFACE((#2250));
#2252= IFCCARTESIANPOINT((9.,105.,0.));
#2253= IFCCARTESIANPOINT((7.79422863405979,105.,4.50000000000027));
#2254= IFCCARTESIANPOINT((4.49999999999946,105.,7.79422863406026));
#2255= IFCCARTESIANPOINT((-9.3270238344029E-13,105.,9.));
#2256= IFCCARTESIANPOINT((-4.50000000000107,105.,7.79422863405933));
#2257= IFCCARTESIANPOINT((-7.79422863406072,105.,4.49999999999866));
#2258= IFCCARTESIANPOINT((-9.,105.,-1.86540476688058E-12));
#2259= IFCCARTESIANPOINT((-7.79422863405886,105.,-4.50000000000188));
#2260= IFCCARTESIANPOINT((-4.49999999999785,105.,-7.79422863406119));
#2261= IFCCARTESIANPOINT((2.78811514309924E-12,105.,-9.));
#2262= IFCCARTESIANPOINT((4.50000000000269,105.,-7.7942286340584));
#2263= IFCCARTESIANPOINT((7.79422863406166,105.,-4.49999999999704));
#2264= IFCCARTESIANPOINT((9.,205.,0.));
#2265= IFCCARTESIANPOINT((7.79422863405979,205.,4.50000000000027));
#2266= IFCCARTESIANPOINT((4.49999999999946,205.,7.79422863406026));
#2267= IFCCARTESIANPOINT((-9.3270238344029E-13,205.,9.));
#2268= IFCCARTESIANPOINT((-4.50000000000107,205.,7.79422863405933));
#2269= IFCCARTESIANPOINT((-7.79422863406072,205.,4.49999999999866));
#2270= IFCCARTESIANPOINT((-9.,205.,-1.86540476688058E-12));
#2271= IFCCARTESIANPOINT((-7.79422863405886,205.,-4.50000000000188));
#2272= IFCCARTESIANPOINT((-4.49999999999785,205.,-7.79422863406119));
#2273= IFCCARTESIANPOINT((2.78811514309924E-12,205.,-9.));
#2274= IFCCARTESIANPOINT((4.50000000000269,205.,-7.7942286340584));
#2275= IFCCARTESIANPOINT((7.79422863406166,205.,-4.49999999999704));
#2276= IFCPOLYLOOP((#2252,#2253,#2254,#2255,#2256,#2257,#2258,#2259,#2260,#2261,#2262,#2263));
#2277= IFCFACEOUTERBOUND(#2276,.T.);
#2278= IFCFACE((#2277));
#2279= IFCPOLYLOOP((#2275,#2274,#2273,#2272,#2271,#2270,#2269,#2268,#2267,#2266,#2265,#2264));
#2280= IFCFACEOUTERBOUND(#2279,.T.);
#2281= IFCFACE((#2280));
#2282= IFCPOLYLOOP((#2252,#2264,#2265,#2253));
#2283= IFCFACEOUTERBOUND(#2282,.T.);
#2284= IFCFACE((#2283));
#2285= IFCPOLYLOOP((#2253,#2265,#2266,#2254));
#2286= IFCFACEOUTERBOUND(#2285,.T.);
#2287= IFCFACE((#2286));
#2288= IFCPOLYLOOP((#2254,#2266,#2267,#2255));
#2289= IFCFACEOUTERBOUND(#2288,.T.);
#2290= IFCFACE((#2289));
#2291= IFCPOLYLOOP((#2255,#2267,#2268,#2256));
#2292= IFCFACEOUTERBOUND(#2291,.T.);
#2293= IFCFACE((#2292));
#2294= IFCPOLYLOOP((#2256,#2268,#2269,#2257));
#2295= IFCFACEOUTERBOUND(#2294,.T.);
#2296= IFCFACE((#2295));
#2297= IFCPOLYLOOP((#2257,#2269,#2270,#2258));
#2298= IFCFACEOUTERBOUND(#2297,.T.);
#2299= IFCFACE((#2298));
#2300= IFCPOLYLOOP((#2258,#2270,#2271,#2259));
#2301= IFCFACEOUTERBOUND(#2300,.T.);
#2302= IFCFACE((#2301));
#2303= IFCPOLYLOOP((#2259,#2271,#2272,#2260));
#2304= IFCFACEOUTERBOUND(#2303,.T.);
#2305= IFCFACE((#2304));
#2306= IFCPOLYLOOP((#2260,#2272,#2273,#2261));
#2307= IFCFACEOUTERBOUND(#2306,.T.);
#2308= IFCFACE((#2307));
#2309= IFCPOLYLOOP((#2261,#2273,#2274,#2262));
#2310= IFCFACEOUTERBOUND(#2309,.T.);
#2311= IFCFACE((#2310));
#2312= IFCPOLYLOOP((#2262,#2274,#2275,#2263));
#2313= IFCFACEOUTERBOUND(#2312,.T.);
#2314= IFCFACE((#2313));
#2315= IFCPOLYLOOP((#2263,#2275,#2264,#2252));
#2316= IFCFACEOUTERBOUND(#2315,.T.);
#2317= IFCFACE((#2316));
#2318= IFCCARTESIANPOINT((9.,122.,6.));
#2319= IFCCARTESIANPOINT((8.31491579260149,122.,9.44415089128602));
#2320= IFCCARTESIANPOINT((6.3639610306786,122.,12.3639610306793));
#2321= IFCCARTESIANPOINT((3.44415089128516,122.,14.3149157926018));
#2322= IFCCARTESIANPOINT((-9.3270238344029E-13,122.,15.));
#2323= IFCCARTESIANPOINT((-4.50000000000107,122.,13.7942286340593));
#2324= IFCCARTESIANPOINT((-7.79422863406072,122.,10.4999999999987));
#2325= IFCCARTESIANPOINT((-9.,122.,5.99999999999813));
#2326= IFCCARTESIANPOINT((-9.,122.,-6.00000000000187));
#2327= IFCCARTESIANPOINT((-7.79422863405886,122.,-10.5000000000019));
#2328= IFCCARTESIANPOINT((-4.49999999999785,122.,-13.7942286340612));
#2329= IFCCARTESIANPOINT((2.78811514309924E-12,122.,-15.));
#2330= IFCCARTESIANPOINT((4.50000000000269,122.,-13.7942286340584));
#2331= IFCCARTESIANPOINT((7.79422863406166,122.,-10.499999999997));
#2332= IFCCARTESIANPOINT((9.,122.,-5.99999999999627));
#2333= IFCCARTESIANPOINT((9.,140.,6.));
#2334= IFCCARTESIANPOINT((8.31491579260149,140.,9.44415089128602));
#2335= IFCCARTESIANPOINT((6.3639610306786,140.,12.3639610306793));
#2336= IFCCARTESIANPOINT((3.44415089128516,140.,14.3149157926018));
#2337= IFCCARTESIANPOINT((-9.3270238344029E-13,140.,15.));
#2338= IFCCARTESIANPOINT((-4.50000000000107,140.,13.7942286340593));
#2339= IFCCARTESIANPOINT((-7.79422863406072,140.,10.4999999999987));
#2340= IFCCARTESIANPOINT((-9.,140.,5.99999999999813));
#2341= IFCCARTESIANPOINT((-9.,140.,-6.00000000000187));
#2342= IFCCARTESIANPOINT((-7.79422863405886,140.,-10.5000000000019));
#2343= IFCCARTESIANPOINT((-4.49999999999785,140.,-13.7942286340612));
#2344= IFCCARTESIANPOINT((2.78811514309924E-12,140.,-15.));
#2345= IFCCARTESIANPOINT((4.50000000000269,140.,-13.7942286340584));
#2346= IFCCARTESIANPOINT((7.79422863406166,140.,-10.499999999997));
#2347= IFCCARTESIANPOINT((9.,140.,-5.99999999999627));
#2348= IFCPOLYLOOP((#2318,#2319,#2320,#2322,#2323,#2324,#2325,#2326,#2327,#2328,#2329,#2330,#2331,#2332));
#2349= IFCFACEOUTERBOUND(#2348,.T.);
#2350= IFCFACE((#2349));
#2351= IFCPOLYLOOP((#2347,#2346,#2345,#2344,#2343,#2342,#2341,#2340,#2339,#2338,#2337,#2336,#2335,#2334,#2333));
#2352= IFCFACEOUTERBOUND(#2351,.T.);
#2353= IFCFACE((#2352));
#2354= IFCPOLYLOOP((#2318,#2333,#2334,#2319));
#2355= IFCFACEOUTERBOUND(#2354,.T.);
#2356= IFCFACE((#2355));
#2357= IFCPOLYLOOP((#2319,#2334,#2335,#2320));
#2358= IFCFACEOUTERBOUND(#2357,.T.);
#2359= IFCFACE((#2358));
#2360= IFCPOLYLOOP((#2320,#2335,#2336,#2321));
#2361= IFCFACEOUTERBOUND(#2360,.T.);
#2362= IFCFACE((#2361));
#2363= IFCPOLYLOOP((#2321,#2336,#2337,#2322));
#2364= IFCFACEOUTERBOUND(#2363,.T.);
#2365= IFCFACE((#2364));
#2366= IFCPOLYLOOP((#2322,#2337,#2338,#2323));
#2367= IFCFACEOUTERBOUND(#2366,.T.);
#2368= IFCFACE((#2367));
#2369= IFCPOLYLOOP((#2323,#2338,#2339,#2324));
#2370= IFCFACEOUTERBOUND(#2369,.T.);
#2371= IFCFACE((#2370));
#2372= IFCPOLYLOOP((#2324,#2339,#2340,#2325));
#2373= IFCFACEOUTERBOUND(#2372,.T.);
#2374= IFCFACE((#2373));
#2375= IFCPOLYLOOP((#2325,#2340,#2341,#2326));
#2376= IFCFACEOUTERBOUND(#2375,.T.);
#2377= IFCFACE((#2376));
#2378= IFCPOLYLOOP((#2326,#2341,#2342,#2327));
#2379= IFCFACEOUTERBOUND(#2378,.T.);
#2380= IFCFACE((#2379));
#2381= IFCPOLYLOOP((#2327,#2342,#2343,#2328));
#2382= IFCFACEOUTERBOUND(#2381,.T.);
#2383= IFCFACE((#2382));
#2384= IFCPOLYLOOP((#2328,#2343,#2344,#2329));
#2385= IFCFACEOUTERBOUND(#2384,.T.);
#2386= IFCFACE((#2385));
#2387= IFCPOLYLOOP((#2329,#2344,#2345,#2330));
#2388= IFCFACEOUTERBOUND(#2387,.T.);
#2389= IFCFACE((#2388));
#2390= IFCPOLYLOOP((#2330,#2345,#2346,#2331));
#2391= IFCFACEOUTERBOUND(#2390,.T.);
#2392= IFCFACE((#2391));
#2393= IFCPOLYLOOP((#2331,#2346,#2347,#2332));
#2394= IFCFACEOUTERBOUND(#2393,.T.);
#2395= IFCFACE((#2394));
#2396= IFCPOLYLOOP((#2332,#2347,#2333,#2318));
#2397= IFCFACEOUTERBOUND(#2396,.T.);
#2398= IFCFACE((#2397));
#2399= IFCCARTESIANPOINT((9.,139.899359903573,0.));
#2400= IFCCARTESIANPOINT((7.79422863405979,139.899359903573,4.50000000000027));
#2401= IFCCARTESIANPOINT((4.49999999999946,139.899359903573,7.79422863406026));
#2402= IFCCARTESIANPOINT((-9.3270238344029E-13,139.899359903573,9.));
#2403= IFCCARTESIANPOINT((-4.50000000000107,139.899359903573,7.79422863405933));
#2404= IFCCARTESIANPOINT((-7.79422863406072,139.899359903573,4.49999999999866));
#2405= IFCCARTESIANPOINT((-9.,139.899359903573,-1.86540476688058E-12));
#2406= IFCCARTESIANPOINT((-7.79422863405886,139.899359903573,-4.50000000000188));
#2407= IFCCARTESIANPOINT((-4.49999999999785,139.899359903573,-7.79422863406119));
#2408= IFCCARTESIANPOINT((2.78811514309924E-12,139.899359903573,-9.));
#2409= IFCCARTESIANPOINT((4.50000000000269,139.899359903573,-7.7942286340584));
#2410= IFCCARTESIANPOINT((7.79422863406166,139.899359903573,-4.49999999999704));
#2411= IFCCARTESIANPOINT((9.,151.999359906111,0.));
#2412= IFCCARTESIANPOINT((7.79422863405979,151.999359906111,4.50000000000027));
#2413= IFCCARTESIANPOINT((4.49999999999946,151.999359906111,7.79422863406026));
#2414= IFCCARTESIANPOINT((-9.3270238344029E-13,151.999359906111,9.));
#2415= IFCCARTESIANPOINT((-4.50000000000107,151.999359906111,7.79422863405933));
#2416= IFCCARTESIANPOINT((-7.79422863406072,151.999359906111,4.49999999999866));
#2417= IFCCARTESIANPOINT((-9.,151.999359906111,-1.86540476688058E-12));
#2418= IFCCARTESIANPOINT((-7.79422863405886,151.999359906111,-4.50000000000188));
#2419= IFCCARTESIANPOINT((-4.49999999999785,151.999359906111,-7.79422863406119));
#2420= IFCCARTESIANPOINT((2.78811514309924E-12,151.999359906111,-9.));
#2421= IFCCARTESIANPOINT((4.50000000000269,151.999359906111,-7.7942286340584));
#2422= IFCCARTESIANPOINT((7.79422863406166,151.999359906111,-4.49999999999704));
#2423= IFCPOLYLOOP((#2399,#2400,#2401,#2402,#2403,#2404,#2405,#2406,#2407,#2408,#2409,#2410));
#2424= IFCFACEOUTERBOUND(#2423,.T.);
#2425= IFCFACE((#2424));
#2426= IFCPOLYLOOP((#2422,#2421,#2420,#2419,#2418,#2417,#2416,#2415,#2414,#2413,#2412,#2411));
#2427= IFCFACEOUTERBOUND(#2426,.T.);
#2428= IFCFACE((#2427));
#2429= IFCPOLYLOOP((#2399,#2411,#2412,#2400));
#2430= IFCFACEOUTERBOUND(#2429,.T.);
#2431= IFCFACE((#2430));
#2432= IFCPOLYLOOP((#2400,#2412,#2413,#2401));
#2433= IFCFACEOUTERBOUND(#2432,.T.);
#2434= IFCFACE((#2433));
#2435= IFCPOLYLOOP((#2401,#2413,#2414,#2402));
#2436= IFCFACEOUTERBOUND(#2435,.T.);
#2437= IFCFACE((#2436));
#2438= IFCPOLYLOOP((#2402,#2414,#2415,#2403));
#2439= IFCFACEOUTERBOUND(#2438,.T.);
#2440= IFCFACE((#2439));
#2441= IFCPOLYLOOP((#2403,#2415,#2416,#2404));
#2442= IFCFACEOUTERBOUND(#2441,.T.);
#2443= IFCFACE((#2442));
#2444= IFCPOLYLOOP((#2404,#2416,#2417,#2405));
#2445= IFCFACEOUTERBOUND(#2444,.T.);
#2446= IFCFACE((#2445));
#2447= IFCPOLYLOOP((#2405,#2417,#2418,#2406));
#2448= IFCFACEOUTERBOUND(#2447,.T.);
#2449= IFCFACE((#2448));
#2450= IFCPOLYLOOP((#2406,#2418,#2419,#2407));
#2451= IFCFACEOUTERBOUND(#2450,.T.);
#2452= IFCFACE((#2451));
#2453= IFCPOLYLOOP((#2407,#2419,#2420,#2408));
#2454= IFCFACEOUTERBOUND(#2453,.T.);
#2455= IFCFACE((#2454));
#2456= IFCPOLYLOOP((#2408,#2420,#2421,#2409));
#2457= IFCFACEOUTERBOUND(#2456,.T.);
#2458= IFCFACE((#2457));
#2459= IFCPOLYLOOP((#2409,#2421,#2422,#2410));
#2460= IFCFACEOUTERBOUND(#2459,.T.);
#2461= IFCFACE((#2460));
#2462= IFCPOLYLOOP((#2410,#2422,#2411,#2399));
#2463= IFCFACEOUTERBOUND(#2462,.T.);
#2464= IFCFACE((#2463));
#2465= IFCCARTESIANPOINT((13.856406460551,-22.5606400964272,0.));
#2466= IFCCARTESIANPOINT((6.92820323027551,-22.5606400964272,12.));
#2467= IFCCARTESIANPOINT((-6.92820323027551,-22.5606400964272,12.));
#2468= IFCCARTESIANPOINT((-13.856406460551,-22.5606400964272,1.69692038195985E-15));
#2469= IFCCARTESIANPOINT((-6.92820323027552,-22.5606400964272,-12.));
#2470= IFCCARTESIANPOINT((6.9282032302755,-22.5606400964272,-12.));
#2471= IFCCARTESIANPOINT((13.856406460551,-12.0006400964272,0.));
#2472= IFCCARTESIANPOINT((6.92820323027551,-12.0006400964272,12.));
#2473= IFCCARTESIANPOINT((-6.92820323027551,-12.0006400964272,12.));
#2474= IFCCARTESIANPOINT((-13.856406460551,-12.0006400964272,1.69692038195985E-15));
#2475= IFCCARTESIANPOINT((-6.92820323027552,-12.0006400964272,-12.));
#2476= IFCCARTESIANPOINT((6.9282032302755,-12.0006400964272,-12.));
#2477= IFCPOLYLOOP((#2465,#2466,#2467,#2468,#2469,#2470));
#2478= IFCFACEOUTERBOUND(#2477,.T.);
#2479= IFCFACE((#2478));
#2480= IFCPOLYLOOP((#2476,#2475,#2474,#2473,#2472,#2471));
#2481= IFCFACEOUTERBOUND(#2480,.T.);
#2482= IFCFACE((#2481));
#2483= IFCPOLYLOOP((#2465,#2471,#2472,#2466));
#2484= IFCFACEOUTERBOUND(#2483,.T.);
#2485= IFCFACE((#2484));
#2486= IFCPOLYLOOP((#2466,#2472,#2473,#2467));
#2487= IFCFACEOUTERBOUND(#2486,.T.);
#2488= IFCFACE((#2487));
#2489= IFCPOLYLOOP((#2467,#2473,#2474,#2468));
#2490= IFCFACEOUTERBOUND(#2489,.T.);
#2491= IFCFACE((#2490));
#2492= IFCPOLYLOOP((#2468,#2474,#2475,#2469));
#2493= IFCFACEOUTERBOUND(#2492,.T.);
#2494= IFCFACE((#2493));
#2495= IFCPOLYLOOP((#2469,#2475,#2476,#2470));
#2496= IFCFACEOUTERBOUND(#2495,.T.);
#2497= IFCFACE((#2496));
#2498= IFCPOLYLOOP((#2470,#2476,#2471,#2465));
#2499= IFCFACEOUTERBOUND(#2498,.T.);
#2500= IFCFACE((#2499));
#2501= IFCCARTESIANPOINT((8.,-12.0006400964272,0.));
#2502= IFCCARTESIANPOINT((6.92820323027537,-12.0006400964272,4.00000000000024));
#2503= IFCCARTESIANPOINT((3.99999999999952,-12.0006400964272,6.92820323027578));
#2504= IFCCARTESIANPOINT((-8.29068785280258E-13,-12.0006400964272,8.));
#2505= IFCCARTESIANPOINT((-4.00000000000096,-12.0006400964272,6.92820323027496));
#2506= IFCCARTESIANPOINT((-6.9282032302762,-12.0006400964272,3.99999999999881));
#2507= IFCCARTESIANPOINT((-8.,-12.0006400964272,-1.65813757056052E-12));
#2508= IFCCARTESIANPOINT((-6.92820323027454,-12.0006400964272,-4.00000000000167));
#2509= IFCCARTESIANPOINT((-3.99999999999809,-12.0006400964272,-6.92820323027661));
#2510= IFCCARTESIANPOINT((2.47832457164377E-12,-12.0006400964272,-8.));
#2511= IFCCARTESIANPOINT((4.00000000000239,-12.0006400964272,-6.92820323027413));
#2512= IFCCARTESIANPOINT((6.92820323027703,-12.0006400964272,-3.99999999999737));
#2513= IFCCARTESIANPOINT((8.,237.000000772713,0.));
#2514= IFCCARTESIANPOINT((6.92820323027537,237.000000772713,4.00000000000024));
#2515= IFCCARTESIANPOINT((3.99999999999952,237.000000772713,6.92820323027578));
#2516= IFCCARTESIANPOINT((-8.29068785280258E-13,237.000000772713,8.));
#2517= IFCCARTESIANPOINT((-4.00000000000096,237.000000772713,6.92820323027496));
#2518= IFCCARTESIANPOINT((-6.9282032302762,237.000000772713,3.99999999999881));
#2519= IFCCARTESIANPOINT((-8.,237.000000772713,-1.65813757056052E-12));
#2520= IFCCARTESIANPOINT((-6.92820323027454,237.000000772713,-4.00000000000167));
#2521= IFCCARTESIANPOINT((-3.99999999999809,237.000000772713,-6.92820323027661));
#2522= IFCCARTESIANPOINT((2.47832457164377E-12,237.000000772713,-8.));
#2523= IFCCARTESIANPOINT((4.00000000000239,237.000000772713,-6.92820323027413));
#2524= IFCCARTESIANPOINT((6.92820323027703,237.000000772713,-3.99999999999737));
#2525= IFCPOLYLOOP((#2501,#2502,#2503,#2504,#2505,#2506,#2507,#2508,#2509,#2510,#2511,#2512));
#2526= IFCFACEOUTERBOUND(#2525,.T.);
#2527= IFCFACE((#2526));
#2528= IFCPOLYLOOP((#2524,#2523,#2522,#2521,#2520,#2519,#2518,#2517,#2516,#2515,#2514,#2513));
#2529= IFCFACEOUTERBOUND(#2528,.T.);
#2530= IFCFACE((#2529));
#2531= IFCPOLYLOOP((#2501,#2513,#2514,#2502));
#2532= IFCFACEOUTERBOUND(#2531,.T.);
#2533= IFCFACE((#2532));
#2534= IFCPOLYLOOP((#2502,#2514,#2515,#2503));
#2535= IFCFACEOUTERBOUND(#2534,.T.);
#2536= IFCFACE((#2535));
#2537= IFCPOLYLOOP((#2503,#2515,#2516,#2504));
#2538= IFCFACEOUTERBOUND(#2537,.T.);
#2539= IFCFACE((#2538));
#2540= IFCPOLYLOOP((#2504,#2516,#2517,#2505));
#2541= IFCFACEOUTERBOUND(#2540,.T.);
#2542= IFCFACE((#2541));
#2543= IFCPOLYLOOP((#2505,#2517,#2518,#2506));
#2544= IFCFACEOUTERBOUND(#2543,.T.);
#2545= IFCFACE((#2544));
#2546= IFCPOLYLOOP((#2506,#2518,#2519,#2507));
#2547= IFCFACEOUTERBOUND(#2546,.T.);
#2548= IFCFACE((#2547));
#2549= IFCPOLYLOOP((#2507,#2519,#2520,#2508));
#2550= IFCFACEOUTERBOUND(#2549,.T.);
#2551= IFCFACE((#2550));
#2552= IFCPOLYLOOP((#2508,#2520,#2521,#2509));
#2553= IFCFACEOUTERBOUND(#2552,.T.);
#2554= IFCFACE((#2553));
#2555= IFCPOLYLOOP((#2509,#2521,#2522,#2510));
#2556= IFCFACEOUTERBOUND(#2555,.T.);
#2557= IFCFACE((#2556));
#2558= IFCPOLYLOOP((#2510,#2522,#2523,#2511));
#2559= IFCFACEOUTERBOUND(#2558,.T.);
#2560= IFCFACE((#2559));
#2561= IFCPOLYLOOP((#2511,#2523,#2524,#2512));
#2562= IFCFACEOUTERBOUND(#2561,.T.);
#2563= IFCFACE((#2562));
#2564= IFCPOLYLOOP((#2512,#2524,#2513,#2501));
#2565= IFCFACEOUTERBOUND(#2564,.T.);
#2566= IFCFACE((#2565));
#2567= IFCCARTESIANPOINT((14.4,205.,0.));
#2568= IFCCARTESIANPOINT((12.4707658144957,205.,7.20000000000043));
#2569= IFCCARTESIANPOINT((7.19999999999914,205.,12.4707658144964));
#2570= IFCCARTESIANPOINT((-1.49232381350446E-12,205.,14.4));
#2571= IFCCARTESIANPOINT((-7.20000000000172,205.,12.4707658144949));
#2572= IFCCARTESIANPOINT((-12.4707658144972,205.,7.19999999999785));
#2573= IFCCARTESIANPOINT((-14.4,205.,-2.98464762700893E-12));
#2574= IFCCARTESIANPOINT((-12.4707658144942,205.,-7.20000000000301));
#2575= IFCCARTESIANPOINT((-7.19999999999656,205.,-12.4707658144979));
#2576= IFCCARTESIANPOINT((4.46098422895879E-12,205.,-14.4));
#2577= IFCCARTESIANPOINT((7.2000000000043,205.,-12.4707658144934));
#2578= IFCCARTESIANPOINT((12.4707658144986,205.,-7.19999999999527));
#2579= IFCCARTESIANPOINT((14.4,210.28,0.));
#2580= IFCCARTESIANPOINT((12.4707658144957,210.28,7.20000000000043));
#2581= IFCCARTESIANPOINT((7.19999999999914,210.28,12.4707658144964));
#2582= IFCCARTESIANPOINT((-1.49232381350446E-12,210.28,14.4));
#2583= IFCCARTESIANPOINT((-7.20000000000172,210.28,12.4707658144949));
#2584= IFCCARTESIANPOINT((-12.4707658144972,210.28,7.19999999999785));
#2585= IFCCARTESIANPOINT((-14.4,210.28,-2.98464762700893E-12));
#2586= IFCCARTESIANPOINT((-12.4707658144942,210.28,-7.20000000000301));
#2587= IFCCARTESIANPOINT((-7.19999999999656,210.28,-12.4707658144979));
#2588= IFCCARTESIANPOINT((4.46098422895879E-12,210.28,-14.4));
#2589= IFCCARTESIANPOINT((7.2000000000043,210.28,-12.4707658144934));
#2590= IFCCARTESIANPOINT((12.4707658144986,210.28,-7.19999999999527));
#2591= IFCPOLYLOOP((#2567,#2568,#2569,#2570,#2571,#2572,#2573,#2574,#2575,#2576,#2577,#2578));
#2592= IFCFACEOUTERBOUND(#2591,.T.);
#2593= IFCFACE((#2592));
#2594= IFCPOLYLOOP((#2590,#2589,#2588,#2587,#2586,#2585,#2584,#2583,#2582,#2581,#2580,#2579));
#2595= IFCFACEOUTERBOUND(#2594,.T.);
#2596= IFCFACE((#2595));
#2597= IFCPOLYLOOP((#2567,#2579,#2580,#2568));
#2598= IFCFACEOUTERBOUND(#2597,.T.);
#2599= IFCFACE((#2598));
#2600= IFCPOLYLOOP((#2568,#2580,#2581,#2569));
#2601= IFCFACEOUTERBOUND(#2600,.T.);
#2602= IFCFACE((#2601));
#2603= IFCPOLYLOOP((#2569,#2581,#2582,#2570));
#2604= IFCFACEOUTERBOUND(#2603,.T.);
#2605= IFCFACE((#2604));
#2606= IFCPOLYLOOP((#2570,#2582,#2583,#2571));
#2607= IFCFACEOUTERBOUND(#2606,.T.);
#2608= IFCFACE((#2607));
#2609= IFCPOLYLOOP((#2571,#2583,#2584,#2572));
#2610= IFCFACEOUTERBOUND(#2609,.T.);
#2611= IFCFACE((#2610));
#2612= IFCPOLYLOOP((#2572,#2584,#2585,#2573));
#2613= IFCFACEOUTERBOUND(#2612,.T.);
#2614= IFCFACE((#2613));
#2615= IFCPOLYLOOP((#2573,#2585,#2586,#2574));
#2616= IFCFACEOUTERBOUND(#2615,.T.);
#2617= IFCFACE((#2616));
#2618= IFCPOLYLOOP((#2574,#2586,#2587,#2575));
#2619= IFCFACEOUTERBOUND(#2618,.T.);
#2620= IFCFACE((#2619));
#2621= IFCPOLYLOOP((#2575,#2587,#2588,#2576));
#2622= IFCFACEOUTERBOUND(#2621,.T.);
#2623= IFCFACE((#2622));
#2624= IFCPOLYLOOP((#2576,#2588,#2589,#2577));
#2625= IFCFACEOUTERBOUND(#2624,.T.);
#2626= IFCFACE((#2625));
#2627= IFCPOLYLOOP((#2577,#2589,#2590,#2578));
#2628= IFCFACEOUTERBOUND(#2627,.T.);
#2629= IFCFACE((#2628));
#2630= IFCPOLYLOOP((#2578,#2590,#2579,#2567));
#2631= IFCFACEOUTERBOUND(#2630,.T.);
#2632= IFCFACE((#2631));
#2633= IFCCLOSEDSHELL((#2479,#2482,#2485,#2488,#2491,#2494,#2497,#2500,#2527,#2530,#2533,#2536,#2539,#2542,#2545,#2548,#2551,#2554,#2557,#2560,#2563,#2566,#2593,#2596,#2599,#2602,#2605,#2608,#2611,#2614,#2617,#2620,#2623,#2626,#2629,#2632));
#2634= IFCFACETEDBREP(#2633);
#2635= IFCSTYLEDITEM(#2634,(#48),$);
#2636= IFCCLOSEDSHELL((#2131,#2134,#2137,#2140,#2143,#2146,#2149,#2152,#2155,#2158,#2161,#2164,#2167,#2170,#2203,#2206,#2209,#2212,#2215,#2218,#2221,#2224,#2227,#2230,#2233,#2236,#2239,#2242,#2245,#2248,#2251,#2278,#2281,#2284,#2287,#2290,#2293,#2296,#2299,#2302,#2305,#2308,#2311,#2314,#2317,#2350,#2353,#2356,#2359,#2362,#2365,#2368,#2371,#2374,#2377,#2380,#2383,#2386,#2389,#2392,#2395,#2398,#2425,#2428,#2431,#2434,#2437,#2440,#2443,#2446,#2449,#2452,#2455,#2458,#2461,#2464));
#2637= IFCFACETEDBREP(#2636);
#2638= IFCSTYLEDITEM(#2637,(#119),$);
#2639= IFCSHAPEREPRESENTATION(#12,'Body','Brep',(#2634,#2637));
#2640= IFCREPRESENTATIONMAP(#10,#2639);
#2641= IFCMAPPEDITEM(#2640,#122);
#2642= IFCSHAPEREPRESENTATION(#12,'Body','MappedRepresentation',(#2641));
#2643= IFCPRODUCTDEFINITIONSHAPE($,$,(#2642));
#2644= IFCCARTESIANPOINT((52784.998911352,29692.9982118658,16950.0007692249));
#2645= IFCDIRECTION((0.,-1.,0.));
#2646= IFCAXIS2PLACEMENT3D(#2644,#9,#2645);
#2647= IFCLOCALPLACEMENT(#42,#2646);
#2648= IFCMECHANICALFASTENER('1v$CHkiEL2DBHzHO3iHAwf',#276,'Bolt assembly',$,$,#2647,#2643,'ID79fcc46e-b0e5-4234-b47d-4580ec44aea9',16.,249.000640869141);
#2649= IFCPROPERTYSINGLEVALUE('Washer count',$,IFCINTEGER(1),$);
#2650= IFCPROPERTYSINGLEVALUE('Washer diameter',$,IFCLENGTHMEASURE(16.),$);
#2651= IFCPROPERTYSINGLEVALUE('Slotted hole y',$,IFCLENGTHMEASURE(12.),$);
#2652= IFCPROPERTYSINGLEVALUE('Bolt hole diameter',$,IFCLENGTHMEASURE(18.),$);
#2653= IFCPROPERTYSINGLEVALUE('Bolt size',$,IFCLENGTHMEASURE(16.),$);
#2654= IFCPROPERTYSINGLEVALUE('Bolt length',$,IFCLENGTHMEASURE(249.),$);
#2655= IFCPROPERTYSET('34kzRFBD91uQ3Zilm$7IZ1',#5,'Tekla Bolt','Bolt Properties',(#2649,#2650,#137,#138,#139,#140,#141,#2651,#143,#2652,#145,#146,#2653,#2654,#149,#150));
#2656= IFCCARTESIANPOINT((20.7846096908265,-15.84,0.));
#2657= IFCCARTESIANPOINT((10.3923048454133,-15.84,18.));
#2658= IFCCARTESIANPOINT((-10.3923048454133,-15.84,18.));
#2659= IFCCARTESIANPOINT((-20.7846096908265,-15.84,2.54538057293978E-15));
#2660= IFCCARTESIANPOINT((-10.3923048454133,-15.84,-18.));
#2661= IFCCARTESIANPOINT((10.3923048454132,-15.84,-18.));
#2662= IFCCARTESIANPOINT((20.7846096908265,0.,0.));
#2663= IFCCARTESIANPOINT((10.3923048454133,0.,18.));
#2664= IFCCARTESIANPOINT((-10.3923048454133,0.,18.));
#2665= IFCCARTESIANPOINT((-20.7846096908265,0.,2.54538057293978E-15));
#2666= IFCCARTESIANPOINT((-10.3923048454133,0.,-18.));
#2667= IFCCARTESIANPOINT((10.3923048454132,0.,-18.));
#2668= IFCPOLYLOOP((#2656,#2657,#2658,#2659,#2660,#2661));
#2669= IFCFACEOUTERBOUND(#2668,.T.);
#2670= IFCFACE((#2669));
#2671= IFCPOLYLOOP((#2667,#2666,#2665,#2664,#2663,#2662));
#2672= IFCFACEOUTERBOUND(#2671,.T.);
#2673= IFCFACE((#2672));
#2674= IFCPOLYLOOP((#2656,#2662,#2663,#2657));
#2675= IFCFACEOUTERBOUND(#2674,.T.);
#2676= IFCFACE((#2675));
#2677= IFCPOLYLOOP((#2657,#2663,#2664,#2658));
#2678= IFCFACEOUTERBOUND(#2677,.T.);
#2679= IFCFACE((#2678));
#2680= IFCPOLYLOOP((#2658,#2664,#2665,#2659));
#2681= IFCFACEOUTERBOUND(#2680,.T.);
#2682= IFCFACE((#2681));
#2683= IFCPOLYLOOP((#2659,#2665,#2666,#2660));
#2684= IFCFACEOUTERBOUND(#2683,.T.);
#2685= IFCFACE((#2684));
#2686= IFCPOLYLOOP((#2660,#2666,#2667,#2661));
#2687= IFCFACEOUTERBOUND(#2686,.T.);
#2688= IFCFACE((#2687));
#2689= IFCPOLYLOOP((#2661,#2667,#2662,#2656));
#2690= IFCFACEOUTERBOUND(#2689,.T.);
#2691= IFCFACE((#2690));
#2692= IFCCARTESIANPOINT((12.,0.,0.));
#2693= IFCCARTESIANPOINT((10.3923048454131,0.,6.00000000000036));
#2694= IFCCARTESIANPOINT((5.99999999999928,0.,10.3923048454137));
#2695= IFCCARTESIANPOINT((-1.24360317792039E-12,0.,12.));
#2696= IFCCARTESIANPOINT((-6.00000000000143,0.,10.3923048454124));
#2697= IFCCARTESIANPOINT((-10.3923048454143,0.,5.99999999999821));
#2698= IFCCARTESIANPOINT((-12.,0.,-2.48720635584077E-12));
#2699= IFCCARTESIANPOINT((-10.3923048454118,0.,-6.00000000000251));
#2700= IFCCARTESIANPOINT((-5.99999999999713,0.,-10.3923048454149));
#2701= IFCCARTESIANPOINT((3.71748685746566E-12,0.,-12.));
#2702= IFCCARTESIANPOINT((6.00000000000358,0.,-10.3923048454112));
#2703= IFCCARTESIANPOINT((10.3923048454155,0.,-5.99999999999605));
#2704= IFCCARTESIANPOINT((12.,100.,0.));
#2705= IFCCARTESIANPOINT((10.3923048454131,100.,6.00000000000036));
#2706= IFCCARTESIANPOINT((5.99999999999928,100.,10.3923048454137));
#2707= IFCCARTESIANPOINT((-1.24360317792039E-12,100.,12.));
#2708= IFCCARTESIANPOINT((-6.00000000000143,100.,10.3923048454124));
#2709= IFCCARTESIANPOINT((-10.3923048454143,100.,5.99999999999821));
#2710= IFCCARTESIANPOINT((-12.,100.,-2.48720635584077E-12));
#2711= IFCCARTESIANPOINT((-10.3923048454118,100.,-6.00000000000251));
#2712= IFCCARTESIANPOINT((-5.99999999999713,100.,-10.3923048454149));
#2713= IFCCARTESIANPOINT((3.71748685746566E-12,100.,-12.));
#2714= IFCCARTESIANPOINT((6.00000000000358,100.,-10.3923048454112));
#2715= IFCCARTESIANPOINT((10.3923048454155,100.,-5.99999999999605));
#2716= IFCPOLYLOOP((#2692,#2693,#2694,#2695,#2696,#2697,#2698,#2699,#2700,#2701,#2702,#2703));
#2717= IFCFACEOUTERBOUND(#2716,.T.);
#2718= IFCFACE((#2717));
#2719= IFCPOLYLOOP((#2715,#2714,#2713,#2712,#2711,#2710,#2709,#2708,#2707,#2706,#2705,#2704));
#2720= IFCFACEOUTERBOUND(#2719,.T.);
#2721= IFCFACE((#2720));
#2722= IFCPOLYLOOP((#2692,#2704,#2705,#2693));
#2723= IFCFACEOUTERBOUND(#2722,.T.);
#2724= IFCFACE((#2723));
#2725= IFCPOLYLOOP((#2693,#2705,#2706,#2694));
#2726= IFCFACEOUTERBOUND(#2725,.T.);
#2727= IFCFACE((#2726));
#2728= IFCPOLYLOOP((#2694,#2706,#2707,#2695));
#2729= IFCFACEOUTERBOUND(#2728,.T.);
#2730= IFCFACE((#2729));
#2731= IFCPOLYLOOP((#2695,#2707,#2708,#2696));
#2732= IFCFACEOUTERBOUND(#2731,.T.);
#2733= IFCFACE((#2732));
#2734= IFCPOLYLOOP((#2696,#2708,#2709,#2697));
#2735= IFCFACEOUTERBOUND(#2734,.T.);
#2736= IFCFACE((#2735));
#2737= IFCPOLYLOOP((#2697,#2709,#2710,#2698));
#2738= IFCFACEOUTERBOUND(#2737,.T.);
#2739= IFCFACE((#2738));
#2740= IFCPOLYLOOP((#2698,#2710,#2711,#2699));
#2741= IFCFACEOUTERBOUND(#2740,.T.);
#2742= IFCFACE((#2741));
#2743= IFCPOLYLOOP((#2699,#2711,#2712,#2700));
#2744= IFCFACEOUTERBOUND(#2743,.T.);
#2745= IFCFACE((#2744));
#2746= IFCPOLYLOOP((#2700,#2712,#2713,#2701));
#2747= IFCFACEOUTERBOUND(#2746,.T.);
#2748= IFCFACE((#2747));
#2749= IFCPOLYLOOP((#2701,#2713,#2714,#2702));
#2750= IFCFACEOUTERBOUND(#2749,.T.);
#2751= IFCFACE((#2750));
#2752= IFCPOLYLOOP((#2702,#2714,#2715,#2703));
#2753= IFCFACEOUTERBOUND(#2752,.T.);
#2754= IFCFACE((#2753));
#2755= IFCPOLYLOOP((#2703,#2715,#2704,#2692));
#2756= IFCFACEOUTERBOUND(#2755,.T.);
#2757= IFCFACE((#2756));
#2758= IFCCLOSEDSHELL((#2670,#2673,#2676,#2679,#2682,#2685,#2688,#2691,#2718,#2721,#2724,#2727,#2730,#2733,#2736,#2739,#2742,#2745,#2748,#2751,#2754,#2757));
#2759= IFCFACETEDBREP(#2758);
#2760= IFCSTYLEDITEM(#2759,(#48),$);
#2761= IFCSHAPEREPRESENTATION(#12,'Body','Brep',(#2759));
#2762= IFCREPRESENTATIONMAP(#10,#2761);
#2763= IFCMAPPEDITEM(#2762,#122);
#2764= IFCSHAPEREPRESENTATION(#12,'Body','MappedRepresentation',(#2763));
#2765= IFCPRODUCTDEFINITIONSHAPE($,$,(#2764));
#2766= IFCCARTESIANPOINT((52919.9939111033,27448.0044901299,16915.9926117761));
#2767= IFCDIRECTION((0.,-3.19310000559198E-05,-0.999999999490206));
#2768= IFCDIRECTION((0.,0.999999999490206,-3.19310000559087E-05));
#2769= IFCAXIS2PLACEMENT3D(#2766,#2767,#2768);
#2770= IFCLOCALPLACEMENT(#42,#2769);
#2771= IFCMECHANICALFASTENER('3dgxuGaEDEtetdtko8lDog',#276,'Bolt assembly',$,$,#2770,#2765,'IDe7abbe10-90e3-4ede-8de7-deec88bcdcaa',24.,100.);
#2772= IFCPROPERTYSINGLEVALUE('Bolt length',$,IFCLENGTHMEASURE(100.),$);
#2773= IFCPROPERTYSET('1LtEGEOK92SQROeFm88z$w',#5,'Tekla Bolt','Bolt Properties',(#135,#136,#137,#138,#139,#140,#141,#142,#143,#144,#145,#146,#643,#2772,#149,#150));
#2774= IFCMAPPEDITEM(#2762,#122);
#2775= IFCSHAPEREPRESENTATION(#12,'Body','MappedRepresentation',(#2774));
#2776= IFCPRODUCTDEFINITIONSHAPE($,$,(#2775));
#2777= IFCCARTESIANPOINT((53039.9939111033,27448.0044901299,16915.9926117761));
#2778= IFCAXIS2PLACEMENT3D(#2777,#2767,#2768);
#2779= IFCLOCALPLACEMENT(#42,#2778);
#2780= IFCMECHANICALFASTENER('0P4rbWRUj4DuB6NR_DWvRz',#276,'Bolt assembly',$,$,#2779,#2776,'ID19135960-6deb-4437-82c6-5dbf8d8396fd',24.,100.);
#2781= IFCMAPPEDITEM(#2640,#122);
#2782= IFCSHAPEREPRESENTATION(#12,'Body','MappedRepresentation',(#2781));
#2783= IFCPRODUCTDEFINITIONSHAPE($,$,(#2782));
#2784= IFCCARTESIANPOINT((52784.998911352,29592.9982118658,16950.0007692249));
#2785= IFCAXIS2PLACEMENT3D(#2784,#9,#2645);
#2786= IFCLOCALPLACEMENT(#42,#2785);
#2787= IFCMECHANICALFASTENER('1_OX0FqyzE1O0wHQ$9rK9r',#276,'Bolt assembly',$,$,#2786,#2783,'ID7e62100f-d3cf-4e05-803a-45afc9d54275',16.,249.000640869141);
#2788= IFCCARTESIANPOINT((0.,-4.,60.));
#2789= IFCCARTESIANPOINT((0.,4.,60.));
#2790= IFCPOLYLOOP((#2048,#2788,#2789,#2051));
#2791= IFCFACEOUTERBOUND(#2790,.T.);
#2792= IFCFACE((#2791));
#2793= IFCCARTESIANPOINT((3.9018064403208,-4.,60.3842943919371));
#2794= IFCCARTESIANPOINT((3.9018064403208,4.,60.3842943919371));
#2795= IFCPOLYLOOP((#2788,#2793,#2794,#2789));
#2796= IFCFACEOUTERBOUND(#2795,.T.);
#2797= IFCFACE((#2796));
#2798= IFCCARTESIANPOINT((7.65366864730458,-4.,61.5224093497745));
#2799= IFCCARTESIANPOINT((7.65366864730458,4.,61.5224093497745));
#2800= IFCPOLYLOOP((#2793,#2798,#2799,#2794));
#2801= IFCFACEOUTERBOUND(#2800,.T.);
#2802= IFCFACE((#2801));
#2803= IFCCARTESIANPOINT((11.1114046603907,-4.,63.37060775395));
#2804= IFCCARTESIANPOINT((11.1114046603907,4.,63.37060775395));
#2805= IFCPOLYLOOP((#2798,#2803,#2804,#2799));
#2806= IFCFACEOUTERBOUND(#2805,.T.);
#2807= IFCFACE((#2806));
#2808= IFCCARTESIANPOINT((14.1421356237333,-4.,65.8578643762703));
#2809= IFCCARTESIANPOINT((14.1421356237333,4.,65.8578643762703));
#2810= IFCPOLYLOOP((#2803,#2808,#2809,#2804));
#2811= IFCFACEOUTERBOUND(#2810,.T.);
#2812= IFCFACE((#2811));
#2813= IFCCARTESIANPOINT((16.6293922460536,-4.,68.8885953396093));
#2814= IFCCARTESIANPOINT((16.6293922460536,4.,68.8885953396093));
#2815= IFCPOLYLOOP((#2808,#2813,#2814,#2809));
#2816= IFCFACEOUTERBOUND(#2815,.T.);
#2817= IFCFACE((#2816));
#2818= IFCCARTESIANPOINT((18.4775906502255,-4.,72.3463313526991));
#2819= IFCCARTESIANPOINT((18.4775906502255,4.,72.3463313526991));
#2820= IFCPOLYLOOP((#2813,#2818,#2819,#2814));
#2821= IFCFACEOUTERBOUND(#2820,.T.);
#2822= IFCFACE((#2821));
#2823= IFCCARTESIANPOINT((19.6157056080629,-4.,76.0981935596792));
#2824= IFCCARTESIANPOINT((19.6157056080629,4.,76.0981935596792));
#2825= IFCPOLYLOOP((#2818,#2823,#2824,#2819));
#2826= IFCFACEOUTERBOUND(#2825,.T.);
#2827= IFCFACE((#2826));
#2828= IFCCARTESIANPOINT((20.,-4.,80.));
#2829= IFCCARTESIANPOINT((20.,4.,80.));
#2830= IFCPOLYLOOP((#2823,#2828,#2829,#2824));
#2831= IFCFACEOUTERBOUND(#2830,.T.);
#2832= IFCFACE((#2831));
#2833= IFCCARTESIANPOINT((190.,-4.,80.));
#2834= IFCCARTESIANPOINT((190.,4.,80.));
#2835= IFCPOLYLOOP((#2828,#2833,#2834,#2829));
#2836= IFCFACEOUTERBOUND(#2835,.T.);
#2837= IFCFACE((#2836));
#2838= IFCCARTESIANPOINT((190.,-4.,60.));
#2839= IFCCARTESIANPOINT((190.,4.,60.));
#2840= IFCPOLYLOOP((#2833,#2838,#2839,#2834));
#2841= IFCFACEOUTERBOUND(#2840,.T.);
#2842= IFCFACE((#2841));
#2843= IFCCARTESIANPOINT((20.,-4.,0.));
#2844= IFCCARTESIANPOINT((20.,4.,0.));
#2845= IFCPOLYLOOP((#2838,#2843,#2844,#2839));
#2846= IFCFACEOUTERBOUND(#2845,.T.);
#2847= IFCFACE((#2846));
#2848= IFCPOLYLOOP((#2843,#2048,#2051,#2844));
#2849= IFCFACEOUTERBOUND(#2848,.T.);
#2850= IFCFACE((#2849));
#2851= IFCPOLYLOOP((#2794,#2799,#2804,#2809,#2814,#2819,#2824,#2829,#2834,#2839,#2844,#2051,#2789));
#2852= IFCFACEOUTERBOUND(#2851,.T.);
#2853= IFCFACE((#2852));
#2854= IFCPOLYLOOP((#2843,#2838,#2833,#2828,#2823,#2818,#2813,#2808,#2803,#2798,#2793,#2788,#2048));
#2855= IFCFACEOUTERBOUND(#2854,.T.);
#2856= IFCFACE((#2855));
#2857= IFCCLOSEDSHELL((#2792,#2797,#2802,#2807,#2812,#2817,#2822,#2827,#2832,#2837,#2842,#2847,#2850,#2853,#2856));
#2858= IFCFACETEDBREP(#2857);
#2859= IFCSTYLEDITEM(#2858,(#2047),$);
#2860= IFCSHAPEREPRESENTATION(#12,'Body','Brep',(#2858));
#2861= IFCPRODUCTDEFINITIONSHAPE($,$,(#2860));
#2862= IFCCARTESIANPOINT((52924.998911352,29642.9982118658,16960.000769225));
#2863= IFCAXIS2PLACEMENT3D(#2862,#1069,#7);
#2864= IFCLOCALPLACEMENT(#42,#2863);
#2865= IFCPLATE('3VuyuDykvD8AMPEgQJ9l8h',#276,'PLATE-8','PL8*80',$,#2864,#2861,'IDdfe3ce0d-f2ee-4d20-a599-3aa69326f22b');
#2866= IFCPLATETYPE('1f9UK1sdvBdALzpnF3yBN8',#5,'PL8*80',$,$,$,$,$,$,.NOTDEFINED.);
#2867= IFCPROPERTYSINGLEVALUE('Top elevation',$,IFCLABEL(' +16.960'),$);
#2868= IFCPROPERTYSINGLEVALUE('Preliminary mark',$,IFCLABEL('5-2-P55'),$);
#2869= IFCPROPERTYSET('1c4vT_TA93Ie3UHEkyApFa',#5,'Tekla Common','Common Properties to Shared building elements',(#1562,#2867,#1343,#2868,#1345,#2086));
#2870= IFCPROPERTYSINGLEVALUE('Weight',$,IFCMASSMEASURE(0.61),$);
#2871= IFCPROPERTYSINGLEVALUE('Gross footprint area',$,IFCAREAMEASURE(0.),$);
#2872= IFCPROPERTYSINGLEVALUE('Area per tons',$,IFCAREAMEASURE(38.116),$);
#2873= IFCPROPERTYSINGLEVALUE('Net surface area',$,IFCAREAMEASURE(0.023),$);
#2874= IFCPROPERTYSINGLEVALUE('Height',$,IFCLENGTHMEASURE(80.),$);
#2875= IFCPROPERTYSINGLEVALUE('Length',$,IFCLENGTHMEASURE(190.),$);
#2876= IFCPROPERTYSET('0tFvWfqn18OxVWt8D1Jwtq',#5,'Tekla Quantity','Quantity Properties to Shared building elements',(#2870,#1349,#2871,#2872,#2873,#2874,#2093,#2875));
#2877= IFCPROPERTYSINGLEVALUE('Reference',$,IFCIDENTIFIER('5-2-P126'),$);
#2878= IFCPROPERTYSET('1iloBRBov46ffXGbXzeMFt',#5,'Pset_PlateCommon','Common Properties to plate elements',(#1357,#2877));
#2879= IFCQUANTITYLENGTH('Width',$,$,80.);
#2880= IFCQUANTITYAREA('NetArea',$,$,0.0234288553589783);
#2881= IFCQUANTITYAREA('GrossArea',$,$,0.0152);
#2882= IFCQUANTITYVOLUME('NetVolume',$,$,7.8302843883194E-05);
#2883= IFCQUANTITYVOLUME('GrossVolume',$,$,7.8302843883194E-05);
#2884= IFCELEMENTQUANTITY('3GK9zdfAb1gRYV67CmNMt8',#5,'BaseQuantities',$,$,(#2879,#2880,#2881,#2101,#2882,#2883));
#2885= IFCCARTESIANPOINT((0.,-4.,80.));
#2886= IFCCARTESIANPOINT((0.,4.,80.));
#2887= IFCPOLYLOOP((#2788,#2885,#2886,#2789));
#2888= IFCFACEOUTERBOUND(#2887,.T.);
#2889= IFCFACE((#2888));
#2890= IFCCARTESIANPOINT((10.,-4.,80.));
#2891= IFCCARTESIANPOINT((10.,4.,80.));
#2892= IFCPOLYLOOP((#2885,#2890,#2891,#2886));
#2893= IFCFACEOUTERBOUND(#2892,.T.);
#2894= IFCFACE((#2893));
#2895= IFCCARTESIANPOINT((20.,-4.,70.));
#2896= IFCCARTESIANPOINT((20.,4.,70.));
#2897= IFCPOLYLOOP((#2890,#2895,#2896,#2891));
#2898= IFCFACEOUTERBOUND(#2897,.T.);
#2899= IFCFACE((#2898));
#2900= IFCPOLYLOOP((#2895,#2843,#2844,#2896));
#2901= IFCFACEOUTERBOUND(#2900,.T.);
#2902= IFCFACE((#2901));
#2903= IFCCARTESIANPOINT((10.,-4.,0.));
#2904= IFCCARTESIANPOINT((10.,4.,0.));
#2905= IFCPOLYLOOP((#2843,#2903,#2904,#2844));
#2906= IFCFACEOUTERBOUND(#2905,.T.);
#2907= IFCFACE((#2906));
#2908= IFCPOLYLOOP((#2903,#2788,#2789,#2904));
#2909= IFCFACEOUTERBOUND(#2908,.T.);
#2910= IFCFACE((#2909));
#2911= IFCPOLYLOOP((#2891,#2896,#2844,#2904,#2789,#2886));
#2912= IFCFACEOUTERBOUND(#2911,.T.);
#2913= IFCFACE((#2912));
#2914= IFCPOLYLOOP((#2903,#2843,#2895,#2890,#2885,#2788));
#2915= IFCFACEOUTERBOUND(#2914,.T.);
#2916= IFCFACE((#2915));
#2917= IFCCLOSEDSHELL((#2889,#2894,#2899,#2902,#2907,#2910,#2913,#2916));
#2918= IFCFACETEDBREP(#2917);
#2919= IFCSTYLEDITEM(#2918,(#2047),$);
#2920= IFCSHAPEREPRESENTATION(#12,'Body','Brep',(#2918));
#2921= IFCPRODUCTDEFINITIONSHAPE($,$,(#2920));
#2922= IFCCARTESIANPOINT((52764.998911352,29642.9982118658,16960.000769225));
#2923= IFCAXIS2PLACEMENT3D(#2922,#1069,#7);
#2924= IFCLOCALPLACEMENT(#42,#2923);
#2925= IFCPLATE('3P_K0maaPErxignc9cZN2d',#276,'PLATE-8','PL8*20',$,#2924,#2921,'IDd9f94030-9246-4ed7-bb2a-c662668d70a7');
#2926= IFCPLATETYPE('0MkddOYfn7NBNbAAQDdXAL',#5,'PL8*20',$,$,$,$,$,$,.NOTDEFINED.);
#2927= IFCPROPERTYSINGLEVALUE('Weight',$,IFCMASSMEASURE(0.08),$);
#2928= IFCPROPERTYSINGLEVALUE('Area per tons',$,IFCAREAMEASURE(50.698),$);
#2929= IFCPROPERTYSINGLEVALUE('Net surface area',$,IFCAREAMEASURE(0.004),$);
#2930= IFCPROPERTYSINGLEVALUE('Height',$,IFCLENGTHMEASURE(20.),$);
#2931= IFCPROPERTYSINGLEVALUE('Length',$,IFCLENGTHMEASURE(80.),$);
#2932= IFCPROPERTYSET('28kIDr3$H21AoX0$Iu_DwZ',#5,'Tekla Quantity','Quantity Properties to Shared building elements',(#2927,#1349,#2871,#2928,#2929,#2930,#2093,#2931));
#2933= IFCPROPERTYSINGLEVALUE('Reference',$,IFCIDENTIFIER('5-2-P55'),$);
#2934= IFCPROPERTYSET('2PVL3XTZ15rRCRr9nGbcBH',#5,'Pset_PlateCommon','Common Properties to plate elements',(#1357,#2933));
#2935= IFCQUANTITYLENGTH('Width',$,$,20.);
#2936= IFCQUANTITYAREA('NetArea',$,$,0.00397975808741417);
#2937= IFCQUANTITYAREA('GrossArea',$,$,0.0016);
#2938= IFCQUANTITYVOLUME('NetVolume',$,$,9.99999999999988E-06);
#2939= IFCQUANTITYVOLUME('GrossVolume',$,$,9.99999999999988E-06);
#2940= IFCELEMENTQUANTITY('2FMJNI6rf43e8dDUDLEOK1',#5,'BaseQuantities',$,$,(#2935,#2936,#2937,#2101,#2938,#2939));
#2941= IFCCOLOURRGB('Light Gray',0.615686274509804,0.615686274509804,0.611764705882353);
#2942= IFCSURFACESTYLERENDERING(#2941,0.,$,$,$,$,IFCNORMALISEDRATIOMEASURE(0.00390625),IFCSPECULAREXPONENT(10.),.NOTDEFINED.);
#2943= IFCSURFACESTYLE('STEEL/S275',.POSITIVE.,(#2942));
#2944= IFCPRESENTATIONSTYLEASSIGNMENT((#2943));
#2945= IFCCARTESIANPOINT((0.,-9.,0.));
#2946= IFCCARTESIANPOINT((0.,-9.,120.));
#2947= IFCCARTESIANPOINT((0.,9.,120.));
#2948= IFCCARTESIANPOINT((0.,9.,0.));
#2949= IFCPOLYLOOP((#2945,#2946,#2947,#2948));
#2950= IFCFACEOUTERBOUND(#2949,.T.);
#2951= IFCFACE((#2950));
#2952= IFCCARTESIANPOINT((200.,-9.,120.));
#2953= IFCCARTESIANPOINT((200.,9.,120.));
#2954= IFCPOLYLOOP((#2946,#2952,#2953,#2947));
#2955= IFCFACEOUTERBOUND(#2954,.T.);
#2956= IFCFACE((#2955));
#2957= IFCCARTESIANPOINT((200.,-9.,0.));
#2958= IFCCARTESIANPOINT((200.,9.,0.));
#2959= IFCPOLYLOOP((#2952,#2957,#2958,#2953));
#2960= IFCFACEOUTERBOUND(#2959,.T.);
#2961= IFCFACE((#2960));
#2962= IFCPOLYLOOP((#2957,#2945,#2948,#2958));
#2963= IFCFACEOUTERBOUND(#2962,.T.);
#2964= IFCFACE((#2963));
#2965= IFCPOLYLOOP((#2953,#2958,#2948,#2947));
#2966= IFCFACEOUTERBOUND(#2965,.T.);
#2967= IFCFACE((#2966));
#2968= IFCPOLYLOOP((#2957,#2952,#2946,#2945));
#2969= IFCFACEOUTERBOUND(#2968,.T.);
#2970= IFCFACE((#2969));
#2971= IFCCLOSEDSHELL((#2951,#2956,#2961,#2964,#2967,#2970));
#2972= IFCFACETEDBREP(#2971);
#2973= IFCSTYLEDITEM(#2972,(#2944),$);
#2974= IFCSHAPEREPRESENTATION(#12,'Body','Brep',(#2972));
#2975= IFCPRODUCTDEFINITIONSHAPE($,$,(#2974));
#2976= IFCCARTESIANPOINT((52915.998911352,29742.9982118658,17000.0007692249));
#2977= IFCAXIS2PLACEMENT3D(#2976,#1069,#2645);
#2978= IFCLOCALPLACEMENT(#42,#2977);
#2979= IFCPLATE('1PRUgJ91P3dOP4UGtsaksH',#276,'PLATE-18','PL18*120',$,#2978,#2975,'ID596dea93-2416-439d-8644-790df692ed91');
#2980= IFCPLATETYPE('2TZr0y9DrCL8CYXZBJ$Rrn',#5,'PL18*120',$,$,$,$,$,$,.NOTDEFINED.);
#2981= IFCPROPERTYSINGLEVALUE('Top elevation',$,IFCLABEL(' +17.000'),$);
#2982= IFCPROPERTYSINGLEVALUE('Preliminary mark',$,IFCLABEL('5-2-P82'),$);
#2983= IFCPROPERTYSINGLEVALUE('Class',$,IFCLABEL('15'),$);
#2984= IFCPROPERTYSET('0O19tViV1AcQRXuLi9mdql',#5,'Tekla Common','Common Properties to Shared building elements',(#1562,#2981,#1343,#2982,#1345,#2983));
#2985= IFCPROPERTYSINGLEVALUE('Weight',$,IFCMASSMEASURE(3.39),$);
#2986= IFCPROPERTYSINGLEVALUE('Area per tons',$,IFCAREAMEASURE(17.551),$);
#2987= IFCPROPERTYSINGLEVALUE('Net surface area',$,IFCAREAMEASURE(0.06),$);
#2988= IFCPROPERTYSINGLEVALUE('Width',$,IFCLENGTHMEASURE(18.),$);
#2989= IFCPROPERTYSINGLEVALUE('Length',$,IFCLENGTHMEASURE(200.),$);
#2990= IFCPROPERTYSET('0sxbFtOHH2kuYNfS2wDsTP',#5,'Tekla Quantity','Quantity Properties to Shared building elements',(#2985,#1349,#1623,#2986,#2987,#1353,#2988,#2989));
#2991= IFCPROPERTYSINGLEVALUE('Reference',$,IFCIDENTIFIER('5-2-P82'),$);
#2992= IFCPROPERTYSET('17BytGcbb3DujpG2FBZyz9',#5,'Pset_PlateCommon','Common Properties to plate elements',(#1357,#2991));
#2993= IFCQUANTITYLENGTH('Width',$,$,120.);
#2994= IFCQUANTITYAREA('NetArea',$,$,0.05952);
#2995= IFCQUANTITYAREA('GrossArea',$,$,0.024);
#2996= IFCQUANTITYAREA('CrossSectionArea',$,$,0.000324);
#2997= IFCQUANTITYVOLUME('NetVolume',$,$,0.000432);
#2998= IFCQUANTITYVOLUME('GrossVolume',$,$,0.000432);
#2999= IFCELEMENTQUANTITY('2YAa$PI9H4nvJQUiRaqRdB',#5,'BaseQuantities',$,$,(#2993,#2994,#2995,#2996,#2997,#2998));
#3000= IFCSHAPEREPRESENTATION(#12,'Body','Brep',(#2972));
#3001= IFCPRODUCTDEFINITIONSHAPE($,$,(#3000));
#3002= IFCCARTESIANPOINT((52793.998911352,29742.9982118658,17000.0007692249));
#3003= IFCAXIS2PLACEMENT3D(#3002,#1069,#2645);
#3004= IFCLOCALPLACEMENT(#42,#3003);
#3005= IFCPLATE('2OBfa3R4j2KewODkpPsNXh',#276,'PLATE-18','PL18*120',$,#3004,#3001,'ID982e9903-6c4b-4252-8e98-36ecd9d9786b');
#3006= IFCQUANTITYAREA('NetArea',$,$,0.0595199999999999);
#3007= IFCQUANTITYVOLUME('NetVolume',$,$,0.000431999999999999);
#3008= IFCQUANTITYVOLUME('GrossVolume',$,$,0.000431999999999999);
#3009= IFCELEMENTQUANTITY('1IuvfEOcj7YPJvS0XzC3G5',#5,'BaseQuantities',$,$,(#2993,#3006,#2995,#2996,#3007,#3008));
#3010= IFCCARTESIANPOINT((0.,117.,-167.));
#3011= IFCCARTESIANPOINT((0.,-117.,-167.));
#3012= IFCCARTESIANPOINT((2373.,-117.,-167.));
#3013= IFCCARTESIANPOINT((2373.,117.,-167.));
#3014= IFCPOLYLOOP((#3010,#3011,#3012,#3013));
#3015= IFCFACEOUTERBOUND(#3014,.T.);
#3016= IFCFACE((#3015));
#3017= IFCCARTESIANPOINT((0.,-117.,167.));
#3018= IFCCARTESIANPOINT((2373.,-117.,167.));
#3019= IFCPOLYLOOP((#3011,#3017,#3018,#3012));
#3020= IFCFACEOUTERBOUND(#3019,.T.);
#3021= IFCFACE((#3020));
#3022= IFCCARTESIANPOINT((0.,117.,167.));
#3023= IFCCARTESIANPOINT((2373.,117.,167.));
#3024= IFCPOLYLOOP((#3017,#3022,#3023,#3018));
#3025= IFCFACEOUTERBOUND(#3024,.T.);
#3026= IFCFACE((#3025));
#3027= IFCPOLYLOOP((#3022,#3010,#3013,#3023));
#3028= IFCFACEOUTERBOUND(#3027,.T.);
#3029= IFCFACE((#3028));
#3030= IFCCARTESIANPOINT((0.,125.,-175.));
#3031= IFCCARTESIANPOINT((0.,125.,175.));
#3032= IFCCARTESIANPOINT((2373.,125.,175.));
#3033= IFCCARTESIANPOINT((2373.,125.,-175.));
#3034= IFCPOLYLOOP((#3030,#3031,#3032,#3033));
#3035= IFCFACEOUTERBOUND(#3034,.T.);
#3036= IFCFACE((#3035));
#3037= IFCCARTESIANPOINT((0.,-125.,175.));
#3038= IFCCARTESIANPOINT((2373.,-125.,175.));
#3039= IFCPOLYLOOP((#3031,#3037,#3038,#3032));
#3040= IFCFACEOUTERBOUND(#3039,.T.);
#3041= IFCFACE((#3040));
#3042= IFCCARTESIANPOINT((0.,-125.,-175.));
#3043= IFCCARTESIANPOINT((2373.,-125.,-175.));
#3044= IFCPOLYLOOP((#3037,#3042,#3043,#3038));
#3045= IFCFACEOUTERBOUND(#3044,.T.);
#3046= IFCFACE((#3045));
#3047= IFCPOLYLOOP((#3042,#3030,#3033,#3043));
#3048= IFCFACEOUTERBOUND(#3047,.T.);
#3049= IFCFACE((#3048));
#3050= IFCPOLYLOOP((#3038,#3043,#3033,#3032));
#3051= IFCFACEOUTERBOUND(#3050,.T.);
#3052= IFCPOLYLOOP((#3018,#3023,#3013,#3012));
#3053= IFCFACEBOUND(#3052,.T.);
#3054= IFCFACE((#3051,#3053));
#3055= IFCPOLYLOOP((#3042,#3037,#3031,#3030));
#3056= IFCFACEOUTERBOUND(#3055,.T.);
#3057= IFCPOLYLOOP((#3022,#3017,#3011,#3010));
#3058= IFCFACEBOUND(#3057,.T.);
#3059= IFCFACE((#3056,#3058));
#3060= IFCCLOSEDSHELL((#3016,#3021,#3026,#3029,#3036,#3041,#3046,#3049,#3054,#3059));
#3061= IFCFACETEDBREP(#3060);
#3062= IFCSTYLEDITEM(#3061,(#2047),$);
#3063= IFCSHAPEREPRESENTATION(#12,'Body','Brep',(#3061));
#3064= IFCPRODUCTDEFINITIONSHAPE($,$,(#3063));
#3065= IFCCARTESIANPOINT((52940.0016952412,27495.0248552805,16754.9999821454));
#3066= IFCAXIS2PLACEMENT3D(#3065,#2080,#8);
#3067= IFCLOCALPLACEMENT(#42,#3066);
#3068= IFCBEAM('1Xak8K2ufDTvbSYcJFq3Qt',#276,'B1-\S\?\S\Z350x250x8','TUB350X250X8 ',$,#3067,#3064,'ID6192e214-0b8a-4d77-995c-8a64cfd036b7');
#3069= IFCBEAMTYPE('16OUJENkr2dBH0J$2aDE01',#5,'TUB350X250X8 ',$,$,$,$,$,$,.NOTDEFINED.);
#3070= IFCPROPERTYSINGLEVALUE('Preliminary mark',$,IFCLABEL('5-2-P5'),$);
#3071= IFCPROPERTYSINGLEVALUE('Class',$,IFCLABEL('3'),$);
#3072= IFCPROPERTYSET('3kIWNGEhXEZO8hDT27KoWG',#5,'Tekla Common','Common Properties to Shared building elements',(#1616,#1617,#1343,#3070,#1345,#3071));
#3073= IFCPROPERTYSINGLEVALUE('Weight',$,IFCMASSMEASURE(174.06),$);
#3074= IFCPROPERTYSINGLEVALUE('Volume',$,IFCVOLUMEMEASURE(0.022),$);
#3075= IFCPROPERTYSINGLEVALUE('Gross footprint area',$,IFCAREAMEASURE(0.831),$);
#3076= IFCPROPERTYSINGLEVALUE('Area per tons',$,IFCAREAMEASURE(16.351),$);
#3077= IFCPROPERTYSINGLEVALUE('Net surface area',$,IFCAREAMEASURE(2.846),$);
#3078= IFCPROPERTYSINGLEVALUE('Width',$,IFCLENGTHMEASURE(250.),$);
#3079= IFCPROPERTYSINGLEVALUE('Length',$,IFCLENGTHMEASURE(2373.),$);
#3080= IFCPROPERTYSET('0l1nDH$RL7UxIIYaTbD6oi',#5,'Tekla Quantity','Quantity Properties to Shared building elements',(#3073,#3074,#3075,#3076,#3077,#1975,#3078,#3079));
#3081= IFCPROPERTYSINGLEVALUE('Reference',$,IFCIDENTIFIER('5-2-P5'),$);
#3082= IFCPROPERTYSET('39JhDw$EjCZfGy43ZbNYMw',#5,'Pset_BeamCommon','Common Properties to beam elements',(#1357,#3081));
#3083= IFCQUANTITYLENGTH('Length',$,$,2373.);
#3084= IFCQUANTITYAREA('OuterSurfaceArea',$,$,2.84606081871345);
#3085= IFCQUANTITYVOLUME('NetVolume',$,$,0.0221733120000019);
#3086= IFCQUANTITYWEIGHT('NetWeight',$,$,174.060499200015);
#3087= IFCELEMENTQUANTITY('246UbNUsv66ed2Qy25QA58',#5,'BaseQuantities',$,$,(#3083,#3084,#3085,#3086));
#3088= IFCCARTESIANPOINT((0.00023583121583215,-4.00000000052387,234.00000000036));
#3089= IFCCARTESIANPOINT((0.000235831212194171,3.99999999948341,234.000000000357));
#3090= IFCPOLYLOOP((#2048,#3088,#3089,#2051));
#3091= IFCFACEOUTERBOUND(#3090,.T.);
#3092= IFCFACE((#3091));
#3093= IFCCARTESIANPOINT((316.986877441017,-4.0000000007858,233.999999999807));
#3094= IFCCARTESIANPOINT((316.986877441013,3.99999999922147,233.999999999804));
#3095= IFCPOLYLOOP((#3088,#3093,#3094,#3089));
#3096= IFCFACEOUTERBOUND(#3095,.T.);
#3097= IFCFACE((#3096));
#3098= IFCCARTESIANPOINT((316.986663818025,-4.00000000028376,-7.56699591875076E-10));
#3099= IFCCARTESIANPOINT((316.986663818021,3.99999999972351,-7.6397554948926E-10));
#3100= IFCPOLYLOOP((#3093,#3098,#3099,#3094));
#3101= IFCFACEOUTERBOUND(#3100,.T.);
#3102= IFCFACE((#3101));
#3103= IFCPOLYLOOP((#3098,#2048,#2051,#3099));
#3104= IFCFACEOUTERBOUND(#3103,.T.);
#3105= IFCFACE((#3104));
#3106= IFCPOLYLOOP((#3094,#3099,#2051,#3089));
#3107= IFCFACEOUTERBOUND(#3106,.T.);
#3108= IFCFACE((#3107));
#3109= IFCPOLYLOOP((#3098,#3093,#3088,#2048));
#3110= IFCFACEOUTERBOUND(#3109,.T.);
#3111= IFCFACE((#3110));
#3112= IFCCLOSEDSHELL((#3092,#3097,#3102,#3105,#3108,#3111));
#3113= IFCFACETEDBREP(#3112);
#3114= IFCSTYLEDITEM(#3113,(#2047),$);
#3115= IFCSHAPEREPRESENTATION(#12,'Body','Brep',(#3113));
#3116= IFCPRODUCTDEFINITIONSHAPE($,$,(#3115));
#3117= IFCCARTESIANPOINT((42563.9672445358,30209.8538548027,16871.9890682305));
#3118= IFCDIRECTION((5.3999996453058E-08,-3.09229946979031E-05,-0.999999999521883));
#3119= IFCDIRECTION((0.000101441000033954,-0.999999994376746,3.09230000157907E-05));
#3120= IFCAXIS2PLACEMENT3D(#3117,#3118,#3119);
#3121= IFCLOCALPLACEMENT(#42,#3120);
#3122= IFCPLATE('2faW2kGNr8rBkMZvpuOEBa',#385,'PLATE-8','PL8*234',$,#3121,#3116,'IDa99200ae-417d-48d4-bb96-8f9cf860e2e4');
#3123= IFCPROPERTYSINGLEVALUE('Preliminary mark',$,IFCLABEL('5-2-P78'),$);
#3124= IFCPROPERTYSET('3bf5Xfw41CiAYTwCoM42th',#5,'Tekla Common','Common Properties to Shared building elements',(#2026,#2027,#1343,#3123,#1345,#2086));
#3125= IFCPROPERTYSINGLEVALUE('Weight',$,IFCMASSMEASURE(4.66),$);
#3126= IFCPROPERTYSINGLEVALUE('Area per tons',$,IFCAREAMEASURE(33.74),$);
#3127= IFCPROPERTYSINGLEVALUE('Net surface area',$,IFCAREAMEASURE(0.157),$);
#3128= IFCPROPERTYSINGLEVALUE('Length',$,IFCLENGTHMEASURE(317.),$);
#3129= IFCPROPERTYSET('0gP9IofQD5neZUOfLcGMuB',#5,'Tekla Quantity','Quantity Properties to Shared building elements',(#3125,#1622,#2089,#3126,#3127,#2092,#2093,#3128));
#3130= IFCPROPERTYSINGLEVALUE('Reference',$,IFCIDENTIFIER('5-2-P78'),$);
#3131= IFCPROPERTYSET('2GHux5Om9FCvrB2LSfXc7I',#5,'Pset_PlateCommon','Common Properties to plate elements',(#1357,#3130));
#3132= IFCQUANTITYLENGTH('Width',$,$,234.000000000204);
#3133= IFCQUANTITYAREA('NetArea',$,$,0.157165539913766);
#3134= IFCQUANTITYAREA('GrossArea',$,$,0.0741749293213536);
#3135= IFCQUANTITYVOLUME('NetVolume',$,$,0.000593399013881336);
#3136= IFCQUANTITYVOLUME('GrossVolume',$,$,0.000593399013881336);
#3137= IFCELEMENTQUANTITY('2fTWkRTGnCbQkMogTzqGPa',#5,'BaseQuantities',$,$,(#3132,#3133,#3134,#2101,#3135,#3136));
#3138= IFCCARTESIANPOINT((316.974517822433,-4.00000000005093,234.000000000829));
#3139= IFCCARTESIANPOINT((316.974517822437,3.99999999997817,234.000000000833));
#3140= IFCPOLYLOOP((#3088,#3138,#3139,#3089));
#3141= IFCFACEOUTERBOUND(#3140,.T.);
#3142= IFCFACE((#3141));
#3143= IFCCARTESIANPOINT((316.974273682048,-3.99999999954161,4.40195435658097E-10));
#3144= IFCCARTESIANPOINT((316.974273682048,4.00000000048749,4.40195435658097E-10));
#3145= IFCPOLYLOOP((#3138,#3143,#3144,#3139));
#3146= IFCFACEOUTERBOUND(#3145,.T.);
#3147= IFCFACE((#3146));
#3148= IFCPOLYLOOP((#3143,#2048,#2051,#3144));
#3149= IFCFACEOUTERBOUND(#3148,.T.);
#3150= IFCFACE((#3149));
#3151= IFCPOLYLOOP((#3139,#3144,#2051,#3089));
#3152= IFCFACEOUTERBOUND(#3151,.T.);
#3153= IFCFACE((#3152));
#3154= IFCPOLYLOOP((#3143,#3138,#3088,#2048));
#3155= IFCFACEOUTERBOUND(#3154,.T.);
#3156= IFCFACE((#3155));
#3157= IFCCLOSEDSHELL((#3092,#3142,#3147,#3150,#3153,#3156));
#3158= IFCFACETEDBREP(#3157);
#3159= IFCSTYLEDITEM(#3158,(#2047),$);
#3160= IFCSHAPEREPRESENTATION(#12,'Body','Brep',(#3158));
#3161= IFCPRODUCTDEFINITIONSHAPE($,$,(#3160));
#3162= IFCCARTESIANPOINT((42755.9723041495,30209.8689445041,16871.9890779562));
#3163= IFCDIRECTION((8.05599999250544E-06,-0.999999999489404,3.09240000206732E-05));
#3164= IFCAXIS2PLACEMENT3D(#3162,#3118,#3163);
#3165= IFCLOCALPLACEMENT(#42,#3164);
#3166= IFCPLATE('3k6a9V3k9Bc9gUHW3cKMSs',#385,'PLATE-8','PL8*234',$,#3165,#3161,'IDee1a425f-0ee2-4b98-9a9e-4600e6516736');
#3167= IFCQUANTITYLENGTH('Width',$,$,234.000000000022);
#3168= IFCQUANTITYAREA('NetArea',$,$,0.157159550541329);
#3169= IFCQUANTITYAREA('GrossArea',$,$,0.0741720371704171);
#3170= IFCQUANTITYVOLUME('NetVolume',$,$,0.000593375848374719);
#3171= IFCQUANTITYVOLUME('GrossVolume',$,$,0.000593375848374719);
#3172= IFCELEMENTQUANTITY('2uIe$fSdX17w3OCPxUseV9',#5,'BaseQuantities',$,$,(#3167,#3168,#3169,#2101,#3170,#3171));
#3173= IFCCARTESIANPOINT((3.07802110910416E-07,-4.99999999962165,234.000000000109));
#3174= IFCCARTESIANPOINT((3.07802110910416E-07,5.00000000037107,234.000000000116));
#3175= IFCPOLYLOOP((#1482,#3173,#3174,#1485));
#3176= IFCFACEOUTERBOUND(#3175,.T.);
#3177= IFCFACE((#3176));
#3178= IFCCARTESIANPOINT((184.004287718984,-4.9999999998181,234.000000000178));
#3179= IFCCARTESIANPOINT((184.004287718984,5.00000000017462,234.000000000186));
#3180= IFCPOLYLOOP((#3173,#3178,#3179,#3174));
#3181= IFCFACEOUTERBOUND(#3180,.T.);
#3182= IFCFACE((#3181));
#3183= IFCCARTESIANPOINT((184.004287719523,-5.00000000019645,3.74711817130446E-10));
#3184= IFCCARTESIANPOINT((184.004287719523,4.99999999979991,3.8198777474463E-10));
#3185= IFCPOLYLOOP((#3178,#3183,#3184,#3179));
#3186= IFCFACEOUTERBOUND(#3185,.T.);
#3187= IFCFACE((#3186));
#3188= IFCPOLYLOOP((#3183,#1482,#1485,#3184));
#3189= IFCFACEOUTERBOUND(#3188,.T.);
#3190= IFCFACE((#3189));
#3191= IFCPOLYLOOP((#3179,#3184,#1485,#3174));
#3192= IFCFACEOUTERBOUND(#3191,.T.);
#3193= IFCFACE((#3192));
#3194= IFCPOLYLOOP((#3183,#3178,#3173,#1482));
#3195= IFCFACEOUTERBOUND(#3194,.T.);
#3196= IFCFACE((#3195));
#3197= IFCCLOSEDSHELL((#3177,#3182,#3187,#3190,#3193,#3196));
#3198= IFCFACETEDBREP(#3197);
#3199= IFCSTYLEDITEM(#3198,(#1143),$);
#3200= IFCSHAPEREPRESENTATION(#12,'Body','Brep',(#3198));
#3201= IFCPRODUCTDEFINITIONSHAPE($,$,(#3200));
#3202= IFCCARTESIANPOINT((42751.9964446527,29897.9021123098,16871.9990400617));
#3203= IFCDIRECTION((-0.999999986700661,-0.000163090999942143,-5.00000066468818E-08));
#3204= IFCAXIS2PLACEMENT3D(#3202,#2767,#3203);
#3205= IFCLOCALPLACEMENT(#42,#3204);
#3206= IFCPLATE('1Nz3UkhRP0sxQ3ZhCCznfT',#653,'PLATE-10','PL10*184',$,#3205,#3201,'ID57f437ae-adb6-40db-b683-8eb30cf71a5d');
#3207= IFCPLATETYPE('3fJXv5hmv21uq5gn2bZlkn',#5,'PL10*184',$,$,$,$,$,$,.NOTDEFINED.);
#3208= IFCPROPERTYSINGLEVALUE('Preliminary mark',$,IFCLABEL('5-2-P102'),$);
#3209= IFCPROPERTYSET('3lUjhpFjjERfXu$6$8YAZd',#5,'Tekla Common','Common Properties to Shared building elements',(#2026,#2027,#1343,#3208,#1345,#1346));
#3210= IFCPROPERTYSINGLEVALUE('Weight',$,IFCMASSMEASURE(3.38),$);
#3211= IFCPROPERTYSINGLEVALUE('Gross footprint area',$,IFCAREAMEASURE(0.002),$);
#3212= IFCPROPERTYSINGLEVALUE('Area per tons',$,IFCAREAMEASURE(27.951),$);
#3213= IFCPROPERTYSINGLEVALUE('Net surface area',$,IFCAREAMEASURE(0.094),$);
#3214= IFCPROPERTYSINGLEVALUE('Height',$,IFCLENGTHMEASURE(184.),$);
#3215= IFCPROPERTYSET('2CBowfHgf1d8WoXVQIosc6',#5,'Tekla Quantity','Quantity Properties to Shared building elements',(#3210,#1349,#3211,#3212,#3213,#3214,#1354,#2034));
#3216= IFCPROPERTYSINGLEVALUE('Reference',$,IFCIDENTIFIER('5-2-P102'),$);
#3217= IFCPROPERTYSET('0MzDBzvuHB8Rgl9bBmPC7I',#5,'Pset_PlateCommon','Common Properties to plate elements',(#1357,#3216));
#3218= IFCQUANTITYLENGTH('Width',$,$,184.004287719334);
#3219= IFCQUANTITYAREA('NetArea',$,$,0.0944740923318689);
#3220= IFCQUANTITYAREA('GrossArea',$,$,0.0430570033708936);
#3221= IFCQUANTITYVOLUME('NetVolume',$,$,0.000430570032902598);
#3222= IFCQUANTITYVOLUME('GrossVolume',$,$,0.000430570032902598);
#3223= IFCELEMENTQUANTITY('3phVomnVb65hu9jSgqgUSa',#5,'BaseQuantities',$,$,(#3218,#3219,#3220,#1363,#3221,#3222));
#3224= IFCCARTESIANPOINT((10929.8400007612,125.,-175.000000001826));
#3225= IFCCARTESIANPOINT((10937.8400007612,117.,-167.00000000183));
#3226= IFCCARTESIANPOINT((10937.8400007612,-117.,-167.00000000183));
#3227= IFCCARTESIANPOINT((10929.8400007612,-125.,-175.000006226895));
#3228= IFCPOLYLOOP((#3224,#3225,#3226,#3227));
#3229= IFCFACEOUTERBOUND(#3228,.T.);
#3230= IFCFACE((#3229));
#3231= IFCCARTESIANPOINT((10929.84000076,125.,174.999999998116));
#3232= IFCCARTESIANPOINT((10937.84000076,117.,166.999999998116));
#3233= IFCPOLYLOOP((#3231,#3232,#3225,#3224));
#3234= IFCFACEOUTERBOUND(#3233,.T.);
#3235= IFCFACE((#3234));
#3236= IFCCARTESIANPOINT((10929.84000076,-125.,174.999999998116));
#3237= IFCCARTESIANPOINT((10937.84000076,-117.,166.999999998116));
#3238= IFCPOLYLOOP((#3236,#3237,#3232,#3231));
#3239= IFCFACEOUTERBOUND(#3238,.T.);
#3240= IFCFACE((#3239));
#3241= IFCCARTESIANPOINT((287.644702520964,-116.827999994166,-167.008566138822));
#3242= IFCCARTESIANPOINT((260.842336957154,-117.,-167.000000000015));
#3243= IFCCARTESIANPOINT((209.990901325138,-117.,-150.137041902042));
#3244= IFCCARTESIANPOINT((5.16592990607023E-10,-117.,-150.138302070391));
#3245= IFCCARTESIANPOINT((10929.84000076,-117.,166.999999998119));
#3246= IFCCARTESIANPOINT((10937.84000076,-117.,174.999999998116));
#3247= IFCPOLYLOOP((#3226,#3241,#3242,#3243,#3244,#3017,#3245,#3246));
#3248= IFCFACEOUTERBOUND(#3247,.T.);
#3249= IFCFACE((#3248));
#3250= IFCCARTESIANPOINT((5.16592990607023E-10,117.,-150.138302070391));
#3251= IFCCARTESIANPOINT((209.990901325138,117.,-150.137041902042));
#3252= IFCCARTESIANPOINT((260.842336957154,117.,-167.000000000015));
#3253= IFCCARTESIANPOINT((287.644702520964,117.,-167.000000000022));
#3254= IFCCARTESIANPOINT((10937.84000076,117.,174.999999998116));
#3255= IFCCARTESIANPOINT((10929.84000076,117.,166.999999998119));
#3256= IFCPOLYLOOP((#3022,#3250,#3251,#3252,#3253,#3225,#3254,#3255));
#3257= IFCFACEOUTERBOUND(#3256,.T.);
#3258= IFCFACE((#3257));
#3259= IFCPOLYLOOP((#3255,#3254,#3246,#3245));
#3260= IFCFACEOUTERBOUND(#3259,.T.);
#3261= IFCFACE((#3260));
#3262= IFCPOLYLOOP((#3237,#3236,#3227,#3226));
#3263= IFCFACEOUTERBOUND(#3262,.T.);
#3264= IFCFACE((#3263));
#3265= IFCCARTESIANPOINT((284.991896449617,117.171999739661,-175.000259555793));
#3266= IFCPOLYLOOP((#3252,#3265,#3253));
#3267= IFCFACEOUTERBOUND(#3266,.T.);
#3268= IFCFACE((#3267));
#3269= IFCCARTESIANPOINT((284.991896449617,-116.828000003079,-175.008018376695));
#3270= IFCPOLYLOOP((#3241,#3269,#3242));
#3271= IFCFACEOUTERBOUND(#3270,.T.);
#3272= IFCFACE((#3271));
#3273= IFCPOLYLOOP((#3253,#3265,#3269,#3241));
#3274= IFCFACEOUTERBOUND(#3273,.T.);
#3275= IFCFACE((#3274));
#3276= IFCCARTESIANPOINT((5.16592990607023E-10,125.,-150.138302070391));
#3277= IFCCARTESIANPOINT((209.990901325138,125.,-150.137041902042));
#3278= IFCPOLYLOOP((#3250,#3276,#3277,#3251));
#3279= IFCFACEOUTERBOUND(#3278,.T.);
#3280= IFCFACE((#3279));
#3281= IFCCARTESIANPOINT((284.991896449617,125.,-175.000000000015));
#3282= IFCPOLYLOOP((#3281,#3277,#3276,#3031,#3231,#3224));
#3283= IFCFACEOUTERBOUND(#3282,.T.);
#3284= IFCFACE((#3283));
#3285= IFCPOLYLOOP((#3031,#3037,#3236,#3231));
#3286= IFCFACEOUTERBOUND(#3285,.T.);
#3287= IFCFACE((#3286));
#3288= IFCCARTESIANPOINT((5.16592990607023E-10,-125.,-150.138302070391));
#3289= IFCCARTESIANPOINT((209.990901325138,-125.,-150.137041902042));
#3290= IFCCARTESIANPOINT((284.991896449617,-125.,-175.008289338595));
#3291= IFCPOLYLOOP((#3037,#3288,#3289,#3290,#3227,#3236));
#3292= IFCFACEOUTERBOUND(#3291,.T.);
#3293= IFCFACE((#3292));
#3294= IFCPOLYLOOP((#3288,#3244,#3243,#3289));
#3295= IFCFACEOUTERBOUND(#3294,.T.);
#3296= IFCFACE((#3295));
#3297= IFCPOLYLOOP((#3037,#3031,#3276,#3250,#3022,#3017,#3244,#3288));
#3298= IFCFACEOUTERBOUND(#3297,.T.);
#3299= IFCFACE((#3298));
#3300= IFCPOLYLOOP((#3017,#3022,#3255,#3245));
#3301= IFCFACEOUTERBOUND(#3300,.T.);
#3302= IFCFACE((#3301));
#3303= IFCPOLYLOOP((#3232,#3237,#3226,#3225));
#3304= IFCFACEOUTERBOUND(#3303,.T.);
#3305= IFCPOLYLOOP((#3225,#3226,#3246,#3254));
#3306= IFCFACEBOUND(#3305,.T.);
#3307= IFCFACE((#3304,#3306));
#3308= IFCPOLYLOOP((#3290,#3289,#3243,#3242,#3269));
#3309= IFCFACEOUTERBOUND(#3308,.T.);
#3310= IFCFACE((#3309));
#3311= IFCPOLYLOOP((#3290,#3269,#3265,#3281,#3224,#3227));
#3312= IFCFACEOUTERBOUND(#3311,.T.);
#3313= IFCFACE((#3312));
#3314= IFCPOLYLOOP((#3251,#3277,#3281,#3265,#3252));
#3315= IFCFACEOUTERBOUND(#3314,.T.);
#3316= IFCFACE((#3315));
#3317= IFCPOLYLOOP((#3226,#3225,#3253,#3241));
#3318= IFCFACEOUTERBOUND(#3317,.T.);
#3319= IFCFACE((#3318));
#3320= IFCCLOSEDSHELL((#3230,#3235,#3240,#3249,#3258,#3261,#3264,#3268,#3272,#3275,#3280,#3284,#3287,#3293,#3296,#3299,#3302,#3307,#3310,#3313,#3316,#3319));
#3321= IFCFACETEDBREP(#3320);
#3322= IFCSTYLEDITEM(#3321,(#2047),$);
#3323= IFCSHAPEREPRESENTATION(#12,'Body','Brep',(#3321));
#3324= IFCPRODUCTDEFINITIONSHAPE($,$,(#3323));
#3325= IFCCARTESIANPOINT((42550.0003141916,30042.9966129062,16755.0007692249));
#3326= IFCDIRECTION((0.999999999981976,-6.00399999980525E-06,0.));
#3327= IFCAXIS2PLACEMENT3D(#3325,#1393,#3326);
#3328= IFCLOCALPLACEMENT(#42,#3327);
#3329= IFCBEAM('3AEifsctz7QRHlsMqrxF3n',#276,'B1-\S\?\S\Z350x250x8','TUB350X250X8 ',$,#3328,#3324,'IDca3aca76-9b7f-4769-b46f-d96d35ecf0f1');
#3330= IFCPROPERTYSINGLEVALUE('Preliminary mark',$,IFCLABEL('5-2-P3'),$);
#3331= IFCPROPERTYSET('2qCbwkHtv66gSRa9PlZBz0',#5,'Tekla Common','Common Properties to Shared building elements',(#1616,#1617,#1343,#3330,#1345,#3071));
#3332= IFCPROPERTYSINGLEVALUE('Weight',$,IFCMASSMEASURE(796.99),$);
#3333= IFCPROPERTYSINGLEVALUE('Volume',$,IFCVOLUMEMEASURE(0.102),$);
#3334= IFCPROPERTYSINGLEVALUE('Gross footprint area',$,IFCAREAMEASURE(3.822),$);
#3335= IFCPROPERTYSINGLEVALUE('Area per tons',$,IFCAREAMEASURE(16.315),$);
#3336= IFCPROPERTYSINGLEVALUE('Net surface area',$,IFCAREAMEASURE(13.003),$);
#3337= IFCPROPERTYSINGLEVALUE('Length',$,IFCLENGTHMEASURE(10937.8),$);
#3338= IFCPROPERTYSET('1tDSMOwCLDLwq_6zvlXXz6',#5,'Tekla Quantity','Quantity Properties to Shared building elements',(#3332,#3333,#3334,#3335,#3336,#1975,#3078,#3337));
#3339= IFCPROPERTYSINGLEVALUE('Reference',$,IFCIDENTIFIER('5-2-P3'),$);
#3340= IFCPROPERTYSET('1oFWxfvYHEPe3Wlmop$TrM',#5,'Pset_BeamCommon','Common Properties to beam elements',(#1357,#3339));
#3341= IFCQUANTITYLENGTH('Length',$,$,10937.8400007998);
#3342= IFCQUANTITYAREA('OuterSurfaceArea',$,$,13.0028970914805);
#3343= IFCQUANTITYVOLUME('NetVolume',$,$,0.101527336078356);
#3344= IFCQUANTITYWEIGHT('NetWeight',$,$,796.989588215093);
#3345= IFCELEMENTQUANTITY('12b7uklnv9QxwFEMDg4JEM',#5,'BaseQuantities',$,$,(#3341,#3342,#3343,#3344));
#3346= IFCRELAGGREGATES('2pHwqBRgD4dAv2Fa1AzWT8',#5,$,$,#37,(#39));
#3347= IFCRELAGGREGATES('2WrZEdG412xx39zyH2YJoR',#5,$,$,#39,(#41));
#3348= IFCRELAGGREGATES('3foo27aG53_flLXpExygyW',#5,$,$,#41,(#43));
#3349= IFCRELCONTAINEDINSPATIALSTRUCTURE('0OXQul_fDEBgxKbUaxSVbX',#5,$,$,(#3329,#3206,#3166,#3122,#3068,#3005,#2979,#2925,#2865,#2787,#2780,#2771,#2648,#2083,#2024,#1965,#1922,#1872,#1833,#1763,#1614,#1575,#1561,#1481,#1456,#1418,#1396,#1339,#1139,#1132,#1125,#1118,#1111,#1104,#1097,#1090,#1083,#1072,#652,#642,#457,#448,#439,#430,#421,#412,#403,#394,#384,#375,#367,#356,#275,#266,#258,#242,#159,#133),#43);
#3350= IFCRELDEFINESBYPROPERTIES('3JBvCDp4H32u2PEwch5SZV',#5,$,$,(#159,#133),#151);
#3351= IFCRELDEFINESBYPROPERTIES('0ISWFXykb028TtPv4A0lg7',#5,$,$,(#275,#266,#258,#242),#248);
#3352= IFCRELDEFINESBYPROPERTIES('3O5Xeeog17J82dI_DZHty_',#5,$,$,(#457,#448,#439,#430,#421,#412,#403,#394,#384,#375,#367,#356),#358);
#3353= IFCRELDEFINESBYPROPERTIES('1mJDo4kXr4lwnD8YR4QXZt',#5,$,$,(#652,#642),#645);
#3354= IFCRELDEFINESBYPROPERTIES('2lo6$kYmXBtx9agjGvIvTv',#5,$,$,(#1139,#1132,#1125,#1118,#1111,#1104,#1097,#1090,#1083,#1072),#1076);
#3355= IFCRELDEFINESBYPROPERTIES('0HssMGRKL0eO37MmNA5Whd',#5,$,$,(#1339),#1347);
#3356= IFCRELDEFINESBYPROPERTIES('1SmQ_j62jEkPT7eIPGN3P9',#5,$,$,(#1339),#1356);
#3357= IFCRELDEFINESBYPROPERTIES('3fvfvLBKf1fBvVLibvzARc',#5,$,$,(#1339),#1359);
#3358= IFCRELDEFINESBYPROPERTIES('203$T_KTP6_gPn$JPq$pcI',#5,$,$,(#1339),#1366);
#3359= IFCRELDEFINESBYPROPERTIES('2IEI1KiHf0aBgBKkpwyg7V',#5,$,$,(#1418,#1396),#1399);
#3360= IFCRELDEFINESBYPROPERTIES('3EwrV0wPP1COuSGXEm_EkI',#5,$,$,(#1418,#1396),#1404);
#3361= IFCRELDEFINESBYPROPERTIES('0gkDY77U93LRmcvlqqfwpP',#5,$,$,(#1418,#1396),#1406);
#3362= IFCRELDEFINESBYPROPERTIES('2x58Daa0L3p9Dofh3tivuS',#5,$,$,(#1418,#1396),#1412);
#3363= IFCRELDEFINESBYPROPERTIES('0BZsqViy59T95nPc5QJ753',#5,$,$,(#1481,#1456),#1461);
#3364= IFCRELDEFINESBYPROPERTIES('0lclhdozX7xBk7fdyGs57T',#5,$,$,(#1575,#1561,#1481,#1456),#1467);
#3365= IFCRELDEFINESBYPROPERTIES('0QFTGLXlTBJwrocSQalkvP',#5,$,$,(#1575,#1561,#1481,#1456),#1469);
#3366= IFCRELDEFINESBYPROPERTIES('3BkaP8XDD1n97lrTNnSB2S',#5,$,$,(#1481,#1456),#1475);
#3367= IFCRELDEFINESBYPROPERTIES('3PAHmTdSL1awdm66ch8AXG',#5,$,$,(#1575,#1561),#1564);
#3368= IFCRELDEFINESBYPROPERTIES('1WW9n1h_X3$vxYszAPvt2A',#5,$,$,(#1575,#1561),#1569);
#3369= IFCRELDEFINESBYPROPERTIES('3JAWN7SA18eeTy5vhsHtvG',#5,$,$,(#1614),#1620);
#3370= IFCRELDEFINESBYPROPERTIES('3wSqrkjHX28hH34tNhBfUL',#5,$,$,(#1614),#1629);
#3371= IFCRELDEFINESBYPROPERTIES('0PMz7UZgf3DhDHChH9fVa$',#5,$,$,(#1614),#1631);
#3372= IFCRELDEFINESBYPROPERTIES('2tGWEyYk1BJhAkQwdZCgf7',#5,$,$,(#1614),#1638);
#3373= IFCRELDEFINESBYPROPERTIES('1HEv7Xshr9NRZubKOw2prb',#5,$,$,(#1833,#1763),#1768);
#3374= IFCRELDEFINESBYPROPERTIES('3g2dNLxHj18OXn896sJM0A',#5,$,$,(#1833,#1763),#1774);
#3375= IFCRELDEFINESBYPROPERTIES('1SVAw1WMzDQwWFLHLcGkZu',#5,$,$,(#1833,#1763),#1776);
#3376= IFCRELDEFINESBYPROPERTIES('2wwCTf8QLDg9XFyQwDcDLe',#5,$,$,(#1763),#1782);
#3377= IFCRELDEFINESBYPROPERTIES('0Lg9OB2NTDr8pGExV3Xuj9',#5,$,$,(#1833),#1838);
#3378= IFCRELDEFINESBYPROPERTIES('2xsrvMBcr8hQjbw2lHJMHA',#5,$,$,(#1872),#1875);
#3379= IFCRELDEFINESBYPROPERTIES('3MNXRRKPzA9Bqx_h6BzjZu',#5,$,$,(#1922,#1872),#1880);
#3380= IFCRELDEFINESBYPROPERTIES('2nJ77T_HDF9hoo8P5PkkwW',#5,$,$,(#1922,#1872),#1882);
#3381= IFCRELDEFINESBYPROPERTIES('0JMO_JkML4w8$zd_08TZnG',#5,$,$,(#1872),#1888);
#3382= IFCRELDEFINESBYPROPERTIES('2g20drIn93be5MwjWG9HI3',#5,$,$,(#1922),#1924);
#3383= IFCRELDEFINESBYPROPERTIES('3as2MoCUP7ABHcyWPnsAAu',#5,$,$,(#1922),#1926);
#3384= IFCRELDEFINESBYPROPERTIES('0r4WG_JP5FTORdQRwCcGkV',#5,$,$,(#1965),#1969);
#3385= IFCRELDEFINESBYPROPERTIES('3XSmuxh9nCRfqJPU88B_Y3',#5,$,$,(#1965),#1978);
#3386= IFCRELDEFINESBYPROPERTIES('2WUxBshqXFXPd0JGIOnZvm',#5,$,$,(#1965),#1980);
#3387= IFCRELDEFINESBYPROPERTIES('1g$5gL$xT8kgFD5GzjKp41',#5,$,$,(#1965),#1987);
#3388= IFCRELDEFINESBYPROPERTIES('2ONJiHWL5DTRrNDzHtycS6',#5,$,$,(#2024),#2029);
#3389= IFCRELDEFINESBYPROPERTIES('19Yj_AsIH9ZBcJTJ0dpdrI',#5,$,$,(#2024),#2035);
#3390= IFCRELDEFINESBYPROPERTIES('2dSQzSeDT4URCyzcC8DpS_',#5,$,$,(#2024),#2037);
#3391= IFCRELDEFINESBYPROPERTIES('1lm0jtpXTEfvvTCXUTmqRp',#5,$,$,(#2024),#2043);
#3392= IFCRELDEFINESBYPROPERTIES('176_8kIYv40PKAbpyUJmGg',#5,$,$,(#2083),#2087);
#3393= IFCRELDEFINESBYPROPERTIES('1ZOwneZpf5ROsFLE2GQ0Gv',#5,$,$,(#2083),#2095);
#3394= IFCRELDEFINESBYPROPERTIES('0Wx6vl3HfEwhY4mdxV6LPp',#5,$,$,(#2083),#2097);
#3395= IFCRELDEFINESBYPROPERTIES('2YBeyqXNH5Tv$lxtDcYBRH',#5,$,$,(#2083),#2104);
#3396= IFCRELDEFINESBYPROPERTIES('0ALRJiltnCtxmtC43NMLks',#5,$,$,(#2787,#2648),#2655);
#3397= IFCRELDEFINESBYPROPERTIES('1qobo$nd56SRfYyYieVvrM',#5,$,$,(#2780,#2771),#2773);
#3398= IFCRELDEFINESBYPROPERTIES('2GxjvMqsD0TAc6VqZFYRFc',#5,$,$,(#2925,#2865),#2869);
#3399= IFCRELDEFINESBYPROPERTIES('3p2VY7NV1CxfPFNzVRuzyy',#5,$,$,(#2865),#2876);
#3400= IFCRELDEFINESBYPROPERTIES('3u8OhQf8T3MwD3TbqZ8BcJ',#5,$,$,(#2865),#2878);
#3401= IFCRELDEFINESBYPROPERTIES('3TCIFPpzrAnQFLsOhwbI1y',#5,$,$,(#2865),#2884);
#3402= IFCRELDEFINESBYPROPERTIES('0TzlnoDdT11wh9JtbAiQoS',#5,$,$,(#2925),#2932);
#3403= IFCRELDEFINESBYPROPERTIES('22_OLRjGD5VPqs$gpDwy5M',#5,$,$,(#2925),#2934);
#3404= IFCRELDEFINESBYPROPERTIES('0sqPRo9lHB6RHLotdNHitc',#5,$,$,(#2925),#2940);
#3405= IFCRELDEFINESBYPROPERTIES('2I3IJpZ9j0rehPCOyXZta6',#5,$,$,(#3005,#2979),#2984);
#3406= IFCRELDEFINESBYPROPERTIES('38CblDiwn0GPiTCyCeGM8d',#5,$,$,(#3005,#2979),#2990);
#3407= IFCRELDEFINESBYPROPERTIES('0gBn_mWWr3LQzHpdsMfbgv',#5,$,$,(#3005,#2979),#2992);
#3408= IFCRELDEFINESBYPROPERTIES('1wDfsJXyf9DxHfa_7CvsnI',#5,$,$,(#2979),#2999);
#3409= IFCRELDEFINESBYPROPERTIES('1jp10ru_5DpAVGLPeiRQM6',#5,$,$,(#3005),#3009);
#3410= IFCRELDEFINESBYPROPERTIES('2CkbcdPWrAfemdNSJPe9zF',#5,$,$,(#3068),#3072);
#3411= IFCRELDEFINESBYPROPERTIES('3gvWWOxGX8_QXQ6eaek$vg',#5,$,$,(#3068),#3080);
#3412= IFCRELDEFINESBYPROPERTIES('263vm0b8fFh8QSIveD3Ntj',#5,$,$,(#3068),#3082);
#3413= IFCRELDEFINESBYPROPERTIES('3vtSbrXhHCoPuBobQ8LXb6',#5,$,$,(#3068),#3087);
#3414= IFCRELDEFINESBYPROPERTIES('2yli54Cf5Fg8XSYqAwpy1v',#5,$,$,(#3166,#3122),#3124);
#3415= IFCRELDEFINESBYPROPERTIES('14Wj5ItsH2_go6gPfsVrA9',#5,$,$,(#3166,#3122),#3129);
#3416= IFCRELDEFINESBYPROPERTIES('1lCr5CdBn1nvSDRN52mqcb',#5,$,$,(#3166,#3122),#3131);
#3417= IFCRELDEFINESBYPROPERTIES('2X_2mgC5XEu9XW4$$3OTTh',#5,$,$,(#3122),#3137);
#3418= IFCRELDEFINESBYPROPERTIES('1$XU2gBNjBTxRonRDLJ8Fv',#5,$,$,(#3166),#3172);
#3419= IFCRELDEFINESBYPROPERTIES('3FAUNgJ0DEkhXd$yPH55CY',#5,$,$,(#3206),#3209);
#3420= IFCRELDEFINESBYPROPERTIES('2RufdERfbB9BLU5WV4uHJU',#5,$,$,(#3206),#3215);
#3421= IFCRELDEFINESBYPROPERTIES('0g6Nt_QXTALxXZ1rNewYPT',#5,$,$,(#3206),#3217);
#3422= IFCRELDEFINESBYPROPERTIES('2YmheEf81BTeVH_jIyXq2L',#5,$,$,(#3206),#3223);
#3423= IFCRELDEFINESBYPROPERTIES('3ZYEL6u3X0RvH7D2kcAtpv',#5,$,$,(#3329),#3331);
#3424= IFCRELDEFINESBYPROPERTIES('0NmIwyLufA6B$3p9HU3MZh',#5,$,$,(#3329),#3338);
#3425= IFCRELDEFINESBYPROPERTIES('31Uh5R6MLDVgeJPlXhT7kd',#5,$,$,(#3329),#3340);
#3426= IFCRELDEFINESBYPROPERTIES('0lFr9Ph6X2VRWucYLU67Pa',#5,$,$,(#3329),#3345);
#3427= IFCRELDEFINESBYTYPE('0dETS5nNXAABvfiS2YQPfG',#5,$,$,(#2787,#2780,#2771,#2648,#1139,#1132,#1125,#1118,#1111,#1104,#1097,#1090,#1083,#1072,#652,#642,#457,#448,#439,#430,#421,#412,#403,#394,#384,#375,#367,#356,#275,#266,#258,#242,#159,#133),#134);
#3428= IFCRELDEFINESBYTYPE('0C4RMYUmn3BQJSnd1VGKw5',#5,$,$,(#1339),#1340);
#3429= IFCRELDEFINESBYTYPE('3uEaLFm1n0S83c2Vf2ZE5D',#5,$,$,(#1418,#1396),#1397);
#3430= IFCRELDEFINESBYTYPE('0sGgQEqlXFh8kEfMt2Fadx',#5,$,$,(#1575,#1561,#1481,#1456),#1457);
#3431= IFCRELDEFINESBYTYPE('3uOk9WIPT3v8odVzL4Hrtk',#5,$,$,(#1614),#1615);
#3432= IFCRELDEFINESBYTYPE('0deRugWqz09wAkjb_lB4Ju',#5,$,$,(#1922,#1872,#1833,#1763),#1764);
#3433= IFCRELDEFINESBYTYPE('0ljs5o48P4eAweGePqTP$l',#5,$,$,(#1965),#1966);
#3434= IFCRELDEFINESBYTYPE('3aD08JAW17IRaaowlpXF66',#5,$,$,(#2024),#2025);
#3435= IFCRELDEFINESBYTYPE('0Xc28zbdb6buV_hAxqxOce',#5,$,$,(#3166,#3122,#2083),#2084);
#3436= IFCRELDEFINESBYTYPE('1dOcTmF2f0CQpDCx_bHA7X',#5,$,$,(#2865),#2866);
#3437= IFCRELDEFINESBYTYPE('05tqIAxzb6gxx4rlV4GKJv',#5,$,$,(#2925),#2926);
#3438= IFCRELDEFINESBYTYPE('0KhjrXWhn4E97YIHecPefJ',#5,$,$,(#3005,#2979),#2980);
#3439= IFCRELDEFINESBYTYPE('1rnEYTXODCZun$VJy7VoeF',#5,$,$,(#3329,#3068),#3069);
#3440= IFCRELDEFINESBYTYPE('23Lc7ILmL7xvm7asINSuOS',#5,$,$,(#3206),#3207);
#3441= IFCRELASSOCIATESMATERIAL('2cjYAfqkb5pQkSERJ7mtg_',#5,$,$,(#2787,#2780,#2771,#2648,#1139,#1132,#1125,#1118,#1111,#1104,#1097,#1090,#1083,#1072,#652,#642,#159,#133),#152);
#3442= IFCRELASSOCIATESMATERIAL('2FIV3h_dDCifSIoIRz5GqM',#5,$,$,(#457,#448,#439,#430,#421,#412,#403,#394,#384,#375,#367,#356,#275,#266,#258,#242),#249);
#3443= IFCRELASSOCIATESMATERIAL('0K1DwI9I56DgHwo4zw8Qid',#5,$,$,(#3329,#3206,#3166,#3122,#3068,#3005,#2979,#2925,#2865,#2083,#2024,#1965,#1922,#1872,#1833,#1763,#1614,#1575,#1561,#1481,#1456,#1418,#1396,#1339),#1367);
#3444= IFCPRESENTATIONLAYERASSIGNMENT('BoltArray',$,(#126,#154,#235,#251,#260,#268,#349,#360,#369,#377,#387,#396,#405,#414,#423,#432,#441,#450,#635,#647,#1065,#1078,#1085,#1092,#1099,#1106,#1113,#1120,#1127,#1134,#2642,#2764,#2775,#2782),$);
#3445= IFCPRESENTATIONLAYERASSIGNMENT('PLATE-10',$,(#1333,#1390,#1413,#1451,#1476,#1556,#1570,#1758,#1828,#1867,#1917,#2017,#3200),$);
#3446= IFCPRESENTATIONLAYERASSIGNMENT('PLATE-12',$,(#1609),$);
#3447= IFCPRESENTATIONLAYERASSIGNMENT('PLATE-20',$,(#1960),$);
#3448= IFCPRESENTATIONLAYERASSIGNMENT('PLATE-8',$,(#2077,#2860,#2920,#3115,#3160),$);
#3449= IFCPRESENTATIONLAYERASSIGNMENT('PLATE-18',$,(#2974,#3000),$);
#3450= IFCPRESENTATIONLAYERASSIGNMENT('B1-\S\?\S\Z350x250x8',$,(#3063,#3323),$);
ENDSEC;

END-ISO-10303-21;
