ISO-10303-21;
HEADER;
FILE_DESCRIPTION(('ViewDefinition[CoordinationView_V2.0, QuantityTakeOffAddOnView]', 'ExchangeRequirement[Structural, SurfaceGeometry]', 'Option [BaseQuantities:On]', 'Option [GridExport:On]', 'Option [Assemblies:Off]', 'Option [Bolts:On]', 'Option [Rebars:On]', 'Option [PourObjects:Off]', 'Option [Welds:Off]', 'Option [SurfaceTreatments:On]', 'Option [LocationBy:0]', 'Option [ViewColors:Off]', 'Option [SectionedSpine:Off]', 'Option [PropertySets:On]', 'Option [Export all:Off]'),'2;1');
FILE_NAME('5-2-A5_5.ifc','2026-03-10T08:04:12',('DESKTOP-NLV509P\\Ahmed'),('Structural Designer'),'IFC Parser version: 3.13.2','Tekla Structures 2023 Service Pack 8, IFC Export Version: 4.0.0.0 Jan 19 2024','');
FILE_SCHEMA(('IFC2X3'));
ENDSEC;

DATA;
#1= IFCPERSON('DESKTOP-NLV509P\\Ahmed','Undefined',$,$,$,$,$,$);
#2= IFCORGANIZATION($,'Trimble Solutions Corporation',$,$,$);
#3= IFCPERSONANDORGANIZATION(#1,#2,$);
#4= IFCAPPLICATION(#2,'2023 Service Pack 8','Tekla Structures','Multi material modeling');
#5= IFCOWNERHISTORY(#3,#4,$,.NOCHANGE.,$,$,$,1773119052);
#6= IFCCARTESIANPOINT((0.,0.,0.));
#7= IFCDIRECTION((1.,0.,0.));
#8= IFCDIRECTION((0.,1.,0.));
#9= IFCDIRECTION((0.,0.,1.));
#10= IFCAXIS2PLACEMENT3D(#6,#9,#7);
#11= IFCGEOMETRICREPRESENTATIONCONTEXT($,'Model',3,1.E-05,#10,$);
#12= IFCGEOMETRICREPRESENTATIONSUBCONTEXT('Body','Model',*,*,*,*,#11,$,.MODEL_VIEW.,$);
#13= IFCGEOMETRICREPRESENTATIONSUBCONTEXT('Axis','Model',*,*,*,*,#11,$,.GRAPH_VIEW.,$);
#14= IFCGEOMETRICREPRESENTATIONSUBCONTEXT('FootPrint','Model',*,*,*,*,#11,$,.MODEL_VIEW.,$);
#15= IFCSIUNIT(*,.LENGTHUNIT.,.MILLI.,.METRE.);
#16= IFCMEASUREWITHUNIT(IFCRATIOMEASURE(304.8),#15);
#17= IFCDIMENSIONALEXPONENTS(1,0,0,0,0,0,0);
#18= IFCCONVERSIONBASEDUNIT(#17,.LENGTHUNIT.,'FOOT',#16);
#19= IFCSIUNIT(*,.AREAUNIT.,$,.SQUARE_METRE.);
#20= IFCMEASUREWITHUNIT(IFCRATIOMEASURE(0.09290304),#19);
#21= IFCDIMENSIONALEXPONENTS(2,0,0,0,0,0,0);
#22= IFCCONVERSIONBASEDUNIT(#21,.AREAUNIT.,'SQUARE FOOT',#20);
#23= IFCSIUNIT(*,.VOLUMEUNIT.,$,.CUBIC_METRE.);
#24= IFCMEASUREWITHUNIT(IFCRATIOMEASURE(0.028316846592),#23);
#25= IFCDIMENSIONALEXPONENTS(3,0,0,0,0,0,0);
#26= IFCCONVERSIONBASEDUNIT(#25,.VOLUMEUNIT.,'CUBIC FOOT',#24);
#27= IFCSIUNIT(*,.MASSUNIT.,.KILO.,.GRAM.);
#28= IFCSIUNIT(*,.TIMEUNIT.,$,.SECOND.);
#29= IFCSIUNIT(*,.PLANEANGLEUNIT.,$,.RADIAN.);
#30= IFCMEASUREWITHUNIT(IFCRATIOMEASURE(0.0174532925199433),#29);
#31= IFCDIMENSIONALEXPONENTS(0,0,0,0,0,0,0);
#32= IFCCONVERSIONBASEDUNIT(#31,.PLANEANGLEUNIT.,'DEGREE',#30);
#33= IFCSIUNIT(*,.SOLIDANGLEUNIT.,$,.STERADIAN.);
#34= IFCSIUNIT(*,.THERMODYNAMICTEMPERATUREUNIT.,$,.DEGREE_CELSIUS.);
#35= IFCSIUNIT(*,.LUMINOUSINTENSITYUNIT.,$,.LUMEN.);
#36= IFCUNITASSIGNMENT((#15,#19,#23,#27,#28,#29,#33,#34,#35));
#37= IFCPROJECT('3oCjTLs3r6HuLLJnGKGh5c',#5,'Undefined',$,$,$,$,(#11),#36);
#38= IFCLOCALPLACEMENT($,#10);
#39= IFCSITE('19msqHU5TFwumd$v0vyDvD',#5,'Undefined',$,$,#38,$,$,.ELEMENT.,$,$,$,$,$);
#40= IFCLOCALPLACEMENT(#38,#10);
#41= IFCBUILDING('2OEbA1hJv328M7I7ZXr3Dq',#5,'Undefined',$,$,#40,$,$,.ELEMENT.,$,$,$);
#42= IFCLOCALPLACEMENT(#40,#10);
#43= IFCBUILDINGSTOREY('3gJPpYF7LCbf7I109fNVl5',#5,'Undefined',$,$,#42,$,$,.ELEMENT.,0.);
#44= IFCOWNERHISTORY(#3,#4,$,.NOCHANGE.,$,$,$,1770796800);
#45= IFCCOLOURRGB($,0.698039215686274,0.4,0.);
#46= IFCSURFACESTYLERENDERING(#45,0.,$,$,$,$,IFCNORMALISEDRATIOMEASURE(0.00390625),IFCSPECULAREXPONENT(10.),.NOTDEFINED.);
#47= IFCSURFACESTYLE('Undefined',.POSITIVE.,(#46));
#48= IFCPRESENTATIONSTYLEASSIGNMENT((#47));
#49= IFCCARTESIANPOINT((15.,101.189005263315,0.));
#50= IFCCARTESIANPOINT((12.9903810567663,101.189005263315,7.50000000000045));
#51= IFCCARTESIANPOINT((7.4999999999991,101.189005263315,12.9903810567671));
#52= IFCCARTESIANPOINT((-1.55450397240048E-12,101.189005263315,15.));
#53= IFCCARTESIANPOINT((-7.50000000000179,101.189005263315,12.9903810567655));
#54= IFCCARTESIANPOINT((-12.9903810567679,101.189005263315,7.49999999999776));
#55= IFCCARTESIANPOINT((-15.,101.189005263315,-3.10900794480097E-12));
#56= IFCCARTESIANPOINT((-12.9903810567648,101.189005263315,-7.50000000000313));
#57= IFCCARTESIANPOINT((-7.49999999999642,101.189005263315,-12.9903810567686));
#58= IFCCARTESIANPOINT((4.64685857183207E-12,101.189005263315,-15.));
#59= IFCCARTESIANPOINT((7.50000000000448,101.189005263315,-12.990381056764));
#60= IFCCARTESIANPOINT((12.9903810567694,101.189005263315,-7.49999999999507));
#61= IFCCARTESIANPOINT((15.,126.289005270097,0.));
#62= IFCCARTESIANPOINT((12.9903810567663,126.289005270097,7.50000000000045));
#63= IFCCARTESIANPOINT((7.4999999999991,126.289005270097,12.9903810567671));
#64= IFCCARTESIANPOINT((-1.55450397240048E-12,126.289005270097,15.));
#65= IFCCARTESIANPOINT((-7.50000000000179,126.289005270097,12.9903810567655));
#66= IFCCARTESIANPOINT((-12.9903810567679,126.289005270097,7.49999999999776));
#67= IFCCARTESIANPOINT((-15.,126.289005270097,-3.10900794480097E-12));
#68= IFCCARTESIANPOINT((-12.9903810567648,126.289005270097,-7.50000000000313));
#69= IFCCARTESIANPOINT((-7.49999999999642,126.289005270097,-12.9903810567686));
#70= IFCCARTESIANPOINT((4.64685857183207E-12,126.289005270097,-15.));
#71= IFCCARTESIANPOINT((7.50000000000448,126.289005270097,-12.990381056764));
#72= IFCCARTESIANPOINT((12.9903810567694,126.289005270097,-7.49999999999507));
#73= IFCPOLYLOOP((#49,#50,#51,#52,#53,#54,#55,#56,#57,#58,#59,#60));
#74= IFCFACEOUTERBOUND(#73,.T.);
#75= IFCFACE((#74));
#76= IFCPOLYLOOP((#72,#71,#70,#69,#68,#67,#66,#65,#64,#63,#62,#61));
#77= IFCFACEOUTERBOUND(#76,.T.);
#78= IFCFACE((#77));
#79= IFCPOLYLOOP((#49,#61,#62,#50));
#80= IFCFACEOUTERBOUND(#79,.T.);
#81= IFCFACE((#80));
#82= IFCPOLYLOOP((#50,#62,#63,#51));
#83= IFCFACEOUTERBOUND(#82,.T.);
#84= IFCFACE((#83));
#85= IFCPOLYLOOP((#51,#63,#64,#52));
#86= IFCFACEOUTERBOUND(#85,.T.);
#87= IFCFACE((#86));
#88= IFCPOLYLOOP((#52,#64,#65,#53));
#89= IFCFACEOUTERBOUND(#88,.T.);
#90= IFCFACE((#89));
#91= IFCPOLYLOOP((#53,#65,#66,#54));
#92= IFCFACEOUTERBOUND(#91,.T.);
#93= IFCFACE((#92));
#94= IFCPOLYLOOP((#54,#66,#67,#55));
#95= IFCFACEOUTERBOUND(#94,.T.);
#96= IFCFACE((#95));
#97= IFCPOLYLOOP((#55,#67,#68,#56));
#98= IFCFACEOUTERBOUND(#97,.T.);
#99= IFCFACE((#98));
#100= IFCPOLYLOOP((#56,#68,#69,#57));
#101= IFCFACEOUTERBOUND(#100,.T.);
#102= IFCFACE((#101));
#103= IFCPOLYLOOP((#57,#69,#70,#58));
#104= IFCFACEOUTERBOUND(#103,.T.);
#105= IFCFACE((#104));
#106= IFCPOLYLOOP((#58,#70,#71,#59));
#107= IFCFACEOUTERBOUND(#106,.T.);
#108= IFCFACE((#107));
#109= IFCPOLYLOOP((#59,#71,#72,#60));
#110= IFCFACEOUTERBOUND(#109,.T.);
#111= IFCFACE((#110));
#112= IFCPOLYLOOP((#60,#72,#61,#49));
#113= IFCFACEOUTERBOUND(#112,.T.);
#114= IFCFACE((#113));
#115= IFCCLOSEDSHELL((#75,#78,#81,#84,#87,#90,#93,#96,#99,#102,#105,#108,#111,#114));
#116= IFCCOLOURRGB($,0.,0.,0.);
#117= IFCSURFACESTYLERENDERING(#116,0.,$,$,$,$,IFCNORMALISEDRATIOMEASURE(0.00390625),IFCSPECULAREXPONENT(10.),.NOTDEFINED.);
#118= IFCSURFACESTYLE($,.POSITIVE.,(#117));
#119= IFCPRESENTATIONSTYLEASSIGNMENT((#118));
#120= IFCFACETEDBREP(#115);
#121= IFCSTYLEDITEM(#120,(#119),$);
#122= IFCCARTESIANTRANSFORMATIONOPERATOR3D($,$,#6,$,$);
#123= IFCSHAPEREPRESENTATION(#12,'Body','Brep',(#120));
#124= IFCREPRESENTATIONMAP(#10,#123);
#125= IFCMAPPEDITEM(#124,#122);
#126= IFCSHAPEREPRESENTATION(#12,'Body','MappedRepresentation',(#125));
#127= IFCPRODUCTDEFINITIONSHAPE($,$,(#126));
#128= IFCCARTESIANPOINT((42370.000762389,29969.2122638944,17554.9961054482));
#129= IFCDIRECTION((7.44599674362689E-10,-3.1931000023178E-05,-0.999999999490206));
#130= IFCDIRECTION((0.999999999728112,2.33190000773246E-05,0.));
#131= IFCAXIS2PLACEMENT3D(#128,#129,#130);
#132= IFCLOCALPLACEMENT(#42,#131);
#133= IFCMECHANICALFASTENER('0Ov$6c4gP95u2KXLgai8O6',#44,'Bolt assembly',$,$,#132,#127,'ID18e7f1a6-12a6-4917-8094-855aa4b08606',28.,25.);
#134= IFCMECHANICALFASTENERTYPE('1vGr0t0bfFKeKxROmpdwAW',#5,'Bolt assembly',$,$,$,$,$,$);
#135= IFCPROPERTYSINGLEVALUE('Washer count',$,IFCINTEGER(0),$);
#136= IFCPROPERTYSINGLEVALUE('Washer diameter',$,IFCLENGTHMEASURE(28.),$);
#137= IFCPROPERTYSINGLEVALUE('Washer type',$,IFCLABEL('PLAIN'),$);
#138= IFCPROPERTYSINGLEVALUE('Washer name',$,IFCLABEL(''),$);
#139= IFCPROPERTYSINGLEVALUE('Nut count',$,IFCINTEGER(0),$);
#140= IFCPROPERTYSINGLEVALUE('Nut type',$,IFCLABEL('HEAVY_HEX'),$);
#141= IFCPROPERTYSINGLEVALUE('Nut name',$,IFCLABEL(''),$);
#142= IFCPROPERTYSINGLEVALUE('Slotted hole y',$,IFCLENGTHMEASURE(0.),$);
#143= IFCPROPERTYSINGLEVALUE('Slotted hole x',$,IFCLENGTHMEASURE(0.),$);
#144= IFCPROPERTYSINGLEVALUE('Bolt hole diameter',$,IFCLENGTHMEASURE(30.),$);
#145= IFCPROPERTYSINGLEVALUE('Location',$,IFCLABEL('Site'),$);
#146= IFCPROPERTYSINGLEVALUE('Bolt count',$,IFCINTEGER(1),$);
#147= IFCPROPERTYSINGLEVALUE('Bolt size',$,IFCLENGTHMEASURE(30.),$);
#148= IFCPROPERTYSINGLEVALUE('Bolt length',$,IFCLENGTHMEASURE(25.),$);
#149= IFCPROPERTYSINGLEVALUE('Bolt standard',$,IFCLABEL(''),$);
#150= IFCPROPERTYSINGLEVALUE('Bolt Name',$,IFCLABEL(''),$);
#151= IFCPROPERTYSET('3Wlk6UBmj9OvnxqqT$YANH',#5,'Tekla Bolt','Bolt Properties',(#135,#136,#137,#138,#139,#140,#141,#142,#143,#144,#145,#146,#147,#148,#149,#150));
#152= IFCMATERIAL('Undefined');
#153= IFCMAPPEDITEM(#124,#122);
#154= IFCSHAPEREPRESENTATION(#12,'Body','MappedRepresentation',(#153));
#155= IFCPRODUCTDEFINITIONSHAPE($,$,(#154));
#156= IFCCARTESIANPOINT((42540.0007623894,29969.2122639075,17554.996096382));
#157= IFCAXIS2PLACEMENT3D(#156,#129,#130);
#158= IFCLOCALPLACEMENT(#42,#157);
#159= IFCMECHANICALFASTENER('1qSN5Q_ZD0U9T5eYpGuAYv',#44,'Bolt assembly',$,$,#158,#155,'ID7471715a-fa33-4078-9745-a22cd0e0a8b9',28.,25.);
#160= IFCMAPPEDITEM(#124,#122);
#161= IFCSHAPEREPRESENTATION(#12,'Body','MappedRepresentation',(#160));
#162= IFCPRODUCTDEFINITIONSHAPE($,$,(#161));
#163= IFCCARTESIANPOINT((42710.0007623898,29969.2122639206,17554.9960873157));
#164= IFCAXIS2PLACEMENT3D(#163,#129,#130);
#165= IFCLOCALPLACEMENT(#42,#164);
#166= IFCMECHANICALFASTENER('3Wb4DOAkPFAANlxJPQeLtf',#44,'Bolt assembly',$,$,#165,#162,'IDe0944358-2ae6-4f28-a5ef-ed365aa15de9',28.,25.);
#167= IFCMAPPEDITEM(#124,#122);
#168= IFCSHAPEREPRESENTATION(#12,'Body','MappedRepresentation',(#167));
#169= IFCPRODUCTDEFINITIONSHAPE($,$,(#168));
#170= IFCCARTESIANPOINT((42370.000751724,29969.2058777424,17354.9961055496));
#171= IFCAXIS2PLACEMENT3D(#170,#129,#130);
#172= IFCLOCALPLACEMENT(#42,#171);
#173= IFCMECHANICALFASTENER('2xZMPMH_bB0wTAD$XHRWph',#44,'Bolt assembly',$,$,#172,#169,'IDbb8d6656-47e9-4b03-a74a-37f8516e0ceb',28.,25.);
#174= IFCMAPPEDITEM(#124,#122);
#175= IFCSHAPEREPRESENTATION(#12,'Body','MappedRepresentation',(#174));
#176= IFCPRODUCTDEFINITIONSHAPE($,$,(#175));
#177= IFCCARTESIANPOINT((42540.0007517244,29969.2058777555,17354.9960964834));
#178= IFCAXIS2PLACEMENT3D(#177,#129,#130);
#179= IFCLOCALPLACEMENT(#42,#178);
#180= IFCMECHANICALFASTENER('1CPUQfNrP0wBQyXkxR5b0l',#44,'Bolt assembly',$,$,#179,#176,'ID4c65e6a9-5f56-40e8-b6bc-86eedb16502f',28.,25.);
#181= IFCMAPPEDITEM(#124,#122);
#182= IFCSHAPEREPRESENTATION(#12,'Body','MappedRepresentation',(#181));
#183= IFCPRODUCTDEFINITIONSHAPE($,$,(#182));
#184= IFCCARTESIANPOINT((42710.0007517249,29969.2058777686,17354.9960874171));
#185= IFCAXIS2PLACEMENT3D(#184,#129,#130);
#186= IFCLOCALPLACEMENT(#42,#185);
#187= IFCMECHANICALFASTENER('2dXk66a6TBjwWt6cZo$Krz',#44,'Bolt assembly',$,$,#186,#183,'IDa786e186-9067-4bb7-a837-1a68f2fd4d7d',28.,25.);
#188= IFCMAPPEDITEM(#124,#122);
#189= IFCSHAPEREPRESENTATION(#12,'Body','MappedRepresentation',(#188));
#190= IFCPRODUCTDEFINITIONSHAPE($,$,(#189));
#191= IFCCARTESIANPOINT((42370.000741059,29969.1994915903,17154.996105651));
#192= IFCAXIS2PLACEMENT3D(#191,#129,#130);
#193= IFCLOCALPLACEMENT(#42,#192);
#194= IFCMECHANICALFASTENER('2T49RS0n9EoQJxftN5WZXV',#44,'Bolt assembly',$,$,#193,#190,'ID9d1096dc-0312-4ec9-a4fb-a775c582385f',28.,25.);
#195= IFCMAPPEDITEM(#124,#122);
#196= IFCSHAPEREPRESENTATION(#12,'Body','MappedRepresentation',(#195));
#197= IFCPRODUCTDEFINITIONSHAPE($,$,(#196));
#198= IFCCARTESIANPOINT((42540.0007410594,29969.1994916034,17154.9960965848));
#199= IFCAXIS2PLACEMENT3D(#198,#129,#130);
#200= IFCLOCALPLACEMENT(#42,#199);
#201= IFCMECHANICALFASTENER('3tC2B4QA17agw8Z_eYIqyp',#44,'Bolt assembly',$,$,#200,#197,'IDf73022c4-68a0-4792-ae88-8fea224b4f33',28.,25.);
#202= IFCMAPPEDITEM(#124,#122);
#203= IFCSHAPEREPRESENTATION(#12,'Body','MappedRepresentation',(#202));
#204= IFCPRODUCTDEFINITIONSHAPE($,$,(#203));
#205= IFCCARTESIANPOINT((42710.0007410598,29969.1994916165,17154.9960875185));
#206= IFCAXIS2PLACEMENT3D(#205,#129,#130);
#207= IFCLOCALPLACEMENT(#42,#206);
#208= IFCMECHANICALFASTENER('3b1NOmCDD6pus5d6ZYnsrM',#44,'Bolt assembly',$,$,#207,#204,'IDe5057630-30d3-46cf-8d85-9c68e2c76d56',28.,25.);
#209= IFCMAPPEDITEM(#124,#122);
#210= IFCSHAPEREPRESENTATION(#12,'Body','MappedRepresentation',(#209));
#211= IFCPRODUCTDEFINITIONSHAPE($,$,(#210));
#212= IFCCARTESIANPOINT((42370.000730394,29969.1931054383,16954.9961057524));
#213= IFCAXIS2PLACEMENT3D(#212,#129,#130);
#214= IFCLOCALPLACEMENT(#42,#213);
#215= IFCMECHANICALFASTENER('1r7BnETWf1QRIr1vLeKuIn',#44,'Bolt assembly',$,$,#214,#211,'ID751cbc4e-760a-4169-b4b5-0795685384b1',28.,25.);
#216= IFCMAPPEDITEM(#124,#122);
#217= IFCSHAPEREPRESENTATION(#12,'Body','MappedRepresentation',(#216));
#218= IFCPRODUCTDEFINITIONSHAPE($,$,(#217));
#219= IFCCARTESIANPOINT((42540.0007303944,29969.1931054514,16954.9960966862));
#220= IFCAXIS2PLACEMENT3D(#219,#129,#130);
#221= IFCLOCALPLACEMENT(#42,#220);
#222= IFCMECHANICALFASTENER('2_iGeDzfX4JQnz675UW8BC',#44,'Bolt assembly',$,$,#221,#218,'IDbeb10a0d-f698-444d-ac7d-18715e8082cc',28.,25.);
#223= IFCMAPPEDITEM(#124,#122);
#224= IFCSHAPEREPRESENTATION(#12,'Body','MappedRepresentation',(#223));
#225= IFCPRODUCTDEFINITIONSHAPE($,$,(#224));
#226= IFCCARTESIANPOINT((42710.0007303948,29969.1931054645,16954.9960876199));
#227= IFCAXIS2PLACEMENT3D(#226,#129,#130);
#228= IFCLOCALPLACEMENT(#42,#227);
#229= IFCMECHANICALFASTENER('0U2FWx98n1R9eX13T$HeDO',#44,'Bolt assembly',$,$,#228,#225,'ID1e08f83b-248c-416c-9a21-04377f468358',28.,25.);
#230= IFCMAPPEDITEM(#124,#122);
#231= IFCSHAPEREPRESENTATION(#12,'Body','MappedRepresentation',(#230));
#232= IFCPRODUCTDEFINITIONSHAPE($,$,(#231));
#233= IFCCARTESIANPOINT((42370.000709064,29969.1803331342,16554.9961059552));
#234= IFCAXIS2PLACEMENT3D(#233,#129,#130);
#235= IFCLOCALPLACEMENT(#42,#234);
#236= IFCMECHANICALFASTENER('0VQhu16tHBG9NhZ9QFJL1F',#44,'Bolt assembly',$,$,#235,#232,'ID1f6abe01-1b74-4b40-95eb-8c968f4d504f',28.,25.);
#237= IFCMAPPEDITEM(#124,#122);
#238= IFCSHAPEREPRESENTATION(#12,'Body','MappedRepresentation',(#237));
#239= IFCPRODUCTDEFINITIONSHAPE($,$,(#238));
#240= IFCCARTESIANPOINT((42540.0007090644,29969.1803331473,16554.996096889));
#241= IFCAXIS2PLACEMENT3D(#240,#129,#130);
#242= IFCLOCALPLACEMENT(#42,#241);
#243= IFCMECHANICALFASTENER('2LDRBYDoDFWgBCQjHGbZu0',#44,'Bolt assembly',$,$,#242,#239,'ID9535b2e2-3723-4f82-a2cc-6ad450963e00',28.,25.);
#244= IFCMAPPEDITEM(#124,#122);
#245= IFCSHAPEREPRESENTATION(#12,'Body','MappedRepresentation',(#244));
#246= IFCPRODUCTDEFINITIONSHAPE($,$,(#245));
#247= IFCCARTESIANPOINT((42710.0007090648,29969.1803331604,16554.9960878227));
#248= IFCAXIS2PLACEMENT3D(#247,#129,#130);
#249= IFCLOCALPLACEMENT(#42,#248);
#250= IFCMECHANICALFASTENER('3gjp5V$NnBVOv1utwQv0Z_',#44,'Bolt assembly',$,$,#249,#246,'IDeab7315f-fd7c-4b7d-8e41-e37e9ae408fe',28.,25.);
#251= IFCMAPPEDITEM(#124,#122);
#252= IFCSHAPEREPRESENTATION(#12,'Body','MappedRepresentation',(#251));
#253= IFCPRODUCTDEFINITIONSHAPE($,$,(#252));
#254= IFCCARTESIANPOINT((42370.000698399,29969.1739469821,16354.9961060558));
#255= IFCAXIS2PLACEMENT3D(#254,#129,#130);
#256= IFCLOCALPLACEMENT(#42,#255);
#257= IFCMECHANICALFASTENER('0eX7TdQlzEDxKMklo8n8jA',#44,'Bolt assembly',$,$,#256,#253,'ID28847767-6aff-4e37-b516-bafc88c48b4a',28.,25.);
#258= IFCMAPPEDITEM(#124,#122);
#259= IFCSHAPEREPRESENTATION(#12,'Body','MappedRepresentation',(#258));
#260= IFCPRODUCTDEFINITIONSHAPE($,$,(#259));
#261= IFCCARTESIANPOINT((42540.0006983994,29969.1739469952,16354.9960969896));
#262= IFCAXIS2PLACEMENT3D(#261,#129,#130);
#263= IFCLOCALPLACEMENT(#42,#262);
#264= IFCMECHANICALFASTENER('2vEZd0Zz94cAPOCoOJ04o5',#44,'Bolt assembly',$,$,#263,#260,'IDb93a39c0-8fd2-4498-a658-332613004c85',28.,25.);
#265= IFCMAPPEDITEM(#124,#122);
#266= IFCSHAPEREPRESENTATION(#12,'Body','MappedRepresentation',(#265));
#267= IFCPRODUCTDEFINITIONSHAPE($,$,(#266));
#268= IFCCARTESIANPOINT((42710.0006983998,29969.1739470083,16354.9960879234));
#269= IFCAXIS2PLACEMENT3D(#268,#129,#130);
#270= IFCLOCALPLACEMENT(#42,#269);
#271= IFCMECHANICALFASTENER('2Fihl8asz15QCX$HhzXglI',#44,'Bolt assembly',$,$,#270,#267,'ID8fb2bbc8-936f-4115-a321-fd1afd86abd2',28.,25.);
#272= IFCMAPPEDITEM(#124,#122);
#273= IFCSHAPEREPRESENTATION(#12,'Body','MappedRepresentation',(#272));
#274= IFCPRODUCTDEFINITIONSHAPE($,$,(#273));
#275= IFCCARTESIANPOINT((42370.000687734,29969.1675608301,16154.9961061572));
#276= IFCAXIS2PLACEMENT3D(#275,#129,#130);
#277= IFCLOCALPLACEMENT(#42,#276);
#278= IFCMECHANICALFASTENER('2NKVcRSZzAXeqY8rNuIwYm',#44,'Bolt assembly',$,$,#277,#274,'ID9751f99b-723f-4a86-8d22-2355f84ba8b0',28.,25.);
#279= IFCMAPPEDITEM(#124,#122);
#280= IFCSHAPEREPRESENTATION(#12,'Body','MappedRepresentation',(#279));
#281= IFCPRODUCTDEFINITIONSHAPE($,$,(#280));
#282= IFCCARTESIANPOINT((42540.0006877344,29969.1675608432,16154.996097091));
#283= IFCAXIS2PLACEMENT3D(#282,#129,#130);
#284= IFCLOCALPLACEMENT(#42,#283);
#285= IFCMECHANICALFASTENER('3QzsaUT8L4nfXlDm_RgHNJ',#44,'Bolt assembly',$,$,#284,#281,'IDdaf7691e-7485-44c6-986f-370f9ba915d3',28.,25.);
#286= IFCMAPPEDITEM(#124,#122);
#287= IFCSHAPEREPRESENTATION(#12,'Body','MappedRepresentation',(#286));
#288= IFCPRODUCTDEFINITIONSHAPE($,$,(#287));
#289= IFCCARTESIANPOINT((42710.0006877348,29969.1675608563,16154.9960880248));
#290= IFCAXIS2PLACEMENT3D(#289,#129,#130);
#291= IFCLOCALPLACEMENT(#42,#290);
#292= IFCMECHANICALFASTENER('32ygvW6A5DQeQwP1O2kLix',#44,'Bolt assembly',$,$,#291,#288,'IDc2f2ae60-18a1-4d6a-86ba-641602b95b3b',28.,25.);
#293= IFCMAPPEDITEM(#124,#122);
#294= IFCSHAPEREPRESENTATION(#12,'Body','MappedRepresentation',(#293));
#295= IFCPRODUCTDEFINITIONSHAPE($,$,(#294));
#296= IFCCARTESIANPOINT((42370.000677069,29969.161174678,15954.9961062586));
#297= IFCAXIS2PLACEMENT3D(#296,#129,#130);
#298= IFCLOCALPLACEMENT(#42,#297);
#299= IFCMECHANICALFASTENER('1Ay2xVghb6igHErkuock2M',#44,'Bolt assembly',$,$,#298,#295,'ID4af02edf-aab9-46b2-a44e-d6ee329ae096',28.,25.);
#300= IFCMAPPEDITEM(#124,#122);
#301= IFCSHAPEREPRESENTATION(#12,'Body','MappedRepresentation',(#300));
#302= IFCPRODUCTDEFINITIONSHAPE($,$,(#301));
#303= IFCCARTESIANPOINT((42540.0006770694,29969.1611746911,15954.9960971924));
#304= IFCAXIS2PLACEMENT3D(#303,#129,#130);
#305= IFCLOCALPLACEMENT(#42,#304);
#306= IFCMECHANICALFASTENER('2N1VUHeXPCdwua1wdtydJR',#44,'Bolt assembly',$,$,#305,#302,'ID9705f791-a216-4c9f-ae24-07a9f7f274db',28.,25.);
#307= IFCMAPPEDITEM(#124,#122);
#308= IFCSHAPEREPRESENTATION(#12,'Body','MappedRepresentation',(#307));
#309= IFCPRODUCTDEFINITIONSHAPE($,$,(#308));
#310= IFCCARTESIANPOINT((42710.0006770698,29969.1611747042,15954.9960881262));
#311= IFCAXIS2PLACEMENT3D(#310,#129,#130);
#312= IFCLOCALPLACEMENT(#42,#311);
#313= IFCMECHANICALFASTENER('16AbQcWgbCpPuHMRRbYPbG',#44,'Bolt assembly',$,$,#312,#309,'ID462a56a6-82a9-4ccd-9e11-59b6e5899950',28.,25.);
#314= IFCCARTESIANPOINT((10.,-6.00057485183347,0.));
#315= IFCCARTESIANPOINT((8.66025403784421,-6.00057485183347,5.0000000000003));
#316= IFCCARTESIANPOINT((4.9999999999994,-6.00057485183347,8.66025403784473));
#317= IFCCARTESIANPOINT((-1.03633598160032E-12,-6.00057485183347,10.));
#318= IFCCARTESIANPOINT((-5.00000000000119,-6.00057485183347,8.6602540378437));
#319= IFCCARTESIANPOINT((-8.66025403784525,-6.00057485183347,4.99999999999851));
#320= IFCCARTESIANPOINT((-10.,-6.00057485183347,-2.07267196320065E-12));
#321= IFCCARTESIANPOINT((-8.66025403784318,-6.00057485183347,-5.00000000000209));
#322= IFCCARTESIANPOINT((-4.99999999999761,-6.00057485183347,-8.66025403784576));
#323= IFCCARTESIANPOINT((3.09790571455472E-12,-6.00057485183347,-10.));
#324= IFCCARTESIANPOINT((5.00000000000299,-6.00057485183347,-8.66025403784266));
#325= IFCCARTESIANPOINT((8.66025403784628,-6.00057485183347,-4.99999999999671));
#326= IFCCARTESIANPOINT((10.,6.09942515064411,0.));
#327= IFCCARTESIANPOINT((8.66025403784421,6.09942515064411,5.0000000000003));
#328= IFCCARTESIANPOINT((4.9999999999994,6.09942515064411,8.66025403784473));
#329= IFCCARTESIANPOINT((-1.03633598160032E-12,6.09942515064411,10.));
#330= IFCCARTESIANPOINT((-5.00000000000119,6.09942515064411,8.6602540378437));
#331= IFCCARTESIANPOINT((-8.66025403784525,6.09942515064411,4.99999999999851));
#332= IFCCARTESIANPOINT((-10.,6.09942515064411,-2.07267196320065E-12));
#333= IFCCARTESIANPOINT((-8.66025403784318,6.09942515064411,-5.00000000000209));
#334= IFCCARTESIANPOINT((-4.99999999999761,6.09942515064411,-8.66025403784576));
#335= IFCCARTESIANPOINT((3.09790571455472E-12,6.09942515064411,-10.));
#336= IFCCARTESIANPOINT((5.00000000000299,6.09942515064411,-8.66025403784266));
#337= IFCCARTESIANPOINT((8.66025403784628,6.09942515064411,-4.99999999999671));
#338= IFCPOLYLOOP((#314,#315,#316,#317,#318,#319,#320,#321,#322,#323,#324,#325));
#339= IFCFACEOUTERBOUND(#338,.T.);
#340= IFCFACE((#339));
#341= IFCPOLYLOOP((#337,#336,#335,#334,#333,#332,#331,#330,#329,#328,#327,#326));
#342= IFCFACEOUTERBOUND(#341,.T.);
#343= IFCFACE((#342));
#344= IFCPOLYLOOP((#314,#326,#327,#315));
#345= IFCFACEOUTERBOUND(#344,.T.);
#346= IFCFACE((#345));
#347= IFCPOLYLOOP((#315,#327,#328,#316));
#348= IFCFACEOUTERBOUND(#347,.T.);
#349= IFCFACE((#348));
#350= IFCPOLYLOOP((#316,#328,#329,#317));
#351= IFCFACEOUTERBOUND(#350,.T.);
#352= IFCFACE((#351));
#353= IFCPOLYLOOP((#317,#329,#330,#318));
#354= IFCFACEOUTERBOUND(#353,.T.);
#355= IFCFACE((#354));
#356= IFCPOLYLOOP((#318,#330,#331,#319));
#357= IFCFACEOUTERBOUND(#356,.T.);
#358= IFCFACE((#357));
#359= IFCPOLYLOOP((#319,#331,#332,#320));
#360= IFCFACEOUTERBOUND(#359,.T.);
#361= IFCFACE((#360));
#362= IFCPOLYLOOP((#320,#332,#333,#321));
#363= IFCFACEOUTERBOUND(#362,.T.);
#364= IFCFACE((#363));
#365= IFCPOLYLOOP((#321,#333,#334,#322));
#366= IFCFACEOUTERBOUND(#365,.T.);
#367= IFCFACE((#366));
#368= IFCPOLYLOOP((#322,#334,#335,#323));
#369= IFCFACEOUTERBOUND(#368,.T.);
#370= IFCFACE((#369));
#371= IFCPOLYLOOP((#323,#335,#336,#324));
#372= IFCFACEOUTERBOUND(#371,.T.);
#373= IFCFACE((#372));
#374= IFCPOLYLOOP((#324,#336,#337,#325));
#375= IFCFACEOUTERBOUND(#374,.T.);
#376= IFCFACE((#375));
#377= IFCPOLYLOOP((#325,#337,#326,#314));
#378= IFCFACEOUTERBOUND(#377,.T.);
#379= IFCFACE((#378));
#380= IFCCLOSEDSHELL((#340,#343,#346,#349,#352,#355,#358,#361,#364,#367,#370,#373,#376,#379));
#381= IFCFACETEDBREP(#380);
#382= IFCSTYLEDITEM(#381,(#119),$);
#383= IFCSHAPEREPRESENTATION(#12,'Body','Brep',(#381));
#384= IFCREPRESENTATIONMAP(#10,#383);
#385= IFCMAPPEDITEM(#384,#122);
#386= IFCSHAPEREPRESENTATION(#12,'Body','MappedRepresentation',(#385));
#387= IFCPRODUCTDEFINITIONSHAPE($,$,(#386));
#388= IFCCARTESIANPOINT((42660.0015818363,29903.02103988,17518.9981367492));
#389= IFCDIRECTION((1.07810000044992E-05,0.99999999936938,-3.38380005123327E-05));
#390= IFCDIRECTION((5.30002580487901E-08,3.38379999446763E-05,0.999999999427494));
#391= IFCAXIS2PLACEMENT3D(#388,#389,#390);
#392= IFCLOCALPLACEMENT(#42,#391);
#393= IFCMECHANICALFASTENER('1$B4HZBD9FBgRWH46ArQ$M',#44,'Bolt assembly',$,$,#392,#387,'ID7f2c4463-2cd2-4f2e-a6e0-44418ad5afd6',18.,12.);
#394= IFCPROPERTYSINGLEVALUE('Washer diameter',$,IFCLENGTHMEASURE(18.),$);
#395= IFCPROPERTYSINGLEVALUE('Bolt hole diameter',$,IFCLENGTHMEASURE(20.),$);
#396= IFCPROPERTYSINGLEVALUE('Bolt size',$,IFCLENGTHMEASURE(20.),$);
#397= IFCPROPERTYSINGLEVALUE('Bolt length',$,IFCLENGTHMEASURE(12.),$);
#398= IFCPROPERTYSET('00Nx23UBT6OhBOKOpEWzQV',#5,'Tekla Bolt','Bolt Properties',(#135,#394,#137,#138,#139,#140,#141,#142,#143,#395,#145,#146,#396,#397,#149,#150));
#399= IFCMAPPEDITEM(#384,#122);
#400= IFCSHAPEREPRESENTATION(#12,'Body','MappedRepresentation',(#399));
#401= IFCPRODUCTDEFINITIONSHAPE($,$,(#400));
#402= IFCCARTESIANPOINT((42420.0017055662,29903.0171556847,17518.9981495948));
#403= IFCAXIS2PLACEMENT3D(#402,#389,#390);
#404= IFCLOCALPLACEMENT(#42,#403);
#405= IFCMECHANICALFASTENER('0XIGaXofD5L92KbBcwIeiQ',#44,'Bolt assembly',$,$,#404,#401,'ID21490921-ca93-4554-9094-94b9ba4a8b1a',18.,12.);
#406= IFCCARTESIANPOINT((30.,-2.64643382763552E-08,0.));
#407= IFCCARTESIANPOINT((25.9807621135326,-2.64643382763552E-08,15.0000000000009));
#408= IFCCARTESIANPOINT((14.9999999999982,-2.64643382763552E-08,25.9807621135342));
#409= IFCCARTESIANPOINT((-3.10900794480097E-12,-2.64643382763552E-08,30.));
#410= IFCCARTESIANPOINT((-15.0000000000036,-2.64643382763552E-08,25.9807621135311));
#411= IFCCARTESIANPOINT((-25.9807621135357,-2.64643382763552E-08,14.9999999999955));
#412= IFCCARTESIANPOINT((-30.,-2.64643382763552E-08,-6.21801588960193E-12));
#413= IFCCARTESIANPOINT((-25.9807621135295,-2.64643382763552E-08,-15.0000000000063));
#414= IFCCARTESIANPOINT((-14.9999999999928,-2.64643382763552E-08,-25.9807621135373));
#415= IFCCARTESIANPOINT((9.29371714366415E-12,-2.64643382763552E-08,-30.));
#416= IFCCARTESIANPOINT((15.000000000009,-2.64643382763552E-08,-25.980762113528));
#417= IFCCARTESIANPOINT((25.9807621135389,-2.64643382763552E-08,-14.9999999999901));
#418= IFCCARTESIANPOINT((30.,8.09999997319615,0.));
#419= IFCCARTESIANPOINT((25.9807621135326,8.09999997319615,15.0000000000009));
#420= IFCCARTESIANPOINT((14.9999999999982,8.09999997319615,25.9807621135342));
#421= IFCCARTESIANPOINT((-3.10900794480097E-12,8.09999997319615,30.));
#422= IFCCARTESIANPOINT((-15.0000000000036,8.09999997319615,25.9807621135311));
#423= IFCCARTESIANPOINT((-25.9807621135357,8.09999997319615,14.9999999999955));
#424= IFCCARTESIANPOINT((-30.,8.09999997319615,-6.21801588960193E-12));
#425= IFCCARTESIANPOINT((-25.9807621135295,8.09999997319615,-15.0000000000063));
#426= IFCCARTESIANPOINT((-14.9999999999928,8.09999997319615,-25.9807621135373));
#427= IFCCARTESIANPOINT((9.29371714366415E-12,8.09999997319615,-30.));
#428= IFCCARTESIANPOINT((15.000000000009,8.09999997319615,-25.980762113528));
#429= IFCCARTESIANPOINT((25.9807621135389,8.09999997319615,-14.9999999999901));
#430= IFCPOLYLOOP((#406,#407,#408,#409,#410,#411,#412,#413,#414,#415,#416,#417));
#431= IFCFACEOUTERBOUND(#430,.T.);
#432= IFCFACE((#431));
#433= IFCPOLYLOOP((#429,#428,#427,#426,#425,#424,#423,#422,#421,#420,#419,#418));
#434= IFCFACEOUTERBOUND(#433,.T.);
#435= IFCFACE((#434));
#436= IFCPOLYLOOP((#406,#418,#419,#407));
#437= IFCFACEOUTERBOUND(#436,.T.);
#438= IFCFACE((#437));
#439= IFCPOLYLOOP((#407,#419,#420,#408));
#440= IFCFACEOUTERBOUND(#439,.T.);
#441= IFCFACE((#440));
#442= IFCPOLYLOOP((#408,#420,#421,#409));
#443= IFCFACEOUTERBOUND(#442,.T.);
#444= IFCFACE((#443));
#445= IFCPOLYLOOP((#409,#421,#422,#410));
#446= IFCFACEOUTERBOUND(#445,.T.);
#447= IFCFACE((#446));
#448= IFCPOLYLOOP((#410,#422,#423,#411));
#449= IFCFACEOUTERBOUND(#448,.T.);
#450= IFCFACE((#449));
#451= IFCPOLYLOOP((#411,#423,#424,#412));
#452= IFCFACEOUTERBOUND(#451,.T.);
#453= IFCFACE((#452));
#454= IFCPOLYLOOP((#412,#424,#425,#413));
#455= IFCFACEOUTERBOUND(#454,.T.);
#456= IFCFACE((#455));
#457= IFCPOLYLOOP((#413,#425,#426,#414));
#458= IFCFACEOUTERBOUND(#457,.T.);
#459= IFCFACE((#458));
#460= IFCPOLYLOOP((#414,#426,#427,#415));
#461= IFCFACEOUTERBOUND(#460,.T.);
#462= IFCFACE((#461));
#463= IFCPOLYLOOP((#415,#427,#428,#416));
#464= IFCFACEOUTERBOUND(#463,.T.);
#465= IFCFACE((#464));
#466= IFCPOLYLOOP((#416,#428,#429,#417));
#467= IFCFACEOUTERBOUND(#466,.T.);
#468= IFCFACE((#467));
#469= IFCPOLYLOOP((#417,#429,#418,#406));
#470= IFCFACEOUTERBOUND(#469,.T.);
#471= IFCFACE((#470));
#472= IFCCLOSEDSHELL((#432,#435,#438,#441,#444,#447,#450,#453,#456,#459,#462,#465,#468,#471));
#473= IFCFACETEDBREP(#472);
#474= IFCSTYLEDITEM(#473,(#119),$);
#475= IFCSHAPEREPRESENTATION(#12,'Body','Brep',(#473));
#476= IFCREPRESENTATIONMAP(#10,#475);
#477= IFCMAPPEDITEM(#476,#122);
#478= IFCSHAPEREPRESENTATION(#12,'Body','MappedRepresentation',(#477));
#479= IFCPRODUCTDEFINITIONSHAPE($,$,(#478));
#480= IFCCARTESIANPOINT((42479.9916186142,30118.0261115282,17064.9913474701));
#481= IFCDIRECTION((-5.75239983954816E-05,-0.9999999978357,3.19309999977122E-05));
#482= IFCDIRECTION((0.999999998345493,-5.7524000051475E-05,-5.09999760344541E-08));
#483= IFCAXIS2PLACEMENT3D(#480,#481,#482);
#484= IFCLOCALPLACEMENT(#42,#483);
#485= IFCMECHANICALFASTENER('12sthOrVH7tgLh7tSf$t34',#44,'Bolt assembly',$,$,#484,#479,'ID42db7ad8-d5f4-47de-a56b-1f7729ff70c4',58.,8.);
#486= IFCPROPERTYSINGLEVALUE('Washer diameter',$,IFCLENGTHMEASURE(58.),$);
#487= IFCPROPERTYSINGLEVALUE('Bolt hole diameter',$,IFCLENGTHMEASURE(60.),$);
#488= IFCPROPERTYSINGLEVALUE('Bolt size',$,IFCLENGTHMEASURE(60.),$);
#489= IFCPROPERTYSINGLEVALUE('Bolt length',$,IFCLENGTHMEASURE(8.),$);
#490= IFCPROPERTYSET('39zXe1ZB17PRH8OTEYitLJ',#5,'Tekla Bolt','Bolt Properties',(#135,#486,#137,#138,#139,#140,#141,#142,#143,#487,#145,#146,#488,#489,#149,#150));
#491= IFCMAPPEDITEM(#476,#122);
#492= IFCSHAPEREPRESENTATION(#12,'Body','MappedRepresentation',(#491));
#493= IFCPRODUCTDEFINITIONSHAPE($,$,(#492));
#494= IFCCARTESIANPOINT((42479.9829900145,29968.0261118512,17064.9961371203));
#495= IFCAXIS2PLACEMENT3D(#494,#481,#482);
#496= IFCLOCALPLACEMENT(#42,#495);
#497= IFCMECHANICALFASTENER('2hEd00P693BfNn91JymX1a',#44,'Bolt assembly',$,$,#496,#493,'IDab3a7000-6462-432e-95f1-2414fcc21064',58.,8.);
#498= IFCMAPPEDITEM(#476,#122);
#499= IFCSHAPEREPRESENTATION(#12,'Body','MappedRepresentation',(#498));
#500= IFCPRODUCTDEFINITIONSHAPE($,$,(#499));
#501= IFCCARTESIANPOINT((42599.9916184158,30118.0192086482,17064.9913413299));
#502= IFCAXIS2PLACEMENT3D(#501,#481,#482);
#503= IFCLOCALPLACEMENT(#42,#502);
#504= IFCMECHANICALFASTENER('2GyjaMPFXEkelIUg1r84Bp',#44,'Bolt assembly',$,$,#503,#500,'ID90f2d916-64f8-4eba-8bd2-7aa0752042f3',58.,8.);
#505= IFCMAPPEDITEM(#476,#122);
#506= IFCSHAPEREPRESENTATION(#12,'Body','MappedRepresentation',(#505));
#507= IFCPRODUCTDEFINITIONSHAPE($,$,(#506));
#508= IFCCARTESIANPOINT((42599.9829898161,29968.0192089712,17064.9961309801));
#509= IFCAXIS2PLACEMENT3D(#508,#481,#482);
#510= IFCLOCALPLACEMENT(#42,#509);
#511= IFCMECHANICALFASTENER('3rUa3jLIjEm8v2vXPYeUU$',#44,'Bolt assembly',$,$,#510,#507,'IDf57a40ed-552b-4ec0-8e42-e61662a1e7bf',58.,8.);
#512= IFCSURFACESTYLE('TS10.9',.POSITIVE.,(#46));
#513= IFCPRESENTATIONSTYLEASSIGNMENT((#512));
#514= IFCCARTESIANPOINT((13.,-11.9079827747077,0.));
#515= IFCCARTESIANPOINT((11.2583302491975,-11.9079827747077,6.50000000000039));
#516= IFCCARTESIANPOINT((6.49999999999922,-11.9079827747077,11.2583302491982));
#517= IFCCARTESIANPOINT((-1.34723677608042E-12,-11.9079827747077,13.));
#518= IFCCARTESIANPOINT((-6.50000000000155,-11.9079827747077,11.2583302491968));
#519= IFCCARTESIANPOINT((-11.2583302491988,-11.9079827747077,6.49999999999806));
#520= IFCCARTESIANPOINT((-13.,-11.9079827747077,-2.69447355216084E-12));
#521= IFCCARTESIANPOINT((-11.2583302491961,-11.9079827747077,-6.50000000000272));
#522= IFCCARTESIANPOINT((-6.4999999999969,-11.9079827747077,-11.2583302491995));
#523= IFCCARTESIANPOINT((4.02727742892113E-12,-11.9079827747077,-13.));
#524= IFCCARTESIANPOINT((6.50000000000388,-11.9079827747077,-11.2583302491955));
#525= IFCCARTESIANPOINT((11.2583302492002,-11.9079827747077,-6.49999999999573));
#526= IFCCARTESIANPOINT((13.,0.0920172311245206,0.));
#527= IFCCARTESIANPOINT((11.2583302491975,0.0920172311245206,6.50000000000039));
#528= IFCCARTESIANPOINT((6.49999999999922,0.0920172311245206,11.2583302491982));
#529= IFCCARTESIANPOINT((-1.34723677608042E-12,0.0920172311245206,13.));
#530= IFCCARTESIANPOINT((-6.50000000000155,0.0920172311245206,11.2583302491968));
#531= IFCCARTESIANPOINT((-11.2583302491988,0.0920172311245206,6.49999999999806));
#532= IFCCARTESIANPOINT((-13.,0.0920172311245206,-2.69447355216084E-12));
#533= IFCCARTESIANPOINT((-11.2583302491961,0.0920172311245206,-6.50000000000272));
#534= IFCCARTESIANPOINT((-6.4999999999969,0.0920172311245206,-11.2583302491995));
#535= IFCCARTESIANPOINT((4.02727742892113E-12,0.0920172311245206,-13.));
#536= IFCCARTESIANPOINT((6.50000000000388,0.0920172311245206,-11.2583302491955));
#537= IFCCARTESIANPOINT((11.2583302492002,0.0920172311245206,-6.49999999999573));
#538= IFCPOLYLOOP((#514,#515,#516,#517,#518,#519,#520,#521,#522,#523,#524,#525));
#539= IFCFACEOUTERBOUND(#538,.T.);
#540= IFCFACE((#539));
#541= IFCPOLYLOOP((#537,#536,#535,#534,#533,#532,#531,#530,#529,#528,#527,#526));
#542= IFCFACEOUTERBOUND(#541,.T.);
#543= IFCFACE((#542));
#544= IFCPOLYLOOP((#514,#526,#527,#515));
#545= IFCFACEOUTERBOUND(#544,.T.);
#546= IFCFACE((#545));
#547= IFCPOLYLOOP((#515,#527,#528,#516));
#548= IFCFACEOUTERBOUND(#547,.T.);
#549= IFCFACE((#548));
#550= IFCPOLYLOOP((#516,#528,#529,#517));
#551= IFCFACEOUTERBOUND(#550,.T.);
#552= IFCFACE((#551));
#553= IFCPOLYLOOP((#517,#529,#530,#518));
#554= IFCFACEOUTERBOUND(#553,.T.);
#555= IFCFACE((#554));
#556= IFCPOLYLOOP((#518,#530,#531,#519));
#557= IFCFACEOUTERBOUND(#556,.T.);
#558= IFCFACE((#557));
#559= IFCPOLYLOOP((#519,#531,#532,#520));
#560= IFCFACEOUTERBOUND(#559,.T.);
#561= IFCFACE((#560));
#562= IFCPOLYLOOP((#520,#532,#533,#521));
#563= IFCFACEOUTERBOUND(#562,.T.);
#564= IFCFACE((#563));
#565= IFCPOLYLOOP((#521,#533,#534,#522));
#566= IFCFACEOUTERBOUND(#565,.T.);
#567= IFCFACE((#566));
#568= IFCPOLYLOOP((#522,#534,#535,#523));
#569= IFCFACEOUTERBOUND(#568,.T.);
#570= IFCFACE((#569));
#571= IFCPOLYLOOP((#523,#535,#536,#524));
#572= IFCFACEOUTERBOUND(#571,.T.);
#573= IFCFACE((#572));
#574= IFCPOLYLOOP((#524,#536,#537,#525));
#575= IFCFACEOUTERBOUND(#574,.T.);
#576= IFCFACE((#575));
#577= IFCPOLYLOOP((#525,#537,#526,#514));
#578= IFCFACEOUTERBOUND(#577,.T.);
#579= IFCFACE((#578));
#580= IFCCARTESIANPOINT((13.,-0.00798274983810643,22.));
#581= IFCCARTESIANPOINT((12.0104339226466,-0.00798274983810643,26.9748846207465));
#582= IFCCARTESIANPOINT((9.19238815542464,-0.00798274983810643,31.1923881554256));
#583= IFCCARTESIANPOINT((4.97488462074523,-0.00798274983810643,34.0104339226471));
#584= IFCCARTESIANPOINT((-1.34723677608042E-12,-0.00798274983810643,35.));
#585= IFCCARTESIANPOINT((-6.50000000000155,-0.00798274983810643,33.2583302491968));
#586= IFCCARTESIANPOINT((-11.2583302491988,-0.00798274983810643,28.4999999999981));
#587= IFCCARTESIANPOINT((-13.,-0.00798274983810643,21.9999999999973));
#588= IFCCARTESIANPOINT((-13.,-0.00798274983810643,-22.0000000000027));
#589= IFCCARTESIANPOINT((-11.2583302491961,-0.00798274983810643,-28.5000000000027));
#590= IFCCARTESIANPOINT((-6.4999999999969,-0.00798274983810643,-33.2583302491995));
#591= IFCCARTESIANPOINT((4.02727742892113E-12,-0.00798274983810643,-35.));
#592= IFCCARTESIANPOINT((6.50000000000388,-0.00798274983810643,-33.2583302491955));
#593= IFCCARTESIANPOINT((11.2583302492002,-0.00798274983810643,-28.4999999999957));
#594= IFCCARTESIANPOINT((13.,-0.00798274983810643,-21.9999999999946));
#595= IFCCARTESIANPOINT((13.,17.9920172582691,22.));
#596= IFCCARTESIANPOINT((12.0104339226466,17.9920172582691,26.9748846207465));
#597= IFCCARTESIANPOINT((9.19238815542464,17.9920172582691,31.1923881554256));
#598= IFCCARTESIANPOINT((4.97488462074523,17.9920172582691,34.0104339226471));
#599= IFCCARTESIANPOINT((-1.34723677608042E-12,17.9920172582691,35.));
#600= IFCCARTESIANPOINT((-6.50000000000155,17.9920172582691,33.2583302491968));
#601= IFCCARTESIANPOINT((-11.2583302491988,17.9920172582691,28.4999999999981));
#602= IFCCARTESIANPOINT((-13.,17.9920172582691,21.9999999999973));
#603= IFCCARTESIANPOINT((-13.,17.9920172582691,-22.0000000000027));
#604= IFCCARTESIANPOINT((-11.2583302491961,17.9920172582691,-28.5000000000027));
#605= IFCCARTESIANPOINT((-6.4999999999969,17.9920172582691,-33.2583302491995));
#606= IFCCARTESIANPOINT((4.02727742892113E-12,17.9920172582691,-35.));
#607= IFCCARTESIANPOINT((6.50000000000388,17.9920172582691,-33.2583302491955));
#608= IFCCARTESIANPOINT((11.2583302492002,17.9920172582691,-28.4999999999957));
#609= IFCCARTESIANPOINT((13.,17.9920172582691,-21.9999999999946));
#610= IFCPOLYLOOP((#580,#581,#582,#584,#585,#586,#587,#588,#589,#590,#591,#592,#593,#594));
#611= IFCFACEOUTERBOUND(#610,.T.);
#612= IFCFACE((#611));
#613= IFCPOLYLOOP((#609,#608,#607,#606,#605,#604,#603,#602,#601,#600,#599,#598,#597,#596,#595));
#614= IFCFACEOUTERBOUND(#613,.T.);
#615= IFCFACE((#614));
#616= IFCPOLYLOOP((#580,#595,#596,#581));
#617= IFCFACEOUTERBOUND(#616,.T.);
#618= IFCFACE((#617));
#619= IFCPOLYLOOP((#581,#596,#597,#582));
#620= IFCFACEOUTERBOUND(#619,.T.);
#621= IFCFACE((#620));
#622= IFCPOLYLOOP((#582,#597,#598,#583));
#623= IFCFACEOUTERBOUND(#622,.T.);
#624= IFCFACE((#623));
#625= IFCPOLYLOOP((#583,#598,#599,#584));
#626= IFCFACEOUTERBOUND(#625,.T.);
#627= IFCFACE((#626));
#628= IFCPOLYLOOP((#584,#599,#600,#585));
#629= IFCFACEOUTERBOUND(#628,.T.);
#630= IFCFACE((#629));
#631= IFCPOLYLOOP((#585,#600,#601,#586));
#632= IFCFACEOUTERBOUND(#631,.T.);
#633= IFCFACE((#632));
#634= IFCPOLYLOOP((#586,#601,#602,#587));
#635= IFCFACEOUTERBOUND(#634,.T.);
#636= IFCFACE((#635));
#637= IFCPOLYLOOP((#587,#602,#603,#588));
#638= IFCFACEOUTERBOUND(#637,.T.);
#639= IFCFACE((#638));
#640= IFCPOLYLOOP((#588,#603,#604,#589));
#641= IFCFACEOUTERBOUND(#640,.T.);
#642= IFCFACE((#641));
#643= IFCPOLYLOOP((#589,#604,#605,#590));
#644= IFCFACEOUTERBOUND(#643,.T.);
#645= IFCFACE((#644));
#646= IFCPOLYLOOP((#590,#605,#606,#591));
#647= IFCFACEOUTERBOUND(#646,.T.);
#648= IFCFACE((#647));
#649= IFCPOLYLOOP((#591,#606,#607,#592));
#650= IFCFACEOUTERBOUND(#649,.T.);
#651= IFCFACE((#650));
#652= IFCPOLYLOOP((#592,#607,#608,#593));
#653= IFCFACEOUTERBOUND(#652,.T.);
#654= IFCFACE((#653));
#655= IFCPOLYLOOP((#593,#608,#609,#594));
#656= IFCFACEOUTERBOUND(#655,.T.);
#657= IFCFACE((#656));
#658= IFCPOLYLOOP((#594,#609,#595,#580));
#659= IFCFACEOUTERBOUND(#658,.T.);
#660= IFCFACE((#659));
#661= IFCCARTESIANPOINT((13.,273.992017390504,22.));
#662= IFCCARTESIANPOINT((12.0104339226466,273.992017390504,26.9748846207465));
#663= IFCCARTESIANPOINT((9.19238815542464,273.992017390504,31.1923881554256));
#664= IFCCARTESIANPOINT((4.97488462074523,273.992017390504,34.0104339226471));
#665= IFCCARTESIANPOINT((-1.34723677608042E-12,273.992017390504,35.));
#666= IFCCARTESIANPOINT((-6.50000000000155,273.992017390504,33.2583302491968));
#667= IFCCARTESIANPOINT((-11.2583302491988,273.992017390504,28.4999999999981));
#668= IFCCARTESIANPOINT((-13.,273.992017390504,21.9999999999973));
#669= IFCCARTESIANPOINT((-13.,273.992017390504,-22.0000000000027));
#670= IFCCARTESIANPOINT((-11.2583302491961,273.992017390504,-28.5000000000027));
#671= IFCCARTESIANPOINT((-6.4999999999969,273.992017390504,-33.2583302491995));
#672= IFCCARTESIANPOINT((4.02727742892113E-12,273.992017390504,-35.));
#673= IFCCARTESIANPOINT((6.50000000000388,273.992017390504,-33.2583302491955));
#674= IFCCARTESIANPOINT((11.2583302492002,273.992017390504,-28.4999999999957));
#675= IFCCARTESIANPOINT((13.,273.992017390504,-21.9999999999946));
#676= IFCCARTESIANPOINT((13.,291.992017398611,22.));
#677= IFCCARTESIANPOINT((12.0104339226466,291.992017398611,26.9748846207465));
#678= IFCCARTESIANPOINT((9.19238815542464,291.992017398611,31.1923881554256));
#679= IFCCARTESIANPOINT((4.97488462074523,291.992017398611,34.0104339226471));
#680= IFCCARTESIANPOINT((-1.34723677608042E-12,291.992017398611,35.));
#681= IFCCARTESIANPOINT((-6.50000000000155,291.992017398611,33.2583302491968));
#682= IFCCARTESIANPOINT((-11.2583302491988,291.992017398611,28.4999999999981));
#683= IFCCARTESIANPOINT((-13.,291.992017398611,21.9999999999973));
#684= IFCCARTESIANPOINT((-13.,291.992017398611,-22.0000000000027));
#685= IFCCARTESIANPOINT((-11.2583302491961,291.992017398611,-28.5000000000027));
#686= IFCCARTESIANPOINT((-6.4999999999969,291.992017398611,-33.2583302491995));
#687= IFCCARTESIANPOINT((4.02727742892113E-12,291.992017398611,-35.));
#688= IFCCARTESIANPOINT((6.50000000000388,291.992017398611,-33.2583302491955));
#689= IFCCARTESIANPOINT((11.2583302492002,291.992017398611,-28.4999999999957));
#690= IFCCARTESIANPOINT((13.,291.992017398611,-21.9999999999946));
#691= IFCPOLYLOOP((#661,#662,#663,#665,#666,#667,#668,#669,#670,#671,#672,#673,#674,#675));
#692= IFCFACEOUTERBOUND(#691,.T.);
#693= IFCFACE((#692));
#694= IFCPOLYLOOP((#690,#689,#688,#687,#686,#685,#684,#683,#682,#681,#680,#679,#678,#677,#676));
#695= IFCFACEOUTERBOUND(#694,.T.);
#696= IFCFACE((#695));
#697= IFCPOLYLOOP((#661,#676,#677,#662));
#698= IFCFACEOUTERBOUND(#697,.T.);
#699= IFCFACE((#698));
#700= IFCPOLYLOOP((#662,#677,#678,#663));
#701= IFCFACEOUTERBOUND(#700,.T.);
#702= IFCFACE((#701));
#703= IFCPOLYLOOP((#663,#678,#679,#664));
#704= IFCFACEOUTERBOUND(#703,.T.);
#705= IFCFACE((#704));
#706= IFCPOLYLOOP((#664,#679,#680,#665));
#707= IFCFACEOUTERBOUND(#706,.T.);
#708= IFCFACE((#707));
#709= IFCPOLYLOOP((#665,#680,#681,#666));
#710= IFCFACEOUTERBOUND(#709,.T.);
#711= IFCFACE((#710));
#712= IFCPOLYLOOP((#666,#681,#682,#667));
#713= IFCFACEOUTERBOUND(#712,.T.);
#714= IFCFACE((#713));
#715= IFCPOLYLOOP((#667,#682,#683,#668));
#716= IFCFACEOUTERBOUND(#715,.T.);
#717= IFCFACE((#716));
#718= IFCPOLYLOOP((#668,#683,#684,#669));
#719= IFCFACEOUTERBOUND(#718,.T.);
#720= IFCFACE((#719));
#721= IFCPOLYLOOP((#669,#684,#685,#670));
#722= IFCFACEOUTERBOUND(#721,.T.);
#723= IFCFACE((#722));
#724= IFCPOLYLOOP((#670,#685,#686,#671));
#725= IFCFACEOUTERBOUND(#724,.T.);
#726= IFCFACE((#725));
#727= IFCPOLYLOOP((#671,#686,#687,#672));
#728= IFCFACEOUTERBOUND(#727,.T.);
#729= IFCFACE((#728));
#730= IFCPOLYLOOP((#672,#687,#688,#673));
#731= IFCFACEOUTERBOUND(#730,.T.);
#732= IFCFACE((#731));
#733= IFCPOLYLOOP((#673,#688,#689,#674));
#734= IFCFACEOUTERBOUND(#733,.T.);
#735= IFCFACE((#734));
#736= IFCPOLYLOOP((#674,#689,#690,#675));
#737= IFCFACEOUTERBOUND(#736,.T.);
#738= IFCFACE((#737));
#739= IFCPOLYLOOP((#675,#690,#676,#661));
#740= IFCFACEOUTERBOUND(#739,.T.);
#741= IFCFACE((#740));
#742= IFCCARTESIANPOINT((13.,291.892017380564,0.));
#743= IFCCARTESIANPOINT((11.2583302491975,291.892017380564,6.50000000000039));
#744= IFCCARTESIANPOINT((6.49999999999922,291.892017380564,11.2583302491982));
#745= IFCCARTESIANPOINT((-1.34723677608042E-12,291.892017380564,13.));
#746= IFCCARTESIANPOINT((-6.50000000000155,291.892017380564,11.2583302491968));
#747= IFCCARTESIANPOINT((-11.2583302491988,291.892017380564,6.49999999999806));
#748= IFCCARTESIANPOINT((-13.,291.892017380564,-2.69447355216084E-12));
#749= IFCCARTESIANPOINT((-11.2583302491961,291.892017380564,-6.50000000000272));
#750= IFCCARTESIANPOINT((-6.4999999999969,291.892017380564,-11.2583302491995));
#751= IFCCARTESIANPOINT((4.02727742892113E-12,291.892017380564,-13.));
#752= IFCCARTESIANPOINT((6.50000000000388,291.892017380564,-11.2583302491955));
#753= IFCCARTESIANPOINT((11.2583302492002,291.892017380564,-6.49999999999573));
#754= IFCCARTESIANPOINT((13.,303.992017386396,0.));
#755= IFCCARTESIANPOINT((11.2583302491975,303.992017386396,6.50000000000039));
#756= IFCCARTESIANPOINT((6.49999999999922,303.992017386396,11.2583302491982));
#757= IFCCARTESIANPOINT((-1.34723677608042E-12,303.992017386396,13.));
#758= IFCCARTESIANPOINT((-6.50000000000155,303.992017386396,11.2583302491968));
#759= IFCCARTESIANPOINT((-11.2583302491988,303.992017386396,6.49999999999806));
#760= IFCCARTESIANPOINT((-13.,303.992017386396,-2.69447355216084E-12));
#761= IFCCARTESIANPOINT((-11.2583302491961,303.992017386396,-6.50000000000272));
#762= IFCCARTESIANPOINT((-6.4999999999969,303.992017386396,-11.2583302491995));
#763= IFCCARTESIANPOINT((4.02727742892113E-12,303.992017386396,-13.));
#764= IFCCARTESIANPOINT((6.50000000000388,303.992017386396,-11.2583302491955));
#765= IFCCARTESIANPOINT((11.2583302492002,303.992017386396,-6.49999999999573));
#766= IFCPOLYLOOP((#742,#743,#744,#745,#746,#747,#748,#749,#750,#751,#752,#753));
#767= IFCFACEOUTERBOUND(#766,.T.);
#768= IFCFACE((#767));
#769= IFCPOLYLOOP((#765,#764,#763,#762,#761,#760,#759,#758,#757,#756,#755,#754));
#770= IFCFACEOUTERBOUND(#769,.T.);
#771= IFCFACE((#770));
#772= IFCPOLYLOOP((#742,#754,#755,#743));
#773= IFCFACEOUTERBOUND(#772,.T.);
#774= IFCFACE((#773));
#775= IFCPOLYLOOP((#743,#755,#756,#744));
#776= IFCFACEOUTERBOUND(#775,.T.);
#777= IFCFACE((#776));
#778= IFCPOLYLOOP((#744,#756,#757,#745));
#779= IFCFACEOUTERBOUND(#778,.T.);
#780= IFCFACE((#779));
#781= IFCPOLYLOOP((#745,#757,#758,#746));
#782= IFCFACEOUTERBOUND(#781,.T.);
#783= IFCFACE((#782));
#784= IFCPOLYLOOP((#746,#758,#759,#747));
#785= IFCFACEOUTERBOUND(#784,.T.);
#786= IFCFACE((#785));
#787= IFCPOLYLOOP((#747,#759,#760,#748));
#788= IFCFACEOUTERBOUND(#787,.T.);
#789= IFCFACE((#788));
#790= IFCPOLYLOOP((#748,#760,#761,#749));
#791= IFCFACEOUTERBOUND(#790,.T.);
#792= IFCFACE((#791));
#793= IFCPOLYLOOP((#749,#761,#762,#750));
#794= IFCFACEOUTERBOUND(#793,.T.);
#795= IFCFACE((#794));
#796= IFCPOLYLOOP((#750,#762,#763,#751));
#797= IFCFACEOUTERBOUND(#796,.T.);
#798= IFCFACE((#797));
#799= IFCPOLYLOOP((#751,#763,#764,#752));
#800= IFCFACEOUTERBOUND(#799,.T.);
#801= IFCFACE((#800));
#802= IFCPOLYLOOP((#752,#764,#765,#753));
#803= IFCFACEOUTERBOUND(#802,.T.);
#804= IFCFACE((#803));
#805= IFCPOLYLOOP((#753,#765,#754,#742));
#806= IFCFACEOUTERBOUND(#805,.T.);
#807= IFCFACE((#806));
#808= IFCCLOSEDSHELL((#540,#543,#546,#549,#552,#555,#558,#561,#564,#567,#570,#573,#576,#579,#612,#615,#618,#621,#624,#627,#630,#633,#636,#639,#642,#645,#648,#651,#654,#657,#660,#693,#696,#699,#702,#705,#708,#711,#714,#717,#720,#723,#726,#729,#732,#735,#738,#741,#768,#771,#774,#777,#780,#783,#786,#789,#792,#795,#798,#801,#804,#807));
#809= IFCFACETEDBREP(#808);
#810= IFCSTYLEDITEM(#809,(#119),$);
#811= IFCCARTESIANPOINT((-2.7648638933897E-10,5.45696821063757E-11,-74.9999999998363));
#812= IFCCARTESIANTRANSFORMATIONOPERATOR3D($,$,#811,$,$);
#813= IFCSHAPEREPRESENTATION(#12,'Body','Brep',(#809));
#814= IFCREPRESENTATIONMAP(#10,#813);
#815= IFCMAPPEDITEM(#814,#812);
#816= IFCCARTESIANPOINT((120.000000000335,-8.18545231595635E-10,-75.0000000007094));
#817= IFCCARTESIANTRANSFORMATIONOPERATOR3D($,$,#816,$,$);
#818= IFCMAPPEDITEM(#814,#817);
#819= IFCCARTESIANPOINT((2.69210431724787E-10,-5.45696821063757E-11,74.9999999998327));
#820= IFCCARTESIANTRANSFORMATIONOPERATOR3D($,$,#819,$,$);
#821= IFCMAPPEDITEM(#814,#820);
#822= IFCCARTESIANPOINT((120.00000000088,-9.27684595808387E-10,74.9999999989595));
#823= IFCCARTESIANTRANSFORMATIONOPERATOR3D($,$,#822,$,$);
#824= IFCMAPPEDITEM(#814,#823);
#825= IFCSHAPEREPRESENTATION(#12,'Body','MappedRepresentation',(#815,#818,#821,#824));
#826= IFCPRODUCTDEFINITIONSHAPE($,$,(#825));
#827= IFCCARTESIANPOINT((42479.9999343289,30043.001318428,16903.9881551501));
#828= IFCDIRECTION((-1.39370000106282E-05,0.99999999990288,0.));
#829= IFCDIRECTION((0.999999999902879,1.39370000117115E-05,-5.30000061887878E-08));
#830= IFCAXIS2PLACEMENT3D(#827,#828,#829);
#831= IFCLOCALPLACEMENT(#42,#830);
#832= IFCMECHANICALFASTENER('19piTxS9bCKR$ri0x0TaHN',#44,'Bolt assembly',$,$,#831,#826,'ID49cec77b-7099-4c51-bff5-b00ec0764457',24.,100.);
#833= IFCPROPERTYSINGLEVALUE('Washer diameter',$,IFCLENGTHMEASURE(24.),$);
#834= IFCPROPERTYSINGLEVALUE('Washer type',$,IFCLABEL(''),$);
#835= IFCPROPERTYSINGLEVALUE('Nut type',$,IFCLABEL(''),$);
#836= IFCPROPERTYSINGLEVALUE('Slotted hole y',$,IFCLENGTHMEASURE(44.),$);
#837= IFCPROPERTYSINGLEVALUE('Bolt hole diameter',$,IFCLENGTHMEASURE(26.),$);
#838= IFCPROPERTYSINGLEVALUE('Bolt count',$,IFCINTEGER(4),$);
#839= IFCPROPERTYSINGLEVALUE('Bolt size',$,IFCLENGTHMEASURE(26.),$);
#840= IFCPROPERTYSINGLEVALUE('Bolt length',$,IFCLENGTHMEASURE(100.),$);
#841= IFCPROPERTYSINGLEVALUE('Bolt standard',$,IFCLABEL('TS10.9'),$);
#842= IFCPROPERTYSET('24KNn1JBP6MQjf5tTe2vfM',#5,'Tekla Bolt','Bolt Properties',(#135,#833,#834,#138,#139,#835,#141,#836,#143,#837,#145,#838,#839,#840,#841,#150));
#843= IFCMATERIAL('TS10.9');
#844= IFCCOLOURRGB('Light Green',0.356862745098039,0.592156862745098,0.137254901960784);
#845= IFCSURFACESTYLERENDERING(#844,0.,$,$,$,$,IFCNORMALISEDRATIOMEASURE(0.00390625),IFCSPECULAREXPONENT(10.),.NOTDEFINED.);
#846= IFCSURFACESTYLE('STEEL/S275',.POSITIVE.,(#845));
#847= IFCPRESENTATIONSTYLEASSIGNMENT((#846));
#848= IFCCARTESIANPOINT((0.,-4.00000000000364,-3.63797880709171E-12));
#849= IFCCARTESIANPOINT((0.000528399687027559,-3.99999999999818,19.9982300020674));
#850= IFCCARTESIANPOINT((0.000528399665199686,4.00000000000546,19.9982300020711));
#851= IFCCARTESIANPOINT((-1.45519152283669E-11,4.,-3.63797880709171E-12));
#852= IFCPOLYLOOP((#848,#849,#850,#851));
#853= IFCFACEOUTERBOUND(#852,.T.);
#854= IFCFACE((#853));
#855= IFCCARTESIANPOINT((50.002113738854,-3.9999999999709,79.9981891094831));
#856= IFCCARTESIANPOINT((50.0021137388321,4.00000000003456,79.9981891094831));
#857= IFCPOLYLOOP((#849,#855,#856,#850));
#858= IFCFACEOUTERBOUND(#857,.T.);
#859= IFCFACE((#858));
#860= IFCCARTESIANPOINT((84.0019989017455,-3.99999999995816,79.9981613168093));
#861= IFCCARTESIANPOINT((84.001998901731,4.00000000004547,79.9981613168129));
#862= IFCPOLYLOOP((#855,#860,#861,#856));
#863= IFCFACEOUTERBOUND(#862,.T.);
#864= IFCFACE((#863));
#865= IFCCARTESIANPOINT((84.0004081850275,-3.9999999999709,19.999999993146));
#866= IFCCARTESIANPOINT((84.0004081850129,4.00000000003274,19.999999993146));
#867= IFCPOLYLOOP((#860,#865,#866,#861));
#868= IFCFACEOUTERBOUND(#867,.T.);
#869= IFCFACE((#868));
#870= IFCCARTESIANPOINT((80.098526548747,-3.9999999999709,19.6157961196477));
#871= IFCCARTESIANPOINT((80.0985265487325,4.00000000003274,19.6157961196513));
#872= IFCPOLYLOOP((#865,#870,#871,#866));
#873= IFCFACEOUTERBOUND(#872,.T.);
#874= IFCFACE((#873));
#875= IFCCARTESIANPOINT((76.3465767030139,-3.99999999997453,18.4777428366324));
#876= IFCCARTESIANPOINT((76.346576702992,4.0000000000291,18.477742836636));
#877= IFCPOLYLOOP((#870,#875,#876,#871));
#878= IFCFACEOUTERBOUND(#877,.T.);
#879= IFCFACE((#878));
#880= IFCCARTESIANPOINT((72.8887488279433,-3.99999999997453,16.6295763651578));
#881= IFCCARTESIANPOINT((72.8887488279215,4.0000000000291,16.6295763651615));
#882= IFCPOLYLOOP((#875,#880,#881,#876));
#883= IFCFACEOUTERBOUND(#882,.T.);
#884= IFCFACE((#883));
#885= IFCCARTESIANPOINT((69.8579297809338,-3.99999999997635,14.1423230961373));
#886= IFCCARTESIANPOINT((69.8579297809047,4.00000000002728,14.1423230961409));
#887= IFCPOLYLOOP((#880,#885,#886,#881));
#888= IFCFACEOUTERBOUND(#887,.T.);
#889= IFCFACE((#888));
#890= IFCCARTESIANPOINT((67.3705961574306,-3.99999999997817,11.111569994122));
#891= IFCCARTESIANPOINT((67.370596157416,4.00000000002547,11.111569994122));
#892= IFCPOLYLOOP((#885,#890,#891,#886));
#893= IFCFACEOUTERBOUND(#892,.T.);
#894= IFCFACE((#893));
#895= IFCCARTESIANPOINT((65.5223380100724,-3.99999999997999,7.65379112023584));
#896= IFCCARTESIANPOINT((65.5223380100506,4.00000000002365,7.65379112023584));
#897= IFCPOLYLOOP((#890,#895,#896,#891));
#898= IFCFACEOUTERBOUND(#897,.T.);
#899= IFCFACE((#898));
#900= IFCCARTESIANPOINT((64.3841852529222,-3.99999999997999,3.90187144872834));
#901= IFCCARTESIANPOINT((64.3841852529076,4.00000000002365,3.90187144872834));
#902= IFCPOLYLOOP((#895,#900,#901,#896));
#903= IFCFACEOUTERBOUND(#902,.T.);
#904= IFCFACE((#903));
#905= IFCCARTESIANPOINT((63.9998779299203,-3.99999999998181,1.16415321826935E-10));
#906= IFCCARTESIANPOINT((63.9998779299058,4.00000000002183,1.20053300634027E-10));
#907= IFCPOLYLOOP((#900,#905,#906,#901));
#908= IFCFACEOUTERBOUND(#907,.T.);
#909= IFCFACE((#908));
#910= IFCPOLYLOOP((#905,#848,#851,#906));
#911= IFCFACEOUTERBOUND(#910,.T.);
#912= IFCFACE((#911));
#913= IFCPOLYLOOP((#856,#861,#866,#871,#876,#881,#886,#891,#896,#901,#906,#851,#850));
#914= IFCFACEOUTERBOUND(#913,.T.);
#915= IFCFACE((#914));
#916= IFCPOLYLOOP((#905,#900,#895,#890,#885,#880,#875,#870,#865,#860,#855,#849,#848));
#917= IFCFACEOUTERBOUND(#916,.T.);
#918= IFCFACE((#917));
#919= IFCCLOSEDSHELL((#854,#859,#864,#869,#874,#879,#884,#889,#894,#899,#904,#909,#912,#915,#918));
#920= IFCFACETEDBREP(#919);
#921= IFCSTYLEDITEM(#920,(#847),$);
#922= IFCSHAPEREPRESENTATION(#12,'Body','Brep',(#920));
#923= IFCPRODUCTDEFINITIONSHAPE($,$,(#922));
#924= IFCCARTESIANPOINT((42330.001260672,29867.9769087002,16246.9993393219));
#925= IFCDIRECTION((-4.37630016895127E-05,0.999999998532605,-3.19309999849792E-05));
#926= IFCDIRECTION((0.999999999042398,4.37629999891707E-05,-5.40000054588164E-08));
#927= IFCAXIS2PLACEMENT3D(#924,#925,#926);
#928= IFCLOCALPLACEMENT(#42,#927);
#929= IFCPLATE('2oaYUI4zDA7w$m0THQ$be2',#44,'PLATE-8','PL8*80',$,#928,#923,'IDb2922792-13d3-4a1f-aff0-01d45afe5a02');
#930= IFCPLATETYPE('0uGt2uhAHDdAZ$fN63p8K4',#5,'PL8*80',$,$,$,$,$,$,.NOTDEFINED.);
#931= IFCPROPERTYSINGLEVALUE('Bottom elevation',$,IFCLABEL(' +16.243'),$);
#932= IFCPROPERTYSINGLEVALUE('Top elevation',$,IFCLABEL(' +16.251'),$);
#933= IFCPROPERTYSINGLEVALUE('Initial GUID',$,$,$);
#934= IFCPROPERTYSINGLEVALUE('Preliminary mark',$,IFCLABEL('5-2-P67'),$);
#935= IFCPROPERTYSINGLEVALUE('Phase',$,IFCINTEGER(2),$);
#936= IFCPROPERTYSINGLEVALUE('Class',$,IFCLABEL('17'),$);
#937= IFCPROPERTYSET('2cQ1mZmv57a8ocBM21xSeq',#5,'Tekla Common','Common Properties to Shared building elements',(#931,#932,#933,#934,#935,#936));
#938= IFCPROPERTYSINGLEVALUE('Weight',$,IFCMASSMEASURE(0.31),$);
#939= IFCPROPERTYSINGLEVALUE('Volume',$,IFCVOLUMEMEASURE(0.),$);
#940= IFCPROPERTYSINGLEVALUE('Gross footprint area',$,IFCAREAMEASURE(0.005),$);
#941= IFCPROPERTYSINGLEVALUE('Area per tons',$,IFCAREAMEASURE(39.309),$);
#942= IFCPROPERTYSINGLEVALUE('Net surface area',$,IFCAREAMEASURE(0.012),$);
#943= IFCPROPERTYSINGLEVALUE('Height',$,IFCLENGTHMEASURE(80.),$);
#944= IFCPROPERTYSINGLEVALUE('Width',$,IFCLENGTHMEASURE(8.),$);
#945= IFCPROPERTYSINGLEVALUE('Length',$,IFCLENGTHMEASURE(84.),$);
#946= IFCPROPERTYSET('3VdZ2YQlb8GuVPI2A2Khyg',#5,'Tekla Quantity','Quantity Properties to Shared building elements',(#938,#939,#940,#941,#942,#943,#944,#945));
#947= IFCPROPERTYSINGLEVALUE('LoadBearing',$,IFCBOOLEAN(.F.),$);
#948= IFCPROPERTYSINGLEVALUE('Reference',$,IFCIDENTIFIER('5-2-P67'),$);
#949= IFCPROPERTYSET('2TTmxpg9P38x4MHAgYIWYI',#5,'Pset_PlateCommon','Common Properties to plate elements',(#947,#948));
#950= IFCQUANTITYLENGTH('Width',$,$,79.9981891093544);
#951= IFCQUANTITYAREA('NetArea',$,$,0.0121151036647711);
#952= IFCQUANTITYAREA('GrossArea',$,$,0.00672000779371755);
#953= IFCQUANTITYAREA('CrossSectionArea',$,$,6.4E-05);
#954= IFCQUANTITYVOLUME('NetVolume',$,$,3.92615139449132E-05);
#955= IFCQUANTITYVOLUME('GrossVolume',$,$,3.92615139449132E-05);
#956= IFCELEMENTQUANTITY('21hSxQht94xv_uMcWskg4g',#5,'BaseQuantities',$,$,(#950,#951,#952,#953,#954,#955));
#957= IFCMATERIAL('STEEL/S275');
#958= IFCCARTESIANPOINT((0.000528446602402255,-3.99999999999818,19.9999999930442));
#959= IFCCARTESIANPOINT((0.00211373959609773,-3.99999999998727,79.9982299811927));
#960= IFCCARTESIANPOINT((0.0021137395669939,4.00000000001637,79.9982299811963));
#961= IFCCARTESIANPOINT((0.000528446580574382,4.00000000000546,19.9999999930478));
#962= IFCPOLYLOOP((#958,#959,#960,#961));
#963= IFCFACEOUTERBOUND(#962,.T.);
#964= IFCFACE((#963));
#965= IFCCARTESIANPOINT((34.0019989025022,-3.99999999997635,79.9982021883989));
#966= IFCCARTESIANPOINT((34.0019989024804,4.00000000002728,79.9982021883989));
#967= IFCPOLYLOOP((#959,#965,#966,#960));
#968= IFCFACEOUTERBOUND(#967,.T.);
#969= IFCFACE((#968));
#970= IFCCARTESIANPOINT((84.0004081364241,-3.9999999999709,19.9981613375094));
#971= IFCCARTESIANPOINT((84.0004081364095,4.00000000003274,19.9981613375094));
#972= IFCPOLYLOOP((#965,#970,#971,#966));
#973= IFCFACEOUTERBOUND(#972,.T.);
#974= IFCFACE((#973));
#975= IFCCARTESIANPOINT((83.9998779298767,-3.99999999997635,-9.45874489843845E-11));
#976= IFCCARTESIANPOINT((83.9998779298548,4.00000000002728,-9.45874489843845E-11));
#977= IFCPOLYLOOP((#970,#975,#976,#971));
#978= IFCFACEOUTERBOUND(#977,.T.);
#979= IFCFACE((#978));
#980= IFCCARTESIANPOINT((19.9999999999563,-3.99999999999636,-2.18278728425503E-11));
#981= IFCCARTESIANPOINT((19.9999999999272,4.00000000000728,-1.81898940354586E-11));
#982= IFCPOLYLOOP((#975,#980,#981,#976));
#983= IFCFACEOUTERBOUND(#982,.T.);
#984= IFCFACE((#983));
#985= IFCCARTESIANPOINT((19.6157184947806,-3.99999999999636,3.90174165371354));
#986= IFCCARTESIANPOINT((19.6157184947515,4.00000000000728,3.90174165371354));
#987= IFCPOLYLOOP((#980,#985,#986,#981));
#988= IFCFACEOUTERBOUND(#987,.T.);
#989= IFCFACE((#988));
#990= IFCCARTESIANPOINT((18.4776412067367,-3.99999999999454,7.65354659188961));
#991= IFCCARTESIANPOINT((18.4776412067149,4.00000000000909,7.65354659189325));
#992= IFCPOLYLOOP((#985,#990,#991,#986));
#993= IFCFACEOUTERBOUND(#992,.T.);
#994= IFCFACE((#993));
#995= IFCCARTESIANPOINT((16.6295023411658,-3.99999999999636,11.1112398896294));
#996= IFCCARTESIANPOINT((16.629502341144,4.00000000000909,11.111239889633));
#997= IFCPOLYLOOP((#990,#995,#996,#991));
#998= IFCFACEOUTERBOUND(#997,.T.);
#999= IFCFACE((#998));
#1000= IFCCARTESIANPOINT((14.142322456566,-3.99999999999636,14.1419487884341));
#1001= IFCCARTESIANPOINT((14.1423224565442,4.00000000000909,14.1419487884377));
#1002= IFCPOLYLOOP((#995,#1000,#1001,#996));
#1003= IFCFACEOUTERBOUND(#1002,.T.);
#1004= IFCFACE((#1003));
#1005= IFCCARTESIANPOINT((11.1116792759203,-3.99999999999636,16.6292087505644));
#1006= IFCCARTESIANPOINT((11.1116792758985,4.00000000000728,16.6292087505644));
#1007= IFCPOLYLOOP((#1000,#1005,#1006,#1001));
#1008= IFCFACEOUTERBOUND(#1007,.T.);
#1009= IFCFACE((#1008));
#1010= IFCCARTESIANPOINT((7.65403481153771,-3.99999999999636,18.4774389758131));
#1011= IFCCARTESIANPOINT((7.65403481152316,4.00000000000728,18.4774389758168));
#1012= IFCPOLYLOOP((#1005,#1010,#1011,#1006));
#1013= IFCFACEOUTERBOUND(#1012,.T.);
#1014= IFCFACE((#1013));
#1015= IFCCARTESIANPOINT((3.9022599453383,-3.99999999999636,19.6156153948905));
#1016= IFCCARTESIANPOINT((3.90225994531647,4.00000000000728,19.6156153948941));
#1017= IFCPOLYLOOP((#1010,#1015,#1016,#1011));
#1018= IFCFACEOUTERBOUND(#1017,.T.);
#1019= IFCFACE((#1018));
#1020= IFCPOLYLOOP((#1015,#958,#961,#1016));
#1021= IFCFACEOUTERBOUND(#1020,.T.);
#1022= IFCFACE((#1021));
#1023= IFCPOLYLOOP((#966,#971,#976,#981,#986,#991,#996,#1001,#1006,#1011,#1016,#961,#960));
#1024= IFCFACEOUTERBOUND(#1023,.T.);
#1025= IFCFACE((#1024));
#1026= IFCPOLYLOOP((#1015,#1010,#1005,#1000,#995,#990,#985,#980,#975,#970,#965,#959,#958));
#1027= IFCFACEOUTERBOUND(#1026,.T.);
#1028= IFCFACE((#1027));
#1029= IFCCLOSEDSHELL((#964,#969,#974,#979,#984,#989,#994,#999,#1004,#1009,#1014,#1019,#1022,#1025,#1028));
#1030= IFCFACETEDBREP(#1029);
#1031= IFCSTYLEDITEM(#1030,(#847),$);
#1032= IFCSHAPEREPRESENTATION(#12,'Body','Brep',(#1030));
#1033= IFCPRODUCTDEFINITIONSHAPE($,$,(#1032));
#1034= IFCCARTESIANPOINT((42666.0012606719,29867.9769087539,16246.9993215119));
#1035= IFCAXIS2PLACEMENT3D(#1034,#925,#926);
#1036= IFCLOCALPLACEMENT(#42,#1035);
#1037= IFCPLATE('2WVFUOGcj5XutMNsPWZZN1',#44,'PLATE-8','PL8*80',$,#1036,#1033,'IDa07cf798-426b-4587-8dd6-5f66608e35c1');
#1038= IFCQUANTITYLENGTH('Width',$,$,79.9982299812327);
#1039= IFCQUANTITYAREA('NetArea',$,$,0.0121151002391566);
#1040= IFCQUANTITYAREA('GrossArea',$,$,0.00671984169384214);
#1041= IFCQUANTITYVOLUME('NetVolume',$,$,3.92615970136416E-05);
#1042= IFCQUANTITYVOLUME('GrossVolume',$,$,3.92615970136416E-05);
#1043= IFCELEMENTQUANTITY('0uUThKCIH9Hf1laTYsfFKN',#5,'BaseQuantities',$,$,(#1038,#1039,#1040,#953,#1041,#1042));
#1044= IFCCARTESIANPOINT((-2.43316026171669E-05,-4.,19.9999999999782));
#1045= IFCCARTESIANPOINT((-9.73242276813835E-05,-3.99999999998909,79.9982299801923));
#1046= IFCCARTESIANPOINT((-9.73242349573411E-05,4.00000000001455,79.9982299801813));
#1047= IFCCARTESIANPOINT((-2.43316026171669E-05,4.00000000000364,19.9999999999709));
#1048= IFCPOLYLOOP((#1044,#1045,#1046,#1047));
#1049= IFCFACEOUTERBOUND(#1048,.T.);
#1050= IFCFACE((#1049));
#1051= IFCCARTESIANPOINT((227.999786375498,-3.99999999991269,79.9981613163109));
#1052= IFCCARTESIANPOINT((227.999786375491,4.00000000009095,79.9981613163036));
#1053= IFCPOLYLOOP((#1045,#1051,#1052,#1046));
#1054= IFCFACEOUTERBOUND(#1053,.T.);
#1055= IFCFACE((#1054));
#1056= IFCCARTESIANPOINT((227.999855039408,-3.99999999992178,20.0000000006366));
#1057= IFCCARTESIANPOINT((227.999855039408,4.00000000008185,20.0000000006294));
#1058= IFCPOLYLOOP((#1051,#1056,#1057,#1052));
#1059= IFCFACEOUTERBOUND(#1058,.T.);
#1060= IFCFACE((#1059));
#1061= IFCCARTESIANPOINT((224.098051844987,-3.9999999999236,19.6157017015066));
#1062= IFCCARTESIANPOINT((224.098051844987,4.00000000008004,19.6157017014993));
#1063= IFCPOLYLOOP((#1056,#1061,#1062,#1057));
#1064= IFCFACEOUTERBOUND(#1063,.T.);
#1065= IFCFACE((#1064));
#1066= IFCCARTESIANPOINT((220.346193420999,-3.99999999992542,18.4775840815164));
#1067= IFCCARTESIANPOINT((220.346193420999,4.00000000007822,18.4775840815055));
#1068= IFCPOLYLOOP((#1061,#1066,#1067,#1062));
#1069= IFCFACEOUTERBOUND(#1068,.T.);
#1070= IFCFACE((#1069));
#1071= IFCCARTESIANPOINT((216.888461373179,-3.99999999992724,16.629384299009));
#1072= IFCCARTESIANPOINT((216.888461373172,4.0000000000764,16.629384298998));
#1073= IFCPOLYLOOP((#1066,#1071,#1072,#1067));
#1074= IFCFACEOUTERBOUND(#1073,.T.);
#1075= IFCFACE((#1074));
#1076= IFCCARTESIANPOINT((213.85773421199,-3.99999999992906,14.1421275319808));
#1077= IFCCARTESIANPOINT((213.85773421199,4.00000000007458,14.1421275319699));
#1078= IFCPOLYLOOP((#1071,#1076,#1077,#1072));
#1079= IFCFACEOUTERBOUND(#1078,.T.);
#1080= IFCFACE((#1079));
#1081= IFCCARTESIANPOINT((211.370480913443,-3.99999999992906,11.1113975242915));
#1082= IFCCARTESIANPOINT((211.370480913443,4.00000000007458,11.1113975242843));
#1083= IFCPOLYLOOP((#1076,#1081,#1082,#1077));
#1084= IFCFACEOUTERBOUND(#1083,.T.);
#1085= IFCFACE((#1084));
#1086= IFCCARTESIANPOINT((209.522285088096,-3.99999999993088,7.6536633613141));
#1087= IFCCARTESIANPOINT((209.522285088089,4.00000000007276,7.65366336130683));
#1088= IFCPOLYLOOP((#1081,#1086,#1087,#1082));
#1089= IFCFACEOUTERBOUND(#1088,.T.);
#1090= IFCFACE((#1089));
#1091= IFCCARTESIANPOINT((208.384171761863,-3.9999999999327,3.90180363482068));
#1092= IFCCARTESIANPOINT((208.384171761856,4.00000000007094,3.9018036348134));
#1093= IFCPOLYLOOP((#1086,#1091,#1092,#1087));
#1094= IFCFACEOUTERBOUND(#1093,.T.);
#1095= IFCFACE((#1094));
#1096= IFCCARTESIANPOINT((207.999877928109,-3.99999999993452,6.03904481977224E-10));
#1097= IFCCARTESIANPOINT((207.999877928101,4.00000000007094,5.92990545555949E-10));
#1098= IFCPOLYLOOP((#1091,#1096,#1097,#1092));
#1099= IFCFACEOUTERBOUND(#1098,.T.);
#1100= IFCFACE((#1099));
#1101= IFCPOLYLOOP((#1096,#980,#981,#1097));
#1102= IFCFACEOUTERBOUND(#1101,.T.);
#1103= IFCFACE((#1102));
#1104= IFCCARTESIANPOINT((19.6157050146867,-3.99999999999636,3.90180942339066));
#1105= IFCCARTESIANPOINT((19.6157050146794,4.00000000000728,3.90180942337611));
#1106= IFCPOLYLOOP((#980,#1104,#1105,#981));
#1107= IFCFACEOUTERBOUND(#1106,.T.);
#1108= IFCFACE((#1107));
#1109= IFCCARTESIANPOINT((18.4775883223701,-3.99999999999454,7.65367426721787));
#1110= IFCCARTESIANPOINT((18.4775883223701,4.00000000000909,7.65367426720695));
#1111= IFCPOLYLOOP((#1104,#1109,#1110,#1105));
#1112= IFCFACEOUTERBOUND(#1111,.T.);
#1113= IFCFACE((#1112));
#1114= IFCCARTESIANPOINT((16.6293871767994,-3.99999999999636,11.1114122470499));
#1115= IFCCARTESIANPOINT((16.6293871767994,4.00000000000728,11.111412247039));
#1116= IFCPOLYLOOP((#1109,#1114,#1115,#1110));
#1117= IFCFACEOUTERBOUND(#1116,.T.);
#1118= IFCFACE((#1117));
#1119= IFCCARTESIANPOINT((14.1421270211868,-3.99999999999636,14.1421442262763));
#1120= IFCCARTESIANPOINT((14.1421270211868,4.00000000000728,14.1421442262654));
#1121= IFCPOLYLOOP((#1114,#1119,#1120,#1115));
#1122= IFCFACEOUTERBOUND(#1121,.T.);
#1123= IFCFACE((#1122));
#1124= IFCCARTESIANPOINT((11.111392016006,-3.99999999999636,16.6294006947646));
#1125= IFCCARTESIANPOINT((11.1113920159987,4.00000000000728,16.6294006947537));
#1126= IFCPOLYLOOP((#1119,#1124,#1125,#1120));
#1127= IFCFACEOUTERBOUND(#1126,.T.);
#1128= IFCFACE((#1127));
#1129= IFCCARTESIANPOINT((7.65365178768843,-3.99999999999636,18.4775976337041));
#1130= IFCCARTESIANPOINT((7.65365178768843,4.00000000000728,18.4775976336932));
#1131= IFCPOLYLOOP((#1124,#1129,#1130,#1125));
#1132= IFCFACEOUTERBOUND(#1131,.T.);
#1133= IFCFACE((#1132));
#1134= IFCCARTESIANPOINT((3.90178555924649,-3.99999999999818,19.6157097615578));
#1135= IFCCARTESIANPOINT((3.90178555924649,4.00000000000546,19.6157097615505));
#1136= IFCPOLYLOOP((#1129,#1134,#1135,#1130));
#1137= IFCFACEOUTERBOUND(#1136,.T.);
#1138= IFCFACE((#1137));
#1139= IFCPOLYLOOP((#1134,#1044,#1047,#1135));
#1140= IFCFACEOUTERBOUND(#1139,.T.);
#1141= IFCFACE((#1140));
#1142= IFCPOLYLOOP((#1052,#1057,#1062,#1067,#1072,#1077,#1082,#1087,#1092,#1097,#981,#1105,#1110,#1115,#1120,#1125,#1130,#1135,#1047,#1046));
#1143= IFCFACEOUTERBOUND(#1142,.T.);
#1144= IFCFACE((#1143));
#1145= IFCPOLYLOOP((#1134,#1129,#1124,#1119,#1114,#1109,#1104,#980,#1096,#1091,#1086,#1081,#1076,#1071,#1066,#1061,#1056,#1051,#1045,#1044));
#1146= IFCFACEOUTERBOUND(#1145,.T.);
#1147= IFCFACE((#1146));
#1148= IFCCLOSEDSHELL((#1050,#1055,#1060,#1065,#1070,#1075,#1080,#1085,#1090,#1095,#1100,#1103,#1108,#1113,#1118,#1123,#1128,#1133,#1138,#1141,#1144,#1147));
#1149= IFCFACETEDBREP(#1148);
#1150= IFCSTYLEDITEM(#1149,(#847),$);
#1151= IFCSHAPEREPRESENTATION(#12,'Body','Brep',(#1149));
#1152= IFCPRODUCTDEFINITIONSHAPE($,$,(#1151));
#1153= IFCCARTESIANPOINT((42426.001260672,29867.9769087156,16246.9993342333));
#1154= IFCDIRECTION((-1.61220017180312E-05,0.999999999360246,-3.19310000104451E-05));
#1155= IFCDIRECTION((0.999999999870039,1.61220000009519E-05,-5.40000004248034E-08));
#1156= IFCAXIS2PLACEMENT3D(#1153,#1154,#1155);
#1157= IFCLOCALPLACEMENT(#42,#1156);
#1158= IFCPLATE('347KTgbpL86uGHu$lNn3cs',#44,'PLATE-8','PL8*80',$,#1157,#1152,'IDc41d476a-9735-481b-8411-e3fbd7c439b6');
#1159= IFCPROPERTYSINGLEVALUE('Preliminary mark',$,IFCLABEL('5-2-P57'),$);
#1160= IFCPROPERTYSET('2JuIqPmErBqwTJ8C8gjTLL',#5,'Tekla Common','Common Properties to Shared building elements',(#931,#932,#933,#1159,#935,#936));
#1161= IFCPROPERTYSINGLEVALUE('Weight',$,IFCMASSMEASURE(1.11),$);
#1162= IFCPROPERTYSINGLEVALUE('Gross footprint area',$,IFCAREAMEASURE(0.018),$);
#1163= IFCPROPERTYSINGLEVALUE('Area per tons',$,IFCAREAMEASURE(36.177),$);
#1164= IFCPROPERTYSINGLEVALUE('Net surface area',$,IFCAREAMEASURE(0.04),$);
#1165= IFCPROPERTYSINGLEVALUE('Length',$,IFCLENGTHMEASURE(228.),$);
#1166= IFCPROPERTYSET('1YQLuMwfL5iw8BYfP4tpS_',#5,'Tekla Quantity','Quantity Properties to Shared building elements',(#1161,#939,#1162,#1163,#1164,#943,#944,#1165));
#1167= IFCPROPERTYSINGLEVALUE('Reference',$,IFCIDENTIFIER('5-2-P57'),$);
#1168= IFCPROPERTYSET('3iD8pO0Qr3sfUNLE$_uCrA',#5,'Pset_PlateCommon','Common Properties to plate elements',(#947,#1167));
#1169= IFCQUANTITYLENGTH('Width',$,$,79.9982299801993);
#1170= IFCQUANTITYAREA('NetArea',$,$,0.0400203970503168);
#1171= IFCQUANTITYAREA('GrossArea',$,$,0.0182395926246808);
#1172= IFCQUANTITYVOLUME('NetVolume',$,$,0.000140922320227789);
#1173= IFCQUANTITYVOLUME('GrossVolume',$,$,0.000140922320227789);
#1174= IFCELEMENTQUANTITY('1me2W5XTvEp9XGFzP5Z8dW',#5,'BaseQuantities',$,$,(#1169,#1170,#1171,#953,#1172,#1173));
#1175= IFCCARTESIANPOINT((0.00127710158267291,-4.0000000000291,19.9999999592474));
#1176= IFCCARTESIANPOINT((0.0191564105407451,-4.00000000048385,299.998229983157));
#1177= IFCCARTESIANPOINT((0.0191564105189173,3.99999999951979,299.998229983157));
#1178= IFCCARTESIANPOINT((0.00127710156084504,3.99999999997453,19.9999999592474));
#1179= IFCPOLYLOOP((#1175,#1176,#1177,#1178));
#1180= IFCFACEOUTERBOUND(#1179,.T.);
#1181= IFCFACE((#1180));
#1182= IFCCARTESIANPOINT((44.0190353426296,-4.00000000055297,299.998198012494));
#1183= IFCCARTESIANPOINT((44.0190353426078,3.9999999994543,299.998198012498));
#1184= IFCPOLYLOOP((#1176,#1182,#1183,#1177));
#1185= IFCFACEOUTERBOUND(#1184,.T.);
#1186= IFCFACE((#1185));
#1187= IFCCARTESIANPOINT((84.0062636561634,-4.0000000002874,99.9981693557093));
#1188= IFCCARTESIANPOINT((84.0062636561415,3.99999999971624,99.9981693557093));
#1189= IFCPOLYLOOP((#1182,#1187,#1188,#1183));
#1190= IFCFACEOUTERBOUND(#1189,.T.);
#1191= IFCFACE((#1190));
#1192= IFCPOLYLOOP((#1187,#975,#976,#1188));
#1193= IFCFACEOUTERBOUND(#1192,.T.);
#1194= IFCFACE((#1193));
#1195= IFCCARTESIANPOINT((19.6157367511696,-4.00000000003638,3.90164986993841));
#1196= IFCCARTESIANPOINT((19.6157367511478,3.9999999999709,3.90164986994205));
#1197= IFCPOLYLOOP((#980,#1195,#1196,#981));
#1198= IFCFACEOUTERBOUND(#1197,.T.);
#1199= IFCFACE((#1198));
#1200= IFCCARTESIANPOINT((18.4777128292262,-4.00000000004002,7.65337367437314));
#1201= IFCCARTESIANPOINT((18.4777128292044,3.99999999996726,7.65337367437678));
#1202= IFCPOLYLOOP((#1195,#1200,#1201,#1196));
#1203= IFCFACEOUTERBOUND(#1202,.T.);
#1204= IFCFACE((#1203));
#1205= IFCCARTESIANPOINT((16.6296583110961,-4.00000000004002,11.1110064555687));
#1206= IFCCARTESIANPOINT((16.6296583110816,3.99999999996362,11.1110064555724));
#1207= IFCPOLYLOOP((#1200,#1205,#1206,#1201));
#1208= IFCFACEOUTERBOUND(#1207,.T.);
#1209= IFCFACE((#1208));
#1210= IFCCARTESIANPOINT((14.1425871400788,-4.00000000004002,14.1416840929778));
#1211= IFCCARTESIANPOINT((14.1425871400643,3.99999999996362,14.1416840929814));
#1212= IFCPOLYLOOP((#1205,#1210,#1211,#1206));
#1213= IFCFACEOUTERBOUND(#1212,.T.);
#1214= IFCFACE((#1213));
#1215= IFCCARTESIANPOINT((11.1120683209883,-4.00000000004366,16.6289487830873));
#1216= IFCCARTESIANPOINT((11.1120683209665,3.99999999995998,16.6289487830909));
#1217= IFCPOLYLOOP((#1210,#1215,#1216,#1211));
#1218= IFCFACEOUTERBOUND(#1217,.T.);
#1219= IFCFACE((#1218));
#1220= IFCCARTESIANPOINT((7.65455355450831,-4.00000000004366,18.4772240848579));
#1221= IFCCARTESIANPOINT((7.65455355449376,3.99999999995998,18.4772240848615));
#1222= IFCPOLYLOOP((#1215,#1220,#1221,#1216));
#1223= IFCFACEOUTERBOUND(#1222,.T.);
#1224= IFCFACE((#1223));
#1225= IFCCARTESIANPOINT((3.90290242635092,-4.00000000003638,19.615487571089));
#1226= IFCCARTESIANPOINT((3.90290242632909,3.99999999996726,19.615487571089));
#1227= IFCPOLYLOOP((#1220,#1225,#1226,#1221));
#1228= IFCFACEOUTERBOUND(#1227,.T.);
#1229= IFCFACE((#1228));
#1230= IFCPOLYLOOP((#1225,#1175,#1178,#1226));
#1231= IFCFACEOUTERBOUND(#1230,.T.);
#1232= IFCFACE((#1231));
#1233= IFCPOLYLOOP((#1183,#1188,#976,#981,#1196,#1201,#1206,#1211,#1216,#1221,#1226,#1178,#1177));
#1234= IFCFACEOUTERBOUND(#1233,.T.);
#1235= IFCFACE((#1234));
#1236= IFCPOLYLOOP((#1225,#1220,#1215,#1210,#1205,#1200,#1195,#980,#975,#1187,#1182,#1176,#1175));
#1237= IFCFACEOUTERBOUND(#1236,.T.);
#1238= IFCFACE((#1237));
#1239= IFCCLOSEDSHELL((#1181,#1186,#1191,#1194,#984,#1199,#1204,#1209,#1214,#1219,#1224,#1229,#1232,#1235,#1238));
#1240= IFCFACETEDBREP(#1239);
#1241= IFCSTYLEDITEM(#1240,(#847),$);
#1242= IFCSHAPEREPRESENTATION(#12,'Body','Brep',(#1240));
#1243= IFCPRODUCTDEFINITIONSHAPE($,$,(#1242));
#1244= IFCCARTESIANPOINT((42666.0012712706,29867.9832949536,16446.9993214104));
#1245= IFCAXIS2PLACEMENT3D(#1244,#925,#926);
#1246= IFCLOCALPLACEMENT(#42,#1245);
#1247= IFCPLATE('1cQN2Ac2j23usS8xcH_HWV',#44,'PLATE-8','PL8*84',$,#1246,#1243,'ID6669708a-982b-420f-8d9c-23b991f9181f');
#1248= IFCPLATETYPE('1Psv8MCqP9Auqwrvxi0nFa',#5,'PL8*84',$,$,$,$,$,$,.NOTDEFINED.);
#1249= IFCPROPERTYSINGLEVALUE('Bottom elevation',$,IFCLABEL(' +16.443'),$);
#1250= IFCPROPERTYSINGLEVALUE('Top elevation',$,IFCLABEL(' +16.451'),$);
#1251= IFCPROPERTYSINGLEVALUE('Preliminary mark',$,IFCLABEL('5-2-P68'),$);
#1252= IFCPROPERTYSET('0SMSsUQDTClwwbv$xIYpua',#5,'Tekla Common','Common Properties to Shared building elements',(#1249,#1250,#933,#1251,#935,#936));
#1253= IFCPROPERTYSINGLEVALUE('Weight',$,IFCMASSMEASURE(1.31),$);
#1254= IFCPROPERTYSINGLEVALUE('Gross footprint area',$,IFCAREAMEASURE(0.021),$);
#1255= IFCPROPERTYSINGLEVALUE('Area per tons',$,IFCAREAMEASURE(36.258),$);
#1256= IFCPROPERTYSINGLEVALUE('Net surface area',$,IFCAREAMEASURE(0.048),$);
#1257= IFCPROPERTYSINGLEVALUE('Height',$,IFCLENGTHMEASURE(84.),$);
#1258= IFCPROPERTYSINGLEVALUE('Length',$,IFCLENGTHMEASURE(300.),$);
#1259= IFCPROPERTYSET('04PQbRVxX07elKBK3ZCJ5J',#5,'Tekla Quantity','Quantity Properties to Shared building elements',(#1253,#939,#1254,#1255,#1256,#1257,#944,#1258));
#1260= IFCPROPERTYSINGLEVALUE('Reference',$,IFCIDENTIFIER('5-2-P68'),$);
#1261= IFCPROPERTYSET('30YOb3M8LDWhl6YE$5twQT',#5,'Pset_PlateCommon','Common Properties to plate elements',(#947,#1260));
#1262= IFCQUANTITYLENGTH('Width',$,$,83.9998780942221);
#1263= IFCQUANTITYAREA('NetArea',$,$,0.0475619100093225);
#1264= IFCQUANTITYAREA('GrossArea',$,$,0.0251999408438629);
#1265= IFCQUANTITYVOLUME('NetVolume',$,$,0.000167101442428839);
#1266= IFCQUANTITYVOLUME('GrossVolume',$,$,0.000167101442428839);
#1267= IFCELEMENTQUANTITY('2CcMENqTX2mR_Y0izj7ph5',#5,'BaseQuantities',$,$,(#1262,#1263,#1264,#953,#1265,#1266));
#1268= IFCCARTESIANPOINT((0.00638539413193939,-4.00000000016371,99.9982303906472));
#1269= IFCCARTESIANPOINT((0.00638539411011152,3.99999999983993,99.9982303906472));
#1270= IFCPOLYLOOP((#848,#1268,#1269,#851));
#1271= IFCFACEOUTERBOUND(#1270,.T.);
#1272= IFCFACE((#1271));
#1273= IFCCARTESIANPOINT((40.0191564082197,-4.0000000005457,299.998200918842));
#1274= IFCCARTESIANPOINT((40.0191564081906,3.99999999945794,299.998200918846));
#1275= IFCPOLYLOOP((#1268,#1273,#1274,#1269));
#1276= IFCFACEOUTERBOUND(#1275,.T.);
#1277= IFCFACE((#1276));
#1278= IFCCARTESIANPOINT((84.0190353403013,-4.00000000061118,299.998168948179));
#1279= IFCCARTESIANPOINT((84.0190353402795,3.99999999939246,299.998168948183));
#1280= IFCPOLYLOOP((#1273,#1278,#1279,#1274));
#1281= IFCFACEOUTERBOUND(#1280,.T.);
#1282= IFCFACE((#1281));
#1283= IFCCARTESIANPOINT((84.0011550983472,-4.00000000015643,19.999999959382));
#1284= IFCCARTESIANPOINT((84.0011550983254,3.9999999998472,19.9999999593856));
#1285= IFCPOLYLOOP((#1278,#1283,#1284,#1279));
#1286= IFCFACEOUTERBOUND(#1285,.T.);
#1287= IFCFACE((#1286));
#1288= IFCCARTESIANPOINT((80.0991675451878,-4.00000000014916,19.6159235954074));
#1289= IFCCARTESIANPOINT((80.099167545166,3.99999999985448,19.6159235954074));
#1290= IFCPOLYLOOP((#1283,#1288,#1289,#1284));
#1291= IFCFACEOUTERBOUND(#1290,.T.);
#1292= IFCFACE((#1291));
#1293= IFCCARTESIANPOINT((76.3470942537315,-4.00000000014552,18.4779571925974));
#1294= IFCCARTESIANPOINT((76.3470942537097,3.99999999985812,18.4779571925974));
#1295= IFCPOLYLOOP((#1288,#1293,#1294,#1289));
#1296= IFCFACEOUTERBOUND(#1295,.T.);
#1297= IFCFACE((#1296));
#1298= IFCCARTESIANPOINT((72.8891369825942,-4.00000000013461,16.6298357059386));
#1299= IFCCARTESIANPOINT((72.8891369825724,3.99999999986903,16.6298357059422));
#1300= IFCPOLYLOOP((#1293,#1298,#1299,#1294));
#1301= IFCFACEOUTERBOUND(#1300,.T.);
#1302= IFCFACE((#1301));
#1303= IFCCARTESIANPOINT((69.8581938606294,-4.00000000012369,14.1425871639076));
#1304= IFCCARTESIANPOINT((69.8581938606076,3.99999999987995,14.1425871639076));
#1305= IFCPOLYLOOP((#1298,#1303,#1304,#1299));
#1306= IFCFACEOUTERBOUND(#1305,.T.);
#1307= IFCFACE((#1306));
#1308= IFCCARTESIANPOINT((67.3707517724179,-4.00000000011642,11.1118028798737));
#1309= IFCCARTESIANPOINT((67.3707517724033,3.99999999988722,11.1118028798774));
#1310= IFCPOLYLOOP((#1303,#1308,#1309,#1304));
#1311= IFCFACEOUTERBOUND(#1310,.T.);
#1312= IFCFACE((#1311));
#1313= IFCCARTESIANPOINT((65.5224094698424,-4.00000000011278,7.65396363389664));
#1314= IFCCARTESIANPOINT((65.5224094698206,3.9999999998945,7.65396363390028));
#1315= IFCPOLYLOOP((#1308,#1313,#1314,#1309));
#1316= IFCFACEOUTERBOUND(#1315,.T.);
#1317= IFCFACE((#1316));
#1318= IFCCARTESIANPOINT((64.3842034678746,-4.00000000010186,3.90196301881224));
#1319= IFCCARTESIANPOINT((64.3842034678528,3.99999999990177,3.90196301881588));
#1320= IFCPOLYLOOP((#1313,#1318,#1319,#1314));
#1321= IFCFACEOUTERBOUND(#1320,.T.);
#1322= IFCFACE((#1321));
#1323= IFCPOLYLOOP((#1318,#905,#906,#1319));
#1324= IFCFACEOUTERBOUND(#1323,.T.);
#1325= IFCFACE((#1324));
#1326= IFCPOLYLOOP((#1274,#1279,#1284,#1289,#1294,#1299,#1304,#1309,#1314,#1319,#906,#851,#1269));
#1327= IFCFACEOUTERBOUND(#1326,.T.);
#1328= IFCFACE((#1327));
#1329= IFCPOLYLOOP((#905,#1318,#1313,#1308,#1303,#1298,#1293,#1288,#1283,#1278,#1273,#1268,#848));
#1330= IFCFACEOUTERBOUND(#1329,.T.);
#1331= IFCFACE((#1330));
#1332= IFCCLOSEDSHELL((#1272,#1277,#1282,#1287,#1292,#1297,#1302,#1307,#1312,#1317,#1322,#1325,#912,#1328,#1331));
#1333= IFCFACETEDBREP(#1332);
#1334= IFCSTYLEDITEM(#1333,(#847),$);
#1335= IFCSHAPEREPRESENTATION(#12,'Body','Brep',(#1333));
#1336= IFCPRODUCTDEFINITIONSHAPE($,$,(#1335));
#1337= IFCCARTESIANPOINT((42330.0012712708,29867.9832948999,16446.9993392204));
#1338= IFCAXIS2PLACEMENT3D(#1337,#925,#926);
#1339= IFCLOCALPLACEMENT(#42,#1338);
#1340= IFCPLATE('2p2GOWyZD3C85jAIexLVBC',#44,'PLATE-8','PL8*84',$,#1339,#1336,'IDb3090620-f233-4330-816d-292a3b55f2cc');
#1341= IFCQUANTITYLENGTH('Width',$,$,83.9998787626058);
#1342= IFCQUANTITYAREA('NetArea',$,$,0.0475619198599641);
#1343= IFCQUANTITYAREA('GrossArea',$,$,0.0252002604321281);
#1344= IFCQUANTITYVOLUME('NetVolume',$,$,0.000167101242013601);
#1345= IFCQUANTITYVOLUME('GrossVolume',$,$,0.000167101242013601);
#1346= IFCELEMENTQUANTITY('0H_JWTFfbA3w6sSLnhbgKk',#5,'BaseQuantities',$,$,(#1341,#1342,#1343,#953,#1344,#1345));
#1347= IFCCARTESIANPOINT((0.000724299810826778,-4.00000000003638,19.9999999868851));
#1348= IFCCARTESIANPOINT((0.0108644329884555,-4.0000000004984,299.99822997941));
#1349= IFCCARTESIANPOINT((0.0108644329884555,3.99999999950523,299.998229979399));
#1350= IFCCARTESIANPOINT((0.000724299803550821,3.99999999996726,19.9999999868742));
#1351= IFCPOLYLOOP((#1347,#1348,#1349,#1350));
#1352= IFCFACEOUTERBOUND(#1351,.T.);
#1353= IFCFACE((#1352));
#1354= IFCCARTESIANPOINT((228.010726925364,-4.00000000083674,299.998168944181));
#1355= IFCCARTESIANPOINT((228.010726925364,3.9999999991669,299.99816894417));
#1356= IFCPOLYLOOP((#1348,#1354,#1355,#1349));
#1357= IFCFACEOUTERBOUND(#1356,.T.);
#1358= IFCFACE((#1357));
#1359= IFCCARTESIANPOINT((228.000601199012,-4.00000000037471,19.999999986856));
#1360= IFCCARTESIANPOINT((228.000601199004,3.99999999962893,19.9999999868451));
#1361= IFCPOLYLOOP((#1354,#1359,#1360,#1355));
#1362= IFCFACEOUTERBOUND(#1361,.T.);
#1363= IFCFACE((#1362));
#1364= IFCCARTESIANPOINT((224.098692191517,-4.00000000037107,19.6158290634303));
#1365= IFCCARTESIANPOINT((224.09869219151,3.99999999963256,19.615829063423));
#1366= IFCPOLYLOOP((#1359,#1364,#1365,#1360));
#1367= IFCFACEOUTERBOUND(#1366,.T.);
#1368= IFCFACE((#1367));
#1369= IFCCARTESIANPOINT((220.346710445017,-4.00000000036016,18.4777982311971));
#1370= IFCCARTESIANPOINT((220.346710445017,3.99999999964348,18.4777982311862));
#1371= IFCPOLYLOOP((#1364,#1369,#1370,#1365));
#1372= IFCFACEOUTERBOUND(#1371,.T.);
#1373= IFCFACE((#1372));
#1374= IFCCARTESIANPOINT((216.88884913169,-4.00000000035288,16.6296433840907));
#1375= IFCCARTESIANPOINT((216.88884913169,3.99999999965075,16.6296433840798));
#1376= IFCPOLYLOOP((#1369,#1374,#1375,#1370));
#1377= IFCFACEOUTERBOUND(#1376,.T.);
#1378= IFCFACE((#1377));
#1379= IFCCARTESIANPOINT((213.857998021595,-4.00000000034561,14.1423913362196));
#1380= IFCCARTESIANPOINT((213.857998021595,3.99999999965803,14.1423913362123));
#1381= IFCPOLYLOOP((#1374,#1379,#1380,#1375));
#1382= IFCFACEOUTERBOUND(#1381,.T.);
#1383= IFCFACE((#1382));
#1384= IFCCARTESIANPOINT((211.370636369036,-4.00000000033833,11.1116301759612));
#1385= IFCCARTESIANPOINT((211.370636369029,3.99999999966531,11.1116301759503));
#1386= IFCPOLYLOOP((#1379,#1384,#1385,#1380));
#1387= IFCFACEOUTERBOUND(#1386,.T.);
#1388= IFCFACE((#1387));
#1389= IFCCARTESIANPOINT((209.522356474619,-4.00000000032742,7.65383570071572));
#1390= IFCCARTESIANPOINT((209.522356474619,3.99999999967622,7.6538357007048));
#1391= IFCPOLYLOOP((#1384,#1389,#1390,#1385));
#1392= IFCFACEOUTERBOUND(#1391,.T.);
#1393= IFCFACE((#1392));
#1394= IFCCARTESIANPOINT((208.384189958168,-4.00000000032014,3.90189511190329));
#1395= IFCCARTESIANPOINT((208.384189958168,3.9999999996835,3.90189511189237));
#1396= IFCPOLYLOOP((#1389,#1394,#1395,#1390));
#1397= IFCFACEOUTERBOUND(#1396,.T.);
#1398= IFCFACE((#1397));
#1399= IFCPOLYLOOP((#1394,#1096,#1097,#1395));
#1400= IFCFACEOUTERBOUND(#1399,.T.);
#1401= IFCFACE((#1400));
#1402= IFCCARTESIANPOINT((18.4776599438483,-4.00000000004366,7.65350135555491));
#1403= IFCCARTESIANPOINT((18.4776599438337,3.99999999995998,7.65350135554763));
#1404= IFCPOLYLOOP((#985,#1402,#1403,#986));
#1405= IFCFACEOUTERBOUND(#1404,.T.);
#1406= IFCFACE((#1405));
#1407= IFCCARTESIANPOINT((16.6295431442995,-4.00000000004729,11.1111788218986));
#1408= IFCCARTESIANPOINT((16.6295431442923,3.99999999995634,11.1111788218914));
#1409= IFCPOLYLOOP((#1402,#1407,#1408,#1403));
#1410= IFCFACEOUTERBOUND(#1409,.T.);
#1411= IFCFACE((#1410));
#1412= IFCCARTESIANPOINT((14.1423917000648,-4.00000000005093,14.1418795427744));
#1413= IFCCARTESIANPOINT((14.1423917000648,3.99999999995271,14.1418795427635));
#1414= IFCPOLYLOOP((#1407,#1412,#1413,#1408));
#1415= IFCFACEOUTERBOUND(#1414,.T.);
#1416= IFCFACE((#1415));
#1417= IFCCARTESIANPOINT((11.1117810533469,-4.00000000004729,16.6291407421668));
#1418= IFCCARTESIANPOINT((11.1117810533469,3.99999999995634,16.6291407421631));
#1419= IFCPOLYLOOP((#1412,#1417,#1418,#1413));
#1420= IFCFACEOUTERBOUND(#1419,.T.);
#1421= IFCFACE((#1420));
#1422= IFCCARTESIANPOINT((7.65417051879922,-4.00000000004729,18.4773827602694));
#1423= IFCCARTESIANPOINT((7.65417051879922,3.99999999995634,18.4773827602621));
#1424= IFCPOLYLOOP((#1417,#1422,#1423,#1418));
#1425= IFCFACEOUTERBOUND(#1424,.T.);
#1426= IFCFACE((#1425));
#1427= IFCCARTESIANPOINT((3.90242802313151,-4.00000000004366,19.615581957325));
#1428= IFCCARTESIANPOINT((3.90242802312423,3.99999999995998,19.6155819573141));
#1429= IFCPOLYLOOP((#1422,#1427,#1428,#1423));
#1430= IFCFACEOUTERBOUND(#1429,.T.);
#1431= IFCFACE((#1430));
#1432= IFCPOLYLOOP((#1427,#1347,#1350,#1428));
#1433= IFCFACEOUTERBOUND(#1432,.T.);
#1434= IFCFACE((#1433));
#1435= IFCPOLYLOOP((#1355,#1360,#1365,#1370,#1375,#1380,#1385,#1390,#1395,#1097,#981,#986,#1403,#1408,#1413,#1418,#1423,#1428,#1350,#1349));
#1436= IFCFACEOUTERBOUND(#1435,.T.);
#1437= IFCFACE((#1436));
#1438= IFCPOLYLOOP((#1427,#1422,#1417,#1412,#1407,#1402,#985,#980,#1096,#1394,#1389,#1384,#1379,#1374,#1369,#1364,#1359,#1354,#1348,#1347));
#1439= IFCFACEOUTERBOUND(#1438,.T.);
#1440= IFCFACE((#1439));
#1441= IFCCLOSEDSHELL((#1353,#1358,#1363,#1368,#1373,#1378,#1383,#1388,#1393,#1398,#1401,#1103,#989,#1406,#1411,#1416,#1421,#1426,#1431,#1434,#1437,#1440));
#1442= IFCFACETEDBREP(#1441);
#1443= IFCSTYLEDITEM(#1442,(#847),$);
#1444= IFCSHAPEREPRESENTATION(#12,'Body','Brep',(#1442));
#1445= IFCPRODUCTDEFINITIONSHAPE($,$,(#1444));
#1446= IFCCARTESIANPOINT((42426.0012712707,29867.9832949152,16446.9993341318));
#1447= IFCAXIS2PLACEMENT3D(#1446,#1154,#1155);
#1448= IFCLOCALPLACEMENT(#42,#1447);
#1449= IFCPLATE('2154MFV851cB3NdtUeOc4U',#44,'PLATE-8','PL8*228',$,#1448,#1445,'ID8114458f-7c81-4198-b0d7-9f77a862611e');
#1450= IFCPLATETYPE('0hmC5bI2nA6feoQj_brN6y',#5,'PL8*228',$,$,$,$,$,$,.NOTDEFINED.);
#1451= IFCPROPERTYSINGLEVALUE('Preliminary mark',$,IFCLABEL('5-2-P73'),$);
#1452= IFCPROPERTYSET('1yUJQxy7b3TvAlE2rgrwPe',#5,'Tekla Common','Common Properties to Shared building elements',(#1249,#1250,#933,#1451,#935,#936));
#1453= IFCPROPERTYSINGLEVALUE('Weight',$,IFCMASSMEASURE(4.26),$);
#1454= IFCPROPERTYSINGLEVALUE('Volume',$,IFCVOLUMEMEASURE(0.001),$);
#1455= IFCPROPERTYSINGLEVALUE('Gross footprint area',$,IFCAREAMEASURE(0.068),$);
#1456= IFCPROPERTYSINGLEVALUE('Area per tons',$,IFCAREAMEASURE(33.799),$);
#1457= IFCPROPERTYSINGLEVALUE('Net surface area',$,IFCAREAMEASURE(0.144),$);
#1458= IFCPROPERTYSINGLEVALUE('Height',$,IFCLENGTHMEASURE(228.),$);
#1459= IFCPROPERTYSET('2UJYXqrc9B7vyJN4FOYIM7',#5,'Tekla Quantity','Quantity Properties to Shared building elements',(#1453,#1454,#1455,#1456,#1457,#1458,#944,#1258));
#1460= IFCPROPERTYSINGLEVALUE('Reference',$,IFCIDENTIFIER('5-2-P73'),$);
#1461= IFCPROPERTYSET('3D9BPTmWzDDATtib1qqYRP',#5,'Pset_PlateCommon','Common Properties to plate elements',(#947,#1460));
#1462= IFCQUANTITYLENGTH('Width',$,$,227.999876755153);
#1463= IFCQUANTITYAREA('NetArea',$,$,0.14386033990956);
#1464= IFCQUANTITYAREA('GrossArea',$,$,0.0684012630495211);
#1465= IFCQUANTITYVOLUME('NetVolume',$,$,0.000542202092165453);
#1466= IFCQUANTITYVOLUME('GrossVolume',$,$,0.000542202092165453);
#1467= IFCELEMENTQUANTITY('29LqYr_jDFwRxY$ihyyKLo',#5,'BaseQuantities',$,$,(#1462,#1463,#1464,#953,#1465,#1466));
#1468= IFCSHAPEREPRESENTATION(#12,'Body','Brep',(#1240));
#1469= IFCPRODUCTDEFINITIONSHAPE($,$,(#1468));
#1470= IFCCARTESIANPOINT((42666.0013042332,29868.0031560346,17068.9993210948));
#1471= IFCAXIS2PLACEMENT3D(#1470,#925,#926);
#1472= IFCLOCALPLACEMENT(#42,#1471);
#1473= IFCPLATE('3lXsClpLL1tvLUHYvFgwZm',#44,'PLATE-8','PL8*84',$,#1472,#1469,'IDef87632f-cd55-41df-955e-462e4faba8f0');
#1474= IFCPROPERTYSINGLEVALUE('Bottom elevation',$,IFCLABEL(' +17.065'),$);
#1475= IFCPROPERTYSINGLEVALUE('Top elevation',$,IFCLABEL(' +17.073'),$);
#1476= IFCPROPERTYSET('0B_bXgKdDFBexkxU1x3yyl',#5,'Tekla Common','Common Properties to Shared building elements',(#1474,#1475,#933,#1251,#935,#936));
#1477= IFCSHAPEREPRESENTATION(#12,'Body','Brep',(#1333));
#1478= IFCPRODUCTDEFINITIONSHAPE($,$,(#1477));
#1479= IFCCARTESIANPOINT((42330.0013042333,29868.0031559809,17068.9993389048));
#1480= IFCAXIS2PLACEMENT3D(#1479,#925,#926);
#1481= IFCLOCALPLACEMENT(#42,#1480);
#1482= IFCPLATE('3xawYEfGH7FfJnmYk5QO4V',#44,'PLATE-8','PL8*84',$,#1481,#1478,'IDfb93a88e-a504-473e-94f1-c22b8569811f');
#1483= IFCSHAPEREPRESENTATION(#12,'Body','Brep',(#1442));
#1484= IFCPRODUCTDEFINITIONSHAPE($,$,(#1483));
#1485= IFCCARTESIANPOINT((42426.0013042333,29868.0031559962,17068.9993338162));
#1486= IFCAXIS2PLACEMENT3D(#1485,#1154,#1155);
#1487= IFCLOCALPLACEMENT(#42,#1486);
#1488= IFCPLATE('0$qi1SLvj2GBE5RYfcGEFv',#44,'PLATE-8','PL8*228',$,#1487,#1484,'ID3fd2c05c-579b-4240-b385-6e2a6640e3f9');
#1489= IFCPROPERTYSINGLEVALUE('Preliminary mark',$,IFCLABEL('5-2-P48(?)'),$);
#1490= IFCPROPERTYSET('3b3FvHt$vDuecgdsHSF39N',#5,'Tekla Common','Common Properties to Shared building elements',(#1474,#1475,#933,#1489,#935,#936));
#1491= IFCPROPERTYSINGLEVALUE('Reference',$,IFCIDENTIFIER('5-2-P48'),$);
#1492= IFCPROPERTYSET('0OdJvEcKj2UeQYcTWxugWX',#5,'Pset_PlateCommon','Common Properties to plate elements',(#947,#1491));
#1493= IFCSHAPEREPRESENTATION(#12,'Body','Brep',(#920));
#1494= IFCPRODUCTDEFINITIONSHAPE($,$,(#1493));
#1495= IFCCARTESIANPOINT((42330.0013148323,29868.0095421805,17268.9993388033));
#1496= IFCAXIS2PLACEMENT3D(#1495,#925,#926);
#1497= IFCLOCALPLACEMENT(#42,#1496);
#1498= IFCPLATE('3JLlg_DGfFxvXxp_0XJFD$',#44,'PLATE-8','PL8*80',$,#1497,#1494,'IDd356fabe-350a-4fef-987b-cfe0214cf37f');
#1499= IFCPROPERTYSINGLEVALUE('Bottom elevation',$,IFCLABEL(' +17.265'),$);
#1500= IFCPROPERTYSINGLEVALUE('Top elevation',$,IFCLABEL(' +17.273'),$);
#1501= IFCPROPERTYSET('3Ix1HUQNPECuM9HzPrBlg6',#5,'Tekla Common','Common Properties to Shared building elements',(#1499,#1500,#933,#934,#935,#936));
#1502= IFCSHAPEREPRESENTATION(#12,'Body','Brep',(#1030));
#1503= IFCPRODUCTDEFINITIONSHAPE($,$,(#1502));
#1504= IFCCARTESIANPOINT((42666.0013148322,29868.0095422343,17268.9993209933));
#1505= IFCAXIS2PLACEMENT3D(#1504,#925,#926);
#1506= IFCLOCALPLACEMENT(#42,#1505);
#1507= IFCPLATE('0reodpDnH9OA_J5SYMlZZF',#44,'PLATE-8','PL8*80',$,#1506,#1503,'ID35a329f3-3714-4960-af93-15c896be38cf');
#1508= IFCSHAPEREPRESENTATION(#12,'Body','Brep',(#1149));
#1509= IFCPRODUCTDEFINITIONSHAPE($,$,(#1508));
#1510= IFCCARTESIANPOINT((42426.0013148323,29868.0095421959,17268.9993337147));
#1511= IFCAXIS2PLACEMENT3D(#1510,#1154,#1155);
#1512= IFCLOCALPLACEMENT(#42,#1511);
#1513= IFCPLATE('2rBwXsjvDC5f8UvX$dRt6a',#44,'PLATE-8','PL8*80',$,#1512,#1509,'IDb52fa876-b793-4c16-921e-e61fe76f71a4');
#1514= IFCPROPERTYSET('2XcNFze292tAbvPnCoTB5g',#5,'Tekla Common','Common Properties to Shared building elements',(#1499,#1500,#933,#1159,#935,#936));
#1515= IFCCOLOURRGB('Light Gray',0.615686274509804,0.615686274509804,0.611764705882353);
#1516= IFCSURFACESTYLERENDERING(#1515,0.,$,$,$,$,IFCNORMALISEDRATIOMEASURE(0.00390625),IFCSPECULAREXPONENT(10.),.NOTDEFINED.);
#1517= IFCSURFACESTYLE('STEEL/S275',.POSITIVE.,(#1516));
#1518= IFCPRESENTATIONSTYLEASSIGNMENT((#1517));
#1519= IFCCARTESIANPOINT((0.,1.,3.63797880709171E-12));
#1520= IFCCARTESIANPOINT((2.74629055638798E-05,8.99999999999272,7.99999999998909));
#1521= IFCCARTESIANPOINT((440.000024414905,9.00000000074579,7.99999999936699));
#1522= IFCCARTESIANPOINT((440.000000001113,1.00000000075306,-6.18456397205591E-10));
#1523= IFCPOLYLOOP((#1519,#1520,#1521,#1522));
#1524= IFCFACEOUTERBOUND(#1523,.T.);
#1525= IFCFACE((#1524));
#1526= IFCCARTESIANPOINT((440.00000000112,-0.999999999246938,-6.14818418398499E-10));
#1527= IFCCARTESIANPOINT((440.000024414898,-8.99999999926513,7.99999999938882));
#1528= IFCCARTESIANPOINT((2.74628910119645E-05,-9.00000000001819,8.00000000001091));
#1529= IFCCARTESIANPOINT((0.,-1.,7.27595761418343E-12));
#1530= IFCPOLYLOOP((#1526,#1527,#1528,#1529));
#1531= IFCFACEOUTERBOUND(#1530,.T.);
#1532= IFCFACE((#1531));
#1533= IFCCARTESIANPOINT((0.00120151523879031,-9.0000000005748,350.003875732215));
#1534= IFCCARTESIANPOINT((0.00120151525334222,8.99999999942884,350.003875732193));
#1535= IFCPOLYLOOP((#1529,#1528,#1533,#1534,#1520,#1519));
#1536= IFCFACEOUTERBOUND(#1535,.T.);
#1537= IFCFACE((#1536));
#1538= IFCCARTESIANPOINT((440.001068116151,-8.99999999982174,350.003875731592));
#1539= IFCCARTESIANPOINT((440.001068116166,9.0000000001819,350.003875731571));
#1540= IFCPOLYLOOP((#1533,#1538,#1539,#1534));
#1541= IFCFACEOUTERBOUND(#1540,.T.);
#1542= IFCFACE((#1541));
#1543= IFCPOLYLOOP((#1539,#1538,#1527,#1526,#1522,#1521));
#1544= IFCFACEOUTERBOUND(#1543,.T.);
#1545= IFCFACE((#1544));
#1546= IFCPOLYLOOP((#1526,#1529,#1519,#1522));
#1547= IFCFACEOUTERBOUND(#1546,.T.);
#1548= IFCFACE((#1547));
#1549= IFCPOLYLOOP((#1534,#1539,#1521,#1520));
#1550= IFCFACEOUTERBOUND(#1549,.T.);
#1551= IFCFACE((#1550));
#1552= IFCPOLYLOOP((#1538,#1533,#1528,#1527));
#1553= IFCFACEOUTERBOUND(#1552,.T.);
#1554= IFCFACE((#1553));
#1555= IFCCLOSEDSHELL((#1525,#1532,#1537,#1542,#1545,#1548,#1551,#1554));
#1556= IFCFACETEDBREP(#1555);
#1557= IFCSTYLEDITEM(#1556,(#1518),$);
#1558= IFCSHAPEREPRESENTATION(#12,'Body','Brep',(#1556));
#1559= IFCPRODUCTDEFINITIONSHAPE($,$,(#1558));
#1560= IFCCARTESIANPOINT((42320.001156843,29867.9858194114,16620.999339759));
#1561= IFCDIRECTION((-1.39370016840985E-05,0.999999999393086,-3.19310000122641E-05));
#1562= IFCAXIS2PLACEMENT3D(#1560,#1561,#829);
#1563= IFCLOCALPLACEMENT(#42,#1562);
#1564= IFCPLATE('2AROrxq1DD78miK6EvXhyP',#44,'PLATE-18','PL18*350',$,#1563,#1559,'ID8a6d8d7b-d013-4d1c-8c2c-5063b986bf19');
#1565= IFCPLATETYPE('0J0oHSnPv73OIYHO546JvJ',#5,'PL18*350',$,$,$,$,$,$,.NOTDEFINED.);
#1566= IFCPROPERTYSINGLEVALUE('Bottom elevation',$,IFCLABEL(' +16.612'),$);
#1567= IFCPROPERTYSINGLEVALUE('Top elevation',$,IFCLABEL(' +16.630'),$);
#1568= IFCPROPERTYSINGLEVALUE('Preliminary mark',$,IFCLABEL('5-2-P84'),$);
#1569= IFCPROPERTYSINGLEVALUE('Class',$,IFCLABEL('15'),$);
#1570= IFCPROPERTYSET('3smJbZT0PC3gfJldQ6wObE',#5,'Tekla Common','Common Properties to Shared building elements',(#1566,#1567,#933,#1568,#935,#1569));
#1571= IFCPROPERTYSINGLEVALUE('Weight',$,IFCMASSMEASURE(21.54),$);
#1572= IFCPROPERTYSINGLEVALUE('Volume',$,IFCVOLUMEMEASURE(0.003),$);
#1573= IFCPROPERTYSINGLEVALUE('Gross footprint area',$,IFCAREAMEASURE(0.154),$);
#1574= IFCPROPERTYSINGLEVALUE('Area per tons',$,IFCAREAMEASURE(15.423),$);
#1575= IFCPROPERTYSINGLEVALUE('Net surface area',$,IFCAREAMEASURE(0.332),$);
#1576= IFCPROPERTYSINGLEVALUE('Height',$,IFCLENGTHMEASURE(350.),$);
#1577= IFCPROPERTYSINGLEVALUE('Width',$,IFCLENGTHMEASURE(18.),$);
#1578= IFCPROPERTYSINGLEVALUE('Length',$,IFCLENGTHMEASURE(440.),$);
#1579= IFCPROPERTYSET('2xv78Moj5B6x3eK4f_Nk7m',#5,'Tekla Quantity','Quantity Properties to Shared building elements',(#1571,#1572,#1573,#1574,#1575,#1576,#1577,#1578));
#1580= IFCPROPERTYSINGLEVALUE('Reference',$,IFCIDENTIFIER('5-2-P84'),$);
#1581= IFCPROPERTYSET('2jccxasMX0vfqCO5yZvGIH',#5,'Pset_PlateCommon','Common Properties to plate elements',(#947,#1580));
#1582= IFCQUANTITYLENGTH('Width',$,$,350.003875732422);
#1583= IFCQUANTITYAREA('NetArea',$,$,0.332191564548176);
#1584= IFCQUANTITYAREA('GrossArea',$,$,0.154002079166737);
#1585= IFCQUANTITYAREA('CrossSectionArea',$,$,0.000324);
#1586= IFCQUANTITYVOLUME('NetVolume',$,$,0.00274387027565054);
#1587= IFCQUANTITYVOLUME('GrossVolume',$,$,0.00277203027557486);
#1588= IFCELEMENTQUANTITY('3qVR95Z8L2jx9On_MfwsVZ',#5,'BaseQuantities',$,$,(#1582,#1583,#1584,#1585,#1586,#1587));
#1589= IFCSHAPEREPRESENTATION(#12,'Body','Brep',(#1556));
#1590= IFCPRODUCTDEFINITIONSHAPE($,$,(#1589));
#1591= IFCCARTESIANPOINT((42320.0011713637,29867.994568505,16894.9993396199));
#1592= IFCAXIS2PLACEMENT3D(#1591,#1561,#829);
#1593= IFCLOCALPLACEMENT(#42,#1592);
#1594= IFCPLATE('0icCR7DfTBMhd7I0Fp5Qcb',#44,'PLATE-18','PL18*350',$,#1593,#1590,'ID2c98c6c7-3697-4b5a-b9c7-4803f315a9a5');
#1595= IFCPROPERTYSINGLEVALUE('Bottom elevation',$,IFCLABEL(' +16.886'),$);
#1596= IFCPROPERTYSINGLEVALUE('Top elevation',$,IFCLABEL(' +16.904'),$);
#1597= IFCPROPERTYSET('1yRm7MEhvEHhWY45f7382X',#5,'Tekla Common','Common Properties to Shared building elements',(#1595,#1596,#933,#1568,#935,#1569));
#1598= IFCCOLOURRGB('Light Red',0.905882352941176,0.325490196078431,0.36078431372549);
#1599= IFCSURFACESTYLERENDERING(#1598,0.,$,$,$,$,IFCNORMALISEDRATIOMEASURE(0.00390625),IFCSPECULAREXPONENT(10.),.NOTDEFINED.);
#1600= IFCSURFACESTYLE('STEEL/S275',.POSITIVE.,(#1599));
#1601= IFCPRESENTATIONSTYLEASSIGNMENT((#1600));
#1602= IFCCARTESIANPOINT((-2.84126144833863E-09,-6.00000000088039,455.000000000215));
#1603= IFCCARTESIANPOINT((-4.08908817917109E-09,-6.00000000126602,655.000000002201));
#1604= IFCCARTESIANPOINT((-4.10727807320654E-09,5.99999999875581,655.000000002201));
#1605= IFCCARTESIANPOINT((-2.86308932118118E-09,5.99999999914144,455.000000000218));
#1606= IFCPOLYLOOP((#1602,#1603,#1604,#1605));
#1607= IFCFACEOUTERBOUND(#1606,.T.);
#1608= IFCFACE((#1607));
#1609= IFCCARTESIANPOINT((289.998321525149,-6.0000000013024,655.000000002514));
#1610= IFCCARTESIANPOINT((289.998321525127,5.99999999871943,655.000000002514));
#1611= IFCPOLYLOOP((#1603,#1609,#1610,#1604));
#1612= IFCFACEOUTERBOUND(#1611,.T.);
#1613= IFCFACE((#1612));
#1614= IFCCARTESIANPOINT((290.454088934795,-6.00000000129512,649.790554672487));
#1615= IFCCARTESIANPOINT((290.454088934781,5.99999999872671,649.790554672491));
#1616= IFCPOLYLOOP((#1609,#1614,#1615,#1610));
#1617= IFCFACEOUTERBOUND(#1616,.T.);
#1618= IFCFACE((#1617));
#1619= IFCCARTESIANPOINT((291.807542901606,-6.00000000128057,644.739395702716));
#1620= IFCCARTESIANPOINT((291.807542901584,5.99999999874126,644.73939570272));
#1621= IFCPOLYLOOP((#1614,#1619,#1620,#1615));
#1622= IFCFACEOUTERBOUND(#1621,.T.);
#1623= IFCFACE((#1622));
#1624= IFCCARTESIANPOINT((294.017559411666,-6.00000000126602,640.000000002477));
#1625= IFCCARTESIANPOINT((294.017559411644,5.99999999875581,640.000000002477));
#1626= IFCPOLYLOOP((#1619,#1624,#1625,#1620));
#1627= IFCFACEOUTERBOUND(#1626,.T.);
#1628= IFCFACE((#1627));
#1629= IFCCARTESIANPOINT((297.016988231651,-6.00000000125874,635.716371711875));
#1630= IFCCARTESIANPOINT((297.01698823163,5.99999999875581,635.716371711878));
#1631= IFCPOLYLOOP((#1624,#1629,#1630,#1625));
#1632= IFCFACEOUTERBOUND(#1631,.T.);
#1633= IFCFACE((#1632));
#1634= IFCCARTESIANPOINT((300.71469323464,-6.00000000125874,632.0186667089));
#1635= IFCCARTESIANPOINT((300.714693234619,5.99999999876309,632.018666708904));
#1636= IFCPOLYLOOP((#1629,#1634,#1635,#1630));
#1637= IFCFACEOUTERBOUND(#1636,.T.);
#1638= IFCFACE((#1637));
#1639= IFCCARTESIANPOINT((304.998321525254,-6.00000000125146,629.019237888941));
#1640= IFCCARTESIANPOINT((304.998321525232,5.99999999876309,629.019237888944));
#1641= IFCPOLYLOOP((#1634,#1639,#1640,#1635));
#1642= IFCFACEOUTERBOUND(#1641,.T.);
#1643= IFCFACE((#1642));
#1644= IFCCARTESIANPOINT((309.737717225496,-6.00000000124419,626.809221378913));
#1645= IFCCARTESIANPOINT((309.737717225482,5.99999999877036,626.809221378913));
#1646= IFCPOLYLOOP((#1639,#1644,#1645,#1640));
#1647= IFCFACEOUTERBOUND(#1646,.T.);
#1648= IFCFACE((#1647));
#1649= IFCCARTESIANPOINT((314.788876195271,-6.00000000124419,625.455767412139));
#1650= IFCCARTESIANPOINT((314.788876195253,5.99999999877036,625.455767412142));
#1651= IFCPOLYLOOP((#1644,#1649,#1650,#1645));
#1652= IFCFACEOUTERBOUND(#1651,.T.);
#1653= IFCFACE((#1652));
#1654= IFCCARTESIANPOINT((319.998321525283,-6.00000000124419,625.000000002528));
#1655= IFCCARTESIANPOINT((319.998321525265,5.99999999877036,625.000000002532));
#1656= IFCPOLYLOOP((#1649,#1654,#1655,#1650));
#1657= IFCFACEOUTERBOUND(#1656,.T.);
#1658= IFCFACE((#1657));
#1659= IFCCARTESIANPOINT((319.99832152919,-6.00000000003638,3.45607986673713E-10));
#1660= IFCCARTESIANPOINT((319.998321529172,5.99999999997817,3.47426976077259E-10));
#1661= IFCPOLYLOOP((#1654,#1659,#1660,#1655));
#1662= IFCFACEOUTERBOUND(#1661,.T.);
#1663= IFCFACE((#1662));
#1664= IFCCARTESIANPOINT((199.999999999643,-6.00000000002183,2.14640749618411E-10));
#1665= IFCCARTESIANPOINT((199.999999999629,5.99999999999272,2.18278728425503E-10));
#1666= IFCPOLYLOOP((#1659,#1664,#1665,#1660));
#1667= IFCFACEOUTERBOUND(#1666,.T.);
#1668= IFCFACE((#1667));
#1669= IFCPOLYLOOP((#1664,#1602,#1605,#1665));
#1670= IFCFACEOUTERBOUND(#1669,.T.);
#1671= IFCFACE((#1670));
#1672= IFCPOLYLOOP((#1610,#1615,#1620,#1625,#1630,#1635,#1640,#1645,#1650,#1655,#1660,#1665,#1605,#1604));
#1673= IFCFACEOUTERBOUND(#1672,.T.);
#1674= IFCFACE((#1673));
#1675= IFCPOLYLOOP((#1664,#1659,#1654,#1649,#1644,#1639,#1634,#1629,#1624,#1619,#1614,#1609,#1603,#1602));
#1676= IFCFACEOUTERBOUND(#1675,.T.);
#1677= IFCFACE((#1676));
#1678= IFCCLOSEDSHELL((#1608,#1613,#1618,#1623,#1628,#1633,#1638,#1643,#1648,#1653,#1658,#1663,#1668,#1671,#1674,#1677));
#1679= IFCFACETEDBREP(#1678);
#1680= IFCSTYLEDITEM(#1679,(#1601),$);
#1681= IFCSHAPEREPRESENTATION(#12,'Body','Brep',(#1679));
#1682= IFCPRODUCTDEFINITIONSHAPE($,$,(#1681));
#1683= IFCCARTESIANPOINT((42419.9994396894,30187.9657756815,15956.9891168389));
#1684= IFCDIRECTION((5.30000033904799E-08,3.19310003142164E-05,0.999999999490204));
#1685= IFCDIRECTION((5.64300001214982E-06,-0.999999999474284,3.1931000012839E-05));
#1686= IFCAXIS2PLACEMENT3D(#1683,#1684,#1685);
#1687= IFCLOCALPLACEMENT(#42,#1686);
#1688= IFCPLATE('0xX0_w5Cj0XhWmlMnBVfgB',#44,'PLATE-12','PL12*320',$,#1687,#1682,'ID3b840fba-14cb-4086-b830-bd6c4b7e9a8b');
#1689= IFCPLATETYPE('17s3YNY251qhZYtmzkc8zH',#5,'PL12*320',$,$,$,$,$,$,.NOTDEFINED.);
#1690= IFCPROPERTYSINGLEVALUE('Bottom elevation',$,IFCLABEL(' +15.957'),$);
#1691= IFCPROPERTYSINGLEVALUE('Top elevation',$,IFCLABEL(' +16.612'),$);
#1692= IFCPROPERTYSINGLEVALUE('Preliminary mark',$,IFCLABEL('5-2-P24'),$);
#1693= IFCPROPERTYSINGLEVALUE('Class',$,IFCLABEL('16'),$);
#1694= IFCPROPERTYSET('1zuGOKIuz7kxG0EQhsgckx',#5,'Tekla Common','Common Properties to Shared building elements',(#1690,#1691,#933,#1692,#935,#1693));
#1695= IFCPROPERTYSINGLEVALUE('Weight',$,IFCMASSMEASURE(15.39),$);
#1696= IFCPROPERTYSINGLEVALUE('Volume',$,IFCVOLUMEMEASURE(0.002),$);
#1697= IFCPROPERTYSINGLEVALUE('Gross footprint area',$,IFCAREAMEASURE(0.003),$);
#1698= IFCPROPERTYSINGLEVALUE('Area per tons',$,IFCAREAMEASURE(22.618),$);
#1699= IFCPROPERTYSINGLEVALUE('Net surface area',$,IFCAREAMEASURE(0.348),$);
#1700= IFCPROPERTYSINGLEVALUE('Height',$,IFCLENGTHMEASURE(320.),$);
#1701= IFCPROPERTYSINGLEVALUE('Width',$,IFCLENGTHMEASURE(12.),$);
#1702= IFCPROPERTYSINGLEVALUE('Length',$,IFCLENGTHMEASURE(655.),$);
#1703= IFCPROPERTYSET('3kEVQS4iz2xxIgY1gu2Gkr',#5,'Tekla Quantity','Quantity Properties to Shared building elements',(#1695,#1696,#1697,#1698,#1699,#1700,#1701,#1702));
#1704= IFCPROPERTYSINGLEVALUE('Reference',$,IFCIDENTIFIER('5-2-P24'),$);
#1705= IFCPROPERTYSET('0rq2ZSNn9EQxwyVNivg3Vf',#5,'Pset_PlateCommon','Common Properties to plate elements',(#947,#1704));
#1706= IFCQUANTITYLENGTH('Width',$,$,319.998321529147);
#1707= IFCQUANTITYAREA('NetArea',$,$,0.348140173051687);
#1708= IFCQUANTITYAREA('GrossArea',$,$,0.209598900603212);
#1709= IFCQUANTITYAREA('CrossSectionArea',$,$,0.000144);
#1710= IFCQUANTITYVOLUME('NetVolume',$,$,0.00196074750579652);
#1711= IFCQUANTITYVOLUME('GrossVolume',$,$,0.00196074750579652);
#1712= IFCELEMENTQUANTITY('0RZCeY5A1F2xkw8Vb_WiYT',#5,'BaseQuantities',$,$,(#1706,#1707,#1708,#1709,#1710,#1711));
#1713= IFCSHAPEREPRESENTATION(#12,'Body','Brep',(#1679));
#1714= IFCPRODUCTDEFINITIONSHAPE($,$,(#1713));
#1715= IFCCARTESIANPOINT((42659.9993159593,30187.9696598777,15956.9891039935));
#1716= IFCAXIS2PLACEMENT3D(#1715,#1684,#1685);
#1717= IFCLOCALPLACEMENT(#42,#1716);
#1718= IFCPLATE('23_yZ1aN12Ye1bDiF_ZrA5',#44,'PLATE-12','PL12*320',$,#1717,#1714,'ID83fbc8c1-9170-428a-8065-36c3fe8f5285');
#1719= IFCCARTESIANPOINT((3.63797880709171E-12,-6.,0.));
#1720= IFCCARTESIANPOINT((-2.33558239415288E-09,-6.00000000038563,200.000000001968));
#1721= IFCCARTESIANPOINT((-2.35741026699543E-09,5.99999999962893,200.000000001972));
#1722= IFCCARTESIANPOINT((-7.27595761418343E-12,6.00000000001455,0.));
#1723= IFCPOLYLOOP((#1719,#1720,#1721,#1722));
#1724= IFCFACEOUTERBOUND(#1723,.T.);
#1725= IFCFACE((#1724));
#1726= IFCCARTESIANPOINT((219.999999991942,-6.00000000129512,655.000000002023));
#1727= IFCCARTESIANPOINT((219.999999991924,5.99999999872671,655.000000002026));
#1728= IFCPOLYLOOP((#1720,#1726,#1727,#1721));
#1729= IFCFACEOUTERBOUND(#1728,.T.);
#1730= IFCFACE((#1729));
#1731= IFCCARTESIANPOINT((319.998321521536,-6.0000000013024,655.00000000195));
#1732= IFCCARTESIANPOINT((319.998321521518,5.99999999871216,655.00000000195));
#1733= IFCPOLYLOOP((#1726,#1731,#1732,#1727));
#1734= IFCFACEOUTERBOUND(#1733,.T.);
#1735= IFCFACE((#1734));
#1736= IFCCARTESIANPOINT((319.998321528859,-6.00000000009459,29.9999999997708));
#1737= IFCCARTESIANPOINT((319.998321528841,5.99999999992724,29.9999999997744));
#1738= IFCPOLYLOOP((#1731,#1736,#1737,#1732));
#1739= IFCFACEOUTERBOUND(#1738,.T.);
#1740= IFCFACE((#1739));
#1741= IFCCARTESIANPOINT((314.788876198894,-6.00000000009459,29.5442325900985));
#1742= IFCCARTESIANPOINT((314.788876198876,5.99999999991996,29.5442325900985));
#1743= IFCPOLYLOOP((#1736,#1741,#1742,#1737));
#1744= IFCFACEOUTERBOUND(#1743,.T.);
#1745= IFCFACE((#1744));
#1746= IFCCARTESIANPOINT((309.737717229185,-6.00000000008731,28.1907786232805));
#1747= IFCCARTESIANPOINT((309.737717229164,5.99999999993452,28.1907786232841));
#1748= IFCPOLYLOOP((#1741,#1746,#1747,#1742));
#1749= IFCFACEOUTERBOUND(#1748,.T.);
#1750= IFCFACE((#1749));
#1751= IFCCARTESIANPOINT((304.998321529012,-6.00000000008731,25.9807621132204));
#1752= IFCCARTESIANPOINT((304.998321528994,5.99999999993452,25.980762113224));
#1753= IFCPOLYLOOP((#1746,#1751,#1752,#1747));
#1754= IFCFACEOUTERBOUND(#1753,.T.);
#1755= IFCFACE((#1754));
#1756= IFCCARTESIANPOINT((300.714693238475,-6.00000000008004,22.9813332932572));
#1757= IFCCARTESIANPOINT((300.714693238457,5.99999999994179,22.9813332932608));
#1758= IFCPOLYLOOP((#1751,#1756,#1757,#1752));
#1759= IFCFACEOUTERBOUND(#1758,.T.);
#1760= IFCFACE((#1759));
#1761= IFCCARTESIANPOINT((297.016988235555,-6.00000000008004,19.2836282902863));
#1762= IFCCARTESIANPOINT((297.016988235533,5.99999999994179,19.2836282902899));
#1763= IFCPOLYLOOP((#1756,#1761,#1762,#1757));
#1764= IFCFACEOUTERBOUND(#1763,.T.);
#1765= IFCFACE((#1764));
#1766= IFCCARTESIANPOINT((294.017559415639,-6.00000000005821,14.9999999997017));
#1767= IFCCARTESIANPOINT((294.017559415621,5.99999999995634,14.9999999997053));
#1768= IFCPOLYLOOP((#1761,#1766,#1767,#1762));
#1769= IFCFACEOUTERBOUND(#1768,.T.);
#1770= IFCFACE((#1769));
#1771= IFCCARTESIANPOINT((291.807542905637,-6.00000000005093,10.2606042994921));
#1772= IFCCARTESIANPOINT((291.807542905619,5.99999999996362,10.2606042994958));
#1773= IFCPOLYLOOP((#1766,#1771,#1772,#1767));
#1774= IFCFACEOUTERBOUND(#1773,.T.);
#1775= IFCFACE((#1774));
#1776= IFCCARTESIANPOINT((290.454088938881,-6.00000000005093,5.20944532975773));
#1777= IFCCARTESIANPOINT((290.454088938863,5.9999999999709,5.20944532976137));
#1778= IFCPOLYLOOP((#1771,#1776,#1777,#1772));
#1779= IFCFACEOUTERBOUND(#1778,.T.);
#1780= IFCFACE((#1779));
#1781= IFCCARTESIANPOINT((289.998321529267,-6.0000000000291,-2.18278728425503E-10));
#1782= IFCCARTESIANPOINT((289.998321529249,5.99999999998545,-2.18278728425503E-10));
#1783= IFCPOLYLOOP((#1776,#1781,#1782,#1777));
#1784= IFCFACEOUTERBOUND(#1783,.T.);
#1785= IFCFACE((#1784));
#1786= IFCPOLYLOOP((#1781,#1719,#1722,#1782));
#1787= IFCFACEOUTERBOUND(#1786,.T.);
#1788= IFCFACE((#1787));
#1789= IFCPOLYLOOP((#1727,#1732,#1737,#1742,#1747,#1752,#1757,#1762,#1767,#1772,#1777,#1782,#1722,#1721));
#1790= IFCFACEOUTERBOUND(#1789,.T.);
#1791= IFCFACE((#1790));
#1792= IFCPOLYLOOP((#1781,#1776,#1771,#1766,#1761,#1756,#1751,#1746,#1741,#1736,#1731,#1726,#1720,#1719));
#1793= IFCFACEOUTERBOUND(#1792,.T.);
#1794= IFCFACE((#1793));
#1795= IFCCLOSEDSHELL((#1725,#1730,#1735,#1740,#1745,#1750,#1755,#1760,#1765,#1770,#1775,#1780,#1785,#1788,#1791,#1794));
#1796= IFCFACETEDBREP(#1795);
#1797= IFCSTYLEDITEM(#1796,(#1601),$);
#1798= IFCSHAPEREPRESENTATION(#12,'Body','Brep',(#1796));
#1799= IFCPRODUCTDEFINITIONSHAPE($,$,(#1798));
#1800= IFCCARTESIANPOINT((42419.9994898758,30187.996014337,16903.9891163584));
#1801= IFCAXIS2PLACEMENT3D(#1800,#1684,#1685);
#1802= IFCLOCALPLACEMENT(#42,#1801);
#1803= IFCPLATE('0CfI4WzCf3UgxvBrFMuBUK',#44,'PLATE-12','PL12*320',$,#1802,#1799,'ID0ca52120-f4ca-437a-aef9-2f53d6e0b794');
#1804= IFCPROPERTYSINGLEVALUE('Bottom elevation',$,IFCLABEL(' +16.904'),$);
#1805= IFCPROPERTYSINGLEVALUE('Top elevation',$,IFCLABEL(' +17.559'),$);
#1806= IFCPROPERTYSINGLEVALUE('Preliminary mark',$,IFCLABEL('5-2-P23(?)'),$);
#1807= IFCPROPERTYSET('1TOx3TxeL3JOLmOp1CMeNn',#5,'Tekla Common','Common Properties to Shared building elements',(#1804,#1805,#933,#1806,#935,#1693));
#1808= IFCPROPERTYSINGLEVALUE('Weight',$,IFCMASSMEASURE(14.96),$);
#1809= IFCPROPERTYSINGLEVALUE('Gross footprint area',$,IFCAREAMEASURE(0.001),$);
#1810= IFCPROPERTYSINGLEVALUE('Area per tons',$,IFCAREAMEASURE(22.649),$);
#1811= IFCPROPERTYSINGLEVALUE('Net surface area',$,IFCAREAMEASURE(0.339),$);
#1812= IFCPROPERTYSET('38MPXT9ITFZvxwp0sFAa2r',#5,'Tekla Quantity','Quantity Properties to Shared building elements',(#1808,#1696,#1809,#1810,#1811,#1700,#1701,#1702));
#1813= IFCPROPERTYSINGLEVALUE('Reference',$,IFCIDENTIFIER('5-2-P23'),$);
#1814= IFCPROPERTYSET('1$_WaD8oD2eu_tprKPj5q7',#5,'Pset_PlateCommon','Common Properties to plate elements',(#947,#1813));
#1815= IFCQUANTITYLENGTH('Width',$,$,319.998321531819);
#1816= IFCQUANTITYAREA('NetArea',$,$,0.338900730509028);
#1817= IFCQUANTITYAREA('GrossArea',$,$,0.20959890060453);
#1818= IFCQUANTITYVOLUME('NetVolume',$,$,0.00190614750579668);
#1819= IFCQUANTITYVOLUME('GrossVolume',$,$,0.00190614750579668);
#1820= IFCELEMENTQUANTITY('0Q4Qowjv9CvfpLllkDrR6E',#5,'BaseQuantities',$,$,(#1815,#1816,#1817,#1709,#1818,#1819));
#1821= IFCSHAPEREPRESENTATION(#12,'Body','Brep',(#1796));
#1822= IFCPRODUCTDEFINITIONSHAPE($,$,(#1821));
#1823= IFCCARTESIANPOINT((42659.9993661456,30187.9998985332,16903.989103513));
#1824= IFCAXIS2PLACEMENT3D(#1823,#1684,#1685);
#1825= IFCLOCALPLACEMENT(#42,#1824);
#1826= IFCPLATE('2Swqg35XHAPxSpQarnHrFn',#44,'PLATE-12','PL12*320',$,#1825,#1822,'ID9ceb4a83-1614-4a67-b733-6a4d714753f1');
#1827= IFCCOLOURRGB('Light Yellow',1.,0.898039215686275,0.);
#1828= IFCSURFACESTYLERENDERING(#1827,0.,$,$,$,$,IFCNORMALISEDRATIOMEASURE(0.00390625),IFCSPECULAREXPONENT(10.),.NOTDEFINED.);
#1829= IFCSURFACESTYLE('STEEL/S275',.POSITIVE.,(#1828));
#1830= IFCPRESENTATIONSTYLEASSIGNMENT((#1829));
#1831= IFCCARTESIANPOINT((1.45519152283669E-11,-12.5,1.81898940354586E-11));
#1832= IFCCARTESIANPOINT((-3.25235305353999E-09,-12.4999999972097,1700.00000000083));
#1833= IFCCARTESIANPOINT((-3.29600879922509E-09,12.5000000028012,1700.00000000079));
#1834= IFCCARTESIANPOINT((-2.18278728425503E-11,12.5000000000109,-2.18278728425503E-11));
#1835= IFCPOLYLOOP((#1831,#1832,#1833,#1834));
#1836= IFCFACEOUTERBOUND(#1835,.T.);
#1837= IFCFACE((#1836));
#1838= IFCCARTESIANPOINT((440.002441403005,-12.4999999972133,1700.00000000008));
#1839= IFCCARTESIANPOINT((440.002441402961,12.5000000028012,1700.00000000004));
#1840= IFCPOLYLOOP((#1832,#1838,#1839,#1833));
#1841= IFCFACEOUTERBOUND(#1840,.T.);
#1842= IFCFACE((#1841));
#1843= IFCCARTESIANPOINT((440.002441406272,-12.5000000000036,-7.45785655453801E-10));
#1844= IFCCARTESIANPOINT((440.002441406228,12.5000000000109,-7.8580342233181E-10));
#1845= IFCPOLYLOOP((#1838,#1843,#1844,#1839));
#1846= IFCFACEOUTERBOUND(#1845,.T.);
#1847= IFCFACE((#1846));
#1848= IFCPOLYLOOP((#1843,#1831,#1834,#1844));
#1849= IFCFACEOUTERBOUND(#1848,.T.);
#1850= IFCFACE((#1849));
#1851= IFCPOLYLOOP((#1839,#1844,#1834,#1833));
#1852= IFCFACEOUTERBOUND(#1851,.T.);
#1853= IFCFACE((#1852));
#1854= IFCPOLYLOOP((#1843,#1838,#1832,#1831));
#1855= IFCFACEOUTERBOUND(#1854,.T.);
#1856= IFCFACE((#1855));
#1857= IFCCLOSEDSHELL((#1837,#1842,#1847,#1850,#1853,#1856));
#1858= IFCFACETEDBREP(#1857);
#1859= IFCSTYLEDITEM(#1858,(#1830),$);
#1860= IFCSHAPEREPRESENTATION(#12,'Body','Brep',(#1858));
#1861= IFCPRODUCTDEFINITIONSHAPE($,$,(#1860));
#1862= IFCCARTESIANPOINT((42760.0029159453,29855.5248552873,17605.0003696209));
#1863= IFCDIRECTION((-0.999999999999999,0.,5.2999997042983E-08));
#1864= IFCAXIS2PLACEMENT3D(#1862,#129,#1863);
#1865= IFCLOCALPLACEMENT(#42,#1864);
#1866= IFCPLATE('01ltIxUdP4tOZMPqWsZXO7',#44,'PLATE-25','PL25*440',$,#1865,#1861,'ID01bf74bb-7a76-44dd-88d6-6748368e1607');
#1867= IFCPLATETYPE('2ZGVGsfFH9AgPzaLmdvcIq',#5,'PL25*440',$,$,$,$,$,$,.NOTDEFINED.);
#1868= IFCPROPERTYSINGLEVALUE('Bottom elevation',$,IFCLABEL(' +15.905'),$);
#1869= IFCPROPERTYSINGLEVALUE('Top elevation',$,IFCLABEL(' +17.605'),$);
#1870= IFCPROPERTYSINGLEVALUE('Preliminary mark',$,IFCLABEL('5-2-P11(?)'),$);
#1871= IFCPROPERTYSINGLEVALUE('Class',$,IFCLABEL('20'),$);
#1872= IFCPROPERTYSET('3udciYYnz8QP8TKu_DMwTa',#5,'Tekla Common','Common Properties to Shared building elements',(#1868,#1869,#933,#1870,#935,#1871));
#1873= IFCPROPERTYSINGLEVALUE('Weight',$,IFCMASSMEASURE(146.8),$);
#1874= IFCPROPERTYSINGLEVALUE('Volume',$,IFCVOLUMEMEASURE(0.019),$);
#1875= IFCPROPERTYSINGLEVALUE('Gross footprint area',$,IFCAREAMEASURE(0.011),$);
#1876= IFCPROPERTYSINGLEVALUE('Area per tons',$,IFCAREAMEASURE(10.92),$);
#1877= IFCPROPERTYSINGLEVALUE('Net surface area',$,IFCAREAMEASURE(1.603),$);
#1878= IFCPROPERTYSINGLEVALUE('Height',$,IFCLENGTHMEASURE(440.),$);
#1879= IFCPROPERTYSINGLEVALUE('Width',$,IFCLENGTHMEASURE(25.),$);
#1880= IFCPROPERTYSINGLEVALUE('Length',$,IFCLENGTHMEASURE(1700.),$);
#1881= IFCPROPERTYSET('2SRKsY2Y18C9yhU0NeLd_W',#5,'Tekla Quantity','Quantity Properties to Shared building elements',(#1873,#1874,#1875,#1876,#1877,#1878,#1879,#1880));
#1882= IFCPROPERTYSINGLEVALUE('Reference',$,IFCIDENTIFIER('5-2-P11'),$);
#1883= IFCPROPERTYSET('1aMeaQQsjDihcNzjsJjQeH',#5,'Pset_PlateCommon','Common Properties to plate elements',(#947,#1882));
#1884= IFCQUANTITYLENGTH('Width',$,$,440.002441412478);
#1885= IFCQUANTITYAREA('NetArea',$,$,1.60300842285158);
#1886= IFCQUANTITYAREA('GrossArea',$,$,0.748004150404045);
#1887= IFCQUANTITYAREA('CrossSectionArea',$,$,0.000625);
#1888= IFCQUANTITYVOLUME('NetVolume',$,$,0.0187001037597658);
#1889= IFCQUANTITYVOLUME('GrossVolume',$,$,0.0187001037597658);
#1890= IFCELEMENTQUANTITY('0mkzPfMFLEG8p14vjTi2yI',#5,'BaseQuantities',$,$,(#1884,#1885,#1886,#1887,#1888,#1889));
#1891= IFCRELAGGREGATES('3ekYXsuZLF8RKtkRyoskFg',#5,$,$,#37,(#39));
#1892= IFCRELAGGREGATES('3ck6IZAgD2Ig1tRHKsAYmv',#5,$,$,#39,(#41));
#1893= IFCRELAGGREGATES('2HdVyO1W93TxyUS1lVK4BO',#5,$,$,#41,(#43));
#1894= IFCRELCONTAINEDINSPATIALSTRUCTURE('0cm3L1rdX7Fh3WLOcuonEd',#5,$,$,(#1866,#1826,#1803,#1718,#1688,#1594,#1564,#1513,#1507,#1498,#1488,#1482,#1473,#1449,#1340,#1247,#1158,#1037,#929,#832,#511,#504,#497,#485,#405,#393,#313,#306,#299,#292,#285,#278,#271,#264,#257,#250,#243,#236,#229,#222,#215,#208,#201,#194,#187,#180,#173,#166,#159,#133),#43);
#1895= IFCRELDEFINESBYPROPERTIES('0PI$knDCj4AuOGJLr4kzoL',#5,$,$,(#313,#306,#299,#292,#285,#278,#271,#264,#257,#250,#243,#236,#229,#222,#215,#208,#201,#194,#187,#180,#173,#166,#159,#133),#151);
#1896= IFCRELDEFINESBYPROPERTIES('28BK3HZgLCMxQrEYjS7w2O',#5,$,$,(#405,#393),#398);
#1897= IFCRELDEFINESBYPROPERTIES('0rswz4oEf9cwNvPAUEY2IC',#5,$,$,(#511,#504,#497,#485),#490);
#1898= IFCRELDEFINESBYPROPERTIES('1dD9KGT3z5Tv5MAXAiAxRv',#5,$,$,(#832),#842);
#1899= IFCRELDEFINESBYPROPERTIES('03MCiO8jD2oeeG5$89l5GW',#5,$,$,(#1037,#929),#937);
#1900= IFCRELDEFINESBYPROPERTIES('0sxa$cuPHF$xS9oP3RMuN7',#5,$,$,(#1507,#1498,#1037,#929),#946);
#1901= IFCRELDEFINESBYPROPERTIES('29ubTl41HAsw9F9DeGc9Yg',#5,$,$,(#1507,#1498,#1037,#929),#949);
#1902= IFCRELDEFINESBYPROPERTIES('2eviWW4ETAmPq6B47oE3lT',#5,$,$,(#1498,#929),#956);
#1903= IFCRELDEFINESBYPROPERTIES('199$DrQqbFkPFAFk6SH0yf',#5,$,$,(#1507,#1037),#1043);
#1904= IFCRELDEFINESBYPROPERTIES('1pTCmdnvLAU93VvkiZXhTN',#5,$,$,(#1158),#1160);
#1905= IFCRELDEFINESBYPROPERTIES('3QC7KJNLb4aRaw$V1X5LUc',#5,$,$,(#1513,#1158),#1166);
#1906= IFCRELDEFINESBYPROPERTIES('02V6PZa$XDVee31Qqnty1D',#5,$,$,(#1513,#1158),#1168);
#1907= IFCRELDEFINESBYPROPERTIES('03$oR53ub3sw8n6kzYdtbT',#5,$,$,(#1513,#1158),#1174);
#1908= IFCRELDEFINESBYPROPERTIES('3MlCBWoED1NPx9jBxoWvm_',#5,$,$,(#1340,#1247),#1252);
#1909= IFCRELDEFINESBYPROPERTIES('3$v6Xj4c56mwYh9evNxf9r',#5,$,$,(#1482,#1473,#1340,#1247),#1259);
#1910= IFCRELDEFINESBYPROPERTIES('1Wl1uS0L1BePY$yx3RKZN$',#5,$,$,(#1482,#1473,#1340,#1247),#1261);
#1911= IFCRELDEFINESBYPROPERTIES('3a2Ftui715Fu4uHoLZSSAF',#5,$,$,(#1473,#1247),#1267);
#1912= IFCRELDEFINESBYPROPERTIES('3OP0231avEFPHOUSEVZbvF',#5,$,$,(#1482,#1340),#1346);
#1913= IFCRELDEFINESBYPROPERTIES('3uGlEGspr83uKNzkmygXJg',#5,$,$,(#1449),#1452);
#1914= IFCRELDEFINESBYPROPERTIES('2R2LShWN589QWeOcRvK7kM',#5,$,$,(#1488,#1449),#1459);
#1915= IFCRELDEFINESBYPROPERTIES('1iqSl2LA5FhAyE_IBZXv9I',#5,$,$,(#1449),#1461);
#1916= IFCRELDEFINESBYPROPERTIES('0xoNOpPBz5$xuzrlQBv2oJ',#5,$,$,(#1488,#1449),#1467);
#1917= IFCRELDEFINESBYPROPERTIES('2MeoRuNy1DIRV2YlwNXM_3',#5,$,$,(#1482,#1473),#1476);
#1918= IFCRELDEFINESBYPROPERTIES('22bZZSGTL5CA0CQAWLVpMp',#5,$,$,(#1488),#1490);
#1919= IFCRELDEFINESBYPROPERTIES('0o2NVQvTfAueJQGOJ0UwWu',#5,$,$,(#1488),#1492);
#1920= IFCRELDEFINESBYPROPERTIES('33pbcHDxf7xAsDHynEHRie',#5,$,$,(#1507,#1498),#1501);
#1921= IFCRELDEFINESBYPROPERTIES('0hvSVPchv459$aloKJ$wjO',#5,$,$,(#1513),#1514);
#1922= IFCRELDEFINESBYPROPERTIES('0xgJOvQtL9b9E5cgMs0FBi',#5,$,$,(#1564),#1570);
#1923= IFCRELDEFINESBYPROPERTIES('1HsXHZevTBSudOT5Mc4JAv',#5,$,$,(#1594,#1564),#1579);
#1924= IFCRELDEFINESBYPROPERTIES('2hGiJYAHP2ZB8r3VfYMYGf',#5,$,$,(#1594,#1564),#1581);
#1925= IFCRELDEFINESBYPROPERTIES('37nCwsh7r7ggK17HEy8wmQ',#5,$,$,(#1594,#1564),#1588);
#1926= IFCRELDEFINESBYPROPERTIES('16H7euHgP9aPhbeCTamQZT',#5,$,$,(#1594),#1597);
#1927= IFCRELDEFINESBYPROPERTIES('1rlgVNN3X0n9LAnGFG5esy',#5,$,$,(#1718,#1688),#1694);
#1928= IFCRELDEFINESBYPROPERTIES('3JRJJ3vAzC5ga5owukrN4f',#5,$,$,(#1718,#1688),#1703);
#1929= IFCRELDEFINESBYPROPERTIES('3x3zLAMvvATRwwPy8UtDoG',#5,$,$,(#1718,#1688),#1705);
#1930= IFCRELDEFINESBYPROPERTIES('1C$tR9Pin9DuWJMzG8bKXJ',#5,$,$,(#1718,#1688),#1712);
#1931= IFCRELDEFINESBYPROPERTIES('2fDgDHi_55peu3hOMHQDfT',#5,$,$,(#1826,#1803),#1807);
#1932= IFCRELDEFINESBYPROPERTIES('1EIKu_frP4vPDOoYubPlG4',#5,$,$,(#1826,#1803),#1812);
#1933= IFCRELDEFINESBYPROPERTIES('0CLXXEMfHCIBl8any4gIFK',#5,$,$,(#1826,#1803),#1814);
#1934= IFCRELDEFINESBYPROPERTIES('1y6LgpQcT7V9e3CuF3TCyo',#5,$,$,(#1826,#1803),#1820);
#1935= IFCRELDEFINESBYPROPERTIES('1kO1r9qjXE1xmPjdMYTkw$',#5,$,$,(#1866),#1872);
#1936= IFCRELDEFINESBYPROPERTIES('3KxzwzDWn7JRhMu575EkP$',#5,$,$,(#1866),#1881);
#1937= IFCRELDEFINESBYPROPERTIES('0McB5YUqD6WQ_zUW7Y__HN',#5,$,$,(#1866),#1883);
#1938= IFCRELDEFINESBYPROPERTIES('0ZBqVPkLT8bA7k2CugBtw3',#5,$,$,(#1866),#1890);
#1939= IFCRELDEFINESBYTYPE('0bNV6TcKn6Xhq$SWWqUAev',#5,$,$,(#832,#511,#504,#497,#485,#405,#393,#313,#306,#299,#292,#285,#278,#271,#264,#257,#250,#243,#236,#229,#222,#215,#208,#201,#194,#187,#180,#173,#166,#159,#133),#134);
#1940= IFCRELDEFINESBYTYPE('0F74_22prFf8p_UWjS3sYJ',#5,$,$,(#1513,#1507,#1498,#1158,#1037,#929),#930);
#1941= IFCRELDEFINESBYTYPE('31It74kSX7EAbqKxQcEoiP',#5,$,$,(#1482,#1473,#1340,#1247),#1248);
#1942= IFCRELDEFINESBYTYPE('1$1vH0wyTELQKfgFTPL$ob',#5,$,$,(#1488,#1449),#1450);
#1943= IFCRELDEFINESBYTYPE('1ctbEgJE57xxxLsyhcuCtX',#5,$,$,(#1594,#1564),#1565);
#1944= IFCRELDEFINESBYTYPE('0ZYY_m4Oz6JAxKM2G1Shgh',#5,$,$,(#1826,#1803,#1718,#1688),#1689);
#1945= IFCRELDEFINESBYTYPE('1xbd2yLST0XvG5JwysLumM',#5,$,$,(#1866),#1867);
#1946= IFCRELASSOCIATESMATERIAL('03BEtZjvPAfRfKmFoV81tq',#5,$,$,(#511,#504,#497,#485,#405,#393,#313,#306,#299,#292,#285,#278,#271,#264,#257,#250,#243,#236,#229,#222,#215,#208,#201,#194,#187,#180,#173,#166,#159,#133),#152);
#1947= IFCRELASSOCIATESMATERIAL('25$9fyMWz2nfYq2e5LSMqw',#5,$,$,(#832),#843);
#1948= IFCRELASSOCIATESMATERIAL('0mCuquaVn1ERPHByNx2As_',#5,$,$,(#1866,#1826,#1803,#1718,#1688,#1594,#1564,#1513,#1507,#1498,#1488,#1482,#1473,#1449,#1340,#1247,#1158,#1037,#929),#957);
#1949= IFCPRESENTATIONLAYERASSIGNMENT('BoltArray',$,(#126,#154,#161,#168,#175,#182,#189,#196,#203,#210,#217,#224,#231,#238,#245,#252,#259,#266,#273,#280,#287,#294,#301,#308,#386,#400,#478,#492,#499,#506,#825),$);
#1950= IFCPRESENTATIONLAYERASSIGNMENT('PLATE-8',$,(#922,#1032,#1151,#1242,#1335,#1444,#1468,#1477,#1483,#1493,#1502,#1508),$);
#1951= IFCPRESENTATIONLAYERASSIGNMENT('PLATE-18',$,(#1558,#1589),$);
#1952= IFCPRESENTATIONLAYERASSIGNMENT('PLATE-12',$,(#1681,#1713,#1798,#1821),$);
#1953= IFCPRESENTATIONLAYERASSIGNMENT('PLATE-25',$,(#1860),$);
ENDSEC;

END-ISO-10303-21;
