ISO-10303-21;
HEADER;
FILE_DESCRIPTION(('ViewDefinition[CoordinationView_V2.0, QuantityTakeOffAddOnView]', 'ExchangeRequirement[Structural, SurfaceGeometry]', 'Option [BaseQuantities:On]', 'Option [GridExport:On]', 'Option [Assemblies:Off]', 'Option [Bolts:On]', 'Option [Rebars:On]', 'Option [PourObjects:Off]', 'Option [Welds:Off]', 'Option [SurfaceTreatments:On]', 'Option [LocationBy:0]', 'Option [ViewColors:Off]', 'Option [SectionedSpine:Off]', 'Option [PropertySets:On]', 'Option [Export all:Off]'),'2;1');
FILE_NAME('5-2-A48.ifc','2026-03-10T09:14:52',('DESKTOP-NLV509P\\Ahmed'),('Structural Designer'),'IFC Parser version: 3.13.2','Tekla Structures 2023 Service Pack 8, IFC Export Version: 4.0.0.0 Jan 19 2024','');
FILE_SCHEMA(('IFC2X3'));
ENDSEC;

DATA;
#1= IFCPERSON('DESKTOP-NLV509P\\Ahmed','Undefined',$,$,$,$,$,$);
#2= IFCORGANIZATION($,'Trimble Solutions Corporation',$,$,$);
#3= IFCPERSONANDORGANIZATION(#1,#2,$);
#4= IFCAPPLICATION(#2,'2023 Service Pack 8','Tekla Structures','Multi material modeling');
#5= IFCOWNERHISTORY(#3,#4,$,.NOCHANGE.,$,$,$,1773123292);
#6= IFCCARTESIANPOINT((0.,0.,0.));
#7= IFCDIRECTION((1.,0.,0.));
#8= IFCDIRECTION((0.,1.,0.));
#9= IFCDIRECTION((0.,0.,1.));
#10= IFCAXIS2PLACEMENT3D(#6,#9,#7);
#11= IFCGEOMETRICREPRESENTATIONCONTEXT($,'Model',3,1.E-05,#10,$);
#12= IFCGEOMETRICREPRESENTATIONSUBCONTEXT('Body','Model',*,*,*,*,#11,$,.MODEL_VIEW.,$);
#13= IFCGEOMETRICREPRESENTATIONSUBCONTEXT('Axis','Model',*,*,*,*,#11,$,.GRAPH_VIEW.,$);
#14= IFCGEOMETRICREPRESENTATIONSUBCONTEXT('FootPrint','Model',*,*,*,*,#11,$,.MODEL_VIEW.,$);
#15= IFCSIUNIT(*,.LENGTHUNIT.,.MILLI.,.METRE.);
#16= IFCMEASUREWITHUNIT(IFCRATIOMEASURE(304.8),#15);
#17= IFCDIMENSIONALEXPONENTS(1,0,0,0,0,0,0);
#18= IFCCONVERSIONBASEDUNIT(#17,.LENGTHUNIT.,'FOOT',#16);
#19= IFCSIUNIT(*,.AREAUNIT.,$,.SQUARE_METRE.);
#20= IFCMEASUREWITHUNIT(IFCRATIOMEASURE(0.09290304),#19);
#21= IFCDIMENSIONALEXPONENTS(2,0,0,0,0,0,0);
#22= IFCCONVERSIONBASEDUNIT(#21,.AREAUNIT.,'SQUARE FOOT',#20);
#23= IFCSIUNIT(*,.VOLUMEUNIT.,$,.CUBIC_METRE.);
#24= IFCMEASUREWITHUNIT(IFCRATIOMEASURE(0.028316846592),#23);
#25= IFCDIMENSIONALEXPONENTS(3,0,0,0,0,0,0);
#26= IFCCONVERSIONBASEDUNIT(#25,.VOLUMEUNIT.,'CUBIC FOOT',#24);
#27= IFCSIUNIT(*,.MASSUNIT.,.KILO.,.GRAM.);
#28= IFCSIUNIT(*,.TIMEUNIT.,$,.SECOND.);
#29= IFCSIUNIT(*,.PLANEANGLEUNIT.,$,.RADIAN.);
#30= IFCMEASUREWITHUNIT(IFCRATIOMEASURE(0.0174532925199433),#29);
#31= IFCDIMENSIONALEXPONENTS(0,0,0,0,0,0,0);
#32= IFCCONVERSIONBASEDUNIT(#31,.PLANEANGLEUNIT.,'DEGREE',#30);
#33= IFCSIUNIT(*,.SOLIDANGLEUNIT.,$,.STERADIAN.);
#34= IFCSIUNIT(*,.THERMODYNAMICTEMPERATUREUNIT.,$,.DEGREE_CELSIUS.);
#35= IFCSIUNIT(*,.LUMINOUSINTENSITYUNIT.,$,.LUMEN.);
#36= IFCUNITASSIGNMENT((#15,#19,#23,#27,#28,#29,#33,#34,#35));
#37= IFCPROJECT('08r6kmItP3FRxmyz5ScQfK',#5,'Undefined',$,$,$,$,(#11),#36);
#38= IFCLOCALPLACEMENT($,#10);
#39= IFCSITE('2EVGPa0bT5KAuuu_KRRoDy',#5,'Undefined',$,$,#38,$,$,.ELEMENT.,$,$,$,$,$);
#40= IFCLOCALPLACEMENT(#38,#10);
#41= IFCBUILDING('1JbA6VnsPFavAmAf6MX20y',#5,'Undefined',$,$,#40,$,$,.ELEMENT.,$,$,$);
#42= IFCLOCALPLACEMENT(#40,#10);
#43= IFCBUILDINGSTOREY('3gJPpYF7LCbf7I109fNVl5',#5,'Undefined',$,$,#42,$,$,.ELEMENT.,0.);
#44= IFCOWNERHISTORY(#3,#4,$,.NOCHANGE.,$,$,$,1770876000);
#45= IFCCOLOURRGB($,0.698039215686274,0.4,0.);
#46= IFCSURFACESTYLERENDERING(#45,0.,$,$,$,$,IFCNORMALISEDRATIOMEASURE(0.00390625),IFCSPECULAREXPONENT(10.),.NOTDEFINED.);
#47= IFCSURFACESTYLE('TS10.9',.POSITIVE.,(#46));
#48= IFCPRESENTATIONSTYLEASSIGNMENT((#47));
#49= IFCCARTESIANPOINT((13.,0.178546154771084,0.));
#50= IFCCARTESIANPOINT((11.2583302491975,0.178546154771084,6.50000000000039));
#51= IFCCARTESIANPOINT((6.49999999999922,0.178546154771084,11.2583302491982));
#52= IFCCARTESIANPOINT((-1.34723677608042E-12,0.178546154771084,13.));
#53= IFCCARTESIANPOINT((-6.50000000000155,0.178546154771084,11.2583302491968));
#54= IFCCARTESIANPOINT((-11.2583302491988,0.178546154771084,6.49999999999806));
#55= IFCCARTESIANPOINT((-13.,0.178546154771084,-2.69447355216084E-12));
#56= IFCCARTESIANPOINT((-11.2583302491961,0.178546154771084,-6.50000000000272));
#57= IFCCARTESIANPOINT((-6.4999999999969,0.178546154771084,-11.2583302491995));
#58= IFCCARTESIANPOINT((4.02727742892113E-12,0.178546154771084,-13.));
#59= IFCCARTESIANPOINT((6.50000000000388,0.178546154771084,-11.2583302491955));
#60= IFCCARTESIANPOINT((11.2583302492002,0.178546154771084,-6.49999999999573));
#61= IFCCARTESIANPOINT((13.,250.278557161635,0.));
#62= IFCCARTESIANPOINT((11.2583302491975,250.278557161635,6.50000000000039));
#63= IFCCARTESIANPOINT((6.49999999999922,250.278557161635,11.2583302491982));
#64= IFCCARTESIANPOINT((-1.34723677608042E-12,250.278557161635,13.));
#65= IFCCARTESIANPOINT((-6.50000000000155,250.278557161635,11.2583302491968));
#66= IFCCARTESIANPOINT((-11.2583302491988,250.278557161635,6.49999999999806));
#67= IFCCARTESIANPOINT((-13.,250.278557161635,-2.69447355216084E-12));
#68= IFCCARTESIANPOINT((-11.2583302491961,250.278557161635,-6.50000000000272));
#69= IFCCARTESIANPOINT((-6.4999999999969,250.278557161635,-11.2583302491995));
#70= IFCCARTESIANPOINT((4.02727742892113E-12,250.278557161635,-13.));
#71= IFCCARTESIANPOINT((6.50000000000388,250.278557161635,-11.2583302491955));
#72= IFCCARTESIANPOINT((11.2583302492002,250.278557161635,-6.49999999999573));
#73= IFCPOLYLOOP((#49,#50,#51,#52,#53,#54,#55,#56,#57,#58,#59,#60));
#74= IFCFACEOUTERBOUND(#73,.T.);
#75= IFCFACE((#74));
#76= IFCPOLYLOOP((#72,#71,#70,#69,#68,#67,#66,#65,#64,#63,#62,#61));
#77= IFCFACEOUTERBOUND(#76,.T.);
#78= IFCFACE((#77));
#79= IFCPOLYLOOP((#49,#61,#62,#50));
#80= IFCFACEOUTERBOUND(#79,.T.);
#81= IFCFACE((#80));
#82= IFCPOLYLOOP((#50,#62,#63,#51));
#83= IFCFACEOUTERBOUND(#82,.T.);
#84= IFCFACE((#83));
#85= IFCPOLYLOOP((#51,#63,#64,#52));
#86= IFCFACEOUTERBOUND(#85,.T.);
#87= IFCFACE((#86));
#88= IFCPOLYLOOP((#52,#64,#65,#53));
#89= IFCFACEOUTERBOUND(#88,.T.);
#90= IFCFACE((#89));
#91= IFCPOLYLOOP((#53,#65,#66,#54));
#92= IFCFACEOUTERBOUND(#91,.T.);
#93= IFCFACE((#92));
#94= IFCPOLYLOOP((#54,#66,#67,#55));
#95= IFCFACEOUTERBOUND(#94,.T.);
#96= IFCFACE((#95));
#97= IFCPOLYLOOP((#55,#67,#68,#56));
#98= IFCFACEOUTERBOUND(#97,.T.);
#99= IFCFACE((#98));
#100= IFCPOLYLOOP((#56,#68,#69,#57));
#101= IFCFACEOUTERBOUND(#100,.T.);
#102= IFCFACE((#101));
#103= IFCPOLYLOOP((#57,#69,#70,#58));
#104= IFCFACEOUTERBOUND(#103,.T.);
#105= IFCFACE((#104));
#106= IFCPOLYLOOP((#58,#70,#71,#59));
#107= IFCFACEOUTERBOUND(#106,.T.);
#108= IFCFACE((#107));
#109= IFCPOLYLOOP((#59,#71,#72,#60));
#110= IFCFACEOUTERBOUND(#109,.T.);
#111= IFCFACE((#110));
#112= IFCPOLYLOOP((#60,#72,#61,#49));
#113= IFCFACEOUTERBOUND(#112,.T.);
#114= IFCFACE((#113));
#115= IFCCLOSEDSHELL((#75,#78,#81,#84,#87,#90,#93,#96,#99,#102,#105,#108,#111,#114));
#116= IFCCOLOURRGB($,0.,0.,0.);
#117= IFCSURFACESTYLERENDERING(#116,0.,$,$,$,$,IFCNORMALISEDRATIOMEASURE(0.00390625),IFCSPECULAREXPONENT(10.),.NOTDEFINED.);
#118= IFCSURFACESTYLE($,.POSITIVE.,(#117));
#119= IFCPRESENTATIONSTYLEASSIGNMENT((#118));
#120= IFCFACETEDBREP(#115);
#121= IFCSTYLEDITEM(#120,(#119),$);
#122= IFCCARTESIANTRANSFORMATIONOPERATOR3D($,$,#6,$,$);
#123= IFCSHAPEREPRESENTATION(#12,'Body','Brep',(#120));
#124= IFCREPRESENTATIONMAP(#10,#123);
#125= IFCMAPPEDITEM(#124,#122);
#126= IFCSHAPEREPRESENTATION(#12,'Body','MappedRepresentation',(#125));
#127= IFCPRODUCTDEFINITIONSHAPE($,$,(#126));
#128= IFCCARTESIANPOINT((1214.63709224232,6948.03583342694,16880.1780883835));
#129= IFCDIRECTION((-0.999999815375236,-0.000607659026968577,-7.27595761418343E-15));
#130= IFCDIRECTION((-0.000607659000217167,0.999999771350897,0.000296730000207799));
#131= IFCAXIS2PLACEMENT3D(#128,#129,#130);
#132= IFCLOCALPLACEMENT(#42,#131);
#133= IFCMECHANICALFASTENER('3ik_heh459uO$e4Ck3V8tP',#44,'Bolt assembly',$,$,#132,#127,'IDecbbeae8-ac41-49e1-8fe8-10cb837c8dd9',24.,1250.);
#134= IFCMECHANICALFASTENERTYPE('1vt6W9lif4NwEDykA2ImZj',#5,'Bolt assembly',$,$,$,$,$,$);
#135= IFCPROPERTYSINGLEVALUE('Washer count',$,IFCINTEGER(0),$);
#136= IFCPROPERTYSINGLEVALUE('Washer diameter',$,IFCLENGTHMEASURE(24.),$);
#137= IFCPROPERTYSINGLEVALUE('Washer type',$,IFCLABEL(''),$);
#138= IFCPROPERTYSINGLEVALUE('Washer name',$,IFCLABEL(''),$);
#139= IFCPROPERTYSINGLEVALUE('Nut count',$,IFCINTEGER(0),$);
#140= IFCPROPERTYSINGLEVALUE('Nut type',$,IFCLABEL(''),$);
#141= IFCPROPERTYSINGLEVALUE('Nut name',$,IFCLABEL(''),$);
#142= IFCPROPERTYSINGLEVALUE('Slotted hole y',$,IFCLENGTHMEASURE(44.),$);
#143= IFCPROPERTYSINGLEVALUE('Slotted hole x',$,IFCLENGTHMEASURE(0.),$);
#144= IFCPROPERTYSINGLEVALUE('Bolt hole diameter',$,IFCLENGTHMEASURE(26.),$);
#145= IFCPROPERTYSINGLEVALUE('Location',$,IFCLABEL('Site'),$);
#146= IFCPROPERTYSINGLEVALUE('Bolt count',$,IFCINTEGER(1),$);
#147= IFCPROPERTYSINGLEVALUE('Bolt size',$,IFCLENGTHMEASURE(26.),$);
#148= IFCPROPERTYSINGLEVALUE('Bolt length',$,IFCLENGTHMEASURE(1250.),$);
#149= IFCPROPERTYSINGLEVALUE('Bolt standard',$,IFCLABEL('TS10.9'),$);
#150= IFCPROPERTYSINGLEVALUE('Bolt Name',$,IFCLABEL(''),$);
#151= IFCPROPERTYSET('333a06dtvF7Agjdyhky2xb',#5,'Tekla Bolt','Bolt Properties',(#135,#136,#137,#138,#139,#140,#141,#142,#143,#144,#145,#146,#147,#148,#149,#150));
#152= IFCMATERIAL('TS10.9');
#153= IFCCARTESIANPOINT((13.,0.128102053134853,0.));
#154= IFCCARTESIANPOINT((11.2583302491975,0.128102053134853,6.50000000000039));
#155= IFCCARTESIANPOINT((6.49999999999922,0.128102053134853,11.2583302491982));
#156= IFCCARTESIANPOINT((-1.34723677608042E-12,0.128102053134853,13.));
#157= IFCCARTESIANPOINT((-6.50000000000155,0.128102053134853,11.2583302491968));
#158= IFCCARTESIANPOINT((-11.2583302491988,0.128102053134853,6.49999999999806));
#159= IFCCARTESIANPOINT((-13.,0.128102053134853,-2.69447355216084E-12));
#160= IFCCARTESIANPOINT((-11.2583302491961,0.128102053134853,-6.50000000000272));
#161= IFCCARTESIANPOINT((-6.4999999999969,0.128102053134853,-11.2583302491995));
#162= IFCCARTESIANPOINT((4.02727742892113E-12,0.128102053134853,-13.));
#163= IFCCARTESIANPOINT((6.50000000000388,0.128102053134853,-11.2583302491955));
#164= IFCCARTESIANPOINT((11.2583302492002,0.128102053134853,-6.49999999999573));
#165= IFCCARTESIANPOINT((13.,250.228113059999,0.));
#166= IFCCARTESIANPOINT((11.2583302491975,250.228113059999,6.50000000000039));
#167= IFCCARTESIANPOINT((6.49999999999922,250.228113059999,11.2583302491982));
#168= IFCCARTESIANPOINT((-1.34723677608042E-12,250.228113059999,13.));
#169= IFCCARTESIANPOINT((-6.50000000000155,250.228113059999,11.2583302491968));
#170= IFCCARTESIANPOINT((-11.2583302491988,250.228113059999,6.49999999999806));
#171= IFCCARTESIANPOINT((-13.,250.228113059999,-2.69447355216084E-12));
#172= IFCCARTESIANPOINT((-11.2583302491961,250.228113059999,-6.50000000000272));
#173= IFCCARTESIANPOINT((-6.4999999999969,250.228113059999,-11.2583302491995));
#174= IFCCARTESIANPOINT((4.02727742892113E-12,250.228113059999,-13.));
#175= IFCCARTESIANPOINT((6.50000000000388,250.228113059999,-11.2583302491955));
#176= IFCCARTESIANPOINT((11.2583302492002,250.228113059999,-6.49999999999573));
#177= IFCPOLYLOOP((#153,#154,#155,#156,#157,#158,#159,#160,#161,#162,#163,#164));
#178= IFCFACEOUTERBOUND(#177,.T.);
#179= IFCFACE((#178));
#180= IFCPOLYLOOP((#176,#175,#174,#173,#172,#171,#170,#169,#168,#167,#166,#165));
#181= IFCFACEOUTERBOUND(#180,.T.);
#182= IFCFACE((#181));
#183= IFCPOLYLOOP((#153,#165,#166,#154));
#184= IFCFACEOUTERBOUND(#183,.T.);
#185= IFCFACE((#184));
#186= IFCPOLYLOOP((#154,#166,#167,#155));
#187= IFCFACEOUTERBOUND(#186,.T.);
#188= IFCFACE((#187));
#189= IFCPOLYLOOP((#155,#167,#168,#156));
#190= IFCFACEOUTERBOUND(#189,.T.);
#191= IFCFACE((#190));
#192= IFCPOLYLOOP((#156,#168,#169,#157));
#193= IFCFACEOUTERBOUND(#192,.T.);
#194= IFCFACE((#193));
#195= IFCPOLYLOOP((#157,#169,#170,#158));
#196= IFCFACEOUTERBOUND(#195,.T.);
#197= IFCFACE((#196));
#198= IFCPOLYLOOP((#158,#170,#171,#159));
#199= IFCFACEOUTERBOUND(#198,.T.);
#200= IFCFACE((#199));
#201= IFCPOLYLOOP((#159,#171,#172,#160));
#202= IFCFACEOUTERBOUND(#201,.T.);
#203= IFCFACE((#202));
#204= IFCPOLYLOOP((#160,#172,#173,#161));
#205= IFCFACEOUTERBOUND(#204,.T.);
#206= IFCFACE((#205));
#207= IFCPOLYLOOP((#161,#173,#174,#162));
#208= IFCFACEOUTERBOUND(#207,.T.);
#209= IFCFACE((#208));
#210= IFCPOLYLOOP((#162,#174,#175,#163));
#211= IFCFACEOUTERBOUND(#210,.T.);
#212= IFCFACE((#211));
#213= IFCPOLYLOOP((#163,#175,#176,#164));
#214= IFCFACEOUTERBOUND(#213,.T.);
#215= IFCFACE((#214));
#216= IFCPOLYLOOP((#164,#176,#165,#153));
#217= IFCFACEOUTERBOUND(#216,.T.);
#218= IFCFACE((#217));
#219= IFCCLOSEDSHELL((#179,#182,#185,#188,#191,#194,#197,#200,#203,#206,#209,#212,#215,#218));
#220= IFCFACETEDBREP(#219);
#221= IFCSTYLEDITEM(#220,(#119),$);
#222= IFCSHAPEREPRESENTATION(#12,'Body','Brep',(#220));
#223= IFCREPRESENTATIONMAP(#10,#222);
#224= IFCMAPPEDITEM(#223,#122);
#225= IFCSHAPEREPRESENTATION(#12,'Body','MappedRepresentation',(#224));
#226= IFCPRODUCTDEFINITIONSHAPE($,$,(#225));
#227= IFCCARTESIANPOINT((1214.74039427208,6778.03587229715,16880.1276442839));
#228= IFCAXIS2PLACEMENT3D(#227,#129,#130);
#229= IFCLOCALPLACEMENT(#42,#228);
#230= IFCMECHANICALFASTENER('348daiNCTCsBGdCKkHgsF1',#44,'Bolt assembly',$,$,#229,#226,'IDc422792c-5cc7-4cd8-b427-314b91ab63c1',24.,1250.);
#231= IFCMAPPEDITEM(#124,#122);
#232= IFCSHAPEREPRESENTATION(#12,'Body','MappedRepresentation',(#231));
#233= IFCPRODUCTDEFINITIONSHAPE($,$,(#232));
#234= IFCCARTESIANPOINT((1364.63706454835,6948.12698228125,16880.1780883836));
#235= IFCAXIS2PLACEMENT3D(#234,#129,#130);
#236= IFCLOCALPLACEMENT(#42,#235);
#237= IFCMECHANICALFASTENER('11DeYW_zLFww9SeaV5Shya',#44,'Bolt assembly',$,$,#236,#233,'ID413688a0-fbd5-4feb-a25c-a247c572bf24',24.,1250.);
#238= IFCMAPPEDITEM(#223,#122);
#239= IFCSHAPEREPRESENTATION(#12,'Body','MappedRepresentation',(#238));
#240= IFCPRODUCTDEFINITIONSHAPE($,$,(#239));
#241= IFCCARTESIANPOINT((1364.7403665781,6778.12702115146,16880.1276442839));
#242= IFCAXIS2PLACEMENT3D(#241,#129,#130);
#243= IFCLOCALPLACEMENT(#42,#242);
#244= IFCMECHANICALFASTENER('0NDVsRIhf5RQAs68XxAzdP',#44,'Bolt assembly',$,$,#243,#240,'ID1735fd9b-4aba-456d-a2b6-18887b2bd9d9',24.,1250.);
#245= IFCOWNERHISTORY(#3,#4,$,.NOCHANGE.,$,$,$,1770840000);
#246= IFCSURFACESTYLE('EVENT',.POSITIVE.,(#46));
#247= IFCPRESENTATIONSTYLEASSIGNMENT((#246));
#248= IFCCARTESIANPOINT((7.5,-4.00000020489011,0.));
#249= IFCCARTESIANPOINT((6.49519052838316,-4.00000020489011,3.75000000000022));
#250= IFCCARTESIANPOINT((3.74999999999955,-4.00000020489011,6.49519052838355));
#251= IFCCARTESIANPOINT((-7.77251986200242E-13,-4.00000020489011,7.5));
#252= IFCCARTESIANPOINT((-3.7500000000009,-4.00000020489011,6.49519052838277));
#253= IFCCARTESIANPOINT((-6.49519052838394,-4.00000020489011,3.74999999999888));
#254= IFCCARTESIANPOINT((-7.5,-4.00000020489011,-1.55450397240048E-12));
#255= IFCCARTESIANPOINT((-6.49519052838238,-4.00000020489011,-3.75000000000157));
#256= IFCCARTESIANPOINT((-3.74999999999821,-4.00000020489011,-6.49519052838432));
#257= IFCCARTESIANPOINT((2.32342928591604E-12,-4.00000020489011,-7.5));
#258= IFCCARTESIANPOINT((3.75000000000224,-4.00000020489011,-6.495190528382));
#259= IFCCARTESIANPOINT((6.49519052838471,-4.00000020489011,-3.74999999999753));
#260= IFCCARTESIANPOINT((7.5,4.09999979514291,0.));
#261= IFCCARTESIANPOINT((6.49519052838316,4.09999979514291,3.75000000000022));
#262= IFCCARTESIANPOINT((3.74999999999955,4.09999979514291,6.49519052838355));
#263= IFCCARTESIANPOINT((-7.77251986200242E-13,4.09999979514291,7.5));
#264= IFCCARTESIANPOINT((-3.7500000000009,4.09999979514291,6.49519052838277));
#265= IFCCARTESIANPOINT((-6.49519052838394,4.09999979514291,3.74999999999888));
#266= IFCCARTESIANPOINT((-7.5,4.09999979514291,-1.55450397240048E-12));
#267= IFCCARTESIANPOINT((-6.49519052838238,4.09999979514291,-3.75000000000157));
#268= IFCCARTESIANPOINT((-3.74999999999821,4.09999979514291,-6.49519052838432));
#269= IFCCARTESIANPOINT((2.32342928591604E-12,4.09999979514291,-7.5));
#270= IFCCARTESIANPOINT((3.75000000000224,4.09999979514291,-6.495190528382));
#271= IFCCARTESIANPOINT((6.49519052838471,4.09999979514291,-3.74999999999753));
#272= IFCPOLYLOOP((#248,#249,#250,#251,#252,#253,#254,#255,#256,#257,#258,#259));
#273= IFCFACEOUTERBOUND(#272,.T.);
#274= IFCFACE((#273));
#275= IFCPOLYLOOP((#271,#270,#269,#268,#267,#266,#265,#264,#263,#262,#261,#260));
#276= IFCFACEOUTERBOUND(#275,.T.);
#277= IFCFACE((#276));
#278= IFCPOLYLOOP((#248,#260,#261,#249));
#279= IFCFACEOUTERBOUND(#278,.T.);
#280= IFCFACE((#279));
#281= IFCPOLYLOOP((#249,#261,#262,#250));
#282= IFCFACEOUTERBOUND(#281,.T.);
#283= IFCFACE((#282));
#284= IFCPOLYLOOP((#250,#262,#263,#251));
#285= IFCFACEOUTERBOUND(#284,.T.);
#286= IFCFACE((#285));
#287= IFCPOLYLOOP((#251,#263,#264,#252));
#288= IFCFACEOUTERBOUND(#287,.T.);
#289= IFCFACE((#288));
#290= IFCPOLYLOOP((#252,#264,#265,#253));
#291= IFCFACEOUTERBOUND(#290,.T.);
#292= IFCFACE((#291));
#293= IFCPOLYLOOP((#253,#265,#266,#254));
#294= IFCFACEOUTERBOUND(#293,.T.);
#295= IFCFACE((#294));
#296= IFCPOLYLOOP((#254,#266,#267,#255));
#297= IFCFACEOUTERBOUND(#296,.T.);
#298= IFCFACE((#297));
#299= IFCPOLYLOOP((#255,#267,#268,#256));
#300= IFCFACEOUTERBOUND(#299,.T.);
#301= IFCFACE((#300));
#302= IFCPOLYLOOP((#256,#268,#269,#257));
#303= IFCFACEOUTERBOUND(#302,.T.);
#304= IFCFACE((#303));
#305= IFCPOLYLOOP((#257,#269,#270,#258));
#306= IFCFACEOUTERBOUND(#305,.T.);
#307= IFCFACE((#306));
#308= IFCPOLYLOOP((#258,#270,#271,#259));
#309= IFCFACEOUTERBOUND(#308,.T.);
#310= IFCFACE((#309));
#311= IFCPOLYLOOP((#259,#271,#260,#248));
#312= IFCFACEOUTERBOUND(#311,.T.);
#313= IFCFACE((#312));
#314= IFCCLOSEDSHELL((#274,#277,#280,#283,#286,#289,#292,#295,#298,#301,#304,#307,#310,#313));
#315= IFCFACETEDBREP(#314);
#316= IFCSTYLEDITEM(#315,(#119),$);
#317= IFCSHAPEREPRESENTATION(#12,'Body','Brep',(#315));
#318= IFCREPRESENTATIONMAP(#10,#317);
#319= IFCMAPPEDITEM(#318,#122);
#320= IFCSHAPEREPRESENTATION(#12,'Body','MappedRepresentation',(#319));
#321= IFCPRODUCTDEFINITIONSHAPE($,$,(#320));
#322= IFCCARTESIANPOINT((1397.85182885209,6716.99725331535,16682.4995422362));
#323= IFCDIRECTION((0.509320893901127,0.,0.860576682832946));
#324= IFCDIRECTION((-0.860576682832946,0.,0.509320893901127));
#325= IFCAXIS2PLACEMENT3D(#322,#323,#324);
#326= IFCLOCALPLACEMENT(#42,#325);
#327= IFCMECHANICALFASTENER('0giL0eA6P68BMHD8agaOnw',#245,'Bolt assembly',$,$,#326,#321,'ID2ab15028-2866-4620-b591-34892a918c7a',15.,8.);
#328= IFCPROPERTYSINGLEVALUE('Washer diameter',$,IFCLENGTHMEASURE(15.),$);
#329= IFCPROPERTYSINGLEVALUE('Slotted hole y',$,IFCLENGTHMEASURE(0.),$);
#330= IFCPROPERTYSINGLEVALUE('Bolt hole diameter',$,IFCLENGTHMEASURE(15.),$);
#331= IFCPROPERTYSINGLEVALUE('Bolt size',$,IFCLENGTHMEASURE(15.),$);
#332= IFCPROPERTYSINGLEVALUE('Bolt length',$,IFCLENGTHMEASURE(8.),$);
#333= IFCPROPERTYSINGLEVALUE('Bolt standard',$,IFCLABEL('EVENT'),$);
#334= IFCPROPERTYSET('128HPfKST6EPEYddnps1R9',#5,'Tekla Bolt','Bolt Properties',(#135,#328,#137,#138,#139,#140,#141,#329,#143,#330,#145,#146,#331,#332,#333,#150));
#335= IFCMATERIAL('EVENT');
#336= IFCMAPPEDITEM(#318,#122);
#337= IFCSHAPEREPRESENTATION(#12,'Body','MappedRepresentation',(#336));
#338= IFCPRODUCTDEFINITIONSHAPE($,$,(#337));
#339= IFCCARTESIANPOINT((1397.85182885209,6716.99725331521,16827.4995422362));
#340= IFCDIRECTION((-0.509320893901127,0.,0.860576682832946));
#341= IFCDIRECTION((-0.860576682832946,0.,-0.509320893901127));
#342= IFCAXIS2PLACEMENT3D(#339,#340,#341);
#343= IFCLOCALPLACEMENT(#42,#342);
#344= IFCMECHANICALFASTENER('2tPHSc5kj8Y9j_89A86fGn',#245,'Bolt assembly',$,$,#343,#338,'IDb7651726-16eb-4888-9b7e-2092881a9431',15.,8.);
#345= IFCMAPPEDITEM(#318,#122);
#346= IFCSHAPEREPRESENTATION(#12,'Body','MappedRepresentation',(#345));
#347= IFCPRODUCTDEFINITIONSHAPE($,$,(#346));
#348= IFCCARTESIANPOINT((1167.47195252009,6716.99725331497,16682.4995422362));
#349= IFCDIRECTION((0.509320893901129,0.,-0.860576682832945));
#350= IFCDIRECTION((0.860576682832944,0.,0.50932089390113));
#351= IFCAXIS2PLACEMENT3D(#348,#349,#350);
#352= IFCLOCALPLACEMENT(#42,#351);
#353= IFCMECHANICALFASTENER('3I_YxtcWnDGwf46uPc3uVV',#245,'Bolt assembly',$,$,#352,#347,'IDd2fa2ef7-9a0c-4d43-aa44-1b86660f87df',15.,8.);
#354= IFCMAPPEDITEM(#318,#122);
#355= IFCSHAPEREPRESENTATION(#12,'Body','MappedRepresentation',(#354));
#356= IFCPRODUCTDEFINITIONSHAPE($,$,(#355));
#357= IFCCARTESIANPOINT((1167.47195252009,6716.99725331484,16827.4995422362));
#358= IFCDIRECTION((-0.509320893901129,0.,-0.860576682832945));
#359= IFCDIRECTION((0.860576682832944,0.,-0.50932089390113));
#360= IFCAXIS2PLACEMENT3D(#357,#358,#359);
#361= IFCLOCALPLACEMENT(#42,#360);
#362= IFCMECHANICALFASTENER('3QDTq4fvvCHQ8QSEHo6x8E',#245,'Bolt assembly',$,$,#361,#356,'IDda35dd04-a79e-4c45-a21a-70e4721bb20e',15.,8.);
#363= IFCMAPPEDITEM(#318,#122);
#364= IFCSHAPEREPRESENTATION(#12,'Body','MappedRepresentation',(#363));
#365= IFCPRODUCTDEFINITIONSHAPE($,$,(#364));
#366= IFCCARTESIANPOINT((1397.85182885275,7078.9972533153,16682.4995422362));
#367= IFCAXIS2PLACEMENT3D(#366,#323,#324);
#368= IFCLOCALPLACEMENT(#42,#367);
#369= IFCMECHANICALFASTENER('1ruSFVeoT0aQW2egpIwO0Z',#245,'Bolt assembly',$,$,#368,#365,'ID75e1c3df-a327-4091-a802-a2acd2e98023',15.,8.);
#370= IFCMAPPEDITEM(#318,#122);
#371= IFCSHAPEREPRESENTATION(#12,'Body','MappedRepresentation',(#370));
#372= IFCPRODUCTDEFINITIONSHAPE($,$,(#371));
#373= IFCCARTESIANPOINT((1397.85182885275,7078.99725331517,16827.4995422362));
#374= IFCAXIS2PLACEMENT3D(#373,#340,#341);
#375= IFCLOCALPLACEMENT(#42,#374);
#376= IFCMECHANICALFASTENER('0oRmcHrIb4y8Hf3PGv3_GO',#245,'Bolt assembly',$,$,#375,#372,'ID326f0991-d529-44f0-8469-0d94390fe418',15.,8.);
#377= IFCMAPPEDITEM(#318,#122);
#378= IFCSHAPEREPRESENTATION(#12,'Body','MappedRepresentation',(#377));
#379= IFCPRODUCTDEFINITIONSHAPE($,$,(#378));
#380= IFCCARTESIANPOINT((1167.47195252075,7078.99725331493,16682.4995422362));
#381= IFCAXIS2PLACEMENT3D(#380,#349,#350);
#382= IFCLOCALPLACEMENT(#42,#381);
#383= IFCMECHANICALFASTENER('1HfPD6kwLAGhT9txA0bDPi',#245,'Bolt assembly',$,$,#382,#379,'ID51a59346-bba5-4a42-b749-dfb28094d66c',15.,8.);
#384= IFCMAPPEDITEM(#318,#122);
#385= IFCSHAPEREPRESENTATION(#12,'Body','MappedRepresentation',(#384));
#386= IFCPRODUCTDEFINITIONSHAPE($,$,(#385));
#387= IFCCARTESIANPOINT((1167.47195252075,7078.9972533148,16827.4995422362));
#388= IFCAXIS2PLACEMENT3D(#387,#358,#359);
#389= IFCLOCALPLACEMENT(#42,#388);
#390= IFCMECHANICALFASTENER('37c1vXmDD8rOvXphzDZjry',#245,'Bolt assembly',$,$,#389,#386,'IDc7981e61-c0d3-48d5-8e61-cebf4d8edd7c',15.,8.);
#391= IFCCARTESIANPOINT((7.5,-6.,0.));
#392= IFCCARTESIANPOINT((6.49519052838316,-6.,3.75000000000022));
#393= IFCCARTESIANPOINT((3.74999999999955,-6.,6.49519052838355));
#394= IFCCARTESIANPOINT((-7.77251986200242E-13,-6.,7.5));
#395= IFCCARTESIANPOINT((-3.7500000000009,-6.,6.49519052838277));
#396= IFCCARTESIANPOINT((-6.49519052838394,-6.,3.74999999999888));
#397= IFCCARTESIANPOINT((-7.5,-6.,-1.55450397240048E-12));
#398= IFCCARTESIANPOINT((-6.49519052838238,-6.,-3.75000000000157));
#399= IFCCARTESIANPOINT((-3.74999999999821,-6.,-6.49519052838432));
#400= IFCCARTESIANPOINT((2.32342928591604E-12,-6.,-7.5));
#401= IFCCARTESIANPOINT((3.75000000000224,-6.,-6.495190528382));
#402= IFCCARTESIANPOINT((6.49519052838471,-6.,-3.74999999999753));
#403= IFCCARTESIANPOINT((7.5,6.1,0.));
#404= IFCCARTESIANPOINT((6.49519052838316,6.1,3.75000000000022));
#405= IFCCARTESIANPOINT((3.74999999999955,6.1,6.49519052838355));
#406= IFCCARTESIANPOINT((-7.77251986200242E-13,6.1,7.5));
#407= IFCCARTESIANPOINT((-3.7500000000009,6.1,6.49519052838277));
#408= IFCCARTESIANPOINT((-6.49519052838394,6.1,3.74999999999888));
#409= IFCCARTESIANPOINT((-7.5,6.1,-1.55450397240048E-12));
#410= IFCCARTESIANPOINT((-6.49519052838238,6.1,-3.75000000000157));
#411= IFCCARTESIANPOINT((-3.74999999999821,6.1,-6.49519052838432));
#412= IFCCARTESIANPOINT((2.32342928591604E-12,6.1,-7.5));
#413= IFCCARTESIANPOINT((3.75000000000224,6.1,-6.495190528382));
#414= IFCCARTESIANPOINT((6.49519052838471,6.1,-3.74999999999753));
#415= IFCPOLYLOOP((#391,#392,#393,#394,#395,#396,#397,#398,#399,#400,#401,#402));
#416= IFCFACEOUTERBOUND(#415,.T.);
#417= IFCFACE((#416));
#418= IFCPOLYLOOP((#414,#413,#412,#411,#410,#409,#408,#407,#406,#405,#404,#403));
#419= IFCFACEOUTERBOUND(#418,.T.);
#420= IFCFACE((#419));
#421= IFCPOLYLOOP((#391,#403,#404,#392));
#422= IFCFACEOUTERBOUND(#421,.T.);
#423= IFCFACE((#422));
#424= IFCPOLYLOOP((#392,#404,#405,#393));
#425= IFCFACEOUTERBOUND(#424,.T.);
#426= IFCFACE((#425));
#427= IFCPOLYLOOP((#393,#405,#406,#394));
#428= IFCFACEOUTERBOUND(#427,.T.);
#429= IFCFACE((#428));
#430= IFCPOLYLOOP((#394,#406,#407,#395));
#431= IFCFACEOUTERBOUND(#430,.T.);
#432= IFCFACE((#431));
#433= IFCPOLYLOOP((#395,#407,#408,#396));
#434= IFCFACEOUTERBOUND(#433,.T.);
#435= IFCFACE((#434));
#436= IFCPOLYLOOP((#396,#408,#409,#397));
#437= IFCFACEOUTERBOUND(#436,.T.);
#438= IFCFACE((#437));
#439= IFCPOLYLOOP((#397,#409,#410,#398));
#440= IFCFACEOUTERBOUND(#439,.T.);
#441= IFCFACE((#440));
#442= IFCPOLYLOOP((#398,#410,#411,#399));
#443= IFCFACEOUTERBOUND(#442,.T.);
#444= IFCFACE((#443));
#445= IFCPOLYLOOP((#399,#411,#412,#400));
#446= IFCFACEOUTERBOUND(#445,.T.);
#447= IFCFACE((#446));
#448= IFCPOLYLOOP((#400,#412,#413,#401));
#449= IFCFACEOUTERBOUND(#448,.T.);
#450= IFCFACE((#449));
#451= IFCPOLYLOOP((#401,#413,#414,#402));
#452= IFCFACEOUTERBOUND(#451,.T.);
#453= IFCFACE((#452));
#454= IFCPOLYLOOP((#402,#414,#403,#391));
#455= IFCFACEOUTERBOUND(#454,.T.);
#456= IFCFACE((#455));
#457= IFCCLOSEDSHELL((#417,#420,#423,#426,#429,#432,#435,#438,#441,#444,#447,#450,#453,#456));
#458= IFCFACETEDBREP(#457);
#459= IFCSTYLEDITEM(#458,(#119),$);
#460= IFCSHAPEREPRESENTATION(#12,'Body','Brep',(#458));
#461= IFCREPRESENTATIONMAP(#10,#460);
#462= IFCMAPPEDITEM(#461,#122);
#463= IFCSHAPEREPRESENTATION(#12,'Body','MappedRepresentation',(#462));
#464= IFCPRODUCTDEFINITIONSHAPE($,$,(#463));
#465= IFCCARTESIANPOINT((1412.50344365775,11038.9972533897,16827.4995422363));
#466= IFCDIRECTION((0.509318747935329,0.,-0.860577952890724));
#467= IFCDIRECTION((-0.860577952890724,0.,-0.509318747935329));
#468= IFCAXIS2PLACEMENT3D(#465,#466,#467);
#469= IFCLOCALPLACEMENT(#42,#468);
#470= IFCMECHANICALFASTENER('3FqMXG3MXEeAe3ZFacPtlL',#245,'Bolt assembly',$,$,#469,#464,'IDcfd16850-0d68-4ea0-aa03-8cf926677bd5',15.,12.);
#471= IFCPROPERTYSINGLEVALUE('Bolt length',$,IFCLENGTHMEASURE(12.),$);
#472= IFCPROPERTYSET('0SvdPVgq1FtRkFsIjV2eiA',#5,'Tekla Bolt','Bolt Properties',(#135,#328,#137,#138,#139,#140,#141,#329,#143,#330,#145,#146,#331,#471,#333,#150));
#473= IFCMAPPEDITEM(#461,#122);
#474= IFCSHAPEREPRESENTATION(#12,'Body','MappedRepresentation',(#473));
#475= IFCPRODUCTDEFINITIONSHAPE($,$,(#474));
#476= IFCCARTESIANPOINT((1412.50344365775,11038.9972533897,16682.4995422363));
#477= IFCDIRECTION((0.509318747935329,0.,0.860577952890724));
#478= IFCDIRECTION((-0.860577952890724,0.,0.509318747935329));
#479= IFCAXIS2PLACEMENT3D(#476,#477,#478);
#480= IFCLOCALPLACEMENT(#42,#479);
#481= IFCMECHANICALFASTENER('29k7haAEX2bvzRb1TSgtLq',#245,'Bolt assembly',$,$,#480,#475,'ID89b87ae4-28e8-4297-9f5b-94175cab7574',15.,12.);
#482= IFCMAPPEDITEM(#461,#122);
#483= IFCSHAPEREPRESENTATION(#12,'Body','MappedRepresentation',(#482));
#484= IFCPRODUCTDEFINITIONSHAPE($,$,(#483));
#485= IFCCARTESIANPOINT((1167.50344365775,11038.9972533897,16682.4995422363));
#486= IFCDIRECTION((0.509323040302082,0.,-0.860575412510399));
#487= IFCDIRECTION((0.860575412510399,0.,0.509323040302082));
#488= IFCAXIS2PLACEMENT3D(#485,#486,#487);
#489= IFCLOCALPLACEMENT(#42,#488);
#490= IFCMECHANICALFASTENER('1$T8cCt4T0Ox7U$Nf1U9T_',#245,'Bolt assembly',$,$,#489,#484,'ID7f74898c-dc47-4063-b1de-fd7a4178977e',15.,12.);
#491= IFCMAPPEDITEM(#461,#122);
#492= IFCSHAPEREPRESENTATION(#12,'Body','MappedRepresentation',(#491));
#493= IFCPRODUCTDEFINITIONSHAPE($,$,(#492));
#494= IFCCARTESIANPOINT((1167.50344365775,11038.9972533897,16827.4995422363));
#495= IFCDIRECTION((-0.509323040302082,0.,-0.860575412510399));
#496= IFCDIRECTION((0.860575412510399,0.,-0.509323040302082));
#497= IFCAXIS2PLACEMENT3D(#494,#495,#496);
#498= IFCLOCALPLACEMENT(#42,#497);
#499= IFCMECHANICALFASTENER('2IjyENhQXBp89Pxgl_Hich',#245,'Bolt assembly',$,$,#498,#493,'ID92b7c397-ada8-4bcc-8259-eeabfe46c9ab',15.,12.);
#500= IFCOWNERHISTORY(#3,#4,$,.NOCHANGE.,$,$,$,1770796800);
#501= IFCCARTESIANPOINT((13.,-39.9054931628329,0.));
#502= IFCCARTESIANPOINT((11.2583302491975,-39.9054931628329,6.50000000000039));
#503= IFCCARTESIANPOINT((6.49999999999922,-39.9054931628329,11.2583302491982));
#504= IFCCARTESIANPOINT((-1.34723677608042E-12,-39.9054931628329,13.));
#505= IFCCARTESIANPOINT((-6.50000000000155,-39.9054931628329,11.2583302491968));
#506= IFCCARTESIANPOINT((-11.2583302491988,-39.9054931628329,6.49999999999806));
#507= IFCCARTESIANPOINT((-13.,-39.9054931628329,-2.69447355216084E-12));
#508= IFCCARTESIANPOINT((-11.2583302491961,-39.9054931628329,-6.50000000000272));
#509= IFCCARTESIANPOINT((-6.4999999999969,-39.9054931628329,-11.2583302491995));
#510= IFCCARTESIANPOINT((4.02727742892113E-12,-39.9054931628329,-13.));
#511= IFCCARTESIANPOINT((6.50000000000388,-39.9054931628329,-11.2583302491955));
#512= IFCCARTESIANPOINT((11.2583302492002,-39.9054931628329,-6.49999999999573));
#513= IFCCARTESIANPOINT((13.,-19.9054931628329,0.));
#514= IFCCARTESIANPOINT((11.2583302491975,-19.9054931628329,6.50000000000039));
#515= IFCCARTESIANPOINT((6.49999999999922,-19.9054931628329,11.2583302491982));
#516= IFCCARTESIANPOINT((-1.34723677608042E-12,-19.9054931628329,13.));
#517= IFCCARTESIANPOINT((-6.50000000000155,-19.9054931628329,11.2583302491968));
#518= IFCCARTESIANPOINT((-11.2583302491988,-19.9054931628329,6.49999999999806));
#519= IFCCARTESIANPOINT((-13.,-19.9054931628329,-2.69447355216084E-12));
#520= IFCCARTESIANPOINT((-11.2583302491961,-19.9054931628329,-6.50000000000272));
#521= IFCCARTESIANPOINT((-6.4999999999969,-19.9054931628329,-11.2583302491995));
#522= IFCCARTESIANPOINT((4.02727742892113E-12,-19.9054931628329,-13.));
#523= IFCCARTESIANPOINT((6.50000000000388,-19.9054931628329,-11.2583302491955));
#524= IFCCARTESIANPOINT((11.2583302492002,-19.9054931628329,-6.49999999999573));
#525= IFCPOLYLOOP((#501,#502,#503,#504,#505,#506,#507,#508,#509,#510,#511,#512));
#526= IFCFACEOUTERBOUND(#525,.T.);
#527= IFCFACE((#526));
#528= IFCPOLYLOOP((#524,#523,#522,#521,#520,#519,#518,#517,#516,#515,#514,#513));
#529= IFCFACEOUTERBOUND(#528,.T.);
#530= IFCFACE((#529));
#531= IFCPOLYLOOP((#501,#513,#514,#502));
#532= IFCFACEOUTERBOUND(#531,.T.);
#533= IFCFACE((#532));
#534= IFCPOLYLOOP((#502,#514,#515,#503));
#535= IFCFACEOUTERBOUND(#534,.T.);
#536= IFCFACE((#535));
#537= IFCPOLYLOOP((#503,#515,#516,#504));
#538= IFCFACEOUTERBOUND(#537,.T.);
#539= IFCFACE((#538));
#540= IFCPOLYLOOP((#504,#516,#517,#505));
#541= IFCFACEOUTERBOUND(#540,.T.);
#542= IFCFACE((#541));
#543= IFCPOLYLOOP((#505,#517,#518,#506));
#544= IFCFACEOUTERBOUND(#543,.T.);
#545= IFCFACE((#544));
#546= IFCPOLYLOOP((#506,#518,#519,#507));
#547= IFCFACEOUTERBOUND(#546,.T.);
#548= IFCFACE((#547));
#549= IFCPOLYLOOP((#507,#519,#520,#508));
#550= IFCFACEOUTERBOUND(#549,.T.);
#551= IFCFACE((#550));
#552= IFCPOLYLOOP((#508,#520,#521,#509));
#553= IFCFACEOUTERBOUND(#552,.T.);
#554= IFCFACE((#553));
#555= IFCPOLYLOOP((#509,#521,#522,#510));
#556= IFCFACEOUTERBOUND(#555,.T.);
#557= IFCFACE((#556));
#558= IFCPOLYLOOP((#510,#522,#523,#511));
#559= IFCFACEOUTERBOUND(#558,.T.);
#560= IFCFACE((#559));
#561= IFCPOLYLOOP((#511,#523,#524,#512));
#562= IFCFACEOUTERBOUND(#561,.T.);
#563= IFCFACE((#562));
#564= IFCPOLYLOOP((#512,#524,#513,#501));
#565= IFCFACEOUTERBOUND(#564,.T.);
#566= IFCFACE((#565));
#567= IFCCARTESIANPOINT((13.,-20.0999999987813,0.));
#568= IFCCARTESIANPOINT((11.2583302491975,-20.0999999987813,6.50000000000039));
#569= IFCCARTESIANPOINT((6.49999999999922,-20.0999999987813,11.2583302491982));
#570= IFCCARTESIANPOINT((-1.34723677608042E-12,-20.0999999987813,13.));
#571= IFCCARTESIANPOINT((-6.50000000000155,-20.0999999987813,11.2583302491968));
#572= IFCCARTESIANPOINT((-11.2583302491988,-20.0999999987813,6.49999999999806));
#573= IFCCARTESIANPOINT((-13.,-20.0999999987813,-2.69447355216084E-12));
#574= IFCCARTESIANPOINT((-11.2583302491961,-20.0999999987813,-6.50000000000272));
#575= IFCCARTESIANPOINT((-6.4999999999969,-20.0999999987813,-11.2583302491995));
#576= IFCCARTESIANPOINT((4.02727742892113E-12,-20.0999999987813,-13.));
#577= IFCCARTESIANPOINT((6.50000000000388,-20.0999999987813,-11.2583302491955));
#578= IFCCARTESIANPOINT((11.2583302492002,-20.0999999987813,-6.49999999999573));
#579= IFCCARTESIANPOINT((13.,1.21872290037572E-09,0.));
#580= IFCCARTESIANPOINT((11.2583302491975,1.21872290037572E-09,6.50000000000039));
#581= IFCCARTESIANPOINT((6.49999999999922,1.21872290037572E-09,11.2583302491982));
#582= IFCCARTESIANPOINT((-1.34723677608042E-12,1.21872290037572E-09,13.));
#583= IFCCARTESIANPOINT((-6.50000000000155,1.21872290037572E-09,11.2583302491968));
#584= IFCCARTESIANPOINT((-11.2583302491988,1.21872290037572E-09,6.49999999999806));
#585= IFCCARTESIANPOINT((-13.,1.21872290037572E-09,-2.69447355216084E-12));
#586= IFCCARTESIANPOINT((-11.2583302491961,1.21872290037572E-09,-6.50000000000272));
#587= IFCCARTESIANPOINT((-6.4999999999969,1.21872290037572E-09,-11.2583302491995));
#588= IFCCARTESIANPOINT((4.02727742892113E-12,1.21872290037572E-09,-13.));
#589= IFCCARTESIANPOINT((6.50000000000388,1.21872290037572E-09,-11.2583302491955));
#590= IFCCARTESIANPOINT((11.2583302492002,1.21872290037572E-09,-6.49999999999573));
#591= IFCPOLYLOOP((#567,#568,#569,#570,#571,#572,#573,#574,#575,#576,#577,#578));
#592= IFCFACEOUTERBOUND(#591,.T.);
#593= IFCFACE((#592));
#594= IFCPOLYLOOP((#590,#589,#588,#587,#586,#585,#584,#583,#582,#581,#580,#579));
#595= IFCFACEOUTERBOUND(#594,.T.);
#596= IFCFACE((#595));
#597= IFCPOLYLOOP((#567,#579,#580,#568));
#598= IFCFACEOUTERBOUND(#597,.T.);
#599= IFCFACE((#598));
#600= IFCPOLYLOOP((#568,#580,#581,#569));
#601= IFCFACEOUTERBOUND(#600,.T.);
#602= IFCFACE((#601));
#603= IFCPOLYLOOP((#569,#581,#582,#570));
#604= IFCFACEOUTERBOUND(#603,.T.);
#605= IFCFACE((#604));
#606= IFCPOLYLOOP((#570,#582,#583,#571));
#607= IFCFACEOUTERBOUND(#606,.T.);
#608= IFCFACE((#607));
#609= IFCPOLYLOOP((#571,#583,#584,#572));
#610= IFCFACEOUTERBOUND(#609,.T.);
#611= IFCFACE((#610));
#612= IFCPOLYLOOP((#572,#584,#585,#573));
#613= IFCFACEOUTERBOUND(#612,.T.);
#614= IFCFACE((#613));
#615= IFCPOLYLOOP((#573,#585,#586,#574));
#616= IFCFACEOUTERBOUND(#615,.T.);
#617= IFCFACE((#616));
#618= IFCPOLYLOOP((#574,#586,#587,#575));
#619= IFCFACEOUTERBOUND(#618,.T.);
#620= IFCFACE((#619));
#621= IFCPOLYLOOP((#575,#587,#588,#576));
#622= IFCFACEOUTERBOUND(#621,.T.);
#623= IFCFACE((#622));
#624= IFCPOLYLOOP((#576,#588,#589,#577));
#625= IFCFACEOUTERBOUND(#624,.T.);
#626= IFCFACE((#625));
#627= IFCPOLYLOOP((#577,#589,#590,#578));
#628= IFCFACEOUTERBOUND(#627,.T.);
#629= IFCFACE((#628));
#630= IFCPOLYLOOP((#578,#590,#579,#567));
#631= IFCFACEOUTERBOUND(#630,.T.);
#632= IFCFACE((#631));
#633= IFCCARTESIANPOINT((20.7846096908265,-63.7654931628329,0.));
#634= IFCCARTESIANPOINT((10.3923048454133,-63.7654931628329,18.));
#635= IFCCARTESIANPOINT((-10.3923048454133,-63.7654931628329,18.));
#636= IFCCARTESIANPOINT((-20.7846096908265,-63.7654931628329,2.54538057293978E-15));
#637= IFCCARTESIANPOINT((-10.3923048454133,-63.7654931628329,-18.));
#638= IFCCARTESIANPOINT((10.3923048454132,-63.7654931628329,-18.));
#639= IFCCARTESIANPOINT((20.7846096908265,-47.9254931628329,0.));
#640= IFCCARTESIANPOINT((10.3923048454133,-47.9254931628329,18.));
#641= IFCCARTESIANPOINT((-10.3923048454133,-47.9254931628329,18.));
#642= IFCCARTESIANPOINT((-20.7846096908265,-47.9254931628329,2.54538057293978E-15));
#643= IFCCARTESIANPOINT((-10.3923048454133,-47.9254931628329,-18.));
#644= IFCCARTESIANPOINT((10.3923048454132,-47.9254931628329,-18.));
#645= IFCPOLYLOOP((#633,#634,#635,#636,#637,#638));
#646= IFCFACEOUTERBOUND(#645,.T.);
#647= IFCFACE((#646));
#648= IFCPOLYLOOP((#644,#643,#642,#641,#640,#639));
#649= IFCFACEOUTERBOUND(#648,.T.);
#650= IFCFACE((#649));
#651= IFCPOLYLOOP((#633,#639,#640,#634));
#652= IFCFACEOUTERBOUND(#651,.T.);
#653= IFCFACE((#652));
#654= IFCPOLYLOOP((#634,#640,#641,#635));
#655= IFCFACEOUTERBOUND(#654,.T.);
#656= IFCFACE((#655));
#657= IFCPOLYLOOP((#635,#641,#642,#636));
#658= IFCFACEOUTERBOUND(#657,.T.);
#659= IFCFACE((#658));
#660= IFCPOLYLOOP((#636,#642,#643,#637));
#661= IFCFACEOUTERBOUND(#660,.T.);
#662= IFCFACE((#661));
#663= IFCPOLYLOOP((#637,#643,#644,#638));
#664= IFCFACEOUTERBOUND(#663,.T.);
#665= IFCFACE((#664));
#666= IFCPOLYLOOP((#638,#644,#639,#633));
#667= IFCFACEOUTERBOUND(#666,.T.);
#668= IFCFACE((#667));
#669= IFCCARTESIANPOINT((12.,-47.9254931628329,0.));
#670= IFCCARTESIANPOINT((10.3923048454131,-47.9254931628329,6.00000000000036));
#671= IFCCARTESIANPOINT((5.99999999999928,-47.9254931628329,10.3923048454137));
#672= IFCCARTESIANPOINT((-1.24360317792039E-12,-47.9254931628329,12.));
#673= IFCCARTESIANPOINT((-6.00000000000143,-47.9254931628329,10.3923048454124));
#674= IFCCARTESIANPOINT((-10.3923048454143,-47.9254931628329,5.99999999999821));
#675= IFCCARTESIANPOINT((-12.,-47.9254931628329,-2.48720635584077E-12));
#676= IFCCARTESIANPOINT((-10.3923048454118,-47.9254931628329,-6.00000000000251));
#677= IFCCARTESIANPOINT((-5.99999999999713,-47.9254931628329,-10.3923048454149));
#678= IFCCARTESIANPOINT((3.71748685746566E-12,-47.9254931628329,-12.));
#679= IFCCARTESIANPOINT((6.00000000000358,-47.9254931628329,-10.3923048454112));
#680= IFCCARTESIANPOINT((10.3923048454155,-47.9254931628329,-5.99999999999605));
#681= IFCCARTESIANPOINT((12.,37.0745068371671,0.));
#682= IFCCARTESIANPOINT((10.3923048454131,37.0745068371671,6.00000000000036));
#683= IFCCARTESIANPOINT((5.99999999999928,37.0745068371671,10.3923048454137));
#684= IFCCARTESIANPOINT((-1.24360317792039E-12,37.0745068371671,12.));
#685= IFCCARTESIANPOINT((-6.00000000000143,37.0745068371671,10.3923048454124));
#686= IFCCARTESIANPOINT((-10.3923048454143,37.0745068371671,5.99999999999821));
#687= IFCCARTESIANPOINT((-12.,37.0745068371671,-2.48720635584077E-12));
#688= IFCCARTESIANPOINT((-10.3923048454118,37.0745068371671,-6.00000000000251));
#689= IFCCARTESIANPOINT((-5.99999999999713,37.0745068371671,-10.3923048454149));
#690= IFCCARTESIANPOINT((3.71748685746566E-12,37.0745068371671,-12.));
#691= IFCCARTESIANPOINT((6.00000000000358,37.0745068371671,-10.3923048454112));
#692= IFCCARTESIANPOINT((10.3923048454155,37.0745068371671,-5.99999999999605));
#693= IFCPOLYLOOP((#669,#670,#671,#672,#673,#674,#675,#676,#677,#678,#679,#680));
#694= IFCFACEOUTERBOUND(#693,.T.);
#695= IFCFACE((#694));
#696= IFCPOLYLOOP((#692,#691,#690,#689,#688,#687,#686,#685,#684,#683,#682,#681));
#697= IFCFACEOUTERBOUND(#696,.T.);
#698= IFCFACE((#697));
#699= IFCPOLYLOOP((#669,#681,#682,#670));
#700= IFCFACEOUTERBOUND(#699,.T.);
#701= IFCFACE((#700));
#702= IFCPOLYLOOP((#670,#682,#683,#671));
#703= IFCFACEOUTERBOUND(#702,.T.);
#704= IFCFACE((#703));
#705= IFCPOLYLOOP((#671,#683,#684,#672));
#706= IFCFACEOUTERBOUND(#705,.T.);
#707= IFCFACE((#706));
#708= IFCPOLYLOOP((#672,#684,#685,#673));
#709= IFCFACEOUTERBOUND(#708,.T.);
#710= IFCFACE((#709));
#711= IFCPOLYLOOP((#673,#685,#686,#674));
#712= IFCFACEOUTERBOUND(#711,.T.);
#713= IFCFACE((#712));
#714= IFCPOLYLOOP((#674,#686,#687,#675));
#715= IFCFACEOUTERBOUND(#714,.T.);
#716= IFCFACE((#715));
#717= IFCPOLYLOOP((#675,#687,#688,#676));
#718= IFCFACEOUTERBOUND(#717,.T.);
#719= IFCFACE((#718));
#720= IFCPOLYLOOP((#676,#688,#689,#677));
#721= IFCFACEOUTERBOUND(#720,.T.);
#722= IFCFACE((#721));
#723= IFCPOLYLOOP((#677,#689,#690,#678));
#724= IFCFACEOUTERBOUND(#723,.T.);
#725= IFCFACE((#724));
#726= IFCPOLYLOOP((#678,#690,#691,#679));
#727= IFCFACEOUTERBOUND(#726,.T.);
#728= IFCFACE((#727));
#729= IFCPOLYLOOP((#679,#691,#692,#680));
#730= IFCFACEOUTERBOUND(#729,.T.);
#731= IFCFACE((#730));
#732= IFCPOLYLOOP((#680,#692,#681,#669));
#733= IFCFACEOUTERBOUND(#732,.T.);
#734= IFCFACE((#733));
#735= IFCCARTESIANPOINT((21.6,-47.9254931628329,0.));
#736= IFCCARTESIANPOINT((18.7061487217435,-47.9254931628329,10.8000000000006));
#737= IFCCARTESIANPOINT((10.7999999999987,-47.9254931628329,18.7061487217446));
#738= IFCCARTESIANPOINT((-2.2384857202567E-12,-47.9254931628329,21.6));
#739= IFCCARTESIANPOINT((-10.8000000000026,-47.9254931628329,18.7061487217424));
#740= IFCCARTESIANPOINT((-18.7061487217457,-47.9254931628329,10.7999999999968));
#741= IFCCARTESIANPOINT((-21.6,-47.9254931628329,-4.47697144051339E-12));
#742= IFCCARTESIANPOINT((-18.7061487217413,-47.9254931628329,-10.8000000000045));
#743= IFCCARTESIANPOINT((-10.7999999999948,-47.9254931628329,-18.7061487217469));
#744= IFCCARTESIANPOINT((6.69147634343819E-12,-47.9254931628329,-21.6));
#745= IFCCARTESIANPOINT((10.8000000000064,-47.9254931628329,-18.7061487217402));
#746= IFCCARTESIANPOINT((18.706148721748,-47.9254931628329,-10.7999999999929));
#747= IFCCARTESIANPOINT((21.6,-40.0054931628329,0.));
#748= IFCCARTESIANPOINT((18.7061487217435,-40.0054931628329,10.8000000000006));
#749= IFCCARTESIANPOINT((10.7999999999987,-40.0054931628329,18.7061487217446));
#750= IFCCARTESIANPOINT((-2.2384857202567E-12,-40.0054931628329,21.6));
#751= IFCCARTESIANPOINT((-10.8000000000026,-40.0054931628329,18.7061487217424));
#752= IFCCARTESIANPOINT((-18.7061487217457,-40.0054931628329,10.7999999999968));
#753= IFCCARTESIANPOINT((-21.6,-40.0054931628329,-4.47697144051339E-12));
#754= IFCCARTESIANPOINT((-18.7061487217413,-40.0054931628329,-10.8000000000045));
#755= IFCCARTESIANPOINT((-10.7999999999948,-40.0054931628329,-18.7061487217469));
#756= IFCCARTESIANPOINT((6.69147634343819E-12,-40.0054931628329,-21.6));
#757= IFCCARTESIANPOINT((10.8000000000064,-40.0054931628329,-18.7061487217402));
#758= IFCCARTESIANPOINT((18.706148721748,-40.0054931628329,-10.7999999999929));
#759= IFCPOLYLOOP((#735,#736,#737,#738,#739,#740,#741,#742,#743,#744,#745,#746));
#760= IFCFACEOUTERBOUND(#759,.T.);
#761= IFCFACE((#760));
#762= IFCPOLYLOOP((#758,#757,#756,#755,#754,#753,#752,#751,#750,#749,#748,#747));
#763= IFCFACEOUTERBOUND(#762,.T.);
#764= IFCFACE((#763));
#765= IFCPOLYLOOP((#735,#747,#748,#736));
#766= IFCFACEOUTERBOUND(#765,.T.);
#767= IFCFACE((#766));
#768= IFCPOLYLOOP((#736,#748,#749,#737));
#769= IFCFACEOUTERBOUND(#768,.T.);
#770= IFCFACE((#769));
#771= IFCPOLYLOOP((#737,#749,#750,#738));
#772= IFCFACEOUTERBOUND(#771,.T.);
#773= IFCFACE((#772));
#774= IFCPOLYLOOP((#738,#750,#751,#739));
#775= IFCFACEOUTERBOUND(#774,.T.);
#776= IFCFACE((#775));
#777= IFCPOLYLOOP((#739,#751,#752,#740));
#778= IFCFACEOUTERBOUND(#777,.T.);
#779= IFCFACE((#778));
#780= IFCPOLYLOOP((#740,#752,#753,#741));
#781= IFCFACEOUTERBOUND(#780,.T.);
#782= IFCFACE((#781));
#783= IFCPOLYLOOP((#741,#753,#754,#742));
#784= IFCFACEOUTERBOUND(#783,.T.);
#785= IFCFACE((#784));
#786= IFCPOLYLOOP((#742,#754,#755,#743));
#787= IFCFACEOUTERBOUND(#786,.T.);
#788= IFCFACE((#787));
#789= IFCPOLYLOOP((#743,#755,#756,#744));
#790= IFCFACEOUTERBOUND(#789,.T.);
#791= IFCFACE((#790));
#792= IFCPOLYLOOP((#744,#756,#757,#745));
#793= IFCFACEOUTERBOUND(#792,.T.);
#794= IFCFACE((#793));
#795= IFCPOLYLOOP((#745,#757,#758,#746));
#796= IFCFACEOUTERBOUND(#795,.T.);
#797= IFCFACE((#796));
#798= IFCPOLYLOOP((#746,#758,#747,#735));
#799= IFCFACEOUTERBOUND(#798,.T.);
#800= IFCFACE((#799));
#801= IFCCARTESIANPOINT((21.6,1.21872290037572E-09,0.));
#802= IFCCARTESIANPOINT((18.7061487217435,1.21872290037572E-09,10.8000000000006));
#803= IFCCARTESIANPOINT((10.7999999999987,1.21872290037572E-09,18.7061487217446));
#804= IFCCARTESIANPOINT((-2.2384857202567E-12,1.21872290037572E-09,21.6));
#805= IFCCARTESIANPOINT((-10.8000000000026,1.21872290037572E-09,18.7061487217424));
#806= IFCCARTESIANPOINT((-18.7061487217457,1.21872290037572E-09,10.7999999999968));
#807= IFCCARTESIANPOINT((-21.6,1.21872290037572E-09,-4.47697144051339E-12));
#808= IFCCARTESIANPOINT((-18.7061487217413,1.21872290037572E-09,-10.8000000000045));
#809= IFCCARTESIANPOINT((-10.7999999999948,1.21872290037572E-09,-18.7061487217469));
#810= IFCCARTESIANPOINT((6.69147634343819E-12,1.21872290037572E-09,-21.6));
#811= IFCCARTESIANPOINT((10.8000000000064,1.21872290037572E-09,-18.7061487217402));
#812= IFCCARTESIANPOINT((18.706148721748,1.21872290037572E-09,-10.7999999999929));
#813= IFCCARTESIANPOINT((21.6,7.92000000121872,0.));
#814= IFCCARTESIANPOINT((18.7061487217435,7.92000000121872,10.8000000000006));
#815= IFCCARTESIANPOINT((10.7999999999987,7.92000000121872,18.7061487217446));
#816= IFCCARTESIANPOINT((-2.2384857202567E-12,7.92000000121872,21.6));
#817= IFCCARTESIANPOINT((-10.8000000000026,7.92000000121872,18.7061487217424));
#818= IFCCARTESIANPOINT((-18.7061487217457,7.92000000121872,10.7999999999968));
#819= IFCCARTESIANPOINT((-21.6,7.92000000121872,-4.47697144051339E-12));
#820= IFCCARTESIANPOINT((-18.7061487217413,7.92000000121872,-10.8000000000045));
#821= IFCCARTESIANPOINT((-10.7999999999948,7.92000000121872,-18.7061487217469));
#822= IFCCARTESIANPOINT((6.69147634343819E-12,7.92000000121872,-21.6));
#823= IFCCARTESIANPOINT((10.8000000000064,7.92000000121872,-18.7061487217402));
#824= IFCCARTESIANPOINT((18.706148721748,7.92000000121872,-10.7999999999929));
#825= IFCPOLYLOOP((#801,#802,#803,#804,#805,#806,#807,#808,#809,#810,#811,#812));
#826= IFCFACEOUTERBOUND(#825,.T.);
#827= IFCFACE((#826));
#828= IFCPOLYLOOP((#824,#823,#822,#821,#820,#819,#818,#817,#816,#815,#814,#813));
#829= IFCFACEOUTERBOUND(#828,.T.);
#830= IFCFACE((#829));
#831= IFCPOLYLOOP((#801,#813,#814,#802));
#832= IFCFACEOUTERBOUND(#831,.T.);
#833= IFCFACE((#832));
#834= IFCPOLYLOOP((#802,#814,#815,#803));
#835= IFCFACEOUTERBOUND(#834,.T.);
#836= IFCFACE((#835));
#837= IFCPOLYLOOP((#803,#815,#816,#804));
#838= IFCFACEOUTERBOUND(#837,.T.);
#839= IFCFACE((#838));
#840= IFCPOLYLOOP((#804,#816,#817,#805));
#841= IFCFACEOUTERBOUND(#840,.T.);
#842= IFCFACE((#841));
#843= IFCPOLYLOOP((#805,#817,#818,#806));
#844= IFCFACEOUTERBOUND(#843,.T.);
#845= IFCFACE((#844));
#846= IFCPOLYLOOP((#806,#818,#819,#807));
#847= IFCFACEOUTERBOUND(#846,.T.);
#848= IFCFACE((#847));
#849= IFCPOLYLOOP((#807,#819,#820,#808));
#850= IFCFACEOUTERBOUND(#849,.T.);
#851= IFCFACE((#850));
#852= IFCPOLYLOOP((#808,#820,#821,#809));
#853= IFCFACEOUTERBOUND(#852,.T.);
#854= IFCFACE((#853));
#855= IFCPOLYLOOP((#809,#821,#822,#810));
#856= IFCFACEOUTERBOUND(#855,.T.);
#857= IFCFACE((#856));
#858= IFCPOLYLOOP((#810,#822,#823,#811));
#859= IFCFACEOUTERBOUND(#858,.T.);
#860= IFCFACE((#859));
#861= IFCPOLYLOOP((#811,#823,#824,#812));
#862= IFCFACEOUTERBOUND(#861,.T.);
#863= IFCFACE((#862));
#864= IFCPOLYLOOP((#812,#824,#813,#801));
#865= IFCFACEOUTERBOUND(#864,.T.);
#866= IFCFACE((#865));
#867= IFCCARTESIANPOINT((23.0016347245147,7.92000000121872,0.));
#868= IFCCARTESIANPOINT((11.5008173622573,7.92000000121872,19.92));
#869= IFCCARTESIANPOINT((-11.5008173622573,7.92000000121872,19.92));
#870= IFCCARTESIANPOINT((-23.0016347245147,7.92000000121872,2.81688783405335E-15));
#871= IFCCARTESIANPOINT((-11.5008173622574,7.92000000121872,-19.92));
#872= IFCCARTESIANPOINT((11.5008173622573,7.92000000121872,-19.92));
#873= IFCCARTESIANPOINT((23.0016347245147,23.7600000012187,0.));
#874= IFCCARTESIANPOINT((11.5008173622573,23.7600000012187,19.92));
#875= IFCCARTESIANPOINT((-11.5008173622573,23.7600000012187,19.92));
#876= IFCCARTESIANPOINT((-23.0016347245147,23.7600000012187,2.81688783405335E-15));
#877= IFCCARTESIANPOINT((-11.5008173622574,23.7600000012187,-19.92));
#878= IFCCARTESIANPOINT((11.5008173622573,23.7600000012187,-19.92));
#879= IFCPOLYLOOP((#867,#868,#869,#870,#871,#872));
#880= IFCFACEOUTERBOUND(#879,.T.);
#881= IFCFACE((#880));
#882= IFCPOLYLOOP((#878,#877,#876,#875,#874,#873));
#883= IFCFACEOUTERBOUND(#882,.T.);
#884= IFCFACE((#883));
#885= IFCPOLYLOOP((#867,#873,#874,#868));
#886= IFCFACEOUTERBOUND(#885,.T.);
#887= IFCFACE((#886));
#888= IFCPOLYLOOP((#868,#874,#875,#869));
#889= IFCFACEOUTERBOUND(#888,.T.);
#890= IFCFACE((#889));
#891= IFCPOLYLOOP((#869,#875,#876,#870));
#892= IFCFACEOUTERBOUND(#891,.T.);
#893= IFCFACE((#892));
#894= IFCPOLYLOOP((#870,#876,#877,#871));
#895= IFCFACEOUTERBOUND(#894,.T.);
#896= IFCFACE((#895));
#897= IFCPOLYLOOP((#871,#877,#878,#872));
#898= IFCFACEOUTERBOUND(#897,.T.);
#899= IFCFACE((#898));
#900= IFCPOLYLOOP((#872,#878,#873,#867));
#901= IFCFACEOUTERBOUND(#900,.T.);
#902= IFCFACE((#901));
#903= IFCCLOSEDSHELL((#647,#650,#653,#656,#659,#662,#665,#668,#695,#698,#701,#704,#707,#710,#713,#716,#719,#722,#725,#728,#731,#734,#761,#764,#767,#770,#773,#776,#779,#782,#785,#788,#791,#794,#797,#800,#827,#830,#833,#836,#839,#842,#845,#848,#851,#854,#857,#860,#863,#866,#881,#884,#887,#890,#893,#896,#899,#902));
#904= IFCFACETEDBREP(#903);
#905= IFCSTYLEDITEM(#904,(#48),$);
#906= IFCCLOSEDSHELL((#527,#530,#533,#536,#539,#542,#545,#548,#551,#554,#557,#560,#563,#566,#593,#596,#599,#602,#605,#608,#611,#614,#617,#620,#623,#626,#629,#632));
#907= IFCFACETEDBREP(#906);
#908= IFCSTYLEDITEM(#907,(#119),$);
#909= IFCSHAPEREPRESENTATION(#12,'Body','Brep',(#904,#907));
#910= IFCREPRESENTATIONMAP(#10,#909);
#911= IFCMAPPEDITEM(#910,#122);
#912= IFCSHAPEREPRESENTATION(#12,'Body','MappedRepresentation',(#911));
#913= IFCPRODUCTDEFINITIONSHAPE($,$,(#912));
#914= IFCCARTESIANPOINT((1170.0027466341,11215.0027465543,16579.9995422363));
#915= IFCDIRECTION((0.,0.,-1.));
#916= IFCAXIS2PLACEMENT3D(#914,#7,#915);
#917= IFCLOCALPLACEMENT(#42,#916);
#918= IFCMECHANICALFASTENER('3dNx05FbzAjhkS7502sJeE',#500,'Bolt assembly',$,$,#917,#913,'IDe75fb005-3e5f-4ab6-bb9c-1c5002d93a0e',24.,85.);
#919= IFCPROPERTYSINGLEVALUE('Washer count',$,IFCINTEGER(2),$);
#920= IFCPROPERTYSINGLEVALUE('Nut count',$,IFCINTEGER(1),$);
#921= IFCPROPERTYSINGLEVALUE('Bolt size',$,IFCLENGTHMEASURE(24.),$);
#922= IFCPROPERTYSINGLEVALUE('Bolt length',$,IFCLENGTHMEASURE(85.),$);
#923= IFCPROPERTYSET('3CbQlfhWf17ucWIhLce3UX',#5,'Tekla Bolt','Bolt Properties',(#919,#136,#137,#138,#920,#140,#141,#329,#143,#144,#145,#146,#921,#922,#149,#150));
#924= IFCMAPPEDITEM(#910,#122);
#925= IFCSHAPEREPRESENTATION(#12,'Body','MappedRepresentation',(#924));
#926= IFCPRODUCTDEFINITIONSHAPE($,$,(#925));
#927= IFCCARTESIANPOINT((1290.00274663409,11215.0027465548,16579.9995422363));
#928= IFCAXIS2PLACEMENT3D(#927,#7,#915);
#929= IFCLOCALPLACEMENT(#42,#928);
#930= IFCMECHANICALFASTENER('1tLkWAXW94mQzoPykbLOin',#500,'Bolt assembly',$,$,#929,#926,'ID7756e80a-8602-44c1-af72-67cba5558b31',24.,85.);
#931= IFCMAPPEDITEM(#910,#122);
#932= IFCSHAPEREPRESENTATION(#12,'Body','MappedRepresentation',(#931));
#933= IFCPRODUCTDEFINITIONSHAPE($,$,(#932));
#934= IFCCARTESIANPOINT((1410.00274663407,11215.0027465552,16579.9995422363));
#935= IFCAXIS2PLACEMENT3D(#934,#7,#915);
#936= IFCLOCALPLACEMENT(#42,#935);
#937= IFCMECHANICALFASTENER('3ddfJlRYbFOfu79wUQAyiJ',#500,'Bolt assembly',$,$,#936,#933,'IDe79e94ef-6e29-4f62-9e07-27a79a2bcb13',24.,85.);
#938= IFCMAPPEDITEM(#910,#122);
#939= IFCSHAPEREPRESENTATION(#12,'Body','MappedRepresentation',(#938));
#940= IFCPRODUCTDEFINITIONSHAPE($,$,(#939));
#941= IFCCARTESIANPOINT((1170.0027466341,11215.0027465543,16699.9995422363));
#942= IFCAXIS2PLACEMENT3D(#941,#7,#915);
#943= IFCLOCALPLACEMENT(#42,#942);
#944= IFCMECHANICALFASTENER('1iqnf0anrFnuufNXJwvqPk',#500,'Bolt assembly',$,$,#943,#940,'ID6cd31a40-931d-4fc7-8e29-5e14fae7466e',24.,85.);
#945= IFCMAPPEDITEM(#910,#122);
#946= IFCSHAPEREPRESENTATION(#12,'Body','MappedRepresentation',(#945));
#947= IFCPRODUCTDEFINITIONSHAPE($,$,(#946));
#948= IFCCARTESIANPOINT((1410.00274663407,11215.0027465552,16699.9995422363));
#949= IFCAXIS2PLACEMENT3D(#948,#7,#915);
#950= IFCLOCALPLACEMENT(#42,#949);
#951= IFCMECHANICALFASTENER('1zn$RIozn3DgwjBS9VotxT',#500,'Bolt assembly',$,$,#950,#947,'ID7dc7f6d2-cbdc-4336-aead-2dc25fcb7edd',24.,85.);
#952= IFCMAPPEDITEM(#910,#122);
#953= IFCSHAPEREPRESENTATION(#12,'Body','MappedRepresentation',(#952));
#954= IFCPRODUCTDEFINITIONSHAPE($,$,(#953));
#955= IFCCARTESIANPOINT((1170.0027466341,11215.0027465543,16814.9995422363));
#956= IFCAXIS2PLACEMENT3D(#955,#7,#915);
#957= IFCLOCALPLACEMENT(#42,#956);
#958= IFCMECHANICALFASTENER('0FZRWpf0P5ReQVgLxaIdta',#500,'Bolt assembly',$,$,#957,#954,'ID0f8db833-a406-456e-869f-a95ee44a7de4',24.,85.);
#959= IFCMAPPEDITEM(#910,#122);
#960= IFCSHAPEREPRESENTATION(#12,'Body','MappedRepresentation',(#959));
#961= IFCPRODUCTDEFINITIONSHAPE($,$,(#960));
#962= IFCCARTESIANPOINT((1410.00274663407,11215.0027465552,16814.9995422363));
#963= IFCAXIS2PLACEMENT3D(#962,#7,#915);
#964= IFCLOCALPLACEMENT(#42,#963);
#965= IFCMECHANICALFASTENER('34iDXCOAbCKOlhLn$1_2mI',#500,'Bolt assembly',$,$,#964,#961,'IDc4b0d84c-60a9-4c51-8beb-571fc1f82c12',24.,85.);
#966= IFCMAPPEDITEM(#910,#122);
#967= IFCSHAPEREPRESENTATION(#12,'Body','MappedRepresentation',(#966));
#968= IFCPRODUCTDEFINITIONSHAPE($,$,(#967));
#969= IFCCARTESIANPOINT((1170.0027466341,11215.0027465543,16929.9995422363));
#970= IFCAXIS2PLACEMENT3D(#969,#7,#915);
#971= IFCLOCALPLACEMENT(#42,#970);
#972= IFCMECHANICALFASTENER('1dwr0Vc0j3MgqD62hFp9Na',#500,'Bolt assembly',$,$,#971,#968,'ID67eb501f-980b-435a-ad0d-182acfcc95e4',24.,85.);
#973= IFCMAPPEDITEM(#910,#122);
#974= IFCSHAPEREPRESENTATION(#12,'Body','MappedRepresentation',(#973));
#975= IFCPRODUCTDEFINITIONSHAPE($,$,(#974));
#976= IFCCARTESIANPOINT((1290.00274663409,11215.0027465548,16929.9995422363));
#977= IFCAXIS2PLACEMENT3D(#976,#7,#915);
#978= IFCLOCALPLACEMENT(#42,#977);
#979= IFCMECHANICALFASTENER('29Wlxx5PL9cexqhwAmxq7x',#500,'Bolt assembly',$,$,#978,#975,'ID8982fefb-1595-499a-8ef4-afa2b0ef41fb',24.,85.);
#980= IFCMAPPEDITEM(#910,#122);
#981= IFCSHAPEREPRESENTATION(#12,'Body','MappedRepresentation',(#980));
#982= IFCPRODUCTDEFINITIONSHAPE($,$,(#981));
#983= IFCCARTESIANPOINT((1410.00274663407,11215.0027465552,16929.9995422363));
#984= IFCAXIS2PLACEMENT3D(#983,#7,#915);
#985= IFCLOCALPLACEMENT(#42,#984);
#986= IFCMECHANICALFASTENER('2Kh5oCVJ5E4wW_$q$vXZDJ',#500,'Bolt assembly',$,$,#985,#982,'ID94ac5c8c-7d31-4e13-a83e-ff4ff9863353',24.,85.);
#987= IFCCOLOURRGB('Dark Gray',0.709803921568627,0.403921568627451,0.2);
#988= IFCSURFACESTYLERENDERING(#987,0.,$,$,$,$,IFCNORMALISEDRATIOMEASURE(0.00390625),IFCSPECULAREXPONENT(10.),.NOTDEFINED.);
#989= IFCSURFACESTYLE('STEEL/S275',.POSITIVE.,(#988));
#990= IFCPRESENTATIONSTYLEASSIGNMENT((#989));
#991= IFCCARTESIANPOINT((1.81898940354586E-12,-5.,20.));
#992= IFCCARTESIANPOINT((5.45696821063757E-12,-5.,100.));
#993= IFCCARTESIANPOINT((5.45696821063757E-12,5.,100.));
#994= IFCCARTESIANPOINT((1.81898940354586E-12,5.,20.));
#995= IFCPOLYLOOP((#991,#992,#993,#994));
#996= IFCFACEOUTERBOUND(#995,.T.);
#997= IFCFACE((#996));
#998= IFCCARTESIANPOINT((3.90180644032807,-5.,100.384294391935));
#999= IFCCARTESIANPOINT((3.90180644032807,5.,100.384294391935));
#1000= IFCPOLYLOOP((#992,#998,#999,#993));
#1001= IFCFACEOUTERBOUND(#1000,.T.);
#1002= IFCFACE((#1001));
#1003= IFCCARTESIANPOINT((7.65366864730822,-5.,101.522409349774));
#1004= IFCCARTESIANPOINT((7.65366864730822,5.,101.522409349774));
#1005= IFCPOLYLOOP((#998,#1003,#1004,#999));
#1006= IFCFACEOUTERBOUND(#1005,.T.);
#1007= IFCFACE((#1006));
#1008= IFCCARTESIANPOINT((11.111404660398,-5.,103.370607753949));
#1009= IFCCARTESIANPOINT((11.111404660398,5.,103.370607753949));
#1010= IFCPOLYLOOP((#1003,#1008,#1009,#1004));
#1011= IFCFACEOUTERBOUND(#1010,.T.);
#1012= IFCFACE((#1011));
#1013= IFCCARTESIANPOINT((14.142135623737,-5.,105.857864376269));
#1014= IFCCARTESIANPOINT((14.142135623737,5.,105.857864376269));
#1015= IFCPOLYLOOP((#1008,#1013,#1014,#1009));
#1016= IFCFACEOUTERBOUND(#1015,.T.);
#1017= IFCFACE((#1016));
#1018= IFCCARTESIANPOINT((16.6293922460573,-5.,108.888595339607));
#1019= IFCCARTESIANPOINT((16.6293922460573,5.,108.888595339607));
#1020= IFCPOLYLOOP((#1013,#1018,#1019,#1014));
#1021= IFCFACEOUTERBOUND(#1020,.T.);
#1022= IFCFACE((#1021));
#1023= IFCCARTESIANPOINT((18.4775906502327,-5.,112.346331352698));
#1024= IFCCARTESIANPOINT((18.4775906502327,5.,112.346331352698));
#1025= IFCPOLYLOOP((#1018,#1023,#1024,#1019));
#1026= IFCFACEOUTERBOUND(#1025,.T.);
#1027= IFCFACE((#1026));
#1028= IFCCARTESIANPOINT((19.6157056080719,-5.,116.098193559677));
#1029= IFCCARTESIANPOINT((19.6157056080719,5.,116.098193559677));
#1030= IFCPOLYLOOP((#1023,#1028,#1029,#1024));
#1031= IFCFACEOUTERBOUND(#1030,.T.);
#1032= IFCFACE((#1031));
#1033= IFCCARTESIANPOINT((20.0000000000073,-5.,120.));
#1034= IFCCARTESIANPOINT((20.0000000000073,5.,120.));
#1035= IFCPOLYLOOP((#1028,#1033,#1034,#1029));
#1036= IFCFACEOUTERBOUND(#1035,.T.);
#1037= IFCFACE((#1036));
#1038= IFCCARTESIANPOINT((110.,-5.,120.));
#1039= IFCCARTESIANPOINT((110.,5.,120.));
#1040= IFCPOLYLOOP((#1033,#1038,#1039,#1034));
#1041= IFCFACEOUTERBOUND(#1040,.T.);
#1042= IFCFACE((#1041));
#1043= IFCCARTESIANPOINT((110.384294391935,-5.,116.098193559677));
#1044= IFCCARTESIANPOINT((110.384294391935,5.,116.098193559677));
#1045= IFCPOLYLOOP((#1038,#1043,#1044,#1039));
#1046= IFCFACEOUTERBOUND(#1045,.T.);
#1047= IFCFACE((#1046));
#1048= IFCCARTESIANPOINT((111.522409349775,-5.,112.346331352698));
#1049= IFCCARTESIANPOINT((111.522409349775,5.,112.346331352698));
#1050= IFCPOLYLOOP((#1043,#1048,#1049,#1044));
#1051= IFCFACEOUTERBOUND(#1050,.T.);
#1052= IFCFACE((#1051));
#1053= IFCCARTESIANPOINT((113.370607753948,-5.,108.888595339608));
#1054= IFCCARTESIANPOINT((113.370607753948,5.,108.888595339608));
#1055= IFCPOLYLOOP((#1048,#1053,#1054,#1049));
#1056= IFCFACEOUTERBOUND(#1055,.T.);
#1057= IFCFACE((#1056));
#1058= IFCCARTESIANPOINT((115.857864376268,-5.,105.857864376269));
#1059= IFCCARTESIANPOINT((115.857864376268,5.,105.857864376269));
#1060= IFCPOLYLOOP((#1053,#1058,#1059,#1054));
#1061= IFCFACEOUTERBOUND(#1060,.T.);
#1062= IFCFACE((#1061));
#1063= IFCCARTESIANPOINT((118.888595339607,-5.,103.370607753949));
#1064= IFCCARTESIANPOINT((118.888595339607,5.,103.370607753949));
#1065= IFCPOLYLOOP((#1058,#1063,#1064,#1059));
#1066= IFCFACEOUTERBOUND(#1065,.T.);
#1067= IFCFACE((#1066));
#1068= IFCCARTESIANPOINT((122.346331352699,-5.,101.522409349774));
#1069= IFCCARTESIANPOINT((122.346331352699,5.,101.522409349774));
#1070= IFCPOLYLOOP((#1063,#1068,#1069,#1064));
#1071= IFCFACEOUTERBOUND(#1070,.T.);
#1072= IFCFACE((#1071));
#1073= IFCCARTESIANPOINT((126.098193559677,-5.,100.384294391935));
#1074= IFCCARTESIANPOINT((126.098193559677,5.,100.384294391935));
#1075= IFCPOLYLOOP((#1068,#1073,#1074,#1069));
#1076= IFCFACEOUTERBOUND(#1075,.T.);
#1077= IFCFACE((#1076));
#1078= IFCCARTESIANPOINT((130.,-5.,100.));
#1079= IFCCARTESIANPOINT((130.,5.,100.));
#1080= IFCPOLYLOOP((#1073,#1078,#1079,#1074));
#1081= IFCFACEOUTERBOUND(#1080,.T.);
#1082= IFCFACE((#1081));
#1083= IFCCARTESIANPOINT((130.,-5.,20.));
#1084= IFCCARTESIANPOINT((130.,5.,20.));
#1085= IFCPOLYLOOP((#1078,#1083,#1084,#1079));
#1086= IFCFACEOUTERBOUND(#1085,.T.);
#1087= IFCFACE((#1086));
#1088= IFCCARTESIANPOINT((126.098193559677,-5.,19.6157056080647));
#1089= IFCCARTESIANPOINT((126.098193559677,5.,19.6157056080647));
#1090= IFCPOLYLOOP((#1083,#1088,#1089,#1084));
#1091= IFCFACEOUTERBOUND(#1090,.T.);
#1092= IFCFACE((#1091));
#1093= IFCCARTESIANPOINT((122.346331352699,-5.,18.4775906502257));
#1094= IFCCARTESIANPOINT((122.346331352699,5.,18.4775906502257));
#1095= IFCPOLYLOOP((#1088,#1093,#1094,#1089));
#1096= IFCFACEOUTERBOUND(#1095,.T.);
#1097= IFCFACE((#1096));
#1098= IFCCARTESIANPOINT((118.888595339607,-5.,16.6293922460509));
#1099= IFCCARTESIANPOINT((118.888595339607,5.,16.6293922460509));
#1100= IFCPOLYLOOP((#1093,#1098,#1099,#1094));
#1101= IFCFACEOUTERBOUND(#1100,.T.);
#1102= IFCFACE((#1101));
#1103= IFCCARTESIANPOINT((115.857864376268,-5.,14.1421356237308));
#1104= IFCCARTESIANPOINT((115.857864376268,5.,14.1421356237308));
#1105= IFCPOLYLOOP((#1098,#1103,#1104,#1099));
#1106= IFCFACEOUTERBOUND(#1105,.T.);
#1107= IFCFACE((#1106));
#1108= IFCCARTESIANPOINT((113.370607753948,-5.,11.1114046603921));
#1109= IFCCARTESIANPOINT((113.370607753948,5.,11.1114046603921));
#1110= IFCPOLYLOOP((#1103,#1108,#1109,#1104));
#1111= IFCFACEOUTERBOUND(#1110,.T.);
#1112= IFCFACE((#1111));
#1113= IFCCARTESIANPOINT((111.522409349775,-5.,7.65366864730186));
#1114= IFCCARTESIANPOINT((111.522409349775,5.,7.65366864730186));
#1115= IFCPOLYLOOP((#1108,#1113,#1114,#1109));
#1116= IFCFACEOUTERBOUND(#1115,.T.);
#1117= IFCFACE((#1116));
#1118= IFCCARTESIANPOINT((110.384294391935,-5.,3.90180644032262));
#1119= IFCCARTESIANPOINT((110.384294391935,5.,3.90180644032262));
#1120= IFCPOLYLOOP((#1113,#1118,#1119,#1114));
#1121= IFCFACEOUTERBOUND(#1120,.T.);
#1122= IFCFACE((#1121));
#1123= IFCCARTESIANPOINT((110.,-5.,0.));
#1124= IFCCARTESIANPOINT((110.,5.,0.));
#1125= IFCPOLYLOOP((#1118,#1123,#1124,#1119));
#1126= IFCFACEOUTERBOUND(#1125,.T.);
#1127= IFCFACE((#1126));
#1128= IFCCARTESIANPOINT((20.,-5.,0.));
#1129= IFCCARTESIANPOINT((20.,5.,0.));
#1130= IFCPOLYLOOP((#1123,#1128,#1129,#1124));
#1131= IFCFACEOUTERBOUND(#1130,.T.);
#1132= IFCFACE((#1131));
#1133= IFCCARTESIANPOINT((19.6157056080647,-5.,3.90180644032239));
#1134= IFCCARTESIANPOINT((19.6157056080647,5.,3.90180644032239));
#1135= IFCPOLYLOOP((#1128,#1133,#1134,#1129));
#1136= IFCFACEOUTERBOUND(#1135,.T.);
#1137= IFCFACE((#1136));
#1138= IFCCARTESIANPOINT((18.4775906502255,-5.,7.65366864730163));
#1139= IFCCARTESIANPOINT((18.4775906502255,5.,7.65366864730163));
#1140= IFCPOLYLOOP((#1133,#1138,#1139,#1134));
#1141= IFCFACEOUTERBOUND(#1140,.T.);
#1142= IFCFACE((#1141));
#1143= IFCCARTESIANPOINT((16.6293922460518,-5.,11.1114046603916));
#1144= IFCCARTESIANPOINT((16.6293922460518,5.,11.1114046603916));
#1145= IFCPOLYLOOP((#1138,#1143,#1144,#1139));
#1146= IFCFACEOUTERBOUND(#1145,.T.);
#1147= IFCFACE((#1146));
#1148= IFCCARTESIANPOINT((14.1421356237315,-5.,14.1421356237306));
#1149= IFCCARTESIANPOINT((14.1421356237315,5.,14.1421356237306));
#1150= IFCPOLYLOOP((#1143,#1148,#1149,#1144));
#1151= IFCFACEOUTERBOUND(#1150,.T.);
#1152= IFCFACE((#1151));
#1153= IFCCARTESIANPOINT((11.1114046603925,-5.,16.6293922460504));
#1154= IFCCARTESIANPOINT((11.1114046603925,5.,16.6293922460504));
#1155= IFCPOLYLOOP((#1148,#1153,#1154,#1149));
#1156= IFCFACEOUTERBOUND(#1155,.T.);
#1157= IFCFACE((#1156));
#1158= IFCCARTESIANPOINT((7.65366864730277,-5.,18.4775906502255));
#1159= IFCCARTESIANPOINT((7.65366864730277,5.,18.4775906502255));
#1160= IFCPOLYLOOP((#1153,#1158,#1159,#1154));
#1161= IFCFACEOUTERBOUND(#1160,.T.);
#1162= IFCFACE((#1161));
#1163= IFCCARTESIANPOINT((3.90180644032444,-5.,19.6157056080644));
#1164= IFCCARTESIANPOINT((3.90180644032444,5.,19.6157056080644));
#1165= IFCPOLYLOOP((#1158,#1163,#1164,#1159));
#1166= IFCFACEOUTERBOUND(#1165,.T.);
#1167= IFCFACE((#1166));
#1168= IFCPOLYLOOP((#1163,#991,#994,#1164));
#1169= IFCFACEOUTERBOUND(#1168,.T.);
#1170= IFCFACE((#1169));
#1171= IFCPOLYLOOP((#999,#1004,#1009,#1014,#1019,#1024,#1029,#1034,#1039,#1044,#1049,#1054,#1059,#1064,#1069,#1074,#1079,#1084,#1089,#1094,#1099,#1104,#1109,#1114,#1119,#1124,#1129,#1134,#1139,#1144,#1149,#1154,#1159,#1164,#994,#993));
#1172= IFCFACEOUTERBOUND(#1171,.T.);
#1173= IFCFACE((#1172));
#1174= IFCPOLYLOOP((#1163,#1158,#1153,#1148,#1143,#1138,#1133,#1128,#1123,#1118,#1113,#1108,#1103,#1098,#1093,#1088,#1083,#1078,#1073,#1068,#1063,#1058,#1053,#1048,#1043,#1038,#1033,#1028,#1023,#1018,#1013,#1008,#1003,#998,#992,#991));
#1175= IFCFACEOUTERBOUND(#1174,.T.);
#1176= IFCFACE((#1175));
#1177= IFCCLOSEDSHELL((#997,#1002,#1007,#1012,#1017,#1022,#1027,#1032,#1037,#1042,#1047,#1052,#1057,#1062,#1067,#1072,#1077,#1082,#1087,#1092,#1097,#1102,#1107,#1112,#1117,#1122,#1127,#1132,#1137,#1142,#1147,#1152,#1157,#1162,#1167,#1170,#1173,#1176));
#1178= IFCFACETEDBREP(#1177);
#1179= IFCSTYLEDITEM(#1178,(#990),$);
#1180= IFCSHAPEREPRESENTATION(#12,'Body','Brep',(#1178));
#1181= IFCPRODUCTDEFINITIONSHAPE($,$,(#1180));
#1182= IFCCARTESIANPOINT((1230.0027466421,11174.9972533904,16754.9995422363));
#1183= IFCDIRECTION((0.,-1.,0.));
#1184= IFCAXIS2PLACEMENT3D(#1182,#7,#1183);
#1185= IFCLOCALPLACEMENT(#42,#1184);
#1186= IFCPLATE('0yFF1rlNbDTfgouH93Sy0a',#245,'PLATE-10','PL10*120',$,#1185,#1181,'ID3c3cf075-bd79-4d76-9ab2-e1124373c024');
#1187= IFCPLATETYPE('26hLgPcPL9_ws1JCuMeg$v',#5,'PL10*120',$,$,$,$,$,$,.NOTDEFINED.);
#1188= IFCPROPERTYSINGLEVALUE('Bottom elevation',$,IFCLABEL(' +16.750'),$);
#1189= IFCPROPERTYSINGLEVALUE('Top elevation',$,IFCLABEL(' +16.760'),$);
#1190= IFCPROPERTYSINGLEVALUE('Initial GUID',$,$,$);
#1191= IFCPROPERTYSINGLEVALUE('Preliminary mark',$,IFCLABEL('5-2-P92'),$);
#1192= IFCPROPERTYSINGLEVALUE('Phase',$,IFCINTEGER(4),$);
#1193= IFCPROPERTYSINGLEVALUE('Class',$,IFCLABEL('22'),$);
#1194= IFCPROPERTYSET('1$x7_Dc41FTe$$NSZ5JNcD',#5,'Tekla Common','Common Properties to Shared building elements',(#1188,#1189,#1190,#1191,#1192,#1193));
#1195= IFCPROPERTYSINGLEVALUE('Weight',$,IFCMASSMEASURE(1.13),$);
#1196= IFCPROPERTYSINGLEVALUE('Volume',$,IFCVOLUMEMEASURE(0.),$);
#1197= IFCPROPERTYSINGLEVALUE('Gross footprint area',$,IFCAREAMEASURE(0.014),$);
#1198= IFCPROPERTYSINGLEVALUE('Area per tons',$,IFCAREAMEASURE(29.609),$);
#1199= IFCPROPERTYSINGLEVALUE('Net surface area',$,IFCAREAMEASURE(0.033),$);
#1200= IFCPROPERTYSINGLEVALUE('Height',$,IFCLENGTHMEASURE(120.),$);
#1201= IFCPROPERTYSINGLEVALUE('Width',$,IFCLENGTHMEASURE(10.),$);
#1202= IFCPROPERTYSINGLEVALUE('Length',$,IFCLENGTHMEASURE(130.),$);
#1203= IFCPROPERTYSET('0aoV7m_RXFTey911GRCpnB',#5,'Tekla Quantity','Quantity Properties to Shared building elements',(#1195,#1196,#1197,#1198,#1199,#1200,#1201,#1202));
#1204= IFCPROPERTYSINGLEVALUE('LoadBearing',$,IFCBOOLEAN(.F.),$);
#1205= IFCPROPERTYSINGLEVALUE('Reference',$,IFCIDENTIFIER('5-2-P92'),$);
#1206= IFCPROPERTYSET('2asL7b2hHCB9m9AkCbdySk',#5,'Pset_PlateCommon','Common Properties to plate elements',(#1204,#1205));
#1207= IFCQUANTITYLENGTH('Width',$,$,120.);
#1208= IFCQUANTITYAREA('NetArea',$,$,0.033357463274411);
#1209= IFCQUANTITYAREA('GrossArea',$,$,0.0155999999999999);
#1210= IFCQUANTITYAREA('CrossSectionArea',$,$,0.0001);
#1211= IFCQUANTITYVOLUME('NetVolume',$,$,0.000143514219390963);
#1212= IFCQUANTITYVOLUME('GrossVolume',$,$,0.000143514219390963);
#1213= IFCELEMENTQUANTITY('0MjoNKcOn7MhGDX$yAPvFi',#5,'BaseQuantities',$,$,(#1207,#1208,#1209,#1210,#1211,#1212));
#1214= IFCMATERIAL('STEEL/S275');
#1215= IFCCARTESIANPOINT((0.,-5.,105.));
#1216= IFCCARTESIANPOINT((0.,5.,105.));
#1217= IFCPOLYLOOP((#991,#1215,#1216,#994));
#1218= IFCFACEOUTERBOUND(#1217,.T.);
#1219= IFCFACE((#1218));
#1220= IFCCARTESIANPOINT((130.,-5.,105.));
#1221= IFCCARTESIANPOINT((130.,5.,105.));
#1222= IFCPOLYLOOP((#1215,#1220,#1221,#1216));
#1223= IFCFACEOUTERBOUND(#1222,.T.);
#1224= IFCFACE((#1223));
#1225= IFCPOLYLOOP((#1220,#1083,#1084,#1221));
#1226= IFCFACEOUTERBOUND(#1225,.T.);
#1227= IFCFACE((#1226));
#1228= IFCPOLYLOOP((#1221,#1084,#1089,#1094,#1099,#1104,#1109,#1114,#1119,#1124,#1129,#1134,#1139,#1144,#1149,#1154,#1159,#1164,#994,#1216));
#1229= IFCFACEOUTERBOUND(#1228,.T.);
#1230= IFCFACE((#1229));
#1231= IFCPOLYLOOP((#1163,#1158,#1153,#1148,#1143,#1138,#1133,#1128,#1123,#1118,#1113,#1108,#1103,#1098,#1093,#1088,#1083,#1220,#1215,#991));
#1232= IFCFACEOUTERBOUND(#1231,.T.);
#1233= IFCFACE((#1232));
#1234= IFCCLOSEDSHELL((#1219,#1224,#1227,#1092,#1097,#1102,#1107,#1112,#1117,#1122,#1127,#1132,#1137,#1142,#1147,#1152,#1157,#1162,#1167,#1170,#1230,#1233));
#1235= IFCFACETEDBREP(#1234);
#1236= IFCSTYLEDITEM(#1235,(#990),$);
#1237= IFCSHAPEREPRESENTATION(#12,'Body','Brep',(#1235));
#1238= IFCPRODUCTDEFINITIONSHAPE($,$,(#1237));
#1239= IFCCARTESIANPOINT((1219.99725347804,11174.9972533904,16754.9995422363));
#1240= IFCDIRECTION((-1.,0.,0.));
#1241= IFCAXIS2PLACEMENT3D(#1239,#1240,#1183);
#1242= IFCLOCALPLACEMENT(#42,#1241);
#1243= IFCPLATE('2NqPkMVTz2OOppOyKSO_Y5',#245,'PLATE-10','PL10*105',$,#1242,#1238,'ID97d19b96-7ddf-4261-8cf3-63c51c63e885');
#1244= IFCPLATETYPE('3$2nOABqr4RgOSY6wRKanH',#5,'PL10*105',$,$,$,$,$,$,.NOTDEFINED.);
#1245= IFCPROPERTYSINGLEVALUE('Preliminary mark',$,IFCLABEL('5-2-P99'),$);
#1246= IFCPROPERTYSET('1eld64fFH7LuvO3vhHr06H',#5,'Tekla Common','Common Properties to Shared building elements',(#1188,#1189,#1190,#1245,#1192,#1193));
#1247= IFCPROPERTYSINGLEVALUE('Weight',$,IFCMASSMEASURE(1.02),$);
#1248= IFCPROPERTYSINGLEVALUE('Area per tons',$,IFCAREAMEASURE(29.905),$);
#1249= IFCPROPERTYSINGLEVALUE('Net surface area',$,IFCAREAMEASURE(0.031),$);
#1250= IFCPROPERTYSINGLEVALUE('Height',$,IFCLENGTHMEASURE(105.),$);
#1251= IFCPROPERTYSET('2A44e9JkP9fvor4__idl7n',#5,'Tekla Quantity','Quantity Properties to Shared building elements',(#1247,#1196,#1197,#1248,#1249,#1250,#1201,#1202));
#1252= IFCPROPERTYSINGLEVALUE('Reference',$,IFCIDENTIFIER('5-2-P99'),$);
#1253= IFCPROPERTYSET('35j1sX7IP4ReFiaFYh8bDQ',#5,'Pset_PlateCommon','Common Properties to plate elements',(#1204,#1252));
#1254= IFCQUANTITYLENGTH('Width',$,$,105.);
#1255= IFCQUANTITYAREA('NetArea',$,$,0.030578731637206);
#1256= IFCQUANTITYAREA('GrossArea',$,$,0.01365);
#1257= IFCQUANTITYVOLUME('NetVolume',$,$,0.000130257109695484);
#1258= IFCQUANTITYVOLUME('GrossVolume',$,$,0.000130257109695484);
#1259= IFCELEMENTQUANTITY('14aWZiUwb92QVzpJvLlf89',#5,'BaseQuantities',$,$,(#1254,#1255,#1256,#1210,#1257,#1258));
#1260= IFCSHAPEREPRESENTATION(#12,'Body','Brep',(#1235));
#1261= IFCPRODUCTDEFINITIONSHAPE($,$,(#1260));
#1262= IFCCARTESIANPOINT((1360.00274664209,11174.997253391,16754.9995422363));
#1263= IFCAXIS2PLACEMENT3D(#1262,#7,#1183);
#1264= IFCLOCALPLACEMENT(#42,#1263);
#1265= IFCPLATE('1njpKrCRvDIBiN$Xbkk0dn',#245,'PLATE-10','PL10*105',$,#1264,#1261,'ID71b73535-31be-4d48-bb17-fe196eb809f1');
#1266= IFCCARTESIANPOINT((-5.45696821063757E-12,-5.,110.));
#1267= IFCCARTESIANPOINT((-5.45696821063757E-12,5.,110.));
#1268= IFCPOLYLOOP((#991,#1266,#1267,#994));
#1269= IFCFACEOUTERBOUND(#1268,.T.);
#1270= IFCFACE((#1269));
#1271= IFCCARTESIANPOINT((50.,-5.,110.));
#1272= IFCCARTESIANPOINT((50.,5.,110.));
#1273= IFCPOLYLOOP((#1266,#1271,#1272,#1267));
#1274= IFCFACEOUTERBOUND(#1273,.T.);
#1275= IFCFACE((#1274));
#1276= IFCCARTESIANPOINT((130.,-5.,60.));
#1277= IFCCARTESIANPOINT((130.,5.,60.));
#1278= IFCPOLYLOOP((#1271,#1276,#1277,#1272));
#1279= IFCFACEOUTERBOUND(#1278,.T.);
#1280= IFCFACE((#1279));
#1281= IFCCARTESIANPOINT((130.,-5.,0.));
#1282= IFCCARTESIANPOINT((130.,5.,0.));
#1283= IFCPOLYLOOP((#1276,#1281,#1282,#1277));
#1284= IFCFACEOUTERBOUND(#1283,.T.);
#1285= IFCFACE((#1284));
#1286= IFCPOLYLOOP((#1281,#1128,#1129,#1282));
#1287= IFCFACEOUTERBOUND(#1286,.T.);
#1288= IFCFACE((#1287));
#1289= IFCPOLYLOOP((#1272,#1277,#1282,#1129,#1134,#1139,#1144,#1149,#1154,#1159,#1164,#994,#1267));
#1290= IFCFACEOUTERBOUND(#1289,.T.);
#1291= IFCFACE((#1290));
#1292= IFCPOLYLOOP((#1163,#1158,#1153,#1148,#1143,#1138,#1133,#1128,#1281,#1276,#1271,#1266,#991));
#1293= IFCFACEOUTERBOUND(#1292,.T.);
#1294= IFCFACE((#1293));
#1295= IFCCLOSEDSHELL((#1270,#1275,#1280,#1285,#1288,#1137,#1142,#1147,#1152,#1157,#1162,#1167,#1170,#1291,#1294));
#1296= IFCFACETEDBREP(#1295);
#1297= IFCSTYLEDITEM(#1296,(#990),$);
#1298= IFCSHAPEREPRESENTATION(#12,'Body','Brep',(#1296));
#1299= IFCPRODUCTDEFINITIONSHAPE($,$,(#1298));
#1300= IFCCARTESIANPOINT((1225.0027466421,11174.9972533903,16629.9995422363));
#1301= IFCAXIS2PLACEMENT3D(#1300,#915,#1183);
#1302= IFCLOCALPLACEMENT(#42,#1301);
#1303= IFCPLATE('0041pJnVzBl8TEG5PyWNZg',#500,'PLATE-10','PL10*110',$,#1302,#1299,'ID00101cd3-c5ff-4bbc-874e-40567c8178ea');
#1304= IFCPLATETYPE('2gjJtViYb8hA$TzPdiRaTV',#5,'PL10*110',$,$,$,$,$,$,.NOTDEFINED.);
#1305= IFCPROPERTYSINGLEVALUE('Bottom elevation',$,IFCLABEL(' +16.520'),$);
#1306= IFCPROPERTYSINGLEVALUE('Top elevation',$,IFCLABEL(' +16.630'),$);
#1307= IFCPROPERTYSINGLEVALUE('Preliminary mark',$,IFCLABEL('5-2-P98'),$);
#1308= IFCPROPERTYSET('0hQ7$DFK99d8582R0XC9bR',#5,'Tekla Common','Common Properties to Shared building elements',(#1305,#1306,#1190,#1307,#1192,#1193));
#1309= IFCPROPERTYSINGLEVALUE('Weight',$,IFCMASSMEASURE(0.94),$);
#1310= IFCPROPERTYSINGLEVALUE('Gross footprint area',$,IFCAREAMEASURE(0.001),$);
#1311= IFCPROPERTYSINGLEVALUE('Area per tons',$,IFCAREAMEASURE(30.108),$);
#1312= IFCPROPERTYSINGLEVALUE('Net surface area',$,IFCAREAMEASURE(0.028),$);
#1313= IFCPROPERTYSINGLEVALUE('Height',$,IFCLENGTHMEASURE(110.),$);
#1314= IFCPROPERTYSET('0$PyCT9wT7c9nC43_S5aY6',#5,'Tekla Quantity','Quantity Properties to Shared building elements',(#1309,#1196,#1310,#1311,#1312,#1313,#1201,#1202));
#1315= IFCPROPERTYSINGLEVALUE('Reference',$,IFCIDENTIFIER('5-2-P98'),$);
#1316= IFCPROPERTYSET('3WfFxi2R52_v2yRHCag56f',#5,'Pset_PlateCommon','Common Properties to plate elements',(#1204,#1315));
#1317= IFCQUANTITYLENGTH('Width',$,$,110.);
#1318= IFCQUANTITYAREA('NetArea',$,$,0.0283327639318093);
#1319= IFCQUANTITYAREA('GrossArea',$,$,0.0143000000000006);
#1320= IFCQUANTITYVOLUME('NetVolume',$,$,0.000119878554847745);
#1321= IFCQUANTITYVOLUME('GrossVolume',$,$,0.000119878554847745);
#1322= IFCELEMENTQUANTITY('2NoLj95vf0mhh4CAH6a2dw',#5,'BaseQuantities',$,$,(#1317,#1318,#1319,#1210,#1320,#1321));
#1323= IFCSHAPEREPRESENTATION(#12,'Body','Brep',(#1296));
#1324= IFCPRODUCTDEFINITIONSHAPE($,$,(#1323));
#1325= IFCCARTESIANPOINT((1355.00274664209,11174.9972533909,16629.9995422363));
#1326= IFCAXIS2PLACEMENT3D(#1325,#915,#1183);
#1327= IFCLOCALPLACEMENT(#42,#1326);
#1328= IFCPLATE('0gucFSY7jB4BrQkAVqCiHE',#500,'PLATE-10','PL10*110',$,#1327,#1324,'ID2ae263dc-887b-4b10-bd5a-b8a7f432c44e');
#1329= IFCCARTESIANPOINT((0.,-5.,0.));
#1330= IFCCARTESIANPOINT((-3.63797880709171E-12,-5.,90.));
#1331= IFCCARTESIANPOINT((-3.63797880709171E-12,5.,90.));
#1332= IFCCARTESIANPOINT((0.,5.,0.));
#1333= IFCPOLYLOOP((#1329,#1330,#1331,#1332));
#1334= IFCFACEOUTERBOUND(#1333,.T.);
#1335= IFCFACE((#1334));
#1336= IFCCARTESIANPOINT((3.90180644031716,-5.,90.3842943919371));
#1337= IFCCARTESIANPOINT((3.90180644031716,5.,90.3842943919371));
#1338= IFCPOLYLOOP((#1330,#1336,#1337,#1331));
#1339= IFCFACEOUTERBOUND(#1338,.T.);
#1340= IFCFACE((#1339));
#1341= IFCCARTESIANPOINT((7.65366864729731,-5.,91.5224093497745));
#1342= IFCCARTESIANPOINT((7.65366864729731,5.,91.5224093497745));
#1343= IFCPOLYLOOP((#1336,#1341,#1342,#1337));
#1344= IFCFACEOUTERBOUND(#1343,.T.);
#1345= IFCFACE((#1344));
#1346= IFCCARTESIANPOINT((11.1114046603871,-5.,93.37060775395));
#1347= IFCCARTESIANPOINT((11.1114046603871,5.,93.37060775395));
#1348= IFCPOLYLOOP((#1341,#1346,#1347,#1342));
#1349= IFCFACEOUTERBOUND(#1348,.T.);
#1350= IFCFACE((#1349));
#1351= IFCCARTESIANPOINT((14.1421356237261,-5.,95.8578643762703));
#1352= IFCCARTESIANPOINT((14.1421356237261,5.,95.8578643762703));
#1353= IFCPOLYLOOP((#1346,#1351,#1352,#1347));
#1354= IFCFACEOUTERBOUND(#1353,.T.);
#1355= IFCFACE((#1354));
#1356= IFCCARTESIANPOINT((16.6293922460463,-5.,98.8885953396093));
#1357= IFCCARTESIANPOINT((16.6293922460463,5.,98.8885953396093));
#1358= IFCPOLYLOOP((#1351,#1356,#1357,#1352));
#1359= IFCFACEOUTERBOUND(#1358,.T.);
#1360= IFCFACE((#1359));
#1361= IFCCARTESIANPOINT((18.47759065022,-5.,102.346331352699));
#1362= IFCCARTESIANPOINT((18.47759065022,5.,102.346331352699));
#1363= IFCPOLYLOOP((#1356,#1361,#1362,#1357));
#1364= IFCFACEOUTERBOUND(#1363,.T.);
#1365= IFCFACE((#1364));
#1366= IFCCARTESIANPOINT((19.6157056080592,-5.,106.098193559679));
#1367= IFCCARTESIANPOINT((19.6157056080592,5.,106.098193559679));
#1368= IFCPOLYLOOP((#1361,#1366,#1367,#1362));
#1369= IFCFACEOUTERBOUND(#1368,.T.);
#1370= IFCFACE((#1369));
#1371= IFCCARTESIANPOINT((19.9999999999945,-5.,110.));
#1372= IFCCARTESIANPOINT((19.9999999999945,5.,110.));
#1373= IFCPOLYLOOP((#1366,#1371,#1372,#1367));
#1374= IFCFACEOUTERBOUND(#1373,.T.);
#1375= IFCFACE((#1374));
#1376= IFCCARTESIANPOINT((130.,-5.,110.));
#1377= IFCCARTESIANPOINT((130.,5.,110.));
#1378= IFCPOLYLOOP((#1371,#1376,#1377,#1372));
#1379= IFCFACEOUTERBOUND(#1378,.T.);
#1380= IFCFACE((#1379));
#1381= IFCCARTESIANPOINT((130.,-5.,50.));
#1382= IFCCARTESIANPOINT((130.,5.,50.));
#1383= IFCPOLYLOOP((#1376,#1381,#1382,#1377));
#1384= IFCFACEOUTERBOUND(#1383,.T.);
#1385= IFCFACE((#1384));
#1386= IFCCARTESIANPOINT((50.,-5.,0.));
#1387= IFCCARTESIANPOINT((50.,5.,0.));
#1388= IFCPOLYLOOP((#1381,#1386,#1387,#1382));
#1389= IFCFACEOUTERBOUND(#1388,.T.);
#1390= IFCFACE((#1389));
#1391= IFCPOLYLOOP((#1386,#1329,#1332,#1387));
#1392= IFCFACEOUTERBOUND(#1391,.T.);
#1393= IFCFACE((#1392));
#1394= IFCPOLYLOOP((#1337,#1342,#1347,#1352,#1357,#1362,#1367,#1372,#1377,#1382,#1387,#1332,#1331));
#1395= IFCFACEOUTERBOUND(#1394,.T.);
#1396= IFCFACE((#1395));
#1397= IFCPOLYLOOP((#1386,#1381,#1376,#1371,#1366,#1361,#1356,#1351,#1346,#1341,#1336,#1330,#1329));
#1398= IFCFACEOUTERBOUND(#1397,.T.);
#1399= IFCFACE((#1398));
#1400= IFCCLOSEDSHELL((#1335,#1340,#1345,#1350,#1355,#1360,#1365,#1370,#1375,#1380,#1385,#1390,#1393,#1396,#1399));
#1401= IFCFACETEDBREP(#1400);
#1402= IFCSTYLEDITEM(#1401,(#990),$);
#1403= IFCSHAPEREPRESENTATION(#12,'Body','Brep',(#1401));
#1404= IFCPRODUCTDEFINITIONSHAPE($,$,(#1403));
#1405= IFCCARTESIANPOINT((1225.0027466421,11174.9972533903,16989.9995422363));
#1406= IFCAXIS2PLACEMENT3D(#1405,#915,#1183);
#1407= IFCLOCALPLACEMENT(#42,#1406);
#1408= IFCPLATE('293$xVGl97W82_il$v_vlv',#500,'PLATE-10','PL10*110',$,#1407,#1404,'ID890ffedf-42f2-4780-80be-b2fff9fb9bf9');
#1409= IFCPROPERTYSINGLEVALUE('Bottom elevation',$,IFCLABEL(' +16.880'),$);
#1410= IFCPROPERTYSINGLEVALUE('Top elevation',$,IFCLABEL(' +16.990'),$);
#1411= IFCPROPERTYSET('1rpqzAlDf6O8Kw13Pj1fDM',#5,'Tekla Common','Common Properties to Shared building elements',(#1409,#1410,#1190,#1307,#1192,#1193));
#1412= IFCQUANTITYAREA('NetArea',$,$,0.0283327639318093);
#1413= IFCQUANTITYAREA('GrossArea',$,$,0.0143000000000005);
#1414= IFCQUANTITYVOLUME('NetVolume',$,$,0.000119878554847745);
#1415= IFCQUANTITYVOLUME('GrossVolume',$,$,0.000119878554847745);
#1416= IFCELEMENTQUANTITY('10AVASd3L9YefaMTL3BL8c',#5,'BaseQuantities',$,$,(#1317,#1412,#1413,#1210,#1414,#1415));
#1417= IFCSHAPEREPRESENTATION(#12,'Body','Brep',(#1401));
#1418= IFCPRODUCTDEFINITIONSHAPE($,$,(#1417));
#1419= IFCCARTESIANPOINT((1355.00274664209,11174.9972533909,16989.9995422363));
#1420= IFCAXIS2PLACEMENT3D(#1419,#915,#1183);
#1421= IFCLOCALPLACEMENT(#42,#1420);
#1422= IFCPLATE('30YDJNXpD30OWmM2d1Ep$T',#500,'PLATE-10','PL10*110',$,#1421,#1418,'IDc088d4d7-8733-4301-8830-5829c13b3fdd');
#1423= IFCOWNERHISTORY(#3,#4,$,.NOCHANGE.,$,$,$,1770843600);
#1424= IFCCOLOURRGB('Light Red',0.905882352941176,0.325490196078431,0.36078431372549);
#1425= IFCSURFACESTYLERENDERING(#1424,0.,$,$,$,$,IFCNORMALISEDRATIOMEASURE(0.00390625),IFCSPECULAREXPONENT(10.),.NOTDEFINED.);
#1426= IFCSURFACESTYLE('STEEL/S275',.POSITIVE.,(#1425));
#1427= IFCPRESENTATIONSTYLEASSIGNMENT((#1426));
#1428= IFCCARTESIANPOINT((0.,-6.,0.));
#1429= IFCCARTESIANPOINT((-9.09494701772928E-13,-6.,250.));
#1430= IFCCARTESIANPOINT((-9.09494701772928E-13,6.,250.));
#1431= IFCCARTESIANPOINT((0.,6.,0.));
#1432= IFCPOLYLOOP((#1428,#1429,#1430,#1431));
#1433= IFCFACEOUTERBOUND(#1432,.T.);
#1434= IFCFACE((#1433));
#1435= IFCCARTESIANPOINT((350.,-6.,250.));
#1436= IFCCARTESIANPOINT((350.,6.,250.));
#1437= IFCPOLYLOOP((#1429,#1435,#1436,#1430));
#1438= IFCFACEOUTERBOUND(#1437,.T.);
#1439= IFCFACE((#1438));
#1440= IFCCARTESIANPOINT((350.,-6.,0.));
#1441= IFCCARTESIANPOINT((350.,6.,0.));
#1442= IFCPOLYLOOP((#1435,#1440,#1441,#1436));
#1443= IFCFACEOUTERBOUND(#1442,.T.);
#1444= IFCFACE((#1443));
#1445= IFCPOLYLOOP((#1440,#1428,#1431,#1441));
#1446= IFCFACEOUTERBOUND(#1445,.T.);
#1447= IFCFACE((#1446));
#1448= IFCPOLYLOOP((#1436,#1441,#1431,#1430));
#1449= IFCFACEOUTERBOUND(#1448,.T.);
#1450= IFCFACE((#1449));
#1451= IFCPOLYLOOP((#1440,#1435,#1429,#1428));
#1452= IFCFACEOUTERBOUND(#1451,.T.);
#1453= IFCFACE((#1452));
#1454= IFCCLOSEDSHELL((#1434,#1439,#1444,#1447,#1450,#1453));
#1455= IFCFACETEDBREP(#1454);
#1456= IFCSTYLEDITEM(#1455,(#1427),$);
#1457= IFCSHAPEREPRESENTATION(#12,'Body','Brep',(#1455));
#1458= IFCPRODUCTDEFINITIONSHAPE($,$,(#1457));
#1459= IFCCARTESIANPOINT((1115.00274662522,11038.9972533897,16879.9995422363));
#1460= IFCAXIS2PLACEMENT3D(#1459,#915,#7);
#1461= IFCLOCALPLACEMENT(#42,#1460);
#1462= IFCPLATE('3eNo6Ywan2$9PFGJdkBCvD',#1423,'PLATE-12','PL12*250',$,#1461,#1458,'IDe85f21a2-ea4c-42fc-964f-4139ee2cce4d');
#1463= IFCPLATETYPE('1hkzcWAxDDiwtDbQt5x47k',#5,'PL12*250',$,$,$,$,$,$,.NOTDEFINED.);
#1464= IFCPROPERTYSINGLEVALUE('Bottom elevation',$,IFCLABEL(' +16.630'),$);
#1465= IFCPROPERTYSINGLEVALUE('Top elevation',$,IFCLABEL(' +16.880'),$);
#1466= IFCPROPERTYSINGLEVALUE('Preliminary mark',$,IFCLABEL('5-2-P28'),$);
#1467= IFCPROPERTYSINGLEVALUE('Class',$,IFCLABEL('16'),$);
#1468= IFCPROPERTYSET('2YJVlRxrfAIwVVjuzjziPP',#5,'Tekla Common','Common Properties to Shared building elements',(#1464,#1465,#1190,#1466,#1192,#1467));
#1469= IFCPROPERTYSINGLEVALUE('Weight',$,IFCMASSMEASURE(8.24),$);
#1470= IFCPROPERTYSINGLEVALUE('Volume',$,IFCVOLUMEMEASURE(0.001),$);
#1471= IFCPROPERTYSINGLEVALUE('Gross footprint area',$,IFCAREAMEASURE(0.004),$);
#1472= IFCPROPERTYSINGLEVALUE('Area per tons',$,IFCAREAMEASURE(22.978),$);
#1473= IFCPROPERTYSINGLEVALUE('Net surface area',$,IFCAREAMEASURE(0.189),$);
#1474= IFCPROPERTYSINGLEVALUE('Height',$,IFCLENGTHMEASURE(250.),$);
#1475= IFCPROPERTYSINGLEVALUE('Width',$,IFCLENGTHMEASURE(12.),$);
#1476= IFCPROPERTYSINGLEVALUE('Length',$,IFCLENGTHMEASURE(350.),$);
#1477= IFCPROPERTYSET('0Kao5yH9z3xfyug5vZ9_iN',#5,'Tekla Quantity','Quantity Properties to Shared building elements',(#1469,#1470,#1471,#1472,#1473,#1474,#1475,#1476));
#1478= IFCPROPERTYSINGLEVALUE('Reference',$,IFCIDENTIFIER('5-2-P28'),$);
#1479= IFCPROPERTYSET('3gGRaKDsjDZvS09eEWxWIE',#5,'Pset_PlateCommon','Common Properties to plate elements',(#1204,#1478));
#1480= IFCQUANTITYLENGTH('Width',$,$,250.);
#1481= IFCQUANTITYAREA('NetArea',$,$,0.1894);
#1482= IFCQUANTITYAREA('GrossArea',$,$,0.0875000000000002);
#1483= IFCQUANTITYAREA('CrossSectionArea',$,$,0.000144);
#1484= IFCQUANTITYVOLUME('NetVolume',$,$,0.00105);
#1485= IFCQUANTITYVOLUME('GrossVolume',$,$,0.00105);
#1486= IFCELEMENTQUANTITY('2ziqaQ$D5ES9C6gX$JaNgv',#5,'BaseQuantities',$,$,(#1480,#1481,#1482,#1483,#1484,#1485));
#1487= IFCCARTESIANPOINT((7.65366864730095,-4.65366864730186,18.4775906502255));
#1488= IFCCARTESIANPOINT((8.,-5.,18.2924726854799));
#1489= IFCCARTESIANPOINT((7.99999999999818,-5.,211.70752731452));
#1490= IFCCARTESIANPOINT((7.65366864730095,-4.65366864730186,211.522409349775));
#1491= IFCCARTESIANPOINT((3.9018064403208,-0.901806440322616,210.384294391937));
#1492= IFCCARTESIANPOINT((-1.81898940354586E-12,3.,210.));
#1493= IFCCARTESIANPOINT((0.,3.,20.));
#1494= IFCCARTESIANPOINT((3.90180644032262,-0.901806440322616,19.6157056080629));
#1495= IFCPOLYLOOP((#1487,#1488,#1489,#1490,#1491,#1492,#1493,#1494));
#1496= IFCFACEOUTERBOUND(#1495,.T.);
#1497= IFCFACE((#1496));
#1498= IFCCARTESIANPOINT((-1.81898940354586E-12,5.,210.));
#1499= IFCPOLYLOOP((#1498,#994,#1493,#1492));
#1500= IFCFACEOUTERBOUND(#1499,.T.);
#1501= IFCFACE((#1500));
#1502= IFCCARTESIANPOINT((3.9018064403208,5.,210.384294391937));
#1503= IFCPOLYLOOP((#1502,#1498,#1492,#1491));
#1504= IFCFACEOUTERBOUND(#1503,.T.);
#1505= IFCFACE((#1504));
#1506= IFCCARTESIANPOINT((7.65366864730095,5.,211.522409349775));
#1507= IFCPOLYLOOP((#1506,#1502,#1491,#1490));
#1508= IFCFACEOUTERBOUND(#1507,.T.);
#1509= IFCFACE((#1508));
#1510= IFCCARTESIANPOINT((11.1114046603907,-5.,213.37060775395));
#1511= IFCCARTESIANPOINT((11.1114046603907,5.,213.37060775395));
#1512= IFCPOLYLOOP((#1510,#1511,#1506,#1490,#1489));
#1513= IFCFACEOUTERBOUND(#1512,.T.);
#1514= IFCFACE((#1513));
#1515= IFCCARTESIANPOINT((14.1421356237297,-5.,215.85786437627));
#1516= IFCCARTESIANPOINT((14.1421356237297,5.,215.85786437627));
#1517= IFCPOLYLOOP((#1510,#1515,#1516,#1511));
#1518= IFCFACEOUTERBOUND(#1517,.T.);
#1519= IFCFACE((#1518));
#1520= IFCCARTESIANPOINT((16.62939224605,-5.,218.888595339609));
#1521= IFCCARTESIANPOINT((16.62939224605,5.,218.888595339609));
#1522= IFCPOLYLOOP((#1515,#1520,#1521,#1516));
#1523= IFCFACEOUTERBOUND(#1522,.T.);
#1524= IFCFACE((#1523));
#1525= IFCCARTESIANPOINT((18.4775906502236,-5.,222.346331352699));
#1526= IFCCARTESIANPOINT((18.4775906502236,5.,222.346331352699));
#1527= IFCPOLYLOOP((#1520,#1525,#1526,#1521));
#1528= IFCFACEOUTERBOUND(#1527,.T.);
#1529= IFCFACE((#1528));
#1530= IFCCARTESIANPOINT((19.6157056080629,-5.,226.098193559679));
#1531= IFCCARTESIANPOINT((19.6157056080629,5.,226.098193559679));
#1532= IFCPOLYLOOP((#1525,#1530,#1531,#1526));
#1533= IFCFACEOUTERBOUND(#1532,.T.);
#1534= IFCFACE((#1533));
#1535= IFCCARTESIANPOINT((19.9999999999982,-5.,230.));
#1536= IFCCARTESIANPOINT((19.9999999999982,5.,230.));
#1537= IFCPOLYLOOP((#1530,#1535,#1536,#1531));
#1538= IFCFACEOUTERBOUND(#1537,.T.);
#1539= IFCFACE((#1538));
#1540= IFCCARTESIANPOINT((110.,-5.,230.));
#1541= IFCCARTESIANPOINT((110.,5.,230.));
#1542= IFCPOLYLOOP((#1535,#1540,#1541,#1536));
#1543= IFCFACEOUTERBOUND(#1542,.T.);
#1544= IFCFACE((#1543));
#1545= IFCCARTESIANPOINT((110.384294391935,-5.,226.098193559679));
#1546= IFCCARTESIANPOINT((110.384294391935,5.,226.098193559679));
#1547= IFCPOLYLOOP((#1540,#1545,#1546,#1541));
#1548= IFCFACEOUTERBOUND(#1547,.T.);
#1549= IFCFACE((#1548));
#1550= IFCCARTESIANPOINT((111.522409349775,-5.,222.346331352699));
#1551= IFCCARTESIANPOINT((111.522409349775,5.,222.346331352699));
#1552= IFCPOLYLOOP((#1545,#1550,#1551,#1546));
#1553= IFCFACEOUTERBOUND(#1552,.T.);
#1554= IFCFACE((#1553));
#1555= IFCCARTESIANPOINT((113.370607753948,-5.,218.888595339609));
#1556= IFCCARTESIANPOINT((113.370607753948,5.,218.888595339609));
#1557= IFCPOLYLOOP((#1550,#1555,#1556,#1551));
#1558= IFCFACEOUTERBOUND(#1557,.T.);
#1559= IFCFACE((#1558));
#1560= IFCCARTESIANPOINT((115.857864376268,-5.,215.85786437627));
#1561= IFCCARTESIANPOINT((115.857864376268,5.,215.85786437627));
#1562= IFCPOLYLOOP((#1555,#1560,#1561,#1556));
#1563= IFCFACEOUTERBOUND(#1562,.T.);
#1564= IFCFACE((#1563));
#1565= IFCCARTESIANPOINT((118.888595339607,-5.,213.37060775395));
#1566= IFCCARTESIANPOINT((118.888595339607,5.,213.37060775395));
#1567= IFCPOLYLOOP((#1560,#1565,#1566,#1561));
#1568= IFCFACEOUTERBOUND(#1567,.T.);
#1569= IFCFACE((#1568));
#1570= IFCCARTESIANPOINT((122.346331352699,-5.,211.522409349775));
#1571= IFCCARTESIANPOINT((122.346331352699,5.,211.522409349775));
#1572= IFCPOLYLOOP((#1565,#1570,#1571,#1566));
#1573= IFCFACEOUTERBOUND(#1572,.T.);
#1574= IFCFACE((#1573));
#1575= IFCCARTESIANPOINT((126.098193559677,-5.,210.384294391937));
#1576= IFCCARTESIANPOINT((126.098193559677,5.,210.384294391937));
#1577= IFCPOLYLOOP((#1570,#1575,#1576,#1571));
#1578= IFCFACEOUTERBOUND(#1577,.T.);
#1579= IFCFACE((#1578));
#1580= IFCCARTESIANPOINT((130.,-5.,210.));
#1581= IFCCARTESIANPOINT((130.,5.,210.));
#1582= IFCPOLYLOOP((#1575,#1580,#1581,#1576));
#1583= IFCFACEOUTERBOUND(#1582,.T.);
#1584= IFCFACE((#1583));
#1585= IFCPOLYLOOP((#1580,#1083,#1084,#1581));
#1586= IFCFACEOUTERBOUND(#1585,.T.);
#1587= IFCFACE((#1586));
#1588= IFCPOLYLOOP((#1159,#1154,#1153,#1488,#1487));
#1589= IFCFACEOUTERBOUND(#1588,.T.);
#1590= IFCFACE((#1589));
#1591= IFCPOLYLOOP((#1164,#1159,#1487,#1494));
#1592= IFCFACEOUTERBOUND(#1591,.T.);
#1593= IFCFACE((#1592));
#1594= IFCPOLYLOOP((#994,#1164,#1494,#1493));
#1595= IFCFACEOUTERBOUND(#1594,.T.);
#1596= IFCFACE((#1595));
#1597= IFCPOLYLOOP((#1502,#1506,#1511,#1516,#1521,#1526,#1531,#1536,#1541,#1546,#1551,#1556,#1561,#1566,#1571,#1576,#1581,#1084,#1089,#1094,#1099,#1104,#1109,#1114,#1119,#1124,#1129,#1134,#1139,#1144,#1149,#1154,#1159,#1164,#994,#1498));
#1598= IFCFACEOUTERBOUND(#1597,.T.);
#1599= IFCFACE((#1598));
#1600= IFCPOLYLOOP((#1153,#1148,#1143,#1138,#1133,#1128,#1123,#1118,#1113,#1108,#1103,#1098,#1093,#1088,#1083,#1580,#1575,#1570,#1565,#1560,#1555,#1550,#1545,#1540,#1535,#1530,#1525,#1520,#1515,#1510,#1489,#1488));
#1601= IFCFACEOUTERBOUND(#1600,.T.);
#1602= IFCFACE((#1601));
#1603= IFCCLOSEDSHELL((#1497,#1501,#1505,#1509,#1514,#1519,#1524,#1529,#1534,#1539,#1544,#1549,#1554,#1559,#1564,#1569,#1574,#1579,#1584,#1587,#1092,#1097,#1102,#1107,#1112,#1117,#1122,#1127,#1132,#1137,#1142,#1147,#1152,#1157,#1590,#1593,#1596,#1599,#1602));
#1604= IFCFACETEDBREP(#1603);
#1605= IFCSTYLEDITEM(#1604,(#990),$);
#1606= IFCSHAPEREPRESENTATION(#12,'Body','Brep',(#1604));
#1607= IFCPRODUCTDEFINITIONSHAPE($,$,(#1606));
#1608= IFCCARTESIANPOINT((1355.00274664209,11174.9972533909,16869.9995422363));
#1609= IFCAXIS2PLACEMENT3D(#1608,#915,#1183);
#1610= IFCLOCALPLACEMENT(#42,#1609);
#1611= IFCPLATE('3aBg0O5eT1n9PswjeqfOJm',#1423,'PLATE-10','PL10*130',$,#1610,#1607,'IDe42ea018-1687-41c4-9676-eada34a584f0');
#1612= IFCPLATETYPE('1_8gVujJz8MAooOxDajH6b',#5,'PL10*130',$,$,$,$,$,$,.NOTDEFINED.);
#1613= IFCPROPERTYSINGLEVALUE('Bottom elevation',$,IFCLABEL(' +16.640'),$);
#1614= IFCPROPERTYSINGLEVALUE('Top elevation',$,IFCLABEL(' +16.870'),$);
#1615= IFCPROPERTYSINGLEVALUE('Preliminary mark',$,IFCLABEL('5-2-P104'),$);
#1616= IFCPROPERTYSET('06QP5YT8j9WPOnex1taFk3',#5,'Tekla Common','Common Properties to Shared building elements',(#1613,#1614,#1190,#1615,#1192,#1193));
#1617= IFCPROPERTYSINGLEVALUE('Weight',$,IFCMASSMEASURE(2.2),$);
#1618= IFCPROPERTYSINGLEVALUE('Area per tons',$,IFCAREAMEASURE(28.714),$);
#1619= IFCPROPERTYSINGLEVALUE('Net surface area',$,IFCAREAMEASURE(0.063),$);
#1620= IFCPROPERTYSINGLEVALUE('Height',$,IFCLENGTHMEASURE(130.),$);
#1621= IFCPROPERTYSINGLEVALUE('Length',$,IFCLENGTHMEASURE(230.),$);
#1622= IFCPROPERTYSET('0yBwhNLkL0ZgA6cygOTtLN',#5,'Tekla Quantity','Quantity Properties to Shared building elements',(#1617,#1196,#1310,#1618,#1619,#1620,#1201,#1621));
#1623= IFCPROPERTYSINGLEVALUE('Reference',$,IFCIDENTIFIER('5-2-P104'),$);
#1624= IFCPROPERTYSET('04zvQ_8Cj4b8lxDjwZkw71',#5,'Pset_PlateCommon','Common Properties to plate elements',(#1204,#1623));
#1625= IFCQUANTITYLENGTH('Width',$,$,130.000000000002);
#1626= IFCQUANTITYAREA('NetArea',$,$,0.0632061206819144);
#1627= IFCQUANTITYAREA('GrossArea',$,$,0.0299000000000004);
#1628= IFCQUANTITYVOLUME('NetVolume',$,$,0.000280412706931566);
#1629= IFCQUANTITYVOLUME('GrossVolume',$,$,0.000286514219396039);
#1630= IFCELEMENTQUANTITY('3OIGa4h4TEBvDbomxjGE6U',#5,'BaseQuantities',$,$,(#1625,#1626,#1627,#1210,#1628,#1629));
#1631= IFCCARTESIANPOINT((3.90180644032262,0.901806440322616,19.6157056080629));
#1632= IFCCARTESIANPOINT((0.,-3.,20.));
#1633= IFCCARTESIANPOINT((0.,-3.,210.));
#1634= IFCCARTESIANPOINT((3.90180644032262,0.901806440322616,210.384294391937));
#1635= IFCCARTESIANPOINT((7.65366864730095,4.65366864730186,211.522409349775));
#1636= IFCCARTESIANPOINT((8.,5.,211.70752731452));
#1637= IFCCARTESIANPOINT((8.,5.,18.2924726854799));
#1638= IFCCARTESIANPOINT((7.65366864730095,4.65366864730186,18.4775906502255));
#1639= IFCPOLYLOOP((#1631,#1632,#1633,#1634,#1635,#1636,#1637,#1638));
#1640= IFCFACEOUTERBOUND(#1639,.T.);
#1641= IFCFACE((#1640));
#1642= IFCCARTESIANPOINT((0.,-5.,210.));
#1643= IFCPOLYLOOP((#991,#1642,#1633,#1632));
#1644= IFCFACEOUTERBOUND(#1643,.T.);
#1645= IFCFACE((#1644));
#1646= IFCCARTESIANPOINT((3.90180644032262,-5.,210.384294391937));
#1647= IFCPOLYLOOP((#1642,#1646,#1634,#1633));
#1648= IFCFACEOUTERBOUND(#1647,.T.);
#1649= IFCFACE((#1648));
#1650= IFCCARTESIANPOINT((7.65366864730095,-5.,211.522409349775));
#1651= IFCPOLYLOOP((#1646,#1650,#1635,#1634));
#1652= IFCFACEOUTERBOUND(#1651,.T.);
#1653= IFCFACE((#1652));
#1654= IFCPOLYLOOP((#1650,#1510,#1511,#1636,#1635));
#1655= IFCFACEOUTERBOUND(#1654,.T.);
#1656= IFCFACE((#1655));
#1657= IFCPOLYLOOP((#1154,#1153,#1158,#1638,#1637));
#1658= IFCFACEOUTERBOUND(#1657,.T.);
#1659= IFCFACE((#1658));
#1660= IFCPOLYLOOP((#1158,#1163,#1631,#1638));
#1661= IFCFACEOUTERBOUND(#1660,.T.);
#1662= IFCFACE((#1661));
#1663= IFCPOLYLOOP((#1163,#991,#1632,#1631));
#1664= IFCFACEOUTERBOUND(#1663,.T.);
#1665= IFCFACE((#1664));
#1666= IFCPOLYLOOP((#1511,#1516,#1521,#1526,#1531,#1536,#1541,#1546,#1551,#1556,#1561,#1566,#1571,#1576,#1581,#1084,#1089,#1094,#1099,#1104,#1109,#1114,#1119,#1124,#1129,#1134,#1139,#1144,#1149,#1154,#1637,#1636));
#1667= IFCFACEOUTERBOUND(#1666,.T.);
#1668= IFCFACE((#1667));
#1669= IFCPOLYLOOP((#1163,#1158,#1153,#1148,#1143,#1138,#1133,#1128,#1123,#1118,#1113,#1108,#1103,#1098,#1093,#1088,#1083,#1580,#1575,#1570,#1565,#1560,#1555,#1550,#1545,#1540,#1535,#1530,#1525,#1520,#1515,#1510,#1650,#1646,#1642,#991));
#1670= IFCFACEOUTERBOUND(#1669,.T.);
#1671= IFCFACE((#1670));
#1672= IFCCLOSEDSHELL((#1641,#1645,#1649,#1653,#1656,#1519,#1524,#1529,#1534,#1539,#1544,#1549,#1554,#1559,#1564,#1569,#1574,#1579,#1584,#1587,#1092,#1097,#1102,#1107,#1112,#1117,#1122,#1127,#1132,#1137,#1142,#1147,#1152,#1157,#1659,#1662,#1665,#1668,#1671));
#1673= IFCFACETEDBREP(#1672);
#1674= IFCSTYLEDITEM(#1673,(#990),$);
#1675= IFCSHAPEREPRESENTATION(#12,'Body','Brep',(#1673));
#1676= IFCPRODUCTDEFINITIONSHAPE($,$,(#1675));
#1677= IFCCARTESIANPOINT((1225.0027466421,11174.9972533903,16869.9995422363));
#1678= IFCAXIS2PLACEMENT3D(#1677,#915,#1183);
#1679= IFCLOCALPLACEMENT(#42,#1678);
#1680= IFCPLATE('1KbL_R6uj6Cfvxi3xW3fpA',#245,'PLATE-10','PL10*130',$,#1679,#1676,'ID54955f9b-1b8b-4632-9e7b-b03ee00e9cca');
#1681= IFCQUANTITYLENGTH('Width',$,$,129.999999999491);
#1682= IFCQUANTITYAREA('NetArea',$,$,0.0632061206816695);
#1683= IFCQUANTITYAREA('GrossArea',$,$,0.0298999999998829);
#1684= IFCQUANTITYVOLUME('NetVolume',$,$,0.000280412706930392);
#1685= IFCELEMENTQUANTITY('3qq_0SHATEUu6N9c7P2$0s',#5,'BaseQuantities',$,$,(#1681,#1682,#1683,#1210,#1684,#1629));
#1686= IFCCARTESIANPOINT((350.,5.,10.0000000000018));
#1687= IFCCARTESIANPOINT((350.,-5.,1.81898940354586E-12));
#1688= IFCCARTESIANPOINT((-2.27373675443232E-13,5.,10.));
#1689= IFCPOLYLOOP((#1686,#1687,#1329,#1688));
#1690= IFCFACEOUTERBOUND(#1689,.T.);
#1691= IFCFACE((#1690));
#1692= IFCCARTESIANPOINT((350.,-5.,130.));
#1693= IFCCARTESIANPOINT((350.,5.,120.));
#1694= IFCCARTESIANPOINT((-2.04636307898909E-12,5.,120.));
#1695= IFCCARTESIANPOINT((-2.27373675443232E-12,-5.,130.));
#1696= IFCPOLYLOOP((#1692,#1693,#1694,#1695));
#1697= IFCFACEOUTERBOUND(#1696,.T.);
#1698= IFCFACE((#1697));
#1699= IFCPOLYLOOP((#1695,#1694,#1688,#1329));
#1700= IFCFACEOUTERBOUND(#1699,.T.);
#1701= IFCFACE((#1700));
#1702= IFCPOLYLOOP((#1693,#1692,#1687,#1686));
#1703= IFCFACEOUTERBOUND(#1702,.T.);
#1704= IFCFACE((#1703));
#1705= IFCPOLYLOOP((#1694,#1693,#1686,#1688));
#1706= IFCFACEOUTERBOUND(#1705,.T.);
#1707= IFCFACE((#1706));
#1708= IFCPOLYLOOP((#1687,#1692,#1695,#1329));
#1709= IFCFACEOUTERBOUND(#1708,.T.);
#1710= IFCFACE((#1709));
#1711= IFCCLOSEDSHELL((#1691,#1698,#1701,#1704,#1707,#1710));
#1712= IFCFACETEDBREP(#1711);
#1713= IFCSTYLEDITEM(#1712,(#990),$);
#1714= IFCSHAPEREPRESENTATION(#12,'Body','Brep',(#1712));
#1715= IFCPRODUCTDEFINITIONSHAPE($,$,(#1714));
#1716= IFCCARTESIANPOINT((1465.00274664208,11174.9972533914,16634.9995422363));
#1717= IFCAXIS2PLACEMENT3D(#1716,#1183,#1240);
#1718= IFCLOCALPLACEMENT(#42,#1717);
#1719= IFCPLATE('1gxWSzZ4XBwBgjbxm7Geh8',#245,'PLATE-10','PL10*130',$,#1718,#1715,'ID6aee073d-8c48-4be8-baad-97bc07428ac8');
#1720= IFCPROPERTYSINGLEVALUE('Top elevation',$,IFCLABEL(' +16.640'),$);
#1721= IFCPROPERTYSINGLEVALUE('Preliminary mark',$,IFCLABEL('5-2-P103'),$);
#1722= IFCPROPERTYSET('1lHhzJALr2X8NczVSXqZtL',#5,'Tekla Common','Common Properties to Shared building elements',(#1464,#1720,#1190,#1721,#1192,#1193));
#1723= IFCPROPERTYSINGLEVALUE('Weight',$,IFCMASSMEASURE(3.3),$);
#1724= IFCPROPERTYSINGLEVALUE('Gross footprint area',$,IFCAREAMEASURE(0.046),$);
#1725= IFCPROPERTYSINGLEVALUE('Area per tons',$,IFCAREAMEASURE(29.208),$);
#1726= IFCPROPERTYSINGLEVALUE('Net surface area',$,IFCAREAMEASURE(0.096),$);
#1727= IFCPROPERTYSET('2_NHmLx2z6v9cmUOFYvPIc',#5,'Tekla Quantity','Quantity Properties to Shared building elements',(#1723,#1196,#1724,#1725,#1726,#1620,#1201,#1476));
#1728= IFCPROPERTYSINGLEVALUE('Reference',$,IFCIDENTIFIER('5-2-P103'),$);
#1729= IFCPROPERTYSET('1rQqe9xCj8fQBdLRzDGQT1',#5,'Pset_PlateCommon','Common Properties to plate elements',(#1204,#1728));
#1730= IFCQUANTITYLENGTH('Width',$,$,130.);
#1731= IFCQUANTITYAREA('NetArea',$,$,0.0962994949366113);
#1732= IFCQUANTITYAREA('GrossArea',$,$,0.0455000000000003);
#1733= IFCQUANTITYVOLUME('NetVolume',$,$,0.000419999999999998);
#1734= IFCQUANTITYVOLUME('GrossVolume',$,$,0.000454999999999998);
#1735= IFCELEMENTQUANTITY('3w$uGtWlj7iAHLnXAEfSD4',#5,'BaseQuantities',$,$,(#1730,#1731,#1732,#1210,#1733,#1734));
#1736= IFCCARTESIANPOINT((-2.27373675443232E-13,-5.,10.));
#1737= IFCCARTESIANPOINT((350.,5.,1.81898940354586E-12));
#1738= IFCCARTESIANPOINT((350.,-5.,10.0000000000018));
#1739= IFCPOLYLOOP((#1736,#1332,#1737,#1738));
#1740= IFCFACEOUTERBOUND(#1739,.T.);
#1741= IFCFACE((#1740));
#1742= IFCCARTESIANPOINT((350.,-5.,120.));
#1743= IFCCARTESIANPOINT((350.,5.,130.));
#1744= IFCCARTESIANPOINT((-2.27373675443232E-12,5.,130.));
#1745= IFCCARTESIANPOINT((-2.04636307898909E-12,-5.,120.));
#1746= IFCPOLYLOOP((#1742,#1743,#1744,#1745));
#1747= IFCFACEOUTERBOUND(#1746,.T.);
#1748= IFCFACE((#1747));
#1749= IFCPOLYLOOP((#1745,#1744,#1332,#1736));
#1750= IFCFACEOUTERBOUND(#1749,.T.);
#1751= IFCFACE((#1750));
#1752= IFCPOLYLOOP((#1743,#1742,#1738,#1737));
#1753= IFCFACEOUTERBOUND(#1752,.T.);
#1754= IFCFACE((#1753));
#1755= IFCPOLYLOOP((#1743,#1737,#1332,#1744));
#1756= IFCFACEOUTERBOUND(#1755,.T.);
#1757= IFCFACE((#1756));
#1758= IFCPOLYLOOP((#1742,#1745,#1736,#1738));
#1759= IFCFACEOUTERBOUND(#1758,.T.);
#1760= IFCFACE((#1759));
#1761= IFCCLOSEDSHELL((#1741,#1748,#1751,#1754,#1757,#1760));
#1762= IFCFACETEDBREP(#1761);
#1763= IFCSTYLEDITEM(#1762,(#990),$);
#1764= IFCSHAPEREPRESENTATION(#12,'Body','Brep',(#1762));
#1765= IFCPRODUCTDEFINITIONSHAPE($,$,(#1764));
#1766= IFCCARTESIANPOINT((1465.00274664208,11174.9972533914,16874.9995422363));
#1767= IFCAXIS2PLACEMENT3D(#1766,#1183,#1240);
#1768= IFCLOCALPLACEMENT(#42,#1767);
#1769= IFCPLATE('1xc_dMtkL6RfAvsVvqTbkH',#245,'PLATE-10','PL10*130',$,#1768,#1765,'ID7b9be9d6-dee5-466e-92b9-d9fe74765b91');
#1770= IFCPROPERTYSINGLEVALUE('Bottom elevation',$,IFCLABEL(' +16.870'),$);
#1771= IFCPROPERTYSET('2QnCpNwfH2IAZbnTsm_z3W',#5,'Tekla Common','Common Properties to Shared building elements',(#1770,#1465,#1190,#1721,#1192,#1193));
#1772= IFCQUANTITYVOLUME('NetVolume',$,$,0.000419999999999998);
#1773= IFCELEMENTQUANTITY('1h29sgSjb9zfySy_MgX6Fc',#5,'BaseQuantities',$,$,(#1730,#1731,#1732,#1210,#1772,#1734));
#1774= IFCCOLOURRGB('Light Blue',0.23921568627451,0.,0.63921568627451);
#1775= IFCSURFACESTYLERENDERING(#1774,0.,$,$,$,$,IFCNORMALISEDRATIOMEASURE(0.00390625),IFCSPECULAREXPONENT(10.),.NOTDEFINED.);
#1776= IFCSURFACESTYLE('STEEL/S275',.POSITIVE.,(#1775));
#1777= IFCPRESENTATIONSTYLEASSIGNMENT((#1776));
#1778= IFCCARTESIANPOINT((0.,-10.,0.));
#1779= IFCCARTESIANPOINT((0.,-10.,470.));
#1780= IFCCARTESIANPOINT((0.,10.,470.));
#1781= IFCCARTESIANPOINT((0.,10.,0.));
#1782= IFCPOLYLOOP((#1778,#1779,#1780,#1781));
#1783= IFCFACEOUTERBOUND(#1782,.T.);
#1784= IFCFACE((#1783));
#1785= IFCCARTESIANPOINT((350.,-10.,470.));
#1786= IFCCARTESIANPOINT((350.,10.,470.));
#1787= IFCPOLYLOOP((#1779,#1785,#1786,#1780));
#1788= IFCFACEOUTERBOUND(#1787,.T.);
#1789= IFCFACE((#1788));
#1790= IFCCARTESIANPOINT((350.,-10.,0.));
#1791= IFCCARTESIANPOINT((350.,10.,0.));
#1792= IFCPOLYLOOP((#1785,#1790,#1791,#1786));
#1793= IFCFACEOUTERBOUND(#1792,.T.);
#1794= IFCFACE((#1793));
#1795= IFCPOLYLOOP((#1790,#1778,#1781,#1791));
#1796= IFCFACEOUTERBOUND(#1795,.T.);
#1797= IFCFACE((#1796));
#1798= IFCPOLYLOOP((#1786,#1791,#1781,#1780));
#1799= IFCFACEOUTERBOUND(#1798,.T.);
#1800= IFCFACE((#1799));
#1801= IFCPOLYLOOP((#1790,#1785,#1779,#1778));
#1802= IFCFACEOUTERBOUND(#1801,.T.);
#1803= IFCFACE((#1802));
#1804= IFCCLOSEDSHELL((#1784,#1789,#1794,#1797,#1800,#1803));
#1805= IFCFACETEDBREP(#1804);
#1806= IFCSTYLEDITEM(#1805,(#1777),$);
#1807= IFCSHAPEREPRESENTATION(#12,'Body','Brep',(#1805));
#1808= IFCPRODUCTDEFINITIONSHAPE($,$,(#1807));
#1809= IFCCARTESIANPOINT((1465.00274664221,11184.9972533915,16989.9995422363));
#1810= IFCAXIS2PLACEMENT3D(#1809,#915,#1240);
#1811= IFCLOCALPLACEMENT(#42,#1810);
#1812= IFCPLATE('0K16veMXfEWBhyeLIAAgUs',#245,'PLATE-20','PL20*350',$,#1811,#1808,'ID14046e68-5a1a-4e80-bafc-a1548a2aa7b6');
#1813= IFCPLATETYPE('24zlQEPtLDuRxr5s592k9y',#5,'PL20*350',$,$,$,$,$,$,.NOTDEFINED.);
#1814= IFCPROPERTYSINGLEVALUE('Preliminary mark',$,IFCLABEL('5-2-P27'),$);
#1815= IFCPROPERTYSINGLEVALUE('Class',$,IFCLABEL('14'),$);
#1816= IFCPROPERTYSET('1BS2sbUfv9k9qLG3p0F$c9',#5,'Tekla Common','Common Properties to Shared building elements',(#1305,#1410,#1190,#1814,#1192,#1815));
#1817= IFCPROPERTYSINGLEVALUE('Weight',$,IFCMASSMEASURE(25.83),$);
#1818= IFCPROPERTYSINGLEVALUE('Volume',$,IFCVOLUMEMEASURE(0.003),$);
#1819= IFCPROPERTYSINGLEVALUE('Gross footprint area',$,IFCAREAMEASURE(0.007),$);
#1820= IFCPROPERTYSINGLEVALUE('Area per tons',$,IFCAREAMEASURE(14.009),$);
#1821= IFCPROPERTYSINGLEVALUE('Net surface area',$,IFCAREAMEASURE(0.362),$);
#1822= IFCPROPERTYSINGLEVALUE('Height',$,IFCLENGTHMEASURE(350.),$);
#1823= IFCPROPERTYSINGLEVALUE('Width',$,IFCLENGTHMEASURE(20.),$);
#1824= IFCPROPERTYSINGLEVALUE('Length',$,IFCLENGTHMEASURE(470.),$);
#1825= IFCPROPERTYSET('2ycZ1BhsH8zQtT32jDdLV3',#5,'Tekla Quantity','Quantity Properties to Shared building elements',(#1817,#1818,#1819,#1820,#1821,#1822,#1823,#1824));
#1826= IFCPROPERTYSINGLEVALUE('Reference',$,IFCIDENTIFIER('5-2-P27'),$);
#1827= IFCPROPERTYSET('1iDQjjrJ17pBj9YhYr50XB',#5,'Pset_PlateCommon','Common Properties to plate elements',(#1204,#1826));
#1828= IFCQUANTITYLENGTH('Width',$,$,350.);
#1829= IFCQUANTITYAREA('NetArea',$,$,0.3618);
#1830= IFCQUANTITYAREA('GrossArea',$,$,0.1645);
#1831= IFCQUANTITYAREA('CrossSectionArea',$,$,0.0004);
#1832= IFCQUANTITYVOLUME('NetVolume',$,$,0.00329);
#1833= IFCQUANTITYVOLUME('GrossVolume',$,$,0.00329);
#1834= IFCELEMENTQUANTITY('2Wy4pndkT129uJAg5RZA4H',#5,'BaseQuantities',$,$,(#1828,#1829,#1830,#1831,#1832,#1833));
#1835= IFCCOLOURRGB('Dark Blue',0.117647058823529,0.262745098039216,0.513725490196078);
#1836= IFCSURFACESTYLERENDERING(#1835,0.,$,$,$,$,IFCNORMALISEDRATIOMEASURE(0.00390625),IFCSPECULAREXPONENT(10.),.NOTDEFINED.);
#1837= IFCSURFACESTYLE('STEEL/S275',.POSITIVE.,(#1836));
#1838= IFCPRESENTATIONSTYLEASSIGNMENT((#1837));
#1839= IFCCARTESIANPOINT((4320.,-125.,175.));
#1840= IFCCARTESIANPOINT((4330.,-115.,165.));
#1841= IFCCARTESIANPOINT((4330.,115.,165.));
#1842= IFCCARTESIANPOINT((4320.,125.,175.));
#1843= IFCPOLYLOOP((#1839,#1840,#1841,#1842));
#1844= IFCFACEOUTERBOUND(#1843,.T.);
#1845= IFCFACE((#1844));
#1846= IFCCARTESIANPOINT((4320.,125.,-175.));
#1847= IFCCARTESIANPOINT((4330.,115.,-165.));
#1848= IFCCARTESIANPOINT((4330.,-115.,-165.));
#1849= IFCCARTESIANPOINT((4320.,-125.,-175.000003597814));
#1850= IFCPOLYLOOP((#1846,#1847,#1848,#1849));
#1851= IFCFACEOUTERBOUND(#1850,.T.);
#1852= IFCFACE((#1851));
#1853= IFCPOLYLOOP((#1847,#1846,#1842,#1841));
#1854= IFCFACEOUTERBOUND(#1853,.T.);
#1855= IFCFACE((#1854));
#1856= IFCPOLYLOOP((#1849,#1848,#1840,#1839));
#1857= IFCFACEOUTERBOUND(#1856,.T.);
#1858= IFCFACE((#1857));
#1859= IFCCARTESIANPOINT((425.00302189295,115.,-165.));
#1860= IFCCARTESIANPOINT((453.550681285144,115.000000000004,-174.51676841941));
#1861= IFCCARTESIANPOINT((456.723398794265,115.,-165.));
#1862= IFCPOLYLOOP((#1859,#1860,#1861));
#1863= IFCFACEOUTERBOUND(#1862,.T.);
#1864= IFCFACE((#1863));
#1865= IFCCARTESIANPOINT((456.723398794265,-114.999999999996,-164.999497509767));
#1866= IFCCARTESIANPOINT((453.550681285144,-114.999999999996,-174.51676841941));
#1867= IFCCARTESIANPOINT((425.00302189295,-115.,-165.));
#1868= IFCPOLYLOOP((#1865,#1866,#1867));
#1869= IFCFACEOUTERBOUND(#1868,.T.);
#1870= IFCFACE((#1869));
#1871= IFCPOLYLOOP((#1861,#1860,#1866,#1865));
#1872= IFCFACEOUTERBOUND(#1871,.T.);
#1873= IFCFACE((#1872));
#1874= IFCCARTESIANPOINT((0.,115.,-149.999308904088));
#1875= IFCCARTESIANPOINT((0.,125.,-149.999308904088));
#1876= IFCCARTESIANPOINT((380.005120824617,125.,-149.999308657361));
#1877= IFCCARTESIANPOINT((380.005120824617,115.,-149.999308657361));
#1878= IFCPOLYLOOP((#1874,#1875,#1876,#1877));
#1879= IFCFACEOUTERBOUND(#1878,.T.);
#1880= IFCFACE((#1879));
#1881= IFCCARTESIANPOINT((455.004422114553,-125.,-175.001394151431));
#1882= IFCCARTESIANPOINT((455.004422114553,125.,-175.));
#1883= IFCPOLYLOOP((#1881,#1882,#1846,#1849));
#1884= IFCFACEOUTERBOUND(#1883,.T.);
#1885= IFCFACE((#1884));
#1886= IFCCARTESIANPOINT((0.,125.,175.));
#1887= IFCPOLYLOOP((#1882,#1876,#1875,#1886,#1842,#1846));
#1888= IFCFACEOUTERBOUND(#1887,.T.);
#1889= IFCFACE((#1888));
#1890= IFCCARTESIANPOINT((0.,-125.,175.));
#1891= IFCPOLYLOOP((#1886,#1890,#1839,#1842));
#1892= IFCFACEOUTERBOUND(#1891,.T.);
#1893= IFCFACE((#1892));
#1894= IFCCARTESIANPOINT((0.,-125.,-149.999308904088));
#1895= IFCCARTESIANPOINT((380.005120824617,-125.,-149.999308657361));
#1896= IFCPOLYLOOP((#1890,#1894,#1895,#1881,#1849,#1839));
#1897= IFCFACEOUTERBOUND(#1896,.T.);
#1898= IFCFACE((#1897));
#1899= IFCCARTESIANPOINT((0.,-115.,-149.999308904088));
#1900= IFCCARTESIANPOINT((380.005120824617,-115.,-149.999308657361));
#1901= IFCPOLYLOOP((#1894,#1899,#1900,#1895));
#1902= IFCFACEOUTERBOUND(#1901,.T.);
#1903= IFCFACE((#1902));
#1904= IFCCARTESIANPOINT((0.,115.,165.));
#1905= IFCCARTESIANPOINT((0.,-115.,165.));
#1906= IFCPOLYLOOP((#1890,#1886,#1875,#1874,#1904,#1905,#1899,#1894));
#1907= IFCFACEOUTERBOUND(#1906,.T.);
#1908= IFCFACE((#1907));
#1909= IFCPOLYLOOP((#1905,#1904,#1841,#1840));
#1910= IFCFACEOUTERBOUND(#1909,.T.);
#1911= IFCFACE((#1910));
#1912= IFCPOLYLOOP((#1848,#1847,#1841,#1840));
#1913= IFCFACEOUTERBOUND(#1912,.T.);
#1914= IFCPOLYLOOP((#1840,#1841,#1847,#1848));
#1915= IFCFACEBOUND(#1914,.T.);
#1916= IFCFACE((#1913,#1915));
#1917= IFCPOLYLOOP((#1900,#1899,#1905,#1840,#1848,#1865,#1867));
#1918= IFCFACEOUTERBOUND(#1917,.T.);
#1919= IFCFACE((#1918));
#1920= IFCPOLYLOOP((#1859,#1877,#1876,#1882,#1881,#1895,#1900,#1867,#1866,#1860));
#1921= IFCFACEOUTERBOUND(#1920,.T.);
#1922= IFCFACE((#1921));
#1923= IFCPOLYLOOP((#1847,#1841,#1904,#1874,#1877,#1859,#1861));
#1924= IFCFACEOUTERBOUND(#1923,.T.);
#1925= IFCFACE((#1924));
#1926= IFCPOLYLOOP((#1848,#1847,#1861,#1865));
#1927= IFCFACEOUTERBOUND(#1926,.T.);
#1928= IFCFACE((#1927));
#1929= IFCCLOSEDSHELL((#1845,#1852,#1855,#1858,#1864,#1870,#1873,#1880,#1885,#1889,#1893,#1898,#1903,#1908,#1911,#1916,#1919,#1922,#1925,#1928));
#1930= IFCFACETEDBREP(#1929);
#1931= IFCSTYLEDITEM(#1930,(#1838),$);
#1932= IFCSHAPEREPRESENTATION(#12,'Body','Brep',(#1930));
#1933= IFCPRODUCTDEFINITIONSHAPE($,$,(#1932));
#1934= IFCCARTESIANPOINT((1290.00274658203,6702.99725341797,16754.9995422363));
#1935= IFCAXIS2PLACEMENT3D(#1934,#1240,#8);
#1936= IFCLOCALPLACEMENT(#42,#1935);
#1937= IFCBEAM('3Jt$6MKrLCORGLV2skDctv',#44,'B2-\S\?\S\Z350x250x10','TUB350X250X10 ',$,#1936,#1933,'IDd3dff196-5355-4c61-b415-7c2dae366df9');
#1938= IFCBEAMTYPE('0ajCzeUUv6PRV8sgl__NE2',#5,'TUB350X250X10 ',$,$,$,$,$,$,.NOTDEFINED.);
#1939= IFCPROPERTYSINGLEVALUE('Preliminary mark',$,IFCLABEL('5-2-P94'),$);
#1940= IFCPROPERTYSINGLEVALUE('Class',$,IFCLABEL('4'),$);
#1941= IFCPROPERTYSET('3QcyMm4ST5HuMH7f2qiMbz',#5,'Tekla Common','Common Properties to Shared building elements',(#1464,#1465,#1190,#1939,#1192,#1940));
#1942= IFCPROPERTYSINGLEVALUE('Weight',$,IFCMASSMEASURE(383.98),$);
#1943= IFCPROPERTYSINGLEVALUE('Volume',$,IFCVOLUMEMEASURE(0.049),$);
#1944= IFCPROPERTYSINGLEVALUE('Gross footprint area',$,IFCAREAMEASURE(1.505),$);
#1945= IFCPROPERTYSINGLEVALUE('Area per tons',$,IFCAREAMEASURE(13.162),$);
#1946= IFCPROPERTYSINGLEVALUE('Net surface area',$,IFCAREAMEASURE(5.054),$);
#1947= IFCPROPERTYSINGLEVALUE('Width',$,IFCLENGTHMEASURE(250.),$);
#1948= IFCPROPERTYSINGLEVALUE('Length',$,IFCLENGTHMEASURE(4330.),$);
#1949= IFCPROPERTYSET('0CeQ7iGU97jBGyEBVcrLID',#5,'Tekla Quantity','Quantity Properties to Shared building elements',(#1942,#1943,#1944,#1945,#1946,#1822,#1947,#1948));
#1950= IFCPROPERTYSINGLEVALUE('Reference',$,IFCIDENTIFIER('5-2-P94'),$);
#1951= IFCPROPERTYSET('1_j$cmuJH4$vmxAIDzzNYY',#5,'Pset_BeamCommon','Common Properties to beam elements',(#1204,#1950));
#1952= IFCQUANTITYLENGTH('Length',$,$,4330.);
#1953= IFCQUANTITYAREA('OuterSurfaceArea',$,$,5.05400026731668);
#1954= IFCQUANTITYVOLUME('NetVolume',$,$,0.048914379155408);
#1955= IFCQUANTITYWEIGHT('NetWeight',$,$,383.977876369953);
#1956= IFCELEMENTQUANTITY('0DFapJv554wBrXsnEfPdy5',#5,'BaseQuantities',$,$,(#1952,#1953,#1954,#1955));
#1957= IFCCARTESIANPOINT((85.9722290039126,-5.00000000001251,230.));
#1958= IFCCARTESIANPOINT((85.9722290039126,-5.00000000001251,0.));
#1959= IFCCARTESIANPOINT((85.9722290039099,4.99999999998931,0.));
#1960= IFCCARTESIANPOINT((85.9722290039099,4.99999999998931,230.));
#1961= IFCPOLYLOOP((#1957,#1958,#1959,#1960));
#1962= IFCFACEOUTERBOUND(#1961,.T.);
#1963= IFCFACE((#1962));
#1964= IFCCARTESIANPOINT((8.43262877766756,5.,230.));
#1965= IFCCARTESIANPOINT((5.09973679758696,-5.00000000000159,230.));
#1966= IFCPOLYLOOP((#1957,#1960,#1964,#1965));
#1967= IFCFACEOUTERBOUND(#1966,.T.);
#1968= IFCFACE((#1967));
#1969= IFCCARTESIANPOINT((5.09973679758696,-5.00000000000159,0.));
#1970= IFCPOLYLOOP((#1958,#1957,#1965,#1969));
#1971= IFCFACEOUTERBOUND(#1970,.T.);
#1972= IFCFACE((#1971));
#1973= IFCCARTESIANPOINT((8.43262877766756,5.,0.));
#1974= IFCPOLYLOOP((#1959,#1958,#1969,#1973));
#1975= IFCFACEOUTERBOUND(#1974,.T.);
#1976= IFCFACE((#1975));
#1977= IFCPOLYLOOP((#1960,#1959,#1973,#1964));
#1978= IFCFACEOUTERBOUND(#1977,.T.);
#1979= IFCFACE((#1978));
#1980= IFCPOLYLOOP((#1969,#1965,#1964,#1973));
#1981= IFCFACEOUTERBOUND(#1980,.T.);
#1982= IFCFACE((#1981));
#1983= IFCCLOSEDSHELL((#1963,#1968,#1972,#1976,#1979,#1982));
#1984= IFCFACETEDBREP(#1983);
#1985= IFCSTYLEDITEM(#1984,(#990),$);
#1986= IFCSHAPEREPRESENTATION(#12,'Body','Brep',(#1984));
#1987= IFCPRODUCTDEFINITIONSHAPE($,$,(#1986));
#1988= IFCCARTESIANPOINT((1432.56215725255,7076.57820382881,16869.9995422363));
#1989= IFCDIRECTION((0.316190081867373,0.948695858602062,0.));
#1990= IFCAXIS2PLACEMENT3D(#1988,#915,#1989);
#1991= IFCLOCALPLACEMENT(#42,#1990);
#1992= IFCPLATE('0ZoerS2yX3FwRApz9MQg4r',#500,'PLATE-10','PL10*80.9',$,#1991,#1987,'ID23ca8d5c-0bc8-433f-a6ca-cfd2566aa135');
#1993= IFCPLATETYPE('3wxpMijkz9SP6$WG2RCxJN',#5,'PL10*80.9',$,$,$,$,$,$,.NOTDEFINED.);
#1994= IFCPROPERTYSINGLEVALUE('Preliminary mark',$,IFCLABEL('5-2-P111'),$);
#1995= IFCPROPERTYSET('25P8_6sVfEcRuUUoOOcZFt',#5,'Tekla Common','Common Properties to Shared building elements',(#1613,#1614,#1190,#1994,#1192,#1193));
#1996= IFCPROPERTYSINGLEVALUE('Weight',$,IFCMASSMEASURE(1.43),$);
#1997= IFCPROPERTYSINGLEVALUE('Area per tons',$,IFCAREAMEASURE(29.889),$);
#1998= IFCPROPERTYSINGLEVALUE('Net surface area',$,IFCAREAMEASURE(0.043),$);
#1999= IFCPROPERTYSINGLEVALUE('Height',$,IFCLENGTHMEASURE(80.9),$);
#2000= IFCPROPERTYSET('0o3cfTWnjA0fhaOaKA6rfF',#5,'Tekla Quantity','Quantity Properties to Shared building elements',(#1996,#1196,#1310,#1997,#1998,#1999,#1201,#1621));
#2001= IFCPROPERTYSINGLEVALUE('Reference',$,IFCIDENTIFIER('5-2-P111'),$);
#2002= IFCPROPERTYSET('1DNc0WVMPFKQ1CUrSGDdBA',#5,'Pset_PlateCommon','Common Properties to plate elements',(#1204,#2001));
#2003= IFCQUANTITYLENGTH('Width',$,$,80.8724922063295);
#2004= IFCQUANTITYAREA('NetArea',$,$,0.0427432829578478);
#2005= IFCQUANTITYAREA('GrossArea',$,$,0.0186006732074558);
#2006= IFCQUANTITYVOLUME('NetVolume',$,$,0.000182173906297444);
#2007= IFCQUANTITYVOLUME('GrossVolume',$,$,0.000197736126708984);
#2008= IFCELEMENTQUANTITY('2oK1t90O9DBRWCZyyhSZWG',#5,'BaseQuantities',$,$,(#2003,#2004,#2005,#1210,#2006,#2007));
#2009= IFCCOLOURRGB('Light Green',0.356862745098039,0.592156862745098,0.137254901960784);
#2010= IFCSURFACESTYLERENDERING(#2009,0.,$,$,$,$,IFCNORMALISEDRATIOMEASURE(0.00390625),IFCSPECULAREXPONENT(10.),.NOTDEFINED.);
#2011= IFCSURFACESTYLE('STEEL/S275',.POSITIVE.,(#2010));
#2012= IFCPRESENTATIONSTYLEASSIGNMENT((#2011));
#2013= IFCCARTESIANPOINT((0.,-4.,0.));
#2014= IFCCARTESIANPOINT((0.,-4.,230.));
#2015= IFCCARTESIANPOINT((0.,4.,230.));
#2016= IFCCARTESIANPOINT((0.,4.,0.));
#2017= IFCPOLYLOOP((#2013,#2014,#2015,#2016));
#2018= IFCFACEOUTERBOUND(#2017,.T.);
#2019= IFCFACE((#2018));
#2020= IFCCARTESIANPOINT((314.966918945312,-4.,230.));
#2021= IFCCARTESIANPOINT((314.966918945312,4.,230.));
#2022= IFCPOLYLOOP((#2014,#2020,#2021,#2015));
#2023= IFCFACEOUTERBOUND(#2022,.T.);
#2024= IFCFACE((#2023));
#2025= IFCCARTESIANPOINT((314.966918945312,-4.,-3.63797880709171E-12));
#2026= IFCCARTESIANPOINT((314.966918945312,4.,-3.63797880709171E-12));
#2027= IFCPOLYLOOP((#2020,#2025,#2026,#2021));
#2028= IFCFACEOUTERBOUND(#2027,.T.);
#2029= IFCFACE((#2028));
#2030= IFCPOLYLOOP((#2025,#2013,#2016,#2026));
#2031= IFCFACEOUTERBOUND(#2030,.T.);
#2032= IFCFACE((#2031));
#2033= IFCPOLYLOOP((#2021,#2026,#2016,#2015));
#2034= IFCFACEOUTERBOUND(#2033,.T.);
#2035= IFCFACE((#2034));
#2036= IFCPOLYLOOP((#2025,#2020,#2014,#2013));
#2037= IFCFACEOUTERBOUND(#2036,.T.);
#2038= IFCFACE((#2037));
#2039= IFCCLOSEDSHELL((#2019,#2024,#2029,#2032,#2035,#2038));
#2040= IFCFACETEDBREP(#2039);
#2041= IFCSTYLEDITEM(#2040,(#2012),$);
#2042= IFCSHAPEREPRESENTATION(#12,'Body','Brep',(#2040));
#2043= IFCPRODUCTDEFINITIONSHAPE($,$,(#2042));
#2044= IFCCARTESIANPOINT((1439.97189055915,7078.99725341797,16869.9995422363));
#2045= IFCAXIS2PLACEMENT3D(#2044,#915,#1240);
#2046= IFCLOCALPLACEMENT(#42,#2045);
#2047= IFCPLATE('2__PtApt12XOhxm70vp569',#1423,'PLATE-8','PL8*230',$,#2046,#2043,'IDbef99dca-cf70-4285-8afb-c07039cc5189');
#2048= IFCPLATETYPE('39G4u4_YXClBb8ptQ1uoNN',#5,'PL8*230',$,$,$,$,$,$,.NOTDEFINED.);
#2049= IFCPROPERTYSINGLEVALUE('Preliminary mark',$,IFCLABEL('5-2-P75'),$);
#2050= IFCPROPERTYSINGLEVALUE('Class',$,IFCLABEL('17'),$);
#2051= IFCPROPERTYSET('3mk1zpO$n5DfmINbbu_3Y9',#5,'Tekla Common','Common Properties to Shared building elements',(#1613,#1614,#1190,#2049,#1192,#2050));
#2052= IFCPROPERTYSINGLEVALUE('Weight',$,IFCMASSMEASURE(4.55),$);
#2053= IFCPROPERTYSINGLEVALUE('Gross footprint area',$,IFCAREAMEASURE(0.003),$);
#2054= IFCPROPERTYSINGLEVALUE('Area per tons',$,IFCAREAMEASURE(33.764),$);
#2055= IFCPROPERTYSINGLEVALUE('Net surface area',$,IFCAREAMEASURE(0.154),$);
#2056= IFCPROPERTYSINGLEVALUE('Height',$,IFCLENGTHMEASURE(230.),$);
#2057= IFCPROPERTYSINGLEVALUE('Width',$,IFCLENGTHMEASURE(8.),$);
#2058= IFCPROPERTYSINGLEVALUE('Length',$,IFCLENGTHMEASURE(315.),$);
#2059= IFCPROPERTYSET('1Nmogq8Vj7Hh7c2ZRTC6Ef',#5,'Tekla Quantity','Quantity Properties to Shared building elements',(#2052,#1470,#2053,#2054,#2055,#2056,#2057,#2058));
#2060= IFCPROPERTYSINGLEVALUE('Reference',$,IFCIDENTIFIER('5-2-P75'),$);
#2061= IFCPROPERTYSET('04ykhFdEP3xBnIUoPZVmtq',#5,'Pset_PlateCommon','Common Properties to plate elements',(#1204,#2060));
#2062= IFCQUANTITYLENGTH('Width',$,$,230.000000000004);
#2063= IFCQUANTITYAREA('NetArea',$,$,0.15360425341797);
#2064= IFCQUANTITYAREA('GrossArea',$,$,0.072442391357423);
#2065= IFCQUANTITYAREA('CrossSectionArea',$,$,6.4E-05);
#2066= IFCQUANTITYVOLUME('NetVolume',$,$,0.00057953913085938);
#2067= IFCQUANTITYVOLUME('GrossVolume',$,$,0.00057953913085938);
#2068= IFCELEMENTQUANTITY('0Yw7RpgXD5afjMVYqgdrKd',#5,'BaseQuantities',$,$,(#2062,#2063,#2064,#2065,#2066,#2067));
#2069= IFCCARTESIANPOINT((0.,-4.99999999999977,230.));
#2070= IFCCARTESIANPOINT((-1.81898940354586E-12,5.00000000000023,230.));
#2071= IFCPOLYLOOP((#1329,#2069,#2070,#1332));
#2072= IFCFACEOUTERBOUND(#2071,.T.);
#2073= IFCFACE((#2072));
#2074= IFCCARTESIANPOINT((353.999542236329,-4.99999999999773,230.));
#2075= IFCCARTESIANPOINT((353.999542236327,5.00000000000227,230.));
#2076= IFCPOLYLOOP((#2069,#2074,#2075,#2070));
#2077= IFCFACEOUTERBOUND(#2076,.T.);
#2078= IFCFACE((#2077));
#2079= IFCCARTESIANPOINT((353.999542236329,-4.99999999999773,0.));
#2080= IFCCARTESIANPOINT((353.999542236327,5.00000000000227,0.));
#2081= IFCPOLYLOOP((#2074,#2079,#2080,#2075));
#2082= IFCFACEOUTERBOUND(#2081,.T.);
#2083= IFCFACE((#2082));
#2084= IFCPOLYLOOP((#2079,#1329,#1332,#2080));
#2085= IFCFACEOUTERBOUND(#2084,.T.);
#2086= IFCFACE((#2085));
#2087= IFCPOLYLOOP((#2075,#2080,#1332,#2070));
#2088= IFCFACEOUTERBOUND(#2087,.T.);
#2089= IFCFACE((#2088));
#2090= IFCPOLYLOOP((#2079,#2074,#2069,#1329));
#2091= IFCFACEOUTERBOUND(#2090,.T.);
#2092= IFCFACE((#2091));
#2093= IFCCLOSEDSHELL((#2073,#2078,#2083,#2086,#2089,#2092));
#2094= IFCFACETEDBREP(#2093);
#2095= IFCSTYLEDITEM(#2094,(#990),$);
#2096= IFCSHAPEREPRESENTATION(#12,'Body','Brep',(#2094));
#2097= IFCPRODUCTDEFINITIONSHAPE($,$,(#2096));
#2098= IFCCARTESIANPOINT((1434.97189058376,6720.99725352213,16869.9995422363));
#2099= IFCAXIS2PLACEMENT3D(#2098,#915,#8);
#2100= IFCLOCALPLACEMENT(#42,#2099);
#2101= IFCPLATE('1OxArb1mn93xHxWLf7gKvZ',#500,'PLATE-10','PL10*230',$,#2100,#2097,'ID58ecad65-070c-490f-b47b-815a47a94e63');
#2102= IFCPLATETYPE('1VwJlIZ3r7tBd44wVM5cSQ',#5,'PL10*230',$,$,$,$,$,$,.NOTDEFINED.);
#2103= IFCPROPERTYSINGLEVALUE('Preliminary mark',$,IFCLABEL('5-2-P95'),$);
#2104= IFCPROPERTYSET('0DLW_YDBv5BBDd4wdRt6wM',#5,'Tekla Common','Common Properties to Shared building elements',(#1613,#1614,#1190,#2103,#1192,#1193));
#2105= IFCPROPERTYSINGLEVALUE('Weight',$,IFCMASSMEASURE(6.39),$);
#2106= IFCPROPERTYSINGLEVALUE('Area per tons',$,IFCAREAMEASURE(27.305),$);
#2107= IFCPROPERTYSINGLEVALUE('Net surface area',$,IFCAREAMEASURE(0.175),$);
#2108= IFCPROPERTYSINGLEVALUE('Length',$,IFCLENGTHMEASURE(354.),$);
#2109= IFCPROPERTYSET('353lG9uHj0ffULvVF5SOs6',#5,'Tekla Quantity','Quantity Properties to Shared building elements',(#2105,#1470,#1471,#2106,#2107,#2056,#1201,#2108));
#2110= IFCPROPERTYSINGLEVALUE('Reference',$,IFCIDENTIFIER('5-2-P95'),$);
#2111= IFCPROPERTYSET('0REuzlPzjBj8715Herh429',#5,'Pset_PlateCommon','Common Properties to plate elements',(#1204,#2110));
#2112= IFCQUANTITYLENGTH('Width',$,$,230.);
#2113= IFCQUANTITYAREA('NetArea',$,$,0.174519780273438);
#2114= IFCQUANTITYAREA('GrossArea',$,$,0.0814198947143556);
#2115= IFCQUANTITYVOLUME('NetVolume',$,$,0.000814198947143555);
#2116= IFCQUANTITYVOLUME('GrossVolume',$,$,0.000814198947143555);
#2117= IFCELEMENTQUANTITY('1GgZT6k71DXeIyYSCOR8Q3',#5,'BaseQuantities',$,$,(#2112,#2113,#2114,#1210,#2115,#2116));
#2118= IFCSHAPEREPRESENTATION(#12,'Body','Brep',(#2040));
#2119= IFCPRODUCTDEFINITIONSHAPE($,$,(#2118));
#2120= IFCCARTESIANPOINT((1439.97189055915,6716.99725341797,16869.9995422363));
#2121= IFCAXIS2PLACEMENT3D(#2120,#915,#1240);
#2122= IFCLOCALPLACEMENT(#42,#2121);
#2123= IFCPLATE('3ucQ2Rs5L8$BU$1ZYHNiUS',#1423,'PLATE-8','PL8*230',$,#2122,#2119,'IDf899a09b-d855-48fc-b7bf-0638915ec79c');
#2124= IFCRELAGGREGATES('3gETH3fbPELAQJEM58Hkxj',#5,$,$,#37,(#39));
#2125= IFCRELAGGREGATES('30iM4Wz651a9mKymCy_pEK',#5,$,$,#39,(#41));
#2126= IFCRELAGGREGATES('0Xp2rBblD62AXA1ixXzJ5m',#5,$,$,#41,(#43));
#2127= IFCRELCONTAINEDINSPATIALSTRUCTURE('1734hRnGz18POZl5uPpWwA',#5,$,$,(#2123,#2101,#2047,#1992,#1937,#1812,#1769,#1719,#1680,#1611,#1462,#1422,#1408,#1328,#1303,#1265,#1243,#1186,#986,#979,#972,#965,#958,#951,#944,#937,#930,#918,#499,#490,#481,#470,#390,#383,#376,#369,#362,#353,#344,#327,#244,#237,#230,#133),#43);
#2128= IFCRELDEFINESBYPROPERTIES('3mgCm8nMvBWRlzXXm0l0WA',#5,$,$,(#244,#237,#230,#133),#151);
#2129= IFCRELDEFINESBYPROPERTIES('2_MqDMOdTFa8vIwAi4YU9p',#5,$,$,(#390,#383,#376,#369,#362,#353,#344,#327),#334);
#2130= IFCRELDEFINESBYPROPERTIES('1C3JmG7fb6nB_1ttEU23A_',#5,$,$,(#499,#490,#481,#470),#472);
#2131= IFCRELDEFINESBYPROPERTIES('2UY3$W6rz5kxNqpJy_P2Y$',#5,$,$,(#986,#979,#972,#965,#958,#951,#944,#937,#930,#918),#923);
#2132= IFCRELDEFINESBYPROPERTIES('2vQM6nroHEkvHF_Shrvz_g',#5,$,$,(#1186),#1194);
#2133= IFCRELDEFINESBYPROPERTIES('0k3sT5KKj2whsJktdSIIrH',#5,$,$,(#1186),#1203);
#2134= IFCRELDEFINESBYPROPERTIES('1L$TkfxxrEPvQ$ySvwM0al',#5,$,$,(#1186),#1206);
#2135= IFCRELDEFINESBYPROPERTIES('313ejJXgP1yRua1uv0a7dd',#5,$,$,(#1186),#1213);
#2136= IFCRELDEFINESBYPROPERTIES('09wHYy3zH9IfZCiwDumu99',#5,$,$,(#1265,#1243),#1246);
#2137= IFCRELDEFINESBYPROPERTIES('2e5Kbt3LH6ce26kQIe0WDc',#5,$,$,(#1265,#1243),#1251);
#2138= IFCRELDEFINESBYPROPERTIES('39V1uNBoD8RRgfmIIMwYC0',#5,$,$,(#1265,#1243),#1253);
#2139= IFCRELDEFINESBYPROPERTIES('38wYtwqf15xfklpjyVw3VX',#5,$,$,(#1265,#1243),#1259);
#2140= IFCRELDEFINESBYPROPERTIES('2wPKKU__1288lJLOSYqgBo',#5,$,$,(#1328,#1303),#1308);
#2141= IFCRELDEFINESBYPROPERTIES('3aS4tT9e15w9W5ydLVI_U0',#5,$,$,(#1422,#1408,#1328,#1303),#1314);
#2142= IFCRELDEFINESBYPROPERTIES('1YF6x7s6521OL7xErirx_n',#5,$,$,(#1422,#1408,#1328,#1303),#1316);
#2143= IFCRELDEFINESBYPROPERTIES('0aBU7gf5bELxoHbDmfHPRl',#5,$,$,(#1328,#1303),#1322);
#2144= IFCRELDEFINESBYPROPERTIES('24_qbF3FvCsQYU49MmsiE5',#5,$,$,(#1422,#1408),#1411);
#2145= IFCRELDEFINESBYPROPERTIES('3Q2_ZqKXjBHO6hpnpo6HpX',#5,$,$,(#1422,#1408),#1416);
#2146= IFCRELDEFINESBYPROPERTIES('0MPjLZoRvE0AMyE31IqZF_',#5,$,$,(#1462),#1468);
#2147= IFCRELDEFINESBYPROPERTIES('3I2PMFQoH6S9Z3LUJviqnv',#5,$,$,(#1462),#1477);
#2148= IFCRELDEFINESBYPROPERTIES('3fP1ji7q9DZfUOvjfrCwMm',#5,$,$,(#1462),#1479);
#2149= IFCRELDEFINESBYPROPERTIES('2OZxqgPV10eBbu6SgYCwGM',#5,$,$,(#1462),#1486);
#2150= IFCRELDEFINESBYPROPERTIES('2sijNpEpbEmv8$Cg8u5TWR',#5,$,$,(#1680,#1611),#1616);
#2151= IFCRELDEFINESBYPROPERTIES('2k9D6cPKLFy94NTU7lHOrO',#5,$,$,(#1680,#1611),#1622);
#2152= IFCRELDEFINESBYPROPERTIES('1npeq8Guf4VBT4b6Tt_HOZ',#5,$,$,(#1680,#1611),#1624);
#2153= IFCRELDEFINESBYPROPERTIES('2DUTX5Hib3APhzHKYJXe$S',#5,$,$,(#1611),#1630);
#2154= IFCRELDEFINESBYPROPERTIES('0_f8hPAvX368gVKvH_XBCZ',#5,$,$,(#1680),#1685);
#2155= IFCRELDEFINESBYPROPERTIES('1c$zzxJzr31O8eZ7DPTX55',#5,$,$,(#1719),#1722);
#2156= IFCRELDEFINESBYPROPERTIES('3tFIpyBQ597P2$t4gGTl5V',#5,$,$,(#1769,#1719),#1727);
#2157= IFCRELDEFINESBYPROPERTIES('2mtsWX5Lz9VABbUUY1Gimr',#5,$,$,(#1769,#1719),#1729);
#2158= IFCRELDEFINESBYPROPERTIES('321k$g5Mf4dPgzIf2wXNqZ',#5,$,$,(#1719),#1735);
#2159= IFCRELDEFINESBYPROPERTIES('2mtY6h37z40wkjnKsZ$ijC',#5,$,$,(#1769),#1771);
#2160= IFCRELDEFINESBYPROPERTIES('1lDdZfpgH6UOhyHLxysqua',#5,$,$,(#1769),#1773);
#2161= IFCRELDEFINESBYPROPERTIES('2NOl_iRbT6vQ4w$aDMNewK',#5,$,$,(#1812),#1816);
#2162= IFCRELDEFINESBYPROPERTIES('3anAN7BvT89xH7aOuQFdoa',#5,$,$,(#1812),#1825);
#2163= IFCRELDEFINESBYPROPERTIES('1THNpyVnLCkBo8BH4_hna_',#5,$,$,(#1812),#1827);
#2164= IFCRELDEFINESBYPROPERTIES('2WJZ2v3AX0DhnFYwEvUbcR',#5,$,$,(#1812),#1834);
#2165= IFCRELDEFINESBYPROPERTIES('2sorLFoxf2jQ1dwyrk7yIH',#5,$,$,(#1937),#1941);
#2166= IFCRELDEFINESBYPROPERTIES('2i1PmWYsj2sPpvleKpcJlu',#5,$,$,(#1937),#1949);
#2167= IFCRELDEFINESBYPROPERTIES('2Kh4aGp2P3PPQyGTy8GC9J',#5,$,$,(#1937),#1951);
#2168= IFCRELDEFINESBYPROPERTIES('3SiB6qs5TDEhC58$kzzzFz',#5,$,$,(#1937),#1956);
#2169= IFCRELDEFINESBYPROPERTIES('0EYML11wL2dBlF2tKoIgIa',#5,$,$,(#1992),#1995);
#2170= IFCRELDEFINESBYPROPERTIES('2F_gBR5ZbDHxYpQmNaCFDm',#5,$,$,(#1992),#2000);
#2171= IFCRELDEFINESBYPROPERTIES('1_Vd5B$b51PPk6WvBXY72g',#5,$,$,(#1992),#2002);
#2172= IFCRELDEFINESBYPROPERTIES('2IOh3iuvXFBgrbRqvNoAl$',#5,$,$,(#1992),#2008);
#2173= IFCRELDEFINESBYPROPERTIES('3bh3IAYlX3Ie8iPFKxPEvl',#5,$,$,(#2123,#2047),#2051);
#2174= IFCRELDEFINESBYPROPERTIES('3Q10QReq19rB7mXeQ1bZoa',#5,$,$,(#2123,#2047),#2059);
#2175= IFCRELDEFINESBYPROPERTIES('26F6xTtc17FPvakLkwI8Li',#5,$,$,(#2123,#2047),#2061);
#2176= IFCRELDEFINESBYPROPERTIES('1DNB2pQKXBGQOPURobPIO7',#5,$,$,(#2123,#2047),#2068);
#2177= IFCRELDEFINESBYPROPERTIES('1ihpr6r9P3gwZFYvhANM53',#5,$,$,(#2101),#2104);
#2178= IFCRELDEFINESBYPROPERTIES('06K3PWavT15BNOYqvGJeap',#5,$,$,(#2101),#2109);
#2179= IFCRELDEFINESBYPROPERTIES('0dbKoqPKX4VgogsJIQ1aHw',#5,$,$,(#2101),#2111);
#2180= IFCRELDEFINESBYPROPERTIES('1efo2sFnLEAgSRnhx543i0',#5,$,$,(#2101),#2117);
#2181= IFCRELDEFINESBYTYPE('0zKC3dtdj8wQEpEkC4toSn',#5,$,$,(#986,#979,#972,#965,#958,#951,#944,#937,#930,#918,#499,#490,#481,#470,#390,#383,#376,#369,#362,#353,#344,#327,#244,#237,#230,#133),#134);
#2182= IFCRELDEFINESBYTYPE('3h23qOVvzAHfJspC97fHwE',#5,$,$,(#1186),#1187);
#2183= IFCRELDEFINESBYTYPE('38J4AaxuL3Hfcpeke8sLIh',#5,$,$,(#1265,#1243),#1244);
#2184= IFCRELDEFINESBYTYPE('0iImsK6894SPNFk25mFIBI',#5,$,$,(#1422,#1408,#1328,#1303),#1304);
#2185= IFCRELDEFINESBYTYPE('18oD8rQSv9yuc$VAqhwA_w',#5,$,$,(#1462),#1463);
#2186= IFCRELDEFINESBYTYPE('0DVft0dzL8wvd4tGVS32Zf',#5,$,$,(#1769,#1719,#1680,#1611),#1612);
#2187= IFCRELDEFINESBYTYPE('0l8ydSsUr4Y8atXQf2EbZx',#5,$,$,(#1812),#1813);
#2188= IFCRELDEFINESBYTYPE('0aOuHQ9pvEEvVDlJhBlIHY',#5,$,$,(#1937),#1938);
#2189= IFCRELDEFINESBYTYPE('20olSa9vr53BMRFvAVC5oL',#5,$,$,(#1992),#1993);
#2190= IFCRELDEFINESBYTYPE('0Tp$4tRM130xGNS7tQvMkB',#5,$,$,(#2123,#2047),#2048);
#2191= IFCRELDEFINESBYTYPE('1$Ks6yqmf2KRaLpzxoooaO',#5,$,$,(#2101),#2102);
#2192= IFCRELASSOCIATESMATERIAL('3l_uNrTDLA2wR6TJKkn0bK',#5,$,$,(#986,#979,#972,#965,#958,#951,#944,#937,#930,#918,#244,#237,#230,#133),#152);
#2193= IFCRELASSOCIATESMATERIAL('2ORPjiqXz8igWZM11NHYlm',#5,$,$,(#499,#490,#481,#470,#390,#383,#376,#369,#362,#353,#344,#327),#335);
#2194= IFCRELASSOCIATESMATERIAL('3wDX6UK9jF7fahDP3QkL3v',#5,$,$,(#2123,#2101,#2047,#1992,#1937,#1812,#1769,#1719,#1680,#1611,#1462,#1422,#1408,#1328,#1303,#1265,#1243,#1186),#1214);
#2195= IFCPRESENTATIONLAYERASSIGNMENT('BoltArray',$,(#126,#225,#232,#239,#320,#337,#346,#355,#364,#371,#378,#385,#463,#474,#483,#492,#912,#925,#932,#939,#946,#953,#960,#967,#974,#981),$);
#2196= IFCPRESENTATIONLAYERASSIGNMENT('PLATE-10',$,(#1180,#1237,#1260,#1298,#1323,#1403,#1417,#1606,#1675,#1714,#1764,#1986,#2096),$);
#2197= IFCPRESENTATIONLAYERASSIGNMENT('PLATE-12',$,(#1457),$);
#2198= IFCPRESENTATIONLAYERASSIGNMENT('PLATE-20',$,(#1807),$);
#2199= IFCPRESENTATIONLAYERASSIGNMENT('B2-\S\?\S\Z350x250x10',$,(#1932),$);
#2200= IFCPRESENTATIONLAYERASSIGNMENT('PLATE-8',$,(#2042,#2118),$);
ENDSEC;

END-ISO-10303-21;
