ISO-10303-21;
HEADER;
FILE_DESCRIPTION(('ViewDefinition[CoordinationView_V2.0, QuantityTakeOffAddOnView]', 'ExchangeRequirement[Structural, SurfaceGeometry]', 'Option [BaseQuantities:On]', 'Option [GridExport:On]', 'Option [Assemblies:Off]', 'Option [Bolts:On]', 'Option [Rebars:On]', 'Option [PourObjects:Off]', 'Option [Welds:Off]', 'Option [SurfaceTreatments:On]', 'Option [LocationBy:0]', 'Option [ViewColors:Off]', 'Option [SectionedSpine:Off]', 'Option [PropertySets:On]', 'Option [Export all:Off]'),'2;1');
FILE_NAME('5-2-A35_1.ifc','2026-03-10T08:04:10',('DESKTOP-NLV509P\\Ahmed'),('Structural Designer'),'IFC Parser version: 3.13.2','Tekla Structures 2023 Service Pack 8, IFC Export Version: 4.0.0.0 Jan 19 2024','');
FILE_SCHEMA(('IFC2X3'));
ENDSEC;

DATA;
#1= IFCPERSON('DESKTOP-NLV509P\\Ahmed','Undefined',$,$,$,$,$,$);
#2= IFCORGANIZATION($,'Trimble Solutions Corporation',$,$,$);
#3= IFCPERSONANDORGANIZATION(#1,#2,$);
#4= IFCAPPLICATION(#2,'2023 Service Pack 8','Tekla Structures','Multi material modeling');
#5= IFCOWNERHISTORY(#3,#4,$,.NOCHANGE.,$,$,$,1773119050);
#6= IFCCARTESIANPOINT((0.,0.,0.));
#7= IFCDIRECTION((1.,0.,0.));
#8= IFCDIRECTION((0.,1.,0.));
#9= IFCDIRECTION((0.,0.,1.));
#10= IFCAXIS2PLACEMENT3D(#6,#9,#7);
#11= IFCGEOMETRICREPRESENTATIONCONTEXT($,'Model',3,1.E-05,#10,$);
#12= IFCGEOMETRICREPRESENTATIONSUBCONTEXT('Body','Model',*,*,*,*,#11,$,.MODEL_VIEW.,$);
#13= IFCGEOMETRICREPRESENTATIONSUBCONTEXT('Axis','Model',*,*,*,*,#11,$,.GRAPH_VIEW.,$);
#14= IFCGEOMETRICREPRESENTATIONSUBCONTEXT('FootPrint','Model',*,*,*,*,#11,$,.MODEL_VIEW.,$);
#15= IFCSIUNIT(*,.LENGTHUNIT.,.MILLI.,.METRE.);
#16= IFCMEASUREWITHUNIT(IFCRATIOMEASURE(304.8),#15);
#17= IFCDIMENSIONALEXPONENTS(1,0,0,0,0,0,0);
#18= IFCCONVERSIONBASEDUNIT(#17,.LENGTHUNIT.,'FOOT',#16);
#19= IFCSIUNIT(*,.AREAUNIT.,$,.SQUARE_METRE.);
#20= IFCMEASUREWITHUNIT(IFCRATIOMEASURE(0.09290304),#19);
#21= IFCDIMENSIONALEXPONENTS(2,0,0,0,0,0,0);
#22= IFCCONVERSIONBASEDUNIT(#21,.AREAUNIT.,'SQUARE FOOT',#20);
#23= IFCSIUNIT(*,.VOLUMEUNIT.,$,.CUBIC_METRE.);
#24= IFCMEASUREWITHUNIT(IFCRATIOMEASURE(0.028316846592),#23);
#25= IFCDIMENSIONALEXPONENTS(3,0,0,0,0,0,0);
#26= IFCCONVERSIONBASEDUNIT(#25,.VOLUMEUNIT.,'CUBIC FOOT',#24);
#27= IFCSIUNIT(*,.MASSUNIT.,.KILO.,.GRAM.);
#28= IFCSIUNIT(*,.TIMEUNIT.,$,.SECOND.);
#29= IFCSIUNIT(*,.PLANEANGLEUNIT.,$,.RADIAN.);
#30= IFCMEASUREWITHUNIT(IFCRATIOMEASURE(0.0174532925199433),#29);
#31= IFCDIMENSIONALEXPONENTS(0,0,0,0,0,0,0);
#32= IFCCONVERSIONBASEDUNIT(#31,.PLANEANGLEUNIT.,'DEGREE',#30);
#33= IFCSIUNIT(*,.SOLIDANGLEUNIT.,$,.STERADIAN.);
#34= IFCSIUNIT(*,.THERMODYNAMICTEMPERATUREUNIT.,$,.DEGREE_CELSIUS.);
#35= IFCSIUNIT(*,.LUMINOUSINTENSITYUNIT.,$,.LUMEN.);
#36= IFCUNITASSIGNMENT((#15,#19,#23,#27,#28,#29,#33,#34,#35));
#37= IFCPROJECT('0qcqGTsjX7LwQnFdjeObWK',#5,'Undefined',$,$,$,$,(#11),#36);
#38= IFCLOCALPLACEMENT($,#10);
#39= IFCSITE('1FmKHBH1DBjRz1IMXSoTMJ',#5,'Undefined',$,$,#38,$,$,.ELEMENT.,$,$,$,$,$);
#40= IFCLOCALPLACEMENT(#38,#10);
#41= IFCBUILDING('2tVBLKKCLETg3VZ$Q6Z8FP',#5,'Undefined',$,$,#40,$,$,.ELEMENT.,$,$,$);
#42= IFCLOCALPLACEMENT(#40,#10);
#43= IFCBUILDINGSTOREY('3gJPpYF7LCbf7I109fNVl5',#5,'Undefined',$,$,#42,$,$,.ELEMENT.,0.);
#44= IFCOWNERHISTORY(#3,#4,$,.NOCHANGE.,$,$,$,1770840000);
#45= IFCCOLOURRGB($,0.698039215686274,0.4,0.);
#46= IFCSURFACESTYLERENDERING(#45,0.,$,$,$,$,IFCNORMALISEDRATIOMEASURE(0.00390625),IFCSPECULAREXPONENT(10.),.NOTDEFINED.);
#47= IFCSURFACESTYLE('EVENT',.POSITIVE.,(#46));
#48= IFCPRESENTATIONSTYLEASSIGNMENT((#47));
#49= IFCCARTESIANPOINT((7.5,-3.99999970650342,0.));
#50= IFCCARTESIANPOINT((6.49519052838316,-3.99999970650342,3.75000000000022));
#51= IFCCARTESIANPOINT((3.74999999999955,-3.99999970650342,6.49519052838355));
#52= IFCCARTESIANPOINT((-7.77251986200242E-13,-3.99999970650342,7.5));
#53= IFCCARTESIANPOINT((-3.7500000000009,-3.99999970650342,6.49519052838277));
#54= IFCCARTESIANPOINT((-6.49519052838394,-3.99999970650342,3.74999999999888));
#55= IFCCARTESIANPOINT((-7.5,-3.99999970650342,-1.55450397240048E-12));
#56= IFCCARTESIANPOINT((-6.49519052838238,-3.99999970650342,-3.75000000000157));
#57= IFCCARTESIANPOINT((-3.74999999999821,-3.99999970650342,-6.49519052838432));
#58= IFCCARTESIANPOINT((2.32342928591604E-12,-3.99999970650342,-7.5));
#59= IFCCARTESIANPOINT((3.75000000000224,-3.99999970650342,-6.495190528382));
#60= IFCCARTESIANPOINT((6.49519052838471,-3.99999970650342,-3.74999999999753));
#61= IFCCARTESIANPOINT((7.5,4.10000029338602,0.));
#62= IFCCARTESIANPOINT((6.49519052838316,4.10000029338602,3.75000000000022));
#63= IFCCARTESIANPOINT((3.74999999999955,4.10000029338602,6.49519052838355));
#64= IFCCARTESIANPOINT((-7.77251986200242E-13,4.10000029338602,7.5));
#65= IFCCARTESIANPOINT((-3.7500000000009,4.10000029338602,6.49519052838277));
#66= IFCCARTESIANPOINT((-6.49519052838394,4.10000029338602,3.74999999999888));
#67= IFCCARTESIANPOINT((-7.5,4.10000029338602,-1.55450397240048E-12));
#68= IFCCARTESIANPOINT((-6.49519052838238,4.10000029338602,-3.75000000000157));
#69= IFCCARTESIANPOINT((-3.74999999999821,4.10000029338602,-6.49519052838432));
#70= IFCCARTESIANPOINT((2.32342928591604E-12,4.10000029338602,-7.5));
#71= IFCCARTESIANPOINT((3.75000000000224,4.10000029338602,-6.495190528382));
#72= IFCCARTESIANPOINT((6.49519052838471,4.10000029338602,-3.74999999999753));
#73= IFCPOLYLOOP((#49,#50,#51,#52,#53,#54,#55,#56,#57,#58,#59,#60));
#74= IFCFACEOUTERBOUND(#73,.T.);
#75= IFCFACE((#74));
#76= IFCPOLYLOOP((#72,#71,#70,#69,#68,#67,#66,#65,#64,#63,#62,#61));
#77= IFCFACEOUTERBOUND(#76,.T.);
#78= IFCFACE((#77));
#79= IFCPOLYLOOP((#49,#61,#62,#50));
#80= IFCFACEOUTERBOUND(#79,.T.);
#81= IFCFACE((#80));
#82= IFCPOLYLOOP((#50,#62,#63,#51));
#83= IFCFACEOUTERBOUND(#82,.T.);
#84= IFCFACE((#83));
#85= IFCPOLYLOOP((#51,#63,#64,#52));
#86= IFCFACEOUTERBOUND(#85,.T.);
#87= IFCFACE((#86));
#88= IFCPOLYLOOP((#52,#64,#65,#53));
#89= IFCFACEOUTERBOUND(#88,.T.);
#90= IFCFACE((#89));
#91= IFCPOLYLOOP((#53,#65,#66,#54));
#92= IFCFACEOUTERBOUND(#91,.T.);
#93= IFCFACE((#92));
#94= IFCPOLYLOOP((#54,#66,#67,#55));
#95= IFCFACEOUTERBOUND(#94,.T.);
#96= IFCFACE((#95));
#97= IFCPOLYLOOP((#55,#67,#68,#56));
#98= IFCFACEOUTERBOUND(#97,.T.);
#99= IFCFACE((#98));
#100= IFCPOLYLOOP((#56,#68,#69,#57));
#101= IFCFACEOUTERBOUND(#100,.T.);
#102= IFCFACE((#101));
#103= IFCPOLYLOOP((#57,#69,#70,#58));
#104= IFCFACEOUTERBOUND(#103,.T.);
#105= IFCFACE((#104));
#106= IFCPOLYLOOP((#58,#70,#71,#59));
#107= IFCFACEOUTERBOUND(#106,.T.);
#108= IFCFACE((#107));
#109= IFCPOLYLOOP((#59,#71,#72,#60));
#110= IFCFACEOUTERBOUND(#109,.T.);
#111= IFCFACE((#110));
#112= IFCPOLYLOOP((#60,#72,#61,#49));
#113= IFCFACEOUTERBOUND(#112,.T.);
#114= IFCFACE((#113));
#115= IFCCLOSEDSHELL((#75,#78,#81,#84,#87,#90,#93,#96,#99,#102,#105,#108,#111,#114));
#116= IFCCOLOURRGB($,0.,0.,0.);
#117= IFCSURFACESTYLERENDERING(#116,0.,$,$,$,$,IFCNORMALISEDRATIOMEASURE(0.00390625),IFCSPECULAREXPONENT(10.),.NOTDEFINED.);
#118= IFCSURFACESTYLE($,.POSITIVE.,(#117));
#119= IFCPRESENTATIONSTYLEASSIGNMENT((#118));
#120= IFCFACETEDBREP(#115);
#121= IFCSTYLEDITEM(#120,(#119),$);
#122= IFCCARTESIANTRANSFORMATIONOPERATOR3D($,$,#6,$,$);
#123= IFCSHAPEREPRESENTATION(#12,'Body','Brep',(#120));
#124= IFCREPRESENTATIONMAP(#10,#123);
#125= IFCMAPPEDITEM(#124,#122);
#126= IFCSHAPEREPRESENTATION(#12,'Body','MappedRepresentation',(#125));
#127= IFCPRODUCTDEFINITIONSHAPE($,$,(#126));
#128= IFCCARTESIANPOINT((12324.0042066684,29935.0904857719,16681.9272941422));
#129= IFCDIRECTION((2.48730000184878E-05,-0.509320893573644,0.860576682667314));
#130= IFCDIRECTION((-2.84160000078642E-05,0.860576682226091,0.509320894133811));
#131= IFCAXIS2PLACEMENT3D(#128,#129,#130);
#132= IFCLOCALPLACEMENT(#42,#131);
#133= IFCMECHANICALFASTENER('1xgzTuKon1$u5H$8Hl_TDH',#44,'Bolt assembly',$,$,#132,#127,'ID7babd778-532c-41ff-8151-fc846ff9d351',15.,8.);
#134= IFCMECHANICALFASTENERTYPE('3Ac$5s0HHDpRUb02CzLU9H',#5,'Bolt assembly',$,$,$,$,$,$);
#135= IFCPROPERTYSINGLEVALUE('Washer count',$,IFCINTEGER(0),$);
#136= IFCPROPERTYSINGLEVALUE('Washer diameter',$,IFCLENGTHMEASURE(15.),$);
#137= IFCPROPERTYSINGLEVALUE('Washer type',$,IFCLABEL(''),$);
#138= IFCPROPERTYSINGLEVALUE('Washer name',$,IFCLABEL(''),$);
#139= IFCPROPERTYSINGLEVALUE('Nut count',$,IFCINTEGER(0),$);
#140= IFCPROPERTYSINGLEVALUE('Nut type',$,IFCLABEL(''),$);
#141= IFCPROPERTYSINGLEVALUE('Nut name',$,IFCLABEL(''),$);
#142= IFCPROPERTYSINGLEVALUE('Slotted hole y',$,IFCLENGTHMEASURE(0.),$);
#143= IFCPROPERTYSINGLEVALUE('Slotted hole x',$,IFCLENGTHMEASURE(0.),$);
#144= IFCPROPERTYSINGLEVALUE('Bolt hole diameter',$,IFCLENGTHMEASURE(15.),$);
#145= IFCPROPERTYSINGLEVALUE('Location',$,IFCLABEL('Site'),$);
#146= IFCPROPERTYSINGLEVALUE('Bolt count',$,IFCINTEGER(1),$);
#147= IFCPROPERTYSINGLEVALUE('Bolt size',$,IFCLENGTHMEASURE(15.),$);
#148= IFCPROPERTYSINGLEVALUE('Bolt length',$,IFCLENGTHMEASURE(8.),$);
#149= IFCPROPERTYSINGLEVALUE('Bolt standard',$,IFCLABEL('EVENT'),$);
#150= IFCPROPERTYSINGLEVALUE('Bolt Name',$,IFCLABEL(''),$);
#151= IFCPROPERTYSET('22W02$KcH0Tgc6TtFPIp8R',#5,'Tekla Bolt','Bolt Properties',(#135,#136,#137,#138,#139,#140,#141,#142,#143,#144,#145,#146,#147,#148,#149,#150));
#152= IFCMATERIAL('EVENT');
#153= IFCMAPPEDITEM(#124,#122);
#154= IFCSHAPEREPRESENTATION(#12,'Body','MappedRepresentation',(#153));
#155= IFCPRODUCTDEFINITIONSHAPE($,$,(#154));
#156= IFCCARTESIANPOINT((12324.0052118084,29935.0904858097,16826.9272941387));
#157= IFCDIRECTION((-1.29419999975653E-05,0.509320893901657,0.860576682735316));
#158= IFCDIRECTION((-3.54770000057579E-05,0.860576682031968,-0.50932089401892));
#159= IFCAXIS2PLACEMENT3D(#156,#157,#158);
#160= IFCLOCALPLACEMENT(#42,#159);
#161= IFCMECHANICALFASTENER('3WAfxQJYL7v8YfizCB9KKj',#44,'Bolt assembly',$,$,#160,#155,'IDe02a9eda-4e25-47e4-88a9-b3d30b25452d',15.,8.);
#162= IFCMAPPEDITEM(#124,#122);
#163= IFCSHAPEREPRESENTATION(#12,'Body','MappedRepresentation',(#162));
#164= IFCPRODUCTDEFINITIONSHAPE($,$,(#163));
#165= IFCCARTESIANPOINT((12323.9956545063,30165.4703619454,16681.9272941422));
#166= IFCDIRECTION((1.29419999975653E-05,-0.509320893901658,-0.860576682735316));
#167= IFCDIRECTION((3.54770000056546E-05,-0.860576682031968,0.50932089401892));
#168= IFCAXIS2PLACEMENT3D(#165,#166,#167);
#169= IFCLOCALPLACEMENT(#42,#168);
#170= IFCMECHANICALFASTENER('2t$BHgd4PF3Py37840CVEj',#44,'Bolt assembly',$,$,#169,#164,'IDb7fcb46a-9c46-4f0d-9f03-1c810031f3ad',15.,8.);
#171= IFCMAPPEDITEM(#124,#122);
#172= IFCSHAPEREPRESENTATION(#12,'Body','MappedRepresentation',(#171));
#173= IFCPRODUCTDEFINITIONSHAPE($,$,(#172));
#174= IFCCARTESIANPOINT((12323.9966596464,30165.4703619832,16826.9272941387));
#175= IFCDIRECTION((-2.48730000184878E-05,0.509320893573636,-0.860576682667319));
#176= IFCDIRECTION((2.84160000077825E-05,-0.860576682226096,-0.509320894133803));
#177= IFCAXIS2PLACEMENT3D(#174,#175,#176);
#178= IFCLOCALPLACEMENT(#42,#177);
#179= IFCMECHANICALFASTENER('27G_jnkgrAAexCNR9vPH6F',#44,'Bolt assembly',$,$,#178,#173,'ID8743eb71-baad-4a2a-8ecc-5db27965118f',15.,8.);
#180= IFCMAPPEDITEM(#124,#122);
#181= IFCSHAPEREPRESENTATION(#12,'Body','MappedRepresentation',(#180));
#182= IFCPRODUCTDEFINITIONSHAPE($,$,(#181));
#183= IFCCARTESIANPOINT((12756.0066480595,29935.0904857728,16681.9242994208));
#184= IFCAXIS2PLACEMENT3D(#183,#129,#130);
#185= IFCLOCALPLACEMENT(#42,#184);
#186= IFCMECHANICALFASTENER('2jQycE55f0oh4H3EjwHHYn',#44,'Bolt assembly',$,$,#185,#182,'IDad6bc98e-145a-40ca-b111-0ceb7a4518b1',15.,8.);
#187= IFCMAPPEDITEM(#124,#122);
#188= IFCSHAPEREPRESENTATION(#12,'Body','MappedRepresentation',(#187));
#189= IFCPRODUCTDEFINITIONSHAPE($,$,(#188));
#190= IFCCARTESIANPOINT((12756.0076531996,29935.0904858107,16826.9242994173));
#191= IFCAXIS2PLACEMENT3D(#190,#157,#158);
#192= IFCLOCALPLACEMENT(#42,#191);
#193= IFCMECHANICALFASTENER('3$oRTk2dH6hx3EJD9wIcUd',#44,'Bolt assembly',$,$,#192,#189,'IDffc9b76e-0a74-46af-b0ce-4cd27a4a67a7',15.,8.);
#194= IFCMAPPEDITEM(#124,#122);
#195= IFCSHAPEREPRESENTATION(#12,'Body','MappedRepresentation',(#194));
#196= IFCPRODUCTDEFINITIONSHAPE($,$,(#195));
#197= IFCCARTESIANPOINT((12755.9980958975,30165.4703619463,16681.9242994208));
#198= IFCAXIS2PLACEMENT3D(#197,#166,#167);
#199= IFCLOCALPLACEMENT(#42,#198);
#200= IFCMECHANICALFASTENER('3_t5SkoGfE7fpiBMP2rHJn',#44,'Bolt assembly',$,$,#199,#196,'IDfedc572e-c90a-4e1e-9cec-2d6642d514f1',15.,8.);
#201= IFCMAPPEDITEM(#124,#122);
#202= IFCSHAPEREPRESENTATION(#12,'Body','MappedRepresentation',(#201));
#203= IFCPRODUCTDEFINITIONSHAPE($,$,(#202));
#204= IFCCARTESIANPOINT((12755.9991010376,30165.4703619842,16826.9242994173));
#205= IFCAXIS2PLACEMENT3D(#204,#175,#176);
#206= IFCLOCALPLACEMENT(#42,#205);
#207= IFCMECHANICALFASTENER('2J7FcBmRrDBe8PMaxVsj3G',#44,'Bolt assembly',$,$,#206,#203,'ID931cf98b-c1bd-4d2e-8219-5a4edfdad0d0',15.,8.);
#208= IFCCARTESIANPOINT((7.5,-6.00000000044949,0.));
#209= IFCCARTESIANPOINT((6.49519052838316,-6.00000000044949,3.75000000000022));
#210= IFCCARTESIANPOINT((3.74999999999955,-6.00000000044949,6.49519052838355));
#211= IFCCARTESIANPOINT((-7.77251986200242E-13,-6.00000000044949,7.5));
#212= IFCCARTESIANPOINT((-3.7500000000009,-6.00000000044949,6.49519052838277));
#213= IFCCARTESIANPOINT((-6.49519052838394,-6.00000000044949,3.74999999999888));
#214= IFCCARTESIANPOINT((-7.5,-6.00000000044949,-1.55450397240048E-12));
#215= IFCCARTESIANPOINT((-6.49519052838238,-6.00000000044949,-3.75000000000157));
#216= IFCCARTESIANPOINT((-3.74999999999821,-6.00000000044949,-6.49519052838432));
#217= IFCCARTESIANPOINT((2.32342928591604E-12,-6.00000000044949,-7.5));
#218= IFCCARTESIANPOINT((3.75000000000224,-6.00000000044949,-6.495190528382));
#219= IFCCARTESIANPOINT((6.49519052838471,-6.00000000044949,-3.74999999999753));
#220= IFCCARTESIANPOINT((7.5,6.10000000021106,0.));
#221= IFCCARTESIANPOINT((6.49519052838316,6.10000000021106,3.75000000000022));
#222= IFCCARTESIANPOINT((3.74999999999955,6.10000000021106,6.49519052838355));
#223= IFCCARTESIANPOINT((-7.77251986200242E-13,6.10000000021106,7.5));
#224= IFCCARTESIANPOINT((-3.7500000000009,6.10000000021106,6.49519052838277));
#225= IFCCARTESIANPOINT((-6.49519052838394,6.10000000021106,3.74999999999888));
#226= IFCCARTESIANPOINT((-7.5,6.10000000021106,-1.55450397240048E-12));
#227= IFCCARTESIANPOINT((-6.49519052838238,6.10000000021106,-3.75000000000157));
#228= IFCCARTESIANPOINT((-3.74999999999821,6.10000000021106,-6.49519052838432));
#229= IFCCARTESIANPOINT((2.32342928591604E-12,6.10000000021106,-7.5));
#230= IFCCARTESIANPOINT((3.75000000000224,6.10000000021106,-6.495190528382));
#231= IFCCARTESIANPOINT((6.49519052838471,6.10000000021106,-3.74999999999753));
#232= IFCPOLYLOOP((#208,#209,#210,#211,#212,#213,#214,#215,#216,#217,#218,#219));
#233= IFCFACEOUTERBOUND(#232,.T.);
#234= IFCFACE((#233));
#235= IFCPOLYLOOP((#231,#230,#229,#228,#227,#226,#225,#224,#223,#222,#221,#220));
#236= IFCFACEOUTERBOUND(#235,.T.);
#237= IFCFACE((#236));
#238= IFCPOLYLOOP((#208,#220,#221,#209));
#239= IFCFACEOUTERBOUND(#238,.T.);
#240= IFCFACE((#239));
#241= IFCPOLYLOOP((#209,#221,#222,#210));
#242= IFCFACEOUTERBOUND(#241,.T.);
#243= IFCFACE((#242));
#244= IFCPOLYLOOP((#210,#222,#223,#211));
#245= IFCFACEOUTERBOUND(#244,.T.);
#246= IFCFACE((#245));
#247= IFCPOLYLOOP((#211,#223,#224,#212));
#248= IFCFACEOUTERBOUND(#247,.T.);
#249= IFCFACE((#248));
#250= IFCPOLYLOOP((#212,#224,#225,#213));
#251= IFCFACEOUTERBOUND(#250,.T.);
#252= IFCFACE((#251));
#253= IFCPOLYLOOP((#213,#225,#226,#214));
#254= IFCFACEOUTERBOUND(#253,.T.);
#255= IFCFACE((#254));
#256= IFCPOLYLOOP((#214,#226,#227,#215));
#257= IFCFACEOUTERBOUND(#256,.T.);
#258= IFCFACE((#257));
#259= IFCPOLYLOOP((#215,#227,#228,#216));
#260= IFCFACEOUTERBOUND(#259,.T.);
#261= IFCFACE((#260));
#262= IFCPOLYLOOP((#216,#228,#229,#217));
#263= IFCFACEOUTERBOUND(#262,.T.);
#264= IFCFACE((#263));
#265= IFCPOLYLOOP((#217,#229,#230,#218));
#266= IFCFACEOUTERBOUND(#265,.T.);
#267= IFCFACE((#266));
#268= IFCPOLYLOOP((#218,#230,#231,#219));
#269= IFCFACEOUTERBOUND(#268,.T.);
#270= IFCFACE((#269));
#271= IFCPOLYLOOP((#219,#231,#220,#208));
#272= IFCFACEOUTERBOUND(#271,.T.);
#273= IFCFACE((#272));
#274= IFCCLOSEDSHELL((#234,#237,#240,#243,#246,#249,#252,#255,#258,#261,#264,#267,#270,#273));
#275= IFCFACETEDBREP(#274);
#276= IFCSTYLEDITEM(#275,(#119),$);
#277= IFCSHAPEREPRESENTATION(#12,'Body','Brep',(#275));
#278= IFCREPRESENTATIONMAP(#10,#277);
#279= IFCMAPPEDITEM(#278,#122);
#280= IFCSHAPEREPRESENTATION(#12,'Body','MappedRepresentation',(#279));
#281= IFCPRODUCTDEFINITIONSHAPE($,$,(#280));
#282= IFCCARTESIANPOINT((14994.0109504098,29920.491125764,16826.9243271434));
#283= IFCDIRECTION((3.99820000220643E-05,-0.509306724992082,-0.860585067427549));
#284= IFCDIRECTION((2.86460000165303E-05,0.860585068345625,-0.509306724204543));
#285= IFCAXIS2PLACEMENT3D(#282,#283,#284);
#286= IFCLOCALPLACEMENT(#42,#285);
#287= IFCMECHANICALFASTENER('0lwrPjzKvBFfCLtp2QTYTs',#44,'Bolt assembly',$,$,#286,#281,'ID2feb566d-f54e-4b3e-9315-df309a762776',15.,12.);
#288= IFCPROPERTYSINGLEVALUE('Bolt length',$,IFCLENGTHMEASURE(12.),$);
#289= IFCPROPERTYSET('3sFtfMS8L4dfako64zJQSJ',#5,'Tekla Bolt','Bolt Properties',(#135,#136,#137,#138,#139,#140,#141,#142,#143,#144,#145,#146,#147,#288,#149,#150));
#290= IFCMAPPEDITEM(#278,#122);
#291= IFCSHAPEREPRESENTATION(#12,'Body','MappedRepresentation',(#290));
#292= IFCPRODUCTDEFINITIONSHAPE($,$,(#291));
#293= IFCCARTESIANPOINT((14994.0191060799,29920.491125764,16681.9243271434));
#294= IFCDIRECTION((-3.99820000220643E-05,-0.509306724992093,0.860585067427543));
#295= IFCDIRECTION((-2.86460000165309E-05,0.860585068345618,0.509306724204555));
#296= IFCAXIS2PLACEMENT3D(#293,#294,#295);
#297= IFCLOCALPLACEMENT(#42,#296);
#298= IFCMECHANICALFASTENER('2eqjS2CBbELgC7oVpvHsGO',#44,'Bolt assembly',$,$,#297,#292,'IDa8d2d702-30b9-4e56-a307-c9fcf9476418',15.,12.);
#299= IFCMAPPEDITEM(#278,#122);
#300= IFCSHAPEREPRESENTATION(#12,'Body','MappedRepresentation',(#299));
#301= IFCPRODUCTDEFINITIONSHAPE($,$,(#300));
#302= IFCCARTESIANPOINT((14994.0191060799,30165.491125764,16681.9243271434));
#303= IFCDIRECTION((3.99799999941023E-05,-0.509335064705857,-0.860568294943917));
#304= IFCDIRECTION((-2.86479999919589E-05,-0.860568295861912,0.50933506391826));
#305= IFCAXIS2PLACEMENT3D(#302,#303,#304);
#306= IFCLOCALPLACEMENT(#42,#305);
#307= IFCMECHANICALFASTENER('3FJ9CrHPX2xAL6JDvJmjZu',#44,'Bolt assembly',$,$,#306,#301,'IDcf4c9335-4598-42ec-a546-4cde53c2d8f8',15.,12.);
#308= IFCMAPPEDITEM(#278,#122);
#309= IFCSHAPEREPRESENTATION(#12,'Body','MappedRepresentation',(#308));
#310= IFCPRODUCTDEFINITIONSHAPE($,$,(#309));
#311= IFCCARTESIANPOINT((14994.0109504098,30165.491125764,16826.9243271434));
#312= IFCDIRECTION((3.99799999941023E-05,0.509335064705875,-0.860568294943906));
#313= IFCDIRECTION((2.86479999919586E-05,-0.8605682958619,-0.509335063918279));
#314= IFCAXIS2PLACEMENT3D(#311,#312,#313);
#315= IFCLOCALPLACEMENT(#42,#314);
#316= IFCMECHANICALFASTENER('0JnUDwuEr2B84p8kjCfBgy',#44,'Bolt assembly',$,$,#315,#310,'ID13c5e37a-e0ed-422c-8133-22eb4ca4babc',15.,12.);
#317= IFCMAPPEDITEM(#278,#122);
#318= IFCSHAPEREPRESENTATION(#12,'Body','MappedRepresentation',(#317));
#319= IFCPRODUCTDEFINITIONSHAPE($,$,(#318));
#320= IFCCARTESIANPOINT((3406.0082398451,29920.491125764,16681.9243271434));
#321= IFCDIRECTION((0.,-0.509306724715811,0.860585068519814));
#322= IFCDIRECTION((0.,0.860585068519814,0.509306724715812));
#323= IFCAXIS2PLACEMENT3D(#320,#321,#322);
#324= IFCLOCALPLACEMENT(#42,#323);
#325= IFCMECHANICALFASTENER('13pBOeG690jhN6iwLtVKX6',#44,'Bolt assembly',$,$,#324,#319,'ID43ccb628-4062-40b6-b5c6-b3a5777d4846',15.,12.);
#326= IFCMAPPEDITEM(#278,#122);
#327= IFCSHAPEREPRESENTATION(#12,'Body','MappedRepresentation',(#326));
#328= IFCPRODUCTDEFINITIONSHAPE($,$,(#327));
#329= IFCCARTESIANPOINT((3406.0082398451,29920.491125764,16826.9243271434));
#330= IFCDIRECTION((0.,-0.509306724715811,-0.860585068519814));
#331= IFCDIRECTION((0.,0.860585068519814,-0.509306724715812));
#332= IFCAXIS2PLACEMENT3D(#329,#330,#331);
#333= IFCLOCALPLACEMENT(#42,#332);
#334= IFCMECHANICALFASTENER('1tYjvseLTF4RWrT1ZL$Odn',#44,'Bolt assembly',$,$,#333,#328,'ID778ade76-a157-4f11-b835-7418d5fd89f1',15.,12.);
#335= IFCMAPPEDITEM(#278,#122);
#336= IFCSHAPEREPRESENTATION(#12,'Body','MappedRepresentation',(#335));
#337= IFCPRODUCTDEFINITIONSHAPE($,$,(#336));
#338= IFCCARTESIANPOINT((3406.0082398451,30165.491125764,16826.9243271434));
#339= IFCDIRECTION((0.,-0.509335064127266,0.86056829621505));
#340= IFCDIRECTION((0.,-0.860568296215049,-0.509335064127267));
#341= IFCAXIS2PLACEMENT3D(#338,#339,#340);
#342= IFCLOCALPLACEMENT(#42,#341);
#343= IFCMECHANICALFASTENER('1VR5AyHOf1yu3VEJm_E9Ig',#44,'Bolt assembly',$,$,#342,#337,'ID5f6c52bc-458a-41f3-80df-393c3e3894aa',15.,12.);
#344= IFCMAPPEDITEM(#278,#122);
#345= IFCSHAPEREPRESENTATION(#12,'Body','MappedRepresentation',(#344));
#346= IFCPRODUCTDEFINITIONSHAPE($,$,(#345));
#347= IFCCARTESIANPOINT((3406.0082398451,30165.491125764,16681.9243271434));
#348= IFCDIRECTION((0.,0.509335064127266,0.86056829621505));
#349= IFCDIRECTION((0.,-0.860568296215049,0.509335064127267));
#350= IFCAXIS2PLACEMENT3D(#347,#348,#349);
#351= IFCLOCALPLACEMENT(#42,#350);
#352= IFCMECHANICALFASTENER('20vixWKvLCUhh_Sxi38hS7',#44,'Bolt assembly',$,$,#351,#346,'ID80e6cee0-5395-4c7a-bafe-73bb0322b707',15.,12.);
#353= IFCOWNERHISTORY(#3,#4,$,.NOCHANGE.,$,$,$,1770796800);
#354= IFCSURFACESTYLE('TS10.9',.POSITIVE.,(#46));
#355= IFCPRESENTATIONSTYLEASSIGNMENT((#354));
#356= IFCCARTESIANPOINT((13.,-39.9054931626931,0.));
#357= IFCCARTESIANPOINT((11.2583302491975,-39.9054931626931,6.50000000000039));
#358= IFCCARTESIANPOINT((6.49999999999922,-39.9054931626931,11.2583302491982));
#359= IFCCARTESIANPOINT((-1.34723677608042E-12,-39.9054931626931,13.));
#360= IFCCARTESIANPOINT((-6.50000000000155,-39.9054931626931,11.2583302491968));
#361= IFCCARTESIANPOINT((-11.2583302491988,-39.9054931626931,6.49999999999806));
#362= IFCCARTESIANPOINT((-13.,-39.9054931626931,-2.69447355216084E-12));
#363= IFCCARTESIANPOINT((-11.2583302491961,-39.9054931626931,-6.50000000000272));
#364= IFCCARTESIANPOINT((-6.4999999999969,-39.9054931626931,-11.2583302491995));
#365= IFCCARTESIANPOINT((4.02727742892113E-12,-39.9054931626931,-13.));
#366= IFCCARTESIANPOINT((6.50000000000388,-39.9054931626931,-11.2583302491955));
#367= IFCCARTESIANPOINT((11.2583302492002,-39.9054931626931,-6.49999999999573));
#368= IFCCARTESIANPOINT((13.,-19.9054931627216,0.));
#369= IFCCARTESIANPOINT((11.2583302491975,-19.9054931627216,6.50000000000039));
#370= IFCCARTESIANPOINT((6.49999999999922,-19.9054931627216,11.2583302491982));
#371= IFCCARTESIANPOINT((-1.34723677608042E-12,-19.9054931627216,13.));
#372= IFCCARTESIANPOINT((-6.50000000000155,-19.9054931627216,11.2583302491968));
#373= IFCCARTESIANPOINT((-11.2583302491988,-19.9054931627216,6.49999999999806));
#374= IFCCARTESIANPOINT((-13.,-19.9054931627216,-2.69447355216084E-12));
#375= IFCCARTESIANPOINT((-11.2583302491961,-19.9054931627216,-6.50000000000272));
#376= IFCCARTESIANPOINT((-6.4999999999969,-19.9054931627216,-11.2583302491995));
#377= IFCCARTESIANPOINT((4.02727742892113E-12,-19.9054931627216,-13.));
#378= IFCCARTESIANPOINT((6.50000000000388,-19.9054931627216,-11.2583302491955));
#379= IFCCARTESIANPOINT((11.2583302492002,-19.9054931627216,-6.49999999999573));
#380= IFCPOLYLOOP((#356,#357,#358,#359,#360,#361,#362,#363,#364,#365,#366,#367));
#381= IFCFACEOUTERBOUND(#380,.T.);
#382= IFCFACE((#381));
#383= IFCPOLYLOOP((#379,#378,#377,#376,#375,#374,#373,#372,#371,#370,#369,#368));
#384= IFCFACEOUTERBOUND(#383,.T.);
#385= IFCFACE((#384));
#386= IFCPOLYLOOP((#356,#368,#369,#357));
#387= IFCFACEOUTERBOUND(#386,.T.);
#388= IFCFACE((#387));
#389= IFCPOLYLOOP((#357,#369,#370,#358));
#390= IFCFACEOUTERBOUND(#389,.T.);
#391= IFCFACE((#390));
#392= IFCPOLYLOOP((#358,#370,#371,#359));
#393= IFCFACEOUTERBOUND(#392,.T.);
#394= IFCFACE((#393));
#395= IFCPOLYLOOP((#359,#371,#372,#360));
#396= IFCFACEOUTERBOUND(#395,.T.);
#397= IFCFACE((#396));
#398= IFCPOLYLOOP((#360,#372,#373,#361));
#399= IFCFACEOUTERBOUND(#398,.T.);
#400= IFCFACE((#399));
#401= IFCPOLYLOOP((#361,#373,#374,#362));
#402= IFCFACEOUTERBOUND(#401,.T.);
#403= IFCFACE((#402));
#404= IFCPOLYLOOP((#362,#374,#375,#363));
#405= IFCFACEOUTERBOUND(#404,.T.);
#406= IFCFACE((#405));
#407= IFCPOLYLOOP((#363,#375,#376,#364));
#408= IFCFACEOUTERBOUND(#407,.T.);
#409= IFCFACE((#408));
#410= IFCPOLYLOOP((#364,#376,#377,#365));
#411= IFCFACEOUTERBOUND(#410,.T.);
#412= IFCFACE((#411));
#413= IFCPOLYLOOP((#365,#377,#378,#366));
#414= IFCFACEOUTERBOUND(#413,.T.);
#415= IFCFACE((#414));
#416= IFCPOLYLOOP((#366,#378,#379,#367));
#417= IFCFACEOUTERBOUND(#416,.T.);
#418= IFCFACE((#417));
#419= IFCPOLYLOOP((#367,#379,#368,#356));
#420= IFCFACEOUTERBOUND(#419,.T.);
#421= IFCFACE((#420));
#422= IFCCARTESIANPOINT((13.,-20.0999999986397,0.));
#423= IFCCARTESIANPOINT((11.2583302491975,-20.0999999986397,6.50000000000039));
#424= IFCCARTESIANPOINT((6.49999999999922,-20.0999999986397,11.2583302491982));
#425= IFCCARTESIANPOINT((-1.34723677608042E-12,-20.0999999986397,13.));
#426= IFCCARTESIANPOINT((-6.50000000000155,-20.0999999986397,11.2583302491968));
#427= IFCCARTESIANPOINT((-11.2583302491988,-20.0999999986397,6.49999999999806));
#428= IFCCARTESIANPOINT((-13.,-20.0999999986397,-2.69447355216084E-12));
#429= IFCCARTESIANPOINT((-11.2583302491961,-20.0999999986397,-6.50000000000272));
#430= IFCCARTESIANPOINT((-6.4999999999969,-20.0999999986397,-11.2583302491995));
#431= IFCCARTESIANPOINT((4.02727742892113E-12,-20.0999999986397,-13.));
#432= IFCCARTESIANPOINT((6.50000000000388,-20.0999999986397,-11.2583302491955));
#433= IFCCARTESIANPOINT((11.2583302492002,-20.0999999986397,-6.49999999999573));
#434= IFCCARTESIANPOINT((13.,1.33175603878044E-09,0.));
#435= IFCCARTESIANPOINT((11.2583302491975,1.33175603878044E-09,6.50000000000039));
#436= IFCCARTESIANPOINT((6.49999999999922,1.33175603878044E-09,11.2583302491982));
#437= IFCCARTESIANPOINT((-1.34723677608042E-12,1.33175603878044E-09,13.));
#438= IFCCARTESIANPOINT((-6.50000000000155,1.33175603878044E-09,11.2583302491968));
#439= IFCCARTESIANPOINT((-11.2583302491988,1.33175603878044E-09,6.49999999999806));
#440= IFCCARTESIANPOINT((-13.,1.33175603878044E-09,-2.69447355216084E-12));
#441= IFCCARTESIANPOINT((-11.2583302491961,1.33175603878044E-09,-6.50000000000272));
#442= IFCCARTESIANPOINT((-6.4999999999969,1.33175603878044E-09,-11.2583302491995));
#443= IFCCARTESIANPOINT((4.02727742892113E-12,1.33175603878044E-09,-13.));
#444= IFCCARTESIANPOINT((6.50000000000388,1.33175603878044E-09,-11.2583302491955));
#445= IFCCARTESIANPOINT((11.2583302492002,1.33175603878044E-09,-6.49999999999573));
#446= IFCPOLYLOOP((#422,#423,#424,#425,#426,#427,#428,#429,#430,#431,#432,#433));
#447= IFCFACEOUTERBOUND(#446,.T.);
#448= IFCFACE((#447));
#449= IFCPOLYLOOP((#445,#444,#443,#442,#441,#440,#439,#438,#437,#436,#435,#434));
#450= IFCFACEOUTERBOUND(#449,.T.);
#451= IFCFACE((#450));
#452= IFCPOLYLOOP((#422,#434,#435,#423));
#453= IFCFACEOUTERBOUND(#452,.T.);
#454= IFCFACE((#453));
#455= IFCPOLYLOOP((#423,#435,#436,#424));
#456= IFCFACEOUTERBOUND(#455,.T.);
#457= IFCFACE((#456));
#458= IFCPOLYLOOP((#424,#436,#437,#425));
#459= IFCFACEOUTERBOUND(#458,.T.);
#460= IFCFACE((#459));
#461= IFCPOLYLOOP((#425,#437,#438,#426));
#462= IFCFACEOUTERBOUND(#461,.T.);
#463= IFCFACE((#462));
#464= IFCPOLYLOOP((#426,#438,#439,#427));
#465= IFCFACEOUTERBOUND(#464,.T.);
#466= IFCFACE((#465));
#467= IFCPOLYLOOP((#427,#439,#440,#428));
#468= IFCFACEOUTERBOUND(#467,.T.);
#469= IFCFACE((#468));
#470= IFCPOLYLOOP((#428,#440,#441,#429));
#471= IFCFACEOUTERBOUND(#470,.T.);
#472= IFCFACE((#471));
#473= IFCPOLYLOOP((#429,#441,#442,#430));
#474= IFCFACEOUTERBOUND(#473,.T.);
#475= IFCFACE((#474));
#476= IFCPOLYLOOP((#430,#442,#443,#431));
#477= IFCFACEOUTERBOUND(#476,.T.);
#478= IFCFACE((#477));
#479= IFCPOLYLOOP((#431,#443,#444,#432));
#480= IFCFACEOUTERBOUND(#479,.T.);
#481= IFCFACE((#480));
#482= IFCPOLYLOOP((#432,#444,#445,#433));
#483= IFCFACEOUTERBOUND(#482,.T.);
#484= IFCFACE((#483));
#485= IFCPOLYLOOP((#433,#445,#434,#422));
#486= IFCFACEOUTERBOUND(#485,.T.);
#487= IFCFACE((#486));
#488= IFCCARTESIANPOINT((20.7846096908265,-63.7654931626931,0.));
#489= IFCCARTESIANPOINT((10.3923048454133,-63.7654931626931,18.));
#490= IFCCARTESIANPOINT((-10.3923048454133,-63.7654931626931,18.));
#491= IFCCARTESIANPOINT((-20.7846096908265,-63.7654931626931,2.54538057293978E-15));
#492= IFCCARTESIANPOINT((-10.3923048454133,-63.7654931626931,-18.));
#493= IFCCARTESIANPOINT((10.3923048454132,-63.7654931626931,-18.));
#494= IFCCARTESIANPOINT((20.7846096908265,-47.9254931626931,0.));
#495= IFCCARTESIANPOINT((10.3923048454133,-47.9254931626931,18.));
#496= IFCCARTESIANPOINT((-10.3923048454133,-47.9254931626931,18.));
#497= IFCCARTESIANPOINT((-20.7846096908265,-47.9254931626931,2.54538057293978E-15));
#498= IFCCARTESIANPOINT((-10.3923048454133,-47.9254931626931,-18.));
#499= IFCCARTESIANPOINT((10.3923048454132,-47.9254931626931,-18.));
#500= IFCPOLYLOOP((#488,#489,#490,#491,#492,#493));
#501= IFCFACEOUTERBOUND(#500,.T.);
#502= IFCFACE((#501));
#503= IFCPOLYLOOP((#499,#498,#497,#496,#495,#494));
#504= IFCFACEOUTERBOUND(#503,.T.);
#505= IFCFACE((#504));
#506= IFCPOLYLOOP((#488,#494,#495,#489));
#507= IFCFACEOUTERBOUND(#506,.T.);
#508= IFCFACE((#507));
#509= IFCPOLYLOOP((#489,#495,#496,#490));
#510= IFCFACEOUTERBOUND(#509,.T.);
#511= IFCFACE((#510));
#512= IFCPOLYLOOP((#490,#496,#497,#491));
#513= IFCFACEOUTERBOUND(#512,.T.);
#514= IFCFACE((#513));
#515= IFCPOLYLOOP((#491,#497,#498,#492));
#516= IFCFACEOUTERBOUND(#515,.T.);
#517= IFCFACE((#516));
#518= IFCPOLYLOOP((#492,#498,#499,#493));
#519= IFCFACEOUTERBOUND(#518,.T.);
#520= IFCFACE((#519));
#521= IFCPOLYLOOP((#493,#499,#494,#488));
#522= IFCFACEOUTERBOUND(#521,.T.);
#523= IFCFACE((#522));
#524= IFCCARTESIANPOINT((12.,-47.9254931626931,0.));
#525= IFCCARTESIANPOINT((10.3923048454131,-47.9254931626931,6.00000000000036));
#526= IFCCARTESIANPOINT((5.99999999999928,-47.9254931626931,10.3923048454137));
#527= IFCCARTESIANPOINT((-1.24360317792039E-12,-47.9254931626931,12.));
#528= IFCCARTESIANPOINT((-6.00000000000143,-47.9254931626931,10.3923048454124));
#529= IFCCARTESIANPOINT((-10.3923048454143,-47.9254931626931,5.99999999999821));
#530= IFCCARTESIANPOINT((-12.,-47.9254931626931,-2.48720635584077E-12));
#531= IFCCARTESIANPOINT((-10.3923048454118,-47.9254931626931,-6.00000000000251));
#532= IFCCARTESIANPOINT((-5.99999999999713,-47.9254931626931,-10.3923048454149));
#533= IFCCARTESIANPOINT((3.71748685746566E-12,-47.9254931626931,-12.));
#534= IFCCARTESIANPOINT((6.00000000000358,-47.9254931626931,-10.3923048454112));
#535= IFCCARTESIANPOINT((10.3923048454155,-47.9254931626931,-5.99999999999605));
#536= IFCCARTESIANPOINT((12.,37.0745068373069,0.));
#537= IFCCARTESIANPOINT((10.3923048454131,37.0745068373069,6.00000000000036));
#538= IFCCARTESIANPOINT((5.99999999999928,37.0745068373069,10.3923048454137));
#539= IFCCARTESIANPOINT((-1.24360317792039E-12,37.0745068373069,12.));
#540= IFCCARTESIANPOINT((-6.00000000000143,37.0745068373069,10.3923048454124));
#541= IFCCARTESIANPOINT((-10.3923048454143,37.0745068373069,5.99999999999821));
#542= IFCCARTESIANPOINT((-12.,37.0745068373069,-2.48720635584077E-12));
#543= IFCCARTESIANPOINT((-10.3923048454118,37.0745068373069,-6.00000000000251));
#544= IFCCARTESIANPOINT((-5.99999999999713,37.0745068373069,-10.3923048454149));
#545= IFCCARTESIANPOINT((3.71748685746566E-12,37.0745068373069,-12.));
#546= IFCCARTESIANPOINT((6.00000000000358,37.0745068373069,-10.3923048454112));
#547= IFCCARTESIANPOINT((10.3923048454155,37.0745068373069,-5.99999999999605));
#548= IFCPOLYLOOP((#524,#525,#526,#527,#528,#529,#530,#531,#532,#533,#534,#535));
#549= IFCFACEOUTERBOUND(#548,.T.);
#550= IFCFACE((#549));
#551= IFCPOLYLOOP((#547,#546,#545,#544,#543,#542,#541,#540,#539,#538,#537,#536));
#552= IFCFACEOUTERBOUND(#551,.T.);
#553= IFCFACE((#552));
#554= IFCPOLYLOOP((#524,#536,#537,#525));
#555= IFCFACEOUTERBOUND(#554,.T.);
#556= IFCFACE((#555));
#557= IFCPOLYLOOP((#525,#537,#538,#526));
#558= IFCFACEOUTERBOUND(#557,.T.);
#559= IFCFACE((#558));
#560= IFCPOLYLOOP((#526,#538,#539,#527));
#561= IFCFACEOUTERBOUND(#560,.T.);
#562= IFCFACE((#561));
#563= IFCPOLYLOOP((#527,#539,#540,#528));
#564= IFCFACEOUTERBOUND(#563,.T.);
#565= IFCFACE((#564));
#566= IFCPOLYLOOP((#528,#540,#541,#529));
#567= IFCFACEOUTERBOUND(#566,.T.);
#568= IFCFACE((#567));
#569= IFCPOLYLOOP((#529,#541,#542,#530));
#570= IFCFACEOUTERBOUND(#569,.T.);
#571= IFCFACE((#570));
#572= IFCPOLYLOOP((#530,#542,#543,#531));
#573= IFCFACEOUTERBOUND(#572,.T.);
#574= IFCFACE((#573));
#575= IFCPOLYLOOP((#531,#543,#544,#532));
#576= IFCFACEOUTERBOUND(#575,.T.);
#577= IFCFACE((#576));
#578= IFCPOLYLOOP((#532,#544,#545,#533));
#579= IFCFACEOUTERBOUND(#578,.T.);
#580= IFCFACE((#579));
#581= IFCPOLYLOOP((#533,#545,#546,#534));
#582= IFCFACEOUTERBOUND(#581,.T.);
#583= IFCFACE((#582));
#584= IFCPOLYLOOP((#534,#546,#547,#535));
#585= IFCFACEOUTERBOUND(#584,.T.);
#586= IFCFACE((#585));
#587= IFCPOLYLOOP((#535,#547,#536,#524));
#588= IFCFACEOUTERBOUND(#587,.T.);
#589= IFCFACE((#588));
#590= IFCCARTESIANPOINT((21.6,-47.9254931626931,0.));
#591= IFCCARTESIANPOINT((18.7061487217435,-47.9254931626931,10.8000000000006));
#592= IFCCARTESIANPOINT((10.7999999999987,-47.9254931626931,18.7061487217446));
#593= IFCCARTESIANPOINT((-2.2384857202567E-12,-47.9254931626931,21.6));
#594= IFCCARTESIANPOINT((-10.8000000000026,-47.9254931626931,18.7061487217424));
#595= IFCCARTESIANPOINT((-18.7061487217457,-47.9254931626931,10.7999999999968));
#596= IFCCARTESIANPOINT((-21.6,-47.9254931626931,-4.47697144051339E-12));
#597= IFCCARTESIANPOINT((-18.7061487217413,-47.9254931626931,-10.8000000000045));
#598= IFCCARTESIANPOINT((-10.7999999999948,-47.9254931626931,-18.7061487217469));
#599= IFCCARTESIANPOINT((6.69147634343819E-12,-47.9254931626931,-21.6));
#600= IFCCARTESIANPOINT((10.8000000000064,-47.9254931626931,-18.7061487217402));
#601= IFCCARTESIANPOINT((18.706148721748,-47.9254931626931,-10.7999999999929));
#602= IFCCARTESIANPOINT((21.6,-40.0054931626931,0.));
#603= IFCCARTESIANPOINT((18.7061487217435,-40.0054931626931,10.8000000000006));
#604= IFCCARTESIANPOINT((10.7999999999987,-40.0054931626931,18.7061487217446));
#605= IFCCARTESIANPOINT((-2.2384857202567E-12,-40.0054931626931,21.6));
#606= IFCCARTESIANPOINT((-10.8000000000026,-40.0054931626931,18.7061487217424));
#607= IFCCARTESIANPOINT((-18.7061487217457,-40.0054931626931,10.7999999999968));
#608= IFCCARTESIANPOINT((-21.6,-40.0054931626931,-4.47697144051339E-12));
#609= IFCCARTESIANPOINT((-18.7061487217413,-40.0054931626931,-10.8000000000045));
#610= IFCCARTESIANPOINT((-10.7999999999948,-40.0054931626931,-18.7061487217469));
#611= IFCCARTESIANPOINT((6.69147634343819E-12,-40.0054931626931,-21.6));
#612= IFCCARTESIANPOINT((10.8000000000064,-40.0054931626931,-18.7061487217402));
#613= IFCCARTESIANPOINT((18.706148721748,-40.0054931626931,-10.7999999999929));
#614= IFCPOLYLOOP((#590,#591,#592,#593,#594,#595,#596,#597,#598,#599,#600,#601));
#615= IFCFACEOUTERBOUND(#614,.T.);
#616= IFCFACE((#615));
#617= IFCPOLYLOOP((#613,#612,#611,#610,#609,#608,#607,#606,#605,#604,#603,#602));
#618= IFCFACEOUTERBOUND(#617,.T.);
#619= IFCFACE((#618));
#620= IFCPOLYLOOP((#590,#602,#603,#591));
#621= IFCFACEOUTERBOUND(#620,.T.);
#622= IFCFACE((#621));
#623= IFCPOLYLOOP((#591,#603,#604,#592));
#624= IFCFACEOUTERBOUND(#623,.T.);
#625= IFCFACE((#624));
#626= IFCPOLYLOOP((#592,#604,#605,#593));
#627= IFCFACEOUTERBOUND(#626,.T.);
#628= IFCFACE((#627));
#629= IFCPOLYLOOP((#593,#605,#606,#594));
#630= IFCFACEOUTERBOUND(#629,.T.);
#631= IFCFACE((#630));
#632= IFCPOLYLOOP((#594,#606,#607,#595));
#633= IFCFACEOUTERBOUND(#632,.T.);
#634= IFCFACE((#633));
#635= IFCPOLYLOOP((#595,#607,#608,#596));
#636= IFCFACEOUTERBOUND(#635,.T.);
#637= IFCFACE((#636));
#638= IFCPOLYLOOP((#596,#608,#609,#597));
#639= IFCFACEOUTERBOUND(#638,.T.);
#640= IFCFACE((#639));
#641= IFCPOLYLOOP((#597,#609,#610,#598));
#642= IFCFACEOUTERBOUND(#641,.T.);
#643= IFCFACE((#642));
#644= IFCPOLYLOOP((#598,#610,#611,#599));
#645= IFCFACEOUTERBOUND(#644,.T.);
#646= IFCFACE((#645));
#647= IFCPOLYLOOP((#599,#611,#612,#600));
#648= IFCFACEOUTERBOUND(#647,.T.);
#649= IFCFACE((#648));
#650= IFCPOLYLOOP((#600,#612,#613,#601));
#651= IFCFACEOUTERBOUND(#650,.T.);
#652= IFCFACE((#651));
#653= IFCPOLYLOOP((#601,#613,#602,#590));
#654= IFCFACEOUTERBOUND(#653,.T.);
#655= IFCFACE((#654));
#656= IFCCARTESIANPOINT((21.6,1.33175603878044E-09,0.));
#657= IFCCARTESIANPOINT((18.7061487217435,1.33175603878044E-09,10.8000000000006));
#658= IFCCARTESIANPOINT((10.7999999999987,1.33175603878044E-09,18.7061487217446));
#659= IFCCARTESIANPOINT((-2.2384857202567E-12,1.33175603878044E-09,21.6));
#660= IFCCARTESIANPOINT((-10.8000000000026,1.33175603878044E-09,18.7061487217424));
#661= IFCCARTESIANPOINT((-18.7061487217457,1.33175603878044E-09,10.7999999999968));
#662= IFCCARTESIANPOINT((-21.6,1.33175603878044E-09,-4.47697144051339E-12));
#663= IFCCARTESIANPOINT((-18.7061487217413,1.33175603878044E-09,-10.8000000000045));
#664= IFCCARTESIANPOINT((-10.7999999999948,1.33175603878044E-09,-18.7061487217469));
#665= IFCCARTESIANPOINT((6.69147634343819E-12,1.33175603878044E-09,-21.6));
#666= IFCCARTESIANPOINT((10.8000000000064,1.33175603878044E-09,-18.7061487217402));
#667= IFCCARTESIANPOINT((18.706148721748,1.33175603878044E-09,-10.7999999999929));
#668= IFCCARTESIANPOINT((21.6,7.92000000133176,0.));
#669= IFCCARTESIANPOINT((18.7061487217435,7.92000000133176,10.8000000000006));
#670= IFCCARTESIANPOINT((10.7999999999987,7.92000000133176,18.7061487217446));
#671= IFCCARTESIANPOINT((-2.2384857202567E-12,7.92000000133176,21.6));
#672= IFCCARTESIANPOINT((-10.8000000000026,7.92000000133176,18.7061487217424));
#673= IFCCARTESIANPOINT((-18.7061487217457,7.92000000133176,10.7999999999968));
#674= IFCCARTESIANPOINT((-21.6,7.92000000133176,-4.47697144051339E-12));
#675= IFCCARTESIANPOINT((-18.7061487217413,7.92000000133176,-10.8000000000045));
#676= IFCCARTESIANPOINT((-10.7999999999948,7.92000000133176,-18.7061487217469));
#677= IFCCARTESIANPOINT((6.69147634343819E-12,7.92000000133176,-21.6));
#678= IFCCARTESIANPOINT((10.8000000000064,7.92000000133176,-18.7061487217402));
#679= IFCCARTESIANPOINT((18.706148721748,7.92000000133176,-10.7999999999929));
#680= IFCPOLYLOOP((#656,#657,#658,#659,#660,#661,#662,#663,#664,#665,#666,#667));
#681= IFCFACEOUTERBOUND(#680,.T.);
#682= IFCFACE((#681));
#683= IFCPOLYLOOP((#679,#678,#677,#676,#675,#674,#673,#672,#671,#670,#669,#668));
#684= IFCFACEOUTERBOUND(#683,.T.);
#685= IFCFACE((#684));
#686= IFCPOLYLOOP((#656,#668,#669,#657));
#687= IFCFACEOUTERBOUND(#686,.T.);
#688= IFCFACE((#687));
#689= IFCPOLYLOOP((#657,#669,#670,#658));
#690= IFCFACEOUTERBOUND(#689,.T.);
#691= IFCFACE((#690));
#692= IFCPOLYLOOP((#658,#670,#671,#659));
#693= IFCFACEOUTERBOUND(#692,.T.);
#694= IFCFACE((#693));
#695= IFCPOLYLOOP((#659,#671,#672,#660));
#696= IFCFACEOUTERBOUND(#695,.T.);
#697= IFCFACE((#696));
#698= IFCPOLYLOOP((#660,#672,#673,#661));
#699= IFCFACEOUTERBOUND(#698,.T.);
#700= IFCFACE((#699));
#701= IFCPOLYLOOP((#661,#673,#674,#662));
#702= IFCFACEOUTERBOUND(#701,.T.);
#703= IFCFACE((#702));
#704= IFCPOLYLOOP((#662,#674,#675,#663));
#705= IFCFACEOUTERBOUND(#704,.T.);
#706= IFCFACE((#705));
#707= IFCPOLYLOOP((#663,#675,#676,#664));
#708= IFCFACEOUTERBOUND(#707,.T.);
#709= IFCFACE((#708));
#710= IFCPOLYLOOP((#664,#676,#677,#665));
#711= IFCFACEOUTERBOUND(#710,.T.);
#712= IFCFACE((#711));
#713= IFCPOLYLOOP((#665,#677,#678,#666));
#714= IFCFACEOUTERBOUND(#713,.T.);
#715= IFCFACE((#714));
#716= IFCPOLYLOOP((#666,#678,#679,#667));
#717= IFCFACEOUTERBOUND(#716,.T.);
#718= IFCFACE((#717));
#719= IFCPOLYLOOP((#667,#679,#668,#656));
#720= IFCFACEOUTERBOUND(#719,.T.);
#721= IFCFACE((#720));
#722= IFCCARTESIANPOINT((23.0016347245147,7.92000000133176,0.));
#723= IFCCARTESIANPOINT((11.5008173622573,7.92000000133176,19.92));
#724= IFCCARTESIANPOINT((-11.5008173622573,7.92000000133176,19.92));
#725= IFCCARTESIANPOINT((-23.0016347245147,7.92000000133176,2.81688783405335E-15));
#726= IFCCARTESIANPOINT((-11.5008173622574,7.92000000133176,-19.92));
#727= IFCCARTESIANPOINT((11.5008173622573,7.92000000133176,-19.92));
#728= IFCCARTESIANPOINT((23.0016347245147,23.7600000013318,0.));
#729= IFCCARTESIANPOINT((11.5008173622573,23.7600000013318,19.92));
#730= IFCCARTESIANPOINT((-11.5008173622573,23.7600000013318,19.92));
#731= IFCCARTESIANPOINT((-23.0016347245147,23.7600000013318,2.81688783405335E-15));
#732= IFCCARTESIANPOINT((-11.5008173622574,23.7600000013318,-19.92));
#733= IFCCARTESIANPOINT((11.5008173622573,23.7600000013318,-19.92));
#734= IFCPOLYLOOP((#722,#723,#724,#725,#726,#727));
#735= IFCFACEOUTERBOUND(#734,.T.);
#736= IFCFACE((#735));
#737= IFCPOLYLOOP((#733,#732,#731,#730,#729,#728));
#738= IFCFACEOUTERBOUND(#737,.T.);
#739= IFCFACE((#738));
#740= IFCPOLYLOOP((#722,#728,#729,#723));
#741= IFCFACEOUTERBOUND(#740,.T.);
#742= IFCFACE((#741));
#743= IFCPOLYLOOP((#723,#729,#730,#724));
#744= IFCFACEOUTERBOUND(#743,.T.);
#745= IFCFACE((#744));
#746= IFCPOLYLOOP((#724,#730,#731,#725));
#747= IFCFACEOUTERBOUND(#746,.T.);
#748= IFCFACE((#747));
#749= IFCPOLYLOOP((#725,#731,#732,#726));
#750= IFCFACEOUTERBOUND(#749,.T.);
#751= IFCFACE((#750));
#752= IFCPOLYLOOP((#726,#732,#733,#727));
#753= IFCFACEOUTERBOUND(#752,.T.);
#754= IFCFACE((#753));
#755= IFCPOLYLOOP((#727,#733,#728,#722));
#756= IFCFACEOUTERBOUND(#755,.T.);
#757= IFCFACE((#756));
#758= IFCCLOSEDSHELL((#502,#505,#508,#511,#514,#517,#520,#523,#550,#553,#556,#559,#562,#565,#568,#571,#574,#577,#580,#583,#586,#589,#616,#619,#622,#625,#628,#631,#634,#637,#640,#643,#646,#649,#652,#655,#682,#685,#688,#691,#694,#697,#700,#703,#706,#709,#712,#715,#718,#721,#736,#739,#742,#745,#748,#751,#754,#757));
#759= IFCFACETEDBREP(#758);
#760= IFCSTYLEDITEM(#759,(#355),$);
#761= IFCCLOSEDSHELL((#382,#385,#388,#391,#394,#397,#400,#403,#406,#409,#412,#415,#418,#421,#448,#451,#454,#457,#460,#463,#466,#469,#472,#475,#478,#481,#484,#487));
#762= IFCFACETEDBREP(#761);
#763= IFCSTYLEDITEM(#762,(#119),$);
#764= IFCSHAPEREPRESENTATION(#12,'Body','Brep',(#759,#762));
#765= IFCREPRESENTATIONMAP(#10,#764);
#766= IFCMAPPEDITEM(#765,#122);
#767= IFCSHAPEREPRESENTATION(#12,'Body','MappedRepresentation',(#766));
#768= IFCPRODUCTDEFINITIONSHAPE($,$,(#767));
#769= IFCCARTESIANPOINT((15170.030336442,30162.9957275264,16579.9273965447));
#770= IFCDIRECTION((0.,-1.,0.));
#771= IFCDIRECTION((5.62460000478262E-05,0.,-0.999999998418194));
#772= IFCAXIS2PLACEMENT3D(#769,#770,#771);
#773= IFCLOCALPLACEMENT(#42,#772);
#774= IFCMECHANICALFASTENER('27SJw6AGj8jfNW21$epCKA',#353,'Bolt assembly',$,$,#773,#768,'ID87713e86-290b-48b6-95e0-081fe8ccc50a',24.,85.);
#775= IFCPROPERTYSINGLEVALUE('Washer count',$,IFCINTEGER(2),$);
#776= IFCPROPERTYSINGLEVALUE('Washer diameter',$,IFCLENGTHMEASURE(24.),$);
#777= IFCPROPERTYSINGLEVALUE('Nut count',$,IFCINTEGER(1),$);
#778= IFCPROPERTYSINGLEVALUE('Bolt hole diameter',$,IFCLENGTHMEASURE(26.),$);
#779= IFCPROPERTYSINGLEVALUE('Bolt size',$,IFCLENGTHMEASURE(24.),$);
#780= IFCPROPERTYSINGLEVALUE('Bolt length',$,IFCLENGTHMEASURE(85.),$);
#781= IFCPROPERTYSINGLEVALUE('Bolt standard',$,IFCLABEL('TS10.9'),$);
#782= IFCPROPERTYSET('3ZiODP1KrB8hqxrW_vX62Y',#5,'Tekla Bolt','Bolt Properties',(#775,#776,#137,#138,#777,#140,#141,#142,#143,#778,#145,#146,#779,#780,#781,#150));
#783= IFCMATERIAL('TS10.9');
#784= IFCMAPPEDITEM(#765,#122);
#785= IFCSHAPEREPRESENTATION(#12,'Body','MappedRepresentation',(#784));
#786= IFCPRODUCTDEFINITIONSHAPE($,$,(#785));
#787= IFCCARTESIANPOINT((15170.0303364425,30042.9957275264,16579.9273965447));
#788= IFCAXIS2PLACEMENT3D(#787,#770,#771);
#789= IFCLOCALPLACEMENT(#42,#788);
#790= IFCMECHANICALFASTENER('17O2PzdQXESOvLxy$g1J4D',#353,'Bolt assembly',$,$,#789,#786,'ID4760267d-9da8-4e71-8e55-efcfea05310d',24.,85.);
#791= IFCMAPPEDITEM(#765,#122);
#792= IFCSHAPEREPRESENTATION(#12,'Body','MappedRepresentation',(#791));
#793= IFCPRODUCTDEFINITIONSHAPE($,$,(#792));
#794= IFCCARTESIANPOINT((15170.030336443,29922.9957275264,16579.9273965447));
#795= IFCAXIS2PLACEMENT3D(#794,#770,#771);
#796= IFCLOCALPLACEMENT(#42,#795);
#797= IFCMECHANICALFASTENER('1MZIDRh01Bl9BKb70iILzl',#353,'Bolt assembly',$,$,#796,#793,'ID568d235b-ac00-4bbc-92d4-94702c495f6f',24.,85.);
#798= IFCMAPPEDITEM(#765,#122);
#799= IFCSHAPEREPRESENTATION(#12,'Body','MappedRepresentation',(#798));
#800= IFCPRODUCTDEFINITIONSHAPE($,$,(#799));
#801= IFCCARTESIANPOINT((15170.0235869219,30162.9957275264,16699.9273963549));
#802= IFCAXIS2PLACEMENT3D(#801,#770,#771);
#803= IFCLOCALPLACEMENT(#42,#802);
#804= IFCMECHANICALFASTENER('1BY$8a6u93BuNdoIjpHfeg',#353,'Bolt assembly',$,$,#803,#800,'ID4b8bf224-1b82-432f-85e7-c92b73469a2a',24.,85.);
#805= IFCMAPPEDITEM(#765,#122);
#806= IFCSHAPEREPRESENTATION(#12,'Body','MappedRepresentation',(#805));
#807= IFCPRODUCTDEFINITIONSHAPE($,$,(#806));
#808= IFCCARTESIANPOINT((15170.0235869229,29922.9957275264,16699.9273963549));
#809= IFCAXIS2PLACEMENT3D(#808,#770,#771);
#810= IFCLOCALPLACEMENT(#42,#809);
#811= IFCMECHANICALFASTENER('1HbaygBxj2LwYRvbcpT10R',#353,'Bolt assembly',$,$,#810,#807,'ID51964f2a-2fbb-4257-a89b-e659b374101b',24.,85.);
#812= IFCMAPPEDITEM(#765,#122);
#813= IFCSHAPEREPRESENTATION(#12,'Body','MappedRepresentation',(#812));
#814= IFCPRODUCTDEFINITIONSHAPE($,$,(#813));
#815= IFCCARTESIANPOINT((15170.0171186318,30162.9957275264,16814.927396173));
#816= IFCAXIS2PLACEMENT3D(#815,#770,#771);
#817= IFCLOCALPLACEMENT(#42,#816);
#818= IFCMECHANICALFASTENER('1KY3b2aYj7fhGmB$BmiUFe',#353,'Bolt assembly',$,$,#817,#814,'ID54883942-922b-47a6-b430-2ff2f0b1e3e8',24.,85.);
#819= IFCMAPPEDITEM(#765,#122);
#820= IFCSHAPEREPRESENTATION(#12,'Body','MappedRepresentation',(#819));
#821= IFCPRODUCTDEFINITIONSHAPE($,$,(#820));
#822= IFCCARTESIANPOINT((15170.0171186328,29922.9957275264,16814.927396173));
#823= IFCAXIS2PLACEMENT3D(#822,#770,#771);
#824= IFCLOCALPLACEMENT(#42,#823);
#825= IFCMECHANICALFASTENER('3ePSplYBrBOOnjsPAbmDa5',#353,'Bolt assembly',$,$,#824,#821,'IDe865ccef-88bd-4b61-8c6d-d992a5c0d905',24.,85.);
#826= IFCMAPPEDITEM(#765,#122);
#827= IFCSHAPEREPRESENTATION(#12,'Body','MappedRepresentation',(#826));
#828= IFCPRODUCTDEFINITIONSHAPE($,$,(#827));
#829= IFCCARTESIANPOINT((15170.0106503417,30162.9957275264,16929.9273959911));
#830= IFCAXIS2PLACEMENT3D(#829,#770,#771);
#831= IFCLOCALPLACEMENT(#42,#830);
#832= IFCMECHANICALFASTENER('2TzOmA0CXEUQEt3u4V0Cj5',#353,'Bolt assembly',$,$,#831,#828,'ID9df58c0a-00c8-4e79-a3b7-0f811f00cb45',24.,85.);
#833= IFCMAPPEDITEM(#765,#122);
#834= IFCSHAPEREPRESENTATION(#12,'Body','MappedRepresentation',(#833));
#835= IFCPRODUCTDEFINITIONSHAPE($,$,(#834));
#836= IFCCARTESIANPOINT((15170.0106503422,30042.9957275264,16929.9273959911));
#837= IFCAXIS2PLACEMENT3D(#836,#770,#771);
#838= IFCLOCALPLACEMENT(#42,#837);
#839= IFCMECHANICALFASTENER('24$3Rr6LTBrxydptJZbBOj',#353,'Bolt assembly',$,$,#838,#835,'ID84fc36f5-1957-4bd7-bf27-cf74e394b62d',24.,85.);
#840= IFCMAPPEDITEM(#765,#122);
#841= IFCSHAPEREPRESENTATION(#12,'Body','MappedRepresentation',(#840));
#842= IFCPRODUCTDEFINITIONSHAPE($,$,(#841));
#843= IFCCARTESIANPOINT((15170.0106503427,29922.9957275264,16929.9273959911));
#844= IFCAXIS2PLACEMENT3D(#843,#770,#771);
#845= IFCLOCALPLACEMENT(#42,#844);
#846= IFCMECHANICALFASTENER('3cpX0AsUrCnfxfbGwzWEWu',#353,'Bolt assembly',$,$,#845,#842,'IDe6ce100a-d9ed-4cc6-9ee9-950ebd80e838',24.,85.);
#847= IFCCOLOURRGB('Dark Gray',0.709803921568627,0.403921568627451,0.2);
#848= IFCSURFACESTYLERENDERING(#847,0.,$,$,$,$,IFCNORMALISEDRATIOMEASURE(0.00390625),IFCSPECULAREXPONENT(10.),.NOTDEFINED.);
#849= IFCSURFACESTYLE('STEEL/S275',.POSITIVE.,(#848));
#850= IFCPRESENTATIONSTYLEASSIGNMENT((#849));
#851= IFCCARTESIANPOINT((5.45696821063757E-12,-4.99999999999272,20.));
#852= IFCCARTESIANPOINT((9.09494701772928E-12,-4.99999999999272,100.));
#853= IFCCARTESIANPOINT((1.81898940354586E-12,5.,100.));
#854= IFCCARTESIANPOINT((-1.81898940354586E-12,5.,20.));
#855= IFCPOLYLOOP((#851,#852,#853,#854));
#856= IFCFACEOUTERBOUND(#855,.T.);
#857= IFCFACE((#856));
#858= IFCCARTESIANPOINT((3.90180644032989,-4.99999999998909,100.384294391934));
#859= IFCCARTESIANPOINT((3.90180644032262,5.00000000000364,100.384294391934));
#860= IFCPOLYLOOP((#852,#858,#859,#853));
#861= IFCFACEOUTERBOUND(#860,.T.);
#862= IFCFACE((#861));
#863= IFCCARTESIANPOINT((7.6536686473064,-4.99999999998909,101.522409349775));
#864= IFCCARTESIANPOINT((7.65366864729731,5.00000000000364,101.522409349775));
#865= IFCPOLYLOOP((#858,#863,#864,#859));
#866= IFCFACEOUTERBOUND(#865,.T.);
#867= IFCFACE((#866));
#868= IFCCARTESIANPOINT((11.1114046603943,-4.99999999998545,103.37060775395));
#869= IFCCARTESIANPOINT((11.1114046603852,5.00000000000728,103.37060775395));
#870= IFCPOLYLOOP((#863,#868,#869,#864));
#871= IFCFACEOUTERBOUND(#870,.T.);
#872= IFCFACE((#871));
#873= IFCCARTESIANPOINT((14.1421356237315,-4.99999999998181,105.85786437627));
#874= IFCCARTESIANPOINT((14.1421356237242,5.00000000001091,105.85786437627));
#875= IFCPOLYLOOP((#868,#873,#874,#869));
#876= IFCFACEOUTERBOUND(#875,.T.);
#877= IFCFACE((#876));
#878= IFCCARTESIANPOINT((16.62939224605,-4.99999999997817,108.888595339609));
#879= IFCCARTESIANPOINT((16.6293922460427,5.00000000001455,108.888595339609));
#880= IFCPOLYLOOP((#873,#878,#879,#874));
#881= IFCFACEOUTERBOUND(#880,.T.);
#882= IFCFACE((#881));
#883= IFCCARTESIANPOINT((18.4775906502236,-4.99999999997817,112.346331352699));
#884= IFCCARTESIANPOINT((18.4775906502164,5.00000000001455,112.346331352699));
#885= IFCPOLYLOOP((#878,#883,#884,#879));
#886= IFCFACEOUTERBOUND(#885,.T.);
#887= IFCFACE((#886));
#888= IFCCARTESIANPOINT((19.615705608061,-4.99999999997817,116.098193559676));
#889= IFCCARTESIANPOINT((19.6157056080538,5.00000000001819,116.098193559676));
#890= IFCPOLYLOOP((#883,#888,#889,#884));
#891= IFCFACEOUTERBOUND(#890,.T.);
#892= IFCFACE((#891));
#893= IFCCARTESIANPOINT((19.9999999999964,-4.99999999997817,120.));
#894= IFCCARTESIANPOINT((19.9999999999891,5.00000000001455,120.));
#895= IFCPOLYLOOP((#888,#893,#894,#889));
#896= IFCFACEOUTERBOUND(#895,.T.);
#897= IFCFACE((#896));
#898= IFCCARTESIANPOINT((109.999999999925,-4.99999999989814,120.));
#899= IFCCARTESIANPOINT((109.999999999916,5.00000000009459,120.));
#900= IFCPOLYLOOP((#893,#898,#899,#894));
#901= IFCFACEOUTERBOUND(#900,.T.);
#902= IFCFACE((#901));
#903= IFCCARTESIANPOINT((110.384294391861,-4.99999999989814,116.098193559679));
#904= IFCCARTESIANPOINT((110.384294391853,5.00000000009459,116.098193559679));
#905= IFCPOLYLOOP((#898,#903,#904,#899));
#906= IFCFACEOUTERBOUND(#905,.T.);
#907= IFCFACE((#906));
#908= IFCCARTESIANPOINT((111.522409349698,-4.9999999998945,112.346331352699));
#909= IFCCARTESIANPOINT((111.522409349689,5.00000000009823,112.346331352699));
#910= IFCPOLYLOOP((#903,#908,#909,#904));
#911= IFCFACEOUTERBOUND(#910,.T.);
#912= IFCFACE((#911));
#913= IFCCARTESIANPOINT((113.370607753874,-4.9999999998945,108.888595339609));
#914= IFCCARTESIANPOINT((113.370607753863,5.00000000009823,108.888595339609));
#915= IFCPOLYLOOP((#908,#913,#914,#909));
#916= IFCFACEOUTERBOUND(#915,.T.);
#917= IFCFACE((#916));
#918= IFCCARTESIANPOINT((115.857864376192,-4.99999999989086,105.85786437627));
#919= IFCCARTESIANPOINT((115.857864376181,5.00000000010186,105.85786437627));
#920= IFCPOLYLOOP((#913,#918,#919,#914));
#921= IFCFACEOUTERBOUND(#920,.T.);
#922= IFCFACE((#921));
#923= IFCCARTESIANPOINT((118.888595339527,-4.99999999988722,103.37060775395));
#924= IFCCARTESIANPOINT((118.888595339518,5.0000000001055,103.37060775395));
#925= IFCPOLYLOOP((#918,#923,#924,#919));
#926= IFCFACEOUTERBOUND(#925,.T.);
#927= IFCFACE((#926));
#928= IFCCARTESIANPOINT((122.346331352614,-4.99999999988722,101.522409349775));
#929= IFCCARTESIANPOINT((122.346331352606,5.0000000001055,101.522409349775));
#930= IFCPOLYLOOP((#923,#928,#929,#924));
#931= IFCFACEOUTERBOUND(#930,.T.);
#932= IFCFACE((#931));
#933= IFCCARTESIANPOINT((126.098193559594,-4.99999999988358,100.384294391937));
#934= IFCCARTESIANPOINT((126.098193559583,5.0000000001055,100.384294391937));
#935= IFCPOLYLOOP((#928,#933,#934,#929));
#936= IFCFACEOUTERBOUND(#935,.T.);
#937= IFCFACE((#936));
#938= IFCCARTESIANPOINT((129.999999999911,-4.99999999988358,100.));
#939= IFCCARTESIANPOINT((129.999999999902,5.00000000010914,100.));
#940= IFCPOLYLOOP((#933,#938,#939,#934));
#941= IFCFACEOUTERBOUND(#940,.T.);
#942= IFCFACE((#941));
#943= IFCCARTESIANPOINT((129.999999999911,-4.99999999988358,20.));
#944= IFCCARTESIANPOINT((129.999999999902,5.00000000010914,20.));
#945= IFCPOLYLOOP((#938,#943,#944,#939));
#946= IFCFACEOUTERBOUND(#945,.T.);
#947= IFCFACE((#946));
#948= IFCCARTESIANPOINT((126.098193559594,-4.99999999988358,19.6157056080629));
#949= IFCCARTESIANPOINT((126.098193559583,5.0000000001055,19.6157056080629));
#950= IFCPOLYLOOP((#943,#948,#949,#944));
#951= IFCFACEOUTERBOUND(#950,.T.);
#952= IFCFACE((#951));
#953= IFCCARTESIANPOINT((122.346331352614,-4.99999999988722,18.4775906502255));
#954= IFCCARTESIANPOINT((122.346331352606,5.0000000001055,18.4775906502255));
#955= IFCPOLYLOOP((#948,#953,#954,#949));
#956= IFCFACEOUTERBOUND(#955,.T.);
#957= IFCFACE((#956));
#958= IFCCARTESIANPOINT((118.888595339527,-4.99999999988722,16.62939224605));
#959= IFCCARTESIANPOINT((118.888595339518,5.0000000001055,16.62939224605));
#960= IFCPOLYLOOP((#953,#958,#959,#954));
#961= IFCFACEOUTERBOUND(#960,.T.);
#962= IFCFACE((#961));
#963= IFCCARTESIANPOINT((115.857864376192,-4.99999999989086,14.1421356237297));
#964= IFCCARTESIANPOINT((115.857864376181,5.00000000010186,14.1421356237297));
#965= IFCPOLYLOOP((#958,#963,#964,#959));
#966= IFCFACEOUTERBOUND(#965,.T.);
#967= IFCFACE((#966));
#968= IFCCARTESIANPOINT((113.370607753874,-4.9999999998945,11.1114046603907));
#969= IFCCARTESIANPOINT((113.370607753863,5.00000000009823,11.1114046603907));
#970= IFCPOLYLOOP((#963,#968,#969,#964));
#971= IFCFACEOUTERBOUND(#970,.T.);
#972= IFCFACE((#971));
#973= IFCCARTESIANPOINT((111.522409349698,-4.9999999998945,7.65366864730095));
#974= IFCCARTESIANPOINT((111.522409349689,5.00000000009823,7.65366864730095));
#975= IFCPOLYLOOP((#968,#973,#974,#969));
#976= IFCFACEOUTERBOUND(#975,.T.);
#977= IFCFACE((#976));
#978= IFCCARTESIANPOINT((110.384294391861,-4.99999999989814,3.9018064403208));
#979= IFCCARTESIANPOINT((110.384294391853,5.00000000009459,3.9018064403208));
#980= IFCPOLYLOOP((#973,#978,#979,#974));
#981= IFCFACEOUTERBOUND(#980,.T.);
#982= IFCFACE((#981));
#983= IFCCARTESIANPOINT((109.999999999925,-4.99999999989814,0.));
#984= IFCCARTESIANPOINT((109.999999999916,5.00000000009459,0.));
#985= IFCPOLYLOOP((#978,#983,#984,#979));
#986= IFCFACEOUTERBOUND(#985,.T.);
#987= IFCFACE((#986));
#988= IFCCARTESIANPOINT((19.9999999999891,-4.99999999997817,0.));
#989= IFCCARTESIANPOINT((19.9999999999818,5.00000000001455,0.));
#990= IFCPOLYLOOP((#983,#988,#989,#984));
#991= IFCFACEOUTERBOUND(#990,.T.);
#992= IFCFACE((#991));
#993= IFCCARTESIANPOINT((19.6157056080538,-4.99999999997817,3.9018064403208));
#994= IFCCARTESIANPOINT((19.6157056080465,5.00000000001819,3.9018064403208));
#995= IFCPOLYLOOP((#988,#993,#994,#989));
#996= IFCFACEOUTERBOUND(#995,.T.);
#997= IFCFACE((#996));
#998= IFCCARTESIANPOINT((18.4775906502164,-4.99999999997817,7.65366864730095));
#999= IFCCARTESIANPOINT((18.4775906502091,5.00000000001455,7.65366864730095));
#1000= IFCPOLYLOOP((#993,#998,#999,#994));
#1001= IFCFACEOUTERBOUND(#1000,.T.);
#1002= IFCFACE((#1001));
#1003= IFCCARTESIANPOINT((16.6293922460427,-4.99999999997817,11.1114046603907));
#1004= IFCCARTESIANPOINT((16.6293922460354,5.00000000001455,11.1114046603907));
#1005= IFCPOLYLOOP((#998,#1003,#1004,#999));
#1006= IFCFACEOUTERBOUND(#1005,.T.);
#1007= IFCFACE((#1006));
#1008= IFCCARTESIANPOINT((14.1421356237242,-4.99999999998181,14.1421356237297));
#1009= IFCCARTESIANPOINT((14.142135623717,5.00000000001091,14.1421356237297));
#1010= IFCPOLYLOOP((#1003,#1008,#1009,#1004));
#1011= IFCFACEOUTERBOUND(#1010,.T.);
#1012= IFCFACE((#1011));
#1013= IFCCARTESIANPOINT((11.1114046603889,-4.99999999998545,16.62939224605));
#1014= IFCCARTESIANPOINT((11.1114046603798,5.00000000000728,16.62939224605));
#1015= IFCPOLYLOOP((#1008,#1013,#1014,#1009));
#1016= IFCFACEOUTERBOUND(#1015,.T.);
#1017= IFCFACE((#1016));
#1018= IFCCARTESIANPOINT((7.65366864730095,-4.99999999998909,18.4775906502255));
#1019= IFCCARTESIANPOINT((7.65366864729185,5.00000000000364,18.4775906502255));
#1020= IFCPOLYLOOP((#1013,#1018,#1019,#1014));
#1021= IFCFACEOUTERBOUND(#1020,.T.);
#1022= IFCFACE((#1021));
#1023= IFCCARTESIANPOINT((3.90180644032444,-4.99999999998909,19.6157056080629));
#1024= IFCCARTESIANPOINT((3.90180644031716,5.00000000000364,19.6157056080629));
#1025= IFCPOLYLOOP((#1018,#1023,#1024,#1019));
#1026= IFCFACEOUTERBOUND(#1025,.T.);
#1027= IFCFACE((#1026));
#1028= IFCPOLYLOOP((#1023,#851,#854,#1024));
#1029= IFCFACEOUTERBOUND(#1028,.T.);
#1030= IFCFACE((#1029));
#1031= IFCPOLYLOOP((#859,#864,#869,#874,#879,#884,#889,#894,#899,#904,#909,#914,#919,#924,#929,#934,#939,#944,#949,#954,#959,#964,#969,#974,#979,#984,#989,#994,#999,#1004,#1009,#1014,#1019,#1024,#854,#853));
#1032= IFCFACEOUTERBOUND(#1031,.T.);
#1033= IFCFACE((#1032));
#1034= IFCPOLYLOOP((#1023,#1018,#1013,#1008,#1003,#998,#993,#988,#983,#978,#973,#968,#963,#958,#953,#948,#943,#938,#933,#928,#923,#918,#913,#908,#903,#898,#893,#888,#883,#878,#873,#868,#863,#858,#852,#851));
#1035= IFCFACEOUTERBOUND(#1034,.T.);
#1036= IFCFACE((#1035));
#1037= IFCCLOSEDSHELL((#857,#862,#867,#872,#877,#882,#887,#892,#897,#902,#907,#912,#917,#922,#927,#932,#937,#942,#947,#952,#957,#962,#967,#972,#977,#982,#987,#992,#997,#1002,#1007,#1012,#1017,#1022,#1027,#1030,#1033,#1036));
#1038= IFCFACETEDBREP(#1037);
#1039= IFCSTYLEDITEM(#1038,(#850),$);
#1040= IFCSHAPEREPRESENTATION(#12,'Body','Brep',(#1038));
#1041= IFCPRODUCTDEFINITIONSHAPE($,$,(#1040));
#1042= IFCCARTESIANPOINT((15130.0150002914,30102.9957275184,16754.9251461189));
#1043= IFCDIRECTION((-0.999999998418194,0.,-5.62460000277234E-05));
#1044= IFCAXIS2PLACEMENT3D(#1042,#770,#1043);
#1045= IFCLOCALPLACEMENT(#42,#1044);
#1046= IFCPLATE('1MRMyKqXj5le_mhwmrlOE8',#44,'PLATE-10','PL10*120',$,#1045,#1041,'ID566d6f14-d21b-45be-8fb0-afac35bd8388');
#1047= IFCPLATETYPE('1quhm1zG9DIAFfILqL4wA$',#5,'PL10*120',$,$,$,$,$,$,.NOTDEFINED.);
#1048= IFCPROPERTYSINGLEVALUE('Bottom elevation',$,IFCLABEL(' +16.750'),$);
#1049= IFCPROPERTYSINGLEVALUE('Top elevation',$,IFCLABEL(' +16.760'),$);
#1050= IFCPROPERTYSINGLEVALUE('Initial GUID',$,$,$);
#1051= IFCPROPERTYSINGLEVALUE('Preliminary mark',$,IFCLABEL('5-2-P92'),$);
#1052= IFCPROPERTYSINGLEVALUE('Phase',$,IFCINTEGER(4),$);
#1053= IFCPROPERTYSINGLEVALUE('Class',$,IFCLABEL('22'),$);
#1054= IFCPROPERTYSET('2WMqXL3ezFNg8jEI1rUNo4',#5,'Tekla Common','Common Properties to Shared building elements',(#1048,#1049,#1050,#1051,#1052,#1053));
#1055= IFCPROPERTYSINGLEVALUE('Weight',$,IFCMASSMEASURE(1.13),$);
#1056= IFCPROPERTYSINGLEVALUE('Volume',$,IFCVOLUMEMEASURE(0.),$);
#1057= IFCPROPERTYSINGLEVALUE('Gross footprint area',$,IFCAREAMEASURE(0.014),$);
#1058= IFCPROPERTYSINGLEVALUE('Area per tons',$,IFCAREAMEASURE(29.609),$);
#1059= IFCPROPERTYSINGLEVALUE('Net surface area',$,IFCAREAMEASURE(0.033),$);
#1060= IFCPROPERTYSINGLEVALUE('Height',$,IFCLENGTHMEASURE(120.),$);
#1061= IFCPROPERTYSINGLEVALUE('Width',$,IFCLENGTHMEASURE(10.),$);
#1062= IFCPROPERTYSINGLEVALUE('Length',$,IFCLENGTHMEASURE(130.),$);
#1063= IFCPROPERTYSET('0FkEqiYDP5xRrO4hzRMNMK',#5,'Tekla Quantity','Quantity Properties to Shared building elements',(#1055,#1056,#1057,#1058,#1059,#1060,#1061,#1062));
#1064= IFCPROPERTYSINGLEVALUE('LoadBearing',$,IFCBOOLEAN(.F.),$);
#1065= IFCPROPERTYSINGLEVALUE('Reference',$,IFCIDENTIFIER('5-2-P92'),$);
#1066= IFCPROPERTYSET('1PBcZxGC5CFwswybYELz_S',#5,'Pset_PlateCommon','Common Properties to plate elements',(#1064,#1065));
#1067= IFCQUANTITYLENGTH('Width',$,$,120.);
#1068= IFCQUANTITYAREA('NetArea',$,$,0.033357463274411);
#1069= IFCQUANTITYAREA('GrossArea',$,$,0.0155999999999999);
#1070= IFCQUANTITYAREA('CrossSectionArea',$,$,0.0001);
#1071= IFCQUANTITYVOLUME('NetVolume',$,$,0.000143514219390963);
#1072= IFCQUANTITYVOLUME('GrossVolume',$,$,0.000143514219390963);
#1073= IFCELEMENTQUANTITY('2o8VXVtn93$QYSJHVX9Ix9',#5,'BaseQuantities',$,$,(#1067,#1068,#1069,#1070,#1071,#1072));
#1074= IFCMATERIAL('STEEL/S275');
#1075= IFCCARTESIANPOINT((-3.63797880709171E-12,-5.,105.));
#1076= IFCCARTESIANPOINT((3.63797880709171E-12,4.99999999999272,105.));
#1077= IFCPOLYLOOP((#851,#1075,#1076,#854));
#1078= IFCFACEOUTERBOUND(#1077,.T.);
#1079= IFCFACE((#1078));
#1080= IFCCARTESIANPOINT((129.999999999902,-5.00000000010914,105.));
#1081= IFCCARTESIANPOINT((129.999999999911,4.99999999988358,105.));
#1082= IFCPOLYLOOP((#1075,#1080,#1081,#1076));
#1083= IFCFACEOUTERBOUND(#1082,.T.);
#1084= IFCFACE((#1083));
#1085= IFCPOLYLOOP((#1080,#943,#944,#1081));
#1086= IFCFACEOUTERBOUND(#1085,.T.);
#1087= IFCFACE((#1086));
#1088= IFCPOLYLOOP((#1081,#944,#949,#954,#959,#964,#969,#974,#979,#984,#989,#994,#999,#1004,#1009,#1014,#1019,#1024,#854,#1076));
#1089= IFCFACEOUTERBOUND(#1088,.T.);
#1090= IFCFACE((#1089));
#1091= IFCPOLYLOOP((#1023,#1018,#1013,#1008,#1003,#998,#993,#988,#983,#978,#973,#968,#963,#958,#953,#948,#943,#1080,#1075,#851));
#1092= IFCFACEOUTERBOUND(#1091,.T.);
#1093= IFCFACE((#1092));
#1094= IFCCLOSEDSHELL((#1079,#1084,#1087,#952,#957,#962,#967,#972,#977,#982,#987,#992,#997,#1002,#1007,#1012,#1017,#1022,#1027,#1030,#1090,#1093));
#1095= IFCFACETEDBREP(#1094);
#1096= IFCSTYLEDITEM(#1095,(#850),$);
#1097= IFCSHAPEREPRESENTATION(#12,'Body','Brep',(#1095));
#1098= IFCPRODUCTDEFINITIONSHAPE($,$,(#1097));
#1099= IFCCARTESIANPOINT((15130.0150002913,30113.0012206824,16754.9251461189));
#1100= IFCAXIS2PLACEMENT3D(#1099,#8,#1043);
#1101= IFCLOCALPLACEMENT(#42,#1100);
#1102= IFCPLATE('0gnCVTjifAj8Qm1tgFT077',#44,'PLATE-10','PL10*105',$,#1101,#1098,'ID2ac4c7dd-b6ca-4ab4-86b0-077a8f7401c7');
#1103= IFCPLATETYPE('3bO$W8ovH3ehoujpNnNEB_',#5,'PL10*105',$,$,$,$,$,$,.NOTDEFINED.);
#1104= IFCPROPERTYSINGLEVALUE('Preliminary mark',$,IFCLABEL('5-2-P99'),$);
#1105= IFCPROPERTYSET('0C3S2$eo11mAWSCsfj$6SP',#5,'Tekla Common','Common Properties to Shared building elements',(#1048,#1049,#1050,#1104,#1052,#1053));
#1106= IFCPROPERTYSINGLEVALUE('Weight',$,IFCMASSMEASURE(1.02),$);
#1107= IFCPROPERTYSINGLEVALUE('Area per tons',$,IFCAREAMEASURE(29.905),$);
#1108= IFCPROPERTYSINGLEVALUE('Net surface area',$,IFCAREAMEASURE(0.031),$);
#1109= IFCPROPERTYSINGLEVALUE('Height',$,IFCLENGTHMEASURE(105.),$);
#1110= IFCPROPERTYSET('0EQTcmKafAVgo7vHCQjIzW',#5,'Tekla Quantity','Quantity Properties to Shared building elements',(#1106,#1056,#1057,#1107,#1108,#1109,#1061,#1062));
#1111= IFCPROPERTYSINGLEVALUE('Reference',$,IFCIDENTIFIER('5-2-P99'),$);
#1112= IFCPROPERTYSET('2ZIPROjzzDWx38p604yqG6',#5,'Pset_PlateCommon','Common Properties to plate elements',(#1064,#1111));
#1113= IFCQUANTITYLENGTH('Width',$,$,105.);
#1114= IFCQUANTITYAREA('NetArea',$,$,0.030578731637206);
#1115= IFCQUANTITYAREA('GrossArea',$,$,0.01365);
#1116= IFCQUANTITYVOLUME('NetVolume',$,$,0.000130257109695484);
#1117= IFCQUANTITYVOLUME('GrossVolume',$,$,0.000130257109695484);
#1118= IFCELEMENTQUANTITY('3LC1etJGjApOdRu5aUqqlD',#5,'BaseQuantities',$,$,(#1113,#1114,#1115,#1070,#1116,#1117));
#1119= IFCSHAPEREPRESENTATION(#12,'Body','Brep',(#1095));
#1120= IFCPRODUCTDEFINITIONSHAPE($,$,(#1119));
#1121= IFCCARTESIANPOINT((15130.0150002919,29972.9957275184,16754.9251461189));
#1122= IFCAXIS2PLACEMENT3D(#1121,#770,#1043);
#1123= IFCLOCALPLACEMENT(#42,#1122);
#1124= IFCPLATE('12tZLhZ694ZgeDV9ZL1hrA',#44,'PLATE-10','PL10*105',$,#1123,#1120,'ID42de356b-8c62-448e-aa0d-7c98d506bd4a');
#1125= IFCCARTESIANPOINT((-1.01863406598568E-10,-5.,109.999999999924));
#1126= IFCCARTESIANPOINT((-1.01863406598568E-10,5.,109.999999999924));
#1127= IFCPOLYLOOP((#851,#1125,#1126,#854));
#1128= IFCFACEOUTERBOUND(#1127,.T.);
#1129= IFCFACE((#1128));
#1130= IFCCARTESIANPOINT((49.9999999998672,-5.,109.999999999967));
#1131= IFCCARTESIANPOINT((49.9999999998672,5.,109.999999999967));
#1132= IFCPOLYLOOP((#1125,#1130,#1131,#1126));
#1133= IFCFACEOUTERBOUND(#1132,.T.);
#1134= IFCFACE((#1133));
#1135= IFCCARTESIANPOINT((129.999999999854,-5.,60.0000000000728));
#1136= IFCCARTESIANPOINT((129.999999999854,5.,60.0000000000728));
#1137= IFCPOLYLOOP((#1130,#1135,#1136,#1131));
#1138= IFCFACEOUTERBOUND(#1137,.T.);
#1139= IFCFACE((#1138));
#1140= IFCCARTESIANPOINT((129.999999999905,-5.,1.12777343019843E-10));
#1141= IFCCARTESIANPOINT((129.999999999905,5.,1.12777343019843E-10));
#1142= IFCPOLYLOOP((#1135,#1140,#1141,#1136));
#1143= IFCFACEOUTERBOUND(#1142,.T.);
#1144= IFCFACE((#1143));
#1145= IFCPOLYLOOP((#1140,#988,#989,#1141));
#1146= IFCFACEOUTERBOUND(#1145,.T.);
#1147= IFCFACE((#1146));
#1148= IFCPOLYLOOP((#1131,#1136,#1141,#989,#994,#999,#1004,#1009,#1014,#1019,#1024,#854,#1126));
#1149= IFCFACEOUTERBOUND(#1148,.T.);
#1150= IFCFACE((#1149));
#1151= IFCPOLYLOOP((#1023,#1018,#1013,#1008,#1003,#998,#993,#988,#1140,#1135,#1130,#1125,#851));
#1152= IFCFACEOUTERBOUND(#1151,.T.);
#1153= IFCFACE((#1152));
#1154= IFCCLOSEDSHELL((#1129,#1134,#1139,#1144,#1147,#997,#1002,#1007,#1012,#1017,#1022,#1027,#1030,#1150,#1153));
#1155= IFCFACETEDBREP(#1154);
#1156= IFCSTYLEDITEM(#1155,(#850),$);
#1157= IFCSHAPEREPRESENTATION(#12,'Body','Brep',(#1155));
#1158= IFCPRODUCTDEFINITIONSHAPE($,$,(#1157));
#1159= IFCCARTESIANPOINT((15130.0220310414,30107.9957275184,16629.9251463167));
#1160= IFCAXIS2PLACEMENT3D(#1159,#771,#1043);
#1161= IFCLOCALPLACEMENT(#42,#1160);
#1162= IFCPLATE('2itl_kzMz7a8L3AGap_BTv',#353,'PLATE-10','PL10*110',$,#1161,#1158,'IDacdeffae-f56f-4790-8543-290933f8b779');
#1163= IFCPLATETYPE('2Gwf6zz9r6_BAYez$uRYnf',#5,'PL10*110',$,$,$,$,$,$,.NOTDEFINED.);
#1164= IFCPROPERTYSINGLEVALUE('Bottom elevation',$,IFCLABEL(' +16.520'),$);
#1165= IFCPROPERTYSINGLEVALUE('Top elevation',$,IFCLABEL(' +16.630'),$);
#1166= IFCPROPERTYSINGLEVALUE('Preliminary mark',$,IFCLABEL('5-2-P98'),$);
#1167= IFCPROPERTYSET('0kUc$2eDD9zvDzP40pb61c',#5,'Tekla Common','Common Properties to Shared building elements',(#1164,#1165,#1050,#1166,#1052,#1053));
#1168= IFCPROPERTYSINGLEVALUE('Weight',$,IFCMASSMEASURE(0.94),$);
#1169= IFCPROPERTYSINGLEVALUE('Gross footprint area',$,IFCAREAMEASURE(0.001),$);
#1170= IFCPROPERTYSINGLEVALUE('Area per tons',$,IFCAREAMEASURE(30.108),$);
#1171= IFCPROPERTYSINGLEVALUE('Net surface area',$,IFCAREAMEASURE(0.028),$);
#1172= IFCPROPERTYSINGLEVALUE('Height',$,IFCLENGTHMEASURE(110.),$);
#1173= IFCPROPERTYSET('3gjPk3_OP6PBCrSh7adVtX',#5,'Tekla Quantity','Quantity Properties to Shared building elements',(#1168,#1056,#1169,#1170,#1171,#1172,#1061,#1062));
#1174= IFCPROPERTYSINGLEVALUE('Reference',$,IFCIDENTIFIER('5-2-P98'),$);
#1175= IFCPROPERTYSET('3Fr13zh_fEpQrmvFwt1wrF',#5,'Pset_PlateCommon','Common Properties to plate elements',(#1064,#1174));
#1176= IFCQUANTITYLENGTH('Width',$,$,110.);
#1177= IFCQUANTITYAREA('NetArea',$,$,0.0283327639318093);
#1178= IFCQUANTITYAREA('GrossArea',$,$,0.0143000000000006);
#1179= IFCQUANTITYVOLUME('NetVolume',$,$,0.000119878554847745);
#1180= IFCQUANTITYVOLUME('GrossVolume',$,$,0.000119878554847745);
#1181= IFCELEMENTQUANTITY('0utJ$WbgbCFfN5IrmcHrC1',#5,'BaseQuantities',$,$,(#1176,#1177,#1178,#1070,#1179,#1180));
#1182= IFCSHAPEREPRESENTATION(#12,'Body','Brep',(#1155));
#1183= IFCPRODUCTDEFINITIONSHAPE($,$,(#1182));
#1184= IFCCARTESIANPOINT((15130.022031042,29977.9957275184,16629.9251463167));
#1185= IFCAXIS2PLACEMENT3D(#1184,#771,#1043);
#1186= IFCLOCALPLACEMENT(#42,#1185);
#1187= IFCPLATE('2ib5$uaOrCsBq2hXU1ExaG',#353,'PLATE-10','PL10*110',$,#1186,#1183,'IDac945ff8-918d-4cd8-bd02-ae17813bb910');
#1188= IFCCARTESIANPOINT((-1.81898940354586E-12,-5.,-3.63797880709171E-12));
#1189= IFCCARTESIANPOINT((-8.18545231595635E-11,-5.,89.9999999999345));
#1190= IFCCARTESIANPOINT((-8.18545231595635E-11,5.,89.9999999999345));
#1191= IFCCARTESIANPOINT((-1.81898940354586E-12,5.,-3.63797880709171E-12));
#1192= IFCPOLYLOOP((#1188,#1189,#1190,#1191));
#1193= IFCFACEOUTERBOUND(#1192,.T.);
#1194= IFCFACE((#1193));
#1195= IFCCARTESIANPOINT((3.9018064402353,-5.,90.3842943918753));
#1196= IFCCARTESIANPOINT((3.9018064402353,5.,90.3842943918753));
#1197= IFCPOLYLOOP((#1189,#1195,#1196,#1190));
#1198= IFCFACEOUTERBOUND(#1197,.T.);
#1199= IFCFACE((#1198));
#1200= IFCCARTESIANPOINT((7.65366864721,-5.,91.5224093497163));
#1201= IFCCARTESIANPOINT((7.65366864721,5.,91.5224093497163));
#1202= IFCPOLYLOOP((#1195,#1200,#1201,#1196));
#1203= IFCFACEOUTERBOUND(#1202,.T.);
#1204= IFCFACE((#1203));
#1205= IFCCARTESIANPOINT((11.1114046602961,-5.,93.3706077538918));
#1206= IFCCARTESIANPOINT((11.1114046602961,5.,93.3706077538918));
#1207= IFCPOLYLOOP((#1200,#1205,#1206,#1201));
#1208= IFCFACEOUTERBOUND(#1207,.T.);
#1209= IFCFACE((#1208));
#1210= IFCCARTESIANPOINT((14.1421356236315,-5.,95.8578643762157));
#1211= IFCCARTESIANPOINT((14.1421356236315,5.,95.8578643762157));
#1212= IFCPOLYLOOP((#1205,#1210,#1211,#1206));
#1213= IFCFACEOUTERBOUND(#1212,.T.);
#1214= IFCFACE((#1213));
#1215= IFCCARTESIANPOINT((16.6293922459463,-5.,98.8885953395511));
#1216= IFCCARTESIANPOINT((16.6293922459463,5.,98.8885953395511));
#1217= IFCPOLYLOOP((#1210,#1215,#1216,#1211));
#1218= IFCFACEOUTERBOUND(#1217,.T.);
#1219= IFCFACE((#1218));
#1220= IFCCARTESIANPOINT((18.4775906501163,-5.,102.346331352641));
#1221= IFCCARTESIANPOINT((18.4775906501163,5.,102.346331352641));
#1222= IFCPOLYLOOP((#1215,#1220,#1221,#1216));
#1223= IFCFACEOUTERBOUND(#1222,.T.);
#1224= IFCFACE((#1223));
#1225= IFCCARTESIANPOINT((19.6157056079519,-5.,106.098193559621));
#1226= IFCCARTESIANPOINT((19.6157056079519,5.,106.098193559621));
#1227= IFCPOLYLOOP((#1220,#1225,#1226,#1221));
#1228= IFCFACEOUTERBOUND(#1227,.T.);
#1229= IFCFACE((#1228));
#1230= IFCCARTESIANPOINT((19.9999999998818,-5.,109.999999999942));
#1231= IFCCARTESIANPOINT((19.9999999998818,5.,109.999999999942));
#1232= IFCPOLYLOOP((#1225,#1230,#1231,#1226));
#1233= IFCFACEOUTERBOUND(#1232,.T.);
#1234= IFCFACE((#1233));
#1235= IFCCARTESIANPOINT((129.999999999811,-5.,110.000000000033));
#1236= IFCCARTESIANPOINT((129.999999999811,5.,110.000000000033));
#1237= IFCPOLYLOOP((#1230,#1235,#1236,#1231));
#1238= IFCFACEOUTERBOUND(#1237,.T.);
#1239= IFCFACE((#1238));
#1240= IFCCARTESIANPOINT((129.999999999862,-5.,50.0000000000764));
#1241= IFCCARTESIANPOINT((129.999999999862,5.,50.0000000000764));
#1242= IFCPOLYLOOP((#1235,#1240,#1241,#1236));
#1243= IFCFACEOUTERBOUND(#1242,.T.);
#1244= IFCFACE((#1243));
#1245= IFCCARTESIANPOINT((49.9999999999636,-5.,4.36557456851006E-11));
#1246= IFCCARTESIANPOINT((49.9999999999636,5.,4.36557456851006E-11));
#1247= IFCPOLYLOOP((#1240,#1245,#1246,#1241));
#1248= IFCFACEOUTERBOUND(#1247,.T.);
#1249= IFCFACE((#1248));
#1250= IFCPOLYLOOP((#1245,#1188,#1191,#1246));
#1251= IFCFACEOUTERBOUND(#1250,.T.);
#1252= IFCFACE((#1251));
#1253= IFCPOLYLOOP((#1196,#1201,#1206,#1211,#1216,#1221,#1226,#1231,#1236,#1241,#1246,#1191,#1190));
#1254= IFCFACEOUTERBOUND(#1253,.T.);
#1255= IFCFACE((#1254));
#1256= IFCPOLYLOOP((#1245,#1240,#1235,#1230,#1225,#1220,#1215,#1210,#1205,#1200,#1195,#1189,#1188));
#1257= IFCFACEOUTERBOUND(#1256,.T.);
#1258= IFCFACE((#1257));
#1259= IFCCLOSEDSHELL((#1194,#1199,#1204,#1209,#1214,#1219,#1224,#1229,#1234,#1239,#1244,#1249,#1252,#1255,#1258));
#1260= IFCFACETEDBREP(#1259);
#1261= IFCSTYLEDITEM(#1260,(#850),$);
#1262= IFCSHAPEREPRESENTATION(#12,'Body','Brep',(#1260));
#1263= IFCPRODUCTDEFINITIONSHAPE($,$,(#1262));
#1264= IFCCARTESIANPOINT((15130.0017824811,30107.9957275184,16989.9251457472));
#1265= IFCAXIS2PLACEMENT3D(#1264,#771,#1043);
#1266= IFCLOCALPLACEMENT(#42,#1265);
#1267= IFCPLATE('28yNdbhGv72PFKtEm6gd2V',#353,'PLATE-10','PL10*110',$,#1266,#1263,'ID88f179e5-ad0e-4709-93d4-dcec06aa709f');
#1268= IFCPROPERTYSINGLEVALUE('Bottom elevation',$,IFCLABEL(' +16.880'),$);
#1269= IFCPROPERTYSINGLEVALUE('Top elevation',$,IFCLABEL(' +16.990'),$);
#1270= IFCPROPERTYSET('09SkzP97TEpvkHLqKkaCo7',#5,'Tekla Common','Common Properties to Shared building elements',(#1268,#1269,#1050,#1166,#1052,#1053));
#1271= IFCQUANTITYAREA('NetArea',$,$,0.0283327639318093);
#1272= IFCQUANTITYAREA('GrossArea',$,$,0.0143000000000005);
#1273= IFCQUANTITYVOLUME('NetVolume',$,$,0.000119878554847745);
#1274= IFCQUANTITYVOLUME('GrossVolume',$,$,0.000119878554847745);
#1275= IFCELEMENTQUANTITY('2bEyhXUGb64uFWLA1mvuRS',#5,'BaseQuantities',$,$,(#1176,#1271,#1272,#1070,#1273,#1274));
#1276= IFCSHAPEREPRESENTATION(#12,'Body','Brep',(#1260));
#1277= IFCPRODUCTDEFINITIONSHAPE($,$,(#1276));
#1278= IFCCARTESIANPOINT((15130.0017824817,29977.9957275184,16989.9251457472));
#1279= IFCAXIS2PLACEMENT3D(#1278,#771,#1043);
#1280= IFCLOCALPLACEMENT(#42,#1279);
#1281= IFCPLATE('0alzeRxCT2lAPe1Vmg3xss',#353,'PLATE-10','PL10*110',$,#1280,#1277,'ID24bfda1b-ecc7-42bc-a668-05fc2a0fbdb6');
#1282= IFCOWNERHISTORY(#3,#4,$,.NOCHANGE.,$,$,$,1770843600);
#1283= IFCCOLOURRGB('Light Red',0.905882352941176,0.325490196078431,0.36078431372549);
#1284= IFCSURFACESTYLERENDERING(#1283,0.,$,$,$,$,IFCNORMALISEDRATIOMEASURE(0.00390625),IFCSPECULAREXPONENT(10.),.NOTDEFINED.);
#1285= IFCSURFACESTYLE('STEEL/S275',.POSITIVE.,(#1284));
#1286= IFCPRESENTATIONSTYLEASSIGNMENT((#1285));
#1287= IFCCARTESIANPOINT((0.,-5.99999999999454,-3.63797880709171E-12));
#1288= IFCCARTESIANPOINT((0.,-6.00000000021282,249.999999999818));
#1289= IFCCARTESIANPOINT((0.,5.99999999977808,249.999999999829));
#1290= IFCCARTESIANPOINT((0.,5.99999999999454,7.27595761418343E-12));
#1291= IFCPOLYLOOP((#1287,#1288,#1289,#1290));
#1292= IFCFACEOUTERBOUND(#1291,.T.);
#1293= IFCFACE((#1292));
#1294= IFCCARTESIANPOINT((350.,-6.00000000021282,249.999999999818));
#1295= IFCCARTESIANPOINT((350.,5.99999999977808,249.999999999829));
#1296= IFCPOLYLOOP((#1288,#1294,#1295,#1289));
#1297= IFCFACEOUTERBOUND(#1296,.T.);
#1298= IFCFACE((#1297));
#1299= IFCCARTESIANPOINT((350.,-5.99999999999454,-3.63797880709171E-12));
#1300= IFCCARTESIANPOINT((350.,5.99999999999454,7.27595761418343E-12));
#1301= IFCPOLYLOOP((#1294,#1299,#1300,#1295));
#1302= IFCFACEOUTERBOUND(#1301,.T.);
#1303= IFCFACE((#1302));
#1304= IFCPOLYLOOP((#1299,#1287,#1290,#1300));
#1305= IFCFACEOUTERBOUND(#1304,.T.);
#1306= IFCFACE((#1305));
#1307= IFCPOLYLOOP((#1295,#1300,#1290,#1289));
#1308= IFCFACEOUTERBOUND(#1307,.T.);
#1309= IFCFACE((#1308));
#1310= IFCPOLYLOOP((#1299,#1294,#1288,#1287));
#1311= IFCFACEOUTERBOUND(#1310,.T.);
#1312= IFCFACE((#1311));
#1313= IFCCLOSEDSHELL((#1293,#1298,#1303,#1306,#1309,#1312));
#1314= IFCFACETEDBREP(#1313);
#1315= IFCSTYLEDITEM(#1314,(#1286),$);
#1316= IFCSHAPEREPRESENTATION(#12,'Body','Brep',(#1314));
#1317= IFCPRODUCTDEFINITIONSHAPE($,$,(#1316));
#1318= IFCCARTESIANPOINT((14994.0079697559,30217.9957275351,16879.9174964652));
#1319= IFCAXIS2PLACEMENT3D(#1318,#771,#770);
#1320= IFCLOCALPLACEMENT(#42,#1319);
#1321= IFCPLATE('1q2GoYYcL1Vfkd$6BG$XWm',#1282,'PLATE-12','PL12*250',$,#1320,#1317,'ID74090ca2-8a65-417e-9ba7-fc62d0fe1830');
#1322= IFCPLATETYPE('3DgeNLa6b1OvL4vjVOW9Sv',#5,'PL12*250',$,$,$,$,$,$,.NOTDEFINED.);
#1323= IFCPROPERTYSINGLEVALUE('Bottom elevation',$,IFCLABEL(' +16.630'),$);
#1324= IFCPROPERTYSINGLEVALUE('Top elevation',$,IFCLABEL(' +16.880'),$);
#1325= IFCPROPERTYSINGLEVALUE('Preliminary mark',$,IFCLABEL('5-2-P28'),$);
#1326= IFCPROPERTYSINGLEVALUE('Class',$,IFCLABEL('16'),$);
#1327= IFCPROPERTYSET('28XzN$OC1BnAeBiRMHKFPF',#5,'Tekla Common','Common Properties to Shared building elements',(#1323,#1324,#1050,#1325,#1052,#1326));
#1328= IFCPROPERTYSINGLEVALUE('Weight',$,IFCMASSMEASURE(8.24),$);
#1329= IFCPROPERTYSINGLEVALUE('Volume',$,IFCVOLUMEMEASURE(0.001),$);
#1330= IFCPROPERTYSINGLEVALUE('Gross footprint area',$,IFCAREAMEASURE(0.004),$);
#1331= IFCPROPERTYSINGLEVALUE('Area per tons',$,IFCAREAMEASURE(22.978),$);
#1332= IFCPROPERTYSINGLEVALUE('Net surface area',$,IFCAREAMEASURE(0.189),$);
#1333= IFCPROPERTYSINGLEVALUE('Height',$,IFCLENGTHMEASURE(250.),$);
#1334= IFCPROPERTYSINGLEVALUE('Width',$,IFCLENGTHMEASURE(12.),$);
#1335= IFCPROPERTYSINGLEVALUE('Length',$,IFCLENGTHMEASURE(350.),$);
#1336= IFCPROPERTYSET('3UqRV1qUTCHOCRczUQ0umI',#5,'Tekla Quantity','Quantity Properties to Shared building elements',(#1328,#1329,#1330,#1331,#1332,#1333,#1334,#1335));
#1337= IFCPROPERTYSINGLEVALUE('Reference',$,IFCIDENTIFIER('5-2-P28'),$);
#1338= IFCPROPERTYSET('1ShISYlX98zBfluCsRRTYo',#5,'Pset_PlateCommon','Common Properties to plate elements',(#1064,#1337));
#1339= IFCQUANTITYLENGTH('Width',$,$,250.);
#1340= IFCQUANTITYAREA('NetArea',$,$,0.1894);
#1341= IFCQUANTITYAREA('GrossArea',$,$,0.0875000000000002);
#1342= IFCQUANTITYAREA('CrossSectionArea',$,$,0.000144);
#1343= IFCQUANTITYVOLUME('NetVolume',$,$,0.00105);
#1344= IFCQUANTITYVOLUME('GrossVolume',$,$,0.00105);
#1345= IFCELEMENTQUANTITY('3KFgi7rcz9IA_KuoIYRNvX',#5,'BaseQuantities',$,$,(#1339,#1340,#1341,#1342,#1343,#1344));
#1346= IFCCARTESIANPOINT((7.65366864727912,-4.65366864730095,18.4775906502182));
#1347= IFCCARTESIANPOINT((7.99999999997635,-5.,18.2924726854762));
#1348= IFCCARTESIANPOINT((7.99999999981083,-5.,211.707527314378));
#1349= IFCCARTESIANPOINT((7.65366864711177,-4.65366864730095,211.522409349633));
#1350= IFCCARTESIANPOINT((3.90180644013526,-0.901806440320797,210.384294391788));
#1351= IFCCARTESIANPOINT((-1.85536919161677E-10,3.,209.999999999851));
#1352= IFCCARTESIANPOINT((-1.81898940354586E-11,3.,19.9999999999854));
#1353= IFCCARTESIANPOINT((3.90180644030261,-0.901806440320797,19.6157056080556));
#1354= IFCPOLYLOOP((#1346,#1347,#1348,#1349,#1350,#1351,#1352,#1353));
#1355= IFCFACEOUTERBOUND(#1354,.T.);
#1356= IFCFACE((#1355));
#1357= IFCCARTESIANPOINT((-1.85536919161677E-10,5.,209.999999999851));
#1358= IFCPOLYLOOP((#1357,#854,#1352,#1351));
#1359= IFCFACEOUTERBOUND(#1358,.T.);
#1360= IFCFACE((#1359));
#1361= IFCCARTESIANPOINT((3.90180644013526,5.,210.384294391788));
#1362= IFCPOLYLOOP((#1361,#1357,#1351,#1350));
#1363= IFCFACEOUTERBOUND(#1362,.T.);
#1364= IFCFACE((#1363));
#1365= IFCCARTESIANPOINT((7.65366864711177,5.,211.522409349633));
#1366= IFCPOLYLOOP((#1365,#1361,#1350,#1349));
#1367= IFCFACEOUTERBOUND(#1366,.T.);
#1368= IFCFACE((#1367));
#1369= IFCCARTESIANPOINT((11.1114046601979,-5.,213.370607753808));
#1370= IFCCARTESIANPOINT((11.1114046601979,5.,213.370607753808));
#1371= IFCPOLYLOOP((#1369,#1370,#1365,#1349,#1348));
#1372= IFCFACEOUTERBOUND(#1371,.T.);
#1373= IFCFACE((#1372));
#1374= IFCCARTESIANPOINT((14.1421356235296,-5.,215.857864376132));
#1375= IFCCARTESIANPOINT((14.1421356235296,5.,215.857864376132));
#1376= IFCPOLYLOOP((#1369,#1374,#1375,#1370));
#1377= IFCFACEOUTERBOUND(#1376,.T.);
#1378= IFCFACE((#1377));
#1379= IFCCARTESIANPOINT((16.6293922458481,-5.,218.888595339467));
#1380= IFCCARTESIANPOINT((16.6293922458481,5.,218.888595339467));
#1381= IFCPOLYLOOP((#1374,#1379,#1380,#1375));
#1382= IFCFACEOUTERBOUND(#1381,.T.);
#1383= IFCFACE((#1382));
#1384= IFCCARTESIANPOINT((18.4775906500181,-5.,222.346331352561));
#1385= IFCCARTESIANPOINT((18.4775906500181,5.,222.346331352561));
#1386= IFCPOLYLOOP((#1379,#1384,#1385,#1380));
#1387= IFCFACEOUTERBOUND(#1386,.T.);
#1388= IFCFACE((#1387));
#1389= IFCCARTESIANPOINT((19.6157056078519,-5.,226.098193559534));
#1390= IFCCARTESIANPOINT((19.6157056078519,5.,226.098193559534));
#1391= IFCPOLYLOOP((#1384,#1389,#1390,#1385));
#1392= IFCFACEOUTERBOUND(#1391,.T.);
#1393= IFCFACE((#1392));
#1394= IFCCARTESIANPOINT((19.9999999997835,-5.,229.999999999854));
#1395= IFCCARTESIANPOINT((19.9999999997835,5.,229.999999999854));
#1396= IFCPOLYLOOP((#1389,#1394,#1395,#1390));
#1397= IFCFACEOUTERBOUND(#1396,.T.);
#1398= IFCFACE((#1397));
#1399= IFCCARTESIANPOINT((109.99999999972,-5.,229.999999999931));
#1400= IFCCARTESIANPOINT((109.99999999972,5.,229.999999999931));
#1401= IFCPOLYLOOP((#1394,#1399,#1400,#1395));
#1402= IFCFACEOUTERBOUND(#1401,.T.);
#1403= IFCFACE((#1402));
#1404= IFCCARTESIANPOINT((110.384294391659,-5.,226.098193559614));
#1405= IFCCARTESIANPOINT((110.384294391659,5.,226.098193559614));
#1406= IFCPOLYLOOP((#1399,#1404,#1405,#1400));
#1407= IFCFACEOUTERBOUND(#1406,.T.);
#1408= IFCFACE((#1407));
#1409= IFCCARTESIANPOINT((111.522409349502,-5.,222.346331352637));
#1410= IFCCARTESIANPOINT((111.522409349502,5.,222.346331352637));
#1411= IFCPOLYLOOP((#1404,#1409,#1410,#1405));
#1412= IFCFACEOUTERBOUND(#1411,.T.);
#1413= IFCFACE((#1412));
#1414= IFCCARTESIANPOINT((113.370607753679,-5.,218.888595339551));
#1415= IFCCARTESIANPOINT((113.370607753679,5.,218.888595339551));
#1416= IFCPOLYLOOP((#1409,#1414,#1415,#1410));
#1417= IFCFACEOUTERBOUND(#1416,.T.);
#1418= IFCFACE((#1417));
#1419= IFCCARTESIANPOINT((115.857864375999,-5.,215.857864376212));
#1420= IFCCARTESIANPOINT((115.857864375999,5.,215.857864376212));
#1421= IFCPOLYLOOP((#1414,#1419,#1420,#1415));
#1422= IFCFACEOUTERBOUND(#1421,.T.);
#1423= IFCFACE((#1422));
#1424= IFCCARTESIANPOINT((118.888595339336,-5.,213.370607753899));
#1425= IFCCARTESIANPOINT((118.888595339336,5.,213.370607753899));
#1426= IFCPOLYLOOP((#1419,#1424,#1425,#1420));
#1427= IFCFACEOUTERBOUND(#1426,.T.);
#1428= IFCFACE((#1427));
#1429= IFCCARTESIANPOINT((122.346331352426,-5.,211.522409349731));
#1430= IFCCARTESIANPOINT((122.346331352426,5.,211.522409349731));
#1431= IFCPOLYLOOP((#1424,#1429,#1430,#1425));
#1432= IFCFACEOUTERBOUND(#1431,.T.);
#1433= IFCFACE((#1432));
#1434= IFCCARTESIANPOINT((126.098193559403,-5.,210.384294391897));
#1435= IFCCARTESIANPOINT((126.098193559403,5.,210.384294391897));
#1436= IFCPOLYLOOP((#1429,#1434,#1435,#1430));
#1437= IFCFACEOUTERBOUND(#1436,.T.);
#1438= IFCFACE((#1437));
#1439= IFCCARTESIANPOINT((129.999999999724,-5.,209.999999999964));
#1440= IFCCARTESIANPOINT((129.999999999724,5.,209.999999999964));
#1441= IFCPOLYLOOP((#1434,#1439,#1440,#1435));
#1442= IFCFACEOUTERBOUND(#1441,.T.);
#1443= IFCFACE((#1442));
#1444= IFCPOLYLOOP((#1439,#943,#944,#1440));
#1445= IFCFACEOUTERBOUND(#1444,.T.);
#1446= IFCFACE((#1445));
#1447= IFCPOLYLOOP((#1019,#1014,#1013,#1347,#1346));
#1448= IFCFACEOUTERBOUND(#1447,.T.);
#1449= IFCFACE((#1448));
#1450= IFCPOLYLOOP((#1024,#1019,#1346,#1353));
#1451= IFCFACEOUTERBOUND(#1450,.T.);
#1452= IFCFACE((#1451));
#1453= IFCPOLYLOOP((#854,#1024,#1353,#1352));
#1454= IFCFACEOUTERBOUND(#1453,.T.);
#1455= IFCFACE((#1454));
#1456= IFCPOLYLOOP((#1361,#1365,#1370,#1375,#1380,#1385,#1390,#1395,#1400,#1405,#1410,#1415,#1420,#1425,#1430,#1435,#1440,#944,#949,#954,#959,#964,#969,#974,#979,#984,#989,#994,#999,#1004,#1009,#1014,#1019,#1024,#854,#1357));
#1457= IFCFACEOUTERBOUND(#1456,.T.);
#1458= IFCFACE((#1457));
#1459= IFCPOLYLOOP((#1013,#1008,#1003,#998,#993,#988,#983,#978,#973,#968,#963,#958,#953,#948,#943,#1439,#1434,#1429,#1424,#1419,#1414,#1409,#1404,#1399,#1394,#1389,#1384,#1379,#1374,#1369,#1348,#1347));
#1460= IFCFACEOUTERBOUND(#1459,.T.);
#1461= IFCFACE((#1460));
#1462= IFCCLOSEDSHELL((#1356,#1360,#1364,#1368,#1373,#1378,#1383,#1388,#1393,#1398,#1403,#1408,#1413,#1418,#1423,#1428,#1433,#1438,#1443,#1446,#952,#957,#962,#967,#972,#977,#982,#987,#992,#997,#1002,#1007,#1012,#1017,#1449,#1452,#1455,#1458,#1461));
#1463= IFCFACETEDBREP(#1462);
#1464= IFCSTYLEDITEM(#1463,(#850),$);
#1465= IFCSHAPEREPRESENTATION(#12,'Body','Brep',(#1463));
#1466= IFCPRODUCTDEFINITIONSHAPE($,$,(#1465));
#1467= IFCCARTESIANPOINT((15130.0085320018,29977.9957275184,16869.925145937));
#1468= IFCAXIS2PLACEMENT3D(#1467,#771,#1043);
#1469= IFCLOCALPLACEMENT(#42,#1468);
#1470= IFCPLATE('0Y4w4uRrv6rQC00LXKlQuA',#1282,'PLATE-10','PL10*130',$,#1469,#1466,'ID2213a138-6f5e-46d5-a300-015854bdae0a');
#1471= IFCPLATETYPE('3J59uG21nD5fDnMO5lo$BO',#5,'PL10*130',$,$,$,$,$,$,.NOTDEFINED.);
#1472= IFCPROPERTYSINGLEVALUE('Bottom elevation',$,IFCLABEL(' +16.640'),$);
#1473= IFCPROPERTYSINGLEVALUE('Top elevation',$,IFCLABEL(' +16.870'),$);
#1474= IFCPROPERTYSINGLEVALUE('Preliminary mark',$,IFCLABEL('5-2-P104'),$);
#1475= IFCPROPERTYSET('3U0R1qlzH6CBh521ez3OnQ',#5,'Tekla Common','Common Properties to Shared building elements',(#1472,#1473,#1050,#1474,#1052,#1053));
#1476= IFCPROPERTYSINGLEVALUE('Weight',$,IFCMASSMEASURE(2.2),$);
#1477= IFCPROPERTYSINGLEVALUE('Area per tons',$,IFCAREAMEASURE(28.714),$);
#1478= IFCPROPERTYSINGLEVALUE('Net surface area',$,IFCAREAMEASURE(0.063),$);
#1479= IFCPROPERTYSINGLEVALUE('Height',$,IFCLENGTHMEASURE(130.),$);
#1480= IFCPROPERTYSINGLEVALUE('Length',$,IFCLENGTHMEASURE(230.),$);
#1481= IFCPROPERTYSET('12mWJKLbjEvPusT9eu3Qrl',#5,'Tekla Quantity','Quantity Properties to Shared building elements',(#1476,#1056,#1169,#1477,#1478,#1479,#1061,#1480));
#1482= IFCPROPERTYSINGLEVALUE('Reference',$,IFCIDENTIFIER('5-2-P104'),$);
#1483= IFCPROPERTYSET('0wp0dE8b96rQoswvaXeY0w',#5,'Pset_PlateCommon','Common Properties to plate elements',(#1064,#1482));
#1484= IFCQUANTITYLENGTH('Width',$,$,129.999999999816);
#1485= IFCQUANTITYAREA('NetArea',$,$,0.0632061206819144);
#1486= IFCQUANTITYAREA('GrossArea',$,$,0.0298999999999149);
#1487= IFCQUANTITYVOLUME('NetVolume',$,$,0.000280412706931566);
#1488= IFCQUANTITYVOLUME('GrossVolume',$,$,0.000286514219396039);
#1489= IFCELEMENTQUANTITY('3w32estSXE8BYMx9426nZm',#5,'BaseQuantities',$,$,(#1484,#1485,#1486,#1070,#1487,#1488));
#1490= IFCCARTESIANPOINT((3.90180644030261,0.901806440320797,19.6157056080556));
#1491= IFCCARTESIANPOINT((-1.81898940354586E-11,-3.,19.9999999999854));
#1492= IFCCARTESIANPOINT((-1.83717929758132E-10,-3.,209.999999999851));
#1493= IFCCARTESIANPOINT((3.90180644013708,0.901806440320797,210.384294391788));
#1494= IFCCARTESIANPOINT((7.65366864711359,4.65366864730095,211.522409349633));
#1495= IFCCARTESIANPOINT((7.99999999981083,5.,211.707527314378));
#1496= IFCCARTESIANPOINT((7.99999999997817,5.,18.2924726854762));
#1497= IFCCARTESIANPOINT((7.65366864727912,4.65366864730095,18.4775906502182));
#1498= IFCPOLYLOOP((#1490,#1491,#1492,#1493,#1494,#1495,#1496,#1497));
#1499= IFCFACEOUTERBOUND(#1498,.T.);
#1500= IFCFACE((#1499));
#1501= IFCCARTESIANPOINT((-1.83717929758132E-10,-5.,209.999999999851));
#1502= IFCPOLYLOOP((#851,#1501,#1492,#1491));
#1503= IFCFACEOUTERBOUND(#1502,.T.);
#1504= IFCFACE((#1503));
#1505= IFCCARTESIANPOINT((3.90180644013708,-5.,210.384294391788));
#1506= IFCPOLYLOOP((#1501,#1505,#1493,#1492));
#1507= IFCFACEOUTERBOUND(#1506,.T.);
#1508= IFCFACE((#1507));
#1509= IFCCARTESIANPOINT((7.65366864711359,-5.,211.522409349633));
#1510= IFCPOLYLOOP((#1505,#1509,#1494,#1493));
#1511= IFCFACEOUTERBOUND(#1510,.T.);
#1512= IFCFACE((#1511));
#1513= IFCPOLYLOOP((#1509,#1369,#1370,#1495,#1494));
#1514= IFCFACEOUTERBOUND(#1513,.T.);
#1515= IFCFACE((#1514));
#1516= IFCPOLYLOOP((#1014,#1013,#1018,#1497,#1496));
#1517= IFCFACEOUTERBOUND(#1516,.T.);
#1518= IFCFACE((#1517));
#1519= IFCPOLYLOOP((#1018,#1023,#1490,#1497));
#1520= IFCFACEOUTERBOUND(#1519,.T.);
#1521= IFCFACE((#1520));
#1522= IFCPOLYLOOP((#1023,#851,#1491,#1490));
#1523= IFCFACEOUTERBOUND(#1522,.T.);
#1524= IFCFACE((#1523));
#1525= IFCPOLYLOOP((#1370,#1375,#1380,#1385,#1390,#1395,#1400,#1405,#1410,#1415,#1420,#1425,#1430,#1435,#1440,#944,#949,#954,#959,#964,#969,#974,#979,#984,#989,#994,#999,#1004,#1009,#1014,#1496,#1495));
#1526= IFCFACEOUTERBOUND(#1525,.T.);
#1527= IFCFACE((#1526));
#1528= IFCPOLYLOOP((#1023,#1018,#1013,#1008,#1003,#998,#993,#988,#983,#978,#973,#968,#963,#958,#953,#948,#943,#1439,#1434,#1429,#1424,#1419,#1414,#1409,#1404,#1399,#1394,#1389,#1384,#1379,#1374,#1369,#1509,#1505,#1501,#851));
#1529= IFCFACEOUTERBOUND(#1528,.T.);
#1530= IFCFACE((#1529));
#1531= IFCCLOSEDSHELL((#1500,#1504,#1508,#1512,#1515,#1378,#1383,#1388,#1393,#1398,#1403,#1408,#1413,#1418,#1423,#1428,#1433,#1438,#1443,#1446,#952,#957,#962,#967,#972,#977,#982,#987,#992,#997,#1002,#1007,#1012,#1017,#1518,#1521,#1524,#1527,#1530));
#1532= IFCFACETEDBREP(#1531);
#1533= IFCSTYLEDITEM(#1532,(#850),$);
#1534= IFCSHAPEREPRESENTATION(#12,'Body','Brep',(#1532));
#1535= IFCPRODUCTDEFINITIONSHAPE($,$,(#1534));
#1536= IFCCARTESIANPOINT((15130.0085320012,30107.9957275184,16869.925145937));
#1537= IFCAXIS2PLACEMENT3D(#1536,#771,#1043);
#1538= IFCLOCALPLACEMENT(#42,#1537);
#1539= IFCPLATE('1QSd8Dshn6ifAAU_joG0kM',#44,'PLATE-10','PL10*130',$,#1538,#1535,'ID5a72720d-dabc-46b2-928a-7beb72400b96');
#1540= IFCQUANTITYLENGTH('Width',$,$,129.999999999305);
#1541= IFCQUANTITYAREA('NetArea',$,$,0.0632061206816695);
#1542= IFCQUANTITYAREA('GrossArea',$,$,0.0298999999997974);
#1543= IFCQUANTITYVOLUME('NetVolume',$,$,0.000280412706930392);
#1544= IFCELEMENTQUANTITY('0hAq4GUCXE7gx0AoqLkZQ7',#5,'BaseQuantities',$,$,(#1540,#1541,#1542,#1070,#1543,#1488));
#1545= IFCCARTESIANPOINT((350.,5.00000000000728,9.99999999999091));
#1546= IFCCARTESIANPOINT((350.,-4.99999999999636,5.45696821063757E-12));
#1547= IFCCARTESIANPOINT((0.,5.00000000000728,9.99999999998909));
#1548= IFCPOLYLOOP((#1545,#1546,#1188,#1547));
#1549= IFCFACEOUTERBOUND(#1548,.T.);
#1550= IFCFACE((#1549));
#1551= IFCCARTESIANPOINT((350.,-4.99999999988358,129.999999999911));
#1552= IFCCARTESIANPOINT((350.,5.00000000010186,119.999999999909));
#1553= IFCCARTESIANPOINT((-3.63797880709171E-12,5.00000000010186,119.999999999909));
#1554= IFCCARTESIANPOINT((-3.63797880709171E-12,-4.99999999988358,129.999999999911));
#1555= IFCPOLYLOOP((#1551,#1552,#1553,#1554));
#1556= IFCFACEOUTERBOUND(#1555,.T.);
#1557= IFCFACE((#1556));
#1558= IFCPOLYLOOP((#1554,#1553,#1547,#1188));
#1559= IFCFACEOUTERBOUND(#1558,.T.);
#1560= IFCFACE((#1559));
#1561= IFCPOLYLOOP((#1552,#1551,#1546,#1545));
#1562= IFCFACEOUTERBOUND(#1561,.T.);
#1563= IFCFACE((#1562));
#1564= IFCPOLYLOOP((#1553,#1552,#1545,#1547));
#1565= IFCFACEOUTERBOUND(#1564,.T.);
#1566= IFCFACE((#1565));
#1567= IFCPOLYLOOP((#1546,#1551,#1554,#1188));
#1568= IFCFACEOUTERBOUND(#1567,.T.);
#1569= IFCFACE((#1568));
#1570= IFCCLOSEDSHELL((#1550,#1557,#1560,#1563,#1566,#1569));
#1571= IFCFACETEDBREP(#1570);
#1572= IFCSTYLEDITEM(#1571,(#850),$);
#1573= IFCSHAPEREPRESENTATION(#12,'Body','Brep',(#1571));
#1574= IFCPRODUCTDEFINITIONSHAPE($,$,(#1573));
#1575= IFCCARTESIANPOINT((15130.0217498125,29867.9957275184,16634.9251463087));
#1576= IFCAXIS2PLACEMENT3D(#1575,#1043,#8);
#1577= IFCLOCALPLACEMENT(#42,#1576);
#1578= IFCPLATE('2zYWpScCv0f8L29HWZSJom',#44,'PLATE-10','PL10*130',$,#1577,#1574,'IDbd8a0cdc-98ce-40a4-8542-251823713cb0');
#1579= IFCPROPERTYSINGLEVALUE('Top elevation',$,IFCLABEL(' +16.640'),$);
#1580= IFCPROPERTYSINGLEVALUE('Preliminary mark',$,IFCLABEL('5-2-P103'),$);
#1581= IFCPROPERTYSET('34fPu7n9r3P8YEECHpX5Xk',#5,'Tekla Common','Common Properties to Shared building elements',(#1323,#1579,#1050,#1580,#1052,#1053));
#1582= IFCPROPERTYSINGLEVALUE('Weight',$,IFCMASSMEASURE(3.3),$);
#1583= IFCPROPERTYSINGLEVALUE('Gross footprint area',$,IFCAREAMEASURE(0.046),$);
#1584= IFCPROPERTYSINGLEVALUE('Area per tons',$,IFCAREAMEASURE(29.208),$);
#1585= IFCPROPERTYSINGLEVALUE('Net surface area',$,IFCAREAMEASURE(0.096),$);
#1586= IFCPROPERTYSET('0Chmml79v9xwqhh176zSxm',#5,'Tekla Quantity','Quantity Properties to Shared building elements',(#1582,#1056,#1583,#1584,#1585,#1479,#1061,#1335));
#1587= IFCPROPERTYSINGLEVALUE('Reference',$,IFCIDENTIFIER('5-2-P103'),$);
#1588= IFCPROPERTYSET('3pzi5f1MvDbBiGJKZzTjr6',#5,'Pset_PlateCommon','Common Properties to plate elements',(#1064,#1587));
#1589= IFCQUANTITYLENGTH('Width',$,$,130.);
#1590= IFCQUANTITYAREA('NetArea',$,$,0.0962994949366113);
#1591= IFCQUANTITYAREA('GrossArea',$,$,0.0455000000000003);
#1592= IFCQUANTITYVOLUME('NetVolume',$,$,0.000419999999999998);
#1593= IFCQUANTITYVOLUME('GrossVolume',$,$,0.000454999999999998);
#1594= IFCELEMENTQUANTITY('0h6AvwGdX4Suxw3JWy7Cf7',#5,'BaseQuantities',$,$,(#1589,#1590,#1591,#1070,#1592,#1593));
#1595= IFCCARTESIANPOINT((0.,-4.99999999998545,9.99999999999636));
#1596= IFCCARTESIANPOINT((350.,4.99999999999636,-3.63797880709171E-12));
#1597= IFCCARTESIANPOINT((350.,-4.99999999998545,9.99999999999818));
#1598= IFCPOLYLOOP((#1595,#1191,#1596,#1597));
#1599= IFCFACEOUTERBOUND(#1598,.T.);
#1600= IFCFACE((#1599));
#1601= IFCCARTESIANPOINT((350.,-4.99999999989086,119.999999999918));
#1602= IFCCARTESIANPOINT((350.,5.00000000011278,129.999999999902));
#1603= IFCCARTESIANPOINT((-3.63797880709171E-12,5.00000000011278,129.999999999902));
#1604= IFCCARTESIANPOINT((-3.63797880709171E-12,-4.99999999989086,119.999999999918));
#1605= IFCPOLYLOOP((#1601,#1602,#1603,#1604));
#1606= IFCFACEOUTERBOUND(#1605,.T.);
#1607= IFCFACE((#1606));
#1608= IFCPOLYLOOP((#1604,#1603,#1191,#1595));
#1609= IFCFACEOUTERBOUND(#1608,.T.);
#1610= IFCFACE((#1609));
#1611= IFCPOLYLOOP((#1602,#1601,#1597,#1596));
#1612= IFCFACEOUTERBOUND(#1611,.T.);
#1613= IFCFACE((#1612));
#1614= IFCPOLYLOOP((#1602,#1596,#1191,#1603));
#1615= IFCFACEOUTERBOUND(#1614,.T.);
#1616= IFCFACE((#1615));
#1617= IFCPOLYLOOP((#1601,#1604,#1595,#1597));
#1618= IFCFACEOUTERBOUND(#1617,.T.);
#1619= IFCFACE((#1618));
#1620= IFCCLOSEDSHELL((#1600,#1607,#1610,#1613,#1616,#1619));
#1621= IFCFACETEDBREP(#1620);
#1622= IFCSTYLEDITEM(#1621,(#850),$);
#1623= IFCSHAPEREPRESENTATION(#12,'Body','Brep',(#1621));
#1624= IFCPRODUCTDEFINITIONSHAPE($,$,(#1623));
#1625= IFCCARTESIANPOINT((15130.0082507723,29867.9957275184,16874.9251459291));
#1626= IFCAXIS2PLACEMENT3D(#1625,#1043,#8);
#1627= IFCLOCALPLACEMENT(#42,#1626);
#1628= IFCPLATE('1PYl$dMl1Db8qMPyVzeOap',#44,'PLATE-10','PL10*130',$,#1627,#1624,'ID598affe7-5af0-4d94-8d16-67c7fda18933');
#1629= IFCPROPERTYSINGLEVALUE('Bottom elevation',$,IFCLABEL(' +16.870'),$);
#1630= IFCPROPERTYSET('2XqtjCanj5RgP0zxc2lfNC',#5,'Tekla Common','Common Properties to Shared building elements',(#1629,#1324,#1050,#1580,#1052,#1053));
#1631= IFCQUANTITYVOLUME('NetVolume',$,$,0.000419999999999998);
#1632= IFCELEMENTQUANTITY('3jXG9wNwPBHAxbbsRSKRLo',#5,'BaseQuantities',$,$,(#1589,#1590,#1591,#1070,#1631,#1593));
#1633= IFCCOLOURRGB('Light Blue',0.23921568627451,0.,0.63921568627451);
#1634= IFCSURFACESTYLERENDERING(#1633,0.,$,$,$,$,IFCNORMALISEDRATIOMEASURE(0.00390625),IFCSPECULAREXPONENT(10.),.NOTDEFINED.);
#1635= IFCSURFACESTYLE('STEEL/S275',.POSITIVE.,(#1634));
#1636= IFCPRESENTATIONSTYLEASSIGNMENT((#1635));
#1637= IFCCARTESIANPOINT((0.,-9.99999999999272,3.63797880709171E-12));
#1638= IFCCARTESIANPOINT((0.,-9.99999999958345,469.999999999669));
#1639= IFCCARTESIANPOINT((0.,10.0000000004038,469.999999999651));
#1640= IFCCARTESIANPOINT((0.,9.99999999999272,-1.09139364212751E-11));
#1641= IFCPOLYLOOP((#1637,#1638,#1639,#1640));
#1642= IFCFACEOUTERBOUND(#1641,.T.);
#1643= IFCFACE((#1642));
#1644= IFCCARTESIANPOINT((350.,-9.99999999958345,469.999999999669));
#1645= IFCCARTESIANPOINT((350.,10.0000000004038,469.999999999651));
#1646= IFCPOLYLOOP((#1638,#1644,#1645,#1639));
#1647= IFCFACEOUTERBOUND(#1646,.T.);
#1648= IFCFACE((#1647));
#1649= IFCCARTESIANPOINT((350.,-9.99999999999272,3.63797880709171E-12));
#1650= IFCCARTESIANPOINT((350.,9.99999999999272,-1.09139364212751E-11));
#1651= IFCPOLYLOOP((#1644,#1649,#1650,#1645));
#1652= IFCFACEOUTERBOUND(#1651,.T.);
#1653= IFCFACE((#1652));
#1654= IFCPOLYLOOP((#1649,#1637,#1640,#1650));
#1655= IFCFACEOUTERBOUND(#1654,.T.);
#1656= IFCFACE((#1655));
#1657= IFCPOLYLOOP((#1645,#1650,#1640,#1639));
#1658= IFCFACEOUTERBOUND(#1657,.T.);
#1659= IFCFACE((#1658));
#1660= IFCPOLYLOOP((#1649,#1644,#1638,#1637));
#1661= IFCFACEOUTERBOUND(#1660,.T.);
#1662= IFCFACE((#1661));
#1663= IFCCLOSEDSHELL((#1643,#1648,#1653,#1656,#1659,#1662));
#1664= IFCFACETEDBREP(#1663);
#1665= IFCSTYLEDITEM(#1664,(#1636),$);
#1666= IFCSHAPEREPRESENTATION(#12,'Body','Brep',(#1664));
#1667= IFCPRODUCTDEFINITIONSHAPE($,$,(#1666));
#1668= IFCCARTESIANPOINT((15140.0017824664,29867.9957275182,16989.9257082072));
#1669= IFCAXIS2PLACEMENT3D(#1668,#771,#8);
#1670= IFCLOCALPLACEMENT(#42,#1669);
#1671= IFCPLATE('36bWwu8CvFsesEFyXaLIlW',#44,'PLATE-20','PL20*350',$,#1670,#1667,'IDc6960eb8-20ce-4fda-8d8e-3fc864552be0');
#1672= IFCPLATETYPE('3gccJhAUrAV9Up6jGSYHtv',#5,'PL20*350',$,$,$,$,$,$,.NOTDEFINED.);
#1673= IFCPROPERTYSINGLEVALUE('Preliminary mark',$,IFCLABEL('5-2-P27'),$);
#1674= IFCPROPERTYSINGLEVALUE('Class',$,IFCLABEL('14'),$);
#1675= IFCPROPERTYSET('2wj8zF6Hf3Qhr_Eg72P7cZ',#5,'Tekla Common','Common Properties to Shared building elements',(#1164,#1269,#1050,#1673,#1052,#1674));
#1676= IFCPROPERTYSINGLEVALUE('Weight',$,IFCMASSMEASURE(25.83),$);
#1677= IFCPROPERTYSINGLEVALUE('Volume',$,IFCVOLUMEMEASURE(0.003),$);
#1678= IFCPROPERTYSINGLEVALUE('Gross footprint area',$,IFCAREAMEASURE(0.007),$);
#1679= IFCPROPERTYSINGLEVALUE('Area per tons',$,IFCAREAMEASURE(14.009),$);
#1680= IFCPROPERTYSINGLEVALUE('Net surface area',$,IFCAREAMEASURE(0.362),$);
#1681= IFCPROPERTYSINGLEVALUE('Height',$,IFCLENGTHMEASURE(350.),$);
#1682= IFCPROPERTYSINGLEVALUE('Width',$,IFCLENGTHMEASURE(20.),$);
#1683= IFCPROPERTYSINGLEVALUE('Length',$,IFCLENGTHMEASURE(470.),$);
#1684= IFCPROPERTYSET('2NHdfnniz4e8xsc5rS2XEF',#5,'Tekla Quantity','Quantity Properties to Shared building elements',(#1676,#1677,#1678,#1679,#1680,#1681,#1682,#1683));
#1685= IFCPROPERTYSINGLEVALUE('Reference',$,IFCIDENTIFIER('5-2-P27'),$);
#1686= IFCPROPERTYSET('1HJQjPVmX3TA2GU2nqZcqr',#5,'Pset_PlateCommon','Common Properties to plate elements',(#1064,#1685));
#1687= IFCQUANTITYLENGTH('Width',$,$,350.);
#1688= IFCQUANTITYAREA('NetArea',$,$,0.3618);
#1689= IFCQUANTITYAREA('GrossArea',$,$,0.164499999999765);
#1690= IFCQUANTITYAREA('CrossSectionArea',$,$,0.0004);
#1691= IFCQUANTITYVOLUME('NetVolume',$,$,0.00329);
#1692= IFCQUANTITYVOLUME('GrossVolume',$,$,0.00329);
#1693= IFCELEMENTQUANTITY('03k1wIcUz48Qz6ugu6VxV7',#5,'BaseQuantities',$,$,(#1687,#1688,#1689,#1690,#1691,#1692));
#1694= IFCMAPPEDITEM(#765,#122);
#1695= IFCSHAPEREPRESENTATION(#12,'Body','MappedRepresentation',(#1694));
#1696= IFCPRODUCTDEFINITIONSHAPE($,$,(#1695));
#1697= IFCCARTESIANPOINT((3270.00823984536,30162.9957275272,16579.4243271434));
#1698= IFCDIRECTION((0.,0.,-1.));
#1699= IFCAXIS2PLACEMENT3D(#1697,#770,#1698);
#1700= IFCLOCALPLACEMENT(#42,#1699);
#1701= IFCMECHANICALFASTENER('123TVc$1LEqOazeXqo_uAQ',#353,'Bolt assembly',$,$,#1700,#1696,'ID420dd7e6-fc15-4ed1-893d-a21d32fb829a',24.,85.);
#1702= IFCMAPPEDITEM(#765,#122);
#1703= IFCSHAPEREPRESENTATION(#12,'Body','MappedRepresentation',(#1702));
#1704= IFCPRODUCTDEFINITIONSHAPE($,$,(#1703));
#1705= IFCCARTESIANPOINT((3270.00823984579,30042.9957275272,16579.4243271434));
#1706= IFCAXIS2PLACEMENT3D(#1705,#770,#1698);
#1707= IFCLOCALPLACEMENT(#42,#1706);
#1708= IFCMECHANICALFASTENER('1aNomA4$j5v8LWdjQkVUKd',#353,'Bolt assembly',$,$,#1707,#1704,'ID645f2c0a-13fb-45e4-8560-9ed6ae7de527',24.,85.);
#1709= IFCMAPPEDITEM(#765,#122);
#1710= IFCSHAPEREPRESENTATION(#12,'Body','MappedRepresentation',(#1709));
#1711= IFCPRODUCTDEFINITIONSHAPE($,$,(#1710));
#1712= IFCCARTESIANPOINT((3270.00823984623,29922.9957275272,16579.4243271434));
#1713= IFCAXIS2PLACEMENT3D(#1712,#770,#1698);
#1714= IFCLOCALPLACEMENT(#42,#1713);
#1715= IFCMECHANICALFASTENER('3PXRNCfgb9IA3WwSEKoZ8z',#353,'Bolt assembly',$,$,#1714,#1711,'IDd985b5cc-a6a9-4948-a0e0-e9c394ca323d',24.,85.);
#1716= IFCMAPPEDITEM(#765,#122);
#1717= IFCSHAPEREPRESENTATION(#12,'Body','MappedRepresentation',(#1716));
#1718= IFCPRODUCTDEFINITIONSHAPE($,$,(#1717));
#1719= IFCCARTESIANPOINT((3270.00823984536,30162.9957275272,16699.4243271434));
#1720= IFCAXIS2PLACEMENT3D(#1719,#770,#1698);
#1721= IFCLOCALPLACEMENT(#42,#1720);
#1722= IFCMECHANICALFASTENER('0Jm54a0Qr6hQh8FnI1Y5kY',#353,'Bolt assembly',$,$,#1721,#1718,'ID13c05124-01ad-46ad-aac8-3f1481885ba2',24.,85.);
#1723= IFCMAPPEDITEM(#765,#122);
#1724= IFCSHAPEREPRESENTATION(#12,'Body','MappedRepresentation',(#1723));
#1725= IFCPRODUCTDEFINITIONSHAPE($,$,(#1724));
#1726= IFCCARTESIANPOINT((3270.00823984623,29922.9957275272,16699.4243271434));
#1727= IFCAXIS2PLACEMENT3D(#1726,#770,#1698);
#1728= IFCLOCALPLACEMENT(#42,#1727);
#1729= IFCMECHANICALFASTENER('1RdFB8JxnFxAuHdr7$U0CD',#353,'Bolt assembly',$,$,#1728,#1725,'ID5b9cf2c8-4fbc-4fec-ae11-9f51ff78030d',24.,85.);
#1730= IFCMAPPEDITEM(#765,#122);
#1731= IFCSHAPEREPRESENTATION(#12,'Body','MappedRepresentation',(#1730));
#1732= IFCPRODUCTDEFINITIONSHAPE($,$,(#1731));
#1733= IFCCARTESIANPOINT((3270.00823984536,30162.9957275272,16814.4243271434));
#1734= IFCAXIS2PLACEMENT3D(#1733,#770,#1698);
#1735= IFCLOCALPLACEMENT(#42,#1734);
#1736= IFCMECHANICALFASTENER('0IH2OZTqz0bvkUnQYjY5iC',#353,'Bolt assembly',$,$,#1735,#1732,'ID12442623-774f-4097-9b9e-c5a8ad885b0c',24.,85.);
#1737= IFCMAPPEDITEM(#765,#122);
#1738= IFCSHAPEREPRESENTATION(#12,'Body','MappedRepresentation',(#1737));
#1739= IFCPRODUCTDEFINITIONSHAPE($,$,(#1738));
#1740= IFCCARTESIANPOINT((3270.00823984623,29922.9957275272,16814.4243271434));
#1741= IFCAXIS2PLACEMENT3D(#1740,#770,#1698);
#1742= IFCLOCALPLACEMENT(#42,#1741);
#1743= IFCMECHANICALFASTENER('10zXx36lX8hvVEDhvbUlNg',#353,'Bolt assembly',$,$,#1742,#1739,'ID40f61ec3-1af8-48af-97ce-36be657af5ea',24.,85.);
#1744= IFCMAPPEDITEM(#765,#122);
#1745= IFCSHAPEREPRESENTATION(#12,'Body','MappedRepresentation',(#1744));
#1746= IFCPRODUCTDEFINITIONSHAPE($,$,(#1745));
#1747= IFCCARTESIANPOINT((3270.00823984536,30162.9957275272,16929.4243271434));
#1748= IFCAXIS2PLACEMENT3D(#1747,#770,#1698);
#1749= IFCLOCALPLACEMENT(#42,#1748);
#1750= IFCMECHANICALFASTENER('3tLfd2a3vAOA$94qbqDnk0',#353,'Bolt assembly',$,$,#1749,#1746,'IDf75699c2-903e-4a60-afc9-134974371b80',24.,85.);
#1751= IFCMAPPEDITEM(#765,#122);
#1752= IFCSHAPEREPRESENTATION(#12,'Body','MappedRepresentation',(#1751));
#1753= IFCPRODUCTDEFINITIONSHAPE($,$,(#1752));
#1754= IFCCARTESIANPOINT((3270.00823984579,30042.9957275272,16929.4243271434));
#1755= IFCAXIS2PLACEMENT3D(#1754,#770,#1698);
#1756= IFCLOCALPLACEMENT(#42,#1755);
#1757= IFCMECHANICALFASTENER('1PdSZb31X958lMxwi3fft8',#353,'Bolt assembly',$,$,#1756,#1753,'ID599dc8e5-0c18-4914-8bd6-efab03a69dc8',24.,85.);
#1758= IFCMAPPEDITEM(#765,#122);
#1759= IFCSHAPEREPRESENTATION(#12,'Body','MappedRepresentation',(#1758));
#1760= IFCPRODUCTDEFINITIONSHAPE($,$,(#1759));
#1761= IFCCARTESIANPOINT((3270.00823984623,29922.9957275272,16929.4243271434));
#1762= IFCAXIS2PLACEMENT3D(#1761,#770,#1698);
#1763= IFCLOCALPLACEMENT(#42,#1762);
#1764= IFCMECHANICALFASTENER('3jKrZxgnzE98uHzZjz1CLi',#353,'Bolt assembly',$,$,#1763,#1760,'IDed5358fb-ab1f-4e24-8e11-f63b7d04c56c',24.,85.);
#1765= IFCSHAPEREPRESENTATION(#12,'Body','Brep',(#1038));
#1766= IFCPRODUCTDEFINITIONSHAPE($,$,(#1765));
#1767= IFCCARTESIANPOINT((3270.00823984556,30102.995727519,16754.4243271434));
#1768= IFCAXIS2PLACEMENT3D(#1767,#770,#7);
#1769= IFCLOCALPLACEMENT(#42,#1768);
#1770= IFCPLATE('2XA4RMxov4XR663z_RHeqg',#44,'PLATE-10','PL10*120',$,#1769,#1766,'IDa12846d6-ef2e-4485-b186-0fdf9b468d2a');
#1771= IFCPROPERTYSINGLEVALUE('Bottom elevation',$,IFCLABEL(' +16.749'),$);
#1772= IFCPROPERTYSINGLEVALUE('Top elevation',$,IFCLABEL(' +16.759'),$);
#1773= IFCPROPERTYSET('3MF35oR3fDtRW1R9U467Ka',#5,'Tekla Common','Common Properties to Shared building elements',(#1771,#1772,#1050,#1051,#1052,#1053));
#1774= IFCSHAPEREPRESENTATION(#12,'Body','Brep',(#1095));
#1775= IFCPRODUCTDEFINITIONSHAPE($,$,(#1774));
#1776= IFCCARTESIANPOINT((3270.00823984552,30113.0012206831,16754.4243271434));
#1777= IFCAXIS2PLACEMENT3D(#1776,#8,#7);
#1778= IFCLOCALPLACEMENT(#42,#1777);
#1779= IFCPLATE('3pxJ9WQmD0CubI1zGhc3cx',#44,'PLATE-10','PL10*105',$,#1778,#1775,'IDf3ed3260-6b03-4033-8952-07d42b9839bb');
#1780= IFCPROPERTYSET('3_LfAOZRP8JwA9sXrLHtRG',#5,'Tekla Common','Common Properties to Shared building elements',(#1771,#1772,#1050,#1104,#1052,#1053));
#1781= IFCSHAPEREPRESENTATION(#12,'Body','Brep',(#1095));
#1782= IFCPRODUCTDEFINITIONSHAPE($,$,(#1781));
#1783= IFCCARTESIANPOINT((3270.00823984609,29972.995727519,16754.4243271434));
#1784= IFCAXIS2PLACEMENT3D(#1783,#770,#7);
#1785= IFCLOCALPLACEMENT(#42,#1784);
#1786= IFCPLATE('0JucRp7VrDhublqbvuSSL5',#44,'PLATE-10','PL10*105',$,#1785,#1782,'ID13e266f3-1dfd-4daf-896f-d25e7871c545');
#1787= IFCSHAPEREPRESENTATION(#12,'Body','Brep',(#1155));
#1788= IFCPRODUCTDEFINITIONSHAPE($,$,(#1787));
#1789= IFCCARTESIANPOINT((3270.00823984551,30107.995727519,16629.4243271434));
#1790= IFCAXIS2PLACEMENT3D(#1789,#1698,#7);
#1791= IFCLOCALPLACEMENT(#42,#1790);
#1792= IFCPLATE('1YzvuFmD58behzCqGs4sgA',#353,'PLATE-10','PL10*110',$,#1791,#1788,'ID62f79e0f-c0d1-4896-8afd-334436136a8a');
#1793= IFCPROPERTYSINGLEVALUE('Bottom elevation',$,IFCLABEL(' +16.519'),$);
#1794= IFCPROPERTYSINGLEVALUE('Top elevation',$,IFCLABEL(' +16.629'),$);
#1795= IFCPROPERTYSET('2y24WufeP1ig79S4FGKLYx',#5,'Tekla Common','Common Properties to Shared building elements',(#1793,#1794,#1050,#1166,#1052,#1053));
#1796= IFCSHAPEREPRESENTATION(#12,'Body','Brep',(#1155));
#1797= IFCPRODUCTDEFINITIONSHAPE($,$,(#1796));
#1798= IFCCARTESIANPOINT((3270.00823984604,29977.995727519,16629.4243271434));
#1799= IFCAXIS2PLACEMENT3D(#1798,#1698,#7);
#1800= IFCLOCALPLACEMENT(#42,#1799);
#1801= IFCPLATE('2UAX2vVp5DvxQljzURzDtj',#353,'PLATE-10','PL10*110',$,#1800,#1797,'ID9e2a10b9-7f31-4de7-b6af-b7d79bf4dded');
#1802= IFCSHAPEREPRESENTATION(#12,'Body','Brep',(#1260));
#1803= IFCPRODUCTDEFINITIONSHAPE($,$,(#1802));
#1804= IFCCARTESIANPOINT((3270.00823984551,30107.995727519,16989.4243271434));
#1805= IFCAXIS2PLACEMENT3D(#1804,#1698,#7);
#1806= IFCLOCALPLACEMENT(#42,#1805);
#1807= IFCPLATE('3OSip6i0T26PcCEFvpUKTM',#353,'PLATE-10','PL10*110',$,#1806,#1803,'IDd872ccc6-b007-4219-998c-38fe73794756');
#1808= IFCPROPERTYSINGLEVALUE('Bottom elevation',$,IFCLABEL(' +16.879'),$);
#1809= IFCPROPERTYSINGLEVALUE('Top elevation',$,IFCLABEL(' +16.989'),$);
#1810= IFCPROPERTYSET('0TTg6t3qj5PP9KWmbglv4D',#5,'Tekla Common','Common Properties to Shared building elements',(#1808,#1809,#1050,#1166,#1052,#1053));
#1811= IFCSHAPEREPRESENTATION(#12,'Body','Brep',(#1260));
#1812= IFCPRODUCTDEFINITIONSHAPE($,$,(#1811));
#1813= IFCCARTESIANPOINT((3270.00823984604,29977.995727519,16989.4243271434));
#1814= IFCAXIS2PLACEMENT3D(#1813,#1698,#7);
#1815= IFCLOCALPLACEMENT(#42,#1814);
#1816= IFCPLATE('1oHV4CuLv3rRnhMHS6iA3m',#353,'PLATE-10','PL10*110',$,#1815,#1812,'ID7245f10c-e15e-43d5-bc6b-591706b0a0f0');
#1817= IFCCLOSEDSHELL((#1607,#1600,#1610,#1613,#1616,#1619));
#1818= IFCFACETEDBREP(#1817);
#1819= IFCSTYLEDITEM(#1818,(#850),$);
#1820= IFCSHAPEREPRESENTATION(#12,'Body','Brep',(#1818));
#1821= IFCPRODUCTDEFINITIONSHAPE($,$,(#1820));
#1822= IFCCARTESIANPOINT((3270.00823984654,29867.995727519,16634.4243271434));
#1823= IFCAXIS2PLACEMENT3D(#1822,#7,#8);
#1824= IFCLOCALPLACEMENT(#42,#1823);
#1825= IFCPLATE('1KE0IFi3vCLQdSw7IuqS6B',#44,'PLATE-10','PL10*130',$,#1824,#1821,'ID5438048f-b03e-4c55-a9dc-e874b8d1c18b');
#1826= IFCPROPERTYSINGLEVALUE('Bottom elevation',$,IFCLABEL(' +16.629'),$);
#1827= IFCPROPERTYSINGLEVALUE('Top elevation',$,IFCLABEL(' +16.639'),$);
#1828= IFCPROPERTYSET('0ZJgMSpHvDy8RfN$m9OYWW',#5,'Tekla Common','Common Properties to Shared building elements',(#1826,#1827,#1050,#1580,#1052,#1053));
#1829= IFCSHAPEREPRESENTATION(#12,'Body','Brep',(#1571));
#1830= IFCPRODUCTDEFINITIONSHAPE($,$,(#1829));
#1831= IFCCARTESIANPOINT((3270.00823984654,29867.995727519,16874.4243271434));
#1832= IFCAXIS2PLACEMENT3D(#1831,#7,#8);
#1833= IFCLOCALPLACEMENT(#42,#1832);
#1834= IFCPLATE('2FqRbG$bv2nPbvJ2Kqmn9m',#44,'PLATE-10','PL10*130',$,#1833,#1830,'ID8fd1b950-fe5e-42c5-9979-4c2534c31270');
#1835= IFCPROPERTYSINGLEVALUE('Bottom elevation',$,IFCLABEL(' +16.869'),$);
#1836= IFCPROPERTYSINGLEVALUE('Top elevation',$,IFCLABEL(' +16.879'),$);
#1837= IFCPROPERTYSET('1UXu0zTLj73Q6sS2qA2Bx6',#5,'Tekla Common','Common Properties to Shared building elements',(#1835,#1836,#1050,#1580,#1052,#1053));
#1838= IFCSHAPEREPRESENTATION(#12,'Body','Brep',(#1532));
#1839= IFCPRODUCTDEFINITIONSHAPE($,$,(#1838));
#1840= IFCCARTESIANPOINT((3270.00823984604,29977.995727519,16869.4243271434));
#1841= IFCAXIS2PLACEMENT3D(#1840,#1698,#7);
#1842= IFCLOCALPLACEMENT(#42,#1841);
#1843= IFCPLATE('2UvQ5fLFP5yg_0TwzeDzWt',#1282,'PLATE-10','PL10*130',$,#1842,#1839,'ID9ee5a169-54f6-45f2-af80-77af6837d837');
#1844= IFCPROPERTYSINGLEVALUE('Bottom elevation',$,IFCLABEL(' +16.639'),$);
#1845= IFCPROPERTYSINGLEVALUE('Top elevation',$,IFCLABEL(' +16.869'),$);
#1846= IFCPROPERTYSET('35qRPb$bn6eBOyP0NA2a_9',#5,'Tekla Common','Common Properties to Shared building elements',(#1844,#1845,#1050,#1474,#1052,#1053));
#1847= IFCQUANTITYLENGTH('Width',$,$,129.999999999491);
#1848= IFCQUANTITYAREA('GrossArea',$,$,0.0298999999998829);
#1849= IFCELEMENTQUANTITY('2orp_eu$54bAN$jnOej7ZH',#5,'BaseQuantities',$,$,(#1847,#1541,#1848,#1070,#1543,#1488));
#1850= IFCSHAPEREPRESENTATION(#12,'Body','Brep',(#1463));
#1851= IFCPRODUCTDEFINITIONSHAPE($,$,(#1850));
#1852= IFCCARTESIANPOINT((3270.00823984551,30107.995727519,16869.4243271434));
#1853= IFCAXIS2PLACEMENT3D(#1852,#1698,#7);
#1854= IFCLOCALPLACEMENT(#42,#1853);
#1855= IFCPLATE('3XRUcZYI1E3fPoV9DuwAKG',#44,'PLATE-10','PL10*130',$,#1854,#1851,'IDe16de9a3-8920-4e0e-9672-7c9378e8a510');
#1856= IFCQUANTITYLENGTH('Width',$,$,130.000000000002);
#1857= IFCQUANTITYAREA('GrossArea',$,$,0.0299000000000004);
#1858= IFCELEMENTQUANTITY('3f8iBImYvCqO37tzeT27IB',#5,'BaseQuantities',$,$,(#1856,#1485,#1857,#1070,#1487,#1488));
#1859= IFCSHAPEREPRESENTATION(#12,'Body','Brep',(#1314));
#1860= IFCPRODUCTDEFINITIONSHAPE($,$,(#1859));
#1861= IFCCARTESIANPOINT((3406.0082398451,30217.9957275184,16879.4243271434));
#1862= IFCAXIS2PLACEMENT3D(#1861,#1698,#770);
#1863= IFCLOCALPLACEMENT(#42,#1862);
#1864= IFCPLATE('0486DYg996KulkZx$vuGIv',#1282,'PLATE-12','PL12*250',$,#1863,#1860,'ID04206362-a892-4653-8bee-8fbff9e104b9');
#1865= IFCPROPERTYSET('1V85V7vsX7Uv$_6HnM58lI',#5,'Tekla Common','Common Properties to Shared building elements',(#1826,#1836,#1050,#1325,#1052,#1326));
#1866= IFCSHAPEREPRESENTATION(#12,'Body','Brep',(#1664));
#1867= IFCPRODUCTDEFINITIONSHAPE($,$,(#1866));
#1868= IFCCARTESIANPOINT((3260.00823984654,29867.9957275192,16989.4243271434));
#1869= IFCAXIS2PLACEMENT3D(#1868,#1698,#8);
#1870= IFCLOCALPLACEMENT(#42,#1869);
#1871= IFCPLATE('3ZqHEe2IXB5vC7fZNXyn7Y',#44,'PLATE-20','PL20*350',$,#1870,#1867,'IDe3d113a8-0928-4b17-9307-a635e1f311e2');
#1872= IFCPROPERTYSET('1IfISs2TL2a85kwET39kgx',#5,'Tekla Common','Common Properties to Shared building elements',(#1793,#1809,#1050,#1673,#1052,#1674));
#1873= IFCQUANTITYAREA('GrossArea',$,$,0.1645);
#1874= IFCELEMENTQUANTITY('24b$zlif53XOPkUG8hTKLd',#5,'BaseQuantities',$,$,(#1687,#1688,#1873,#1690,#1691,#1692));
#1875= IFCCARTESIANPOINT((13.,24.5762287729667,0.));
#1876= IFCCARTESIANPOINT((11.2583302491975,24.5762287729667,6.50000000000039));
#1877= IFCCARTESIANPOINT((6.49999999999922,24.5762287729667,11.2583302491982));
#1878= IFCCARTESIANPOINT((-1.34723677608042E-12,24.5762287729667,13.));
#1879= IFCCARTESIANPOINT((-6.50000000000155,24.5762287729667,11.2583302491968));
#1880= IFCCARTESIANPOINT((-11.2583302491988,24.5762287729667,6.49999999999806));
#1881= IFCCARTESIANPOINT((-13.,24.5762287729667,-2.69447355216084E-12));
#1882= IFCCARTESIANPOINT((-11.2583302491961,24.5762287729667,-6.50000000000272));
#1883= IFCCARTESIANPOINT((-6.4999999999969,24.5762287729667,-11.2583302491995));
#1884= IFCCARTESIANPOINT((4.02727742892113E-12,24.5762287729667,-13.));
#1885= IFCCARTESIANPOINT((6.50000000000388,24.5762287729667,-11.2583302491955));
#1886= IFCCARTESIANPOINT((11.2583302492002,24.5762287729667,-6.49999999999573));
#1887= IFCCARTESIANPOINT((13.,274.676228923567,0.));
#1888= IFCCARTESIANPOINT((11.2583302491975,274.676228923567,6.50000000000039));
#1889= IFCCARTESIANPOINT((6.49999999999922,274.676228923567,11.2583302491982));
#1890= IFCCARTESIANPOINT((-1.34723677608042E-12,274.676228923567,13.));
#1891= IFCCARTESIANPOINT((-6.50000000000155,274.676228923567,11.2583302491968));
#1892= IFCCARTESIANPOINT((-11.2583302491988,274.676228923567,6.49999999999806));
#1893= IFCCARTESIANPOINT((-13.,274.676228923567,-2.69447355216084E-12));
#1894= IFCCARTESIANPOINT((-11.2583302491961,274.676228923567,-6.50000000000272));
#1895= IFCCARTESIANPOINT((-6.4999999999969,274.676228923567,-11.2583302491995));
#1896= IFCCARTESIANPOINT((4.02727742892113E-12,274.676228923567,-13.));
#1897= IFCCARTESIANPOINT((6.50000000000388,274.676228923567,-11.2583302491955));
#1898= IFCCARTESIANPOINT((11.2583302492002,274.676228923567,-6.49999999999573));
#1899= IFCPOLYLOOP((#1875,#1876,#1877,#1878,#1879,#1880,#1881,#1882,#1883,#1884,#1885,#1886));
#1900= IFCFACEOUTERBOUND(#1899,.T.);
#1901= IFCFACE((#1900));
#1902= IFCPOLYLOOP((#1898,#1897,#1896,#1895,#1894,#1893,#1892,#1891,#1890,#1889,#1888,#1887));
#1903= IFCFACEOUTERBOUND(#1902,.T.);
#1904= IFCFACE((#1903));
#1905= IFCPOLYLOOP((#1875,#1887,#1888,#1876));
#1906= IFCFACEOUTERBOUND(#1905,.T.);
#1907= IFCFACE((#1906));
#1908= IFCPOLYLOOP((#1876,#1888,#1889,#1877));
#1909= IFCFACEOUTERBOUND(#1908,.T.);
#1910= IFCFACE((#1909));
#1911= IFCPOLYLOOP((#1877,#1889,#1890,#1878));
#1912= IFCFACEOUTERBOUND(#1911,.T.);
#1913= IFCFACE((#1912));
#1914= IFCPOLYLOOP((#1878,#1890,#1891,#1879));
#1915= IFCFACEOUTERBOUND(#1914,.T.);
#1916= IFCFACE((#1915));
#1917= IFCPOLYLOOP((#1879,#1891,#1892,#1880));
#1918= IFCFACEOUTERBOUND(#1917,.T.);
#1919= IFCFACE((#1918));
#1920= IFCPOLYLOOP((#1880,#1892,#1893,#1881));
#1921= IFCFACEOUTERBOUND(#1920,.T.);
#1922= IFCFACE((#1921));
#1923= IFCPOLYLOOP((#1881,#1893,#1894,#1882));
#1924= IFCFACEOUTERBOUND(#1923,.T.);
#1925= IFCFACE((#1924));
#1926= IFCPOLYLOOP((#1882,#1894,#1895,#1883));
#1927= IFCFACEOUTERBOUND(#1926,.T.);
#1928= IFCFACE((#1927));
#1929= IFCPOLYLOOP((#1883,#1895,#1896,#1884));
#1930= IFCFACEOUTERBOUND(#1929,.T.);
#1931= IFCFACE((#1930));
#1932= IFCPOLYLOOP((#1884,#1896,#1897,#1885));
#1933= IFCFACEOUTERBOUND(#1932,.T.);
#1934= IFCFACE((#1933));
#1935= IFCPOLYLOOP((#1885,#1897,#1898,#1886));
#1936= IFCFACEOUTERBOUND(#1935,.T.);
#1937= IFCFACE((#1936));
#1938= IFCPOLYLOOP((#1886,#1898,#1887,#1875));
#1939= IFCFACEOUTERBOUND(#1938,.T.);
#1940= IFCFACE((#1939));
#1941= IFCCLOSEDSHELL((#1901,#1904,#1907,#1910,#1913,#1916,#1919,#1922,#1925,#1928,#1931,#1934,#1937,#1940));
#1942= IFCFACETEDBREP(#1941);
#1943= IFCSTYLEDITEM(#1942,(#119),$);
#1944= IFCCARTESIANPOINT((9.09494701772928E-12,-2.18278728425503E-10,-74.9999999999527));
#1945= IFCCARTESIANTRANSFORMATIONOPERATOR3D($,$,#1944,$,$);
#1946= IFCSHAPEREPRESENTATION(#12,'Body','Brep',(#1942));
#1947= IFCREPRESENTATIONMAP(#10,#1946);
#1948= IFCMAPPEDITEM(#1947,#1945);
#1949= IFCCARTESIANPOINT((160.000000000238,-5.89352566748857E-10,-75.0000000002619));
#1950= IFCCARTESIANTRANSFORMATIONOPERATOR3D($,$,#1949,$,$);
#1951= IFCMAPPEDITEM(#1947,#1950);
#1952= IFCCARTESIANPOINT((320.000000000466,-9.60426405072212E-10,-75.0000000005784));
#1953= IFCCARTESIANTRANSFORMATIONOPERATOR3D($,$,#1952,$,$);
#1954= IFCMAPPEDITEM(#1947,#1953);
#1955= IFCCARTESIANPOINT((-1.09139364212751E-11,2.18278728425503E-10,74.9999999999454));
#1956= IFCCARTESIANTRANSFORMATIONOPERATOR3D($,$,#1955,$,$);
#1957= IFCMAPPEDITEM(#1947,#1956);
#1958= IFCCARTESIANPOINT((160.000000000218,-1.52795109897852E-10,74.9999999996362));
#1959= IFCCARTESIANTRANSFORMATIONOPERATOR3D($,$,#1958,$,$);
#1960= IFCMAPPEDITEM(#1947,#1959);
#1961= IFCCARTESIANPOINT((320.000000000447,-5.23868948221207E-10,74.9999999993197));
#1962= IFCCARTESIANTRANSFORMATIONOPERATOR3D($,$,#1961,$,$);
#1963= IFCMAPPEDITEM(#1947,#1962);
#1964= IFCSHAPEREPRESENTATION(#12,'Body','MappedRepresentation',(#1948,#1951,#1954,#1957,#1960,#1963));
#1965= IFCPRODUCTDEFINITIONSHAPE($,$,(#1964));
#1966= IFCCARTESIANPOINT((12379.999934294,30042.9995676064,16903.9981604252));
#1967= IFCDIRECTION((-1.39370016895555E-05,0.999999999392798,-3.19400000116729E-05));
#1968= IFCDIRECTION((0.999999999902879,1.39370000033079E-05,-5.30000033903108E-08));
#1969= IFCAXIS2PLACEMENT3D(#1966,#1967,#1968);
#1970= IFCLOCALPLACEMENT(#42,#1969);
#1971= IFCMECHANICALFASTENER('2eJK3vNwD73uqEuJyrgtLV',#353,'Bolt assembly',$,$,#1970,#1965,'IDa84d40f9-5fa3-470f-8d0e-e13f35ab755f',24.,1250.);
#1972= IFCPROPERTYSINGLEVALUE('Bolt count',$,IFCINTEGER(6),$);
#1973= IFCPROPERTYSINGLEVALUE('Bolt size',$,IFCLENGTHMEASURE(26.),$);
#1974= IFCPROPERTYSINGLEVALUE('Bolt length',$,IFCLENGTHMEASURE(1250.),$);
#1975= IFCPROPERTYSET('23Qzd1IEbCkwGgIk4yhkN0',#5,'Tekla Bolt','Bolt Properties',(#135,#776,#137,#138,#139,#140,#141,#142,#143,#778,#145,#1972,#1973,#1974,#781,#150));
#1976= IFCCOLOURRGB('Dark Blue',0.117647058823529,0.262745098039216,0.513725490196078);
#1977= IFCSURFACESTYLERENDERING(#1976,0.,$,$,$,$,IFCNORMALISEDRATIOMEASURE(0.00390625),IFCSPECULAREXPONENT(10.),.NOTDEFINED.);
#1978= IFCSURFACESTYLE('STEEL/S275',.POSITIVE.,(#1977));
#1979= IFCPRESENTATIONSTYLEASSIGNMENT((#1978));
#1980= IFCCARTESIANPOINT((11576.,115.,165.));
#1981= IFCCARTESIANPOINT((11566.,125.,175.));
#1982= IFCCARTESIANPOINT((11566.,-125.,175.));
#1983= IFCCARTESIANPOINT((11576.,-115.,165.));
#1984= IFCPOLYLOOP((#1980,#1981,#1982,#1983));
#1985= IFCFACEOUTERBOUND(#1984,.T.);
#1986= IFCFACE((#1985));
#1987= IFCCARTESIANPOINT((11566.,125.,-175.));
#1988= IFCCARTESIANPOINT((11576.,115.,-165.));
#1989= IFCCARTESIANPOINT((11576.,-115.,-165.));
#1990= IFCCARTESIANPOINT((11566.,-125.,-175.000042747422));
#1991= IFCPOLYLOOP((#1987,#1988,#1989,#1990));
#1992= IFCFACEOUTERBOUND(#1991,.T.);
#1993= IFCFACE((#1992));
#1994= IFCPOLYLOOP((#1988,#1987,#1981,#1980));
#1995= IFCFACEOUTERBOUND(#1994,.T.);
#1996= IFCFACE((#1995));
#1997= IFCPOLYLOOP((#1990,#1989,#1983,#1982));
#1998= IFCFACEOUTERBOUND(#1997,.T.);
#1999= IFCFACE((#1998));
#2000= IFCCARTESIANPOINT((10.,125.,175.));
#2001= IFCCARTESIANPOINT((0.,115.,165.));
#2002= IFCCARTESIANPOINT((0.,-115.,165.));
#2003= IFCCARTESIANPOINT((10.,-125.,175.));
#2004= IFCPOLYLOOP((#2000,#2001,#2002,#2003));
#2005= IFCFACEOUTERBOUND(#2004,.T.);
#2006= IFCFACE((#2005));
#2007= IFCCARTESIANPOINT((0.,115.,-165.));
#2008= IFCCARTESIANPOINT((10.,125.,-175.));
#2009= IFCCARTESIANPOINT((10.,-125.,-175.));
#2010= IFCCARTESIANPOINT((0.,-115.,-165.));
#2011= IFCPOLYLOOP((#2007,#2008,#2009,#2010));
#2012= IFCFACEOUTERBOUND(#2011,.T.);
#2013= IFCFACE((#2012));
#2014= IFCPOLYLOOP((#2008,#2007,#2001,#2000));
#2015= IFCFACEOUTERBOUND(#2014,.T.);
#2016= IFCFACE((#2015));
#2017= IFCPOLYLOOP((#2010,#2009,#2003,#2002));
#2018= IFCFACEOUTERBOUND(#2017,.T.);
#2019= IFCFACE((#2018));
#2020= IFCCARTESIANPOINT((8907.99386534146,115.,-150.010265655535));
#2021= IFCCARTESIANPOINT((8907.99386534146,125.,-150.010265655535));
#2022= IFCCARTESIANPOINT((9347.99794548107,125.,-150.001848415741));
#2023= IFCCARTESIANPOINT((9347.99794548107,115.,-150.001848415741));
#2024= IFCPOLYLOOP((#2020,#2021,#2022,#2023));
#2025= IFCFACEOUTERBOUND(#2024,.T.);
#2026= IFCFACE((#2025));
#2027= IFCCARTESIANPOINT((8832.99224660851,-125.,-175.));
#2028= IFCCARTESIANPOINT((8832.99224660851,125.,-175.));
#2029= IFCCARTESIANPOINT((8863.02489468548,115.,-165.));
#2030= IFCCARTESIANPOINT((8834.53553317107,115.020184963523,-174.48770621368));
#2031= IFCCARTESIANPOINT((8834.53712753094,-114.97981503062,-174.48770621368));
#2032= IFCCARTESIANPOINT((8863.02648904536,-114.979617542329,-165.000000000775));
#2033= IFCCARTESIANPOINT((8907.99386534146,-114.993848516871,-150.010265655535));
#2034= IFCCARTESIANPOINT((8907.99386534146,-125.,-150.010265655535));
#2035= IFCPOLYLOOP((#2027,#2028,#2021,#2020,#2029,#2030,#2031,#2032,#2033,#2034));
#2036= IFCFACEOUTERBOUND(#2035,.T.);
#2037= IFCFACE((#2036));
#2038= IFCCARTESIANPOINT((9347.99794548107,-114.993848587867,-150.001848415741));
#2039= IFCCARTESIANPOINT((9347.99794548107,-125.,-150.001848415741));
#2040= IFCPOLYLOOP((#2034,#2033,#2038,#2039));
#2041= IFCFACEOUTERBOUND(#2040,.T.);
#2042= IFCFACE((#2041));
#2043= IFCCARTESIANPOINT((9422.99291629905,-125.,-175.009203550053));
#2044= IFCCARTESIANPOINT((9392.93091915895,-115.,-165.));
#2045= IFCCARTESIANPOINT((9421.29614746684,-114.975747615139,-174.456424227625));
#2046= IFCCARTESIANPOINT((9421.29455310697,115.024252379004,-174.456424198339));
#2047= IFCCARTESIANPOINT((9392.92932479908,115.,-165.));
#2048= IFCCARTESIANPOINT((9422.99291629905,125.,-175.));
#2049= IFCPOLYLOOP((#2043,#2039,#2038,#2044,#2045,#2046,#2047,#2023,#2022,#2048));
#2050= IFCFACEOUTERBOUND(#2049,.T.);
#2051= IFCFACE((#2050));
#2052= IFCPOLYLOOP((#2043,#2048,#1987,#1990));
#2053= IFCFACEOUTERBOUND(#2052,.T.);
#2054= IFCFACE((#2053));
#2055= IFCPOLYLOOP((#2000,#2003,#1982,#1981));
#2056= IFCFACEOUTERBOUND(#2055,.T.);
#2057= IFCFACE((#2056));
#2058= IFCPOLYLOOP((#2028,#2027,#2009,#2008));
#2059= IFCFACEOUTERBOUND(#2058,.T.);
#2060= IFCFACE((#2059));
#2061= IFCPOLYLOOP((#2003,#2009,#2027,#2034,#2039,#2043,#1990,#1982));
#2062= IFCFACEOUTERBOUND(#2061,.T.);
#2063= IFCFACE((#2062));
#2064= IFCPOLYLOOP((#2048,#2022,#2021,#2028,#2008,#2000,#1981,#1987));
#2065= IFCFACEOUTERBOUND(#2064,.T.);
#2066= IFCFACE((#2065));
#2067= IFCCARTESIANPOINT((8831.37747171212,-115.,-165.));
#2068= IFCCARTESIANPOINT((8831.37587735225,115.,-165.));
#2069= IFCPOLYLOOP((#2007,#2010,#2067,#2068));
#2070= IFCFACEOUTERBOUND(#2069,.T.);
#2071= IFCFACE((#2070));
#2072= IFCPOLYLOOP((#2007,#2010,#2002,#2001));
#2073= IFCFACEOUTERBOUND(#2072,.T.);
#2074= IFCPOLYLOOP((#2001,#2002,#2010,#2007));
#2075= IFCFACEBOUND(#2074,.T.);
#2076= IFCFACE((#2073,#2075));
#2077= IFCPOLYLOOP((#2002,#2001,#1980,#1983));
#2078= IFCFACEOUTERBOUND(#2077,.T.);
#2079= IFCFACE((#2078));
#2080= IFCPOLYLOOP((#1989,#1988,#1980,#1983));
#2081= IFCFACEOUTERBOUND(#2080,.T.);
#2082= IFCPOLYLOOP((#1983,#1980,#1988,#1989));
#2083= IFCFACEBOUND(#2082,.T.);
#2084= IFCFACE((#2081,#2083));
#2085= IFCCARTESIANPOINT((9424.44787990852,115.,-165.));
#2086= IFCCARTESIANPOINT((9424.44947426839,-114.975725757471,-164.996307269932));
#2087= IFCPOLYLOOP((#1989,#1988,#2085,#2086));
#2088= IFCFACEOUTERBOUND(#2087,.T.);
#2089= IFCFACE((#2088));
#2090= IFCPOLYLOOP((#2086,#2045,#2044));
#2091= IFCFACEOUTERBOUND(#2090,.T.);
#2092= IFCFACE((#2091));
#2093= IFCPOLYLOOP((#2033,#2032,#2067,#2010,#2002,#1983,#1989,#2086,#2044,#2038));
#2094= IFCFACEOUTERBOUND(#2093,.T.);
#2095= IFCFACE((#2094));
#2096= IFCPOLYLOOP((#2067,#2032,#2031));
#2097= IFCFACEOUTERBOUND(#2096,.T.);
#2098= IFCFACE((#2097));
#2099= IFCPOLYLOOP((#2068,#2067,#2031,#2030));
#2100= IFCFACEOUTERBOUND(#2099,.T.);
#2101= IFCFACE((#2100));
#2102= IFCPOLYLOOP((#2068,#2030,#2029));
#2103= IFCFACEOUTERBOUND(#2102,.T.);
#2104= IFCFACE((#2103));
#2105= IFCPOLYLOOP((#2085,#1988,#1980,#2001,#2007,#2068,#2029,#2020,#2023,#2047));
#2106= IFCFACEOUTERBOUND(#2105,.T.);
#2107= IFCFACE((#2106));
#2108= IFCPOLYLOOP((#2085,#2047,#2046));
#2109= IFCFACEOUTERBOUND(#2108,.T.);
#2110= IFCFACE((#2109));
#2111= IFCPOLYLOOP((#2086,#2085,#2046,#2045));
#2112= IFCFACEOUTERBOUND(#2111,.T.);
#2113= IFCFACE((#2112));
#2114= IFCCLOSEDSHELL((#1986,#1993,#1996,#1999,#2006,#2013,#2016,#2019,#2026,#2037,#2042,#2051,#2054,#2057,#2060,#2063,#2066,#2071,#2076,#2079,#2084,#2089,#2092,#2095,#2098,#2101,#2104,#2107,#2110,#2113));
#2115= IFCFACETEDBREP(#2114);
#2116= IFCSTYLEDITEM(#2115,(#1979),$);
#2117= IFCSHAPEREPRESENTATION(#12,'Body','Brep',(#2115));
#2118= IFCPRODUCTDEFINITIONSHAPE($,$,(#2117));
#2119= IFCCARTESIANPOINT((3412.00823974607,30042.9957275391,16754.4243271434));
#2120= IFCAXIS2PLACEMENT3D(#2119,#8,#7);
#2121= IFCLOCALPLACEMENT(#42,#2120);
#2122= IFCBEAM('0OTfqfiTj8Xwm0mrF64Tzw',#44,'B2-\S\?\S\Z350x250x10','TUB350X250X10 ',$,#2121,#2118,'ID18769d29-b1db-4887-ac00-c353c611df7a');
#2123= IFCBEAMTYPE('2of0rPpRf9Jh7RIWbJFmtn',#5,'TUB350X250X10 ',$,$,$,$,$,$,.NOTDEFINED.);
#2124= IFCPROPERTYSINGLEVALUE('Preliminary mark',$,IFCLABEL('5-2-P109'),$);
#2125= IFCPROPERTYSINGLEVALUE('Class',$,IFCLABEL('4'),$);
#2126= IFCPROPERTYSET('1a5XgZ$8jDsRTCQIeXAIgS',#5,'Tekla Common','Common Properties to Shared building elements',(#1826,#1836,#1050,#2124,#1052,#2125));
#2127= IFCPROPERTYSINGLEVALUE('Weight',$,IFCMASSMEASURE(1040.6),$);
#2128= IFCPROPERTYSINGLEVALUE('Volume',$,IFCVOLUMEMEASURE(0.133),$);
#2129= IFCPROPERTYSINGLEVALUE('Gross footprint area',$,IFCAREAMEASURE(4.039),$);
#2130= IFCPROPERTYSINGLEVALUE('Area per tons',$,IFCAREAMEASURE(13.137),$);
#2131= IFCPROPERTYSINGLEVALUE('Net surface area',$,IFCAREAMEASURE(13.67),$);
#2132= IFCPROPERTYSINGLEVALUE('Width',$,IFCLENGTHMEASURE(250.),$);
#2133= IFCPROPERTYSINGLEVALUE('Length',$,IFCLENGTHMEASURE(11576.),$);
#2134= IFCPROPERTYSET('0AOHU6t6nATQurqeA7lqWR',#5,'Tekla Quantity','Quantity Properties to Shared building elements',(#2127,#2128,#2129,#2130,#2131,#1681,#2132,#2133));
#2135= IFCPROPERTYSINGLEVALUE('Reference',$,IFCIDENTIFIER('5-2-P109'),$);
#2136= IFCPROPERTYSET('0ypsVKY0D9JxLMUe0CgJbD',#5,'Pset_BeamCommon','Common Properties to beam elements',(#1064,#2135));
#2137= IFCQUANTITYLENGTH('Length',$,$,11576.);
#2138= IFCQUANTITYAREA('OuterSurfaceArea',$,$,13.6700006327976);
#2139= IFCQUANTITYVOLUME('NetVolume',$,$,0.132560008656218);
#2140= IFCQUANTITYWEIGHT('NetWeight',$,$,1040.59606795131);
#2141= IFCELEMENTQUANTITY('078Suf3tL7qQYYKYvZZNRb',#5,'BaseQuantities',$,$,(#2137,#2138,#2139,#2140));
#2142= IFCCARTESIANPOINT((4.44556462753098E-08,-5.00000000009459,229.999999999665));
#2143= IFCCARTESIANPOINT((4.44579200120643E-08,4.99999999991996,229.999999999673));
#2144= IFCPOLYLOOP((#1188,#2142,#2143,#1191));
#2145= IFCFACEOUTERBOUND(#2144,.T.);
#2146= IFCFACE((#2145));
#2147= IFCCARTESIANPOINT((80.5261601947172,4.99999999977445,229.999999999527));
#2148= IFCCARTESIANPOINT((80.5261601982966,4.99999999985812,-1.23691279441118E-10));
#2149= IFCPOLYLOOP((#1191,#2143,#2147,#2148));
#2150= IFCFACEOUTERBOUND(#2149,.T.);
#2151= IFCFACE((#2150));
#2152= IFCCARTESIANPOINT((77.2163672742172,-5.00000000015643,-1.2732925824821E-10));
#2153= IFCPOLYLOOP((#1188,#1191,#2148,#2152));
#2154= IFCFACEOUTERBOUND(#2153,.T.);
#2155= IFCFACE((#2154));
#2156= IFCCARTESIANPOINT((77.2163672706379,-5.00000000024011,229.999999999527));
#2157= IFCPOLYLOOP((#2142,#1188,#2152,#2156));
#2158= IFCFACEOUTERBOUND(#2157,.T.);
#2159= IFCFACE((#2158));
#2160= IFCPOLYLOOP((#2143,#2142,#2156,#2147));
#2161= IFCFACEOUTERBOUND(#2160,.T.);
#2162= IFCFACE((#2161));
#2163= IFCPOLYLOOP((#2152,#2148,#2147,#2156));
#2164= IFCFACEOUTERBOUND(#2163,.T.);
#2165= IFCFACE((#2164));
#2166= IFCCLOSEDSHELL((#2146,#2151,#2155,#2159,#2162,#2165));
#2167= IFCFACETEDBREP(#2166);
#2168= IFCSTYLEDITEM(#2167,(#850),$);
#2169= IFCSHAPEREPRESENTATION(#12,'Body','Brep',(#2167));
#2170= IFCPRODUCTDEFINITIONSHAPE($,$,(#2169));
#2171= IFCCARTESIANPOINT((12834.8868131293,29873.2526034155,16869.4000637906));
#2172= IFCDIRECTION((-6.9320124348451E-06,4.11455403082073E-12,-0.999999999975974));
#2173= IFCDIRECTION((-0.949363373217362,0.314180180071948,6.58100000138638E-06));
#2174= IFCAXIS2PLACEMENT3D(#2171,#2172,#2173);
#2175= IFCLOCALPLACEMENT(#42,#2174);
#2176= IFCPLATE('1x6Ho6$19EQeXrHYKYk3Cs',#353,'PLATE-10','PL10*80.5',$,#2175,#2170,'ID7b191c86-fc12-4e6a-8875-462522b83336');
#2177= IFCPLATETYPE('1zQ_aI50z0RfY5EwiJYBzI',#5,'PL10*80.5',$,$,$,$,$,$,.NOTDEFINED.);
#2178= IFCPROPERTYSINGLEVALUE('Preliminary mark',$,IFCLABEL('5-2-P111'),$);
#2179= IFCPROPERTYSET('03TFNeLPr8Ev2Ketr97s8a',#5,'Tekla Common','Common Properties to Shared building elements',(#1844,#1845,#1050,#2178,#1052,#1053));
#2180= IFCPROPERTYSINGLEVALUE('Weight',$,IFCMASSMEASURE(1.42),$);
#2181= IFCPROPERTYSINGLEVALUE('Area per tons',$,IFCAREAMEASURE(29.902),$);
#2182= IFCPROPERTYSINGLEVALUE('Net surface area',$,IFCAREAMEASURE(0.043),$);
#2183= IFCPROPERTYSINGLEVALUE('Height',$,IFCLENGTHMEASURE(80.5),$);
#2184= IFCPROPERTYSET('2vZbZTIyP01OijPet9h1AL',#5,'Tekla Quantity','Quantity Properties to Shared building elements',(#2180,#1056,#1169,#2181,#2182,#2183,#1061,#1480));
#2185= IFCPROPERTYSINGLEVALUE('Reference',$,IFCIDENTIFIER('5-2-P111'),$);
#2186= IFCPROPERTYSET('0$LDn5OoPB8eIMQFQOUmpL',#5,'Pset_PlateCommon','Common Properties to plate elements',(#1064,#2185));
#2187= IFCQUANTITYLENGTH('Width',$,$,80.5261601983151);
#2188= IFCQUANTITYAREA('NetArea',$,$,0.0425809127495002);
#2189= IFCQUANTITYAREA('GrossArea',$,$,0.0185210168467834);
#2190= IFCQUANTITYVOLUME('NetVolume',$,$,0.000181403906538107);
#2191= IFCQUANTITYVOLUME('GrossVolume',$,$,0.000198568795725128);
#2192= IFCELEMENTQUANTITY('3I_Burm5LFYv6$_7yNtkvf',#5,'BaseQuantities',$,$,(#2187,#2188,#2189,#1070,#2190,#2191));
#2193= IFCCARTESIANPOINT((424.002441406386,-4.99999999927968,229.999999999138));
#2194= IFCCARTESIANPOINT((424.002441406388,5.00000000072032,229.999999999123));
#2195= IFCPOLYLOOP((#2142,#2193,#2194,#2143));
#2196= IFCFACEOUTERBOUND(#2195,.T.);
#2197= IFCFACE((#2196));
#2198= IFCCARTESIANPOINT((424.002441406514,-4.99999999928332,-2.25554686039686E-10));
#2199= IFCCARTESIANPOINT((424.002441406516,5.00000000072032,-2.40106601268053E-10));
#2200= IFCPOLYLOOP((#2193,#2198,#2199,#2194));
#2201= IFCFACEOUTERBOUND(#2200,.T.);
#2202= IFCFACE((#2201));
#2203= IFCPOLYLOOP((#2198,#1188,#1191,#2199));
#2204= IFCFACEOUTERBOUND(#2203,.T.);
#2205= IFCFACE((#2204));
#2206= IFCPOLYLOOP((#2194,#2199,#1191,#2143));
#2207= IFCFACEOUTERBOUND(#2206,.T.);
#2208= IFCFACE((#2207));
#2209= IFCPOLYLOOP((#2198,#2193,#2142,#1188));
#2210= IFCFACEOUTERBOUND(#2209,.T.);
#2211= IFCFACE((#2210));
#2212= IFCCLOSEDSHELL((#2146,#2197,#2202,#2205,#2208,#2211));
#2213= IFCFACETEDBREP(#2212);
#2214= IFCSTYLEDITEM(#2213,(#850),$);
#2215= IFCSHAPEREPRESENTATION(#12,'Body','Brep',(#2213));
#2216= IFCPRODUCTDEFINITIONSHAPE($,$,(#2215));
#2217= IFCCARTESIANPOINT((12752.0095147437,29897.9702756131,16869.4243271434));
#2218= IFCDIRECTION((-0.999999999975729,7.00000003915673E-07,6.93200000009241E-06));
#2219= IFCAXIS2PLACEMENT3D(#2217,#2172,#2218);
#2220= IFCLOCALPLACEMENT(#42,#2219);
#2221= IFCPLATE('1B01UG2XH48gQJHn6nEWUI',#353,'PLATE-10','PL10*230',$,#2220,#2216,'ID4b001790-0a14-4422-a693-4711b13a0792');
#2222= IFCPLATETYPE('29Jqhp_ef40P4VwyBLH5$W',#5,'PL10*230',$,$,$,$,$,$,.NOTDEFINED.);
#2223= IFCPROPERTYSINGLEVALUE('Preliminary mark',$,IFCLABEL('5-2-P89'),$);
#2224= IFCPROPERTYSET('2ySSS6q852mfRWXqRrKa$v',#5,'Tekla Common','Common Properties to Shared building elements',(#1844,#1845,#1050,#2223,#1052,#1053));
#2225= IFCPROPERTYSINGLEVALUE('Weight',$,IFCMASSMEASURE(7.66),$);
#2226= IFCPROPERTYSINGLEVALUE('Area per tons',$,IFCAREAMEASURE(27.186),$);
#2227= IFCPROPERTYSINGLEVALUE('Net surface area',$,IFCAREAMEASURE(0.208),$);
#2228= IFCPROPERTYSINGLEVALUE('Height',$,IFCLENGTHMEASURE(230.),$);
#2229= IFCPROPERTYSINGLEVALUE('Length',$,IFCLENGTHMEASURE(424.),$);
#2230= IFCPROPERTYSET('2Ac5KqEh17whylwUpUS8gw',#5,'Tekla Quantity','Quantity Properties to Shared building elements',(#2225,#1329,#1330,#2226,#2227,#2228,#1061,#2229));
#2231= IFCPROPERTYSINGLEVALUE('Reference',$,IFCIDENTIFIER('5-2-P89'),$);
#2232= IFCPROPERTYSET('1C0$dBB0r2pwJQ92CEuXaR',#5,'Pset_PlateCommon','Common Properties to plate elements',(#1064,#2231));
#2233= IFCQUANTITYLENGTH('Width',$,$,230.);
#2234= IFCQUANTITYAREA('NetArea',$,$,0.208121171874937);
#2235= IFCQUANTITYAREA('GrossArea',$,$,0.0975205615235044);
#2236= IFCQUANTITYVOLUME('NetVolume',$,$,0.000975205615234062);
#2237= IFCQUANTITYVOLUME('GrossVolume',$,$,0.000975205615234062);
#2238= IFCELEMENTQUANTITY('1Td1emAefDb9lX0AUPdIIf',#5,'BaseQuantities',$,$,(#2233,#2234,#2235,#1070,#2236,#2237));
#2239= IFCCARTESIANPOINT((80.7581544493223,-4.99999999957436,229.999999999665));
#2240= IFCCARTESIANPOINT((77.4283038116846,5.00000000042201,229.999999999673));
#2241= IFCPOLYLOOP((#2143,#2142,#2239,#2240));
#2242= IFCFACEOUTERBOUND(#2241,.T.);
#2243= IFCFACE((#2242));
#2244= IFCCARTESIANPOINT((77.4283037837704,5.00000000011642,2.18278728425503E-11));
#2245= IFCPOLYLOOP((#1191,#2143,#2240,#2244));
#2246= IFCFACEOUTERBOUND(#2245,.T.);
#2247= IFCFACE((#2246));
#2248= IFCCARTESIANPOINT((80.7581544214045,-4.99999999988358,1.45519152283669E-11));
#2249= IFCPOLYLOOP((#1188,#1191,#2244,#2248));
#2250= IFCFACEOUTERBOUND(#2249,.T.);
#2251= IFCFACE((#2250));
#2252= IFCPOLYLOOP((#2142,#1188,#2248,#2239));
#2253= IFCFACEOUTERBOUND(#2252,.T.);
#2254= IFCFACE((#2253));
#2255= IFCPOLYLOOP((#2244,#2240,#2239,#2248));
#2256= IFCFACEOUTERBOUND(#2255,.T.);
#2257= IFCFACE((#2256));
#2258= IFCCLOSEDSHELL((#2146,#2243,#2247,#2251,#2254,#2257));
#2259= IFCFACETEDBREP(#2258);
#2260= IFCSTYLEDITEM(#2259,(#850),$);
#2261= IFCSHAPEREPRESENTATION(#12,'Body','Brep',(#2259));
#2262= IFCPRODUCTDEFINITIONSHAPE($,$,(#2261));
#2263= IFCCARTESIANPOINT((12244.9655395515,29873.2518742595,16869.4278420654));
#2264= IFCDIRECTION((0.948770652404004,0.315965582134546,-6.57699998192901E-06));
#2265= IFCAXIS2PLACEMENT3D(#2263,#2172,#2264);
#2266= IFCLOCALPLACEMENT(#42,#2265);
#2267= IFCPLATE('3hbf0FGZr7yQuKo53zOkRz',#353,'PLATE-10','PL10*80.8',$,#2266,#2262,'IDeb96900f-423d-47f1-ae14-c850fd62e6fd');
#2268= IFCPLATETYPE('1rwMSBXij6MvTefEuks9bp',#5,'PL10*80.8',$,$,$,$,$,$,.NOTDEFINED.);
#2269= IFCPROPERTYSINGLEVALUE('Weight',$,IFCMASSMEASURE(1.43),$);
#2270= IFCPROPERTYSINGLEVALUE('Area per tons',$,IFCAREAMEASURE(29.894),$);
#2271= IFCPROPERTYSINGLEVALUE('Height',$,IFCLENGTHMEASURE(80.8),$);
#2272= IFCPROPERTYSET('0XiuFNE8D2yQq$mFSVLf_E',#5,'Tekla Quantity','Quantity Properties to Shared building elements',(#2269,#1056,#1169,#2270,#2182,#2271,#1061,#1480));
#2273= IFCQUANTITYLENGTH('Width',$,$,80.7581544269817);
#2274= IFCQUANTITYAREA('NetArea',$,$,0.0426889096577528);
#2275= IFCQUANTITYAREA('GrossArea',$,$,0.0185743755187817);
#2276= IFCQUANTITYVOLUME('NetVolume',$,$,0.000181914426942545);
#2277= IFCQUANTITYVOLUME('GrossVolume',$,$,0.000197478369877628);
#2278= IFCELEMENTQUANTITY('3qwbZtu9P0KwL_F1Vlb_6i',#5,'BaseQuantities',$,$,(#2273,#2274,#2275,#1070,#2276,#2277));
#2279= IFCCOLOURRGB('Light Green',0.356862745098039,0.592156862745098,0.137254901960784);
#2280= IFCSURFACESTYLERENDERING(#2279,0.,$,$,$,$,IFCNORMALISEDRATIOMEASURE(0.00390625),IFCSPECULAREXPONENT(10.),.NOTDEFINED.);
#2281= IFCSURFACESTYLE('STEEL/S275',.POSITIVE.,(#2280));
#2282= IFCPRESENTATIONSTYLEASSIGNMENT((#2281));
#2283= IFCCARTESIANPOINT((-7.27595761418343E-12,-3.99999999999818,-1.09139364212751E-11));
#2284= IFCCARTESIANPOINT((-6.73026079311967E-10,-3.99999999987631,229.999999999658));
#2285= IFCCARTESIANPOINT((-6.62112142890692E-10,4.00000000012551,229.999999999669));
#2286= IFCCARTESIANPOINT((3.63797880709171E-12,4.,0.));
#2287= IFCPOLYLOOP((#2283,#2284,#2285,#2286));
#2288= IFCFACEOUTERBOUND(#2287,.T.);
#2289= IFCFACE((#2288));
#2290= IFCCARTESIANPOINT((315.025146484604,-3.99999999968713,229.999999999658));
#2291= IFCCARTESIANPOINT((315.025146484615,4.00000000031469,229.999999999669));
#2292= IFCPOLYLOOP((#2284,#2290,#2291,#2285));
#2293= IFCFACEOUTERBOUND(#2292,.T.);
#2294= IFCFACE((#2293));
#2295= IFCCARTESIANPOINT((315.025146484826,-3.99999999981083,-3.16504156216979E-10));
#2296= IFCCARTESIANPOINT((315.025146484837,4.00000000018917,-3.05590219795704E-10));
#2297= IFCPOLYLOOP((#2290,#2295,#2296,#2291));
#2298= IFCFACEOUTERBOUND(#2297,.T.);
#2299= IFCFACE((#2298));
#2300= IFCPOLYLOOP((#2295,#2283,#2286,#2296));
#2301= IFCFACEOUTERBOUND(#2300,.T.);
#2302= IFCFACE((#2301));
#2303= IFCPOLYLOOP((#2291,#2296,#2286,#2285));
#2304= IFCFACEOUTERBOUND(#2303,.T.);
#2305= IFCFACE((#2304));
#2306= IFCPOLYLOOP((#2295,#2290,#2284,#2283));
#2307= IFCFACEOUTERBOUND(#2306,.T.);
#2308= IFCFACE((#2307));
#2309= IFCCLOSEDSHELL((#2289,#2294,#2299,#2302,#2305,#2308));
#2310= IFCFACETEDBREP(#2309);
#2311= IFCSTYLEDITEM(#2310,(#2282),$);
#2312= IFCSHAPEREPRESENTATION(#12,'Body','Brep',(#2310));
#2313= IFCPRODUCTDEFINITIONSHAPE($,$,(#2312));
#2314= IFCCARTESIANPOINT((12324.0070698524,29892.9704241015,16869.4272941378));
#2315= IFCDIRECTION((-3.71220000112323E-05,0.999999999310979,0.));
#2316= IFCAXIS2PLACEMENT3D(#2314,#2172,#2315);
#2317= IFCLOCALPLACEMENT(#42,#2316);
#2318= IFCPLATE('0UJfCU6R1AAglBBjhkah$v',#1282,'PLATE-8','PL8*230',$,#2317,#2313,'ID1e4e931e-19b0-4a2a-abcb-2edaee92bff9');
#2319= IFCPLATETYPE('3$1ZvNW6nCbvzPJ2dmiS1O',#5,'PL8*230',$,$,$,$,$,$,.NOTDEFINED.);
#2320= IFCPROPERTYSINGLEVALUE('Preliminary mark',$,IFCLABEL('5-2-P75'),$);
#2321= IFCPROPERTYSINGLEVALUE('Class',$,IFCLABEL('17'),$);
#2322= IFCPROPERTYSET('0lE4jv4AD2kAb2mSHHS_q4',#5,'Tekla Common','Common Properties to Shared building elements',(#1844,#1845,#1050,#2320,#1052,#2321));
#2323= IFCPROPERTYSINGLEVALUE('Weight',$,IFCMASSMEASURE(4.55),$);
#2324= IFCPROPERTYSINGLEVALUE('Gross footprint area',$,IFCAREAMEASURE(0.003),$);
#2325= IFCPROPERTYSINGLEVALUE('Area per tons',$,IFCAREAMEASURE(33.764),$);
#2326= IFCPROPERTYSINGLEVALUE('Net surface area',$,IFCAREAMEASURE(0.154),$);
#2327= IFCPROPERTYSINGLEVALUE('Width',$,IFCLENGTHMEASURE(8.),$);
#2328= IFCPROPERTYSINGLEVALUE('Length',$,IFCLENGTHMEASURE(315.),$);
#2329= IFCPROPERTYSET('2O6JyrCOPBM8I4$J6RVV78',#5,'Tekla Quantity','Quantity Properties to Shared building elements',(#2323,#1329,#2324,#2325,#2326,#2228,#2327,#2328));
#2330= IFCPROPERTYSINGLEVALUE('Reference',$,IFCIDENTIFIER('5-2-P75'),$);
#2331= IFCPROPERTYSET('0kK0HNnnbBuBEIS8t2u92P',#5,'Pset_PlateCommon','Common Properties to plate elements',(#1064,#2330));
#2332= IFCQUANTITYLENGTH('Width',$,$,230.000000000306);
#2333= IFCQUANTITYAREA('NetArea',$,$,0.153631969726767);
#2334= IFCQUANTITYAREA('GrossArea',$,$,0.0724557836916046);
#2335= IFCQUANTITYAREA('CrossSectionArea',$,$,6.4E-05);
#2336= IFCQUANTITYVOLUME('NetVolume',$,$,0.000579646269532043);
#2337= IFCQUANTITYVOLUME('GrossVolume',$,$,0.000579646269532043);
#2338= IFCELEMENTQUANTITY('0UTr04_Tn7rwQWAa2BMkv3',#5,'BaseQuantities',$,$,(#2332,#2333,#2334,#2335,#2336,#2337));
#2339= IFCSHAPEREPRESENTATION(#12,'Body','Brep',(#2310));
#2340= IFCPRODUCTDEFINITIONSHAPE($,$,(#2339));
#2341= IFCCARTESIANPOINT((12756.0095112444,29892.9704241017,16869.4242994165));
#2342= IFCAXIS2PLACEMENT3D(#2341,#2172,#2315);
#2343= IFCLOCALPLACEMENT(#42,#2342);
#2344= IFCPLATE('0m$2Oy26z3nPcHRr9fGTRC',#1282,'PLATE-8','PL8*230',$,#2343,#2340,'ID30fc263c-086f-43c5-9991-6f526941d6cc');
#2345= IFCRELAGGREGATES('3eCkmKYWLDeeihRZUeRIG9',#5,$,$,#37,(#39));
#2346= IFCRELAGGREGATES('0KIwZZ03TBReECRvavOvP4',#5,$,$,#39,(#41));
#2347= IFCRELAGGREGATES('0RjBmEW$f489hwQGMgj2oC',#5,$,$,#41,(#43));
#2348= IFCRELCONTAINEDINSPATIALSTRUCTURE('3sdrpCvY5FxwGjtPVuklN8',#5,$,$,(#2344,#2318,#2267,#2221,#2176,#2122,#1971,#1871,#1864,#1855,#1843,#1834,#1825,#1816,#1807,#1801,#1792,#1786,#1779,#1770,#1764,#1757,#1750,#1743,#1736,#1729,#1722,#1715,#1708,#1701,#1671,#1628,#1578,#1539,#1470,#1321,#1281,#1267,#1187,#1162,#1124,#1102,#1046,#846,#839,#832,#825,#818,#811,#804,#797,#790,#774,#352,#343,#334,#325,#316,#307,#298,#287,#207,#200,#193,#186,#179,#170,#161,#133),#43);
#2349= IFCRELDEFINESBYPROPERTIES('3s5Fexj2X2hRG84a7iS37N',#5,$,$,(#207,#200,#193,#186,#179,#170,#161,#133),#151);
#2350= IFCRELDEFINESBYPROPERTIES('2jTm37TMD0F8QB6$gbpolb',#5,$,$,(#352,#343,#334,#325,#316,#307,#298,#287),#289);
#2351= IFCRELDEFINESBYPROPERTIES('3DEgIl2V10nhh1tbppXRRo',#5,$,$,(#1764,#1757,#1750,#1743,#1736,#1729,#1722,#1715,#1708,#1701,#846,#839,#832,#825,#818,#811,#804,#797,#790,#774),#782);
#2352= IFCRELDEFINESBYPROPERTIES('0s$i37eWb3HeXmpJ06eoGl',#5,$,$,(#1046),#1054);
#2353= IFCRELDEFINESBYPROPERTIES('1LBAY7_AzFHx2PhabdOVW8',#5,$,$,(#1770,#1046),#1063);
#2354= IFCRELDEFINESBYPROPERTIES('1eQkWWcdz37vDQcRJMPpo$',#5,$,$,(#1770,#1046),#1066);
#2355= IFCRELDEFINESBYPROPERTIES('2JLanic7vDKxxqknp5GGGD',#5,$,$,(#1770,#1046),#1073);
#2356= IFCRELDEFINESBYPROPERTIES('1po7qAKADAhwHQcbQWw5yU',#5,$,$,(#1124,#1102),#1105);
#2357= IFCRELDEFINESBYPROPERTIES('1RKRQ6PgH6lxaQoeOZGQI6',#5,$,$,(#1786,#1779,#1124,#1102),#1110);
#2358= IFCRELDEFINESBYPROPERTIES('2ecLOgq2n2Af8hqWtFcI12',#5,$,$,(#1786,#1779,#1124,#1102),#1112);
#2359= IFCRELDEFINESBYPROPERTIES('2J_9K40CTFUw8lDQO$UHkH',#5,$,$,(#1786,#1779,#1124,#1102),#1118);
#2360= IFCRELDEFINESBYPROPERTIES('3LhDIFTmn5wuUBgchLJIMT',#5,$,$,(#1187,#1162),#1167);
#2361= IFCRELDEFINESBYPROPERTIES('1MTFSKtCHARfwFwtvVCjF9',#5,$,$,(#1816,#1807,#1801,#1792,#1281,#1267,#1187,#1162),#1173);
#2362= IFCRELDEFINESBYPROPERTIES('3BYHmOMKD3YPaaReiT_KGU',#5,$,$,(#1816,#1807,#1801,#1792,#1281,#1267,#1187,#1162),#1175);
#2363= IFCRELDEFINESBYPROPERTIES('02rKZjJg1BkgLKLY6yP2eW',#5,$,$,(#1801,#1792,#1187,#1162),#1181);
#2364= IFCRELDEFINESBYPROPERTIES('1ijFh5MVX89A_ppVWFUIkh',#5,$,$,(#1281,#1267),#1270);
#2365= IFCRELDEFINESBYPROPERTIES('0U69_ZSG54Neei48id57z8',#5,$,$,(#1816,#1807,#1281,#1267),#1275);
#2366= IFCRELDEFINESBYPROPERTIES('3ZrHw_qxHCVhX2gQPFK2N3',#5,$,$,(#1321),#1327);
#2367= IFCRELDEFINESBYPROPERTIES('1avnFam8LATwSFuoOO1syu',#5,$,$,(#1864,#1321),#1336);
#2368= IFCRELDEFINESBYPROPERTIES('2WwfH_JeT3tfU7MAqh0jcK',#5,$,$,(#1864,#1321),#1338);
#2369= IFCRELDEFINESBYPROPERTIES('0Ecokx10v4uQAJ_b3pX$hJ',#5,$,$,(#1864,#1321),#1345);
#2370= IFCRELDEFINESBYPROPERTIES('1JB49qUEr2cxngdKMnpuO4',#5,$,$,(#1539,#1470),#1475);
#2371= IFCRELDEFINESBYPROPERTIES('2FIbd6JOX2ZQiampqx78Vw',#5,$,$,(#1855,#1843,#1539,#1470),#1481);
#2372= IFCRELDEFINESBYPROPERTIES('3fkvmWK4T3LxSyBOwT8wTr',#5,$,$,(#1855,#1843,#1539,#1470),#1483);
#2373= IFCRELDEFINESBYPROPERTIES('0DGmz$BXz5lgPlpt8UWPz4',#5,$,$,(#1470),#1489);
#2374= IFCRELDEFINESBYPROPERTIES('0SqmB5BY9ETfjPw6B4KTe_',#5,$,$,(#1539),#1544);
#2375= IFCRELDEFINESBYPROPERTIES('2dcDC1pCjESgEAzAiK2Ub4',#5,$,$,(#1578),#1581);
#2376= IFCRELDEFINESBYPROPERTIES('0PbuwA41T1NwzXppmV30qf',#5,$,$,(#1834,#1825,#1628,#1578),#1586);
#2377= IFCRELDEFINESBYPROPERTIES('2cpTmemKjBxe4TKZF29Rol',#5,$,$,(#1834,#1825,#1628,#1578),#1588);
#2378= IFCRELDEFINESBYPROPERTIES('3UXep$Uif9Sx6XnIs505Dz',#5,$,$,(#1834,#1825,#1578),#1594);
#2379= IFCRELDEFINESBYPROPERTIES('3VZ4YrJvP5IwtDhNGLtT65',#5,$,$,(#1628),#1630);
#2380= IFCRELDEFINESBYPROPERTIES('1KXhgKCd9AMQxahox7a_6F',#5,$,$,(#1628),#1632);
#2381= IFCRELDEFINESBYPROPERTIES('31SfB08Gr1IOmpAyOuVjQ7',#5,$,$,(#1671),#1675);
#2382= IFCRELDEFINESBYPROPERTIES('0jia8s_DjA3u7ezYThkmd1',#5,$,$,(#1871,#1671),#1684);
#2383= IFCRELDEFINESBYPROPERTIES('1v4Gpu_Df6Q9ggWr$L$Aaw',#5,$,$,(#1871,#1671),#1686);
#2384= IFCRELDEFINESBYPROPERTIES('3OwUGm3gP1_Pb9yR6ZdPBY',#5,$,$,(#1671),#1693);
#2385= IFCRELDEFINESBYPROPERTIES('03XxZyN_fETg7MyePz3pmE',#5,$,$,(#1770),#1773);
#2386= IFCRELDEFINESBYPROPERTIES('0IVYZupWz8ZQJQhNn8QATn',#5,$,$,(#1786,#1779),#1780);
#2387= IFCRELDEFINESBYPROPERTIES('2bsuaaGgjBHObVm3usZBpt',#5,$,$,(#1801,#1792),#1795);
#2388= IFCRELDEFINESBYPROPERTIES('3aAn44YNz8R9mTElsyqraN',#5,$,$,(#1816,#1807),#1810);
#2389= IFCRELDEFINESBYPROPERTIES('1H8MiQVmj8ohVFoyeaX$y8',#5,$,$,(#1825),#1828);
#2390= IFCRELDEFINESBYPROPERTIES('0TOO0mkYXBcxVavwjns7Ia',#5,$,$,(#1834),#1837);
#2391= IFCRELDEFINESBYPROPERTIES('0FWO4zFrT5ueKs7t1xqsuL',#5,$,$,(#1855,#1843),#1846);
#2392= IFCRELDEFINESBYPROPERTIES('1JLnuEI0X7PRMG7XQOyU5y',#5,$,$,(#1843),#1849);
#2393= IFCRELDEFINESBYPROPERTIES('1davpxHCfB9gCXzG5nfDC_',#5,$,$,(#1855),#1858);
#2394= IFCRELDEFINESBYPROPERTIES('1lS4RJQhTEKP0hsfvGzeVb',#5,$,$,(#1864),#1865);
#2395= IFCRELDEFINESBYPROPERTIES('1nYLVzSvPDShqTM7J$17Jg',#5,$,$,(#1871),#1872);
#2396= IFCRELDEFINESBYPROPERTIES('35jBQcW9T4_hwApcYzcRy2',#5,$,$,(#1871),#1874);
#2397= IFCRELDEFINESBYPROPERTIES('2oW4Y9Rdz6WQdTgxxXiNRG',#5,$,$,(#1971),#1975);
#2398= IFCRELDEFINESBYPROPERTIES('3jb9Y5KsP1KOOTPOorK82b',#5,$,$,(#2122),#2126);
#2399= IFCRELDEFINESBYPROPERTIES('2q1VFwzvLEphuC9ZUnfesg',#5,$,$,(#2122),#2134);
#2400= IFCRELDEFINESBYPROPERTIES('2kR9RdFJDBD8wokiFWJNhv',#5,$,$,(#2122),#2136);
#2401= IFCRELDEFINESBYPROPERTIES('0YIWvvL9T33QIVBSOt0TqU',#5,$,$,(#2122),#2141);
#2402= IFCRELDEFINESBYPROPERTIES('0tADl1sw987wspUcFigura',#5,$,$,(#2267,#2176),#2179);
#2403= IFCRELDEFINESBYPROPERTIES('3tVXg$01116OyRAzsOgJ5I',#5,$,$,(#2176),#2184);
#2404= IFCRELDEFINESBYPROPERTIES('0AcpNaO4fDqQ8h2N2QmvnJ',#5,$,$,(#2267,#2176),#2186);
#2405= IFCRELDEFINESBYPROPERTIES('14kkYM9Cb0_9Ee$5Yrciep',#5,$,$,(#2176),#2192);
#2406= IFCRELDEFINESBYPROPERTIES('1Ll5l3w_PEhepE$pYWwevM',#5,$,$,(#2221),#2224);
#2407= IFCRELDEFINESBYPROPERTIES('25Jw$KO3T1wuY9QAO4cZsU',#5,$,$,(#2221),#2230);
#2408= IFCRELDEFINESBYPROPERTIES('0T2zjmUgz6_BMhfH4007J5',#5,$,$,(#2221),#2232);
#2409= IFCRELDEFINESBYPROPERTIES('0MRsGuE3P8KfDjfnoD62tH',#5,$,$,(#2221),#2238);
#2410= IFCRELDEFINESBYPROPERTIES('37uVWF44vDnhgt6gK3frop',#5,$,$,(#2267),#2272);
#2411= IFCRELDEFINESBYPROPERTIES('2lPKRaX852dfZlanswx3HE',#5,$,$,(#2267),#2278);
#2412= IFCRELDEFINESBYPROPERTIES('0pkg5lRjDB2BoREyh2bnVs',#5,$,$,(#2344,#2318),#2322);
#2413= IFCRELDEFINESBYPROPERTIES('0QlCH$im1EYgLYcZBtn8e9',#5,$,$,(#2344,#2318),#2329);
#2414= IFCRELDEFINESBYPROPERTIES('1u0fdRZjv3gPz4ZQhDuXvK',#5,$,$,(#2344,#2318),#2331);
#2415= IFCRELDEFINESBYPROPERTIES('3M1wIOS3P2tRL761vVpOC_',#5,$,$,(#2344,#2318),#2338);
#2416= IFCRELDEFINESBYTYPE('0f57wqU6b2SxzfOwnVMmuw',#5,$,$,(#1971,#1764,#1757,#1750,#1743,#1736,#1729,#1722,#1715,#1708,#1701,#846,#839,#832,#825,#818,#811,#804,#797,#790,#774,#352,#343,#334,#325,#316,#307,#298,#287,#207,#200,#193,#186,#179,#170,#161,#133),#134);
#2417= IFCRELDEFINESBYTYPE('0gr8uodTD9dwrcskY8z_Gc',#5,$,$,(#1770,#1046),#1047);
#2418= IFCRELDEFINESBYTYPE('2DRpoJV1jC4OBYUhKtHybM',#5,$,$,(#1786,#1779,#1124,#1102),#1103);
#2419= IFCRELDEFINESBYTYPE('3TzeCJeODD4PyWnGgchFto',#5,$,$,(#1816,#1807,#1801,#1792,#1281,#1267,#1187,#1162),#1163);
#2420= IFCRELDEFINESBYTYPE('2yXi4xUEf509Bkm2bUwppF',#5,$,$,(#1864,#1321),#1322);
#2421= IFCRELDEFINESBYTYPE('3AIp9tjk92FQpiAjjyfM$t',#5,$,$,(#1855,#1843,#1834,#1825,#1628,#1578,#1539,#1470),#1471);
#2422= IFCRELDEFINESBYTYPE('2zzOcMvkv3LAjOIXxlKCPa',#5,$,$,(#1871,#1671),#1672);
#2423= IFCRELDEFINESBYTYPE('3d1quU8A92$8f1W7v7dDQB',#5,$,$,(#2122),#2123);
#2424= IFCRELDEFINESBYTYPE('1ySl7QoZPElQRwv09MBrlm',#5,$,$,(#2176),#2177);
#2425= IFCRELDEFINESBYTYPE('1_e6HdWmPDkgn$i3N1NBro',#5,$,$,(#2221),#2222);
#2426= IFCRELDEFINESBYTYPE('07ZR4cuJ1Apg0J3EmFhAd7',#5,$,$,(#2267),#2268);
#2427= IFCRELDEFINESBYTYPE('2izIrnW4n95RYIoVX4H_WN',#5,$,$,(#2344,#2318),#2319);
#2428= IFCRELASSOCIATESMATERIAL('0DcvFWWCP8AA4cfyxeZP9J',#5,$,$,(#352,#343,#334,#325,#316,#307,#298,#287,#207,#200,#193,#186,#179,#170,#161,#133),#152);
#2429= IFCRELASSOCIATESMATERIAL('2WnmEwU8bDSwEGtdJXe8VY',#5,$,$,(#1971,#1764,#1757,#1750,#1743,#1736,#1729,#1722,#1715,#1708,#1701,#846,#839,#832,#825,#818,#811,#804,#797,#790,#774),#783);
#2430= IFCRELASSOCIATESMATERIAL('1oO76KIXT6zPNwyzYsbccY',#5,$,$,(#2344,#2318,#2267,#2221,#2176,#2122,#1871,#1864,#1855,#1843,#1834,#1825,#1816,#1807,#1801,#1792,#1786,#1779,#1770,#1671,#1628,#1578,#1539,#1470,#1321,#1281,#1267,#1187,#1162,#1124,#1102,#1046),#1074);
#2431= IFCPRESENTATIONLAYERASSIGNMENT('BoltArray',$,(#126,#154,#163,#172,#181,#188,#195,#202,#280,#291,#300,#309,#318,#327,#336,#345,#767,#785,#792,#799,#806,#813,#820,#827,#834,#841,#1695,#1703,#1710,#1717,#1724,#1731,#1738,#1745,#1752,#1759,#1964),$);
#2432= IFCPRESENTATIONLAYERASSIGNMENT('PLATE-10',$,(#1040,#1097,#1119,#1157,#1182,#1262,#1276,#1465,#1534,#1573,#1623,#1765,#1774,#1781,#1787,#1796,#1802,#1811,#1820,#1829,#1838,#1850,#2169,#2215,#2261),$);
#2433= IFCPRESENTATIONLAYERASSIGNMENT('PLATE-12',$,(#1316,#1859),$);
#2434= IFCPRESENTATIONLAYERASSIGNMENT('PLATE-20',$,(#1666,#1866),$);
#2435= IFCPRESENTATIONLAYERASSIGNMENT('B2-\S\?\S\Z350x250x10',$,(#2117),$);
#2436= IFCPRESENTATIONLAYERASSIGNMENT('PLATE-8',$,(#2312,#2339),$);
ENDSEC;

END-ISO-10303-21;
