ISO-10303-21;
HEADER;
FILE_DESCRIPTION(('ViewDefinition[CoordinationView_V2.0, QuantityTakeOffAddOnView]', 'ExchangeRequirement[Structural, SurfaceGeometry]', 'Option [BaseQuantities:On]', 'Option [GridExport:On]', 'Option [Assemblies:Off]', 'Option [Bolts:On]', 'Option [Rebars:On]', 'Option [PourObjects:Off]', 'Option [Welds:Off]', 'Option [SurfaceTreatments:On]', 'Option [LocationBy:0]', 'Option [ViewColors:Off]', 'Option [SectionedSpine:Off]', 'Option [PropertySets:On]', 'Option [Export all:Off]'),'2;1');
FILE_NAME('5-2-A22.ifc','2026-03-10T09:14:58',('DESKTOP-NLV509P\\Ahmed'),('Structural Designer'),'IFC Parser version: 3.13.2','Tekla Structures 2023 Service Pack 8, IFC Export Version: 4.0.0.0 Jan 19 2024','');
FILE_SCHEMA(('IFC2X3'));
ENDSEC;

DATA;
#1= IFCPERSON('DESKTOP-NLV509P\\Ahmed','Undefined',$,$,$,$,$,$);
#2= IFCORGANIZATION($,'Trimble Solutions Corporation',$,$,$);
#3= IFCPERSONANDORGANIZATION(#1,#2,$);
#4= IFCAPPLICATION(#2,'2023 Service Pack 8','Tekla Structures','Multi material modeling');
#5= IFCOWNERHISTORY(#3,#4,$,.NOCHANGE.,$,$,$,1773123298);
#6= IFCCARTESIANPOINT((0.,0.,0.));
#7= IFCDIRECTION((1.,0.,0.));
#8= IFCDIRECTION((0.,1.,0.));
#9= IFCDIRECTION((0.,0.,1.));
#10= IFCAXIS2PLACEMENT3D(#6,#9,#7);
#11= IFCGEOMETRICREPRESENTATIONCONTEXT($,'Model',3,1.E-05,#10,$);
#12= IFCGEOMETRICREPRESENTATIONSUBCONTEXT('Body','Model',*,*,*,*,#11,$,.MODEL_VIEW.,$);
#13= IFCGEOMETRICREPRESENTATIONSUBCONTEXT('Axis','Model',*,*,*,*,#11,$,.GRAPH_VIEW.,$);
#14= IFCGEOMETRICREPRESENTATIONSUBCONTEXT('FootPrint','Model',*,*,*,*,#11,$,.MODEL_VIEW.,$);
#15= IFCSIUNIT(*,.LENGTHUNIT.,.MILLI.,.METRE.);
#16= IFCMEASUREWITHUNIT(IFCRATIOMEASURE(304.8),#15);
#17= IFCDIMENSIONALEXPONENTS(1,0,0,0,0,0,0);
#18= IFCCONVERSIONBASEDUNIT(#17,.LENGTHUNIT.,'FOOT',#16);
#19= IFCSIUNIT(*,.AREAUNIT.,$,.SQUARE_METRE.);
#20= IFCMEASUREWITHUNIT(IFCRATIOMEASURE(0.09290304),#19);
#21= IFCDIMENSIONALEXPONENTS(2,0,0,0,0,0,0);
#22= IFCCONVERSIONBASEDUNIT(#21,.AREAUNIT.,'SQUARE FOOT',#20);
#23= IFCSIUNIT(*,.VOLUMEUNIT.,$,.CUBIC_METRE.);
#24= IFCMEASUREWITHUNIT(IFCRATIOMEASURE(0.028316846592),#23);
#25= IFCDIMENSIONALEXPONENTS(3,0,0,0,0,0,0);
#26= IFCCONVERSIONBASEDUNIT(#25,.VOLUMEUNIT.,'CUBIC FOOT',#24);
#27= IFCSIUNIT(*,.MASSUNIT.,.KILO.,.GRAM.);
#28= IFCSIUNIT(*,.TIMEUNIT.,$,.SECOND.);
#29= IFCSIUNIT(*,.PLANEANGLEUNIT.,$,.RADIAN.);
#30= IFCMEASUREWITHUNIT(IFCRATIOMEASURE(0.0174532925199433),#29);
#31= IFCDIMENSIONALEXPONENTS(0,0,0,0,0,0,0);
#32= IFCCONVERSIONBASEDUNIT(#31,.PLANEANGLEUNIT.,'DEGREE',#30);
#33= IFCSIUNIT(*,.SOLIDANGLEUNIT.,$,.STERADIAN.);
#34= IFCSIUNIT(*,.THERMODYNAMICTEMPERATUREUNIT.,$,.DEGREE_CELSIUS.);
#35= IFCSIUNIT(*,.LUMINOUSINTENSITYUNIT.,$,.LUMEN.);
#36= IFCUNITASSIGNMENT((#15,#19,#23,#27,#28,#29,#33,#34,#35));
#37= IFCPROJECT('087y2gE413jhenrRH7$_rb',#5,'Undefined',$,$,$,$,(#11),#36);
#38= IFCLOCALPLACEMENT($,#10);
#39= IFCSITE('0q_kWxzkP3D9MuoqjkYAWb',#5,'Undefined',$,$,#38,$,$,.ELEMENT.,$,$,$,$,$);
#40= IFCLOCALPLACEMENT(#38,#10);
#41= IFCBUILDING('3uCMvIMsT2iAN7E3YkeyYc',#5,'Undefined',$,$,#40,$,$,.ELEMENT.,$,$,$);
#42= IFCLOCALPLACEMENT(#40,#10);
#43= IFCBUILDINGSTOREY('3gJPpYF7LCbf7I109fNVl5',#5,'Undefined',$,$,#42,$,$,.ELEMENT.,0.);
#44= IFCOWNERHISTORY(#3,#4,$,.NOCHANGE.,$,$,$,1770876000);
#45= IFCCOLOURRGB($,0.698039215686274,0.4,0.);
#46= IFCSURFACESTYLERENDERING(#45,0.,$,$,$,$,IFCNORMALISEDRATIOMEASURE(0.00390625),IFCSPECULAREXPONENT(10.),.NOTDEFINED.);
#47= IFCSURFACESTYLE('TS10.9',.POSITIVE.,(#46));
#48= IFCPRESENTATIONSTYLEASSIGNMENT((#47));
#49= IFCCARTESIANPOINT((13.,23.6496013794695,0.));
#50= IFCCARTESIANPOINT((11.2583302491975,23.6496013794695,6.50000000000039));
#51= IFCCARTESIANPOINT((6.49999999999922,23.6496013794695,11.2583302491982));
#52= IFCCARTESIANPOINT((-1.34723677608042E-12,23.6496013794695,13.));
#53= IFCCARTESIANPOINT((-6.50000000000155,23.6496013794695,11.2583302491968));
#54= IFCCARTESIANPOINT((-11.2583302491988,23.6496013794695,6.49999999999806));
#55= IFCCARTESIANPOINT((-13.,23.6496013794695,-2.69447355216084E-12));
#56= IFCCARTESIANPOINT((-11.2583302491961,23.6496013794695,-6.50000000000272));
#57= IFCCARTESIANPOINT((-6.4999999999969,23.6496013794695,-11.2583302491995));
#58= IFCCARTESIANPOINT((4.02727742892113E-12,23.6496013794695,-13.));
#59= IFCCARTESIANPOINT((6.50000000000388,23.6496013794695,-11.2583302491955));
#60= IFCCARTESIANPOINT((11.2583302492002,23.6496013794695,-6.49999999999573));
#61= IFCCARTESIANPOINT((13.,273.749601775747,0.));
#62= IFCCARTESIANPOINT((11.2583302491975,273.749601775747,6.50000000000039));
#63= IFCCARTESIANPOINT((6.49999999999922,273.749601775747,11.2583302491982));
#64= IFCCARTESIANPOINT((-1.34723677608042E-12,273.749601775747,13.));
#65= IFCCARTESIANPOINT((-6.50000000000155,273.749601775747,11.2583302491968));
#66= IFCCARTESIANPOINT((-11.2583302491988,273.749601775747,6.49999999999806));
#67= IFCCARTESIANPOINT((-13.,273.749601775747,-2.69447355216084E-12));
#68= IFCCARTESIANPOINT((-11.2583302491961,273.749601775747,-6.50000000000272));
#69= IFCCARTESIANPOINT((-6.4999999999969,273.749601775747,-11.2583302491995));
#70= IFCCARTESIANPOINT((4.02727742892113E-12,273.749601775747,-13.));
#71= IFCCARTESIANPOINT((6.50000000000388,273.749601775747,-11.2583302491955));
#72= IFCCARTESIANPOINT((11.2583302492002,273.749601775747,-6.49999999999573));
#73= IFCPOLYLOOP((#49,#50,#51,#52,#53,#54,#55,#56,#57,#58,#59,#60));
#74= IFCFACEOUTERBOUND(#73,.T.);
#75= IFCFACE((#74));
#76= IFCPOLYLOOP((#72,#71,#70,#69,#68,#67,#66,#65,#64,#63,#62,#61));
#77= IFCFACEOUTERBOUND(#76,.T.);
#78= IFCFACE((#77));
#79= IFCPOLYLOOP((#49,#61,#62,#50));
#80= IFCFACEOUTERBOUND(#79,.T.);
#81= IFCFACE((#80));
#82= IFCPOLYLOOP((#50,#62,#63,#51));
#83= IFCFACEOUTERBOUND(#82,.T.);
#84= IFCFACE((#83));
#85= IFCPOLYLOOP((#51,#63,#64,#52));
#86= IFCFACEOUTERBOUND(#85,.T.);
#87= IFCFACE((#86));
#88= IFCPOLYLOOP((#52,#64,#65,#53));
#89= IFCFACEOUTERBOUND(#88,.T.);
#90= IFCFACE((#89));
#91= IFCPOLYLOOP((#53,#65,#66,#54));
#92= IFCFACEOUTERBOUND(#91,.T.);
#93= IFCFACE((#92));
#94= IFCPOLYLOOP((#54,#66,#67,#55));
#95= IFCFACEOUTERBOUND(#94,.T.);
#96= IFCFACE((#95));
#97= IFCPOLYLOOP((#55,#67,#68,#56));
#98= IFCFACEOUTERBOUND(#97,.T.);
#99= IFCFACE((#98));
#100= IFCPOLYLOOP((#56,#68,#69,#57));
#101= IFCFACEOUTERBOUND(#100,.T.);
#102= IFCFACE((#101));
#103= IFCPOLYLOOP((#57,#69,#70,#58));
#104= IFCFACEOUTERBOUND(#103,.T.);
#105= IFCFACE((#104));
#106= IFCPOLYLOOP((#58,#70,#71,#59));
#107= IFCFACEOUTERBOUND(#106,.T.);
#108= IFCFACE((#107));
#109= IFCPOLYLOOP((#59,#71,#72,#60));
#110= IFCFACEOUTERBOUND(#109,.T.);
#111= IFCFACE((#110));
#112= IFCPOLYLOOP((#60,#72,#61,#49));
#113= IFCFACEOUTERBOUND(#112,.T.);
#114= IFCFACE((#113));
#115= IFCCLOSEDSHELL((#75,#78,#81,#84,#87,#90,#93,#96,#99,#102,#105,#108,#111,#114));
#116= IFCCOLOURRGB($,0.,0.,0.);
#117= IFCSURFACESTYLERENDERING(#116,0.,$,$,$,$,IFCNORMALISEDRATIOMEASURE(0.00390625),IFCSPECULAREXPONENT(10.),.NOTDEFINED.);
#118= IFCSURFACESTYLE($,.POSITIVE.,(#117));
#119= IFCPRESENTATIONSTYLEASSIGNMENT((#118));
#120= IFCFACETEDBREP(#115);
#121= IFCSTYLEDITEM(#120,(#119),$);
#122= IFCCARTESIANTRANSFORMATIONOPERATOR3D($,$,#6,$,$);
#123= IFCSHAPEREPRESENTATION(#12,'Body','Brep',(#120));
#124= IFCREPRESENTATIONMAP(#10,#123);
#125= IFCMAPPEDITEM(#124,#122);
#126= IFCSHAPEREPRESENTATION(#12,'Body','MappedRepresentation',(#125));
#127= IFCPRODUCTDEFINITIONSHAPE($,$,(#126));
#128= IFCCARTESIANPOINT((22479.9988891588,30118.0010309687,16903.988154897));
#129= IFCDIRECTION((-1.39369999851624E-05,0.99999999990288,0.));
#130= IFCDIRECTION((0.999999999902879,1.39369999838137E-05,-5.30000341735694E-08));
#131= IFCAXIS2PLACEMENT3D(#128,#129,#130);
#132= IFCLOCALPLACEMENT(#42,#131);
#133= IFCMECHANICALFASTENER('3WsCK8Nw15tfOkp0zEDaiU',#44,'Bolt assembly',$,$,#132,#127,'IDe0d8c508-5fa0-45de-962e-cc0f4e364b1e',24.,1250.);
#134= IFCMECHANICALFASTENERTYPE('1aE11_DAnB7PaIGp2cqFud',#5,'Bolt assembly',$,$,$,$,$,$);
#135= IFCPROPERTYSINGLEVALUE('Washer count',$,IFCINTEGER(0),$);
#136= IFCPROPERTYSINGLEVALUE('Washer diameter',$,IFCLENGTHMEASURE(24.),$);
#137= IFCPROPERTYSINGLEVALUE('Washer type',$,IFCLABEL(''),$);
#138= IFCPROPERTYSINGLEVALUE('Washer name',$,IFCLABEL(''),$);
#139= IFCPROPERTYSINGLEVALUE('Nut count',$,IFCINTEGER(0),$);
#140= IFCPROPERTYSINGLEVALUE('Nut type',$,IFCLABEL(''),$);
#141= IFCPROPERTYSINGLEVALUE('Nut name',$,IFCLABEL(''),$);
#142= IFCPROPERTYSINGLEVALUE('Slotted hole y',$,IFCLENGTHMEASURE(0.),$);
#143= IFCPROPERTYSINGLEVALUE('Slotted hole x',$,IFCLENGTHMEASURE(0.),$);
#144= IFCPROPERTYSINGLEVALUE('Bolt hole diameter',$,IFCLENGTHMEASURE(26.),$);
#145= IFCPROPERTYSINGLEVALUE('Location',$,IFCLABEL('Site'),$);
#146= IFCPROPERTYSINGLEVALUE('Bolt count',$,IFCINTEGER(1),$);
#147= IFCPROPERTYSINGLEVALUE('Bolt size',$,IFCLENGTHMEASURE(26.),$);
#148= IFCPROPERTYSINGLEVALUE('Bolt length',$,IFCLENGTHMEASURE(1250.),$);
#149= IFCPROPERTYSINGLEVALUE('Bolt standard',$,IFCLABEL('TS10.9'),$);
#150= IFCPROPERTYSINGLEVALUE('Bolt Name',$,IFCLABEL(''),$);
#151= IFCPROPERTYSET('0qcf_h231459fsjkLeu3HB',#5,'Tekla Bolt','Bolt Properties',(#135,#136,#137,#138,#139,#140,#141,#142,#143,#144,#145,#146,#147,#148,#149,#150));
#152= IFCMATERIAL('TS10.9');
#153= IFCMAPPEDITEM(#124,#122);
#154= IFCSHAPEREPRESENTATION(#12,'Body','MappedRepresentation',(#153));
#155= IFCPRODUCTDEFINITIONSHAPE($,$,(#154));
#156= IFCCARTESIANPOINT((22480.0009797083,29968.0010309838,16903.9881548972));
#157= IFCAXIS2PLACEMENT3D(#156,#129,#130);
#158= IFCLOCALPLACEMENT(#42,#157);
#159= IFCMECHANICALFASTENER('1S$DonI$DAVxrVyZ7l1jBJ',#44,'Bolt assembly',$,$,#158,#155,'ID5cfcdcb1-4bf3-4a7f-bd5f-f231ef06d2d3',24.,1250.);
#160= IFCOWNERHISTORY(#3,#4,$,.NOCHANGE.,$,$,$,1770840000);
#161= IFCSURFACESTYLE('EVENT',.POSITIVE.,(#46));
#162= IFCPRESENTATIONSTYLEASSIGNMENT((#161));
#163= IFCCARTESIANPOINT((7.5,-4.00000025680836,0.));
#164= IFCCARTESIANPOINT((6.49519052838316,-4.00000025680836,3.75000000000022));
#165= IFCCARTESIANPOINT((3.74999999999955,-4.00000025680836,6.49519052838355));
#166= IFCCARTESIANPOINT((-7.77251986200242E-13,-4.00000025680836,7.5));
#167= IFCCARTESIANPOINT((-3.7500000000009,-4.00000025680836,6.49519052838277));
#168= IFCCARTESIANPOINT((-6.49519052838394,-4.00000025680836,3.74999999999888));
#169= IFCCARTESIANPOINT((-7.5,-4.00000025680836,-1.55450397240048E-12));
#170= IFCCARTESIANPOINT((-6.49519052838238,-4.00000025680836,-3.75000000000157));
#171= IFCCARTESIANPOINT((-3.74999999999821,-4.00000025680836,-6.49519052838432));
#172= IFCCARTESIANPOINT((2.32342928591604E-12,-4.00000025680836,-7.5));
#173= IFCCARTESIANPOINT((3.75000000000224,-4.00000025680836,-6.495190528382));
#174= IFCCARTESIANPOINT((6.49519052838471,-4.00000025680836,-3.74999999999753));
#175= IFCCARTESIANPOINT((7.5,4.09999974319473,0.));
#176= IFCCARTESIANPOINT((6.49519052838316,4.09999974319473,3.75000000000022));
#177= IFCCARTESIANPOINT((3.74999999999955,4.09999974319473,6.49519052838355));
#178= IFCCARTESIANPOINT((-7.77251986200242E-13,4.09999974319473,7.5));
#179= IFCCARTESIANPOINT((-3.7500000000009,4.09999974319473,6.49519052838277));
#180= IFCCARTESIANPOINT((-6.49519052838394,4.09999974319473,3.74999999999888));
#181= IFCCARTESIANPOINT((-7.5,4.09999974319473,-1.55450397240048E-12));
#182= IFCCARTESIANPOINT((-6.49519052838238,4.09999974319473,-3.75000000000157));
#183= IFCCARTESIANPOINT((-3.74999999999821,4.09999974319473,-6.49519052838432));
#184= IFCCARTESIANPOINT((2.32342928591604E-12,4.09999974319473,-7.5));
#185= IFCCARTESIANPOINT((3.75000000000224,4.09999974319473,-6.495190528382));
#186= IFCCARTESIANPOINT((6.49519052838471,4.09999974319473,-3.74999999999753));
#187= IFCPOLYLOOP((#163,#164,#165,#166,#167,#168,#169,#170,#171,#172,#173,#174));
#188= IFCFACEOUTERBOUND(#187,.T.);
#189= IFCFACE((#188));
#190= IFCPOLYLOOP((#186,#185,#184,#183,#182,#181,#180,#179,#178,#177,#176,#175));
#191= IFCFACEOUTERBOUND(#190,.T.);
#192= IFCFACE((#191));
#193= IFCPOLYLOOP((#163,#175,#176,#164));
#194= IFCFACEOUTERBOUND(#193,.T.);
#195= IFCFACE((#194));
#196= IFCPOLYLOOP((#164,#176,#177,#165));
#197= IFCFACEOUTERBOUND(#196,.T.);
#198= IFCFACE((#197));
#199= IFCPOLYLOOP((#165,#177,#178,#166));
#200= IFCFACEOUTERBOUND(#199,.T.);
#201= IFCFACE((#200));
#202= IFCPOLYLOOP((#166,#178,#179,#167));
#203= IFCFACEOUTERBOUND(#202,.T.);
#204= IFCFACE((#203));
#205= IFCPOLYLOOP((#167,#179,#180,#168));
#206= IFCFACEOUTERBOUND(#205,.T.);
#207= IFCFACE((#206));
#208= IFCPOLYLOOP((#168,#180,#181,#169));
#209= IFCFACEOUTERBOUND(#208,.T.);
#210= IFCFACE((#209));
#211= IFCPOLYLOOP((#169,#181,#182,#170));
#212= IFCFACEOUTERBOUND(#211,.T.);
#213= IFCFACE((#212));
#214= IFCPOLYLOOP((#170,#182,#183,#171));
#215= IFCFACEOUTERBOUND(#214,.T.);
#216= IFCFACE((#215));
#217= IFCPOLYLOOP((#171,#183,#184,#172));
#218= IFCFACEOUTERBOUND(#217,.T.);
#219= IFCFACE((#218));
#220= IFCPOLYLOOP((#172,#184,#185,#173));
#221= IFCFACEOUTERBOUND(#220,.T.);
#222= IFCFACE((#221));
#223= IFCPOLYLOOP((#173,#185,#186,#174));
#224= IFCFACEOUTERBOUND(#223,.T.);
#225= IFCFACE((#224));
#226= IFCPOLYLOOP((#174,#186,#175,#163));
#227= IFCFACEOUTERBOUND(#226,.T.);
#228= IFCFACE((#227));
#229= IFCCLOSEDSHELL((#189,#192,#195,#198,#201,#204,#207,#210,#213,#216,#219,#222,#225,#228));
#230= IFCFACETEDBREP(#229);
#231= IFCSTYLEDITEM(#230,(#119),$);
#232= IFCSHAPEREPRESENTATION(#12,'Body','Brep',(#230));
#233= IFCREPRESENTATIONMAP(#10,#232);
#234= IFCMAPPEDITEM(#233,#122);
#235= IFCSHAPEREPRESENTATION(#12,'Body','MappedRepresentation',(#234));
#236= IFCPRODUCTDEFINITIONSHAPE($,$,(#235));
#237= IFCCARTESIANPOINT((22323.997687146,30166.2065068673,16682.8297782832));
#238= IFCDIRECTION((-4.84039999755624E-05,0.509320893757176,0.860576681556875));
#239= IFCDIRECTION((-2.86469999968907E-05,-0.860576682918141,0.509320892951544));
#240= IFCAXIS2PLACEMENT3D(#237,#238,#239);
#241= IFCLOCALPLACEMENT(#42,#240);
#242= IFCMECHANICALFASTENER('1r4iwozt50WeJWFPbtqEIn',#160,'Bolt assembly',$,$,#241,#236,'ID7512ceb2-f771-4082-84e0-3d9977d0e4b1',15.,8.);
#243= IFCPROPERTYSINGLEVALUE('Washer diameter',$,IFCLENGTHMEASURE(15.),$);
#244= IFCPROPERTYSINGLEVALUE('Bolt hole diameter',$,IFCLENGTHMEASURE(15.),$);
#245= IFCPROPERTYSINGLEVALUE('Bolt size',$,IFCLENGTHMEASURE(15.),$);
#246= IFCPROPERTYSINGLEVALUE('Bolt length',$,IFCLENGTHMEASURE(8.),$);
#247= IFCPROPERTYSINGLEVALUE('Bolt standard',$,IFCLABEL('EVENT'),$);
#248= IFCPROPERTYSET('2vyHeOLMX3ov8c57KVNlik',#5,'Tekla Bolt','Bolt Properties',(#135,#243,#137,#138,#139,#140,#141,#142,#143,#244,#145,#146,#245,#246,#247,#150));
#249= IFCMATERIAL('EVENT');
#250= IFCMAPPEDITEM(#233,#122);
#251= IFCSHAPEREPRESENTATION(#12,'Body','MappedRepresentation',(#250));
#252= IFCPRODUCTDEFINITIONSHAPE($,$,(#251));
#253= IFCCARTESIANPOINT((22323.9895314765,30166.2065068673,16827.8297780538));
#254= IFCDIRECTION((-4.84039999755624E-05,-0.509320893757176,0.860576681556875));
#255= IFCDIRECTION((2.86469999968907E-05,-0.860576682918141,-0.509320892951544));
#256= IFCAXIS2PLACEMENT3D(#253,#254,#255);
#257= IFCLOCALPLACEMENT(#42,#256);
#258= IFCMECHANICALFASTENER('1od1PwETv1P8RRw7NkXi5_',#160,'Bolt assembly',$,$,#257,#252,'ID729c167a-39de-4164-86db-e875ee86c17e',15.,8.);
#259= IFCMAPPEDITEM(#233,#122);
#260= IFCSHAPEREPRESENTATION(#12,'Body','MappedRepresentation',(#259));
#261= IFCPRODUCTDEFINITIONSHAPE($,$,(#260));
#262= IFCCARTESIANPOINT((22323.997687146,29935.8266305351,16682.8297782832));
#263= IFCDIRECTION((4.84039999755623E-05,0.50932089375718,-0.860576681556873));
#264= IFCDIRECTION((-2.8646999996809E-05,0.860576682918139,0.509320892951548));
#265= IFCAXIS2PLACEMENT3D(#262,#263,#264);
#266= IFCLOCALPLACEMENT(#42,#265);
#267= IFCMECHANICALFASTENER('22ZpAxhqrBqvv9CASegmBC',#160,'Bolt assembly',$,$,#266,#261,'ID828f32bb-af4d-4bd3-9e49-30a728ab02cc',15.,8.);
#268= IFCMAPPEDITEM(#233,#122);
#269= IFCSHAPEREPRESENTATION(#12,'Body','MappedRepresentation',(#268));
#270= IFCPRODUCTDEFINITIONSHAPE($,$,(#269));
#271= IFCCARTESIANPOINT((22323.9895314765,29935.8266305351,16827.8297780538));
#272= IFCDIRECTION((4.84039999755623E-05,-0.50932089375718,-0.860576681556873));
#273= IFCDIRECTION((2.8646999996809E-05,0.860576682918139,-0.509320892951548));
#274= IFCAXIS2PLACEMENT3D(#271,#272,#273);
#275= IFCLOCALPLACEMENT(#42,#274);
#276= IFCMECHANICALFASTENER('3DvaZa4PH6MwhlVsL8S0TJ',#160,'Bolt assembly',$,$,#275,#270,'IDcde648e4-1194-465b-aaef-7f6548700753',15.,8.);
#277= IFCMAPPEDITEM(#233,#122);
#278= IFCSHAPEREPRESENTATION(#12,'Body','MappedRepresentation',(#277));
#279= IFCPRODUCTDEFINITIONSHAPE($,$,(#278));
#280= IFCCARTESIANPOINT((22516.0049653199,30165.8756656155,16682.8411403851));
#281= IFCAXIS2PLACEMENT3D(#280,#238,#239);
#282= IFCLOCALPLACEMENT(#42,#281);
#283= IFCMECHANICALFASTENER('2Nfm159eH3m8r0vCw4BI_V',#160,'Bolt assembly',$,$,#282,#279,'ID97a70045-2684-43c0-8d40-e4ce842d2f9f',15.,8.);
#284= IFCMAPPEDITEM(#233,#122);
#285= IFCSHAPEREPRESENTATION(#12,'Body','MappedRepresentation',(#284));
#286= IFCPRODUCTDEFINITIONSHAPE($,$,(#285));
#287= IFCCARTESIANPOINT((22515.9968096505,30165.8756656155,16827.8411401557));
#288= IFCAXIS2PLACEMENT3D(#287,#254,#255);
#289= IFCLOCALPLACEMENT(#42,#288);
#290= IFCMECHANICALFASTENER('3jxDSTSxTD0QMl0HYIs2s7',#160,'Bolt assembly',$,$,#289,#286,'IDedecd71d-73b7-4d01-a5af-011892d82d87',15.,8.);
#291= IFCMAPPEDITEM(#233,#122);
#292= IFCSHAPEREPRESENTATION(#12,'Body','MappedRepresentation',(#291));
#293= IFCPRODUCTDEFINITIONSHAPE($,$,(#292));
#294= IFCCARTESIANPOINT((22516.0049653199,29935.4957892833,16682.8411403851));
#295= IFCAXIS2PLACEMENT3D(#294,#263,#264);
#296= IFCLOCALPLACEMENT(#42,#295);
#297= IFCMECHANICALFASTENER('00tWITB3vA1B1LgofWIhAy',#160,'Bolt assembly',$,$,#296,#293,'ID00de049d-2c3e-4a04-b055-ab2a604ab2bc',15.,8.);
#298= IFCMAPPEDITEM(#233,#122);
#299= IFCSHAPEREPRESENTATION(#12,'Body','MappedRepresentation',(#298));
#300= IFCPRODUCTDEFINITIONSHAPE($,$,(#299));
#301= IFCCARTESIANPOINT((22515.9968096504,29935.4957892833,16827.8411401557));
#302= IFCAXIS2PLACEMENT3D(#301,#272,#273);
#303= IFCLOCALPLACEMENT(#42,#302);
#304= IFCMECHANICALFASTENER('3UqYru$2b8lu2L5YnuJ4lX',#160,'Bolt assembly',$,$,#303,#300,'IDded22d78-fc29-48bf-8095-162c784c4be1',15.,8.);
#305= IFCCARTESIANPOINT((7.5,-6.0000000005756,0.));
#306= IFCCARTESIANPOINT((6.49519052838316,-6.0000000005756,3.75000000000022));
#307= IFCCARTESIANPOINT((3.74999999999955,-6.0000000005756,6.49519052838355));
#308= IFCCARTESIANPOINT((-7.77251986200242E-13,-6.0000000005756,7.5));
#309= IFCCARTESIANPOINT((-3.7500000000009,-6.0000000005756,6.49519052838277));
#310= IFCCARTESIANPOINT((-6.49519052838394,-6.0000000005756,3.74999999999888));
#311= IFCCARTESIANPOINT((-7.5,-6.0000000005756,-1.55450397240048E-12));
#312= IFCCARTESIANPOINT((-6.49519052838238,-6.0000000005756,-3.75000000000157));
#313= IFCCARTESIANPOINT((-3.74999999999821,-6.0000000005756,-6.49519052838432));
#314= IFCCARTESIANPOINT((2.32342928591604E-12,-6.0000000005756,-7.5));
#315= IFCCARTESIANPOINT((3.75000000000224,-6.0000000005756,-6.495190528382));
#316= IFCCARTESIANPOINT((6.49519052838471,-6.0000000005756,-3.74999999999753));
#317= IFCCARTESIANPOINT((7.5,6.10000000025381,0.));
#318= IFCCARTESIANPOINT((6.49519052838316,6.10000000025381,3.75000000000022));
#319= IFCCARTESIANPOINT((3.74999999999955,6.10000000025381,6.49519052838355));
#320= IFCCARTESIANPOINT((-7.77251986200242E-13,6.10000000025381,7.5));
#321= IFCCARTESIANPOINT((-3.7500000000009,6.10000000025381,6.49519052838277));
#322= IFCCARTESIANPOINT((-6.49519052838394,6.10000000025381,3.74999999999888));
#323= IFCCARTESIANPOINT((-7.5,6.10000000025381,-1.55450397240048E-12));
#324= IFCCARTESIANPOINT((-6.49519052838238,6.10000000025381,-3.75000000000157));
#325= IFCCARTESIANPOINT((-3.74999999999821,6.10000000025381,-6.49519052838432));
#326= IFCCARTESIANPOINT((2.32342928591604E-12,6.10000000025381,-7.5));
#327= IFCCARTESIANPOINT((3.75000000000224,6.10000000025381,-6.495190528382));
#328= IFCCARTESIANPOINT((6.49519052838471,6.10000000025381,-3.74999999999753));
#329= IFCPOLYLOOP((#305,#306,#307,#308,#309,#310,#311,#312,#313,#314,#315,#316));
#330= IFCFACEOUTERBOUND(#329,.T.);
#331= IFCFACE((#330));
#332= IFCPOLYLOOP((#328,#327,#326,#325,#324,#323,#322,#321,#320,#319,#318,#317));
#333= IFCFACEOUTERBOUND(#332,.T.);
#334= IFCFACE((#333));
#335= IFCPOLYLOOP((#305,#317,#318,#306));
#336= IFCFACEOUTERBOUND(#335,.T.);
#337= IFCFACE((#336));
#338= IFCPOLYLOOP((#306,#318,#319,#307));
#339= IFCFACEOUTERBOUND(#338,.T.);
#340= IFCFACE((#339));
#341= IFCPOLYLOOP((#307,#319,#320,#308));
#342= IFCFACEOUTERBOUND(#341,.T.);
#343= IFCFACE((#342));
#344= IFCPOLYLOOP((#308,#320,#321,#309));
#345= IFCFACEOUTERBOUND(#344,.T.);
#346= IFCFACE((#345));
#347= IFCPOLYLOOP((#309,#321,#322,#310));
#348= IFCFACEOUTERBOUND(#347,.T.);
#349= IFCFACE((#348));
#350= IFCPOLYLOOP((#310,#322,#323,#311));
#351= IFCFACEOUTERBOUND(#350,.T.);
#352= IFCFACE((#351));
#353= IFCPOLYLOOP((#311,#323,#324,#312));
#354= IFCFACEOUTERBOUND(#353,.T.);
#355= IFCFACE((#354));
#356= IFCPOLYLOOP((#312,#324,#325,#313));
#357= IFCFACEOUTERBOUND(#356,.T.);
#358= IFCFACE((#357));
#359= IFCPOLYLOOP((#313,#325,#326,#314));
#360= IFCFACEOUTERBOUND(#359,.T.);
#361= IFCFACE((#360));
#362= IFCPOLYLOOP((#314,#326,#327,#315));
#363= IFCFACEOUTERBOUND(#362,.T.);
#364= IFCFACE((#363));
#365= IFCPOLYLOOP((#315,#327,#328,#316));
#366= IFCFACEOUTERBOUND(#365,.T.);
#367= IFCFACE((#366));
#368= IFCPOLYLOOP((#316,#328,#317,#305));
#369= IFCFACEOUTERBOUND(#368,.T.);
#370= IFCFACE((#369));
#371= IFCCLOSEDSHELL((#331,#334,#337,#340,#343,#346,#349,#352,#355,#358,#361,#364,#367,#370));
#372= IFCFACETEDBREP(#371);
#373= IFCSTYLEDITEM(#372,(#119),$);
#374= IFCSHAPEREPRESENTATION(#12,'Body','Brep',(#372));
#375= IFCREPRESENTATIONMAP(#10,#374);
#376= IFCMAPPEDITEM(#375,#122);
#377= IFCSHAPEREPRESENTATION(#12,'Body','MappedRepresentation',(#376));
#378= IFCPRODUCTDEFINITIONSHAPE($,$,(#377));
#379= IFCCARTESIANPOINT((15306.0245710114,29920.4957275166,16682.4350458386));
#380= IFCDIRECTION((-3.99810000017169E-05,-0.509320893739121,0.860576682000101));
#381= IFCAXIS2PLACEMENT3D(#379,#380,#264);
#382= IFCLOCALPLACEMENT(#42,#381);
#383= IFCMECHANICALFASTENER('022cD9jJvDPhfyJm7P9BIY',#160,'Bolt assembly',$,$,#382,#378,'ID020a6349-b53e-4d66-ba7c-4f01d924b4a2',15.,12.);
#384= IFCPROPERTYSINGLEVALUE('Bolt length',$,IFCLENGTHMEASURE(12.),$);
#385= IFCPROPERTYSET('1hOhiOvZH6qO5bPQHAaGJn',#5,'Tekla Bolt','Bolt Properties',(#135,#243,#137,#138,#139,#140,#141,#142,#143,#244,#145,#146,#245,#384,#247,#150));
#386= IFCMAPPEDITEM(#375,#122);
#387= IFCSHAPEREPRESENTATION(#12,'Body','MappedRepresentation',(#386));
#388= IFCPRODUCTDEFINITIONSHAPE($,$,(#387));
#389= IFCCARTESIANPOINT((15306.0164153413,29920.4957275166,16827.4350456092));
#390= IFCDIRECTION((3.99810000017169E-05,-0.509320893739114,-0.860576682000105));
#391= IFCAXIS2PLACEMENT3D(#389,#390,#273);
#392= IFCLOCALPLACEMENT(#42,#391);
#393= IFCMECHANICALFASTENER('1XXQu$Mxv5rB0r715W22zk',#160,'Bolt assembly',$,$,#392,#388,'ID6185ae3f-5bbe-45d4-b035-1c1160082f6e',15.,12.);
#394= IFCMAPPEDITEM(#375,#122);
#395= IFCSHAPEREPRESENTATION(#12,'Body','MappedRepresentation',(#394));
#396= IFCPRODUCTDEFINITIONSHAPE($,$,(#395));
#397= IFCCARTESIANPOINT((15306.0164153413,30165.4957275166,16827.4350456092));
#398= IFCAXIS2PLACEMENT3D(#397,#380,#255);
#399= IFCLOCALPLACEMENT(#42,#398);
#400= IFCMECHANICALFASTENER('3wuxb0UA95rPQvUMP8mGnX',#160,'Bolt assembly',$,$,#399,#396,'IDfae3b940-78a2-45d5-96b9-796648c10c61',15.,12.);
#401= IFCMAPPEDITEM(#375,#122);
#402= IFCSHAPEREPRESENTATION(#12,'Body','MappedRepresentation',(#401));
#403= IFCPRODUCTDEFINITIONSHAPE($,$,(#402));
#404= IFCCARTESIANPOINT((15306.0245710114,30165.4957275166,16682.4350458386));
#405= IFCDIRECTION((-3.9981000001717E-05,0.509320893739118,0.860576682000103));
#406= IFCAXIS2PLACEMENT3D(#404,#405,#239);
#407= IFCLOCALPLACEMENT(#42,#406);
#408= IFCMECHANICALFASTENER('12UdO3$3DEfRvv8cbJOh0s',#160,'Bolt assembly',$,$,#407,#403,'ID427a7603-fc33-4ea5-be79-22695362b036',15.,12.);
#409= IFCOWNERHISTORY(#3,#4,$,.NOCHANGE.,$,$,$,1770796800);
#410= IFCCARTESIANPOINT((13.,-39.9054931626931,0.));
#411= IFCCARTESIANPOINT((11.2583302491975,-39.9054931626931,6.50000000000039));
#412= IFCCARTESIANPOINT((6.49999999999922,-39.9054931626931,11.2583302491982));
#413= IFCCARTESIANPOINT((-1.34723677608042E-12,-39.9054931626931,13.));
#414= IFCCARTESIANPOINT((-6.50000000000155,-39.9054931626931,11.2583302491968));
#415= IFCCARTESIANPOINT((-11.2583302491988,-39.9054931626931,6.49999999999806));
#416= IFCCARTESIANPOINT((-13.,-39.9054931626931,-2.69447355216084E-12));
#417= IFCCARTESIANPOINT((-11.2583302491961,-39.9054931626931,-6.50000000000272));
#418= IFCCARTESIANPOINT((-6.4999999999969,-39.9054931626931,-11.2583302491995));
#419= IFCCARTESIANPOINT((4.02727742892113E-12,-39.9054931626931,-13.));
#420= IFCCARTESIANPOINT((6.50000000000388,-39.9054931626931,-11.2583302491955));
#421= IFCCARTESIANPOINT((11.2583302492002,-39.9054931626931,-6.49999999999573));
#422= IFCCARTESIANPOINT((13.,-19.9054931627216,0.));
#423= IFCCARTESIANPOINT((11.2583302491975,-19.9054931627216,6.50000000000039));
#424= IFCCARTESIANPOINT((6.49999999999922,-19.9054931627216,11.2583302491982));
#425= IFCCARTESIANPOINT((-1.34723677608042E-12,-19.9054931627216,13.));
#426= IFCCARTESIANPOINT((-6.50000000000155,-19.9054931627216,11.2583302491968));
#427= IFCCARTESIANPOINT((-11.2583302491988,-19.9054931627216,6.49999999999806));
#428= IFCCARTESIANPOINT((-13.,-19.9054931627216,-2.69447355216084E-12));
#429= IFCCARTESIANPOINT((-11.2583302491961,-19.9054931627216,-6.50000000000272));
#430= IFCCARTESIANPOINT((-6.4999999999969,-19.9054931627216,-11.2583302491995));
#431= IFCCARTESIANPOINT((4.02727742892113E-12,-19.9054931627216,-13.));
#432= IFCCARTESIANPOINT((6.50000000000388,-19.9054931627216,-11.2583302491955));
#433= IFCCARTESIANPOINT((11.2583302492002,-19.9054931627216,-6.49999999999573));
#434= IFCPOLYLOOP((#410,#411,#412,#413,#414,#415,#416,#417,#418,#419,#420,#421));
#435= IFCFACEOUTERBOUND(#434,.T.);
#436= IFCFACE((#435));
#437= IFCPOLYLOOP((#433,#432,#431,#430,#429,#428,#427,#426,#425,#424,#423,#422));
#438= IFCFACEOUTERBOUND(#437,.T.);
#439= IFCFACE((#438));
#440= IFCPOLYLOOP((#410,#422,#423,#411));
#441= IFCFACEOUTERBOUND(#440,.T.);
#442= IFCFACE((#441));
#443= IFCPOLYLOOP((#411,#423,#424,#412));
#444= IFCFACEOUTERBOUND(#443,.T.);
#445= IFCFACE((#444));
#446= IFCPOLYLOOP((#412,#424,#425,#413));
#447= IFCFACEOUTERBOUND(#446,.T.);
#448= IFCFACE((#447));
#449= IFCPOLYLOOP((#413,#425,#426,#414));
#450= IFCFACEOUTERBOUND(#449,.T.);
#451= IFCFACE((#450));
#452= IFCPOLYLOOP((#414,#426,#427,#415));
#453= IFCFACEOUTERBOUND(#452,.T.);
#454= IFCFACE((#453));
#455= IFCPOLYLOOP((#415,#427,#428,#416));
#456= IFCFACEOUTERBOUND(#455,.T.);
#457= IFCFACE((#456));
#458= IFCPOLYLOOP((#416,#428,#429,#417));
#459= IFCFACEOUTERBOUND(#458,.T.);
#460= IFCFACE((#459));
#461= IFCPOLYLOOP((#417,#429,#430,#418));
#462= IFCFACEOUTERBOUND(#461,.T.);
#463= IFCFACE((#462));
#464= IFCPOLYLOOP((#418,#430,#431,#419));
#465= IFCFACEOUTERBOUND(#464,.T.);
#466= IFCFACE((#465));
#467= IFCPOLYLOOP((#419,#431,#432,#420));
#468= IFCFACEOUTERBOUND(#467,.T.);
#469= IFCFACE((#468));
#470= IFCPOLYLOOP((#420,#432,#433,#421));
#471= IFCFACEOUTERBOUND(#470,.T.);
#472= IFCFACE((#471));
#473= IFCPOLYLOOP((#421,#433,#422,#410));
#474= IFCFACEOUTERBOUND(#473,.T.);
#475= IFCFACE((#474));
#476= IFCCARTESIANPOINT((13.,-20.0999999986397,0.));
#477= IFCCARTESIANPOINT((11.2583302491975,-20.0999999986397,6.50000000000039));
#478= IFCCARTESIANPOINT((6.49999999999922,-20.0999999986397,11.2583302491982));
#479= IFCCARTESIANPOINT((-1.34723677608042E-12,-20.0999999986397,13.));
#480= IFCCARTESIANPOINT((-6.50000000000155,-20.0999999986397,11.2583302491968));
#481= IFCCARTESIANPOINT((-11.2583302491988,-20.0999999986397,6.49999999999806));
#482= IFCCARTESIANPOINT((-13.,-20.0999999986397,-2.69447355216084E-12));
#483= IFCCARTESIANPOINT((-11.2583302491961,-20.0999999986397,-6.50000000000272));
#484= IFCCARTESIANPOINT((-6.4999999999969,-20.0999999986397,-11.2583302491995));
#485= IFCCARTESIANPOINT((4.02727742892113E-12,-20.0999999986397,-13.));
#486= IFCCARTESIANPOINT((6.50000000000388,-20.0999999986397,-11.2583302491955));
#487= IFCCARTESIANPOINT((11.2583302492002,-20.0999999986397,-6.49999999999573));
#488= IFCCARTESIANPOINT((13.,1.33175603878044E-09,0.));
#489= IFCCARTESIANPOINT((11.2583302491975,1.33175603878044E-09,6.50000000000039));
#490= IFCCARTESIANPOINT((6.49999999999922,1.33175603878044E-09,11.2583302491982));
#491= IFCCARTESIANPOINT((-1.34723677608042E-12,1.33175603878044E-09,13.));
#492= IFCCARTESIANPOINT((-6.50000000000155,1.33175603878044E-09,11.2583302491968));
#493= IFCCARTESIANPOINT((-11.2583302491988,1.33175603878044E-09,6.49999999999806));
#494= IFCCARTESIANPOINT((-13.,1.33175603878044E-09,-2.69447355216084E-12));
#495= IFCCARTESIANPOINT((-11.2583302491961,1.33175603878044E-09,-6.50000000000272));
#496= IFCCARTESIANPOINT((-6.4999999999969,1.33175603878044E-09,-11.2583302491995));
#497= IFCCARTESIANPOINT((4.02727742892113E-12,1.33175603878044E-09,-13.));
#498= IFCCARTESIANPOINT((6.50000000000388,1.33175603878044E-09,-11.2583302491955));
#499= IFCCARTESIANPOINT((11.2583302492002,1.33175603878044E-09,-6.49999999999573));
#500= IFCPOLYLOOP((#476,#477,#478,#479,#480,#481,#482,#483,#484,#485,#486,#487));
#501= IFCFACEOUTERBOUND(#500,.T.);
#502= IFCFACE((#501));
#503= IFCPOLYLOOP((#499,#498,#497,#496,#495,#494,#493,#492,#491,#490,#489,#488));
#504= IFCFACEOUTERBOUND(#503,.T.);
#505= IFCFACE((#504));
#506= IFCPOLYLOOP((#476,#488,#489,#477));
#507= IFCFACEOUTERBOUND(#506,.T.);
#508= IFCFACE((#507));
#509= IFCPOLYLOOP((#477,#489,#490,#478));
#510= IFCFACEOUTERBOUND(#509,.T.);
#511= IFCFACE((#510));
#512= IFCPOLYLOOP((#478,#490,#491,#479));
#513= IFCFACEOUTERBOUND(#512,.T.);
#514= IFCFACE((#513));
#515= IFCPOLYLOOP((#479,#491,#492,#480));
#516= IFCFACEOUTERBOUND(#515,.T.);
#517= IFCFACE((#516));
#518= IFCPOLYLOOP((#480,#492,#493,#481));
#519= IFCFACEOUTERBOUND(#518,.T.);
#520= IFCFACE((#519));
#521= IFCPOLYLOOP((#481,#493,#494,#482));
#522= IFCFACEOUTERBOUND(#521,.T.);
#523= IFCFACE((#522));
#524= IFCPOLYLOOP((#482,#494,#495,#483));
#525= IFCFACEOUTERBOUND(#524,.T.);
#526= IFCFACE((#525));
#527= IFCPOLYLOOP((#483,#495,#496,#484));
#528= IFCFACEOUTERBOUND(#527,.T.);
#529= IFCFACE((#528));
#530= IFCPOLYLOOP((#484,#496,#497,#485));
#531= IFCFACEOUTERBOUND(#530,.T.);
#532= IFCFACE((#531));
#533= IFCPOLYLOOP((#485,#497,#498,#486));
#534= IFCFACEOUTERBOUND(#533,.T.);
#535= IFCFACE((#534));
#536= IFCPOLYLOOP((#486,#498,#499,#487));
#537= IFCFACEOUTERBOUND(#536,.T.);
#538= IFCFACE((#537));
#539= IFCPOLYLOOP((#487,#499,#488,#476));
#540= IFCFACEOUTERBOUND(#539,.T.);
#541= IFCFACE((#540));
#542= IFCCARTESIANPOINT((20.7846096908265,-63.7654931626931,0.));
#543= IFCCARTESIANPOINT((10.3923048454133,-63.7654931626931,18.));
#544= IFCCARTESIANPOINT((-10.3923048454133,-63.7654931626931,18.));
#545= IFCCARTESIANPOINT((-20.7846096908265,-63.7654931626931,2.54538057293978E-15));
#546= IFCCARTESIANPOINT((-10.3923048454133,-63.7654931626931,-18.));
#547= IFCCARTESIANPOINT((10.3923048454132,-63.7654931626931,-18.));
#548= IFCCARTESIANPOINT((20.7846096908265,-47.9254931626931,0.));
#549= IFCCARTESIANPOINT((10.3923048454133,-47.9254931626931,18.));
#550= IFCCARTESIANPOINT((-10.3923048454133,-47.9254931626931,18.));
#551= IFCCARTESIANPOINT((-20.7846096908265,-47.9254931626931,2.54538057293978E-15));
#552= IFCCARTESIANPOINT((-10.3923048454133,-47.9254931626931,-18.));
#553= IFCCARTESIANPOINT((10.3923048454132,-47.9254931626931,-18.));
#554= IFCPOLYLOOP((#542,#543,#544,#545,#546,#547));
#555= IFCFACEOUTERBOUND(#554,.T.);
#556= IFCFACE((#555));
#557= IFCPOLYLOOP((#553,#552,#551,#550,#549,#548));
#558= IFCFACEOUTERBOUND(#557,.T.);
#559= IFCFACE((#558));
#560= IFCPOLYLOOP((#542,#548,#549,#543));
#561= IFCFACEOUTERBOUND(#560,.T.);
#562= IFCFACE((#561));
#563= IFCPOLYLOOP((#543,#549,#550,#544));
#564= IFCFACEOUTERBOUND(#563,.T.);
#565= IFCFACE((#564));
#566= IFCPOLYLOOP((#544,#550,#551,#545));
#567= IFCFACEOUTERBOUND(#566,.T.);
#568= IFCFACE((#567));
#569= IFCPOLYLOOP((#545,#551,#552,#546));
#570= IFCFACEOUTERBOUND(#569,.T.);
#571= IFCFACE((#570));
#572= IFCPOLYLOOP((#546,#552,#553,#547));
#573= IFCFACEOUTERBOUND(#572,.T.);
#574= IFCFACE((#573));
#575= IFCPOLYLOOP((#547,#553,#548,#542));
#576= IFCFACEOUTERBOUND(#575,.T.);
#577= IFCFACE((#576));
#578= IFCCARTESIANPOINT((12.,-47.9254931626931,0.));
#579= IFCCARTESIANPOINT((10.3923048454131,-47.9254931626931,6.00000000000036));
#580= IFCCARTESIANPOINT((5.99999999999928,-47.9254931626931,10.3923048454137));
#581= IFCCARTESIANPOINT((-1.24360317792039E-12,-47.9254931626931,12.));
#582= IFCCARTESIANPOINT((-6.00000000000143,-47.9254931626931,10.3923048454124));
#583= IFCCARTESIANPOINT((-10.3923048454143,-47.9254931626931,5.99999999999821));
#584= IFCCARTESIANPOINT((-12.,-47.9254931626931,-2.48720635584077E-12));
#585= IFCCARTESIANPOINT((-10.3923048454118,-47.9254931626931,-6.00000000000251));
#586= IFCCARTESIANPOINT((-5.99999999999713,-47.9254931626931,-10.3923048454149));
#587= IFCCARTESIANPOINT((3.71748685746566E-12,-47.9254931626931,-12.));
#588= IFCCARTESIANPOINT((6.00000000000358,-47.9254931626931,-10.3923048454112));
#589= IFCCARTESIANPOINT((10.3923048454155,-47.9254931626931,-5.99999999999605));
#590= IFCCARTESIANPOINT((12.,37.0745068373069,0.));
#591= IFCCARTESIANPOINT((10.3923048454131,37.0745068373069,6.00000000000036));
#592= IFCCARTESIANPOINT((5.99999999999928,37.0745068373069,10.3923048454137));
#593= IFCCARTESIANPOINT((-1.24360317792039E-12,37.0745068373069,12.));
#594= IFCCARTESIANPOINT((-6.00000000000143,37.0745068373069,10.3923048454124));
#595= IFCCARTESIANPOINT((-10.3923048454143,37.0745068373069,5.99999999999821));
#596= IFCCARTESIANPOINT((-12.,37.0745068373069,-2.48720635584077E-12));
#597= IFCCARTESIANPOINT((-10.3923048454118,37.0745068373069,-6.00000000000251));
#598= IFCCARTESIANPOINT((-5.99999999999713,37.0745068373069,-10.3923048454149));
#599= IFCCARTESIANPOINT((3.71748685746566E-12,37.0745068373069,-12.));
#600= IFCCARTESIANPOINT((6.00000000000358,37.0745068373069,-10.3923048454112));
#601= IFCCARTESIANPOINT((10.3923048454155,37.0745068373069,-5.99999999999605));
#602= IFCPOLYLOOP((#578,#579,#580,#581,#582,#583,#584,#585,#586,#587,#588,#589));
#603= IFCFACEOUTERBOUND(#602,.T.);
#604= IFCFACE((#603));
#605= IFCPOLYLOOP((#601,#600,#599,#598,#597,#596,#595,#594,#593,#592,#591,#590));
#606= IFCFACEOUTERBOUND(#605,.T.);
#607= IFCFACE((#606));
#608= IFCPOLYLOOP((#578,#590,#591,#579));
#609= IFCFACEOUTERBOUND(#608,.T.);
#610= IFCFACE((#609));
#611= IFCPOLYLOOP((#579,#591,#592,#580));
#612= IFCFACEOUTERBOUND(#611,.T.);
#613= IFCFACE((#612));
#614= IFCPOLYLOOP((#580,#592,#593,#581));
#615= IFCFACEOUTERBOUND(#614,.T.);
#616= IFCFACE((#615));
#617= IFCPOLYLOOP((#581,#593,#594,#582));
#618= IFCFACEOUTERBOUND(#617,.T.);
#619= IFCFACE((#618));
#620= IFCPOLYLOOP((#582,#594,#595,#583));
#621= IFCFACEOUTERBOUND(#620,.T.);
#622= IFCFACE((#621));
#623= IFCPOLYLOOP((#583,#595,#596,#584));
#624= IFCFACEOUTERBOUND(#623,.T.);
#625= IFCFACE((#624));
#626= IFCPOLYLOOP((#584,#596,#597,#585));
#627= IFCFACEOUTERBOUND(#626,.T.);
#628= IFCFACE((#627));
#629= IFCPOLYLOOP((#585,#597,#598,#586));
#630= IFCFACEOUTERBOUND(#629,.T.);
#631= IFCFACE((#630));
#632= IFCPOLYLOOP((#586,#598,#599,#587));
#633= IFCFACEOUTERBOUND(#632,.T.);
#634= IFCFACE((#633));
#635= IFCPOLYLOOP((#587,#599,#600,#588));
#636= IFCFACEOUTERBOUND(#635,.T.);
#637= IFCFACE((#636));
#638= IFCPOLYLOOP((#588,#600,#601,#589));
#639= IFCFACEOUTERBOUND(#638,.T.);
#640= IFCFACE((#639));
#641= IFCPOLYLOOP((#589,#601,#590,#578));
#642= IFCFACEOUTERBOUND(#641,.T.);
#643= IFCFACE((#642));
#644= IFCCARTESIANPOINT((21.6,-47.9254931626931,0.));
#645= IFCCARTESIANPOINT((18.7061487217435,-47.9254931626931,10.8000000000006));
#646= IFCCARTESIANPOINT((10.7999999999987,-47.9254931626931,18.7061487217446));
#647= IFCCARTESIANPOINT((-2.2384857202567E-12,-47.9254931626931,21.6));
#648= IFCCARTESIANPOINT((-10.8000000000026,-47.9254931626931,18.7061487217424));
#649= IFCCARTESIANPOINT((-18.7061487217457,-47.9254931626931,10.7999999999968));
#650= IFCCARTESIANPOINT((-21.6,-47.9254931626931,-4.47697144051339E-12));
#651= IFCCARTESIANPOINT((-18.7061487217413,-47.9254931626931,-10.8000000000045));
#652= IFCCARTESIANPOINT((-10.7999999999948,-47.9254931626931,-18.7061487217469));
#653= IFCCARTESIANPOINT((6.69147634343819E-12,-47.9254931626931,-21.6));
#654= IFCCARTESIANPOINT((10.8000000000064,-47.9254931626931,-18.7061487217402));
#655= IFCCARTESIANPOINT((18.706148721748,-47.9254931626931,-10.7999999999929));
#656= IFCCARTESIANPOINT((21.6,-40.0054931626931,0.));
#657= IFCCARTESIANPOINT((18.7061487217435,-40.0054931626931,10.8000000000006));
#658= IFCCARTESIANPOINT((10.7999999999987,-40.0054931626931,18.7061487217446));
#659= IFCCARTESIANPOINT((-2.2384857202567E-12,-40.0054931626931,21.6));
#660= IFCCARTESIANPOINT((-10.8000000000026,-40.0054931626931,18.7061487217424));
#661= IFCCARTESIANPOINT((-18.7061487217457,-40.0054931626931,10.7999999999968));
#662= IFCCARTESIANPOINT((-21.6,-40.0054931626931,-4.47697144051339E-12));
#663= IFCCARTESIANPOINT((-18.7061487217413,-40.0054931626931,-10.8000000000045));
#664= IFCCARTESIANPOINT((-10.7999999999948,-40.0054931626931,-18.7061487217469));
#665= IFCCARTESIANPOINT((6.69147634343819E-12,-40.0054931626931,-21.6));
#666= IFCCARTESIANPOINT((10.8000000000064,-40.0054931626931,-18.7061487217402));
#667= IFCCARTESIANPOINT((18.706148721748,-40.0054931626931,-10.7999999999929));
#668= IFCPOLYLOOP((#644,#645,#646,#647,#648,#649,#650,#651,#652,#653,#654,#655));
#669= IFCFACEOUTERBOUND(#668,.T.);
#670= IFCFACE((#669));
#671= IFCPOLYLOOP((#667,#666,#665,#664,#663,#662,#661,#660,#659,#658,#657,#656));
#672= IFCFACEOUTERBOUND(#671,.T.);
#673= IFCFACE((#672));
#674= IFCPOLYLOOP((#644,#656,#657,#645));
#675= IFCFACEOUTERBOUND(#674,.T.);
#676= IFCFACE((#675));
#677= IFCPOLYLOOP((#645,#657,#658,#646));
#678= IFCFACEOUTERBOUND(#677,.T.);
#679= IFCFACE((#678));
#680= IFCPOLYLOOP((#646,#658,#659,#647));
#681= IFCFACEOUTERBOUND(#680,.T.);
#682= IFCFACE((#681));
#683= IFCPOLYLOOP((#647,#659,#660,#648));
#684= IFCFACEOUTERBOUND(#683,.T.);
#685= IFCFACE((#684));
#686= IFCPOLYLOOP((#648,#660,#661,#649));
#687= IFCFACEOUTERBOUND(#686,.T.);
#688= IFCFACE((#687));
#689= IFCPOLYLOOP((#649,#661,#662,#650));
#690= IFCFACEOUTERBOUND(#689,.T.);
#691= IFCFACE((#690));
#692= IFCPOLYLOOP((#650,#662,#663,#651));
#693= IFCFACEOUTERBOUND(#692,.T.);
#694= IFCFACE((#693));
#695= IFCPOLYLOOP((#651,#663,#664,#652));
#696= IFCFACEOUTERBOUND(#695,.T.);
#697= IFCFACE((#696));
#698= IFCPOLYLOOP((#652,#664,#665,#653));
#699= IFCFACEOUTERBOUND(#698,.T.);
#700= IFCFACE((#699));
#701= IFCPOLYLOOP((#653,#665,#666,#654));
#702= IFCFACEOUTERBOUND(#701,.T.);
#703= IFCFACE((#702));
#704= IFCPOLYLOOP((#654,#666,#667,#655));
#705= IFCFACEOUTERBOUND(#704,.T.);
#706= IFCFACE((#705));
#707= IFCPOLYLOOP((#655,#667,#656,#644));
#708= IFCFACEOUTERBOUND(#707,.T.);
#709= IFCFACE((#708));
#710= IFCCARTESIANPOINT((21.6,1.33175603878044E-09,0.));
#711= IFCCARTESIANPOINT((18.7061487217435,1.33175603878044E-09,10.8000000000006));
#712= IFCCARTESIANPOINT((10.7999999999987,1.33175603878044E-09,18.7061487217446));
#713= IFCCARTESIANPOINT((-2.2384857202567E-12,1.33175603878044E-09,21.6));
#714= IFCCARTESIANPOINT((-10.8000000000026,1.33175603878044E-09,18.7061487217424));
#715= IFCCARTESIANPOINT((-18.7061487217457,1.33175603878044E-09,10.7999999999968));
#716= IFCCARTESIANPOINT((-21.6,1.33175603878044E-09,-4.47697144051339E-12));
#717= IFCCARTESIANPOINT((-18.7061487217413,1.33175603878044E-09,-10.8000000000045));
#718= IFCCARTESIANPOINT((-10.7999999999948,1.33175603878044E-09,-18.7061487217469));
#719= IFCCARTESIANPOINT((6.69147634343819E-12,1.33175603878044E-09,-21.6));
#720= IFCCARTESIANPOINT((10.8000000000064,1.33175603878044E-09,-18.7061487217402));
#721= IFCCARTESIANPOINT((18.706148721748,1.33175603878044E-09,-10.7999999999929));
#722= IFCCARTESIANPOINT((21.6,7.92000000133176,0.));
#723= IFCCARTESIANPOINT((18.7061487217435,7.92000000133176,10.8000000000006));
#724= IFCCARTESIANPOINT((10.7999999999987,7.92000000133176,18.7061487217446));
#725= IFCCARTESIANPOINT((-2.2384857202567E-12,7.92000000133176,21.6));
#726= IFCCARTESIANPOINT((-10.8000000000026,7.92000000133176,18.7061487217424));
#727= IFCCARTESIANPOINT((-18.7061487217457,7.92000000133176,10.7999999999968));
#728= IFCCARTESIANPOINT((-21.6,7.92000000133176,-4.47697144051339E-12));
#729= IFCCARTESIANPOINT((-18.7061487217413,7.92000000133176,-10.8000000000045));
#730= IFCCARTESIANPOINT((-10.7999999999948,7.92000000133176,-18.7061487217469));
#731= IFCCARTESIANPOINT((6.69147634343819E-12,7.92000000133176,-21.6));
#732= IFCCARTESIANPOINT((10.8000000000064,7.92000000133176,-18.7061487217402));
#733= IFCCARTESIANPOINT((18.706148721748,7.92000000133176,-10.7999999999929));
#734= IFCPOLYLOOP((#710,#711,#712,#713,#714,#715,#716,#717,#718,#719,#720,#721));
#735= IFCFACEOUTERBOUND(#734,.T.);
#736= IFCFACE((#735));
#737= IFCPOLYLOOP((#733,#732,#731,#730,#729,#728,#727,#726,#725,#724,#723,#722));
#738= IFCFACEOUTERBOUND(#737,.T.);
#739= IFCFACE((#738));
#740= IFCPOLYLOOP((#710,#722,#723,#711));
#741= IFCFACEOUTERBOUND(#740,.T.);
#742= IFCFACE((#741));
#743= IFCPOLYLOOP((#711,#723,#724,#712));
#744= IFCFACEOUTERBOUND(#743,.T.);
#745= IFCFACE((#744));
#746= IFCPOLYLOOP((#712,#724,#725,#713));
#747= IFCFACEOUTERBOUND(#746,.T.);
#748= IFCFACE((#747));
#749= IFCPOLYLOOP((#713,#725,#726,#714));
#750= IFCFACEOUTERBOUND(#749,.T.);
#751= IFCFACE((#750));
#752= IFCPOLYLOOP((#714,#726,#727,#715));
#753= IFCFACEOUTERBOUND(#752,.T.);
#754= IFCFACE((#753));
#755= IFCPOLYLOOP((#715,#727,#728,#716));
#756= IFCFACEOUTERBOUND(#755,.T.);
#757= IFCFACE((#756));
#758= IFCPOLYLOOP((#716,#728,#729,#717));
#759= IFCFACEOUTERBOUND(#758,.T.);
#760= IFCFACE((#759));
#761= IFCPOLYLOOP((#717,#729,#730,#718));
#762= IFCFACEOUTERBOUND(#761,.T.);
#763= IFCFACE((#762));
#764= IFCPOLYLOOP((#718,#730,#731,#719));
#765= IFCFACEOUTERBOUND(#764,.T.);
#766= IFCFACE((#765));
#767= IFCPOLYLOOP((#719,#731,#732,#720));
#768= IFCFACEOUTERBOUND(#767,.T.);
#769= IFCFACE((#768));
#770= IFCPOLYLOOP((#720,#732,#733,#721));
#771= IFCFACEOUTERBOUND(#770,.T.);
#772= IFCFACE((#771));
#773= IFCPOLYLOOP((#721,#733,#722,#710));
#774= IFCFACEOUTERBOUND(#773,.T.);
#775= IFCFACE((#774));
#776= IFCCARTESIANPOINT((23.0016347245147,7.92000000133176,0.));
#777= IFCCARTESIANPOINT((11.5008173622573,7.92000000133176,19.92));
#778= IFCCARTESIANPOINT((-11.5008173622573,7.92000000133176,19.92));
#779= IFCCARTESIANPOINT((-23.0016347245147,7.92000000133176,2.81688783405335E-15));
#780= IFCCARTESIANPOINT((-11.5008173622574,7.92000000133176,-19.92));
#781= IFCCARTESIANPOINT((11.5008173622573,7.92000000133176,-19.92));
#782= IFCCARTESIANPOINT((23.0016347245147,23.7600000013318,0.));
#783= IFCCARTESIANPOINT((11.5008173622573,23.7600000013318,19.92));
#784= IFCCARTESIANPOINT((-11.5008173622573,23.7600000013318,19.92));
#785= IFCCARTESIANPOINT((-23.0016347245147,23.7600000013318,2.81688783405335E-15));
#786= IFCCARTESIANPOINT((-11.5008173622574,23.7600000013318,-19.92));
#787= IFCCARTESIANPOINT((11.5008173622573,23.7600000013318,-19.92));
#788= IFCPOLYLOOP((#776,#777,#778,#779,#780,#781));
#789= IFCFACEOUTERBOUND(#788,.T.);
#790= IFCFACE((#789));
#791= IFCPOLYLOOP((#787,#786,#785,#784,#783,#782));
#792= IFCFACEOUTERBOUND(#791,.T.);
#793= IFCFACE((#792));
#794= IFCPOLYLOOP((#776,#782,#783,#777));
#795= IFCFACEOUTERBOUND(#794,.T.);
#796= IFCFACE((#795));
#797= IFCPOLYLOOP((#777,#783,#784,#778));
#798= IFCFACEOUTERBOUND(#797,.T.);
#799= IFCFACE((#798));
#800= IFCPOLYLOOP((#778,#784,#785,#779));
#801= IFCFACEOUTERBOUND(#800,.T.);
#802= IFCFACE((#801));
#803= IFCPOLYLOOP((#779,#785,#786,#780));
#804= IFCFACEOUTERBOUND(#803,.T.);
#805= IFCFACE((#804));
#806= IFCPOLYLOOP((#780,#786,#787,#781));
#807= IFCFACEOUTERBOUND(#806,.T.);
#808= IFCFACE((#807));
#809= IFCPOLYLOOP((#781,#787,#782,#776));
#810= IFCFACEOUTERBOUND(#809,.T.);
#811= IFCFACE((#810));
#812= IFCCLOSEDSHELL((#556,#559,#562,#565,#568,#571,#574,#577,#604,#607,#610,#613,#616,#619,#622,#625,#628,#631,#634,#637,#640,#643,#670,#673,#676,#679,#682,#685,#688,#691,#694,#697,#700,#703,#706,#709,#736,#739,#742,#745,#748,#751,#754,#757,#760,#763,#766,#769,#772,#775,#790,#793,#796,#799,#802,#805,#808,#811));
#813= IFCFACETEDBREP(#812);
#814= IFCSTYLEDITEM(#813,(#48),$);
#815= IFCCLOSEDSHELL((#436,#439,#442,#445,#448,#451,#454,#457,#460,#463,#466,#469,#472,#475,#502,#505,#508,#511,#514,#517,#520,#523,#526,#529,#532,#535,#538,#541));
#816= IFCFACETEDBREP(#815);
#817= IFCSTYLEDITEM(#816,(#119),$);
#818= IFCSHAPEREPRESENTATION(#12,'Body','Brep',(#813,#816));
#819= IFCREPRESENTATIONMAP(#10,#818);
#820= IFCMAPPEDITEM(#819,#122);
#821= IFCSHAPEREPRESENTATION(#12,'Body','MappedRepresentation',(#820));
#822= IFCPRODUCTDEFINITIONSHAPE($,$,(#821));
#823= IFCCARTESIANPOINT((15170.030336442,30162.9957275264,16579.9273965447));
#824= IFCDIRECTION((0.,-1.,0.));
#825= IFCDIRECTION((5.62460000478262E-05,0.,-0.999999998418194));
#826= IFCAXIS2PLACEMENT3D(#823,#824,#825);
#827= IFCLOCALPLACEMENT(#42,#826);
#828= IFCMECHANICALFASTENER('27SJw6AGj8jfNW21$epCKA',#409,'Bolt assembly',$,$,#827,#822,'ID87713e86-290b-48b6-95e0-081fe8ccc50a',24.,85.);
#829= IFCPROPERTYSINGLEVALUE('Washer count',$,IFCINTEGER(2),$);
#830= IFCPROPERTYSINGLEVALUE('Nut count',$,IFCINTEGER(1),$);
#831= IFCPROPERTYSINGLEVALUE('Bolt size',$,IFCLENGTHMEASURE(24.),$);
#832= IFCPROPERTYSINGLEVALUE('Bolt length',$,IFCLENGTHMEASURE(85.),$);
#833= IFCPROPERTYSET('3lIZHGNPr8GArq6aGDwLdN',#5,'Tekla Bolt','Bolt Properties',(#829,#136,#137,#138,#830,#140,#141,#142,#143,#144,#145,#146,#831,#832,#149,#150));
#834= IFCMAPPEDITEM(#819,#122);
#835= IFCSHAPEREPRESENTATION(#12,'Body','MappedRepresentation',(#834));
#836= IFCPRODUCTDEFINITIONSHAPE($,$,(#835));
#837= IFCCARTESIANPOINT((15170.0303364425,30042.9957275264,16579.9273965447));
#838= IFCAXIS2PLACEMENT3D(#837,#824,#825);
#839= IFCLOCALPLACEMENT(#42,#838);
#840= IFCMECHANICALFASTENER('17O2PzdQXESOvLxy$g1J4D',#409,'Bolt assembly',$,$,#839,#836,'ID4760267d-9da8-4e71-8e55-efcfea05310d',24.,85.);
#841= IFCMAPPEDITEM(#819,#122);
#842= IFCSHAPEREPRESENTATION(#12,'Body','MappedRepresentation',(#841));
#843= IFCPRODUCTDEFINITIONSHAPE($,$,(#842));
#844= IFCCARTESIANPOINT((15170.030336443,29922.9957275264,16579.9273965447));
#845= IFCAXIS2PLACEMENT3D(#844,#824,#825);
#846= IFCLOCALPLACEMENT(#42,#845);
#847= IFCMECHANICALFASTENER('1MZIDRh01Bl9BKb70iILzl',#409,'Bolt assembly',$,$,#846,#843,'ID568d235b-ac00-4bbc-92d4-94702c495f6f',24.,85.);
#848= IFCMAPPEDITEM(#819,#122);
#849= IFCSHAPEREPRESENTATION(#12,'Body','MappedRepresentation',(#848));
#850= IFCPRODUCTDEFINITIONSHAPE($,$,(#849));
#851= IFCCARTESIANPOINT((15170.0235869219,30162.9957275264,16699.9273963549));
#852= IFCAXIS2PLACEMENT3D(#851,#824,#825);
#853= IFCLOCALPLACEMENT(#42,#852);
#854= IFCMECHANICALFASTENER('1BY$8a6u93BuNdoIjpHfeg',#409,'Bolt assembly',$,$,#853,#850,'ID4b8bf224-1b82-432f-85e7-c92b73469a2a',24.,85.);
#855= IFCMAPPEDITEM(#819,#122);
#856= IFCSHAPEREPRESENTATION(#12,'Body','MappedRepresentation',(#855));
#857= IFCPRODUCTDEFINITIONSHAPE($,$,(#856));
#858= IFCCARTESIANPOINT((15170.0235869229,29922.9957275264,16699.9273963549));
#859= IFCAXIS2PLACEMENT3D(#858,#824,#825);
#860= IFCLOCALPLACEMENT(#42,#859);
#861= IFCMECHANICALFASTENER('1HbaygBxj2LwYRvbcpT10R',#409,'Bolt assembly',$,$,#860,#857,'ID51964f2a-2fbb-4257-a89b-e659b374101b',24.,85.);
#862= IFCMAPPEDITEM(#819,#122);
#863= IFCSHAPEREPRESENTATION(#12,'Body','MappedRepresentation',(#862));
#864= IFCPRODUCTDEFINITIONSHAPE($,$,(#863));
#865= IFCCARTESIANPOINT((15170.0171186318,30162.9957275264,16814.927396173));
#866= IFCAXIS2PLACEMENT3D(#865,#824,#825);
#867= IFCLOCALPLACEMENT(#42,#866);
#868= IFCMECHANICALFASTENER('1KY3b2aYj7fhGmB$BmiUFe',#409,'Bolt assembly',$,$,#867,#864,'ID54883942-922b-47a6-b430-2ff2f0b1e3e8',24.,85.);
#869= IFCMAPPEDITEM(#819,#122);
#870= IFCSHAPEREPRESENTATION(#12,'Body','MappedRepresentation',(#869));
#871= IFCPRODUCTDEFINITIONSHAPE($,$,(#870));
#872= IFCCARTESIANPOINT((15170.0171186328,29922.9957275264,16814.927396173));
#873= IFCAXIS2PLACEMENT3D(#872,#824,#825);
#874= IFCLOCALPLACEMENT(#42,#873);
#875= IFCMECHANICALFASTENER('3ePSplYBrBOOnjsPAbmDa5',#409,'Bolt assembly',$,$,#874,#871,'IDe865ccef-88bd-4b61-8c6d-d992a5c0d905',24.,85.);
#876= IFCMAPPEDITEM(#819,#122);
#877= IFCSHAPEREPRESENTATION(#12,'Body','MappedRepresentation',(#876));
#878= IFCPRODUCTDEFINITIONSHAPE($,$,(#877));
#879= IFCCARTESIANPOINT((15170.0106503417,30162.9957275264,16929.9273959911));
#880= IFCAXIS2PLACEMENT3D(#879,#824,#825);
#881= IFCLOCALPLACEMENT(#42,#880);
#882= IFCMECHANICALFASTENER('2TzOmA0CXEUQEt3u4V0Cj5',#409,'Bolt assembly',$,$,#881,#878,'ID9df58c0a-00c8-4e79-a3b7-0f811f00cb45',24.,85.);
#883= IFCMAPPEDITEM(#819,#122);
#884= IFCSHAPEREPRESENTATION(#12,'Body','MappedRepresentation',(#883));
#885= IFCPRODUCTDEFINITIONSHAPE($,$,(#884));
#886= IFCCARTESIANPOINT((15170.0106503422,30042.9957275264,16929.9273959911));
#887= IFCAXIS2PLACEMENT3D(#886,#824,#825);
#888= IFCLOCALPLACEMENT(#42,#887);
#889= IFCMECHANICALFASTENER('24$3Rr6LTBrxydptJZbBOj',#409,'Bolt assembly',$,$,#888,#885,'ID84fc36f5-1957-4bd7-bf27-cf74e394b62d',24.,85.);
#890= IFCMAPPEDITEM(#819,#122);
#891= IFCSHAPEREPRESENTATION(#12,'Body','MappedRepresentation',(#890));
#892= IFCPRODUCTDEFINITIONSHAPE($,$,(#891));
#893= IFCCARTESIANPOINT((15170.0106503427,29922.9957275264,16929.9273959911));
#894= IFCAXIS2PLACEMENT3D(#893,#824,#825);
#895= IFCLOCALPLACEMENT(#42,#894);
#896= IFCMECHANICALFASTENER('3cpX0AsUrCnfxfbGwzWEWu',#409,'Bolt assembly',$,$,#895,#892,'IDe6ce100a-d9ed-4cc6-9ee9-950ebd80e838',24.,85.);
#897= IFCCOLOURRGB('Dark Gray',0.709803921568627,0.403921568627451,0.2);
#898= IFCSURFACESTYLERENDERING(#897,0.,$,$,$,$,IFCNORMALISEDRATIOMEASURE(0.00390625),IFCSPECULAREXPONENT(10.),.NOTDEFINED.);
#899= IFCSURFACESTYLE('STEEL/S275',.POSITIVE.,(#898));
#900= IFCPRESENTATIONSTYLEASSIGNMENT((#899));
#901= IFCCARTESIANPOINT((7.27595761418343E-12,-4.99999999999636,20.));
#902= IFCCARTESIANPOINT((1.09139364212751E-11,-4.99999999999636,100.));
#903= IFCCARTESIANPOINT((1.81898940354586E-12,4.99999999999636,100.));
#904= IFCCARTESIANPOINT((-1.81898940354586E-12,4.99999999999636,20.));
#905= IFCPOLYLOOP((#901,#902,#903,#904));
#906= IFCFACEOUTERBOUND(#905,.T.);
#907= IFCFACE((#906));
#908= IFCCARTESIANPOINT((3.90180644033171,-4.99999999999272,100.384294391934));
#909= IFCCARTESIANPOINT((3.9018064403208,5.,100.384294391934));
#910= IFCPOLYLOOP((#902,#908,#909,#903));
#911= IFCFACEOUTERBOUND(#910,.T.);
#912= IFCFACE((#911));
#913= IFCCARTESIANPOINT((7.6536686473064,-4.99999999998909,101.522409349775));
#914= IFCCARTESIANPOINT((7.65366864729913,5.00000000000364,101.522409349775));
#915= IFCPOLYLOOP((#908,#913,#914,#909));
#916= IFCFACEOUTERBOUND(#915,.T.);
#917= IFCFACE((#916));
#918= IFCCARTESIANPOINT((11.1114046603943,-4.99999999998909,103.37060775395));
#919= IFCCARTESIANPOINT((11.1114046603852,5.00000000000364,103.37060775395));
#920= IFCPOLYLOOP((#913,#918,#919,#914));
#921= IFCFACEOUTERBOUND(#920,.T.);
#922= IFCFACE((#921));
#923= IFCCARTESIANPOINT((14.1421356237333,-4.99999999998545,105.85786437627));
#924= IFCCARTESIANPOINT((14.1421356237224,5.00000000000728,105.85786437627));
#925= IFCPOLYLOOP((#918,#923,#924,#919));
#926= IFCFACEOUTERBOUND(#925,.T.);
#927= IFCFACE((#926));
#928= IFCCARTESIANPOINT((16.6293922460518,-4.99999999998181,108.888595339609));
#929= IFCCARTESIANPOINT((16.6293922460409,5.00000000001091,108.888595339609));
#930= IFCPOLYLOOP((#923,#928,#929,#924));
#931= IFCFACEOUTERBOUND(#930,.T.);
#932= IFCFACE((#931));
#933= IFCCARTESIANPOINT((18.4775906502255,-4.99999999998181,112.346331352699));
#934= IFCCARTESIANPOINT((18.4775906502164,5.00000000001091,112.346331352699));
#935= IFCPOLYLOOP((#928,#933,#934,#929));
#936= IFCFACEOUTERBOUND(#935,.T.);
#937= IFCFACE((#936));
#938= IFCCARTESIANPOINT((19.615705608061,-4.99999999997817,116.098193559676));
#939= IFCCARTESIANPOINT((19.6157056080538,5.00000000001455,116.098193559676));
#940= IFCPOLYLOOP((#933,#938,#939,#934));
#941= IFCFACEOUTERBOUND(#940,.T.);
#942= IFCFACE((#941));
#943= IFCCARTESIANPOINT((19.9999999999982,-4.99999999997817,120.));
#944= IFCCARTESIANPOINT((19.9999999999891,5.00000000001455,120.));
#945= IFCPOLYLOOP((#938,#943,#944,#939));
#946= IFCFACEOUTERBOUND(#945,.T.);
#947= IFCFACE((#946));
#948= IFCCARTESIANPOINT((109.999999999925,-4.99999999989814,120.));
#949= IFCCARTESIANPOINT((109.999999999918,5.00000000009459,120.));
#950= IFCPOLYLOOP((#943,#948,#949,#944));
#951= IFCFACEOUTERBOUND(#950,.T.);
#952= IFCFACE((#951));
#953= IFCCARTESIANPOINT((110.384294391861,-4.99999999989814,116.098193559679));
#954= IFCCARTESIANPOINT((110.384294391853,5.00000000009459,116.098193559679));
#955= IFCPOLYLOOP((#948,#953,#954,#949));
#956= IFCFACEOUTERBOUND(#955,.T.);
#957= IFCFACE((#956));
#958= IFCCARTESIANPOINT((111.522409349698,-4.99999999989814,112.346331352699));
#959= IFCCARTESIANPOINT((111.522409349691,5.00000000009823,112.346331352699));
#960= IFCPOLYLOOP((#953,#958,#959,#954));
#961= IFCFACEOUTERBOUND(#960,.T.);
#962= IFCFACE((#961));
#963= IFCCARTESIANPOINT((113.370607753872,-4.99999999989814,108.888595339609));
#964= IFCCARTESIANPOINT((113.370607753865,5.00000000009823,108.888595339609));
#965= IFCPOLYLOOP((#958,#963,#964,#959));
#966= IFCFACEOUTERBOUND(#965,.T.);
#967= IFCFACE((#966));
#968= IFCCARTESIANPOINT((115.85786437619,-4.9999999998945,105.85786437627));
#969= IFCCARTESIANPOINT((115.857864376183,5.00000000009823,105.85786437627));
#970= IFCPOLYLOOP((#963,#968,#969,#964));
#971= IFCFACEOUTERBOUND(#970,.T.);
#972= IFCFACE((#971));
#973= IFCCARTESIANPOINT((118.888595339527,-4.99999999989086,103.37060775395));
#974= IFCCARTESIANPOINT((118.888595339518,5.00000000010186,103.37060775395));
#975= IFCPOLYLOOP((#968,#973,#974,#969));
#976= IFCFACEOUTERBOUND(#975,.T.);
#977= IFCFACE((#976));
#978= IFCCARTESIANPOINT((122.346331352615,-4.99999999989086,101.522409349775));
#979= IFCCARTESIANPOINT((122.346331352606,5.00000000010186,101.522409349775));
#980= IFCPOLYLOOP((#973,#978,#979,#974));
#981= IFCFACEOUTERBOUND(#980,.T.);
#982= IFCFACE((#981));
#983= IFCCARTESIANPOINT((126.098193559592,-4.99999999988722,100.384294391937));
#984= IFCCARTESIANPOINT((126.098193559585,5.0000000001055,100.384294391937));
#985= IFCPOLYLOOP((#978,#983,#984,#979));
#986= IFCFACEOUTERBOUND(#985,.T.);
#987= IFCFACE((#986));
#988= IFCCARTESIANPOINT((129.999999999911,-4.99999999988358,100.));
#989= IFCCARTESIANPOINT((129.999999999904,5.00000000010914,100.));
#990= IFCPOLYLOOP((#983,#988,#989,#984));
#991= IFCFACEOUTERBOUND(#990,.T.);
#992= IFCFACE((#991));
#993= IFCCARTESIANPOINT((129.999999999911,-4.99999999988358,20.));
#994= IFCCARTESIANPOINT((129.999999999904,5.00000000010914,20.));
#995= IFCPOLYLOOP((#988,#993,#994,#989));
#996= IFCFACEOUTERBOUND(#995,.T.);
#997= IFCFACE((#996));
#998= IFCCARTESIANPOINT((126.098193559592,-4.99999999988722,19.6157056080629));
#999= IFCCARTESIANPOINT((126.098193559585,5.0000000001055,19.6157056080629));
#1000= IFCPOLYLOOP((#993,#998,#999,#994));
#1001= IFCFACEOUTERBOUND(#1000,.T.);
#1002= IFCFACE((#1001));
#1003= IFCCARTESIANPOINT((122.346331352615,-4.99999999989086,18.4775906502255));
#1004= IFCCARTESIANPOINT((122.346331352606,5.00000000010186,18.4775906502255));
#1005= IFCPOLYLOOP((#998,#1003,#1004,#999));
#1006= IFCFACEOUTERBOUND(#1005,.T.);
#1007= IFCFACE((#1006));
#1008= IFCCARTESIANPOINT((118.888595339527,-4.99999999989086,16.62939224605));
#1009= IFCCARTESIANPOINT((118.888595339518,5.00000000010186,16.62939224605));
#1010= IFCPOLYLOOP((#1003,#1008,#1009,#1004));
#1011= IFCFACEOUTERBOUND(#1010,.T.);
#1012= IFCFACE((#1011));
#1013= IFCCARTESIANPOINT((115.85786437619,-4.9999999998945,14.1421356237297));
#1014= IFCCARTESIANPOINT((115.857864376183,5.00000000009823,14.1421356237297));
#1015= IFCPOLYLOOP((#1008,#1013,#1014,#1009));
#1016= IFCFACEOUTERBOUND(#1015,.T.);
#1017= IFCFACE((#1016));
#1018= IFCCARTESIANPOINT((113.370607753872,-4.99999999989814,11.1114046603907));
#1019= IFCCARTESIANPOINT((113.370607753865,5.00000000009823,11.1114046603907));
#1020= IFCPOLYLOOP((#1013,#1018,#1019,#1014));
#1021= IFCFACEOUTERBOUND(#1020,.T.);
#1022= IFCFACE((#1021));
#1023= IFCCARTESIANPOINT((111.522409349698,-4.99999999989814,7.65366864730095));
#1024= IFCCARTESIANPOINT((111.522409349691,5.00000000009823,7.65366864730095));
#1025= IFCPOLYLOOP((#1018,#1023,#1024,#1019));
#1026= IFCFACEOUTERBOUND(#1025,.T.);
#1027= IFCFACE((#1026));
#1028= IFCCARTESIANPOINT((110.384294391861,-4.99999999989814,3.9018064403208));
#1029= IFCCARTESIANPOINT((110.384294391853,5.00000000009459,3.9018064403208));
#1030= IFCPOLYLOOP((#1023,#1028,#1029,#1024));
#1031= IFCFACEOUTERBOUND(#1030,.T.);
#1032= IFCFACE((#1031));
#1033= IFCCARTESIANPOINT((109.999999999925,-4.99999999989814,0.));
#1034= IFCCARTESIANPOINT((109.999999999918,5.00000000009459,0.));
#1035= IFCPOLYLOOP((#1028,#1033,#1034,#1029));
#1036= IFCFACEOUTERBOUND(#1035,.T.);
#1037= IFCFACE((#1036));
#1038= IFCCARTESIANPOINT((19.9999999999909,-4.99999999997817,0.));
#1039= IFCCARTESIANPOINT((19.9999999999818,5.00000000001455,0.));
#1040= IFCPOLYLOOP((#1033,#1038,#1039,#1034));
#1041= IFCFACEOUTERBOUND(#1040,.T.);
#1042= IFCFACE((#1041));
#1043= IFCCARTESIANPOINT((19.6157056080538,-4.99999999997817,3.9018064403208));
#1044= IFCCARTESIANPOINT((19.6157056080465,5.00000000001455,3.9018064403208));
#1045= IFCPOLYLOOP((#1038,#1043,#1044,#1039));
#1046= IFCFACEOUTERBOUND(#1045,.T.);
#1047= IFCFACE((#1046));
#1048= IFCCARTESIANPOINT((18.4775906502182,-4.99999999998181,7.65366864730095));
#1049= IFCCARTESIANPOINT((18.4775906502091,5.00000000001091,7.65366864730095));
#1050= IFCPOLYLOOP((#1043,#1048,#1049,#1044));
#1051= IFCFACEOUTERBOUND(#1050,.T.);
#1052= IFCFACE((#1051));
#1053= IFCCARTESIANPOINT((16.6293922460445,-4.99999999998181,11.1114046603907));
#1054= IFCCARTESIANPOINT((16.6293922460336,5.00000000001091,11.1114046603907));
#1055= IFCPOLYLOOP((#1048,#1053,#1054,#1049));
#1056= IFCFACEOUTERBOUND(#1055,.T.);
#1057= IFCFACE((#1056));
#1058= IFCCARTESIANPOINT((14.1421356237261,-4.99999999998545,14.1421356237297));
#1059= IFCCARTESIANPOINT((14.1421356237151,5.00000000000728,14.1421356237297));
#1060= IFCPOLYLOOP((#1053,#1058,#1059,#1054));
#1061= IFCFACEOUTERBOUND(#1060,.T.);
#1062= IFCFACE((#1061));
#1063= IFCCARTESIANPOINT((11.1114046603889,-4.99999999998909,16.62939224605));
#1064= IFCCARTESIANPOINT((11.1114046603798,5.00000000000364,16.62939224605));
#1065= IFCPOLYLOOP((#1058,#1063,#1064,#1059));
#1066= IFCFACEOUTERBOUND(#1065,.T.);
#1067= IFCFACE((#1066));
#1068= IFCCARTESIANPOINT((7.65366864730095,-4.99999999998909,18.4775906502255));
#1069= IFCCARTESIANPOINT((7.65366864729367,5.00000000000364,18.4775906502255));
#1070= IFCPOLYLOOP((#1063,#1068,#1069,#1064));
#1071= IFCFACEOUTERBOUND(#1070,.T.);
#1072= IFCFACE((#1071));
#1073= IFCCARTESIANPOINT((3.90180644032625,-4.99999999999272,19.6157056080629));
#1074= IFCCARTESIANPOINT((3.90180644031534,5.,19.6157056080629));
#1075= IFCPOLYLOOP((#1068,#1073,#1074,#1069));
#1076= IFCFACEOUTERBOUND(#1075,.T.);
#1077= IFCFACE((#1076));
#1078= IFCPOLYLOOP((#1073,#901,#904,#1074));
#1079= IFCFACEOUTERBOUND(#1078,.T.);
#1080= IFCFACE((#1079));
#1081= IFCPOLYLOOP((#909,#914,#919,#924,#929,#934,#939,#944,#949,#954,#959,#964,#969,#974,#979,#984,#989,#994,#999,#1004,#1009,#1014,#1019,#1024,#1029,#1034,#1039,#1044,#1049,#1054,#1059,#1064,#1069,#1074,#904,#903));
#1082= IFCFACEOUTERBOUND(#1081,.T.);
#1083= IFCFACE((#1082));
#1084= IFCPOLYLOOP((#1073,#1068,#1063,#1058,#1053,#1048,#1043,#1038,#1033,#1028,#1023,#1018,#1013,#1008,#1003,#998,#993,#988,#983,#978,#973,#968,#963,#958,#953,#948,#943,#938,#933,#928,#923,#918,#913,#908,#902,#901));
#1085= IFCFACEOUTERBOUND(#1084,.T.);
#1086= IFCFACE((#1085));
#1087= IFCCLOSEDSHELL((#907,#912,#917,#922,#927,#932,#937,#942,#947,#952,#957,#962,#967,#972,#977,#982,#987,#992,#997,#1002,#1007,#1012,#1017,#1022,#1027,#1032,#1037,#1042,#1047,#1052,#1057,#1062,#1067,#1072,#1077,#1080,#1083,#1086));
#1088= IFCFACETEDBREP(#1087);
#1089= IFCSTYLEDITEM(#1088,(#900),$);
#1090= IFCSHAPEREPRESENTATION(#12,'Body','Brep',(#1088));
#1091= IFCPRODUCTDEFINITIONSHAPE($,$,(#1090));
#1092= IFCCARTESIANPOINT((15170.0204933921,30102.9957275182,16754.9273962679));
#1093= IFCDIRECTION((0.999999998418194,0.,5.62460000277218E-05));
#1094= IFCAXIS2PLACEMENT3D(#1092,#824,#1093);
#1095= IFCLOCALPLACEMENT(#42,#1094);
#1096= IFCPLATE('09Y1QJHhXFuO44SbuDn_5$',#160,'PLATE-10','PL10*120',$,#1095,#1091,'ID09881693-46b8-4fe1-8104-725e0dc7e17f');
#1097= IFCPLATETYPE('31kPIculj09wooHZjfvYjo',#5,'PL10*120',$,$,$,$,$,$,.NOTDEFINED.);
#1098= IFCPROPERTYSINGLEVALUE('Bottom elevation',$,IFCLABEL(' +16.750'),$);
#1099= IFCPROPERTYSINGLEVALUE('Top elevation',$,IFCLABEL(' +16.760'),$);
#1100= IFCPROPERTYSINGLEVALUE('Initial GUID',$,$,$);
#1101= IFCPROPERTYSINGLEVALUE('Preliminary mark',$,IFCLABEL('5-2-P92'),$);
#1102= IFCPROPERTYSINGLEVALUE('Phase',$,IFCINTEGER(4),$);
#1103= IFCPROPERTYSINGLEVALUE('Class',$,IFCLABEL('22'),$);
#1104= IFCPROPERTYSET('0rgkIdyLb778OCyYn1hQZX',#5,'Tekla Common','Common Properties to Shared building elements',(#1098,#1099,#1100,#1101,#1102,#1103));
#1105= IFCPROPERTYSINGLEVALUE('Weight',$,IFCMASSMEASURE(1.13),$);
#1106= IFCPROPERTYSINGLEVALUE('Volume',$,IFCVOLUMEMEASURE(0.),$);
#1107= IFCPROPERTYSINGLEVALUE('Gross footprint area',$,IFCAREAMEASURE(0.014),$);
#1108= IFCPROPERTYSINGLEVALUE('Area per tons',$,IFCAREAMEASURE(29.609),$);
#1109= IFCPROPERTYSINGLEVALUE('Net surface area',$,IFCAREAMEASURE(0.033),$);
#1110= IFCPROPERTYSINGLEVALUE('Height',$,IFCLENGTHMEASURE(120.),$);
#1111= IFCPROPERTYSINGLEVALUE('Width',$,IFCLENGTHMEASURE(10.),$);
#1112= IFCPROPERTYSINGLEVALUE('Length',$,IFCLENGTHMEASURE(130.),$);
#1113= IFCPROPERTYSET('2nxaon1f56qOoisUo4fNsj',#5,'Tekla Quantity','Quantity Properties to Shared building elements',(#1105,#1106,#1107,#1108,#1109,#1110,#1111,#1112));
#1114= IFCPROPERTYSINGLEVALUE('LoadBearing',$,IFCBOOLEAN(.F.),$);
#1115= IFCPROPERTYSINGLEVALUE('Reference',$,IFCIDENTIFIER('5-2-P92'),$);
#1116= IFCPROPERTYSET('0pfCnF$9z7Pvm0bgpYCa3N',#5,'Pset_PlateCommon','Common Properties to plate elements',(#1114,#1115));
#1117= IFCQUANTITYLENGTH('Width',$,$,120.);
#1118= IFCQUANTITYAREA('NetArea',$,$,0.033357463274411);
#1119= IFCQUANTITYAREA('GrossArea',$,$,0.0155999999999999);
#1120= IFCQUANTITYAREA('CrossSectionArea',$,$,0.0001);
#1121= IFCQUANTITYVOLUME('NetVolume',$,$,0.000143514219390963);
#1122= IFCQUANTITYVOLUME('GrossVolume',$,$,0.000143514219390963);
#1123= IFCELEMENTQUANTITY('33jDHRhKLF4xVYUWQtXlYY',#5,'BaseQuantities',$,$,(#1117,#1118,#1119,#1120,#1121,#1122));
#1124= IFCMATERIAL('STEEL/S275');
#1125= IFCCARTESIANPOINT((-3.63797880709171E-12,-4.99999999999636,105.));
#1126= IFCCARTESIANPOINT((5.45696821063757E-12,4.99999999999636,105.));
#1127= IFCPOLYLOOP((#901,#1125,#1126,#904));
#1128= IFCFACEOUTERBOUND(#1127,.T.);
#1129= IFCFACE((#1128));
#1130= IFCCARTESIANPOINT((129.999999999904,-5.00000000010914,105.));
#1131= IFCCARTESIANPOINT((129.999999999911,4.99999999988358,105.));
#1132= IFCPOLYLOOP((#1125,#1130,#1131,#1126));
#1133= IFCFACEOUTERBOUND(#1132,.T.);
#1134= IFCFACE((#1133));
#1135= IFCPOLYLOOP((#1130,#993,#994,#1131));
#1136= IFCFACEOUTERBOUND(#1135,.T.);
#1137= IFCFACE((#1136));
#1138= IFCPOLYLOOP((#1131,#994,#999,#1004,#1009,#1014,#1019,#1024,#1029,#1034,#1039,#1044,#1049,#1054,#1059,#1064,#1069,#1074,#904,#1126));
#1139= IFCFACEOUTERBOUND(#1138,.T.);
#1140= IFCFACE((#1139));
#1141= IFCPOLYLOOP((#1073,#1068,#1063,#1058,#1053,#1048,#1043,#1038,#1033,#1028,#1023,#1018,#1013,#1008,#1003,#998,#993,#1130,#1125,#901));
#1142= IFCFACEOUTERBOUND(#1141,.T.);
#1143= IFCFACE((#1142));
#1144= IFCCLOSEDSHELL((#1129,#1134,#1137,#1002,#1007,#1012,#1017,#1022,#1027,#1032,#1037,#1042,#1047,#1052,#1057,#1062,#1067,#1072,#1077,#1080,#1140,#1143));
#1145= IFCFACETEDBREP(#1144);
#1146= IFCSTYLEDITEM(#1145,(#900),$);
#1147= IFCSHAPEREPRESENTATION(#12,'Body','Brep',(#1145));
#1148= IFCPRODUCTDEFINITIONSHAPE($,$,(#1147));
#1149= IFCCARTESIANPOINT((15170.0204933921,30113.0012206823,16754.9273962679));
#1150= IFCAXIS2PLACEMENT3D(#1149,#8,#1093);
#1151= IFCLOCALPLACEMENT(#42,#1150);
#1152= IFCPLATE('0PlGKyJtH7m9rgjAx7K963',#160,'PLATE-10','PL10*105',$,#1151,#1148,'ID19bd053c-4f74-47c0-9d6a-b4aec7509183');
#1153= IFCPLATETYPE('3m71Aabiv8nxV3EwlhFXNF',#5,'PL10*105',$,$,$,$,$,$,.NOTDEFINED.);
#1154= IFCPROPERTYSINGLEVALUE('Preliminary mark',$,IFCLABEL('5-2-P99'),$);
#1155= IFCPROPERTYSET('2YmoQpcYf9YA$ON26elGfk',#5,'Tekla Common','Common Properties to Shared building elements',(#1098,#1099,#1100,#1154,#1102,#1103));
#1156= IFCPROPERTYSINGLEVALUE('Weight',$,IFCMASSMEASURE(1.02),$);
#1157= IFCPROPERTYSINGLEVALUE('Area per tons',$,IFCAREAMEASURE(29.905),$);
#1158= IFCPROPERTYSINGLEVALUE('Net surface area',$,IFCAREAMEASURE(0.031),$);
#1159= IFCPROPERTYSINGLEVALUE('Height',$,IFCLENGTHMEASURE(105.),$);
#1160= IFCPROPERTYSET('2$Yt9mli5Dg9ZEMLeTAA_q',#5,'Tekla Quantity','Quantity Properties to Shared building elements',(#1156,#1106,#1107,#1157,#1158,#1159,#1111,#1112));
#1161= IFCPROPERTYSINGLEVALUE('Reference',$,IFCIDENTIFIER('5-2-P99'),$);
#1162= IFCPROPERTYSET('3we00OkVL9JeBwfrFIdFzo',#5,'Pset_PlateCommon','Common Properties to plate elements',(#1114,#1161));
#1163= IFCQUANTITYLENGTH('Width',$,$,105.);
#1164= IFCQUANTITYAREA('NetArea',$,$,0.030578731637206);
#1165= IFCQUANTITYAREA('GrossArea',$,$,0.01365);
#1166= IFCQUANTITYVOLUME('NetVolume',$,$,0.000130257109695484);
#1167= IFCQUANTITYVOLUME('GrossVolume',$,$,0.000130257109695484);
#1168= IFCELEMENTQUANTITY('1Hb9dRVbr73OUu$aZ3TjEW',#5,'BaseQuantities',$,$,(#1163,#1164,#1165,#1120,#1166,#1167));
#1169= IFCSHAPEREPRESENTATION(#12,'Body','Brep',(#1145));
#1170= IFCPRODUCTDEFINITIONSHAPE($,$,(#1169));
#1171= IFCCARTESIANPOINT((15170.0204933927,29972.9957275182,16754.9273962679));
#1172= IFCAXIS2PLACEMENT3D(#1171,#824,#1093);
#1173= IFCLOCALPLACEMENT(#42,#1172);
#1174= IFCPLATE('0rVIN$vMXEvQhSqIizKyk8',#160,'PLATE-10','PL10*105',$,#1173,#1170,'ID357d25ff-e568-4ee5-aadc-d12b3d53cb88');
#1175= IFCCARTESIANPOINT((9.09494701772928E-11,-5.,109.99999999992));
#1176= IFCCARTESIANPOINT((9.09494701772928E-11,5.,109.99999999992));
#1177= IFCPOLYLOOP((#901,#1175,#1176,#904));
#1178= IFCFACEOUTERBOUND(#1177,.T.);
#1179= IFCFACE((#1178));
#1180= IFCCARTESIANPOINT((50.00000000006,-5.,109.999999999876));
#1181= IFCCARTESIANPOINT((50.00000000006,5.,109.999999999876));
#1182= IFCPOLYLOOP((#1175,#1180,#1181,#1176));
#1183= IFCFACEOUTERBOUND(#1182,.T.);
#1184= IFCFACE((#1183));
#1185= IFCCARTESIANPOINT((129.99999999996,-5.,59.9999999998399));
#1186= IFCCARTESIANPOINT((129.99999999996,5.,59.9999999998399));
#1187= IFCPOLYLOOP((#1180,#1185,#1186,#1181));
#1188= IFCFACEOUTERBOUND(#1187,.T.);
#1189= IFCFACE((#1188));
#1190= IFCCARTESIANPOINT((129.999999999907,-5.,-1.16415321826935E-10));
#1191= IFCCARTESIANPOINT((129.999999999907,5.,-1.16415321826935E-10));
#1192= IFCPOLYLOOP((#1185,#1190,#1191,#1186));
#1193= IFCFACEOUTERBOUND(#1192,.T.);
#1194= IFCFACE((#1193));
#1195= IFCPOLYLOOP((#1190,#1038,#1039,#1191));
#1196= IFCFACEOUTERBOUND(#1195,.T.);
#1197= IFCFACE((#1196));
#1198= IFCPOLYLOOP((#1181,#1186,#1191,#1039,#1044,#1049,#1054,#1059,#1064,#1069,#1074,#904,#1176));
#1199= IFCFACEOUTERBOUND(#1198,.T.);
#1200= IFCFACE((#1199));
#1201= IFCPOLYLOOP((#1073,#1068,#1063,#1058,#1053,#1048,#1043,#1038,#1190,#1185,#1180,#1175,#901));
#1202= IFCFACEOUTERBOUND(#1201,.T.);
#1203= IFCFACE((#1202));
#1204= IFCCLOSEDSHELL((#1179,#1184,#1189,#1194,#1197,#1047,#1052,#1057,#1062,#1067,#1072,#1077,#1080,#1200,#1203));
#1205= IFCFACETEDBREP(#1204);
#1206= IFCSTYLEDITEM(#1205,(#900),$);
#1207= IFCSHAPEREPRESENTATION(#12,'Body','Brep',(#1205));
#1208= IFCPRODUCTDEFINITIONSHAPE($,$,(#1207));
#1209= IFCCARTESIANPOINT((15170.0275241421,30107.9957275182,16629.9273964656));
#1210= IFCAXIS2PLACEMENT3D(#1209,#825,#1093);
#1211= IFCLOCALPLACEMENT(#42,#1210);
#1212= IFCPLATE('3DYjO4dKH8SeAkJ5NH3JPs',#409,'PLATE-10','PL10*110',$,#1211,#1208,'IDcd8ad604-9d44-4872-82ae-4c55d10d3676');
#1213= IFCPLATETYPE('05Mxl9_drEOOIV9oYU4NC7',#5,'PL10*110',$,$,$,$,$,$,.NOTDEFINED.);
#1214= IFCPROPERTYSINGLEVALUE('Bottom elevation',$,IFCLABEL(' +16.520'),$);
#1215= IFCPROPERTYSINGLEVALUE('Top elevation',$,IFCLABEL(' +16.630'),$);
#1216= IFCPROPERTYSINGLEVALUE('Preliminary mark',$,IFCLABEL('5-2-P98'),$);
#1217= IFCPROPERTYSET('0M82stTXnBXhpn5aUxPP4i',#5,'Tekla Common','Common Properties to Shared building elements',(#1214,#1215,#1100,#1216,#1102,#1103));
#1218= IFCPROPERTYSINGLEVALUE('Weight',$,IFCMASSMEASURE(0.94),$);
#1219= IFCPROPERTYSINGLEVALUE('Gross footprint area',$,IFCAREAMEASURE(0.001),$);
#1220= IFCPROPERTYSINGLEVALUE('Area per tons',$,IFCAREAMEASURE(30.108),$);
#1221= IFCPROPERTYSINGLEVALUE('Net surface area',$,IFCAREAMEASURE(0.028),$);
#1222= IFCPROPERTYSINGLEVALUE('Height',$,IFCLENGTHMEASURE(110.),$);
#1223= IFCPROPERTYSET('3Ztu_uZlf0rfbkRRsP3WY3',#5,'Tekla Quantity','Quantity Properties to Shared building elements',(#1218,#1106,#1219,#1220,#1221,#1222,#1111,#1112));
#1224= IFCPROPERTYSINGLEVALUE('Reference',$,IFCIDENTIFIER('5-2-P98'),$);
#1225= IFCPROPERTYSET('0xSE8O5ND0X8z0Jmu0TkYa',#5,'Pset_PlateCommon','Common Properties to plate elements',(#1114,#1224));
#1226= IFCQUANTITYLENGTH('Width',$,$,110.);
#1227= IFCQUANTITYAREA('NetArea',$,$,0.0283327639318093);
#1228= IFCQUANTITYAREA('GrossArea',$,$,0.0143000000000006);
#1229= IFCQUANTITYVOLUME('NetVolume',$,$,0.000119878554847745);
#1230= IFCQUANTITYVOLUME('GrossVolume',$,$,0.000119878554847745);
#1231= IFCELEMENTQUANTITY('1SmXOZfnH34A7b$NxcG0um',#5,'BaseQuantities',$,$,(#1226,#1227,#1228,#1120,#1229,#1230));
#1232= IFCSHAPEREPRESENTATION(#12,'Body','Brep',(#1205));
#1233= IFCPRODUCTDEFINITIONSHAPE($,$,(#1232));
#1234= IFCCARTESIANPOINT((15170.0275241427,29977.9957275182,16629.9273964656));
#1235= IFCAXIS2PLACEMENT3D(#1234,#825,#1093);
#1236= IFCLOCALPLACEMENT(#42,#1235);
#1237= IFCPLATE('2fB8ACszHFEBbBvhcNr1cA',#409,'PLATE-10','PL10*110',$,#1236,#1233,'IDa92c828c-dbd4-4f38-b94b-e6b997d4198a');
#1238= IFCCARTESIANPOINT((1.81898940354586E-12,-5.,-3.63797880709171E-12));
#1239= IFCCARTESIANPOINT((7.6397554948926E-11,-5.,89.9999999999309));
#1240= IFCCARTESIANPOINT((7.6397554948926E-11,5.,89.9999999999309));
#1241= IFCCARTESIANPOINT((1.81898940354586E-12,5.,-3.63797880709171E-12));
#1242= IFCPOLYLOOP((#1238,#1239,#1240,#1241));
#1243= IFCFACEOUTERBOUND(#1242,.T.);
#1244= IFCFACE((#1243));
#1245= IFCCARTESIANPOINT((3.90180644039356,-5.,90.3842943918644));
#1246= IFCCARTESIANPOINT((3.90180644039356,5.,90.3842943918644));
#1247= IFCPOLYLOOP((#1239,#1245,#1246,#1240));
#1248= IFCFACEOUTERBOUND(#1247,.T.);
#1249= IFCFACE((#1248));
#1250= IFCCARTESIANPOINT((7.65366864737371,-5.,91.5224093496981));
#1251= IFCCARTESIANPOINT((7.65366864737371,5.,91.5224093496981));
#1252= IFCPOLYLOOP((#1245,#1250,#1251,#1246));
#1253= IFCFACEOUTERBOUND(#1252,.T.);
#1254= IFCFACE((#1253));
#1255= IFCCARTESIANPOINT((11.1114046604616,-5.,93.37060775387));
#1256= IFCCARTESIANPOINT((11.1114046604616,5.,93.37060775387));
#1257= IFCPOLYLOOP((#1250,#1255,#1256,#1251));
#1258= IFCFACEOUTERBOUND(#1257,.T.);
#1259= IFCFACE((#1258));
#1260= IFCCARTESIANPOINT((14.1421356238006,-5.,95.8578643761866));
#1261= IFCCARTESIANPOINT((14.1421356238006,5.,95.8578643761866));
#1262= IFCPOLYLOOP((#1255,#1260,#1261,#1256));
#1263= IFCFACEOUTERBOUND(#1262,.T.);
#1264= IFCFACE((#1263));
#1265= IFCCARTESIANPOINT((16.6293922461209,-5.,98.8885953395184));
#1266= IFCCARTESIANPOINT((16.6293922461209,5.,98.8885953395184));
#1267= IFCPOLYLOOP((#1260,#1265,#1266,#1261));
#1268= IFCFACEOUTERBOUND(#1267,.T.);
#1269= IFCFACE((#1268));
#1270= IFCCARTESIANPOINT((18.4775906502982,-5.,102.346331352604));
#1271= IFCCARTESIANPOINT((18.4775906502982,5.,102.346331352604));
#1272= IFCPOLYLOOP((#1265,#1270,#1271,#1266));
#1273= IFCFACEOUTERBOUND(#1272,.T.);
#1274= IFCFACE((#1273));
#1275= IFCCARTESIANPOINT((19.6157056081393,-5.,106.098193559581));
#1276= IFCCARTESIANPOINT((19.6157056081393,5.,106.098193559581));
#1277= IFCPOLYLOOP((#1270,#1275,#1276,#1271));
#1278= IFCFACEOUTERBOUND(#1277,.T.);
#1279= IFCFACE((#1278));
#1280= IFCCARTESIANPOINT((20.0000000000764,-5.,109.999999999902));
#1281= IFCCARTESIANPOINT((20.0000000000764,5.,109.999999999902));
#1282= IFCPOLYLOOP((#1275,#1280,#1281,#1276));
#1283= IFCFACEOUTERBOUND(#1282,.T.);
#1284= IFCFACE((#1283));
#1285= IFCCARTESIANPOINT((130.000000000004,-5.,109.999999999804));
#1286= IFCCARTESIANPOINT((130.000000000004,5.,109.999999999804));
#1287= IFCPOLYLOOP((#1280,#1285,#1286,#1281));
#1288= IFCFACEOUTERBOUND(#1287,.T.);
#1289= IFCFACE((#1288));
#1290= IFCCARTESIANPOINT((129.999999999951,-5.,49.9999999998472));
#1291= IFCCARTESIANPOINT((129.999999999951,5.,49.9999999998472));
#1292= IFCPOLYLOOP((#1285,#1290,#1291,#1286));
#1293= IFCFACEOUTERBOUND(#1292,.T.);
#1294= IFCFACE((#1293));
#1295= IFCCARTESIANPOINT((49.9999999999654,-5.,-4.72937244921923E-11));
#1296= IFCCARTESIANPOINT((49.9999999999654,5.,-4.72937244921923E-11));
#1297= IFCPOLYLOOP((#1290,#1295,#1296,#1291));
#1298= IFCFACEOUTERBOUND(#1297,.T.);
#1299= IFCFACE((#1298));
#1300= IFCPOLYLOOP((#1295,#1238,#1241,#1296));
#1301= IFCFACEOUTERBOUND(#1300,.T.);
#1302= IFCFACE((#1301));
#1303= IFCPOLYLOOP((#1246,#1251,#1256,#1261,#1266,#1271,#1276,#1281,#1286,#1291,#1296,#1241,#1240));
#1304= IFCFACEOUTERBOUND(#1303,.T.);
#1305= IFCFACE((#1304));
#1306= IFCPOLYLOOP((#1295,#1290,#1285,#1280,#1275,#1270,#1265,#1260,#1255,#1250,#1245,#1239,#1238));
#1307= IFCFACEOUTERBOUND(#1306,.T.);
#1308= IFCFACE((#1307));
#1309= IFCCLOSEDSHELL((#1244,#1249,#1254,#1259,#1264,#1269,#1274,#1279,#1284,#1289,#1294,#1299,#1302,#1305,#1308));
#1310= IFCFACETEDBREP(#1309);
#1311= IFCSTYLEDITEM(#1310,(#900),$);
#1312= IFCSHAPEREPRESENTATION(#12,'Body','Brep',(#1310));
#1313= IFCPRODUCTDEFINITIONSHAPE($,$,(#1312));
#1314= IFCCARTESIANPOINT((15170.0072755818,30107.9957275182,16989.9273958962));
#1315= IFCAXIS2PLACEMENT3D(#1314,#825,#1093);
#1316= IFCLOCALPLACEMENT(#42,#1315);
#1317= IFCPLATE('1$cSiGAt97zhfdl1uqI0kh',#409,'PLATE-10','PL10*110',$,#1316,#1313,'ID7f99cb10-2b72-47f6-ba67-bc1e34480bab');
#1318= IFCPROPERTYSINGLEVALUE('Bottom elevation',$,IFCLABEL(' +16.880'),$);
#1319= IFCPROPERTYSINGLEVALUE('Top elevation',$,IFCLABEL(' +16.990'),$);
#1320= IFCPROPERTYSET('18cFHjYDb5awBr9oJpr2bU',#5,'Tekla Common','Common Properties to Shared building elements',(#1318,#1319,#1100,#1216,#1102,#1103));
#1321= IFCQUANTITYAREA('NetArea',$,$,0.0283327639318093);
#1322= IFCQUANTITYAREA('GrossArea',$,$,0.0143000000000005);
#1323= IFCQUANTITYVOLUME('NetVolume',$,$,0.000119878554847745);
#1324= IFCQUANTITYVOLUME('GrossVolume',$,$,0.000119878554847745);
#1325= IFCELEMENTQUANTITY('0J1ynL_pr9cPSTKjMIZL6r',#5,'BaseQuantities',$,$,(#1226,#1321,#1322,#1120,#1323,#1324));
#1326= IFCSHAPEREPRESENTATION(#12,'Body','Brep',(#1310));
#1327= IFCPRODUCTDEFINITIONSHAPE($,$,(#1326));
#1328= IFCCARTESIANPOINT((15170.0072755824,29977.9957275182,16989.9273958962));
#1329= IFCAXIS2PLACEMENT3D(#1328,#825,#1093);
#1330= IFCLOCALPLACEMENT(#42,#1329);
#1331= IFCPLATE('3hRPiYoxr0qe2If$wZFdu1',#409,'PLATE-10','PL10*110',$,#1330,#1327,'IDeb6d9b22-cbbd-40d2-8092-a7fea33e7e01');
#1332= IFCCARTESIANPOINT((350.,-4.99999999989086,119.999999999918));
#1333= IFCCARTESIANPOINT((350.,5.00000000010914,129.999999999904));
#1334= IFCCARTESIANPOINT((-3.63797880709171E-12,5.00000000010914,129.999999999904));
#1335= IFCCARTESIANPOINT((-3.63797880709171E-12,-4.99999999989086,119.999999999918));
#1336= IFCPOLYLOOP((#1332,#1333,#1334,#1335));
#1337= IFCFACEOUTERBOUND(#1336,.T.);
#1338= IFCFACE((#1337));
#1339= IFCCARTESIANPOINT((350.,4.99999999999636,-1.81898940354586E-12));
#1340= IFCCARTESIANPOINT((350.,-4.99999999998545,10.));
#1341= IFCCARTESIANPOINT((0.,-4.99999999998545,9.99999999999818));
#1342= IFCPOLYLOOP((#1339,#1340,#1341,#1241));
#1343= IFCFACEOUTERBOUND(#1342,.T.);
#1344= IFCFACE((#1343));
#1345= IFCPOLYLOOP((#1241,#1341,#1335,#1334));
#1346= IFCFACEOUTERBOUND(#1345,.T.);
#1347= IFCFACE((#1346));
#1348= IFCPOLYLOOP((#1340,#1339,#1333,#1332));
#1349= IFCFACEOUTERBOUND(#1348,.T.);
#1350= IFCFACE((#1349));
#1351= IFCPOLYLOOP((#1333,#1339,#1241,#1334));
#1352= IFCFACEOUTERBOUND(#1351,.T.);
#1353= IFCFACE((#1352));
#1354= IFCPOLYLOOP((#1341,#1340,#1332,#1335));
#1355= IFCFACEOUTERBOUND(#1354,.T.);
#1356= IFCFACE((#1355));
#1357= IFCCLOSEDSHELL((#1338,#1344,#1347,#1350,#1353,#1356));
#1358= IFCFACETEDBREP(#1357);
#1359= IFCSTYLEDITEM(#1358,(#900),$);
#1360= IFCSHAPEREPRESENTATION(#12,'Body','Brep',(#1358));
#1361= IFCPRODUCTDEFINITIONSHAPE($,$,(#1360));
#1362= IFCCARTESIANPOINT((15170.0272429133,29867.9957275182,16634.9273964577));
#1363= IFCAXIS2PLACEMENT3D(#1362,#1093,#8);
#1364= IFCLOCALPLACEMENT(#42,#1363);
#1365= IFCPLATE('2W8y6aMpz39hJ2aaH0Kov9',#160,'PLATE-10','PL10*130',$,#1364,#1361,'IDa023c1a4-5b3f-4326-b4c2-924440532e49');
#1366= IFCPLATETYPE('2h6WTbLB1808xRR_$4$q_T',#5,'PL10*130',$,$,$,$,$,$,.NOTDEFINED.);
#1367= IFCPROPERTYSINGLEVALUE('Bottom elevation',$,IFCLABEL(' +16.630'),$);
#1368= IFCPROPERTYSINGLEVALUE('Top elevation',$,IFCLABEL(' +16.640'),$);
#1369= IFCPROPERTYSINGLEVALUE('Preliminary mark',$,IFCLABEL('5-2-P103'),$);
#1370= IFCPROPERTYSET('1C0n$FJ2DEfusXpXgVA1en',#5,'Tekla Common','Common Properties to Shared building elements',(#1367,#1368,#1100,#1369,#1102,#1103));
#1371= IFCPROPERTYSINGLEVALUE('Weight',$,IFCMASSMEASURE(3.3),$);
#1372= IFCPROPERTYSINGLEVALUE('Gross footprint area',$,IFCAREAMEASURE(0.046),$);
#1373= IFCPROPERTYSINGLEVALUE('Area per tons',$,IFCAREAMEASURE(29.208),$);
#1374= IFCPROPERTYSINGLEVALUE('Net surface area',$,IFCAREAMEASURE(0.096),$);
#1375= IFCPROPERTYSINGLEVALUE('Height',$,IFCLENGTHMEASURE(130.),$);
#1376= IFCPROPERTYSINGLEVALUE('Length',$,IFCLENGTHMEASURE(350.),$);
#1377= IFCPROPERTYSET('2isrEDa2XAgufBM2oR2p$Y',#5,'Tekla Quantity','Quantity Properties to Shared building elements',(#1371,#1106,#1372,#1373,#1374,#1375,#1111,#1376));
#1378= IFCPROPERTYSINGLEVALUE('Reference',$,IFCIDENTIFIER('5-2-P103'),$);
#1379= IFCPROPERTYSET('2AKC_vn410hf1YYgkldLXK',#5,'Pset_PlateCommon','Common Properties to plate elements',(#1114,#1378));
#1380= IFCQUANTITYLENGTH('Width',$,$,130.);
#1381= IFCQUANTITYAREA('NetArea',$,$,0.0962994949366113);
#1382= IFCQUANTITYAREA('GrossArea',$,$,0.0455000000000003);
#1383= IFCQUANTITYVOLUME('NetVolume',$,$,0.000419999999999998);
#1384= IFCQUANTITYVOLUME('GrossVolume',$,$,0.000454999999999998);
#1385= IFCELEMENTQUANTITY('3OG1OMoy5AWe3dm0SlZ2PB',#5,'BaseQuantities',$,$,(#1380,#1381,#1382,#1120,#1383,#1384));
#1386= IFCCARTESIANPOINT((350.,5.00000000000364,9.99999999999091));
#1387= IFCCARTESIANPOINT((350.,-4.99999999999636,7.27595761418343E-12));
#1388= IFCCARTESIANPOINT((0.,5.00000000000364,9.99999999998909));
#1389= IFCPOLYLOOP((#1386,#1387,#1238,#1388));
#1390= IFCFACEOUTERBOUND(#1389,.T.);
#1391= IFCFACE((#1390));
#1392= IFCCARTESIANPOINT((350.,-4.99999999988358,129.999999999913));
#1393= IFCCARTESIANPOINT((350.,5.00000000010186,119.999999999911));
#1394= IFCCARTESIANPOINT((-3.63797880709171E-12,5.00000000010186,119.999999999911));
#1395= IFCCARTESIANPOINT((-3.63797880709171E-12,-4.99999999988358,129.999999999913));
#1396= IFCPOLYLOOP((#1392,#1393,#1394,#1395));
#1397= IFCFACEOUTERBOUND(#1396,.T.);
#1398= IFCFACE((#1397));
#1399= IFCPOLYLOOP((#1395,#1394,#1388,#1238));
#1400= IFCFACEOUTERBOUND(#1399,.T.);
#1401= IFCFACE((#1400));
#1402= IFCPOLYLOOP((#1393,#1392,#1387,#1386));
#1403= IFCFACEOUTERBOUND(#1402,.T.);
#1404= IFCFACE((#1403));
#1405= IFCPOLYLOOP((#1394,#1393,#1386,#1388));
#1406= IFCFACEOUTERBOUND(#1405,.T.);
#1407= IFCFACE((#1406));
#1408= IFCPOLYLOOP((#1387,#1392,#1395,#1238));
#1409= IFCFACEOUTERBOUND(#1408,.T.);
#1410= IFCFACE((#1409));
#1411= IFCCLOSEDSHELL((#1391,#1398,#1401,#1404,#1407,#1410));
#1412= IFCFACETEDBREP(#1411);
#1413= IFCSTYLEDITEM(#1412,(#900),$);
#1414= IFCSHAPEREPRESENTATION(#12,'Body','Brep',(#1412));
#1415= IFCPRODUCTDEFINITIONSHAPE($,$,(#1414));
#1416= IFCCARTESIANPOINT((15170.0137438731,29867.9957275182,16874.9273960781));
#1417= IFCAXIS2PLACEMENT3D(#1416,#1093,#8);
#1418= IFCLOCALPLACEMENT(#42,#1417);
#1419= IFCPLATE('25yq6qSg5DzAA7RGTpUMti',#160,'PLATE-10','PL10*130',$,#1418,#1415,'ID85f341b4-72a1-4df4-a287-6d0773796dec');
#1420= IFCPROPERTYSINGLEVALUE('Bottom elevation',$,IFCLABEL(' +16.870'),$);
#1421= IFCPROPERTYSINGLEVALUE('Top elevation',$,IFCLABEL(' +16.880'),$);
#1422= IFCPROPERTYSET('2$$Lhvl716GAoLbzpOEEAA',#5,'Tekla Common','Common Properties to Shared building elements',(#1420,#1421,#1100,#1369,#1102,#1103));
#1423= IFCOWNERHISTORY(#3,#4,$,.NOCHANGE.,$,$,$,1770843600);
#1424= IFCCARTESIANPOINT((3.90180644033717,0.901806440320797,19.6157056080447));
#1425= IFCCARTESIANPOINT((1.81898940354586E-11,-3.,19.9999999999854));
#1426= IFCCARTESIANPOINT((1.83717929758132E-10,-3.,209.999999999847));
#1427= IFCCARTESIANPOINT((3.90180644050452,0.901806440320797,210.384294391781));
#1428= IFCCARTESIANPOINT((7.65366864748103,4.65366864730095,211.522409349614));
#1429= IFCCARTESIANPOINT((8.00000000018008,5.,211.70752731436));
#1430= IFCCARTESIANPOINT((8.00000000000909,5.,18.2924726854617));
#1431= IFCCARTESIANPOINT((7.65366864731368,4.65366864730095,18.4775906502036));
#1432= IFCPOLYLOOP((#1424,#1425,#1426,#1427,#1428,#1429,#1430,#1431));
#1433= IFCFACEOUTERBOUND(#1432,.T.);
#1434= IFCFACE((#1433));
#1435= IFCCARTESIANPOINT((1.83717929758132E-10,-5.,209.999999999847));
#1436= IFCPOLYLOOP((#901,#1435,#1426,#1425));
#1437= IFCFACEOUTERBOUND(#1436,.T.);
#1438= IFCFACE((#1437));
#1439= IFCCARTESIANPOINT((3.90180644050452,-5.,210.384294391781));
#1440= IFCPOLYLOOP((#1435,#1439,#1427,#1426));
#1441= IFCFACEOUTERBOUND(#1440,.T.);
#1442= IFCFACE((#1441));
#1443= IFCCARTESIANPOINT((7.65366864748103,-5.,211.522409349614));
#1444= IFCPOLYLOOP((#1439,#1443,#1428,#1427));
#1445= IFCFACEOUTERBOUND(#1444,.T.);
#1446= IFCFACE((#1445));
#1447= IFCCARTESIANPOINT((11.1114046605708,-5.,213.370607753783));
#1448= IFCCARTESIANPOINT((11.1114046605708,5.,213.370607753783));
#1449= IFCPOLYLOOP((#1443,#1447,#1448,#1429,#1428));
#1450= IFCFACEOUTERBOUND(#1449,.T.);
#1451= IFCFACE((#1450));
#1452= IFCCARTESIANPOINT((14.142135623908,-5.,215.857864376099));
#1453= IFCCARTESIANPOINT((14.142135623908,5.,215.857864376099));
#1454= IFCPOLYLOOP((#1447,#1452,#1453,#1448));
#1455= IFCFACEOUTERBOUND(#1454,.T.);
#1456= IFCFACE((#1455));
#1457= IFCCARTESIANPOINT((16.6293922462282,-5.,218.888595339435));
#1458= IFCCARTESIANPOINT((16.6293922462282,5.,218.888595339435));
#1459= IFCPOLYLOOP((#1452,#1457,#1458,#1453));
#1460= IFCFACEOUTERBOUND(#1459,.T.);
#1461= IFCFACE((#1460));
#1462= IFCCARTESIANPOINT((18.4775906504055,-5.,222.346331352521));
#1463= IFCCARTESIANPOINT((18.4775906504055,5.,222.346331352521));
#1464= IFCPOLYLOOP((#1457,#1462,#1463,#1458));
#1465= IFCFACEOUTERBOUND(#1464,.T.);
#1466= IFCFACE((#1465));
#1467= IFCCARTESIANPOINT((19.6157056082484,-5.,226.098193559497));
#1468= IFCCARTESIANPOINT((19.6157056082484,5.,226.098193559497));
#1469= IFCPOLYLOOP((#1462,#1467,#1468,#1463));
#1470= IFCFACEOUTERBOUND(#1469,.T.);
#1471= IFCFACE((#1470));
#1472= IFCCARTESIANPOINT((20.0000000001874,-5.,229.999999999818));
#1473= IFCCARTESIANPOINT((20.0000000001874,5.,229.999999999818));
#1474= IFCPOLYLOOP((#1467,#1472,#1473,#1468));
#1475= IFCFACEOUTERBOUND(#1474,.T.);
#1476= IFCFACE((#1475));
#1477= IFCCARTESIANPOINT((109.999999999613,-5.,229.999999999738));
#1478= IFCCARTESIANPOINT((109.999999999613,5.,229.999999999738));
#1479= IFCPOLYLOOP((#1472,#1477,#1478,#1473));
#1480= IFCFACEOUTERBOUND(#1479,.T.);
#1481= IFCFACE((#1480));
#1482= IFCCARTESIANPOINT((110.384294391544,-5.,226.098193559417));
#1483= IFCCARTESIANPOINT((110.384294391544,5.,226.098193559417));
#1484= IFCPOLYLOOP((#1477,#1482,#1483,#1478));
#1485= IFCFACEOUTERBOUND(#1484,.T.);
#1486= IFCFACE((#1485));
#1487= IFCCARTESIANPOINT((111.522409349378,-5.,222.346331352444));
#1488= IFCCARTESIANPOINT((111.522409349378,5.,222.346331352444));
#1489= IFCPOLYLOOP((#1482,#1487,#1488,#1483));
#1490= IFCFACEOUTERBOUND(#1489,.T.);
#1491= IFCFACE((#1490));
#1492= IFCCARTESIANPOINT((113.370607753548,-5.,218.888595339351));
#1493= IFCCARTESIANPOINT((113.370607753548,5.,218.888595339351));
#1494= IFCPOLYLOOP((#1487,#1492,#1493,#1488));
#1495= IFCFACEOUTERBOUND(#1494,.T.);
#1496= IFCFACE((#1495));
#1497= IFCCARTESIANPOINT((115.857864375866,-5.,215.857864376016));
#1498= IFCCARTESIANPOINT((115.857864375866,5.,215.857864376016));
#1499= IFCPOLYLOOP((#1492,#1497,#1498,#1493));
#1500= IFCFACEOUTERBOUND(#1499,.T.);
#1501= IFCFACE((#1500));
#1502= IFCCARTESIANPOINT((118.888595339198,-5.,213.370607753695));
#1503= IFCCARTESIANPOINT((118.888595339198,5.,213.370607753695));
#1504= IFCPOLYLOOP((#1497,#1502,#1503,#1498));
#1505= IFCFACEOUTERBOUND(#1504,.T.);
#1506= IFCFACE((#1505));
#1507= IFCCARTESIANPOINT((122.346331352284,-5.,211.522409349516));
#1508= IFCCARTESIANPOINT((122.346331352284,5.,211.522409349516));
#1509= IFCPOLYLOOP((#1502,#1507,#1508,#1503));
#1510= IFCFACEOUTERBOUND(#1509,.T.);
#1511= IFCFACE((#1510));
#1512= IFCCARTESIANPOINT((126.098193559261,-5.,210.384294391672));
#1513= IFCCARTESIANPOINT((126.098193559261,5.,210.384294391672));
#1514= IFCPOLYLOOP((#1507,#1512,#1513,#1508));
#1515= IFCFACEOUTERBOUND(#1514,.T.);
#1516= IFCFACE((#1515));
#1517= IFCCARTESIANPOINT((129.999999999582,-5.,209.999999999734));
#1518= IFCCARTESIANPOINT((129.999999999582,5.,209.999999999734));
#1519= IFCPOLYLOOP((#1512,#1517,#1518,#1513));
#1520= IFCFACEOUTERBOUND(#1519,.T.);
#1521= IFCFACE((#1520));
#1522= IFCPOLYLOOP((#1517,#993,#994,#1518));
#1523= IFCFACEOUTERBOUND(#1522,.T.);
#1524= IFCFACE((#1523));
#1525= IFCPOLYLOOP((#1064,#1063,#1068,#1431,#1430));
#1526= IFCFACEOUTERBOUND(#1525,.T.);
#1527= IFCFACE((#1526));
#1528= IFCPOLYLOOP((#1068,#1073,#1424,#1431));
#1529= IFCFACEOUTERBOUND(#1528,.T.);
#1530= IFCFACE((#1529));
#1531= IFCPOLYLOOP((#1073,#901,#1425,#1424));
#1532= IFCFACEOUTERBOUND(#1531,.T.);
#1533= IFCFACE((#1532));
#1534= IFCPOLYLOOP((#1448,#1453,#1458,#1463,#1468,#1473,#1478,#1483,#1488,#1493,#1498,#1503,#1508,#1513,#1518,#994,#999,#1004,#1009,#1014,#1019,#1024,#1029,#1034,#1039,#1044,#1049,#1054,#1059,#1064,#1430,#1429));
#1535= IFCFACEOUTERBOUND(#1534,.T.);
#1536= IFCFACE((#1535));
#1537= IFCPOLYLOOP((#1073,#1068,#1063,#1058,#1053,#1048,#1043,#1038,#1033,#1028,#1023,#1018,#1013,#1008,#1003,#998,#993,#1517,#1512,#1507,#1502,#1497,#1492,#1487,#1482,#1477,#1472,#1467,#1462,#1457,#1452,#1447,#1443,#1439,#1435,#901));
#1538= IFCFACEOUTERBOUND(#1537,.T.);
#1539= IFCFACE((#1538));
#1540= IFCCLOSEDSHELL((#1434,#1438,#1442,#1446,#1451,#1456,#1461,#1466,#1471,#1476,#1481,#1486,#1491,#1496,#1501,#1506,#1511,#1516,#1521,#1524,#1002,#1007,#1012,#1017,#1022,#1027,#1032,#1037,#1042,#1047,#1052,#1057,#1062,#1067,#1527,#1530,#1533,#1536,#1539));
#1541= IFCFACETEDBREP(#1540);
#1542= IFCSTYLEDITEM(#1541,(#900),$);
#1543= IFCSHAPEREPRESENTATION(#12,'Body','Brep',(#1541));
#1544= IFCPRODUCTDEFINITIONSHAPE($,$,(#1543));
#1545= IFCCARTESIANPOINT((15170.0140251025,29977.9957275182,16869.927396086));
#1546= IFCAXIS2PLACEMENT3D(#1545,#825,#1093);
#1547= IFCLOCALPLACEMENT(#42,#1546);
#1548= IFCPLATE('3BVvKZ4rTF9RhUy3JZ$ogB',#1423,'PLATE-10','PL10*130',$,#1547,#1544,'IDcb7f9523-1357-4f25-bade-f034e3ff2a8b');
#1549= IFCPROPERTYSINGLEVALUE('Bottom elevation',$,IFCLABEL(' +16.640'),$);
#1550= IFCPROPERTYSINGLEVALUE('Top elevation',$,IFCLABEL(' +16.870'),$);
#1551= IFCPROPERTYSINGLEVALUE('Preliminary mark',$,IFCLABEL('5-2-P104'),$);
#1552= IFCPROPERTYSET('1YNbTkvYfF6f8UA$9Y6CT2',#5,'Tekla Common','Common Properties to Shared building elements',(#1549,#1550,#1100,#1551,#1102,#1103));
#1553= IFCPROPERTYSINGLEVALUE('Weight',$,IFCMASSMEASURE(2.2),$);
#1554= IFCPROPERTYSINGLEVALUE('Area per tons',$,IFCAREAMEASURE(28.714),$);
#1555= IFCPROPERTYSINGLEVALUE('Net surface area',$,IFCAREAMEASURE(0.063),$);
#1556= IFCPROPERTYSINGLEVALUE('Length',$,IFCLENGTHMEASURE(230.),$);
#1557= IFCPROPERTYSET('3mkMM4q5j0Fuwe0j8Vd1K8',#5,'Tekla Quantity','Quantity Properties to Shared building elements',(#1553,#1106,#1219,#1554,#1555,#1375,#1111,#1556));
#1558= IFCPROPERTYSINGLEVALUE('Reference',$,IFCIDENTIFIER('5-2-P104'),$);
#1559= IFCPROPERTYSET('2Hsl9RP9T07PO3LOzPdRDj',#5,'Pset_PlateCommon','Common Properties to plate elements',(#1114,#1558));
#1560= IFCQUANTITYLENGTH('Width',$,$,129.999999999305);
#1561= IFCQUANTITYAREA('NetArea',$,$,0.0632061206816695);
#1562= IFCQUANTITYAREA('GrossArea',$,$,0.0298999999997974);
#1563= IFCQUANTITYVOLUME('NetVolume',$,$,0.000280412706930392);
#1564= IFCQUANTITYVOLUME('GrossVolume',$,$,0.000286514219396039);
#1565= IFCELEMENTQUANTITY('04xz$vUNb319c6SFmgOgse',#5,'BaseQuantities',$,$,(#1560,#1561,#1562,#1120,#1563,#1564));
#1566= IFCCARTESIANPOINT((7.65366864731368,-4.65366864730095,18.4775906502036));
#1567= IFCCARTESIANPOINT((8.00000000000909,-5.,18.2924726854617));
#1568= IFCCARTESIANPOINT((8.00000000017826,-5.,211.70752731436));
#1569= IFCCARTESIANPOINT((7.65366864747921,-4.65366864730095,211.522409349614));
#1570= IFCCARTESIANPOINT((3.9018064405027,-0.901806440320797,210.384294391781));
#1571= IFCCARTESIANPOINT((1.81898940354586E-10,3.,209.999999999847));
#1572= IFCCARTESIANPOINT((1.81898940354586E-11,3.,19.9999999999854));
#1573= IFCCARTESIANPOINT((3.90180644033717,-0.901806440320797,19.6157056080447));
#1574= IFCPOLYLOOP((#1566,#1567,#1568,#1569,#1570,#1571,#1572,#1573));
#1575= IFCFACEOUTERBOUND(#1574,.T.);
#1576= IFCFACE((#1575));
#1577= IFCCARTESIANPOINT((1.81898940354586E-10,5.,209.999999999847));
#1578= IFCPOLYLOOP((#1577,#904,#1572,#1571));
#1579= IFCFACEOUTERBOUND(#1578,.T.);
#1580= IFCFACE((#1579));
#1581= IFCCARTESIANPOINT((3.9018064405027,5.,210.384294391781));
#1582= IFCPOLYLOOP((#1581,#1577,#1571,#1570));
#1583= IFCFACEOUTERBOUND(#1582,.T.);
#1584= IFCFACE((#1583));
#1585= IFCCARTESIANPOINT((7.65366864747921,5.,211.522409349614));
#1586= IFCPOLYLOOP((#1585,#1581,#1570,#1569));
#1587= IFCFACEOUTERBOUND(#1586,.T.);
#1588= IFCFACE((#1587));
#1589= IFCPOLYLOOP((#1447,#1448,#1585,#1569,#1568));
#1590= IFCFACEOUTERBOUND(#1589,.T.);
#1591= IFCFACE((#1590));
#1592= IFCPOLYLOOP((#1069,#1064,#1063,#1567,#1566));
#1593= IFCFACEOUTERBOUND(#1592,.T.);
#1594= IFCFACE((#1593));
#1595= IFCPOLYLOOP((#1074,#1069,#1566,#1573));
#1596= IFCFACEOUTERBOUND(#1595,.T.);
#1597= IFCFACE((#1596));
#1598= IFCPOLYLOOP((#904,#1074,#1573,#1572));
#1599= IFCFACEOUTERBOUND(#1598,.T.);
#1600= IFCFACE((#1599));
#1601= IFCPOLYLOOP((#1581,#1585,#1448,#1453,#1458,#1463,#1468,#1473,#1478,#1483,#1488,#1493,#1498,#1503,#1508,#1513,#1518,#994,#999,#1004,#1009,#1014,#1019,#1024,#1029,#1034,#1039,#1044,#1049,#1054,#1059,#1064,#1069,#1074,#904,#1577));
#1602= IFCFACEOUTERBOUND(#1601,.T.);
#1603= IFCFACE((#1602));
#1604= IFCPOLYLOOP((#1063,#1058,#1053,#1048,#1043,#1038,#1033,#1028,#1023,#1018,#1013,#1008,#1003,#998,#993,#1517,#1512,#1507,#1502,#1497,#1492,#1487,#1482,#1477,#1472,#1467,#1462,#1457,#1452,#1447,#1568,#1567));
#1605= IFCFACEOUTERBOUND(#1604,.T.);
#1606= IFCFACE((#1605));
#1607= IFCCLOSEDSHELL((#1576,#1580,#1584,#1588,#1591,#1456,#1461,#1466,#1471,#1476,#1481,#1486,#1491,#1496,#1501,#1506,#1511,#1516,#1521,#1524,#1002,#1007,#1012,#1017,#1022,#1027,#1032,#1037,#1042,#1047,#1052,#1057,#1062,#1067,#1594,#1597,#1600,#1603,#1606));
#1608= IFCFACETEDBREP(#1607);
#1609= IFCSTYLEDITEM(#1608,(#900),$);
#1610= IFCSHAPEREPRESENTATION(#12,'Body','Brep',(#1608));
#1611= IFCPRODUCTDEFINITIONSHAPE($,$,(#1610));
#1612= IFCCARTESIANPOINT((15170.0140251019,30107.9957275182,16869.927396086));
#1613= IFCAXIS2PLACEMENT3D(#1612,#825,#1093);
#1614= IFCLOCALPLACEMENT(#42,#1613);
#1615= IFCPLATE('2PzeY5IXzFnuI2B9bl23$A',#160,'PLATE-10','PL10*130',$,#1614,#1611,'ID99f68885-4a1f-4fc7-8482-2c996f083fca');
#1616= IFCQUANTITYLENGTH('Width',$,$,129.999999999816);
#1617= IFCQUANTITYAREA('NetArea',$,$,0.0632061206819144);
#1618= IFCQUANTITYAREA('GrossArea',$,$,0.0298999999999149);
#1619= IFCQUANTITYVOLUME('NetVolume',$,$,0.000280412706931566);
#1620= IFCELEMENTQUANTITY('3yANYBJev4ugVuwBnL7prI',#5,'BaseQuantities',$,$,(#1616,#1617,#1618,#1120,#1619,#1564));
#1621= IFCCOLOURRGB('Light Red',0.905882352941176,0.325490196078431,0.36078431372549);
#1622= IFCSURFACESTYLERENDERING(#1621,0.,$,$,$,$,IFCNORMALISEDRATIOMEASURE(0.00390625),IFCSPECULAREXPONENT(10.),.NOTDEFINED.);
#1623= IFCSURFACESTYLE('STEEL/S275',.POSITIVE.,(#1622));
#1624= IFCPRESENTATIONSTYLEASSIGNMENT((#1623));
#1625= IFCCARTESIANPOINT((0.,-5.99999999999636,-7.27595761418343E-12));
#1626= IFCCARTESIANPOINT((0.,-6.00000000021464,249.999999999818));
#1627= IFCCARTESIANPOINT((0.,5.99999999977808,249.999999999825));
#1628= IFCCARTESIANPOINT((0.,5.99999999999636,3.63797880709171E-12));
#1629= IFCPOLYLOOP((#1625,#1626,#1627,#1628));
#1630= IFCFACEOUTERBOUND(#1629,.T.);
#1631= IFCFACE((#1630));
#1632= IFCCARTESIANPOINT((350.,-6.00000000021464,249.999999999818));
#1633= IFCCARTESIANPOINT((350.,5.99999999977808,249.999999999825));
#1634= IFCPOLYLOOP((#1626,#1632,#1633,#1627));
#1635= IFCFACEOUTERBOUND(#1634,.T.);
#1636= IFCFACE((#1635));
#1637= IFCCARTESIANPOINT((350.,-5.99999999999636,-7.27595761418343E-12));
#1638= IFCCARTESIANPOINT((350.,5.99999999999636,3.63797880709171E-12));
#1639= IFCPOLYLOOP((#1632,#1637,#1638,#1633));
#1640= IFCFACEOUTERBOUND(#1639,.T.);
#1641= IFCFACE((#1640));
#1642= IFCPOLYLOOP((#1637,#1625,#1628,#1638));
#1643= IFCFACEOUTERBOUND(#1642,.T.);
#1644= IFCFACE((#1643));
#1645= IFCPOLYLOOP((#1633,#1638,#1628,#1627));
#1646= IFCFACEOUTERBOUND(#1645,.T.);
#1647= IFCFACE((#1646));
#1648= IFCPOLYLOOP((#1637,#1632,#1626,#1625));
#1649= IFCFACEOUTERBOUND(#1648,.T.);
#1650= IFCFACE((#1649));
#1651= IFCCLOSEDSHELL((#1631,#1636,#1641,#1644,#1647,#1650));
#1652= IFCFACETEDBREP(#1651);
#1653= IFCSTYLEDITEM(#1652,(#1624),$);
#1654= IFCSHAPEREPRESENTATION(#12,'Body','Brep',(#1652));
#1655= IFCPRODUCTDEFINITIONSHAPE($,$,(#1654));
#1656= IFCCARTESIANPOINT((15306.0134624262,30217.9957275176,16879.9350455262));
#1657= IFCAXIS2PLACEMENT3D(#1656,#825,#824);
#1658= IFCLOCALPLACEMENT(#42,#1657);
#1659= IFCPLATE('3qH9K$Dyv9yO1zB_MgZdl1',#1423,'PLATE-12','PL12*250',$,#1658,#1655,'IDf444953f-37ce-49f1-807d-2fe5aa8e7bc1');
#1660= IFCPLATETYPE('206O3X78j279AbpBaRS08f',#5,'PL12*250',$,$,$,$,$,$,.NOTDEFINED.);
#1661= IFCPROPERTYSINGLEVALUE('Preliminary mark',$,IFCLABEL('5-2-P28'),$);
#1662= IFCPROPERTYSINGLEVALUE('Class',$,IFCLABEL('16'),$);
#1663= IFCPROPERTYSET('0c_lkwECj6t91mX0UKtvI6',#5,'Tekla Common','Common Properties to Shared building elements',(#1367,#1421,#1100,#1661,#1102,#1662));
#1664= IFCPROPERTYSINGLEVALUE('Weight',$,IFCMASSMEASURE(8.24),$);
#1665= IFCPROPERTYSINGLEVALUE('Volume',$,IFCVOLUMEMEASURE(0.001),$);
#1666= IFCPROPERTYSINGLEVALUE('Gross footprint area',$,IFCAREAMEASURE(0.004),$);
#1667= IFCPROPERTYSINGLEVALUE('Area per tons',$,IFCAREAMEASURE(22.978),$);
#1668= IFCPROPERTYSINGLEVALUE('Net surface area',$,IFCAREAMEASURE(0.189),$);
#1669= IFCPROPERTYSINGLEVALUE('Height',$,IFCLENGTHMEASURE(250.),$);
#1670= IFCPROPERTYSINGLEVALUE('Width',$,IFCLENGTHMEASURE(12.),$);
#1671= IFCPROPERTYSET('3ph4lPICz63hsnoZTUA0X8',#5,'Tekla Quantity','Quantity Properties to Shared building elements',(#1664,#1665,#1666,#1667,#1668,#1669,#1670,#1376));
#1672= IFCPROPERTYSINGLEVALUE('Reference',$,IFCIDENTIFIER('5-2-P28'),$);
#1673= IFCPROPERTYSET('3vl3C0RHT4$fCpzFiTSaWE',#5,'Pset_PlateCommon','Common Properties to plate elements',(#1114,#1672));
#1674= IFCQUANTITYLENGTH('Width',$,$,250.);
#1675= IFCQUANTITYAREA('NetArea',$,$,0.1894);
#1676= IFCQUANTITYAREA('GrossArea',$,$,0.0875000000000002);
#1677= IFCQUANTITYAREA('CrossSectionArea',$,$,0.000144);
#1678= IFCQUANTITYVOLUME('NetVolume',$,$,0.00105);
#1679= IFCQUANTITYVOLUME('GrossVolume',$,$,0.00105);
#1680= IFCELEMENTQUANTITY('0Cj6NFuy9AOv8iXGewcw3Y',#5,'BaseQuantities',$,$,(#1674,#1675,#1676,#1677,#1678,#1679));
#1681= IFCCOLOURRGB('Light Blue',0.23921568627451,0.,0.63921568627451);
#1682= IFCSURFACESTYLERENDERING(#1681,0.,$,$,$,$,IFCNORMALISEDRATIOMEASURE(0.00390625),IFCSPECULAREXPONENT(10.),.NOTDEFINED.);
#1683= IFCSURFACESTYLE('STEEL/S275',.POSITIVE.,(#1682));
#1684= IFCPRESENTATIONSTYLEASSIGNMENT((#1683));
#1685= IFCCARTESIANPOINT((0.,-9.99999999999272,7.27595761418343E-12));
#1686= IFCCARTESIANPOINT((0.,-9.99999999958345,469.999999999673));
#1687= IFCCARTESIANPOINT((0.,10.000000000402,469.999999999654));
#1688= IFCCARTESIANPOINT((0.,9.99999999999272,-1.09139364212751E-11));
#1689= IFCPOLYLOOP((#1685,#1686,#1687,#1688));
#1690= IFCFACEOUTERBOUND(#1689,.T.);
#1691= IFCFACE((#1690));
#1692= IFCCARTESIANPOINT((350.,-9.99999999958345,469.999999999673));
#1693= IFCCARTESIANPOINT((350.,10.000000000402,469.999999999654));
#1694= IFCPOLYLOOP((#1686,#1692,#1693,#1687));
#1695= IFCFACEOUTERBOUND(#1694,.T.);
#1696= IFCFACE((#1695));
#1697= IFCCARTESIANPOINT((350.,-9.99999999999272,7.27595761418343E-12));
#1698= IFCCARTESIANPOINT((350.,9.99999999999272,-1.09139364212751E-11));
#1699= IFCPOLYLOOP((#1692,#1697,#1698,#1693));
#1700= IFCFACEOUTERBOUND(#1699,.T.);
#1701= IFCFACE((#1700));
#1702= IFCPOLYLOOP((#1697,#1685,#1688,#1698));
#1703= IFCFACEOUTERBOUND(#1702,.T.);
#1704= IFCFACE((#1703));
#1705= IFCPOLYLOOP((#1693,#1698,#1688,#1687));
#1706= IFCFACEOUTERBOUND(#1705,.T.);
#1707= IFCFACE((#1706));
#1708= IFCPOLYLOOP((#1697,#1692,#1686,#1685));
#1709= IFCFACEOUTERBOUND(#1708,.T.);
#1710= IFCFACE((#1709));
#1711= IFCCLOSEDSHELL((#1691,#1696,#1701,#1704,#1707,#1710));
#1712= IFCFACETEDBREP(#1711);
#1713= IFCSTYLEDITEM(#1712,(#1684),$);
#1714= IFCSHAPEREPRESENTATION(#12,'Body','Brep',(#1712));
#1715= IFCPRODUCTDEFINITIONSHAPE($,$,(#1714));
#1716= IFCCARTESIANPOINT((15160.0072755988,29867.9957275183,16989.9268334362));
#1717= IFCAXIS2PLACEMENT3D(#1716,#825,#8);
#1718= IFCLOCALPLACEMENT(#42,#1717);
#1719= IFCPLATE('0BDjdBOJn7QfSDKVJUSdhT',#160,'PLATE-20','PL20*350',$,#1718,#1715,'ID0b36d9cb-613c-476a-970d-51f4de727add');
#1720= IFCPLATETYPE('30fhr_3tzFxuZ0_hzDbyld',#5,'PL20*350',$,$,$,$,$,$,.NOTDEFINED.);
#1721= IFCPROPERTYSINGLEVALUE('Preliminary mark',$,IFCLABEL('5-2-P27'),$);
#1722= IFCPROPERTYSINGLEVALUE('Class',$,IFCLABEL('14'),$);
#1723= IFCPROPERTYSET('3O1poyGlL1ABHfhU7XDSuk',#5,'Tekla Common','Common Properties to Shared building elements',(#1214,#1319,#1100,#1721,#1102,#1722));
#1724= IFCPROPERTYSINGLEVALUE('Weight',$,IFCMASSMEASURE(25.83),$);
#1725= IFCPROPERTYSINGLEVALUE('Volume',$,IFCVOLUMEMEASURE(0.003),$);
#1726= IFCPROPERTYSINGLEVALUE('Gross footprint area',$,IFCAREAMEASURE(0.007),$);
#1727= IFCPROPERTYSINGLEVALUE('Area per tons',$,IFCAREAMEASURE(14.009),$);
#1728= IFCPROPERTYSINGLEVALUE('Net surface area',$,IFCAREAMEASURE(0.362),$);
#1729= IFCPROPERTYSINGLEVALUE('Height',$,IFCLENGTHMEASURE(350.),$);
#1730= IFCPROPERTYSINGLEVALUE('Width',$,IFCLENGTHMEASURE(20.),$);
#1731= IFCPROPERTYSINGLEVALUE('Length',$,IFCLENGTHMEASURE(470.),$);
#1732= IFCPROPERTYSET('3whFmlJgTCtv0QetNfKDse',#5,'Tekla Quantity','Quantity Properties to Shared building elements',(#1724,#1725,#1726,#1727,#1728,#1729,#1730,#1731));
#1733= IFCPROPERTYSINGLEVALUE('Reference',$,IFCIDENTIFIER('5-2-P27'),$);
#1734= IFCPROPERTYSET('2tISkVqfb6uuL5lNBn3YwV',#5,'Pset_PlateCommon','Common Properties to plate elements',(#1114,#1733));
#1735= IFCQUANTITYLENGTH('Width',$,$,350.);
#1736= IFCQUANTITYAREA('NetArea',$,$,0.3618);
#1737= IFCQUANTITYAREA('GrossArea',$,$,0.164499999999765);
#1738= IFCQUANTITYAREA('CrossSectionArea',$,$,0.0004);
#1739= IFCQUANTITYVOLUME('NetVolume',$,$,0.00329);
#1740= IFCQUANTITYVOLUME('GrossVolume',$,$,0.00329);
#1741= IFCELEMENTQUANTITY('0Q0lYKu_P5MAh2cJUAQNSK',#5,'BaseQuantities',$,$,(#1735,#1736,#1737,#1738,#1739,#1740));
#1742= IFCCARTESIANPOINT((2.27810232900083E-08,-4.99999999954525,229.999999999662));
#1743= IFCCARTESIANPOINT((2.27664713747799E-08,5.00000000045111,229.999999999673));
#1744= IFCPOLYLOOP((#1238,#1742,#1743,#1241));
#1745= IFCFACEOUTERBOUND(#1744,.T.);
#1746= IFCFACE((#1745));
#1747= IFCCARTESIANPOINT((80.7581544498644,-4.99999999938518,229.999999999665));
#1748= IFCCARTESIANPOINT((77.4283038122121,5.00000000060027,229.999999999673));
#1749= IFCPOLYLOOP((#1743,#1742,#1747,#1748));
#1750= IFCFACEOUTERBOUND(#1749,.T.);
#1751= IFCFACE((#1750));
#1752= IFCCARTESIANPOINT((77.4283037838977,5.00000000016007,1.81898940354586E-11));
#1753= IFCPOLYLOOP((#1241,#1743,#1748,#1752));
#1754= IFCFACEOUTERBOUND(#1753,.T.);
#1755= IFCFACE((#1754));
#1756= IFCCARTESIANPOINT((80.75815442155,-4.99999999982901,1.09139364212751E-11));
#1757= IFCPOLYLOOP((#1238,#1241,#1752,#1756));
#1758= IFCFACEOUTERBOUND(#1757,.T.);
#1759= IFCFACE((#1758));
#1760= IFCPOLYLOOP((#1742,#1238,#1756,#1747));
#1761= IFCFACEOUTERBOUND(#1760,.T.);
#1762= IFCFACE((#1761));
#1763= IFCPOLYLOOP((#1752,#1748,#1747,#1756));
#1764= IFCFACEOUTERBOUND(#1763,.T.);
#1765= IFCFACE((#1764));
#1766= IFCCLOSEDSHELL((#1746,#1751,#1755,#1759,#1762,#1765));
#1767= IFCFACETEDBREP(#1766);
#1768= IFCSTYLEDITEM(#1767,(#900),$);
#1769= IFCSHAPEREPRESENTATION(#12,'Body','Brep',(#1767));
#1770= IFCPRODUCTDEFINITIONSHAPE($,$,(#1769));
#1771= IFCCARTESIANPOINT((22244.9655415579,29873.2518742544,16870.3252339994));
#1772= IFCDIRECTION((-6.93211557882023E-06,-3.84898157790303E-11,-0.999999999975973));
#1773= IFCDIRECTION((0.948770652404007,0.31596558213454,-6.57699998193064E-06));
#1774= IFCAXIS2PLACEMENT3D(#1771,#1772,#1773);
#1775= IFCLOCALPLACEMENT(#42,#1774);
#1776= IFCPLATE('2k$7ffDfD4kvqG2MiXRk9j',#409,'PLATE-10','PL10*80.8',$,#1775,#1770,'IDaefc7a69-3693-44bb-9d10-096b216ee26d');
#1777= IFCPLATETYPE('2Nj9Hxg2f3EPbjPIJXmM1e',#5,'PL10*80.8',$,$,$,$,$,$,.NOTDEFINED.);
#1778= IFCPROPERTYSINGLEVALUE('Preliminary mark',$,IFCLABEL('5-2-P111'),$);
#1779= IFCPROPERTYSET('0$GaARGCnC$OsPFOdlttof',#5,'Tekla Common','Common Properties to Shared building elements',(#1549,#1550,#1100,#1778,#1102,#1103));
#1780= IFCPROPERTYSINGLEVALUE('Weight',$,IFCMASSMEASURE(1.43),$);
#1781= IFCPROPERTYSINGLEVALUE('Area per tons',$,IFCAREAMEASURE(29.894),$);
#1782= IFCPROPERTYSINGLEVALUE('Net surface area',$,IFCAREAMEASURE(0.043),$);
#1783= IFCPROPERTYSINGLEVALUE('Height',$,IFCLENGTHMEASURE(80.8),$);
#1784= IFCPROPERTYSET('3FKUxEF$LDNf_e5m0S5DM2',#5,'Tekla Quantity','Quantity Properties to Shared building elements',(#1780,#1106,#1219,#1781,#1782,#1783,#1111,#1556));
#1785= IFCPROPERTYSINGLEVALUE('Reference',$,IFCIDENTIFIER('5-2-P111'),$);
#1786= IFCPROPERTYSET('1XsBF8hIXEX9i7O8XKDt1J',#5,'Pset_PlateCommon','Common Properties to plate elements',(#1114,#1785));
#1787= IFCQUANTITYLENGTH('Width',$,$,80.758154427121);
#1788= IFCQUANTITYAREA('NetArea',$,$,0.0426889096577528);
#1789= IFCQUANTITYAREA('GrossArea',$,$,0.0185743755188362);
#1790= IFCQUANTITYVOLUME('NetVolume',$,$,0.000181914426942545);
#1791= IFCQUANTITYVOLUME('GrossVolume',$,$,0.000197478369877628);
#1792= IFCELEMENTQUANTITY('0P9Fcfk7v2t9uVdozxT6zs',#5,'BaseQuantities',$,$,(#1787,#1788,#1789,#1120,#1790,#1791));
#1793= IFCCARTESIANPOINT((183.490005493237,-5.,229.999999999676));
#1794= IFCCARTESIANPOINT((183.490005493237,5.,229.999999999676));
#1795= IFCPOLYLOOP((#1742,#1793,#1794,#1743));
#1796= IFCFACEOUTERBOUND(#1795,.T.);
#1797= IFCFACE((#1796));
#1798= IFCCARTESIANPOINT((183.490005493037,-5.,-3.45607986673713E-10));
#1799= IFCCARTESIANPOINT((183.490005493037,5.,-3.45607986673713E-10));
#1800= IFCPOLYLOOP((#1793,#1798,#1799,#1794));
#1801= IFCFACEOUTERBOUND(#1800,.T.);
#1802= IFCFACE((#1801));
#1803= IFCPOLYLOOP((#1798,#1238,#1241,#1799));
#1804= IFCFACEOUTERBOUND(#1803,.T.);
#1805= IFCFACE((#1804));
#1806= IFCPOLYLOOP((#1794,#1799,#1241,#1743));
#1807= IFCFACEOUTERBOUND(#1806,.T.);
#1808= IFCFACE((#1807));
#1809= IFCPOLYLOOP((#1798,#1793,#1742,#1238));
#1810= IFCFACEOUTERBOUND(#1809,.T.);
#1811= IFCFACE((#1810));
#1812= IFCCLOSEDSHELL((#1746,#1797,#1802,#1805,#1808,#1811));
#1813= IFCFACETEDBREP(#1812);
#1814= IFCSTYLEDITEM(#1813,(#900),$);
#1815= IFCSHAPEREPRESENTATION(#12,'Body','Brep',(#1813));
#1816= IFCPRODUCTDEFINITIONSHAPE($,$,(#1815));
#1817= IFCCARTESIANPOINT((22328.50441935,29898.2125378188,16870.3300320654));
#1818= IFCAXIS2PLACEMENT3D(#1817,#825,#1093);
#1819= IFCLOCALPLACEMENT(#42,#1818);
#1820= IFCPLATE('3zjfQFu91AkB7USU331JtG',#409,'PLATE-10','PL10*183.5',$,#1819,#1816,'IDfdb6968f-e090-4ab8-b1de-71e0c3053dd0');
#1821= IFCPLATETYPE('3kWQA6_M93kgA54IGq91zW',#5,'PL10*183.5',$,$,$,$,$,$,.NOTDEFINED.);
#1822= IFCPROPERTYSINGLEVALUE('Preliminary mark',$,IFCLABEL('5-2-P100'),$);
#1823= IFCPROPERTYSET('2jXIlToJ1AfeNtMZo7Niaa',#5,'Tekla Common','Common Properties to Shared building elements',(#1549,#1550,#1100,#1822,#1102,#1103));
#1824= IFCPROPERTYSINGLEVALUE('Gross footprint area',$,IFCAREAMEASURE(0.002),$);
#1825= IFCPROPERTYSINGLEVALUE('Area per tons',$,IFCAREAMEASURE(27.974),$);
#1826= IFCPROPERTYSINGLEVALUE('Net surface area',$,IFCAREAMEASURE(0.093),$);
#1827= IFCPROPERTYSINGLEVALUE('Height',$,IFCLENGTHMEASURE(183.5),$);
#1828= IFCPROPERTYSET('1cHgEO3H99OBIk$BVvB3EJ',#5,'Tekla Quantity','Quantity Properties to Shared building elements',(#1371,#1106,#1824,#1825,#1826,#1827,#1111,#1556));
#1829= IFCPROPERTYSINGLEVALUE('Reference',$,IFCIDENTIFIER('5-2-P100'),$);
#1830= IFCPROPERTYSET('2BOh1XXfP7Zec55R7yVwR4',#5,'Pset_PlateCommon','Common Properties to plate elements',(#1114,#1829));
#1831= IFCQUANTITYLENGTH('Width',$,$,183.490005493098);
#1832= IFCQUANTITYAREA('NetArea',$,$,0.0926752026368025);
#1833= IFCQUANTITYAREA('GrossArea',$,$,0.042202701263387);
#1834= IFCQUANTITYVOLUME('NetVolume',$,$,0.000422027012634677);
#1835= IFCQUANTITYVOLUME('GrossVolume',$,$,0.000422027012634677);
#1836= IFCELEMENTQUANTITY('2xgtWsuej5C89BiEaueAK2',#5,'BaseQuantities',$,$,(#1831,#1832,#1833,#1120,#1834,#1835));
#1837= IFCCOLOURRGB('Light Green',0.356862745098039,0.592156862745098,0.137254901960784);
#1838= IFCSURFACESTYLERENDERING(#1837,0.,$,$,$,$,IFCNORMALISEDRATIOMEASURE(0.00390625),IFCSPECULAREXPONENT(10.),.NOTDEFINED.);
#1839= IFCSURFACESTYLE('STEEL/S275',.POSITIVE.,(#1838));
#1840= IFCPRESENTATIONSTYLEASSIGNMENT((#1839));
#1841= IFCCARTESIANPOINT((0.,-3.99999999999636,-3.63797880709171E-12));
#1842= IFCCARTESIANPOINT((-1.09139364212751E-11,-4.00000000019645,229.999999999833));
#1843= IFCCARTESIANPOINT((-1.09139364212751E-11,3.99999999979627,229.99999999984));
#1844= IFCCARTESIANPOINT((0.,3.99999999999636,3.63797880709171E-12));
#1845= IFCPOLYLOOP((#1841,#1842,#1843,#1844));
#1846= IFCFACEOUTERBOUND(#1845,.T.);
#1847= IFCFACE((#1846));
#1848= IFCCARTESIANPOINT((315.113189697266,-4.00000000019645,229.999999999833));
#1849= IFCCARTESIANPOINT((315.113189697266,3.99999999979627,229.99999999984));
#1850= IFCPOLYLOOP((#1842,#1848,#1849,#1843));
#1851= IFCFACEOUTERBOUND(#1850,.T.);
#1852= IFCFACE((#1851));
#1853= IFCCARTESIANPOINT((315.113189697266,-3.99999999999636,-7.27595761418343E-12));
#1854= IFCCARTESIANPOINT((315.113189697266,3.99999999999636,0.));
#1855= IFCPOLYLOOP((#1848,#1853,#1854,#1849));
#1856= IFCFACEOUTERBOUND(#1855,.T.);
#1857= IFCFACE((#1856));
#1858= IFCPOLYLOOP((#1853,#1841,#1844,#1854));
#1859= IFCFACEOUTERBOUND(#1858,.T.);
#1860= IFCFACE((#1859));
#1861= IFCPOLYLOOP((#1849,#1854,#1844,#1843));
#1862= IFCFACEOUTERBOUND(#1861,.T.);
#1863= IFCFACE((#1862));
#1864= IFCPOLYLOOP((#1853,#1848,#1842,#1841));
#1865= IFCFACEOUTERBOUND(#1864,.T.);
#1866= IFCFACE((#1865));
#1867= IFCCLOSEDSHELL((#1847,#1852,#1857,#1860,#1863,#1866));
#1868= IFCFACETEDBREP(#1867);
#1869= IFCSTYLEDITEM(#1868,(#1840),$);
#1870= IFCSHAPEREPRESENTATION(#12,'Body','Brep',(#1868));
#1871= IFCPRODUCTDEFINITIONSHAPE($,$,(#1870));
#1872= IFCCARTESIANPOINT((22323.9871408925,30208.3265687681,16870.3297779867));
#1873= IFCAXIS2PLACEMENT3D(#1872,#825,#824);
#1874= IFCLOCALPLACEMENT(#42,#1873);
#1875= IFCPLATE('2qQucAMRT7le0YLPlh5T2V',#1423,'PLATE-8','PL8*230',$,#1874,#1871,'IDb46b898a-59b7-47be-8022-559beb15d09f');
#1876= IFCPLATETYPE('1jaDCX5tj15fA2Ai4kNPeE',#5,'PL8*230',$,$,$,$,$,$,.NOTDEFINED.);
#1877= IFCPROPERTYSINGLEVALUE('Preliminary mark',$,IFCLABEL('5-2-P75'),$);
#1878= IFCPROPERTYSINGLEVALUE('Class',$,IFCLABEL('17'),$);
#1879= IFCPROPERTYSET('3GIBCdpL19GvDGGBID9Oga',#5,'Tekla Common','Common Properties to Shared building elements',(#1549,#1550,#1100,#1877,#1102,#1878));
#1880= IFCPROPERTYSINGLEVALUE('Weight',$,IFCMASSMEASURE(4.55),$);
#1881= IFCPROPERTYSINGLEVALUE('Gross footprint area',$,IFCAREAMEASURE(0.003),$);
#1882= IFCPROPERTYSINGLEVALUE('Area per tons',$,IFCAREAMEASURE(33.763),$);
#1883= IFCPROPERTYSINGLEVALUE('Net surface area',$,IFCAREAMEASURE(0.154),$);
#1884= IFCPROPERTYSINGLEVALUE('Height',$,IFCLENGTHMEASURE(230.),$);
#1885= IFCPROPERTYSINGLEVALUE('Width',$,IFCLENGTHMEASURE(8.),$);
#1886= IFCPROPERTYSINGLEVALUE('Length',$,IFCLENGTHMEASURE(315.1),$);
#1887= IFCPROPERTYSET('3pgY11Ds17HBGy18ZRgU1I',#5,'Tekla Quantity','Quantity Properties to Shared building elements',(#1880,#1665,#1881,#1882,#1883,#1884,#1885,#1886));
#1888= IFCPROPERTYSINGLEVALUE('Reference',$,IFCIDENTIFIER('5-2-P75'),$);
#1889= IFCPROPERTYSET('1mPhjdn39BKQQwnNGuSPxN',#5,'Pset_PlateCommon','Common Properties to plate elements',(#1114,#1888));
#1890= IFCQUANTITYLENGTH('Width',$,$,230.000000000004);
#1891= IFCQUANTITYAREA('NetArea',$,$,0.153673878295902);
#1892= IFCQUANTITYAREA('GrossArea',$,$,0.0724760336303747);
#1893= IFCQUANTITYAREA('CrossSectionArea',$,$,6.4E-05);
#1894= IFCQUANTITYVOLUME('NetVolume',$,$,0.000579808269042983);
#1895= IFCQUANTITYVOLUME('GrossVolume',$,$,0.000579808269042983);
#1896= IFCELEMENTQUANTITY('1aypcpcKDDrPemzUELBKZk',#5,'BaseQuantities',$,$,(#1890,#1891,#1892,#1893,#1894,#1895));
#1897= IFCSHAPEREPRESENTATION(#12,'Body','Brep',(#1868));
#1898= IFCPRODUCTDEFINITIONSHAPE($,$,(#1897));
#1899= IFCCARTESIANPOINT((22515.9944190668,30207.995727516,16870.3411400886));
#1900= IFCAXIS2PLACEMENT3D(#1899,#825,#824);
#1901= IFCLOCALPLACEMENT(#42,#1900);
#1902= IFCPLATE('3SMTO0OCTCVgcBUwaDMhyP',#1423,'PLATE-8','PL8*230',$,#1901,#1898,'IDdc59d600-60c7-4c7e-a98b-7ba90d5abf19');
#1903= IFCCOLOURRGB('Dark Blue',0.117647058823529,0.262745098039216,0.513725490196078);
#1904= IFCSURFACESTYLERENDERING(#1903,0.,$,$,$,$,IFCNORMALISEDRATIOMEASURE(0.00390625),IFCSPECULAREXPONENT(10.),.NOTDEFINED.);
#1905= IFCSURFACESTYLE('STEEL/S275',.POSITIVE.,(#1904));
#1906= IFCPRESENTATIONSTYLEASSIGNMENT((#1905));
#1907= IFCCARTESIANPOINT((10.0000000001037,124.999999999905,175.));
#1908= IFCCARTESIANPOINT((1.00044417195022E-10,114.99999999992,165.));
#1909= IFCCARTESIANPOINT((-9.82254277914762E-11,-114.99999999992,165.));
#1910= IFCCARTESIANPOINT((9.9999999998854,-124.999999999916,175.));
#1911= IFCPOLYLOOP((#1907,#1908,#1909,#1910));
#1912= IFCFACEOUTERBOUND(#1911,.T.);
#1913= IFCFACE((#1912));
#1914= IFCCARTESIANPOINT((1.00044417195022E-10,114.99999999992,-165.));
#1915= IFCCARTESIANPOINT((10.0000000001037,124.999999999905,-175.));
#1916= IFCCARTESIANPOINT((9.9999999998854,-124.999999999916,-175.));
#1917= IFCCARTESIANPOINT((-9.82254277914762E-11,-114.99999999992,-165.));
#1918= IFCPOLYLOOP((#1914,#1915,#1916,#1917));
#1919= IFCFACEOUTERBOUND(#1918,.T.);
#1920= IFCFACE((#1919));
#1921= IFCPOLYLOOP((#1915,#1914,#1908,#1907));
#1922= IFCFACEOUTERBOUND(#1921,.T.);
#1923= IFCFACE((#1922));
#1924= IFCPOLYLOOP((#1917,#1916,#1910,#1909));
#1925= IFCFACEOUTERBOUND(#1924,.T.);
#1926= IFCFACE((#1925));
#1927= IFCCARTESIANPOINT((6962.62288027125,114.999999993848,-165.));
#1928= IFCCARTESIANPOINT((6931.35716888344,114.999999993874,-165.));
#1929= IFCCARTESIANPOINT((6934.51682469601,114.961280035182,-174.487706191168));
#1930= IFCPOLYLOOP((#1927,#1928,#1929));
#1931= IFCFACEOUTERBOUND(#1930,.T.);
#1932= IFCFACE((#1931));
#1933= IFCCARTESIANPOINT((6931.37169982373,-115.000000005955,-165.));
#1934= IFCCARTESIANPOINT((6934.53135563631,-115.038719505141,-174.487706191168));
#1935= IFCPOLYLOOP((#1929,#1928,#1933,#1934));
#1936= IFCFACEOUTERBOUND(#1935,.T.);
#1937= IFCFACE((#1936));
#1938= IFCCARTESIANPOINT((6962.62288232166,-115.036944738629,-164.99999997866));
#1939= IFCPOLYLOOP((#1938,#1934,#1933));
#1940= IFCFACEOUTERBOUND(#1939,.T.);
#1941= IFCFACE((#1940));
#1942= IFCCARTESIANPOINT((7217.99999995362,114.999999993626,165.));
#1943= IFCCARTESIANPOINT((7217.99999995342,-115.000000006206,165.));
#1944= IFCPOLYLOOP((#1909,#1908,#1942,#1943));
#1945= IFCFACEOUTERBOUND(#1944,.T.);
#1946= IFCFACE((#1945));
#1947= IFCPOLYLOOP((#1914,#1917,#1909,#1908));
#1948= IFCFACEOUTERBOUND(#1947,.T.);
#1949= IFCPOLYLOOP((#1908,#1909,#1917,#1914));
#1950= IFCFACEBOUND(#1949,.T.);
#1951= IFCFACE((#1948,#1950));
#1952= IFCCARTESIANPOINT((7217.99999995341,-125.000000006199,175.));
#1953= IFCCARTESIANPOINT((7217.99999995363,124.999999993623,175.));
#1954= IFCPOLYLOOP((#1952,#1953,#1907,#1910));
#1955= IFCFACEOUTERBOUND(#1954,.T.);
#1956= IFCFACE((#1955));
#1957= IFCCARTESIANPOINT((7217.99999995362,114.999999993626,-149.968325381204));
#1958= IFCCARTESIANPOINT((7217.99999995363,124.999999993623,-149.968325384732));
#1959= IFCCARTESIANPOINT((7217.8879083326,-125.000000006181,-149.968325296511));
#1960= IFCCARTESIANPOINT((7217.99999995342,-115.000000006206,-149.96832530004));
#1961= IFCPOLYLOOP((#1943,#1942,#1957,#1958,#1953,#1952,#1959,#1960));
#1962= IFCFACEOUTERBOUND(#1961,.T.);
#1963= IFCFACE((#1962));
#1964= IFCCARTESIANPOINT((7007.83809299746,114.999999993812,-149.915019066782));
#1965= IFCCARTESIANPOINT((7007.83809299915,124.999999993805,-149.915019070311));
#1966= IFCPOLYLOOP((#1957,#1964,#1965,#1958));
#1967= IFCFACEOUTERBOUND(#1966,.T.);
#1968= IFCFACE((#1967));
#1969= IFCCARTESIANPOINT((6932.8796008082,124.99999999387,-175.));
#1970= IFCPOLYLOOP((#1953,#1958,#1965,#1969,#1915,#1907));
#1971= IFCFACEOUTERBOUND(#1970,.T.);
#1972= IFCFACE((#1971));
#1973= IFCCARTESIANPOINT((6932.87960076614,-125.000000005955,-175.));
#1974= IFCPOLYLOOP((#1969,#1973,#1916,#1915));
#1975= IFCFACEOUTERBOUND(#1974,.T.);
#1976= IFCFACE((#1975));
#1977= IFCCARTESIANPOINT((7007.83809295709,-125.000000006017,-149.91501898209));
#1978= IFCPOLYLOOP((#1973,#1977,#1959,#1952,#1910,#1916));
#1979= IFCFACEOUTERBOUND(#1978,.T.);
#1980= IFCFACE((#1979));
#1981= IFCCARTESIANPOINT((7007.83809295877,-115.000000006024,-149.915018985619));
#1982= IFCPOLYLOOP((#1959,#1977,#1981,#1960));
#1983= IFCFACEOUTERBOUND(#1982,.T.);
#1984= IFCFACE((#1983));
#1985= IFCCARTESIANPOINT((6962.98087045026,-115.000000005984,-164.880564991774));
#1986= IFCPOLYLOOP((#1917,#1909,#1943,#1960,#1981,#1985,#1938,#1933));
#1987= IFCFACEOUTERBOUND(#1986,.T.);
#1988= IFCFACE((#1987));
#1989= IFCPOLYLOOP((#1914,#1917,#1933,#1928));
#1990= IFCFACEOUTERBOUND(#1989,.T.);
#1991= IFCFACE((#1990));
#1992= IFCCARTESIANPOINT((6962.96779493128,114.999999993852,-164.88492742251));
#1993= IFCPOLYLOOP((#1992,#1964,#1957,#1942,#1908,#1914,#1928,#1927));
#1994= IFCFACEOUTERBOUND(#1993,.T.);
#1995= IFCFACE((#1994));
#1996= IFCPOLYLOOP((#1985,#1981,#1977,#1973,#1969,#1965,#1964,#1992,#1927,#1929,#1934,#1938));
#1997= IFCFACEOUTERBOUND(#1996,.T.);
#1998= IFCFACE((#1997));
#1999= IFCCLOSEDSHELL((#1913,#1920,#1923,#1926,#1932,#1937,#1941,#1946,#1951,#1956,#1963,#1968,#1972,#1976,#1980,#1984,#1988,#1991,#1995,#1998));
#2000= IFCFACETEDBREP(#1999);
#2001= IFCSTYLEDITEM(#2000,(#1906),$);
#2002= IFCSHAPEREPRESENTATION(#12,'Body','Brep',(#2000));
#2003= IFCPRODUCTDEFINITIONSHAPE($,$,(#2002));
#2004= IFCCARTESIANPOINT((15312.0204930679,30042.9957275166,16754.9353831999));
#2005= IFCAXIS2PLACEMENT3D(#2004,#8,#1093);
#2006= IFCLOCALPLACEMENT(#42,#2005);
#2007= IFCBEAM('1m93vYb$TAWu1oFw9te_1y',#44,'B2-\S\?\S\Z350x250x10','TUB350X250X10 ',$,#2006,#2003,'ID70243e62-97f7-4a83-8072-3fa277a3e07c');
#2008= IFCBEAMTYPE('343r0WRNn83w7_E7BoawB_',#5,'TUB350X250X10 ',$,$,$,$,$,$,.NOTDEFINED.);
#2009= IFCPROPERTYSINGLEVALUE('Preliminary mark',$,IFCLABEL('5-2-P37'),$);
#2010= IFCPROPERTYSINGLEVALUE('Class',$,IFCLABEL('4'),$);
#2011= IFCPROPERTYSET('0VCicQkn92rQZM46mW2h$I',#5,'Tekla Common','Common Properties to Shared building elements',(#1367,#1421,#1100,#2009,#1102,#2010));
#2012= IFCPROPERTYSINGLEVALUE('Weight',$,IFCMASSMEASURE(650.69),$);
#2013= IFCPROPERTYSINGLEVALUE('Volume',$,IFCVOLUMEMEASURE(0.083),$);
#2014= IFCPROPERTYSINGLEVALUE('Gross footprint area',$,IFCAREAMEASURE(0.),$);
#2015= IFCPROPERTYSINGLEVALUE('Area per tons',$,IFCAREAMEASURE(13.14),$);
#2016= IFCPROPERTYSINGLEVALUE('Net surface area',$,IFCAREAMEASURE(8.55),$);
#2017= IFCPROPERTYSINGLEVALUE('Width',$,IFCLENGTHMEASURE(250.),$);
#2018= IFCPROPERTYSINGLEVALUE('Length',$,IFCLENGTHMEASURE(7218.),$);
#2019= IFCPROPERTYSET('2KvXTSBk90peKKMMQaX9fG',#5,'Tekla Quantity','Quantity Properties to Shared building elements',(#2012,#2013,#2014,#2015,#2016,#1729,#2017,#2018));
#2020= IFCPROPERTYSINGLEVALUE('Reference',$,IFCIDENTIFIER('5-2-P37'),$);
#2021= IFCPROPERTYSET('0xNiW_NKXFTQYIsnlkcJN3',#5,'Pset_BeamCommon','Common Properties to beam elements',(#1114,#2020));
#2022= IFCQUANTITYLENGTH('Length',$,$,7217.99999995867);
#2023= IFCQUANTITYAREA('OuterSurfaceArea',$,$,8.54982628130731);
#2024= IFCQUANTITYVOLUME('NetVolume',$,$,0.0828903114852074);
#2025= IFCQUANTITYWEIGHT('NetWeight',$,$,650.688945158878);
#2026= IFCELEMENTQUANTITY('07oXIYD5r1dBzra_0ICkrg',#5,'BaseQuantities',$,$,(#2022,#2023,#2024,#2025));
#2027= IFCRELAGGREGATES('2MbSPJYVD99uhkv$5vabKU',#5,$,$,#37,(#39));
#2028= IFCRELAGGREGATES('0OB0f_sSD0sQNyk45YeztR',#5,$,$,#39,(#41));
#2029= IFCRELAGGREGATES('3nHqzFxRHBJPFKyTB2M8Cd',#5,$,$,#41,(#43));
#2030= IFCRELCONTAINEDINSPATIALSTRUCTURE('0BPlSOpt18axIJ4nCoW8Ec',#5,$,$,(#2007,#1902,#1875,#1820,#1776,#1719,#1659,#1615,#1548,#1419,#1365,#1331,#1317,#1237,#1212,#1174,#1152,#1096,#896,#889,#882,#875,#868,#861,#854,#847,#840,#828,#408,#400,#393,#383,#304,#297,#290,#283,#276,#267,#258,#242,#159,#133),#43);
#2031= IFCRELDEFINESBYPROPERTIES('31hDfZITv31wNrbu_KRJDG',#5,$,$,(#159,#133),#151);
#2032= IFCRELDEFINESBYPROPERTIES('2f6UuFeuHEawjdKJvxZEpM',#5,$,$,(#304,#297,#290,#283,#276,#267,#258,#242),#248);
#2033= IFCRELDEFINESBYPROPERTIES('2SAXVm7W10igzTyu7ljcDj',#5,$,$,(#408,#400,#393,#383),#385);
#2034= IFCRELDEFINESBYPROPERTIES('2o923OyCj0bOgEGkCvV5tq',#5,$,$,(#896,#889,#882,#875,#868,#861,#854,#847,#840,#828),#833);
#2035= IFCRELDEFINESBYPROPERTIES('06Mr$R1jj0awMvsUAOvXbP',#5,$,$,(#1096),#1104);
#2036= IFCRELDEFINESBYPROPERTIES('2ubmXlGGPDk8PjaAuB8Kfs',#5,$,$,(#1096),#1113);
#2037= IFCRELDEFINESBYPROPERTIES('1$0vZbhO17S86l$cmkTnHY',#5,$,$,(#1096),#1116);
#2038= IFCRELDEFINESBYPROPERTIES('3urYki9N12Ze4$UALBtei$',#5,$,$,(#1096),#1123);
#2039= IFCRELDEFINESBYPROPERTIES('0u1A5sFaX9qeR6RcX$HzVA',#5,$,$,(#1174,#1152),#1155);
#2040= IFCRELDEFINESBYPROPERTIES('0MSVpwz397ygg0DU8rRoO8',#5,$,$,(#1174,#1152),#1160);
#2041= IFCRELDEFINESBYPROPERTIES('141Gm_fUT1eQMV_p8KReos',#5,$,$,(#1174,#1152),#1162);
#2042= IFCRELDEFINESBYPROPERTIES('0KOBHwqsX1eOfuQcC8YFwV',#5,$,$,(#1174,#1152),#1168);
#2043= IFCRELDEFINESBYPROPERTIES('0MyC$aG0j5YxH0DLob9UDx',#5,$,$,(#1237,#1212),#1217);
#2044= IFCRELDEFINESBYPROPERTIES('1xx05BAJzByQnr8rCPx4fP',#5,$,$,(#1331,#1317,#1237,#1212),#1223);
#2045= IFCRELDEFINESBYPROPERTIES('00Dc$Vvjf6ifGnAJ4G2HCp',#5,$,$,(#1331,#1317,#1237,#1212),#1225);
#2046= IFCRELDEFINESBYPROPERTIES('0WeEGjTmTAkP48YLVwRxsC',#5,$,$,(#1237,#1212),#1231);
#2047= IFCRELDEFINESBYPROPERTIES('16rWAGNOnCHugMKMxjPy5N',#5,$,$,(#1331,#1317),#1320);
#2048= IFCRELDEFINESBYPROPERTIES('1UNi7ieVfBZfZRN6OeGvrG',#5,$,$,(#1331,#1317),#1325);
#2049= IFCRELDEFINESBYPROPERTIES('0R9WNTnHXE7A6J0GfIkPdc',#5,$,$,(#1365),#1370);
#2050= IFCRELDEFINESBYPROPERTIES('2Fn1KLpCP7lhKZhFFlH0wi',#5,$,$,(#1419,#1365),#1377);
#2051= IFCRELDEFINESBYPROPERTIES('0IVA4DIizD1vg8uPsWciuj',#5,$,$,(#1419,#1365),#1379);
#2052= IFCRELDEFINESBYPROPERTIES('03C8BxEljDCgbBFHRQiIHK',#5,$,$,(#1419,#1365),#1385);
#2053= IFCRELDEFINESBYPROPERTIES('0ZaNZXA8HE4wgh7HD24yBL',#5,$,$,(#1419),#1422);
#2054= IFCRELDEFINESBYPROPERTIES('0vkH7MDC5Azffge5y25WjQ',#5,$,$,(#1615,#1548),#1552);
#2055= IFCRELDEFINESBYPROPERTIES('1WKIu7JdrEW8wIA8cRSwBv',#5,$,$,(#1615,#1548),#1557);
#2056= IFCRELDEFINESBYPROPERTIES('1d4aHxKzLFaQ_JQujW2vmb',#5,$,$,(#1615,#1548),#1559);
#2057= IFCRELDEFINESBYPROPERTIES('0OvK_4AKXB59lE7iOj_Sjy',#5,$,$,(#1548),#1565);
#2058= IFCRELDEFINESBYPROPERTIES('2ZpRlNAU5AmAymjCYWqIHC',#5,$,$,(#1615),#1620);
#2059= IFCRELDEFINESBYPROPERTIES('1wgYOqrSP9HB9zWL3AC2$8',#5,$,$,(#1659),#1663);
#2060= IFCRELDEFINESBYPROPERTIES('1GMMxTsGfC5e7kX2kag5uj',#5,$,$,(#1659),#1671);
#2061= IFCRELDEFINESBYPROPERTIES('2ILDm4c$r4fx1Q14xRWSnA',#5,$,$,(#1659),#1673);
#2062= IFCRELDEFINESBYPROPERTIES('3NDpH8JBH1M91CGuCkl$lu',#5,$,$,(#1659),#1680);
#2063= IFCRELDEFINESBYPROPERTIES('2FKX8$Bkf7L9gtma1QTZyo',#5,$,$,(#1719),#1723);
#2064= IFCRELDEFINESBYPROPERTIES('3UlBc6$7L2sup8lesoeSrm',#5,$,$,(#1719),#1732);
#2065= IFCRELDEFINESBYPROPERTIES('1VtRi95iL4NB3UXyxoZGjw',#5,$,$,(#1719),#1734);
#2066= IFCRELDEFINESBYPROPERTIES('3p4hUsjUbEaON41xbEtH3S',#5,$,$,(#1719),#1741);
#2067= IFCRELDEFINESBYPROPERTIES('3quFt$sZvBMR2YhzawqsOc',#5,$,$,(#1776),#1779);
#2068= IFCRELDEFINESBYPROPERTIES('2LQc8cg1LAjAsNQYjUHL1q',#5,$,$,(#1776),#1784);
#2069= IFCRELDEFINESBYPROPERTIES('1VzVsBMBXDYxGANVw2EVzC',#5,$,$,(#1776),#1786);
#2070= IFCRELDEFINESBYPROPERTIES('0FmwAqKpPEDOsLk7VsMJIZ',#5,$,$,(#1776),#1792);
#2071= IFCRELDEFINESBYPROPERTIES('0xx5AZUrP42ABYgr_jDml8',#5,$,$,(#1820),#1823);
#2072= IFCRELDEFINESBYPROPERTIES('2VGempxIj5rR5H1P$XYRCP',#5,$,$,(#1820),#1828);
#2073= IFCRELDEFINESBYPROPERTIES('2_O5_GOBf6xQ3c0RKa35mM',#5,$,$,(#1820),#1830);
#2074= IFCRELDEFINESBYPROPERTIES('32rYjEZefCPOWrP3asV3kg',#5,$,$,(#1820),#1836);
#2075= IFCRELDEFINESBYPROPERTIES('2QVaXKm9b2hAv3v3a8KDwF',#5,$,$,(#1902,#1875),#1879);
#2076= IFCRELDEFINESBYPROPERTIES('2693sM1W1DwPj2UX93bUKH',#5,$,$,(#1902,#1875),#1887);
#2077= IFCRELDEFINESBYPROPERTIES('19pQOosw12Yfmn9drkOi1t',#5,$,$,(#1902,#1875),#1889);
#2078= IFCRELDEFINESBYPROPERTIES('1kQXH5h9PCBf$RJc2FNsgx',#5,$,$,(#1902,#1875),#1896);
#2079= IFCRELDEFINESBYPROPERTIES('0WmnYK3ZP8_PPzgXe2vbbi',#5,$,$,(#2007),#2011);
#2080= IFCRELDEFINESBYPROPERTIES('2laUyFL2DBtAOU9x0Tyof5',#5,$,$,(#2007),#2019);
#2081= IFCRELDEFINESBYPROPERTIES('374EEby6D6y8uPDghGN0uI',#5,$,$,(#2007),#2021);
#2082= IFCRELDEFINESBYPROPERTIES('2inieuZTz5a8z$oRYqqmzE',#5,$,$,(#2007),#2026);
#2083= IFCRELDEFINESBYTYPE('2LE8uGz3LDhwW_oBQ9C9qZ',#5,$,$,(#896,#889,#882,#875,#868,#861,#854,#847,#840,#828,#408,#400,#393,#383,#304,#297,#290,#283,#276,#267,#258,#242,#159,#133),#134);
#2084= IFCRELDEFINESBYTYPE('2CM1oB0MP1Ch4wFPPHRiVp',#5,$,$,(#1096),#1097);
#2085= IFCRELDEFINESBYTYPE('3MET7zAQr5kwkDHdOBsbdI',#5,$,$,(#1174,#1152),#1153);
#2086= IFCRELDEFINESBYTYPE('3W7QEk$Cz60vwu$Qixod8z',#5,$,$,(#1331,#1317,#1237,#1212),#1213);
#2087= IFCRELDEFINESBYTYPE('0G9DBm5yX3ggBQCELesWzj',#5,$,$,(#1615,#1548,#1419,#1365),#1366);
#2088= IFCRELDEFINESBYTYPE('3niEza5gH2WApHdai7mPVt',#5,$,$,(#1659),#1660);
#2089= IFCRELDEFINESBYTYPE('0QPf8WZ158DwpY53OYl0e7',#5,$,$,(#1719),#1720);
#2090= IFCRELDEFINESBYTYPE('29gr88_4X0_g0_D0RuwRH$',#5,$,$,(#1776),#1777);
#2091= IFCRELDEFINESBYTYPE('08QljHfJz7P8cEBbnQnyxu',#5,$,$,(#1820),#1821);
#2092= IFCRELDEFINESBYTYPE('2OQd_ezaf66xa7FQP1CbbK',#5,$,$,(#1902,#1875),#1876);
#2093= IFCRELDEFINESBYTYPE('1C61iEZ$bDrxUer_CRtJb6',#5,$,$,(#2007),#2008);
#2094= IFCRELASSOCIATESMATERIAL('0GGsg_0MbCtRxAzFy2z5Km',#5,$,$,(#896,#889,#882,#875,#868,#861,#854,#847,#840,#828,#159,#133),#152);
#2095= IFCRELASSOCIATESMATERIAL('017YJpxp9FwP2wlc17SIBu',#5,$,$,(#408,#400,#393,#383,#304,#297,#290,#283,#276,#267,#258,#242),#249);
#2096= IFCRELASSOCIATESMATERIAL('0mLbrLT6f2kQkvzGkxORja',#5,$,$,(#2007,#1902,#1875,#1820,#1776,#1719,#1659,#1615,#1548,#1419,#1365,#1331,#1317,#1237,#1212,#1174,#1152,#1096),#1124);
#2097= IFCPRESENTATIONLAYERASSIGNMENT('BoltArray',$,(#126,#154,#235,#251,#260,#269,#278,#285,#292,#299,#377,#387,#395,#402,#821,#835,#842,#849,#856,#863,#870,#877,#884,#891),$);
#2098= IFCPRESENTATIONLAYERASSIGNMENT('PLATE-10',$,(#1090,#1147,#1169,#1207,#1232,#1312,#1326,#1360,#1414,#1543,#1610,#1769,#1815),$);
#2099= IFCPRESENTATIONLAYERASSIGNMENT('PLATE-12',$,(#1654),$);
#2100= IFCPRESENTATIONLAYERASSIGNMENT('PLATE-20',$,(#1714),$);
#2101= IFCPRESENTATIONLAYERASSIGNMENT('PLATE-8',$,(#1870,#1897),$);
#2102= IFCPRESENTATIONLAYERASSIGNMENT('B2-\S\?\S\Z350x250x10',$,(#2002),$);
ENDSEC;

END-ISO-10303-21;
